#CODE;ENGLISH;FRENCH;GERMAN;;SPANISH;;;;;;;;;x
BM_CENTURY_OF_BLOOD;Century of Blood;;;;;;;;;;;;;x
BM_CENTURY_OF_BLOOD_DESC;The Valyrian Freehold has collapsed. A Doom has befallen the peninsula that means Valyria is now gone and the Freehold destroyed. It is said that the fire and smoke was so hot that even the dragons have been consumed. The destruction of Valyria has strongly reduced the number of dragonlords left in the known world: House Targaryen had already relocated to Dragonstone, some other dragonslords, those who had not been in Valyria when the Doom occurred, have survived as well.\nThe destruction of Valyria has left a power vacuum in Essos. Aurion, a dragonlord who had been visiting Qohor, has proclaimed himself the first Emperor of Valyria and raised forces from the Qohorik. Volantis, the mightiest of the nine Free Cities, has laid claim to Valyria's empire. Meanwhile, there are rumours of Dothraki riding out of the east...;;;;;;;;;;;;;x
;;;;;;;;;;;;;;x
BM_HARDHAND;Harwyn Hardhand;;;;;;;;;;;;;x
BM_HARDHAND_DESC;With the passing of his father King Qhorwyn Hoare, Harwyn known as the Hardhand has returned from a tour of the Free Cities to claim the Seastone Chair.  Not the cautious man that his father was, Harwyn looks at the green lands where the river lords chafe under the rule of the Storm Kings.;;;;;;;;;;;;;x
;;;;;;;;;;;;;;x
BM_SARNOR;Fall of Sarnor;;;;;;;;;;;;;x
BM_SARNOR_DESC;For too long the Tall Men of Sarnor ignored the threat posed by the Dothraki Khals.  As city after city was pillaged and razed to the ground the Tall Men hid behind their walls.  Now finally united behing High King Mazor Alexi, the men of Sarnor prepare their final stand against the horse lords.;;;;;;;;;;;;;x
;;;;;;;;;;;;;;x
BM_SEVEN_KINGDOMS;The Bleeding Years;Les Années Sanglantes;;;El Siglo Sangriento;;;;;;;;;x
BM_SEVEN_KINGDOMS_DESC;Before the Conquest seven kings ruled in Westeros, each struggling for power and supremacy over the other. Can you emulate Aegon Targaryen and unite all of Westeros under one King?;Avant la Conquête, sept rois gouvernaient Westeros, chacun luttant pour dominer les autres. Pouvez-vous imiter Aegon Targaryen et unir tout Westeros sous un seul et même Roi?;;;Antes de la Conquista, siete reyes gobernaban en Poniente, cada uno luchando por dominar a los demás. Podrás imitar a Aegon Targaryen y unificar todo Poniente bajo un mismo Reino?;;;;;;;;;x
;;;;;;;;;;;;;;x
BM_AEGONS_LANDING;War of Conquest;Guerre de Conquête;;;Guerra de la Conquista;;;;;;;;;x
BM_AEGONS_LANDING_DESC;Aegon Targaryen and his sisters have landed at the mouth of the Blackwater, armed with three mighty dragons. Argilac the Arrogant has spurned Aegon's offer of a marriage between his friend Orys and Argilac's daughter, sending back the hands of Aegon's envoy. As a consequence Aegon has vowed to conquer the Seven Kingdoms, proclaiming 'There will be only one King'.;"Aegon Targaryen et ses soeurs ont débarqué à l'embouchure de la Néra avec trois puissants dragons. Argilac l'Arrogant a rejeté l'offre de mariage d'Aegon entre son ami Orys et la fille du Roi de l'Orage, renvoyant les mains des émissaires d'Aegon. En retour, Aegon a juré de conquérir les Sept Couronnes proclamant qu'il n'y aurait ""plus qu'un Roi"". ";;;Aegon Targaryen y sus hermanas desembarcaron en la costa de la Bahía del Aguasnegras con tres dragones. Argilac el Arrogante rechazó la oferta de matrimonio de Aegon entre su amigo Orys y la hija del Rey de la Tormenta, devolviéndole las manos del emisario de Aegon. A cambio, Aegon juró conquistar los Siete Reinos proclamando que no habrá 'más que un rey'. ;;;;;;;;;x
BM_AEGONS_LANDING_ERA;War of Conquest;Guerre de Conquête;;;Guerra de la Conquista;;;;;;;;;x
BM_AEGONS_LANDING_ERA_INFO;Aegon Targaryen and his sisters have landed at the mouth of the Blackwater, armed with three mighty dragons. Argilac the Arrogant has spurned Aegon's offer of a marriage between his friend Orys and Argilac's daughter, sending back the hands of Aegon's envoy. As a consequence Aegon has vowed to conquer the Seven Kingdoms, proclaiming 'There will be only one King'.;"Aegon Targaryen et ses soeurs ont débarqué à l'embouchure de la Néra avec trois puissants dragons. Argilac l'Arrogant a rejeté l'offre de mariage d'Aegon entre son ami Orys et la fille du Roi de l'Orage, renvoyant les mains des émissaires d'Aegon. En retour, Aegon a juré de conquérir les Sept Couronnes proclamant qu'il n'y aurait ""plus qu'un Roi"". ";;;Aegon Targaryen y sus hermanas desembarcaron en la costa de la Bahía del Aguasnegras con tres dragones. Argilac el Arrogante rechazó la oferta de matrimonio de Aegon entre su amigo Orys y la hija del Rey de la Tormenta, devolviéndole las manos del emisario de Aegon. A cambio, Aegon juró conquistar los Siete Reinos proclamando que no habrá 'más que un rey'. ;;;;;;;;;x
ERA_CHAR_NAME_77000;Aegon the Conqueror;Aegon le Conquérant;;;Aegon el Conquistador;;;;;;;;;x
ERA_CHAR_INFO_77000;Aegon of the House Targaryen rules over the island of Dragonstone, once the western most outpost of the Valyrian Freehold, where his family had settled a century before the Doom of Valyria. Along with his sister-wives Visenya and Rhaenys, he rules the islands that guard the entrance to Blackwater Bay. Yet, he is not content with just lording over three rocks in the middle of the sea. He looks west to mainland Westeros, where seven kingdoms vie for dominance. Aegon can break this dominance, however, by forging the Seven Kingdoms into one mighty realm with the fires of his dragons. But there is also the east, Essos, where the remnants of Old Valyria begin a campaign of reconquest into the Free Cities, and he and his dragons are asked to join in the glory of bringing back Old Valyria. Will he revive the old, or start anew?;Aegon de la maison Targaryen, sire de Peyredragon, est le chef de la maison Targaryen, la dernière des grandes familles valyriennes qui dirigeaient le puissant empire de Valyria avant le Fléau. Aujourd'hui Aegon n'est plus que le seigneur d'une petite île et de quelques seigneurs, mais lui et ses soeurs sont les derniers chevaucheurs de dragon. Un avantage qu'il compte bien utiliser pour unifier Westeros sous une seule autorité: la sienne.;;;Aegon Targaryen, Señor de Rocadragón, el dominio más lejano del Feudo Franco de Valyria, en el que su familia se había asentado un siglo antes de la Maldición de Valyria. Junto a sus hermanas-esposas Visenya y Rhaenys, gobierna la islas que guardan la entrada a la Bahía del Aguasnegras. Sin embargo, no se contenta con su señorío de tres rocas en el medio del mar. Al mirar al oeste, ve siete reinos luchando entre ellos y Aegon cree que podría unificar los siete reinos y crear un único reino mediante el fuego de sus dragones. Al mirar al este, ve a los restos de la Antigua Valyria iniciar una campaña de reconquista contra las Ciudades Libres, y le han pedido a él y sus dragones que se unan a ellos para restaurar la gloria de la Antigua Valyria. Restablecerá lo viejo, o iniciará lo nuevo?;;;;;;;;;x
ERA_CHAR_NAME_1544;Argilac the Arrogant;Argilac l'Arrogant;;;Argilac el Arrogante;;;;;;;;;x
ERA_CHAR_INFO_1544;Some years after the defeat of Volantis' 'reborn' Valyrian Freehold, Storm King Argilac Durrandon approached Aegon Targaryen, offering the hand of his only daughter and heir, Princess Argella, intending to set Aegon up as a buffer between his own kingdom and the Ironborn. Aegon had the gall to refuse Argilac's generous offer, instead offering the hand of his friend and champion Orys Baratheon, who was rumored to be his bastard half-brother instead. Angered by this insulting suggestion, Argilac had the hands of Aegon's envoy sent back to him famously stating 'These are the only hands the Bastard shall have of me'. Now Aegon Targaryen aims to conquer the Kingdoms of Westeros, but if he believes the Stormlands to be an easy conquest, he shall be sorely disappointed. He will learn why the words of House Durrandon are 'Ours is the Fury'.;Argilac 'l'Arrogant' de la maison Durrandon, Roi de l'Orage et Sire d'Accalmie, ne règne plus sur les immenses territoires de ses ancêtres mais il est parvenu à enrayer le déclin grâce à son énergie et ses talents de guerrier. Pour renforcer les terres de l'Orage, Argilac a offert la main de sa fille à lord Aegon Targaryen ainsi que les terres qui se trouvent entre le royaume des Orageois et des Fer-nés, mais ce dernier a eu l'audace de refuser cette offre généreuse. Il est même allé jusqu'à proposer le mariage d'Argella avec son ami et champion, Orys Baratheon que l'on dit son demi-frère. Argilac n'a pas hésité à couper les mains de l'ambassadeur déclarant: 'Voici les seules mains que votre bâtard recevra de moi'. Le roi de l'Orage est un homme âgé mais il ne compte pas se rendre sans combattre. Pour sauver son royaume et sa maison, Argilac est décidé à prouver à Aegon que la furie est bien sienne. ;;;Argilac el Arrogante de la casa Durrandon, Rey de la Tomenta y Señor de Bastión de Tormentas, no reina sobre los inmensos territorios de sus ancestros pero logró detener el declive gracias a su energía y sus dotes guerreras. Para reforzar las Tierras de la Tormenta, Argilac ofreció la mano de su hija a Aegon Targaryen así como todas las tierras al este del Ojo de Dioses desde el Tridente hasta el Aguasnegras, pero Aegon tuvo la osadía de rechazar esta generosa oferta y proponer el matrimonio entre Argella y su amigo y escudo juramentado Orys Baratheon, del que se dice que era su mediohermano. Argilac no dudó en cortarle las manos al emisario declarando: 'Estas son las únicas manos que vuestro bastardo obtendrá de mí'. El Rey de la Tormenta es un hombre anciano pero no se rendirá sin luchar. Para salvar su reino y su casa, Argilac está decidido a demostrar a Aegon que 'Nuestra es la Furia'.;;;;;;;;;x
ERA_CHAR_NAME_11566;Harren the Black;Harren le Noir;;;Harren el Negro;;;;;;;;;x
ERA_CHAR_INFO_11566;Harren of the House Hoare, 'The Black', was the last Iron King before Aegon's Conquest, his house having reigned since the coming of the Andals. He was the most feared King in Westeros before the Dragonlord's landing, and possibly the strongest, at least in theory - but his ostensible bannermen in the Riverlands are straining to free themselves from the iron chains of his sigil. Nonetheless, the other greenlander kingdoms look on fearfully at such a power in the midst of the continent. King Harren saw that the Riverlands lack natural defenses and are surrounded by hostile powers. To this end, and to represent the glory of his House, he has spent his reign constructing the greatest castle known to man - Harrenhal is nothing short of a monstrosity, with thick walls and a massive garrison, it is thought that the rest of Westeros could march against it and fail.;Harren dit 'le Noir' de la maison Chenu est probablement le plus puissant souverain de Westeros. Membre de la lignée noire qui gouverne les Iles de Fer depuis la venue des Andals, il est le troisième de sa famille à controler le Conflans. Conscient de la vulnérabilité de la région face aux envahisseurs, de la défiance des seigneurs riverains à son égard et désireux de donner un siège aux Chenu digne de leur puissance, il a passé sa vie à faire construire Harrenhal, le plus grand château jamais vu à Westeros. Le chantier terminé, Harren redevient une menace pour Westeros et, bien à l'abri dans sa puissante forteresse, il ne craint désormais rien ni personne.;;;Harren el Negro, de la casa Hoare es el soberano más poderoso de Poniente, habiendo reinado su casa desde la llegada de los Ándalos las Islas del Hierro, es el tercero de su familia que controla las Tierras de los Ríos. Consciente de la vulnerabilidad de la región frente a los invasores y de la desconfianza de los señores ribereños, se dispuso a conseguir un asiento digno al poder de los Hoare, pasando toda su vida construyendo Harrenhal, el castillo más grande que haya visto Poniente. Con el proyecto terminado, Harren se convierte en una amenaza para Poniente, y al abrigo de su nueva fortaleza, no teme a nada ni nadie.;;;;;;;;;x
ERA_CHAR_NAME_20059;Torrhen I;Torrhen I;;;Torrhen I;;;;;;;;;x
ERA_CHAR_INFO_20059;Torrhen of House Stark, King in the North, boasts a line of descent going back to Brandon the Builder, who according to legend raised their seat of Winterfell and the Wall. Alone of the Kingdoms of the First Men, the Starks preserved their culture and their lands when the Andals came with the Seven-Pointed Star upon their chests. The Starks have ruled the North for nearly eight thousand years as the Kings of Winter...but now the last Dragonlord of Old Valyria has landed upon the shores of Westeros, proclaiming that there will be but one King. Will the long and glorious line of House Stark at long last lose its crown? Or perhaps even its very existence? Only the Wolf King can say what the future of the last Kingdom of the First Men will be.;Torrhen de la maison Stark, roi du Nord et Sire de Winterfell descend d'une des plus anciennes lignées des Premiers Hommes de Westeros. Les Stark sont rois du Nord depuis l'Age des Héros, ils ont réussi à préserver les coutumes des Premiers Hommes contre tous les envahisseurs. Mais du sud arrive les rumeurs de la guerre, du feu et du sang... Torrhen parviendra-t-il à maintenir l'indépendance du Nord ? Voire l'existence de sa famille ?;;;Torrhen de la casa Stark, Rey en el Norte y Señor de Invernalia procede de una de los linajes más antiguos de los Primeros Hombres de Poniente. Los Stark son Reyes en el Norte desde la Edad de los Héroes, y han logrado conservar las costumbres de los Primeros Hombres contra todos los invasores. Pero del sur llegan rumores de guerra, de fuego y sangre... Conseguirá Torrhen mantener la independencia del Norte? O la existencia de su familia?;;;;;;;;;x
ERA_CHAR_NAME_22001;Meria the Yellow Toad;Mariya le Crapeau Jaune;;;Meria el Sapo Amarillo;;;;;;;;;x
ERA_CHAR_INFO_22001;Unbowed. Unbent. Unbroken. These are the words of House Nymeros-Martell, the ruling dynasty of Dorne. Descendants of Mors Martell, the first true Prince of Dorne, and Nymeria, last Queen and savior of the Rhoynar, the Martells guided their people since the Age of Heroes, ruling as Kings of Sunspear, and later as Princes and Princesses of Dorne. Defying generations of Gardener and Durrandon aggression, Dorne has not broken. Now, the self-proclaimed 'Conqueror' Aegon the Dragon intends to do what even the Valyrian Freehold of old could not do. Her senses may be failing and her time running short, but Meria Martell, Princess of Dorne and Protector of the Rhoynar, shall prove this upstart Dragon the meaning of her House's words.;Insoumis, invaincus, intacts', telle est la devise de la maison Nymeros-Martell, la dynastie régnante de Dorne. Descendants de Mors Martell, le premier Prince de Dorne, et de Nymeria, la dernière princesse de Ny Sar qui sauva le peuple rhoynar, les Martell ont défait à plusieurs reprises les troupes des Jardinier et des Durrandon et ont sauvegardé l'indépendance de Dorne. Aujourd'hui c'est Aegon le soi-disant 'Conquérant' qui pense pouvoir briser Dorne. Malgré son âge et  ses infirmités, la princesse Meria compte bien apprendre aux dragons le sens de la devise de sa famille. ;;;Nunca doblegado, Nunca Roto', es el lema de la casa Martell, la dinastía reinante en Dorne. Son los descendientes de Mors Martell, el primer Príncipe de Dorne, y de Nymeria, la última princesa de Ny Sar que salvó al pueblo Rhoynar. Los Martell han derrotado en numerosas ocasiones a las tropas de los Gardener y de los Durrandon y han salvaguardado la independencia de Dorne. Hoy en día, Aegon se proclama 'el Conquistador' y cree que puede hacerse con Dorne. A pesar de su edad y enfermedades, la princesa Meria espera hacer aprender a los dragones el significado del lema de su familia. ;;;;;;;;;x
ERA_CHAR_NAME_8888175;Mern IX;Mern IX;;;Mern IX;;;;;;;;;x
ERA_CHAR_INFO_8888175;King Mern IX of House Gardener descended from the legendary figure Garth 'Greenhand', and ruled over the Reach during the time of Aegon's Conquest. His seat was at Highgarden, the seat of his ancestors for thousands of years. Upon the Targaryen invasion, he gathered the strength of the Reach and marched alongside his ally, the King of the Rock. The Gardener and Lannister armies clashed with Aegon's host at the 'Field of Fire', but when Aegon and his sister-wives met the allied Reach and Rock host atop their dragons, the Gardener line ended in fire with Mern and all his kin roasted alive.;Le roi du Bief Mern IX de la maison Jardinier dit descendre de Garth le Jardinier fils du légendaire Garth Mainverte. Les Jardinier gouvernent le Bief depuis Hautjardin depuis des milliers d'années. Leurs terres sont les plus vastes des royaumes du sud, elles sont aussi les plus riches, les plus peuplées et l'armée des Jardinier passe pour être la plus puissante du continent. Les Jardinier sont fiers de leur ascendance et ils ne comptent pas plier le genou devant le premier des parvenus.;;;El Rey del Dominio Mern IX de la casa gardener dice descender de Garth el Jardinero, el primogénito del legendario Garth Manoverde. Los Gardener gobiernan el Dominio desde Altojardín desde hace miles de años. Sus tierras son la más bastas de los reinos del sur, y también es el reino más rico y más poblado y cuenta con el ejército más poderoso del continente. Los Gardener están orgullosos de su ascendencia y no contemplan doblar la rodilla ante el primero que llegue.;;;;;;;;;x
;;;;;;;;;;;;;;x
BM_FAITH_MILITANT;Faith Militant Uprising;Révolte de la Foi Militante;;;Rebelión de la Fe Militante;;;;;;;;;x
BM_FAITH_MILITANT_DESC;After the death of Aegon the Conqueror and the ascension of his son Aenys to the Iron Throne, the High Septon rose in revolt against this abomination born of incest. Now, many years later, the sickly Aenys has died and his half-brother Maegor the Cruel sits on the Iron Throne and is intent on ending this uprising.;Après la mort d'Aegon le Conquérant et l'accession au trône de son fils Aenys, le Grand Septon s'est révolté contre cette abomination incestueuse. Nous voilà des années plus tard, le fragile Aenys est mort et son demi frère Maegor le Cruel est assis sur le trône de fer et a l'intention de mettre fin à cette révolte.;;;Tras la muerte de Aegon el Conquistador y el ascenso al trono de su hijo Aenys, el gran Septón se rebeló contra esta abominación nacida del incesto. Varios años más tarde, el frágil Aenys murió y su mediohermano Maegor el Cruel se sienta en el Trono de Hierro dispuesto a poner fin a esta revuelta.;;;;;;;;;x
;;;;;;;;;;;;;;x
BM_THE_ROGUE_PRINCE;The Rogue Prince;Le Prince Canaille;;;El Príncipe Pícaro;;;;;;;;;x
BM_THE_ROGUE_PRINCE_DESC;In the early part of Viserys I's reign his chief annoyance was his own brother, Prince Daemon Targaryen. Daemon was mercurial and quick to take offense, but he was daring dashing and dangerous. He was one of his brothers brashest supporters in the Great Council, some say motivated by the belief he would be heir. However Rhaenyra was named heir instead, and now King Viserys has remarried to Lady Alicent Hightower. Seemingly grown tired of waiting for a crown, Daemon is now determined to carve out his own kingdom. In this, he and Corlys Velaryon have made common cause, thanks to the predation of the Three Daughters, or the Triarchy. This fledgling alliance of Lys, Myr and Tyrosh is menacing the trade flowing through The Stepstones, and the Rogue Prince has pledged to stop them.;Dans la première partie de son règne, la plus grande source d'ennuis de Viserys Ier était son frère, le prince Daemon Targaryen. Daemon était un guerrier renommé au caractère bien trempé qui aimait profiter de la vie. Mais il accumulait également les frasques et était prompt à s'offenser. Persuadé d'être l'héritier du royaume, il était le principal soutien de son frère au conseil. Mais c'est désormais Rhaenyra qui est l'héritière désignée du trône de fer, et le roi Viserys s'est remarié à lady Alicent Hightower. Lassé d'attendre une couronne, Demon est maintenant déterminé à se tailler son propre royaume. Pour ce faire il a fait cause commune avec Corlys Velrayon, inquiet des ambitions des Trois Filles, que l'on nomme aussi la Triarchie. Cette jeune alliance entre Lys, Myr et Tyrosh menace le commerce au large des Degrés de Pierre, et le prince canaille a juré de les stopper.;;;En la primera parte de su reinado, la mayor fuente de problemas de Viserys fue su hermano, el príncipe Daemon Targaryen. Daemon era un renombrado guerrero de fuerte carácter al que le gustaba disfrutar de la vida. Fue uno de los hermanos que apoyó a Viserys en el gran Consejo, algunos dicen que creyendo que sería nombrado heredero. Sin embargo, fue Rhaenyra la designada como heredera al Trono de Hierro, y el rey Viserys se volvió a casar con Alicent Hightower. Cansado de esperar por una corona, Daemon está decidido a labrarse su propio reino. Para ello, hizo causa común con Corlys Velaryon, en la Guerra de los Peldaños de Piedra contra las ambiciones del Reino de las Tres Hijas, también llamado La Triarquía. Esta joven alianza entre Lys, Myr y Tyrosh amenaza el comercio a través de los Peldaños de Piedra, y el Príncipe Pícaro ha jurado detenerlos.;;;;;;;;;x
;;;;;;;;;;;;;;x
BM_DANCE_OF_THE_DRAGONS;The Dance of the Dragons;La Danse des Dragons;;;La Danza de los Dragones;;;;;;;;;x
BM_DANCE_OF_THE_DRAGONS_DESC;Upon King Viserys' death in 129AL, the Lord Commander of the Kingsguard, Ser Criston Cole, later called 'the Kingmaker', defies the late King's will that named his daughter Princess Rhaenyra as his heir and instead crowns her younger brother Prince Aegon as King Aegon II. A civil war between Aegon II Targaryen and Rhaenyra Targaryen for control of the Iron Throne erupts, later known as the 'Dance of the Dragons'.;A la mort du roi Viserys en l'an 129, le Lord Commandant de la Garde Royale, ser Criston Cole, que l'on surnomma par la suite le Faiseur de roi, a défié la volonté du défunt en courrant le prince Aegon sous le nom d'Aegon II, à la place de sa soeur Rhaenyra, pourtant héritière désignée par son père. Ainsi débuta la guerre civile entre Aegon II Targaryen et Rhaenyra Targaryen pour le contrôle du Trône de Fer et qui rentrera dans l'histoire sous le nom de 'Danse des Dragons'.;;;A la muerte del rey Viserys en el año 129, el Lord Comandante de la Guardia Real, ser Criston Cole, más tarde apodado el Hacedor de Reyes, ha desafiado la voluntad del difunto rey, que nombró a su hija, la princesa Rhaenyra como su heredera y en su lugar ha coronado a su hermano menor, el príncipe Aegon como Aegon II. Ha comenzado una guerra civil entre Rhaenyra Targaryen y Aegon II Targaryen por el control del Trono de Hierro, más adelante se la conocerá como 'La Danza de los Dragones'.;;;;;;;;;x
BM_DANCE_OF_THE_DRAGONS_ERA;The Dance of the Dragons;La Danse des Dragons;;;La Danza de los Dragones;;;;;;;;;x
BM_DANCE_OF_THE_DRAGONS_ERA_INFO;Upon King Viserys' death in 129AL, the Lord Commander of the Kingsguard, Ser Criston Cole, later called 'the Kingmaker', defies the late King's will that named his daughter Princess Rhaenyra as his heir and instead crowns her younger brother Prince Aegon as King Aegon II. A civil war between Aegon II Targaryen and Rhaenyra Targaryen for control of the Iron Throne erupts, later known as the 'Dance of the Dragons'.;A la mort du roi Viserys en l'an 129, le Lord Commandant de la Garde Royale, ser Criston Cole, que l'on surnomma par la suite le Faiseur de roi, a défié la volonté du défunt en courrant le prince Aegon sous le nom d'Aegon II, à la place de sa soeur Rhaenyra, pourtant héritière désignée par son père. Ainsi débuta la guerre civile entre Aegon II Targaryen et Rhaenyra Targaryen pour le contrôle du Trône de Fer et qui rentrera dans l'histoire sous le nom de 'Danse des Dragons'.;;;A la muerte del rey Viserys en el año 129, el Lord Comandante de la Guardia Real, ser Criston Cole, más tarde apodado el Hacedor de Reyes, ha desafiado la voluntad del difunto rey, que nombró a su hija, la princesa Rhaenyra como su heredera y en su lugar ha coronado a su hermano menor, el príncipe Aegon como Aegon II. Ha comenzado una guerra civil entre Rhaenyra Targaryen y Aegon II Targaryen por el control del Trono de Hierro, más adelante se la conocerá como 'La Danza de los Dragones'.;;;;;;;;;x
ERA_CHAR_NAME_77013;Aegon II;Aegon II;;;Aegon II;;;;;;;;;x
ERA_CHAR_INFO_77013;Born to Queen Consort Alicent Hightower, second wife to the late King Viserys I, Aegon II was second to his elder sister, Rhaenyra Targaryen, in the line of succession. However at the bidding of Kingsguard Commander Criston Cole, Aegon supplanted the crown following his father's death and, supported by the Greens, began the Dance of Dragons.;Fils de la reine Alicent Hightower, seconde femme du défunt roi Viserys Ier, Aegon II venait après sa soeur Rhaenyra Targaryen dans la ligne de succession. Cependant, avec le soutien du lord commandant Cristen Cole et des Verts, il s'empara de la couronne à la mort de son père, provoquant le début de la Danse des Dragons.;;;Hijo de la Reina consorte Alicent Hightower, segunda esposa del difunto rey Viserys I, Aegon II estaba por detrás de su hermana mayor Rhaenyra Targaryen en la línea de sucesión. Sin embargo, con el apoyo del Lord Comandante Criston Cole y de los llamados 'Los Verdes', se apoderó de la corona a la muerte de su padre provocando el inicio de la 'Danza de los Dragones'.;;;;;;;;;x
ERA_CHAR_NAME_77012;Rhaenyra Targaryen;Rhaenyra Targaryen;Rhaenyra Targaryen;Rhaenyra Targaryen;Rhaenyra Targaryen;;;;;;;;;x
ERA_CHAR_INFO_77012;The first and only surviving child of Queen Aemma Arryn, she was named heir to the Throne by her father Viserys I, however a plot began to place her younger brother, Aegon II, on the Throne while she was confined, belly swollen, on Dragonstone. Determined to seize her rightful place, and with the backing of the Blacks, she would take her seat with Fire and Blood.;En tant que seul enfant survivant de la reine Aemma Arryn, Rhaenyra fut désignée comme l'héritière du trône par son père Viserys Ier. Mais à la mort de ce dernier, un groupe de comploteurs parvint à couronner son jeune demi-frère Aegon II. Déterminée à revendiquer ses droits sur le trône et soutenue par les Noirs, Rhaenyra est prête à écraser ses ennemis par le feu et le sang.;;;La primera y única hija superviviente de la Reina Aemma Arryn, Rhaenyra fue designada como la heredera al trono por su padre Viserys I, pero a su muerte un grupo de conspiradores consiguió coronar a su joven mediohermano Aegon II, mientras ella estaba en Rocadragón. Decidida a reclamar sus derechos al Trono de Hierro y apoyada por los llamados 'Los Negros', Rhaenyra está lista para aplastar a sus enemigos al grito de'Fuego y Sangre'.;;;;;;;;;x
ERA_CHAR_NAME_5052178;Jeyne the Maid;Jeyne la Jouvencelle du Val;;;Jeyne la Doncella del Valle;;;;;;;;;x
ERA_CHAR_INFO_5052178;Known as the Maiden of the Vale, Jeyne became the Lady of the Vale at a young age. During the Dance of Dragons, the young Prince Jacaerys Velaryon, set out to the Kingdoms to gather support for his mother Rhaenyra. Spurred by kinship with Jacaerys' mother, she being born of the Queen Consort Aemma Arryn, Jeyne declared the Vale for the Queen. Despite setbacks in the weather that froze the passes south, she kept her word and marshaled a host through Gulltown and joined with the Blacks.;Surnommée la Jouvencelle du Val, Jeyne devint très jeune la dame des Eryié. Durant la Danse des Dragons, le jeune prince Jacaerys Velaryon, fils de Rhaenyra, se rendit aux Eryié et obtint le soutien du Val. ;;;Jeyne Arryn, apodada la Doncella del Valle, fue cabeza de la Casa Arryn y la Señora del Nido de Águilas desde edad muy temprana. Al comienzo de la guerra civil, el príncipe Jacaerys Velaryon voló hacia el norte con su dragón buscando apoyo para su causa.;;;;;;;;;x
ERA_CHAR_NAME_14317;Borros Baratheon;Borros Baratheon;;;Borros Baratheon;;;;;;;;;x
ERA_CHAR_INFO_14317;At the outset of the Dance of Dragons, both the Blacks and Greens sought to bring the Stormlands to their side. But Lord Borros Baratheon dismissed the envoys of them both, until Prince Aemond and Prince Lucerys arrived aback dragons, Aemond on the Balerion spawn Vhagar for the Greens and Lucerys riding the lesser Arrax for the Blacks. The death of Lucerys and his dragon mount, coupled with a marriage promise with one of Aemond's daughters, persuaded Borros to declare the Stormlands for the Greens.;Avant que n'éclatent les hostilités, les Noirs et les Verts cherchèrent à ses gagner le soutien des Terres de l'Orage. La fin tragique du prince Lucerys et de son dragon Arrax, tués par le prince Aemond monté sur Vhagar alors qu'ils rentraient d'Accalmie et la promesse d'un mariage entre une des filles de Borros et Aemond, poussèrent le seigneur de l'orage à choisir le camp d'Aegon II.;;;Al comienzo de la guerra civil entre la princesa Rhaenyra Targaryen y su hermano Aegon, ambos bandos buscaban el apoyo de Lord Borros. El rey Aegon envió a su hermano, el príncipe Aemond, con una propuesta de matrimonio entre éste y alguna de sus cuatro hijas. La princesa Rhaenyra envió a su hijo Lucerys Velaryon con una generosa alianza, pero sin ninguna propuesta de matrimonio. Esto decidió el apoyo de Lord Borros para Aegon II.;;;;;;;;;x
ERA_CHAR_NAME_12285;Ormund Hightower;Ormund Hightower;Ormund Hightower;Ormund Hightower;Ormund Hightower;;;;;;;;;x
ERA_CHAR_INFO_12285;Lord of Hightower and nephew of the King's Hand, Otto. Otto called for the Crowning of Prince Aegon, the surviving son of the first Queen Consort and kinswoman Alicent Hightower, after the death of King Viserys. This decision would devolve into the civil war known as the Dance of Dragons, that divided the Realm between the Blacks, who supported the King's heir Princess Rhaenyra, and the Greens, who fought for the Crowned Prince Aegon II. Ormund led the Reach for his kinsman.;Sire de Grand-Tour et neveu de la main du roi Otto Hightower, lord Ormund soutint ce dernier lorsqu'il couronna le prince Aegon, fils de la reine Alicent Hightower, après la mort du roi Viserys Ier. Cette décision divisa le royaume et le plongea dans une guerre civile entre les Noirs soutenant la princesse Rhaenyra et les Verts partisans d'Aegon II: la Danse des Dragons. Ormund prit la tête des troupes du Bief loyales à Aegon. ;;;Señor de El Faro y sobrino de la Mano del Rey Otto Hightower, apoyó a este último cuando coronó al Príncipe Aegon, hijo de la Reina Alicent Hightower, tras la muerte del Rey Viserys I, lo que desembocó en la Danza de los Dragones. Lord Ormond apoyó al rey Aegon II Targaryen, liderando el ejército de los Verdes. Su escudero era el príncipe Daeron Targaryen y utilizó la espada ancestral de acero valyrio de su casa, Vigilancia.;;;;;;;;;x
ERA_CHAR_NAME_20107;Dalton the Red Kraken;Dalton le Kraken Rouge;;;Dalton el Kraken Rojo;;;;;;;;;x
ERA_CHAR_INFO_20107;Lord of the Iron Islands and Head of House Greyjoy, Lord Dalton was commonly known as the Red Kraken. When the Dance of Dragons began, both of the factions, the Blacks and the Greens, entreated the Red Kraken to join them. The Greens would offer him a place in the Great Council if he could sink the Velaryon Fleet, while the Blacks simply asked him to kill their enemies. One of the Greens was House Lannister however, whose lands sat off the coast of the Islands and its armies were away...;Seigneur des îles de Fer et dirigeant de la maison Greyjoy, lord Dalton était surnommé le Kraken Rouge. Lorsque la Danse des Dragons éclata, les Noirs et les Verts cherchèrent le soutien de Dalton. Les Verts lui offrirent une place au conseil resteint si il venait à couler la flotte Velaryon, tandis que les Noirs lui demandèrent simplement de s'en prendre aux partisans d'Aegon. L'un de ces partisans était le maître de Castral Roc, dont les terres étaient proches et sans défenses...;;;Dalton Greyjoy, Señor de las Islas del Hierro y cabeza de la casa Greyjoy, apodado el Kraken Rojo. Al cominezo de la Danza de los Dragones, los Negros y los Verdes buscaron el apoyo de Dalton. Los Verdes le ofrecieron un cargo en el Consejo como Consejero Naval para así poder contrarrestar el poder naval de la Casa Velaryon, mientras que los Negros apelaron a la sed de sangre del joven Dalton para atraerlo a su bando, ofreciéndole saquear a Los Verdes. Uno de ellos es Roca Casterly, con sus tierras cercanas y sin defensas...;;;;;;;;;x
;;;;;;;;;;;;;;x
BM_CONQUEST_OF_DORNE;The Conquest of Dorne;La Conquête de Dorne;;;La Conquista de Dorne;;;;;;;;;x
#BM_CONQUEST_OF_DORNE_DESC;When Prince Daeron the Young Dragon ascended the Iron Throne in 157 AL, he declared war on the independent Kingdom of Dorne to complete the legacy of his ancestor Aegon the Conqueror and unite all Seven Kingdoms under Targaryen rule. Daeron won the war quickly, a victory that he immortalized in his book Conquest of Dorne: 'The arms of House Martell display the sun and spear, the Dornishman's two favorite weapons, but of the two, the sun is the more deadly.' After the invasion, the Young Dragon left the Lord Paramount of the Reach to rule Dorne in his stead. The proud Dornishmen, although defeated, would neither submit to a Dragon nor a Tyrell. Conspiracies and revolts spread throughout Dorne like wildfire, culminating in the death of Lord Tyrell. His death led to rebellion throughout Dorne and in a fortnight all Daeron had achieved was undone.;Lorsque Daeron le Jeune Dragon monta sur le trône en l’an 157, il déclara de suite la guerre au Royaume indépendant de Dorne pour parachever l’héritage de son ancêtre Aegon le Conquérant et unifier les Sept Couronnes sous le règne Targaryen. Daeron remporta la victoire rapidement et l’immortalisa dans son livre 'La Conquête de Dorne' : 'Les armoiries de la Maison Martell comportent le soleil et la pique, les deux armes favorites des Dorniens, mais, des deux, c’est le soleil qui est la plus mortelle.' Suite à l’invasion, le Jeune Dragon nomma le Seigneur Suzerain du Bief pour régir Dorne. Mais les fiers Dorniens, bien que vaincus, refusaient de se soumettre aussi bien au dragon qu’à un Tyrell. Conspirations et révoltes embrasèrent Dorne, qui culminèrent avec la mort de Lord Tyrell. Son décès marqua le début du soulèvement de Dorne et en l’espace de quinze jours, tout ce que Daeron avait réalisé fut anéanti.;;;Cuando Daeron el joven Dragón, se sentó en el Trono de Hierro en el año 157, declaró la guerra al Reino independiente de Dorne para completar el legado de Aegon el Conquistador y unificar los Siete Reinos bajo el reinado Targaryen. Daeron obtuvo una rápida victoria y la inmortalizó en el libro 'La Conquista de Dorne': 'Las armas de la Casa Martell constan del Sol y la Lanza, las dos armas favoritas de los dornienses, pero, de las dos, es el sol la más mortífera.' Tras la invasión, el joven Dragón nombró al Señor Supremo del Dominio para regir Dorne. Pero los orgullosos dornienses, a pesar de ser derrotados, rechazaron someterse tanto al Dragón como a un Tyrell. Conspiraciones y revueltas estallaron por todo Dorne, culminadas con la muerte de Lord Tyrell. Su muerte marcó el comienzo del levantamiento de Dorne y en tan sólo quince días, todo lo que Daeron consiguió fue destruido.;;;;;;;;;x
BM_CONQUEST_OF_DORNE_DESC;When Prince Daeron the Young Dragon ascended the Iron Throne in 157 AL, he declared war on the independent Kingdom of Dorne to complete the legacy of his ancestor Aegon the Conqueror and unite all Seven Kingdoms under Targaryen rule. Even without the might of a dragon the Targaryen boy believes he can easily succeed where his ancestors did not. Will he be able to unite the Seven Kingdoms or will the harsh deserts of Dorne once again prove to be too great of a foe?;Lorsque Daeron le Jeune Dragon monta sur le trône en l’an 157, il déclara de suite la guerre au Royaume indépendant de Dorne pour parachever l’héritage de son ancêtre Aegon le Conquérant et unifier les Sept Couronnes sous le règne Targaryen. Même sans la puissance des dragons, le jeune Targaryen croit pouvoir réussir là où ses ancêtres ont échoué. Pourra-t-il unir les Sept Couronnes ou le désert dornien se montrera-t-il encore une fois un adversaire coriace et implacable ?;;;Cuando Daeron el joven Dragón, se sentó en el Trono de Hierro en el año 157, declaró la guerra al Reino independiente de Dorne para completar el legado de Aegon el Conquistador y unificar los Siete Reinos bajo el reinado Targaryen. Incluso sin el poder de los dragones, el joven Targaryen cree que tendrá éxito donde sus ancestros fracasaron. Podrá unificar los Siete Reinos o el desierto dorniense se mostrará una vez más como un adversario duro e implacable?;;;;;;;;;x
;;;;;;;;;;;;;;x
BM_BLACKFYRE_REBELLION;Blackfyre Rebellion;La Rébellion Feunoyr;;;La Rebelión Fuegoscuro;;;;;;;;;x
BM_BLACKFYRE_REBELLION_DESC;Westeros is on the brink of civil war as Daemon Blackfyre, the legitimized bastard son of King Aegon IV, has risen in rebellion against his trueborn brother King Daeron II, forcing the lords of Westeros to choose between the Black Dragon and the Red Dragon. Meanwhile, in the North House Stark faces a rebellion led by the dangerous Skagosi and across the Narrow Sea the Free Cities of Braavos and Pentos are at war. It is up to you to decide the fate of the Seven Kingdoms. When you play the Game of Thrones, you either win or you die.;Westeros est au bord de la guerre civile alors que Daemon Feunoyr, le bâtard légitimé du roi Aegon IV, est entré en rébellion contre son frère légitime, le roi Daeron II, forcant ainsi les seigneurs de Westeros à choisir entre le dragon rouge et le dragon noir. Pendant ce temps dans le Nord, la maison Stark doit faire face à une dangereuse rébellion des habitants de Skagos. A vous de décider du sort des Sept Couronnes. Lorsque vous jouez au jeu des trônes, vous gagnez ou mourrez, il n'y a pas d'alternative. ;;;Poniente está al borde de una guerra civil ya que Daemon Fuegoscuro, el bastarde legitimado del Rey Aegon IV, se ha rebelado contra su hermano legítimo, el Rey Daeron II, forzando a los Señores de Poniente a escoger entre el dragón rojo y el dragón negro. Mientras tanto, en el Norte, la casa Stark se enfrenta a una peligrosa rebelión de los habitantes de Skagos y más allá del Mar Angosto, las ciudades libres de Braavos y Pentos están en guerra. Te toca a ti decidir el destino de los Siete Reinos. 'Cuando juegas al Juego de Tronos, o ganas o mueres. No hay término medio';;;;;;;;;x
BM_BLACKFYRE_REBELLION_ERA;Blackfyre Rebellion;La Rébellion Feunoyr;;;La Rebelión Fuegoscuro;;;;;;;;;x
BM_BLACKFYRE_REBELLION_ERA_INFO;Westeros is on the brink of civil war as Daemon Blackfyre, the legitimized bastard son of King Aegon IV, has risen in rebellion against his trueborn brother King Daeron II, forcing the lords of Westeros to choose between the Black Dragon and the Red Dragon. Meanwhile, in the North House Stark faces a rebellion led by the dangerous Skagosi and across the Narrow Sea the Free Cities of Braavos and Pentos are at war. It is up to you to decide the fate of the Seven Kingdoms. When you play the Game of Thrones, you either win or you die.;Westeros est au bord de la guerre civile alors que Daemon Feunoyr, le bâtard légitimé du roi Aegon IV, est entré en rébellion contre son frère légitime, le roi Daeron II, forcant ainsi les seigneurs de Westeros à choisir entre le dragon rouge et le dragon noir. Pendant ce temps dans le Nord, la maison Stark doit faire face à une dangereuse rébellion des habitants de Skagos. A vous de décider du sort des Sept Couronnes. Lorsque vous jouez au jeu des trônes, vous gagnez ou mourrez, il n'y a pas d'alternative. ;;;Poniente está al borde de una guerra civil ya que Daemon Fuegoscuro, el bastarde legitimado del Rey Aegon IV, se ha rebelado contra su hermano legítimo, el Rey Daeron II, forzando a los Señores de Poniente a escoger entre el dragón rojo y el dragón negro. Mientras tanto, en el Norte, la casa Stark se enfrenta a una peligrosa rebelión de los habitantes de Skagos y más allá del Mar Angosto, las ciudades libres de Braavos y Pentos están en guerra. Te toca a ti decidir el destino de los Siete Reinos. 'Cuando juegas al Juego de Tronos, o ganas o mueres. No hay término medio';;;;;;;;;x
ERA_CHAR_NAME_77023;Daeron the Good;Daeron le Bon;;;Daeron el Bueno;;;;;;;;;x
ERA_CHAR_INFO_77023;The eldest son of Aegon the Unworthy, Daeron the Good is rightfully beloved by nobles and commons alike in the Seven Kingdoms. His marriage to Mariah Martell brought peace between Dorne and the Iron Throne, fulfilling the Conqueror’s dream of a united Westeros at last. Yet peace is only ever a dream of spring. Whispers abound that Daeron is not truly the issue of Aegon Targaryen, the new regime’s favoritism towards the Dornish is a thorn in the side of many, and amidst it all a Bitter man whispers in the ear of a sleeping dragon.;Daeron le Bon, fils ainé d'Aegon l'Indigne, est aimé par la noblesse et les peuple des Sept Couronnes. Son mariage avec Mariah Martell a apporté la paix entre Dorne et le trône de fer et parachevé le rêve d'unification Conquérant. Néanmoins certains n'apprécient guère les faveurs qu'il accorde aux Dorniens et des rumeurs remettent en doute sa naissance légitime. Parmi eux un homme amer murmure à l'oreille d'un dragon endormi...;;;Daeron el Bueno, hijo mayor de Aegon el Indigno, es querido tanto por la nobleza como por el pueblo de los Siete Reinos. Su matrimonio con Mariah Martell trajo la paz entre Dorne y el Trono de Hierro y completó el sueño de la unificación de Aegon el Conquistador. Sin embargo, algunos no aprecian las concesiones y favores que otorga a los dornienses y hay rumores que ponen en duda su nacimiento legítimo, entre ellos un hombre amargo que susurra al oído de un dragón dormido...;;;;;;;;;x
ERA_CHAR_NAME_77024;Daemon Blackfyre;Daemon Feunoyr;;;Daemon Fuegoscuro;;;;;;;;;x
ERA_CHAR_INFO_77024;Greatest of the Great Bastards, wielder of the ancestral sword of House Targaryen, and some say Aegon the Conqueror reborn. Daemon Blackfyre is everything his half-brother Daeron is not, and the ideal candidate for those discontent with the current regime. Even their father was believed to have preferred Daemon over Daeron. Now Daemon seeks his supposed birthright, at the urging of his half-brother Aegor Bittersteel and nearly half the realm has rallied to his cause.;Daemon est le plus grand des Grand Bâtards, le propriétaire de l'épée ancestrale de la maison Targaryen et d'après certains la réincarnation d'Aegon le Conquérant. Daemon Feunoyr est tout ce que son demi-frère Daeron n'est pas et est le candidat idéal pour les mécontents du régime. Même leur père semble avoir préféré Daemon à Daeron. Feunoyr veut désormais récupérer ce qu'il pense être son héritage, soutenu en cela par son demi-frère Aegor Aigreacier et presque la moitié du royaume.;;;Daemon es el mayor de los Grandes Bastardos, el propietario de la espada ancestral de la casa Targaryen y según algunos la viva imagen de Aegon el Conquistador. Daemon Fuegoscuro es todo lo que su mediohermano Daeron no es, y es el candidato ideal para los descontentos del régimen. Incluso su padre parece que prefería a Daemon para sucederle que a Daeron. Fuegonegro quiere recuperar lo que cree que es su legado, apoyado por su mediohermano Aegor Aceroamargo y casi la mitad del Reino.;;;;;;;;;x
ERA_CHAR_NAME_77029;Baelor Breakspear;Baelor Briselance;;;Baelor Rompelanzas;;;;;;;;;x
ERA_CHAR_INFO_77029;Baelor, the Prince of Dragonstone, is the the eldest son of and heir to King Daeron II Targaryen. Given the name ‘Breakspear’ in a tourney at age seventeen when he defeated Daemon Blackfyre in the final tilt, he is a skillful warrior much like his uncle. In the prelude to the Blackfyre Rebellion Baelor had advocated leniency towards Daemon Blackfyre but now has accepted the path towards war and prepares to defend his father’s crown.;Baelor, le prince de Pierredragon, est le fils ainé et l'héritier du roi Daeron II Targaryen. Il reçut le surnom de Briselance à l'âge de dix-sept ans lorsqu'il défit Daemon Feunoyr lors de la dernière joute d'un tournoi. Bon combattant et commandant, Baelor est prêt à défendre la couronne de son père face aux prétentions de son oncle. ;;;Baelor, el Príncipe de Rocadragón, es el hijo primogénito del Rey Daeron II Targaryen. Recibió el apodo de Rompelanzas a la edad de 17 años cuando derrotó a Daemon Fuegoscuro en la última liza de un torneo. Buen combatiente y comandante, Baelor está listo para defender la corona de su padre contra las pretensiones de su tío.;;;;;;;;;x
ERA_CHAR_NAME_11001;Maron Martell;Maron Martell;;;Maron Martell;;;;;;;;;x
ERA_CHAR_INFO_11001;The Prince of Dorne, Maron Martell formally brought Dorne into the Seven Kingdoms in exchange for the hand of Princess Daenerys Targaryen. Maron Martell would go on to build the Water Gardens in Sunspear in honor of his beloved wife, to celebrate their union. Daemon Blackfyre, however, did not celebrate their marriage. Daemon had loved Daenerys once, and some say his rebellion was spurred mainly because of his jealousy over their union. Curious, then, that he would wait eight years to launch his coup.;Le prince de Dorne Maron Martell a officiellement rejoint les Sept Couronnes en échange de la main de la princesse Daenerys Targaryen. Le prince a fait construire les Jardins Aquatiques en l'honneur de sa femme. Daemon Feunoyr, cependant, ne s'est pas réjoui de leur mariage. Le Grand Bâtard aimait Daenerys et sa rébellion est en partie imputable à cette union. Curieux, cependant, qu'il attendit huit ans pour tenter de prendre le pouvoir.;;;El Príncipe de Dorne Maron Martell se unió oficialmente a los Siete Reinos a cambio de la mano de la Princesa Deanerys Targaryen. El príncipe hizo construir los Jardines del Agua en honor de su mujer. Daemon Fuegoscuro, sin embargo, no se alegró de su matrimonio. El Gran Bastardo amaba a Daenerys y su rebelión se debe en parte a esta unión. Curioso, sin embargo, que esperase ocho años para intentar tomar el poder.;;;;;;;;;x
ERA_CHAR_NAME_99190;Damon Lannister;Damon Lannister;;;Damon Lannister;;;;;;;;;x
ERA_CHAR_INFO_99190;The Grey Lion, Damon Lannister rules the Westerlands as ably as any in his House’s storied history. A pall now hangs over his reign, however. Not one, but two great lords of the West have sided with the rebels, and as Warden of the West, the responsibility of bringing these wayward vassals to heel lies with him. This lion may have a coat of grey, but his claws are long and sharp, my lord, and these rebels will hear his roar.;Damon Lannister le Lion Gris gouverne de manière efficace les Terres de l'Ouest. Néanmoins un danger menace son autorité, deux de ses vassaux ont pris fait et cause pour les rebelles et, en tant que Gardien de l'Ouest, il est de la responsabilité de Damon de châtier ces traîtres. Ce lion est peut-être gris, mais ses griffes sont toujours acérées...;;;Damon Lannister el León Gris fobierna de forma eficaz las Tierras del Oeste. Sin embargo un peligro amenaza su autoridad, dos de sus vasallos han hecho causa común por los rebeldes y, como Guardián del Oeste, es responsabilidad de Damon castigar a estos traidores. El león puede que sea gris, pero sus garras están todavía afiladas...;;;;;;;;;x
ERA_CHAR_NAME_88067;Leo Longthorn;Leo l'Epine;;;Leo Largaespina;;;;;;;;;x
ERA_CHAR_INFO_88067;Known as Leo Longthorn, he is the head of House Tyrell and the Lord of Highgarden, now lord of a divided Reach. With a few houses joining the Blackfyre due to their hatred for the Dornishmen and others declaring for the King. Leo for now remains in Highgarden with the capability to raise an army that would shift the balance of the war. With his troops ready to march for the King will he be able to win this war and reunite the Reach?;Le dirigeant de la maison Tyrell et sire de Hautjardin, connu sous le nom de Leo l'Epine, est désormais le seigneur d'un Bief divisé. Certains lords, par haine des Dorniens, ont rejoint Daemon Feunoyr tandis que d'autres sont restés loyaux envers le roi. Lord Tyrell doit désormais lever son une armée pour réunir le Bief et apporter un soutien décisif au roi. ;;;El líder de la casa Tyrell y Señor de Altojardín, apodado Leo Largaespina, es el Gran Señor de un Dominio dividido. Algunos Señores, debido al odio histórico hacia los dornienses se han unido a Daemon Fuegoscuro mientras que otros se mantienen leales al Rey. Lord Tyrell permanece por el momento en Altojardín con la capacidad de formar un ejército que cambiaría el equilibrio de la guerra y volver a unir al Dominio.;;;;;;;;;x
;;;;;;;;;;;;;;x
BM_AFTER_SPRING;After the Spring;Après le Printemps;;;Tras la Primavera;;;;;;;;;x
BM_AFTER_SPRING_DESC;The Great Spring Sickness that ravaged the Seven Kingdoms, killing young and old, lords and peasants alike, is finally over. With King Daeron the Good killed by the plague and his eldest son Prince Baelor Breakspear slain during the tourney at Ashford his younger son Aerys I Targaryen now sits upon the Iron Throne. While the Targaryens, Blackfyres and the rest of Westeros have already begun their old schemes for power, fame or gold anew, a young squire named Egg starts on the long path ahead of him under the guidance of Ser Duncan the Tall...;Le Fléau du Printemps, la maladie qui a ravagé les Sept Couronnes et qui a tué tant de petites gens et de grands seigneurs, est finalement terminée. Mais elle a emporté avec elle le roi Daeron dit le Bon. Son fils ainé, Baelor Briselance, ayant périt durant le tournoi de Cendregué, c'est désormais son jeune fils Aerys Ier Targaryen qui occupe le trône. Alors que les Targaryens, les Feunoyr et le reste de Westeros renouent avec leurs plans pour obtenir richesse, gloire et pouvoir, un jeune écuyer du nom de l'Oeuf débute sa longue formation sous les enseignements de ser Duncan le Grand... ;;;La Gran Epidemia Primaveral, la enfermedad que asoló los Siete Reinos y que mató tanto a plebeyos como a nobles, finalmente terminó. Pero se llevó con ella al Rey Daeron el Bueno. Su hijo primogénito, Baelor Rompelanzas, murió durante el torneo de Vado Ceniza, y es su joven hijo Aerys quien ocupa el trono. Mientras los Targaryen, Fuegoscuro y el resto de Poniente comienzan de nuevo sus planes para lograr poder, fama y oro, un joven escudero llamado Egg comienza su larga formación bajo las enseñanazas de Ser Duncan el Alto...;;;;;;;;;x
;;;;;;;;;;;;;;x
BM_NINEPENNY_KINGS;War of the Ninepenny Kings;Guerre des Rois à Neuf Sous;;;Guerra de los Reyes Nuevepeniques;;;;;;;;;x
BM_NINEPENNY_KINGS_DESC;The Band of Nine, a group of ambitious power seekers in Essos have conquered the Disputed Lands and the Stepstones. They set up Alequo Adarys the Silvertongue as ruler of Tyrosh.  Now Maelys Blackfyre, the last of the Blackfyre Pretenders and commander of the Golden Company has convinced them to attack Westeros and claim the Iron Throne.  However, King Aegon V Targaryen has received word of this scheme and plans to send an army to the Stepstones to face this threat before yet another Blackfyre invasion can devastate the realm.;Les Neuf, un groupe d'hommes ambitieux et avides de pouvoir sont parvenus à conquérir les Terres Disputées et les Degrés de Pierre. Ils ont installé Alequo Adarys langue-dorée à la tête de Tyrosh. Désormais Maelys Feunoyr, le dernier des prétendants de cette sinistre lignée et le commandant de la Compagnie Dorée, les a convaincus d'attaquer Westeros pour revendiquer le Trône de Fer. Cependant le roi Aegon V a eu vent de ses plans et prépare l'envoi d'une armée dans les Degrés de Pierre pour affronter cette menace avant qu'une invasion n'apporte mort et destruction au royaume.;;;La banda de los Nueve, un grup de hombres ambiciosos y ávidos de poder lograron conquistar las Tierras de la Discordia y los Peldaños de Piedra e impusieron como gobernante en Tyrosh a Alequo Adarys, Lenguadeplata. Ahora Maelys Fuegoscuro, el último de los pretendientes Fuegoscuro y Capitán General de la Compañía Dorada, los ha convencido de atacar Poniente y reclamar el Trono de Hierro. Sin embargo, el Rey Aegon V se ha enterado de sus planes y prepara el envío de un ejército a los Peldaños de Piedra para hacer frente a esta amenaza antes de que una invasión traiga muerte y destrucción al Reino.;;;;;;;;;x
;;;;;;;;;;;;;;x
BM_ROBERTS_REBELLION;Robert's Rebellion;La Rébellion de Robert;;;La Rebelión de Robert;;;;;;;;;x
BM_ROBERTS_REBELLION_DESC;Westeros is on the brink of civil war. Rhaegar Targaryen, heir to the Iron Throne, has kidnapped Lyanna Stark - the betrothed of the Lord Paramount of the Stormlands, and Daughter of the Lord Paramount of the North. Brandon Stark, her elder brother, and heir to the North, charges south demanding vengeance. The mad King Aerys, outraged by Brandon's demands, has him and his father executed, and calls for Eddard's head as well. As all but Balon Greyjoy and Tywin Lannister prepare to declare their allegiances, it is up to you to decide the fate of the Seven Kingdoms. When you play the Game of Thrones, you either win or you die.;Westeros est au bord de la guerre civile. Rhaegar Targaryen, l'héritier du Trône de Fer, a enlevé Lyanna Stark - la fiancée du Seigneur des Terres de l'Orage et fille du Seigneur du Nord. Brandon Stark, son frère aîné et héritier du Nord, est parti vers le Sud pour réclamer vengeance. Le Roi Fou - Aerys, se sentant outragé par Brandon le fait exécuter lui ainsi que son père, et demande également la tête d'Eddard. Comme tous, à l'exception de Balon Greyjoy et Tywin Lannister, se préparent à déclarer leur allégeance, c'est à vous que revient de décider du destin des Sept Couronnes. Lorsqu'on s'amuse au Jeu des Trônes, il faut vaincre ou périr, il n'y a pas de moyen terme.;;;Poniente está al borde de una guerra civil. Rhaegar Targaryen, heredero al Trono de Hierro ha secuestrado a Lyanna Stark, prometida del Señor Supremo de las Tierras de la Tormenta e hija del Señor Supremo del Norte. Brandon Stark, su hermano mayor, y heredero del Norte, viaja al sur clamando venganza. El Rey Loco, Aerys, contrariado por las exigencias de Brandon, lo ejecuta junto a su padre y reclama la cabeza de Eddard. Mientras Balon Greyjoy y Tywin Lannister deciden con quien aliarse te toca a ti decidir el destino de los Siete Reinos, pero recuerda, cuando se juega al juego de tronos sólo se puede ganar o morir, no hay puntos intermedios.;;;;;;;;;x
BM_ROBERTS_REBELLION_ERA;Robert's Rebellion;La Rébellion de Robert;;;La Rebelión de Robert;;;;;;;;;x
BM_ROBERTS_REBELLION_ERA_INFO;Westeros is on the brink of civil war. Rhaegar Targaryen, heir to the Iron Throne, has kidnapped Lyanna Stark - the betrothed of the Lord Paramount of the Stormlands, and Daughter of the Lord Paramount of the North. Brandon Stark, her elder brother, and heir to the North, charges south demanding vengeance. The mad King Aerys, outraged by Brandon's demands, has him and his father executed, and calls for Eddard's head as well. As all but Balon Greyjoy and Tywin Lannister prepare to declare their allegiances, it is up to you to decide the fate of the Seven Kingdoms. When you play the Game of Thrones, you either win or you die.;Westeros est au bord de la guerre civile. Rhaegar Targaryen, l'héritier du Trône de Fer, a enlevé Lyanna Stark - la fiancée du Seigneur des Terres de l'Orage et fille du Seigneur du Nord. Brandon Stark, son frère aîné et héritier du Nord, est parti vers le Sud pour réclamer vengeance. Le Roi Fou - Aerys, se sentant outragé par Brandon le fait exécuter lui ainsi que son père, et demande également la tête d'Eddard. Comme tous, à l'exception de Balon Greyjoy et Tywin Lannister, se préparent à déclarer leur allégeance, c'est à vous que revient de décider du destin des Sept Couronnes. Lorsqu'on s'amuse au Jeu des Trônes, il faut vaincre ou périr, il n'y a pas de moyen terme.;;;Poniente está al borde de una guerra civil. Rhaegar Targaryen, heredero al Trono de Hierro ha secuestrado a Lyanna Stark, prometida del Señor Supremo de las Tierras de la Tormenta e hija del Señor Supremo del Norte. Brandon Stark, su hermano mayor, y heredero del Norte, viaja al sur clamando venganza. El Rey Loco, Aerys, contrariado por las exigencias de Brandon, lo ejecuta junto a su padre y reclama la cabeza de Eddard. Mientras Balon Greyjoy y Tywin Lannister deciden con quien aliarse te toca a ti decidir el destino de los Siete Reinos, pero recuerda, cuando se juega al juego de tronos sólo se puede ganar o morir, no hay puntos intermedios.;;;;;;;;;x
ERA_CHAR_NAME_77037;Aerys the Mad;Aerys le Fol;;;Aerys el Loco;;;;;;;;;x
ERA_CHAR_INFO_77037;Following the death of his father Jaehaerys, Aerys Targaryen, Second of His Name, sat the Iron Throne as King of the Seven Kingdoms. Aerys' reign began with great promise, as he brought in the young, ruthless Tywin Lannister as his Hand. However, after the Defiance of Duskendale, in which the king was held prisoner by his own vassal for six months, Aerys' reign quickly took a turn for the worse. After Aerys named Tywin's only son Jaime to his Kingsguard, which removed Jaime from Tywin's line of succession, Tywin resigned as Hand. Aerys' reign culminated in the execution of Rickard Stark, as well as Rickard's son and heir Brandon, who were seeking justice for the kidnapping of Rickard's daughter Lyanna by Prince Rhaegar, Aerys' son and heir. Westeros has plunged into civil war, as 'The Mad King' loosely hangs on to power from the Iron Throne.;A la mort de Jaehaerys, Aerys II monta sur le trône. Si le début de son règne sembla prometteur, le roi fit rapidement montre d'une folie qui éclata au grand jour après le Défi de Sombreval. Devenu paranoïaque et cruel il se méfiait de tous, y compris son fils et sa propre Main, lord Tywin Lannister. Sa folie culmina avec l'exécution de lord Rickard Stark et de son fils Brandon alors que ceux-ci venaient chercher justice auprès du roi après l'enlèvement de Lyanna Stark par le prince Rhaegar. Ces évènements ont déclenché une terrible rébellion menée par le seigneur suzerain des Terres de l'Orage, Robert Baratheon. Le Roi Fou doit affronter les seigneurs rebelles ou sa dynastie risque de disparaître à jamais.;;;A la muerte de Jaehaerys II, Aerys II ascendió al trono. Si el comienzao de su reinado parecía prometedor, el Rey dio muestras de locura que se acrecentaron a partir de los eventos de la Resistencia del valle Oscuro. Se convirtió en un hombre brutal y caprichoso con una fascinación insana por el fuego, especialmente por el fuego valyrio y desconfiaba incluso de su hijo Rhaegar, ni en su esposa Rhaella, ni en su Mano, Tywin Lannister. Su locura culminó con la ejecución de Rickard Stark y su hijo Brandon cuando fueon a buscar la justicia del Rey tras el secuestro de Lyanna Stark por el Príncipe Rhaegar. Estos acontecimientos provocaron una terrible rebelión liderada por el Señor Supremo de las Tierras de la Tormenta, Robert Baratheon. El Rey Loco debe enfrentarse a estos Señores rebeldes o su dinastía corre el riesgo de desaparecer para siempre.;;;;;;;;;x
ERA_CHAR_NAME_77039;Rhaegar Targaryen;Rhaegar Targaryen;Rhaegar Targaryen;Rhaegar Targaryen;Rhaegar Targaryen;;;;;;;;;x
ERA_CHAR_INFO_77039;Rhaegar Targaryen, Prince of Dragonstone, is the eldest son of King Aerys II and his sister-wife Rhaella. He has proven to be an able man, handsome and intelligent, respected by the nobility and beloved by the smallfolk. As his father’s sanity dwindled after the Defiance of Duskendale, Rhaegar continued to serve faithfully. Then in 281AC, at the Tourney of Harrenhal, scandal rocked the realm as Prince Rhaegar, victor of the tourney, bestowed the title of Queen of Love and Beauty on the beautiful Lyanna Stark, betrothed to Lord Robert Baratheon, instead of on his own wife, Elia Martell. A year passed and Rhaegar and Lyanna eloped, though some say he kidnapped her. The actions of his father have inflamed the situation beyond the point of diplomacy, and now the Dragon Prince finds himself required to defend his house from oblivion.;Rhaegar de la maison Targaryen, Prince de Peyredragon est l'héritier du Trône de Fer. Prince doué en tout et bien-aimé, Rhaegar a servi loyalement son père Aerys II malgré la folie de ce dernier. Néanmoins en couronnant reine d'amour et de beauté la jeune Lyanna Stark promise à Robert Baratheon en 281 et en l'enlevant l'année d'après, Rhaegar allait provoquer la plus dangereuse rébellion que les Targaryen aient jamais connu. La réponse disproportionnée du Roi Fou a mis fin à tout espoir d'une issue pacifique. Le prince Rhaegar doit prendre les armes pour empêcher la destruction de sa famille.;;;Rhaegar de la casa Targaryen, Príncipe de Rocadragón y heredero al Trono de Hierro, un hombre sumamente inteligente y excelente en todo lo que se proponía, un músico talentoso y un gran caballero, Rhaegar ha servido con lealtada a su padre Aerys II a pesar de su locura. Sin embargo, al coronar como Reina del Amor y la Belleza a Lyanna Stark, la prometida de Robert Baratheon en 281 y secuestrándola el año siguiente, Rhaegar provocó la rebelión más peligrosa que los Targaryen hayan conocido nunca. La desproporcionada respuesta del Rey Loco a puesto fin a cualquier esperanza de una solución pacífica. El Príncipe Rhaegar debe tomar las armas para evitar la destrucción de su familia.;;;;;;;;;x
ERA_CHAR_NAME_317;Robert Baratheon;Robert Baratheon;;;Robert Baratheon;;;;;;;;;x
ERA_CHAR_INFO_317;Robert of the House Baratheon, Lord of Storm's End, was raised for most of his life in the Vale by Jon Arryn, where he became lifelong friends with Ned Stark of the North. While Robert was still young, he inherited the rank of Lord Paramount of the Stormlands when his father was killed in a shipwreck. The young lord quickly gained a reputation as a fierce warrior, as well as a drinker and a womanizer. When Robert’s betrothed, Lyanna Stark, was kidnapped by Lord Rhaegar of Dragonstone, the heir to the Iron Throne, Ned’s father and brother were executed for demanding her release. In response, Robert and Eddard begin a war to overthrow the Mad King’s tyranny and to rescue Lyanna.;Robert de la maison Baratheon, sire d'Accalmie, fut élevé au Val par Jon Arryn avec son meilleur ami Eddard Stark. Devenu très jeune seigneur suzerain des Terres de l'Orage, il gagna rapidement une réputation de guerrier indomptable, digne de l'Orage moqueur. Fiancé à Lyanna Stark, il se vit ravir la jeune femme par le prince Rhaegar. L'exécution par le roi Fou de lord Rickard Stark ne lui laisse pas d'autres choix que de prendre les armes contre le Trône de Fer pour libérer sa fiancée.;;;Robert de la casa Baratheon, Señor de Bastión de Tormentas, fue criado por Jon Arryn junto a su mejor amigo Eddard Stark. Se convirtió muy joven en el Señor Supremo de las Tierras de la Tormenta, se ganó rápidamente fama de guerrero indómito, digno de Tormentalegre. Prometido con Lyanna Stark, vio como Rhaegar le arrebataba a la joven. La ejecución por parte del Rey Loco de Rickard Stark no le dejó más opción que tomar las armas contra el Trono de Hierro para liberar a su prometida.;;;;;;;;;x
ERA_CHAR_NAME_59;Eddard Stark;Eddard Stark;;;Eddard Stark;;;;;;;;;x
ERA_CHAR_INFO_59;Eddard of House Stark, Lord of Winterfell and Warden of the North, spent much of his youth as a ward of Jon Arryn in the Eyrie with his best friend Robert Baratheon. He became known for his unwavering sense of honor and justice. After Ned's sister Lyanna, Robert's betrothed, was kidnapped by Prince Rhaegar Targaryen, his brother Brandon and his father Rickard went to King's Landing to receive an answer from the Mad King Aerys II. Their answer was a fiery end, and Aerys called for the heads of Ned, now reigning Lord of Winterfell, and his friend Robert Baratheon. With the kidnapping of his sister, the urging of his friend, and the risk of execution, Ned decides he is bound to war in the hopes of deposing the Mad King and installing someone more worthy of the Iron Throne.;Eddard de la maison Stark, sire de Winterfell et Gouverneur du Nord, a passé une bonne partie de sa jeunesse aux Eyrié où il est devenu l'ami de Robert Baratheon. Il fut rapidement connu pour son sens inné de l'honneur et de la justice. Devenu sire de Winterfell après l'exécution par le roi Fou de son père lord Rickard et de son frère Brandon venus chercher justice après l'enlèvement de sa soeur Lyanna Stark par le prince Rhaegar, 'Ned' n'a d'autres choix que prendre les armes contre le trône de fer pour renverser le roi Fou qui exige sa tête.;;;Eddard de la casa Stark, Señor de Invernalia y Guardián del Norte, pasó gran parte de su juventud en el Nido de Águilas donde se convirtió en amigo de Robert Baratheon. Fue rápidamente conocido por su sentido del honor y la justicia. Se convirtió en Señor de Invernalia tras la ejecución por el Rey Loco de su padre Rickard y su hermano Brandon cuando fueron a demandar justicia tras el secuestro de su hermana Lyanna Stark por el Príncipe Rhaegar, 'Ned' no tiene más opción que tomar las armas contra el Trono de Hierro  para derrocar al Rey Loco que exige su cabeza.;;;;;;;;;x
ERA_CHAR_NAME_94002;Jon Arryn;Jon Arryn;;;Jon Arryn;;;;;;;;;x
ERA_CHAR_INFO_94002;Jon of the House Arryn, Lord of the Eyrie, Defender of the Vale and Warden of the East, has always been defined by the words of his house, 'As High as Honor'. The guardian of Robert Baratheon and Eddard Stark, he groomed these young men for their futures. Now King Aerys II the Mad has executed Jon's heir, his nephew Elbert Arryn, for treason, and, following the murders of Brandon and Rickard Stark and the abduction of Lyanna Stark, the Mad King has demanded Robert and Eddard's heads. Instead Jon has raised the chivalry of the Vale and has married the young Lysa Tully to secure an alliance between the North, Stormlands, Riverlands and Vale. But even if they win the war, can Jon win the peace?;Jon de la maison Arryn, sire des Eyrié, Défenseur du Val et Gouverneur de l'Est , est un homme âgé mais qui n'a pas hésité à lancer le coup d'envoi de la rébellion contre le trône de fer quand Aerys II a exigé les têtes de Robert Baratheon et d'Eddard Stark, les deux anciens pupilles de lord Jon.;;;Jon de la casa Arryn, Señor del Nido de Águilas, Defensor del Valle y Guardián del Este, siempre ha estado definido por el lema de su casa 'Tan Alto como el Honor'. El tutor de Robert Baratheon y Eddard Stark, preparó a estos jóvenes para el futuro. Ahora el Rey Loco ha ejecutado al heredero de Jon, su sobrino Elbert Arryn por traición, y tras las ejecuciones de Brandon y Rickard Stark y el secuestro de Lyanna Stark, el Rey Loco ha pedido las cabezas de Robert y Eddard. Jon ha levantado a la caballería del Valle y se ha casado con la joven Lysa Tully para asegurar una alianza entre el Norte, las Tierras de la Tormenta, las Tierras de los Ríos y el Valle.;;;;;;;;;x
ERA_CHAR_NAME_190;Tywin Lannister;Tywin Lannister;;;Tywin Lannister;;;;;;;;;x
ERA_CHAR_INFO_190;After his father Tytos died, Lord Tywin brought House Lannister to new heights with his ruthless approach to justice. Early into his reign as the Lord Paramount of the Westerlands, Tywin destroyed the two most unruly vassals: House Reyne and House Tarbeck. Lord Tywin's actions rose House Lannister to power under his belief that fear would lead to loyalty, and it did. Lord Tywin is respected across the Seven Kingdoms, and served as Hand of the King for Aerys II Targaryen for twenty years. Some even joked that it was Lord Tywin who truly ruled the Seven Kingdoms. Eventually, after continuous disputes, Tywin resigned his position and returned to Casterly Rock, although his son Jaime is serving under Aerys' Kingsguard. Lord Tywin has remained out of the war, despite King Aerys' calls to arms, for a lion does not forget insults.;Tywin de la maison Lannister, sire de Castral Roc, Gouverneur de l'Ouest est un homme dur mais un véritable homme d'état. Alors qu'il n'était qu'héritier de Castral Roc, il éradiqua deux grandes maisons vassales qui osaient défier son père, le faible Tytos Lannister. Il devint par la suite Main du roi d'Aerys II et sous sa direction le royaume connut la prospérité. Mais le roi fou vint à se méfier de sa Main et humilia plusieurs fois lord Tywin. Après avoir refusé de marier Cersei au prince Rhaegar, Aerys alla aussi loin que de nommer Jaime dans la garde royale, privant Tywin de son héritier. Après s'être retiré au Roc, Tywin n'est guère intervenu dans les affaires du royaume et tous se demandent quel camp il va choisir dans la rébellion de Robert Baratheon.;;;Tywin de la casa Lannister, Señor de Roca Casterly y Guardián del Oeste es un hombre duro pero un verdadero hombre de estado. Cuando aún era el heredero de Roca Casterly, erradicó a dos grandes casas vasallas que osaron desafiar a su padre, el débil Tytos Lannister. Más adelante, se convirtió en la Mano del Rey Aerys II y bajo su dirección el Reino prosperó, hasta que el Rey Loco empezó a desconfiar y humillar varias veces a Tywin. Tras rechazar el matrimonio entre Cersei Lannister y el Príncipe Rhaegar, Aerys nombró a Jaime Lannister, miembro de la Guardia Real, dejando a Tywin sin su heredero. Una vez retirado en Roca Casterly, Tywin no intervino en los asuntos del Reino y todos se preguntaban que bando escogería en la rebelión de Robert Baratheon.;;;;;;;;;x
;;;;;;;;;;;;;;x
BM_THE_CROWNED_STAG;The Crowned Stag;Le Cerf Couronné;;;El Ciervo Coronado;;;;;;;;;x
BM_THE_CROWNED_STAG_DESC;Robert's Rebellion is over. The Targaryens are all but wiped out, their last scions scattered to the Free Cities in the form of a young man and a babe in arms. Robert Baratheon now sits upon the Iron Throne of Westeros, but soon realizes that being a King is not so easy as he had expected. 'Honor? I've got Seven Kingdoms to rule! One King, Seven Kingdoms! Do you think honor keeps them in line? Do you think it's honor that's keeping the peace? It's fear! Fear and blood!';La Rébellion de Robert est terminée. Les Targaryens ont presque tous été anéantis, leurs derniers représentants, deux enfants dont l'une n'est encore qu'un nourisson, se terrent dans les Cités Libres. Robert Baratheon est désormais assis sur le Trône de Fer, mais réalise bien vite qu'être Roi n'est pas aussi simple qu'il l'aurait espéré. 'L'honneur ? Dis-toi bien que j'ai Sept Royaumes à gouverner ! Un seul Roi, et Sept Royaumes ! Tu crois que c'est l'honneur qui les fait se tenir tranquilles ? Tu crois que c'est l'honneur qui maintient la paix ? C'est la peur ! La peur et le sang !';;;La Rebelión de Robert ha terminado. Los Targaryen han sido depuestos y sus últimos descendientes, un niño y un bebé han escapado a las ciudades libres. Robert Baratheon se sienta ahora en el Trono de Hierro de Poniente, pero pronto se dará cuenta que ser un rey no es tan fácil como se había imaginado. '¿Honor? ¡Tengo que gobernar Siete Reinos! Un rey, siete reinos. ¿Crees que el honor los mantiene a raya? ¿Crees que es el honor lo que mantiene la paz? Es el miedo... el miedo y la sangre';;;;;;;;;x
;;;;;;;;;;;;;;
BM_GREYJOY_REBELLION;The Greyjoy Rebellion;Rebellion Greyjoy;;;La Rebelión Greyjoy;;;;;;;;;x
BM_GREYJOY_REBELLION_DESC;Believing King Robert's rule insecure, Lord Balon Greyjoy of Pyke rises in rebellion against the Iron Throne. Crowned with a driftwood crown beneath Nagga's Ribs, Balon declares himself King of the Iron Islands, King of Salt and Rock, and seeks to restore the Ironborn's ancient traditions lost during Aegon's Conquest.;Pensant le règne du roi Robert fragile, Lord Balon Greyjoy s'est autoproclamé Roi du Sel et du Roc et s'est rebellé contre le Trône de Fer. Il a été couronné devant le Berceau de Nagga par le prêtre Tarle Triplenoyé qui l'a ceint de la Couronne de Bois Flotté. Il tente à présent de restaurer l'indépendance des Iles de Fer et les anciennes traditions qui ont été perdues durant la Conquête, environ trois cents ans auparavant... ;;;Creyendo que el reinado del rey Robert era frágil, Lord Balon Greyjoy se ha autoproclamado Rey de Roca y de Sal y se ha rebelado contra el Trono de Hierro. Fue coronado en la Colina de Nagga por el sacerdote Tarle el Tres Veces Ahogado quien le ciñó una corona de madera. Trata de restaurar la independencia de las Islas del Hierro y las antiguas tradiciones que se perdieron durante la Conquista, hace unos trescientos años...;;;;;;;;;x
;;;;;;;;;;;;;;x
BM_Clash_OF_KINGS;A Clash of Kings;La Bataille des Rois;;;Choque de Reyes;;;;;;;;;x
BM_CLASH_OF_KINGS_DESC;Westeros is at war. After the untimely death of Robert Baratheon, Joffrey, his untested firstborn son, sits the Iron Throne. Eddard Stark, Lord of the North and Hand of the King, has sent word to Stannis Baratheon that Joffrey is not Robert's son but the result of the incestuous relationship between Queen Cersei and her brother Ser Jaime Lannister. Joffrey, outraged at Lord Eddard's accusations, has had him executed. Now Eddard's son Robb, supported by the Tullys of the Riverlands, has raised his banners and is marching on King's Landing. Meanwhile Lord Balon Greyjoy, ever the opportunist, has laid claim to the Seastone Chair and hopes to reave like the Ironborn of old. Finally, across the Narrow Sea, Daenerys Targaryen, mourning the death of her husband and unborn child, begins her quest to return to Westeros. In this scenario relive the central conflict of 'The Song of Ice and Fire' by George R.R. Martin, but remember: Winter is Coming.;Westeros est de nouveau en guerre. Suite à la mort prématurée du Roi Robert, son fils aîné sans expérience – Joffrey, siège sur le Trône de Fer. Toutefois, les scandales entourant la filiation du garçon ont profondément ébranlé les Sept Couronnes. Après avoir découvert la vérité, Eddard Stark a prévenu Stannis Baratheon, le frère cadet de Robert, qu’il était le véritable héritier du Trône – au prix de sa propre tête. Le fils de Ned, Robb, soutenu par la Maison Tully du Conflans, a levé le ban contre la Couronne. Pendant ce temps, Renly – le puîné de Stannis et Robert, a multiplié les alliances dans le Bief afin de faire prévaloir son propre droit au Trône. Enfin, le toujours très pragmatique Balon Greyjoy a déclaré son indépendance et envoyé ses pillards ravager le Nord. Dans ce scénario, revivez le conflit central de la saga du ‘Trône de Fer’, immortalisée par George R. R. Martin, mais n’oubliez surtout pas : l’hiver vient.;;;Poniente está en guerra. Después de la prematura muerte de Robert Baratheon, Joffrey, su inexperto primogénito, se sienta en el Trono de Hierro. Eddard Stark, Guardián del Norte y Mano del Rey, ha enviado una carta a Stannis Baratheon contando que Joffrey no es el hijo de Robert, sino el resultado de una relación incestuosa entre la Reina Cersei y su hermano Jaime Lannister. Joffrey, indignado por las acusaciones de Eddard Stark, lo hizo ejecutar. Ahora, el hijo de Eddard, Robb, apoyado por los Tully de las Tierras de los Ríos, ha llamado a sus banderizos y marcha hacia Desembarco del Rey. Mientras tanto, Balon Greyjoy, siempre oportunista, ha reclamado el Trono de Piedramar y ha empezado a saquear como los antiguos hijos del hierro. Más allá del Mar Angosto, Daenerys Targaryen, de luto por la muerte de su marido y su hijo mortinato, comienza su aventura para regresar a Poniente. En este escenario revive el conflico central de 'Canción de Hielo y Fuego' de George R.R. Martin, pero recuerda: Se acerca el Invierno.;;;;;;;;;x
BM_Clash_OF_KINGS_ERA;A Clash of Kings;La Bataille des Rois;;;Choque de Reyes;;;;;;;;;x
BM_Clash_OF_KINGS_ERA_INFO;Westeros is at war. After the untimely death of Robert Baratheon, Joffrey, his untested firstborn son, sits the Iron Throne. Eddard Stark, Lord of the North and Hand of the King, has sent word to Stannis Baratheon that Joffrey is not Robert's son but the result of the incestuous relationship between Queen Cersei and her brother Ser Jaime Lannister. Joffrey, outraged at Lord Eddard's accusations, has had him executed. Now Eddard's son Robb, supported by the Tullys of the Riverlands, has raised his banners and is marching on King's Landing. Meanwhile Lord Balon Greyjoy, ever the opportunist, has laid claim to the Seastone Chair and hopes to reave like the Ironborn of old. Finally, across the Narrow Sea, Daenerys Targaryen, mourning the death of her husband and unborn child, begins her quest to return to Westeros. In this scenario relive the central conflict of 'The Song of Ice and Fire' by George R.R. Martin, but remember: Winter is Coming.;Westeros est de nouveau en guerre. Suite à la mort prématurée du Roi Robert, son fils aîné sans expérience – Joffrey, siège sur le Trône de Fer. Toutefois, les scandales entourant la filiation du garçon ont profondément ébranlé les Sept Couronnes. Après avoir découvert la vérité, Eddard Stark a prévenu Stannis Baratheon, le frère cadet de Robert, qu’il était le véritable héritier du Trône – au prix de sa propre tête. Le fils de Ned, Robb, soutenu par la Maison Tully du Conflans, a levé le ban contre la Couronne. Pendant ce temps, Renly – le puîné de Stannis et Robert, a multiplié les alliances dans le Bief afin de faire prévaloir son propre droit au Trône. Enfin, le toujours très pragmatique Balon Greyjoy a déclaré son indépendance et envoyé ses pillards ravager le Nord. Dans ce scénario, revivez le conflit central de la saga du ‘Trône de Fer’, immortalisée par George R. R. Martin, mais n’oubliez surtout pas : l’hiver vient.;;;Poniente está en guerra. Después de la prematura muerte de Robert Baratheon, Joffrey, su inexperto primogénito, se sienta en el Trono de Hierro. Eddard Stark, Guardián del Norte y Mano del Rey, ha enviado una carta a Stannis Baratheon contando que Joffrey no es el hijo de Robert, sino el resultado de una relación incestuosa entre la Reina Cersei y su hermano Jaime Lannister. Joffrey, indignado por las acusaciones de Eddard Stark, lo hizo ejecutar. Ahora, el hijo de Eddard, Robb, apoyado por los Tully de las Tierras de los Ríos, ha llamado a sus banderizos y marcha hacia Desembarco del Rey. Mientras tanto, Balon Greyjoy, siempre oportunista, ha reclamado el Trono de Piedramar y ha empezado a saquear como los antiguos hijos del hierro. Más allá del Mar Angosto, Daenerys Targaryen, de luto por la muerte de su marido y su hijo mortinato, comienza su aventura para regresar a Poniente. En este escenario revive el conflico central de 'Canción de Hielo y Fuego' de George R.R. Martin, pero recuerda: Se acerca el Invierno.;;;;;;;;;x
ERA_CHAR_NAME_77041;Daenerys Stormborn;Daenerys Typhon-née;;;Daenerys de la Tormenta;;;;;;;;;x
ERA_CHAR_INFO_77041;As the last heir to House Targaryen, Daenerys claims to be the rightful Queen of The Seven Kingdoms. Born on Dragonstone during Robert's Rebellion, Daenerys and her brother Viserys were spirited away to Essos. Always the timid of the two, Daenerys followed her brother as he tried his best to get an army to retake his father's throne, eventually selling his sister to a Dothraki Khal, Drogo, in return for an army of ten thousand Dothraki screamers. Daenerys grew more independent with Khal Drogo, whilst Viserys got himself killed for his impatience. Drogo fell soon after, along with Daenerys' unborn child, both murdered by a 'maegi', however upon the funeral pyre, Daenerys hatched three dragons. Her time with the Dothraki brought her Targaryen blood to the surface, and she will soon show the usurpers the meaning of her words: Fire and Blood.;En tant que dernière héritière de la maison Targaryen, Daenerys revendique son titre de légitime reine des Sept Couronnes. Née sur Peyredragon pendant la rébellion de Robert, Daenerys a suivi son frère à travers Essos alors que ce dernier recherchait de l'aide pour regagner son trône. Viserys 'le Roi Gueux' finit par marier sa soeur à un Khal, Drogo, en échange de sa promesse de l'aider à reprendre le trône de fer. Daenerys gagna peu à peu son indépendance envers son frère qui finit par trouver la mort de la main même de Khal Drogo. Ce dernier mourru peu de temps après avec l'enfant que portait Daenerys, tous deux assassinés par une 'maegi'. Mais de ce sacrifice naquirent trois dragons. Daenerys n'attend désormais plus qu'une seule chose, faire connaître aux descendants de l'Usurpateur la devise de la maison Targaryen: Feu et Sang.;;;Como la última heredera de la casa Targaryen, Daenerys reclama su título de legítima Reina de los Siete Reinos. Nacida en Rocadragón durante la rebelión de Robert, Daenerys siguió a su hermano a través de Essos mientras este buscaba ayuda para recuperar el trono. Viserys 'el Rey Mendigo' acabó casando a su hermana con Khal Drogo, a cambio de la promesa de ayuda para recuperar el Trono de Hierro. Daenerys fue ganando poco a poco independencia sobre su hermano que acabó muriendo a manos del mismo Khal Drogo. Este último, también murió poco tiempo después junto con el niño que tuvo Daenerys, ambos muertos por culpa de una 'maegi'. De ese sacrificio nacieron tres dragones. Ahora, Daenerys espera dar a conocer a los descendientes del Usurpador el lema de la casa Targaryen: Fuego y Sangre.;;;;;;;;;x
ERA_CHAR_NAME_2059;Robb the Young Wolf;Robb le Jeune Loup;;;Robb el Joven Lobo;;;;;;;;;x
ERA_CHAR_INFO_2059;Robb Stark is the firstborn son of Eddard Stark, the Lord of Winterfell, and Catelyn Tully, daughter of the Lord of the Riverlands. After his father was imprisoned by King Joffrey Baratheon, or Lannister, depending on which view you take, Robb raised the Northern banners and marched his army down the Neck in order to free his father. When Eddard was forced to make a false confession to treason, in order for his life and the life of his daughters to be spared, he was instead executed, prompting the Lords of the North and the Riverlands to declare his son Robb the King in the North and the King of the Trident, titles that haven't been heard in the realm since Aegon Targaryen's conquest of Westeros. Robb now has but the army of Tywin Lannister between him and vengeance for his father.;Robb 'le Jeune Loup', sire de Winterfell, roi du Nord et du Trident a pris les armes contre le trône de fer pour venger la mort de son père Eddard Stark, exécuté par le roi Joffrey. Après ses premières victoires contre les Lannister, Robb n'a pas hésité à revendiquer les anciens titres de roi du Nord et de roi du Trident. Il ne reste maintenant plus que l'armée de lord Tywin entre lui et sa vengeance.;;;Robb 'el Joven Lobo', Señor de Invernalia, Rey en el Norte y Rey del Tridente ha tomado las armas contra elTrono de Hierro para vengar la muerte de su padre Eddard Stark, ejecutado por el Rey Joffrey. Tras sus primeras victorias contra los Lannister, Robb no ha dudado en reclamar los antiguos títulos de Rey en el Norte y de Rey del Tridente. Solamente queda el ejército de Tywin Lannister entre él y la venganza de su padre.;;;;;;;;;x
ERA_CHAR_NAME_9316;Joffrey Baratheon;Joffrey Baratheon;;;Joffrey Baratheon;;;;;;;;;x
ERA_CHAR_INFO_9316;Upon the death of King Robert, his alleged eldest son Joffrey, the First of His Name, ascends to the Iron Throne. A cruel boy with arbitrary, sometimes even sadistic tendencies, Joffrey already faces serious troubles. His impulsive execution of Lord Ned Stark has riled up his son Robb and the North against him. Having been accused of being born of incest between his mother and her twin brother, his legitimacy is being called into question by Lord Stannis Baratheon, who has not hesitated to pursue his own claim for the throne on that basis. Lord Renly Baratheon also has ambitions towards the Iron Throne, and the power of the Reach and Stormlands stand behind him. Finally, Balon Greyjoy desires to carve out a kingdom worth the Iron Kings of old. The War of the Five Kings has begun, and Westeros is yet again doomed to bleed.;Joffrey de la maison Baratheon, le Premier de son Nom, roi des Andals, de Rhoynar et des Premiers Hommes, Seigneur des Sept Couronnes et Protecteur du Royaume est le fils de Robert Baratheon et de Cersei Lannister. Jeune et beau roi mais de nature cruelle, Joffrey est contesté par de nombreux rebelles dont certains n'hésitent pas à remettre en cause sa légitimité, l'accusant d'être le fils du frère de la reine, Jaime Lannister. Robb Stark dans le Nord et le Conflans, Stannis Baratheon sur son île de Peyredragon, Balon Greyjoy sur les Iles de Fer et Renly Baratheon dans le Bief... la Guerre des Cinq Rois a commencé et Joffrey compte bien accrocher quatre têtes aux portes du Donjon Rouge.;;;Joffrey de la casa Baratheon, el Primero de su Nombre, Rey de los Ándalos, de los Rhoynar y de los Primeros Hombres, Señor de los Siete Reinos y Protector del Reino es el hijo de Robert Baratheon y de Cersei Lannister. Joven y apuesto, pero de naturaleza cruel, Joffrey es rechazado por muchos señores que ponen en duda su legitimidad, acusándole de ser el hijo del hermano de la Reina, Jaime Lannister. Robb Stark en el Norte y en las Tierras de los Ríos, Stannis Baratheon en Rocadragón, Balon Greyjoy en las Islas del Hierro y Renly Baratheon en el Dominio y las Tierras de la Tormenta... la Guerra de los Cinco Reyes ha comenzado y Joffrey tiene la intención de colgar cuatro cabezas en la puertas de la Fortaleza Roja.;;;;;;;;;x
ERA_CHAR_NAME_4317;Stannis Baratheon;Stannis Baratheon;;;Stannis Baratheon;;;;;;;;;x
#ERA_CHAR_INFO_4317;Stannis Baratheon, second son of Steffon Baratheon and Cassana Estermont has always been serious and dutiful. A man of little social grace, Stannis has lived in the shadow of his older brother Robert and has held enmity towards his younger brother Renly for being awarded Storm's End. Regardless he is known as a dutiful and just lord, and his military prowess has been proven on both land and sea during Robert's and Greyjoy's Rebellion. He has recently been given the revelation that he is the rightful heir to the throne, and that Robert's 'Children' are really bastards of incest. But before he can claim his rightful place as King, there is his younger brother Renly who has crowned himself king and must be put in his place.;Stannis Baratheon, deuxième fils de Steffon Baratheon et Cassana Estremont a toujours été un homme de devoir sérieux et austère. Peu sociable, ila toujours vécu dans l'ombre de Robert et garde rancune à son jeune frère Renly qui a reçu Accalmie. Néanmoins c'est un homme juste et qui a prouvé sa valeur lors de la rébellion de Robert et de la rébellion de Balon Greyjoy. Il s'est depuis converti à la religion du dieu Rouge R'hllor et est conseillé par une étrange femme, Mélisandre d'Asshai. Il vient d'apprendre qu'il est le légitime roi du trône de fer, les prétendus enfants de Robert étant des abominations issus de l'inceste. Mais avant de pouvoir renvendiquer sa juste place en tant que roi, il va devoir affronter son jeune frère Renly qui s'est couronné roi.;;;Stannis Baratheon, segundo hijo de Steffon Baratheon y Cassana Estermont siempre ha sido un hombre serio y austero. Poco sociable, siempre ha vivido a la sombra de su hermano mayor Robert y resentido con su hermano pequeño Renly, ya que este recibió Bastión de Tormentas. Sin embargo, es un hombre justo que probó su valor en la Rebelión de Robert y en la Rebelión de Balon Greyjoy. Se ha convertido a la religión del Dios Rojo y está asesorado por una extraña mujer, Melisandre de Asshai. Acaba de enterarse que él es el legítimo Rey del Trono de Hierro, ya que los pretendidos hijos de Robert en realidad son abominaciones nacidas del incesto. Pero antes de poder reclamar su justo lugar como Rey, deberá enfrentarse a su joven hermano Renly que se ha proclamado rey.;;;;;;;;;x
ERA_CHAR_INFO_4317;Stannis Baratheon, second son of Steffon Baratheon and Cassana Estermont has always been serious and dutiful. A man of little social grace, Stannis has lived in the shadow of his older brother Robert and has held enmity towards his younger brother Renly for being awarded Storm's End. Regardless he is known as a dutiful and just lord, and his military prowess has been proven on both land and sea during Robert's and Greyjoy's Rebellion. He has recently been given the revelation that he is the rightful heir to the throne, and that Robert's 'Children' are really bastards of incest. Now he has put Renly in his place, and can claim his rightful crown as King.;Stannis Baratheon, deuxième fils de Steffon Baratheon et Cassana Estremont a toujours été un homme de devoir sérieux et austère. Peu sociable, ila toujours vécu dans l'ombre de Robert et garde rancune à son jeune frère Renly qui a reçu Accalmie. Néanmoins c'est un homme juste et qui a prouvé sa valeur lors de la rébellion de Robert et de la rébellion de Balon Greyjoy. Il s'est depuis converti à la religion du dieu Rouge R'hllor et est conseillé par une étrange femme, Mélisandre d'Asshai. Il vient d'apprendre qu'il est le légitime roi du trône de fer, les prétendus enfants de Robert étant des abominations issus de l'inceste. Mais avant de pouvoir renvendiquer sa juste place en tant que roi, il va devoir affronter son jeune frère Renly qui s'est couronné roi.;;;Stannis Baratheon, segundo hijo de Steffon Baratheon y Cassana Estermont siempre ha sido un hombre serio y austero. Poco sociable, siempre ha vivido a la sombra de su hermano mayor Robert y resentido con su hermano pequeño Renly, ya que este recibió Bastión de Tormentas. Sin embargo, es un hombre justo que probó su valor en la Rebelión de Robert y en la Rebelión de Balon Greyjoy. Se ha convertido a la religión del Dios Rojo y está asesorado por una extraña mujer, Melisandre de Asshai. Acaba de enterarse que él es el legítimo Rey del Trono de Hierro, ya que los pretendidos hijos de Robert en realidad son abominaciones nacidas del incesto. Pero antes de poder reclamar su justo lugar como Rey, deberá enfrentarse a su joven hermano Renly que se ha proclamado rey.;;;;;;;;;x
#ERA_CHAR_NAME_5317;Renly Baratheon;Renly Baratheon;;;Renly Baratheon;;;;;;;;;x
#ERA_CHAR_INFO_5317;Given the lordship of the Stormlands as a boy, charismatic and handsome Renly Baratheon has found it easy to charm his way through life and court with comfort and ease. Appointed Lord of Storm's End and Master of Laws, he was one of the most influential lords under his brother Robert and now seeks to expand his power. With the death of Robert, chaos has broken out and Renly has arranged himself an alliance with the powerful Tyrell family by marrying the fair Lady Margaery Tyrell. Under the urgings of his new allies he has crowned himself King and rallies the largest army on the continent. First though, there stands one more obstacle in the way before he can take King's Landing and the crown. His older brother Stannis.;Renly de la maison Baratheon, le Premier de son Nom, roi des Andals, de Rhoynar et des Premiers Hommes, Seigneur des Sept Couronnes et Protecteur du Royaume est le plus jeune frère de feu Robert Baratheon. Mais cela ne l'a pas empêché de revendiquer le trône de fer, gagnant à sa cause les Terres de l'Orage et le Bief.;;;Renly Baratheon, Señor de Bastión de Tormentas desde niño, es un hombre carismático y apuesto que se desenvuelve muy bien en la corte. Siendo el Señor Supremo de las Tierras de la Tormenta y Consejero de Leyes es uno de los hombres más influyentes del Reino y ahora busca incrmentar su poder. Con la muerte de Robert, el caos ha estallado y Renly ha sellado una alianza con la casa Tyrell de Altojardín al casarse con la bella Margaery Tyrell. Con el apoyo de sus nuevos aliados se ha coronado Rey y ha formado el ejército más grande del continente. Sin embargo, se alza oto obstáculo en su camino antes de que pueda tomar el Trono de Hierro, su hermano mayor Stannis.;;;;;;;;;x
ERA_CHAR_NAME_1107;Balon Greyjoy;Balon Greyjoy;;;Balon Greyjoy;;;;;;;;;x
ERA_CHAR_INFO_1107;For centuries, the Ironborn have chaffed under the yoke of greenlander oppression. The first time Balon Greyjoy, Lord of The Iron Islands, fought to return to the old ways, it cost him three sons. Two feast for eternity in the halls of the Drowned God, one stolen away to be held captive amongst the greenlanders. He ultimately bent the knee, as 'what is dead may never die, but rises again harder and stronger.' The greenlanders are now weak and divided, with a boy sitting atop the Iron Throne and half the kingdom arrayed against him. The moment to strike again is now. Word has reached Balon that his sole surviving son, Theon, is returning to the Iron Islands. Time will soon tell whether he has kept true to the old ways or been corrupted by the degeneracy of his captors.;Balon de la maison Greyjoy, le Neuvième de Son Nom depuis le Roi Gris, Roi des Iles de Fer et du Nord, Roi du Sel et du Roc, Fils du Vent de Mer et Lord Ravage de Pyk est un homme dur et pieux, désireux de renouer avec l'Antique Voie des fer-nés. Sa première rébellion fut un échec mais les troubles qui touchent les terres vertes depuis la mort de Robert Baratheon lui ont permi de relever la tête et de se proclamer roi une nouvelle fois. Le 'Jeune Loup' étant parti vers le sud pour affronter les Lannister, Balon IX a décidé de s'emparer du Nord et de se tailler un royaume digne de celui d'Harren le Noir au temps jadis.;;;Balon Greyjoy, el Noveno de su Nombre desde el Rey Gris, Rey de las Islas del Hierro y del Norte, Rey de Sal y Roca, Hijo del Viento Marino y Lord Segador de Pyke es un hombre duro y devoto, deseoso de reestablecer las Antiguas Costumbres de los hijpos del hierro. Su primera rebelión fue un fracaso pero los problemas que afectan a las tierras verdes tras la muerte de Robert Baratheon le han permitido alzarse de nuevo y proclamarse Rey una vez más. El 'Joven Lobo' ha partido al sur para enfrentarse a los Lannister y Balon IX ha decidido apoderarse del Norte y forjar un un reinado digno del que tuvo Harren el Negro tiempo atrás.;;;;;;;;;x
ERA_CHAR_NAME_1253;Mace Tyrell;Mace Tyrell;;;Mace Tyrell;;;;;;;;;x
ERA_CHAR_INFO_1253;Mace Tyrell the Puff Fish, Lord of Highgarden, has long wished in vain to see his only daughter, Margaery, as Queen of the Realm, and so see his future grandson on the Iron Throne. Now, with the death of King Robert Baratheon and the beheading of Lord Eddard Stark, the realm is at war. Mace's son, Loras, had arrived with Renly Baratheon with a plan for taking the crown. Lord Mace took a chance to fulfill his desires by supporting the young King Renly by marrying his daughter to him. But alas Renly has died, and so the Tyrells must now choose which King to back in this War of the Five Kings.;Mace Tyrell la Fleur de Suif, a longtemps souhaité en vain voir sa fille Margaery monter sur le trône. Avec la mort de Robert Baratheon et la décpitation de lord Eddard Stark, le royaume est en guerre. Loras, le fils de Mace, a proposé de soutenir Renly Baratheon dans ses revendications sur le trône de fer. Le mariage de Margaery avec le jeune Baratheon semblait une chance incroyable de voir le rêve de Mace se réaliser. Malheureusement Renly est mort et les Tyrell doivent désormais choisir le roi qu'ils vont soutenir.;;;Mace Tyrell, la Flor Gorda, desea desde hace tiempo ver a su hija Margaery sentada en el trono. Con la muerte de Robert Baratheon y la decapitación de Eddard Stark, el Reino está en guerra. Loras, el hijo de Mace, ha propuesto apoyar a Renly Baratheon en su reclamación al Trono de Hierro. El matrimonio de Margaery con el joven Baratheon parece una oportunidad increíble de ver el sueño de Mace hecho realidad. Desgraciadamente Renly está muerto y los Tyrell deben escoger a que rey apoyarán.;;;;;;;;;x
;;;;;;;;;;;;;;x
BM_BLACKWATER_BAY;A Storm of Swords;Une Tempête d'Epées;;;Tormenta de Espadas;;;;;;;;;x
BM_BLACKWATER_BAY_DESC;After Renly's death, Stannis took up a large army and smashed them against the walls of King's Landing. But the use of wildfire and tricks gave Tyrion Lannister, 'The Imp', the advantage. The realm sees a lot of changes.;Après la mort de Renly, Stannis se porta à la tête d’une immense armée qu’il lança à l’assaut des remparts de Port-Réal. Cependant l’utilisation du feu grégeois combinée à ses propres ruses donna l’avantage à Tyrion Lannister, dit le Lutin, et le Royaume connait à présent nombre de bouleversements.;;;Tras la muerte de Renly, Stannis marchó a la cabeza de un gran ejército con el que asaltó las murallas de Desembarco del Rey. Sin embargo, el empleo de fuego valyrio y otros ardides de Tyrion Lannister, apodado el Gnomo, la ciudad aguantó y el Trono de Hierro juzgará a los prisioneros.;;;;;;;;;x
;;;;;;;;;;;;;;x
BM_FEAST_FOR_CROWS;A Feast for Crows;Un Festin pour les Corbeaux;;;Festín de Cuervos;;;;;;;;;x
#BM_FEAST_FOR_CROWS_DESC;The War of the Five Kings seems to be winding down. Robb Stark, Joffrey Baratheon, Renly Baratheon and Balon Greyjoy are dead. King Stannis Baratheon has fled to the Wall, where Jon Snow has become Lord Commander. King Tommen Baratheon, Joffrey's eight-year-old brother, now rules in King's Landing under the watchful eye of his mother, the Queen Regent Cersei Lannister. Lord Tywin Lannister is dead, murdered by his son Tyrion in his flight from the city. Sansa Stark is in hiding in the Vale, protected by Petyr Baelish who has murdered his wife Lysa Arryn and named himself Protector of the Vale and guardian of eight-year-old Lord Robert Arryn.;La Guerre des Cinq Rois semble sur sa fin. Robb Stark, Joffrey Baratheon, Renly Baratheon et Balon Greyjoy sont morts. Le Roi Stannis Baratheon a fui pour le Mur, où Jon Snow est devenu lord commandant. Le roi Tommen Baratheon, le jeune frère de 8 ans de Joffrey, dirige maintenant Port-Réal sous l'oeil attentif de sa mère, la reine régente Cersei Lannister. Lord Tywin Lannister est mort, assassiné par son fils Tyrion. Sansa Stark est cachée dans le Val, protégée par Petyr Baelish qui a assassiné sa femme Lysa Arryn est s'est auto-proclamé Protecteur du Val et tuteur du Lord Robert Arryn, âgé de 8 ans.;;;La Guerra de los Cinco Reyes parece llegar a su fin. Robb Stark, Joffrey Baratheon, Renly Baratheon y Balon Greyjoy están muertos. El Rey Stannis Baratheon ha huido hacia el Muro, donde Jon Nieve se ha convertido en Lord Comandante. El Rey Tommen Baratheon, el joven hermano de 8 años de Joffrey, reina en Desembarco del Rey bajo la atenta mirada de su madre, la Reina regente Cersei Lannister. Tywin Lannister ha muerto, asesinado por su propio hijo Tyrion. Sansa Stark está escondida en el Valle, protegida por Petyr Baelish que ha matado a su mujer Lysa Arryn y se ha autoproclamado Lord Protector del Valle y tutor de Robert Arryn, que tiene 8 años.;;;;;;;;;x
BM_FEAST_FOR_CROWS_DESC;WARNING: THIS SCENARIO CONTAINS SPOILERS.;ATTENTION: CE SCENARIO CONTIENT DES SPOILERS;;;ADVERTENCIA: ESTE ESCENARIO CONTIENE SPOILERS.;;;;;;;;;x
;;;;;;;;;;;;;;x
BM_THIRD_BLACKFYRE_REBELLION;Third Blackfyre Rebellion;;;;Tercera Rebelión de los Fuegoscuro;;;;;;;;;x
BM_THIRD_BLACKFYRE_REBELLION_DESC;Haegon Blackfyre, fourth born son of Daemon Blackfyre, and Aegor Bittersteel launched an attack against Aerys Targaryen to try and claim the Iron Throne for the Blackfyres.;;;;Haegon Fuegoscuro, cuarto hijo de Daemon Fuegoscuro, y Aegor Aceroamargo lanzaron un ataque contra Aerys Targaryen para intentar reclamar el Trono de Hierro para los Fuegoscuro.;;;;;;;;;x
;;;;;;;;;;;;;;x
BM_FOURTH_BLACKFYRE_REBELLION;Fourth Blackfyre Rebellion;;;;Cuarta Rebelión de los Fuegoscuro;;;;;;;;;x
BM_FOURTH_BLACKFYRE_REBELLION_DESC;Daemon Blackfyre, the Third of His Name, eldest son of Haegon Blackfyre, along with Aegor Bittersteel launched an attack against King Aegon Targaryen, the Fifth of His Name, by landing at Massey's Hook.;;;;Daemon Fuegoscuro, el Tercero de Su Nombre, hijo mayor de Haegon Fuegoscuro, junto con Aegor Aceroamargo lanzaron un ataque contra el Rey Aegon Targaryen, el Quinto de Su Nombre, al desembarcar en Garfio de Massey.;;;;;;;;;x
;;;;;;;;;;;;;;x
BM_RAYMUN_REDBEARD_INVASION;Raymun Redbeard's Invasion;;;;La Invasión de Raymun Barbarroja;;;;;;;;;x
BM_RAYMUN_REDBEARD_INVASION_DESC;Raymun Redbeard united the free folk and crowned himself King-Beyond-the-Wall. He has the boldness to attack the Night's Watch after having seen how they have fallen into decline and are now in the perfect position to be caught off guard in a surprise attack.;;;;Raymun Barbarroja unió a los pueblos libres y se coronó Rey de Mas Allá del Muro.  He has the boldness de atacar a la Guardia de la Noche después de ver como han caído en declive y observar que ahora es el momento de tomarlos con la guardia baja con un ataque por sorpresa.;;;;;;;;;x
;;;;;;;;;;;;;;x
BM_LAUGHING_STORM_REBELLION;Laughing Storm Rebellion;;;;La Rebelión de Tormentalegre;;;;;;;;;x
BM_LAUGHING_STORM_REBELLION_DESC;Lord Lyonel Baratheon of the Stormlands, known as the Laughing Storm, had his daughter betrothed to Prince Duncan Targaryen. However, the Prince broke this betrothal and fell in love with a lowborn girl called Jenny of Oldstones. With this being a great slight against the honor of his House, how will the Laughing Storm respond?;;;;Lord Lyonel Baratheon de las Tierras de la Tormenta, conocido como Tormentalegre, había comprometido a su hija con el Príncipe Duncan Targaryen. Sin embargo, el Principe rompió su compromisó y se enamoró de una chica de baja alcurnia llamada Jenny de Piedrasviejas. Siendo esto un gran acto de desprecio contra el honor de su Casa, ¿cómo responderá Tormentalegre?;;;;;;;;;x
;;;;;;;;;;;;;;x
BM_RISE_OF_THREE_DAUGHTERS;Rise of the Three Daughters;;;;Ascenso de las Tres Hermanas;;;;;;;;;x
BM_RISE_OF_THREE_DAUGHTERS_DESC;In the Free Cities, the Triarchs of Volantis claim to be the true descendants of Old Valyria, putting their city in a higher status than the other former colonies of the Valyrian Freehold. Lys and Myr, after long years of bitter rivalry, decided to put aside their differences and together along with Tyrosh, they now wage war against powerful Volantis in the hopes of establishing a new unstoppable alliance of their own.;;;;En las Ciudades Libres, los Triarcas de Volantis claman ser verdaderos descendientes de la Vieja Valyria, poniendo el estatus de su ciudad por encima del resto de las antiguas colonias del Feudo Franco de Valyria. Lys y Myr, después de años de amarga rivalidad, han decidido dejar a un lado sus diferencias y, junto con Tyrosh, se preparan para la guerra contra la poderosa powerful Volantis, con la esperanza de establecer una nueva alianza que pueda hacerle frente.;;;;;;;;;x
