#CODE;ENGLISH;FRENCH;GERMAN;;SPANISH;;;;;;;;;x
EVTDESCclash_of_kings.500;My name is Robb Stark of Winterfell. I refused to bend my knee before the Lannister imposters. They must pay for the murder of my father and the abduction of my sisters. Spurred on by my loyal vassals, I have been crowned King in the North and Trident, claiming back the ancestral birthright of my noble House from the corrupt and degenerate Iron Throne. Now I must choose a Queen to rule with me, I have been betrothed to Roslin Frey, however in a moment of weakness I laid with Jeyne Westerling and she may be carrying my child. Do I risk angering the Freys to maintain her honour or do I seek the best alliance to secure the war?;Mon nom est Robb Stark de Winterfell. J'ai refusé de ployer le genou devant les imposteurs Lannister, ils doivent payer pour le meurtre de mon père. Sous l'impulsion de mes vassaux, j'ai été couronné Roi du Nord et du Trident et j'ai revendiqué les terres de mes ancêtres qui se trouvent sous l'autorité du décadent trône de fer. Je dois désormais choisir une reine, je suis fiancé à Roslin Frey seulement, dans un moment de faiblesse, j'ai partagé la couche de Jeyne Ouestrelin et elle porte peut-être mon enfant. Dois-je risquer de froisser les Frey pour ne pas la déshonorer ou dois-je maintenir la meileure alliance pour m'assurer de remporter la victoire ? ;;;Mi nombre es Robb Stark de Invernalia. Me negué a doblar la rodilla ante los impostores Lannister. Deben pagar por el asesinato de mi padre y el secuestro de mis hermanas. Alentado por mis leales vasallos, he sido coronado Rey en el Norte y del Tridente, reclamando de nuevo el derecho de nacimiento ancestral de mi noble Casa ante la corrupción y degeneración del Trono de Hierro. Ahora he de escoger una reina que reine conmigo, me han prometido a Roslin Frey, sin embargo, en un momento de debilidad me acoste con Jeyne Westerling y podría llevar dentro a mi hijo. Corro el riesgo de enfadar a los Frey por romper mi promesa... ¿O debo mantener la mejor alianza para intentar ganar la guerra?;;;;;;;;;x
EVTOPTAclash_of_kings.500;I made a promise to the Freys which I must keep;J'ai fait une promesse aux Frey que je dois tenir;;;Hice una promesa a los Frey, debo mantenerla;;;;;;;;;x
EVTOPTBclash_of_kings.500;Jeyne's honour must be preserved, I will marry her;L'honneur de Jeyne doit être préservé, je l'épouserai;;;El honor de Jeyne debe ser preservado, me casaré con ella;;;;;;;;;x
EVTOPTCclash_of_kings.500;There are better alliances to win the war;Il y a de meilleures alliances pour gagner la guerre;;;Hay mejores alianzas para ganar la guerra;;;;;;;;;x
EVTDESCclash_of_kings.501;I, King Joffrey of House Baratheon, First of my Name, rightful Lord of the Seven Kingdoms, hereby declare my uncles Stannis and Renly, along with the Starks of Winterfell, to be traitors and enemies of the Crown. Any other man daring to challenge my noble ascendency and right to rule the Seven Kingdoms will also be attained, and his head mounted atop the gates of King's Landing.;Moi, Joffrey de la maison Baratheon, le véritable roi des Sept Couronnes, déclare à présent mes oncles Renly et Stannis ainsi que les Stark de Winterfell traîtres et ennemis de la couronne. Toute autre personne osant remettre en cause ma noble ascendance et mes droits sur la couronne sera mise à mort et sa tête sera fichée au bout d'une pique au-dessus des portes de Port-Réal.;;;Yo, el rey Joffrey de la Casa Baratheon , El primero de su nombre, legítimo Rey de los Ándalos, los Rhoynar y los Primeros Hombres, señor de los Siete Reinos y Protector del Reino, declaro a mis tíos Stannis y Renly traidores y enemigos de la Corona, junto con los Stark de Invernalia. Cualquier hombre que se atreva a desafiar mi noble ascendencia y derecho de gobernar los Siete Reinos será ejecutado, y su cabeza ensartada en una pica a las puertas de Desembarco del Rey.;;;;;;;;;x
EVTOPTAclash_of_kings.501;BRING ME THEIR HEADS! NOW!;JE VEUX LEUR TETE !!;;;TRAEDME SUS CABEZAS!! AHORA!!;;;;;;;;;x
EVTDESClash_of_kings.1;;;;;;;;;;;;;;x
EVTTITLEclash_of_kings.1;Parley at Storm's End;Pourparlers à Accalmie;;;Parlamento en Bastión de Tormentas;;;;;;;;;x
EVTDESCclash_of_kings.1;I've never liked my brother, but he is my own blood, and I've no wish to fight him. Besides, to take King's Landing, I need the power of the lords sworn to him. If he'll but bend the knee and swear me fealty, I'll have no quarrel with him.;Je ne l’ai jamais aimé, mais comme il n’en est pas moins mon sang, je n’ai aucune envie de le tuer. De plus, pour m’emparer de la cité, les forces de ces seigneurs du Sud que j’aperçois là-bas, dans la campagne, me sont indispensables. Mon frère les a. Il me faut les lui enlever.;;;Nunca me ha gustado mi hermano, pero él es de mi propia sangre, y no tengo ningún deseo de luchar contra él. Además, para tener Desembarco del Rey, necesito el poder de sus señores juramentados. Pero debe doblar la rodilla y jurarme lealtad, y no tendré nada en contra de él.;;;;;;;;;x
EVTOPTAclash_of_kings.1;He has a point - my cause is hopeless.;Il marque un point, ma cause est désespérée;;;Tiene razón, mi causa no es posible.;;;;;;;;;x
EVTOPTBclash_of_kings.1;I am the rightful King!;Je suis le Roi légitime !;;;Yo soy el Rey legítimo!;;;;;;;;;x
EVTTOOLTIPclash_of_kings.3;will respond;va répondre;;;responderá;;;;;;;;;x
EVTDESCclash_of_kings.2;Stannis' claim rested on the word of a dead man and naught else. He has, for once in his life, come to his senses and decided to back me, his younger, bolder, and far more comely brother.;Les revendications de Stannis reposent sur les mots d'un défunt. Il a, pour une fois dans sa vie, entendu raison et décidé de me supporter, moi, son frère;;;Las reclamaciones de Stannis descansan en la palabra de un hombre muerto y en nada más. El tiene, por una vez en su vida, que entrar en razón y decidir apoyarme, porque soy más joven, apuesto y más audaz.;;;;;;;;;x
EVTOPTAclash_of_kings.2;He finally sees sense.;Il entend enfin raison;;;Él finalmente se dio cuenta.;;;;;;;;;x
EVTDESCclash_of_kings.3;What am I to do with this brother of mine? He refuses my peach, he refuses my castle, he even shunned my wedding. The whole of the realm denies his claim to the Iron Throne and yet he will not see reason beyond his blind pride. Well, the Lannisters can wait until I've dealt with him: I hope your new god's a merciful one, brother...; Il refuse ma pêche, il refuse mon château, il a même boudé mes noces... Les Lannister n’ont qu’à attendre mon bon plaisir. J’espère que ton nouveau dieu n’ignore point la compassion, frère.;;;¿Qué voy a hacer con este hermano mío? Rechaza mi melocotón, rechaza mi castillo, incluso rehuyó mi boda. Todo el reino niega su derecho al Trono de Hierro y sin embargo, no tiene más causa que su orgullo ciego. Bueno, los Lannister pueden esperar hasta que me haya ocupado de él. Espero que tu nuevo dios sea un ser misericordioso, hermano...;;;;;;;;;x
EVTOPTAclash_of_kings.3;The rightful King is the one with the bigger army.;Le roi légitime est celui qui possède la plus grande armée;;;El Rey legítimo es el que tiene el ejército más grande.;;;;;;;;;x
EVTOPTBclash_of_kings.3;He has a point - my claim is unjust.;Il marque un point, ma revendication n'est pas juste;;;Tiene razón, mi reivindicación es injusta.;;;;;;;;;x
EVTTOOLTIPclash_of_kings.4;Negotiations will break down.;Les négociations vont échouer;;;Las negociaciones se rompen.;;;;;;;;;x
EVTDESCclash_of_kings.4;Renly is a thief and a usurper! My younger brother owes me loyalty and obedience, and I mean to have them both! All those who deny my right to the Iron Throne are my foes, and Renly's the first among them.;Je réclame uniquement ce qui m’appartient de droit. Renly me doit obéissance et loyauté. J’entends obtenir cela. De lui comme des seigneurs susdits;;;Renly es un ladrón y un usurpador! Mi hermano menor me debe lealtad y obediencia, y me refiero a tener las dos! Todos los que niegan mi derecho al Trono de Hierro son mis enemigos, y Renly el primero de ellos.;;;;;;;;;x
EVTOPTAclash_of_kings.4;Battle it is then...;Alors les armes vont parler…;;;Batalla entonces...;;;;;;;;;x
EVTOPTAclash_of_kings.5;He's made the right choice.;Il a fait le bon choix;;;Ha hecho la elección correcta.;;;;;;;;;x
EVTDESCclash_of_kings.5;Renly has struck his banners and yielded to my claim as Robert's lawful heir. In return, he shall remain lord of Storm's End and be heir apparent until a son is born to me.;Renly a jeté sa bannière et s'est rangé à mes revendications. En retour, il lui sera garanti le fief d'Accalmie et il sera mon héritier jusqu'à ce que j'ai un fils;Renly à jeté sa bannière et s'est rangé à mes revendiquations. En retour, il lui sera garanti le siège d'Accalmie et sera nommé mon héritier jusqu'à ce que j'ai un fils;;Renly ha bajado su estandarte y ha cedido a mi reivindicación como heredero legítimo de Robert. A cambio, él permanecerá como señor de Bastión de Tormentas y será mi heredero hasta que tenga un hijo.;;;;;;;;;x
EVTTOOLTIPclash_of_kings.2;You will support [This.GetFirstName] in his claim on the Iron Throne.;Vous allez soutenir [This.GetFirstName] dans ses revendications sur le Trône de Fer ;;;Apoyarás a [This.GetFirstName] en su reivindicación al Trono de Hierro.;;;;;;;;;x
EVTDESCclash_of_kings.508;With the support of the vassals of the Stormlands and through the marriage to Mace Tyrell's daughter, Margaery of the Reach, I have decided to enforce my claim on the Iron Throne against the Lannisters. But there is one more obstacle: my older brother, Stannis...;Avec le soutien des vassaux des Terres de l'Orage et du Bief grâce à mon mariage avec la fille de Mace Tyrell, Margaery, j'ai décidé de faire valoir mes droits sur le Trône de Fer. Mais quelqu'un se met en travers de ma route, mon frère aîné, Stannis...;;;Con el apoyo de los vasallos de las Tierras de las Tormentas y a través del matrimonio con la hija de Mace Tyrell, Margaery del Dominio, he decidido hacer valer mi derecho al Trono de Hierro contra los Lannister. Pero hay un obstáculo más: mi hermano mayor, Stannis...;;;;;;;;;x
EVTOPTAclash_of_kings.508;I will be king.;Je ferai un bien meilleur roi que tous les autres !;;;Yo seré rey.;;;;;;;;;x
EVTDESCclash_of_kings.502;With the death of my dear father Jon Arryn, I, Robert, am the last of the ancient Arryn bloodline and I cannot afford to risk the survival of my most noble House in a pointless rebellion against the Iron Throne. We shall fight for no one.;Avec la mort de mon cher père Jon Arryn, moi, Robert, suis le dernier de la lignée des Arryn. Je ne peux pas risquer ma vie dans une vaine rébellion contre le Trône de Fer. Nous ne nous battrons pour personne.;;;Con la muerte de mi querido padre Jon Arryn, yo, Robert, soy el último del antiguo linaje Arryn y no puedo poner en riesgo la supervivencia de mi noble Casa en una rebelión inútil contra el Trono de Hierro. No lucharemos por nadie.;;;;;;;;;x
EVTOPTAclash_of_kings.502;The Eyrie is impregnable!;Les Eyrié sont imprenables !;;;El Nido de Águilas es inexpugnable!;;;;;;;;;x
EVTDESCclash_of_kings.503;With the death of my son-in-law, King Robert I, Lord Eddard Stark attempted to usurp the throne. After justice was done, Robb Stark, heir of the late Lord Eddard and self-styled 'King In The North', managed to capture my valiant son Jaime at the battle of Whispering Wood. We shall free him, wage vengeance on House Stark, and crush the Baratheon uprising, thereby securing the Iron Throne for my grandson Joffrey and the power for my House.;La mort de Robert a servi de prétexte à Eddard Stark pour 'tenter un coup d'état'. Son fils Robb, le prétendu 'Roi du Nord', a capturé mon fils Jaime dans le Bois-aux-Murmures. Je le récupérerai et écraserai la rébellion Baratheon, pour que mon petit-fils puisse régner en paix;;;'Con la muerte de mi yerno, el rey Robert I, Lord Eddard Stark intentó usurpar el trono. Después de que se hiciese justicia, Robb Stark, heredero del difunto Lord Eddard y autodenominado ''Rey del Norte'', logró la captura de mi valiente hijo Jaime en la batalla del Bosque Susurrante. Debemos liberarlo, venganrnos de la Casa Stark , y aplastar la sublevación Baratheon, asegurando de esta manera el Trono de Hierro para mi nieto Joffrey y el poder de mi Casa.';;;;;;;;;x
EVTOPTAclash_of_kings.503;Hear Me Roar;Je Rugis;;;Oye mi Rugido.;;;;;;;;;x
EVTDESCclash_of_kings.504;Sixteen years ago, the Lannisters killed my sister and her little children when they eventually sided with Robert Baratheon in the damned 'War of the Usurper'. We shall stay out of this war... for now.;Il y a seize ans, les Lannister ont assassiné ma soeur et mes deux neveux alors qu'ils n'avaient rien à voir avec la guerre de l'Usurpateur. Nous allons rester hors de cette guerre pour le moment.;;;'Hace dieciséis años, los Lannister mataron a mi hermana y a sus hijos pequeños cuando finalmente se pusieron en el bando de Robert Baratheon en la maldita 'Guerra del Usurpador ''. Vamos a permanecer fuera de esta guerra ... por ahora.';;;;;;;;;x
EVTOPTAclash_of_kings.504;But we will have our revenge...;Nous aurons notre vengeance !;;;Pero tendremos nuestra venganza...;;;;;;;;;x
EVTDESCclash_of_kings.505;The Ironborn have too long lived under the shackles of the 'men' from the greenlands. It's time we hoist the flag of freedom and live up to the Old Way! Just in time, my son Theon has returned from Winterfell with an offer...;Les Fer-Nés ont trop longtemps vécu sous le joug des 'hommes' des contrées vertes. Il est temps de hausser le drapeau de la rébellion et de la liberté ! Mais mon fils Theon est revenu de Winterfell avec une offre...;;;'Los hijos del hierro han vivido demasiado tiempo bajo los grilletes de los ''hombres'' de las tierras verdes. Es hora de izar la bandera de la libertad y vivir con la vieja manera de hacerlo! Justo a tiempo, mi hijo Theon ha regresado de Invernalia con una oferta ...';;;;;;;;;x
EVTOPTAclash_of_kings.505;I shall pay the Iron price for my crown!;Je dois payer le fer-prix pour ma couronne !;;;Voy a pagar el precio del hierro por mi corona!;;;;;;;;;x
EVTDESCclash_of_kings.506;My adorable daughter Margaery has recently married Renly Baratheon, the true King of Westeros. I will support my son-in-law to the very end.;Ma fille Margaery s'est récemment mariée avec Renly Baratheon, le véritable roi. Je soutiendrai mon beau-fils jusqu'au bout.;;;Mi adorable hija Margaery se ha casado recientemente con Renly Baratheon, el verdadero Rey de Poniente. Apoyaré a mi yerno hasta el final.;;;;;;;;;x
EVTOPTAclash_of_kings.506;My daughter will be the Queen!;Ma fille sera reine !;;;Mi hija va a ser la Reina!;;;;;;;;;x
EVTDESCclash_of_kings.507;During the War of the Ursurper, Eddard Stark, Lord of Winterfell, married my daughter Catelyn. For this, the Starks and Tullys are allied by blood, the strongest of bonds. It is our duty and honor to stand beside my grandson in his time of need.;Durant la guerre de l'Usurpateur, Eddard Stark, Lord de Winterfell, s'est marié à ma fille Catelyn. Pour cela, les Stark et les Tully sont alliés par le sang, le plus puissant des liens. Il est de notre devoir d'être aux côtés de mon petit-fils durant ces temps troublés.;;;Durante la Guerra del Usurpador, Eddard Stark, señor de Invernalia, se casó con mi hija Catelyn. Por ello, los Stark y Tully están aliados por la sangre, el más fuerte de los vínculoss. Es nuestro deber y honor estar al lado de mi nieto en este momento de necesidad.;;;;;;;;;x
EVTOPTAclash_of_kings.507;The King of the Trident!;Le Roi du Trident !;;;El Rey del Tridente!;;;;;;;;;x
EVTDESCclash_of_kings.6;With my brother dead, I must press my rightful claim on the Iron Throne against Cersei's abominations. I alone am Robert Baratheon's lawful heir! To King's Landing!;Avec la mort de mon frère, c'est à moi de reprendre le Trône de Fer des mains des abominations de Cersei. Je suis le seul hériiter légitime de Robert ! A Port-Réal !;;;Con mi hermano muerto, tengo que presionar mi derecho legítimo en el Trono de Hierro contra las abominaciones de Cersei. Yo soy el heredero legítimo de Robert Baratheon! A Desembarco del Rey!;;;;;;;;;x
EVTOPTAclash_of_kings.6;Time to claim my birthright.;Il est temps de revendiquer les droits que m'a octroyés ma naissance;;;Es hora de reclamar mi derecho de nacimiento.;;;;;;;;;x
EVTDESCclash_of_kings.7;Cersei's children are clearly abominations of incest, not King Robert's trueborn heirs. My liege is therefore the true King, and I shall fight to defend his birthright.;En me penchant ainsi et avec la lumière, je peux voir un début de ressemblance. Les enfants de Cersei sont les héritiers de droit, et je les soutiendrai;;;Los hijos de Cersei son claramente abominaciones del incesto, no herederos del Rey Robert. Por consiguiente, mi señor es el verdadero Rey, y voy a luchar para defender su derecho de nacimiento.;;;;;;;;;x
EVTOPTAclash_of_kings.7;He is the rightful King of the Seven Kingdoms.;Il est le suzerain légitime des Sept Couronnes;;;Él es el verdadero Rey de los Siete Reinos.;;;;;;;;;x
EVTOPTBclash_of_kings.505;Seems like a fair offer to me.;Cela semble une offre juste;;;Parece una oferta justa para mí.;;;;;;;;;x
EVTDESCclash_of_kings.8;The North has won its war, thanks in no small part to the Ironmen and our ships. Now they shall fulfill their promise to us. I hereby claim the Driftwood Crown of Urron Redhand.;Le Nord a gagné sa guerre, grâce notamment aux Fer-nés et à nos bateaux. Maintenant ils se doivent de tenir les promesses qu'ils nous ont faites. Je revendique la couronne de Bois-Flotté d'Urron Mainrouge!;;;El Norte ha ganado la guerra, gracias en gran parte a los Hombres del Hierro y sus barcoluengos. Ahora deberán cumplir su promesa. Reclamo la corona de la Sal y la Roca de Urron Manorroja.;;;;;;;;;x
EVTOPTAclash_of_kings.8;King of Salt and Rock!;Roi du Sel et du Roc !;;;Rey de Sal y de Roca!;;;;;;;;;x
EVTDESCclash_of_kings.11;At long last have I have found my family!;J'ai enfin retrouvé ma famille!;;;Por fin he encontrado a mi familia!;;;;;;;;;x
EVTOPTAclash_of_kings.11;I feel safe now.;Je me sens en sécurité désormais;;;Me siento a salvo.;;;;;;;;;x
EVTDESCclash_of_kings.12;Joyous news [Root.PrimaryTitle.GetFOA], [From.GetFirstName] has been found alive and well when [From.GetSheHe] was previously thought dead!;Joyeuse nouvelle [Root.PrimaryTitle.GetFOA], [From.GetFirstName] a été retrouvé vivant(e) et en bonne santé alors qu' [From.GetSheHe] était présumé(e) mort(e)!;;;Feliz noticia [Root.PrimaryTitle.GetFOA], [From.GetFirstName] ha sido encontrado sano y salvo cuando se le daba por muerto!;;;;;;;;;x
EVTOPTAclash_of_kings.12;Great news!;Bonne nouvelle !;;;¡Buenas noticias!;;;;;;;;;x
EVTDESCclash_of_kings.13;[Root.GetFirstName] Lannister, I declare that my brother Robert left no trueborn issue of his body, and that you and your siblings are abominations of incest between Queen Cersei Lannister and Ser Jaime the Kingslayer. By right of birth and blood, I do lay claim to the Iron Throne and hence declare war.\n Signed,\n[From.GetFirstName] of House [From.GetOnlyDynastyName], the First of [From.GetHerHisCap] Name, [From.GetKingQueen] of the Andals, the Rhoynar, and the First Men, and Lord of the Seven Kingdoms;[Root.GetFirstName] Lannister, je déclare que mon frère Robert n'a pas laissé d'héritier de sa chair, et j'affirme que vous et votre fratrie êtes des abominations de l'inceste entre la reine Cersei Lannister et Ser Jaime le Régicide. Par droit de naissance et de sang, je revendique le Trône de Fer et conséquemment vous déclare la guerre.\nSigné,\n[From.GetFirstName] de la Maison [From.GetOnlyDynastyName], le Premier de Son Nom, Roi des Andals, de Rhoynar et des Premiers Hommes, Seigneur des Sept Couronnes et Protecteur du Royaume.;;;[Root.GetFirstName] Lannister, declaro que mi hermano Robert no dejó ningún descendiente, y que tu y tus hermanos sois abominaciones provocadas por el incesto entre la Reina Cersei Lannister y Ser Jaime el Matarreyes. Por derecho de nacimiento y de sangre, reclamo el Trono de Hierro y por consiguiente declaro la guerra.\n Firmado,\n[From.GetFirstName] de la Casa [From.GetOnlyDynastyName], el primero de su nombre, rey de los Ándalos y los Rhoynar y los Primeros Hombres, señor de los Siete Reinos y Protector del Reino.;;;;;;;;;x
EVTOPTAclash_of_kings.13;Usurper!;Usurpateur!;;;Usurpador!;;;;;;;;;x
EVTDESCclash_of_kings.14;King [Root.GetFirstNameWithDynasty], I see just cause in your struggle against the Iron Throne, and your promise of a crown is most just. I will take up arms and stand beside you.\n\n To Victory!\n[From.GetFirstNameWithDynasty];Roi [Root.GetFirstNameWithDynasty], je vois une juste cause dans votre lutte contre le Trône de Fer, et vos droits à la couronne fondés. Je vais prendre les armes et me ranger derrière votre bannière.\n\n Cordialement,\n[From.GetFirstNameWithDynasty];;;Rey [Root.GetFirstNameWithDynasty], veo una causa justa en tu lucha contra el Trono de Hierro, y tu promesa de una corona es más que justa. Voy a tomar las armas para estar a tu lado.\n\n Hacia la Victoria!\n[From.GetFirstNameWithDynasty];;;;;;;;;x
EVTOPTAclash_of_kings.14;Theon is an able envoy.;Theon est un émissaire capable;;;Theon es un enviado capaz.;;;;;;;;;x
EVTDESCroberts_rebellion.19;The Lords from the greenlands have settled their squabbles and now Robert Baratheon sits on the Iron Throne, instead of the Dragons. Perhaps now is the time to strike, whilst his rule is weak.;Les lords des terres vertes ont fini leur querelle et maintenant Robert Baratheon est assis sur le trône de Fer. Peut-être est-ce le bon moment pour frapper, alors que son autorité est faible. ;;;Los Señores de las tierras verdes han resuelto sus disputas y ahora Robert Baratheon se sienta en el Trono de Hierro, en lugar de los dragones. Tal vez ahora es el momento de atacar, mientras su gobierno sea débil.;;;;;;;;;x
EVTOPTAroberts_rebellion.19;We do not sow.;Nous ne semons pas;;;Nosotros no sembramos.;;;;;;;;;x
opinion_resentful_agot;Resentful;Amer;;;Resentido;;;;;;;;;x
EVTDESCclash_of_kings.15;The war against the Iron Throne is dragging on and it is no longer held by the Lannisters. I hold no grudge against this King, perhaps he would agree to let us return to the North unmolested if we offered a cessation of hostilities and peacefully bent the knee?;La guerre contre le Trône de Fer se prolonge, pourtant il n'est plus détenu par les Lannister. Je n'ai aucun grief contre ce Roi, peut-être acceptera-t-il de retourner sain et sauf au Nord si nous proposions la fin des hostilités et de plier le genou? ;;;La guerra contra el Trono de Hierro se está alargando y ya no está en manos de los Lannister. No tengo ningún rencor contra este rey, tal vez estaría de acuerdo en dejar que regresemos al Norte si proponemos un cese de las hostilidades y doblamos pacíficamente la rodilla?;;;;;;;;;x
EVTOPTAclash_of_kings.15;Offer Peace.;Offrir la paix;;;Ofrecer la Paz.;;;;;;;;;x
EVTOPTCclash_of_kings.15;As long as I remain [Root.GetTitle] in the North;Offrir la paix;;;Si me quedo como [Root.GetTitle] en el Norte;;;;;;;;;x
EVTOPTBclash_of_kings.15;We shall not bend the knee!;Nous ne ploierons pas le genou !;;;No vamos a doblar la rodilla!;;;;;;;;;x
EVTDESCclash_of_kings.16;[Root.GetTitle] [Root.GetFirstNameWithDynasty], I hold no personal grudge against you and hence offer peace on the following terms: \n [From.GetFirstNameWithDynasty] will renounce his Crown and be named Warden of the North.\n All of [From.GetFirstNameWithDynasty]'s bannermen shall also swear fealty\n [From.GetFirstNameWithDynasty], [From.GetHerHis] family and [From.GetHerHis] bannermen shall all be allowed to return to their lands unmolested and will pledge to uphold the [Root.GetTitle]'s peace forthwith.;[Root.GetTitle] [Root.GetFirstNameWithDynasty], je n'ai aucune rancune personnelle envers vous et vous offre donc la paix dans les conditions suivantes: \n [From.GetFirstNameWithDynasty] renoncera à sa couronne et deviendra Gouverneur du Nord.\n Tous les bannerets de [From.GetFirstNameWithDynasty] jureront fidélité\n [From.GetFirstNameWithDynasty], sa famille et ses bannerets seront autorisés à retourner sains et saufs sur leur terre et promettront de maintenir la paix du [Root.GetTitle].;;;[Root.GetTitle] [Root.GetFirstNameWithDynasty], no sostengo ningún rencor personal en contra vuestra y por lo tanto ofrezco la paz con los siguientes términos:\n [From.GetFirstNameWithDynasty] renunciará a su corona y será nombrado Guardián del Norte.\n Todos los vasallos de [From.GetFirstNameWithDynasty] jurarán lealtad\n [From.GetFirstNameWithDynasty], familia y vasallos serán autorizados a regresar a sus tierras sin ser molestados y se comprometerán a mantener la paz de [Root.GetTitle] inmediatamente;;;;;;;;;x
EVTDESCclash_of_kings.16B;[Root.GetTitle] [Root.GetFirstNameWithDynasty], I hold no personal grudge against you and hence offer peace on the following terms: \n [From.GetFirstNameWithDynasty] will swear fealty to The Iron Throne, whilst retaining the style [From.GetTitle] in the North.\n All of [From.GetFirstNameWithDynasty]'s bannermen shall also swear fealty\n [From.GetFirstNameWithDynasty], [From.GetHerHis] family and [From.GetHerHis] bannermen shall all be allowed to return to their lands unmolested and will pledge to uphold the [Root.GetTitle]'s peace forthwith.;[Root.GetTitle] [Root.GetFirstNameWithDynasty], je n'ai aucune rancune personnelle envers vous et vous offre donc la paix dans les conditions suivantes: \n [From.GetFirstNameWithDynasty] renoncera à sa couronne et deviendra Gouverneur du Nord.\n Tous les bannerets de [From.GetFirstNameWithDynasty] jureront fidélité\n [From.GetFirstNameWithDynasty], sa famille et ses bannerets seront autorisés à retourner sains et saufs sur leur terre et promettront de maintenir la paix du [Root.GetTitle].;;;[Root.GetTitle] [Root.GetFirstNameWithDynasty], no sostengo ningún rencor personal en contra vuestra y por lo tanto ofrezco la paz con los siguientes términos:\n [From.GetFirstNameWithDynasty] jurará lealtad al Trono de Hierro, mientras mantenga el tratamiento de [From.GetTitle] en el Norte.\n Todos los vasallos de [From.GetFirstNameWithDynasty] jurarán lealtad\n [From.GetFirstNameWithDynasty], familia y vasallos serán autorizados a regresar a sus tierras sin ser molestados y se comprometerán a mantener la paz de [Root.GetTitle] inmediatamente;;;;;;;;;x
EVTTOOLTIPclash_of_kings.16;shall consider our terms of peace;va considérer les termes de la paix;;;deberá considerar nuestras condiciones de paz;;;;;;;;;x
EVTTOOLTIPclash_of_kings.16B;shall consider our terms of peace, under the condition of [Root.GetTitledFirstName] retaining [Root.GetHerHis] royal style.;va considérer les termes de la paix;;;deberá considerar nuestras condiciones de paz, bajo la condición de que [Root.GetTitledFirstName] mantenga su tratamiento real.;;;;;;;;;x
EVTOPTAclash_of_kings.16;A fair offer, we shall accept!;Une offre juste, nous acceptons !;;;Una oferta justa, vamos a aceptarla!;;;;;;;;;x
EVTOPTBclash_of_kings.16;No, they must be made to pay.;Non, ils doivent payer;;;No, deben ser obligados a pagar.;;;;;;;;;x
EVTTOOLTIPclash_of_kings.18;will be informed of your rejection of peace terms;va être informé du rejet des termes du traité de paix;;;será informado de tu rechazo a los términos de paz;;;;;;;;;x
EVTDESCclash_of_kings.17;[Root.GetFirstNameWithDynasty], you are most wise to offer terms for a peace. I accept and welcome you back into the [From.GetTitle]'s peace forthwith.\n\n Regards,\n[From.GetTitle] [From.GetFirstNameWithDynasty];[Root.GetFirstNameWithDynasty], vous êtes sage de proposer cette paix. J'accepte et vous accueille à nouveau dans la paix du [From.GetTitle].\n\n Cordialement,\n[From.GetTitle] [From.GetFirstNameWithDynasty];;;[Root.GetFirstNameWithDynasty], eres muy sabio ofreciendo una opferta para la paz... Acepto y te doy la bienvenida de nuevo en la paz del [From.GetTitle].\n\n Saludos,\n[From.GetTitle] [From.GetFirstNameWithDynasty];;;;;;;;;x
EVTOPTAclash_of_kings.17;It is over.;C'est fini;;;Se ha terminado.;;;;;;;;;x
EVTDESCclash_of_kings.18;[Root.GetFirstNameWithDynasty], I am afraid I cannot accept your offer of peace, your treachery shall not go unpunished.\n\n Regards,\n[From.GetTitle] [From.GetFirstNameWithDynasty];[Root.GetFirstNameWithDynasty], je crains que je ne puisse accepter les termes de l'accord, votre trahison ne peut rester impunie.\n\n Cordialement,\n[From.GetTitle] [From.GetFirstNameWithDynasty];;;[Root.GetFirstNameWithDynasty], me temo que no puedo aceptar tu oferta de paz, tu traición no quedará impune. \n\n Saludos,\n[From.GetTitle] [From.GetFirstNameWithDynasty];;;;;;;;;x
EVTOPTAclash_of_kings.18;We must fight on it seems...;Il semble que nous devions nous battre;;;Parece que tndremos que luchar...;;;;;;;;;x
EVTDESCroberts_rebellion.20;All hail Lord [Root.GetFirstNameWithDynasty], the Voice of Oldtown, Lord of the Port, Lord of the Hightower, Defender of the Citadel and Beacon of the South!;Gloire à Lord [Root.GetFirstNameWithDynasty], la Voix de Villevieille, Seigneur du Port, Sire de la Grand-Tour, Défenseur de la Citadelle et Phare du Sud !;;;Viva el Señor [Root.GetFirstNameWithDynasty], la Voz de Antigua, Señor del Puerto, Señor de Torrealta, Defensor de la Ciudadela y Faro del Sur!;;;;;;;;;x
EVTOPTAroberts_rebellion.20;All hail!;Gloire à lui !;;;Viva!;;;;;;;;;x
TOOLTIPRETURNICE;Ice, the ancestral great sword of House Stark, is returned to [Root.GetFirstNameWithDynasty]\n;Glace, l'épée ancestrale de la maison Stark, revient à [Root.GetFirstNameWithDynasty]\n ;;;Hielo, la gran espada ancestral de la Casa Stark, es devuelta a [Root.GetFirstNameWithDynasty]\n;;;;;;;;;x
IMPRISONALLLANNISTERS;[From.GetFirstNameWithDynasty], as well all Lannisters in King's Landing, shall be imprisoned\n;[From.GetFirstNameWithDynasty], ainsi que tous les Lannister à Port-Real devront être emprisonnés\n;;;[From.GetFirstNameWithDynasty], así como todos los Lannister en Desembarco del Rey, serán encarcelados\n;;;;;;;;;x
EVTDESCclash_of_kings.19;[Root.GetFirstName] Lannister, I hereby decree that you are not fit to be King, your unjust actions prove it thus. So by virtue of blood and ability, and the backing of the noble Lords of the Reach, I do lay claim to the Iron Throne of Westeros. \n\n Signed,\n[FromFrom.GetFirstName] of House [FromFrom.GetOnlyDynastyName], the First of [FromFrom.GetHerHisCap] Name, [FromFrom.GetKingQueen] of the Andals, the Rhoynar, and the First Men, and Lord of the Seven Kingdoms;[Root.GetFirstName] Lannister, par la présente je déclare que vous n'êtes pas digne d'être Roi, vos actes injustes nous le prouvent. Ainsi, en vertu du sang et de la capacité, ainsi que du support des seigneurs du Bief, je revendique le Trône de Fer de Westeros. \n\nSigné,\n[From.GetFirstName] de la Maison [From.GetOnlyDynastyName], le Premier de Son Nom, Roi des Andals, de Rhoynar et des Premiers Hommes, Seigneur des Sept Couronnes et Protecteur du Royaume.;;;[Root.GetFirstName] Lannister, por la presente decreto que no estás en condiciones de ser rey, tus acciones injustas lo demuestran. Así, en virtud de la sangre y la capacidad, y con el respaldo de los nobles señores del Dominio, reivindico el Trono de Hierro de Poniente.\n\n Firmado,\n[FromFrom.GetFirstName] de la Casa [FromFrom.GetOnlyDynastyName], el primero  de su nombre, Rey de los Ándalos y los Rhoynar y los Primeros Hombres, señor de los Siete Reinos y Protector del Reino.;;;;;;;;;x
EVTOPTAclash_of_kings.19;Usurper!;Usurpateur !;;;Usurpador!;;;;;;;;;x
JAIMEISTHEFATHER;[From.GetFirstNameWithDynasty] and their siblings shall henceforth be legally known as bastard offspring of Jaime and Cersei Lannister\n;[From.GetFirstNameWithDynasty] et ses frères et sœurs seront désormais légalement reconnus comme la progéniture bâtarde de Jaime et Cersei Lannister\n;;;[From.GetFirstNameWithDynasty] y sus hermanos serán de ahora en adelante conocidos legalmente como hijos bastardos de Jaime y Cersei Lannister\n;;;;;;;;;x
TOOLTIPFREYSANGRY;Because you broke a solemn vow to wed one of his daughters, [This.GetFirstNameWithDynasty] will be outraged and will withdraw his levies from the war\n;Puisque vous avez brisé le vœu solennel de marier l'une de ses filles, [This.GetFirstNameWithDynasty] va être offensé et va rappeller ses troupes\n;;;Debido a que rompiste una promesa solemne a casarte con una de sus hijas, [This.GetFirstNameWithDynasty] se siente ultrajado y retirará sus tropas de la guerra\n;;;;;;;;;x
EVTDESCclash_of_kings.20;Renly Baratheon, who was married to our beloved Margaery, has tragically died and now we have no King to support. But Petyr Baelish has presented us with an intriguing alliance offer from the Lannisters which would see Margaery become a Queen once more. However, Renly's heir Stannis has a strong claim: perhaps we should honor his memory by supporting his brother?;Renly Baratheon, qui était marié à notre bien aimée Margaery, est mort tragiquement et maintenant nous n'avons plus de roi à soutenir. Mais Petyr Baelish s'est présenté à nous avec une offre d'alliance fort intriguante de la part des Lannister qui voudraient voir Margaery redevenir reine à nouveau. Cependant l'héritier de Renly dispose d'une solide revendication, peut-être devrions nous honorer sa mémoire en soutenant son frère? ;;;Renly Baratheon, que estaba casado con nuestra querida Margaery, falleció trágicamente y ahora no tenemos rey. Pero Petyr Baelish nos ha presentado una intrigante oferta de alianza con los Lannister que convertiría de nuevo a Margaery en una reina. Sin embargo, el heredero de Renly, Stannis, tiene una demanda fuerte: tal vez deberíamos honrar su memoria apoyando a su hermano?;;;;;;;;;x
EVTOPTAclash_of_kings.20;The Lannisters are the right choice, these are our demands...;Les Lannister, voilà le bon choix, celui qui répondra à nos demandes;;;Los Lannister son la elección correcta, estas son nuestras demandas...;;;;;;;;;x
EVTOPTBclash_of_kings.20;It's best if we wait this out;Il serait plus judicieux d'attendre;;;Es mejor si esperamos;;;;;;;;;x
EVTOPTCclash_of_kings.20;We must support the true Baratheon heir.;Nous devons soutenir le véritable héritier des Baratheon;;;Debemos apoyar al verdadero heredero Baratheon.;;;;;;;;;x
TOOLTIPclash_of_kings.20A;In return for House Tyrell backing House Lannister in the war, the following shall be done:\n[This.GetTitle] [This.GetFirstName] and Margaery Tyrell shall be wed\n;En échange du soutien de la Maison Tyrell à la Maison Lannister dans la guerre, certaines choses doivent être accomplies:\n[This.GetTitle] [This.GetFirstName] et Margaery Tyrell devront se marier\n;;;A cambio de que la Casa Tyrell respalde a la Casa Lannister en la guerra, lo siguiente se cumplirá:\n[This.GetTitle] [This.GetFirstName] y Margaery Tyrell se casarán\n;;;;;;;;;x
TOOLTIPclash_of_kings.20E;Ser [This.GetFirstNameWithDynasty] shall be granted a place on the Kingsguard\n;Ser [This.GetFirstNameWithDynasty] se verra octroyer une place dans Garde Royale\n;;;Don [This.GetFirstNameWithDynasty] será nombrado Guardia Real\n;;;;;;;;;x
TOOLTIPclash_of_kings.20F;Ser [This.GetFirstNameWithDynasty] shall be granted Brightwater Keep and all the lands and incomes of House Florent\n;Ser [This.GetFirstNameWithDynasty] se verra octroyer Rubriant ainsi que les terres et revenus de la Maison Florent\n;;;A Don [This.GetFirstNameWithDynasty] se le otorgará Aguasclaras y todas las tierras y los ingresos de la Casa Florent\n;;;;;;;;;x
TOOLTIPclash_of_kings.20D;King [Root.GetFirstName] shall set aside [Root.Spouse.GetFirstName] [Root.Spouse.GetOnlyDynastyName]\n;Le Roi [Root.GetFirstName] devra renoncer à [Root.Spouse.GetFirstName] [Root.Spouse.GetOnlyDynastyName]\n;;;Rey [Root.GetFirstName] romperá el compromiso con [Root.Spouse.GetFirstName] [Root.Spouse.GetOnlyDynastyName]\n;;;;;;;;;x
TOOLTIPclash_of_kings.20B;As a reward for services to the crown, Lord [This.GetFirstNameWithDynasty] shall be granted Harrenhal at the end of the war\n;En reconnaissance de ses services à la Couronne, Lord [This.GetFirstNameWithDynasty] se verra octroyer Harrenhal à la fin de la guerre\n;;;Como recompensa por los servicios a la corona, a [This.GetFirstNameWithDynasty] se le concederá Harrenhal al final de la guerra\n;;;;;;;;;x
EVTDESCclash_of_kings.21;Renly Baratheon has died, and now his brother and would-be-usurper Stannis stands against the Iron Throne and House Lannister. Maragery Tyrell was Renly's queen, and her family would still desire a royal alliance, it seems: Petyr Baelish has managed to negotiate an agreement with them. We need only wed our Houses together and the might and wealth of the Reach shall be with us, which would surely lead to the crushing of Stannis and the Starks both.;Renly Baratheon est mort. Désormais l'usurpateur Stannis s'oppose au Trône de Fer et à la Maison Lannister. Margaery Tyrell était la reine de Renly et sa famille désire toujours une alliance royale aussi Petyr Baelish a-t-il tenté de négocier un accord. Nous devons seulement marier nos deux Maisons ensemble et la puissance de Hautjardin se joindra à nous, ce qui suffira sûrement à écraser Stannis et les Stark. ;;;Renly Baratheon ha muerto, y ahora su hermano y usurpador Stannis se levanta contra el Trono de Hierro y la Casa Lannister. Margaery Tyrell fue reina de Renly, y su familia todavía desea una alianza real, por lo que parece Petyr Baelish ha logrado negociar un acuerdo con ellos. Con la unión entre nuestras casas el poder y la riqueza del Dominio estarán con nosotros. Lo que sin duda conducirá a la destrucción de Stannis y los Stark.;;;;;;;;;x
EVTOPTAclash_of_kings.21;Yes, this will sway the war.;Oui, voilà le chemin à suivre;;;Sí, esto influirá en la guerra.;;;;;;;;;x
EVTOPTBclash_of_kings.21;But [Root.Spouse.GetFirstName] is my true love!;Mais [Root.Spouse.GetFirstName] est mon véritable amour !;;;Pero [Root.Spouse.GetFirstName] es mi amor verdadero!;;;;;;;;;x
EVTOPTCclash_of_kings.21;But Sansa is my true love!;Mais Sansa est mon véritable amour !;;;Pero Sansa es mi amor verdadero!;;;;;;;;;x
TOOLTIPclash_of_kings.23;will be informed of your rejection;va être informé de votre refus;;;será informado de tu rechazo;;;;;;;;;x
EVTDESCclash_of_kings.22;[Root.PrimaryTitle.GetFOA], the Lannisters and his Grace have accepted your terms for an alliance: we'll move to war at once, side by side! ;[Root.PrimaryTitle.GetFOA], les Lannister et Sa Grâce ont accepté les termes de l'alliance, désormais nous pouvons partir en guerre !;;;[Root.PrimaryTitle.GetFOA], los Lannister y su Alteza han aceptado los términos de una alianza: nos dirigiremos a la guerra, codo con codo!;;;;;;;;;x
EVTOPTAclash_of_kings.22;Margaery shall be Queen once more!;Margaery sera reine à nouveau !;;;Margaery será la Reina una vez más!;;;;;;;;;x
EVTDESCclash_of_kings.23;[Root.PrimaryTitle.GetFOA], [From.GetFirstNameWithDynasty] has rejected you terms of alliance, preferring to stay loyal to his betrothed [From.Spouse.GetFirstName] [From.Spouse.GetOnlyDynastyName];[Root.PrimaryTitle.GetFOA], [From.GetFirstNameWithDynasty] a rejeté les termes de l'alliance, préférant rester loyal à sa fiancée [From.Spouse.GetFirstName] [From.Spouse.GetOnlyDynastyName];;;[Root.PrimaryTitle.GetFOA], [From.GetFirstNameWithDynasty] ha rechazado los términos de la alianza, prefiriendo permanecer fiel a su prometida [From.Spouse.GetFirstName] [From.Spouse.GetOnlyDynastyName];;;;;;;;;x
EVTOPTAclash_of_kings.23;Fool, my terms were generous!;Idiot, mes termes n'étaient pas excessifs;;;Idiota, mis condiciones eran generosas!;;;;;;;;;x
TOOLTIPclash_of_kings.20C;[This.GetTitle] [This.GetFirstNameWithDynasty] shall be removed from the Kingsguard\n;[This.GetTitle] [This.GetFirstNameWithDynasty] devra être renvoyé de la Garde Royale\n;;;[This.GetTitle] [This.GetFirstNameWithDynasty] deberá ser retirado de la Guardia Real\n;;;;;;;;;x
EVTTITLEclash_of_kings.20;The Rose and the Lion;La Rose et le Lion;;;La Rosa y el León;;;;;;;;;x
EVTDESCclash_of_kings.24;My beloved [Root.Spouse.GetFirstName] has given me the heir I have been seeking!;Ma tendre [Root.Spouse.GetFirstName] m'a donné l'héritier que je désirais ! ;;;Mi amada [Root.Spouse.GetFirstName] me ha dado el heredero que he estado buscando!;;;;;;;;;x
EVTOPTAclash_of_kings.24;My line shall rule.;Ma lignée continuera;;;Mi linaje gobernará.;;;;;;;;;x
TOOLTIPclash_of_kings.25;will decide what to do with the Iron Throne.;va décider quoi faire avec le Trône de Fer;;;decidirá qué hacer con el Trono de Hierro.;;;;;;;;;x
EVTDESCclash_of_kings.25;The war is won, the Lannisters are in our hands, Ned Stark is avenged. Northmen and Riverlords alike have sacked King's Landing for all it's worth, and now I stand before the Iron Throne itself...;La guerre est gagnée, les Lannister sont entre nos mains, Ned Stark est vengé. Les Nordiens et les Seigneurs du Conflans ont mis à sac Port-Real pour la punir et je me tiens désormais sur le Trône de Fer lui-même…;;;La guerra se ha ganado, los Lannister están en nuestras manos, Ned Stark ha sido vengado. Norteños y ribereños han saqueado Desembarco del Rey, y ahora me encuentro ante el propio Trono de Hierro...;;;;;;;;;x
EVTOPTAclash_of_kings.25;Stannis and his heirs should have it, it is theirs by right.;Stannis et ses héritiers devraient l'avoir, il est leur de droit;;;Stannis y sus herederos deberían tenerlo, es suyo por derecho.;;;;;;;;;x
EVTOPTBclash_of_kings.25;Renly is the strongest person for the throne.;Renly est le plus apte pour le trône;;;Renly es la persona más fuerte para el trono.;;;;;;;;;x
EVTOPTCclash_of_kings.25;This throne does not concern me, I shall leave King's Landing and come back home.;Ce trône ne me concerne pas, je vais quitter Port-Réal et revenir chez moi;;;Este trono no me concierne, dejaré Desembarco del Rey y volveré a casa.;;;;;;;;;x
EVTOPTDclash_of_kings.25;I claim the Iron Throne by right of conquest!;Je revendique le Trône de Fer par droit de conquête !;;;Reclamo el Trono de Hierro por derecho de conquista!;;;;;;;;;x
TOOLTIPEVTOPTCclash_of_kings.25;A power vacuum shall be left, the first claimant to enter King's Landing shall gain the throne.\n;Une période de vide politique va s'ouvrir, le premier prétendant à entrer à Port-Real gagnera le Trône.\n;;;Hay un gran vacío de poder, el primer pretendiente en entrar en Desembarco del Rey conseguirá el trono.\n;;;;;;;;;x
EVTDESCclash_of_kings.26;[Root.PrimaryTitle.GetFOA], I bring great tidings from King's Landing. [From.GetFirstNameWithDynasty] has sacked the city and has taken the Lannisters as his prisoners, and [From.GetSheHe] has deemed you the most worthy claimant to the Throne. [From.GetSheHeCap] may rue this however, when we make this so-called King bend the knee once more...;[Root.PrimaryTitle.GetFOA], j'apporte de grandes nouvelles de Port-Réal. [From.GetFirstNameWithDynasty] a mis a sac la ville et fait prisonniers les Lannister. [From.GetSheHe] a déclaré que vous étiez le candidat le plus digne pour vous asseoir sur le Trône. [From.GetSheHeCap] pourra le regretter cependant, lorsque ce soi-disant Roi pliera à nouveau le genou... ;;;[Root.PrimaryTitle.GetFOA], traigo grandes noticias de Desembarco del Rey. [From.GetFirstNameWithDynasty] ha saqueado la ciudad y ha tomado a los Lannister como sus prisioneros, y se ha considerado como el más digno pretendiente al Trono. Puede que lamente esa decisión, ya que le haremos doblar la rodilla otra vez...;;;;;;;;;x
EVTOPTAclash_of_kings.26;The Kingdom is mine!;Le Royaume est mien !;;;El Reino es mío!;;;;;;;;;x
EVTDESCclash_of_kings.27;[Root.PrimaryTitle.GetFOA], I bring tidings of great concern from King's Landing. [FromFrom.GetFirstNameWithDynasty] has sacked the city and has taken the Lannisters as his prisoners, however [FromFrom.GetSheHe] has granted [e_iron_throne.Holder.GetFirstNameWithDynasty] the Iron Throne!;[Root.PrimaryTitle.GetFOA], j'apporte de grandes nouvelles de Port-Réal. [FromFrom.GetFirstNameWithDynasty] a mis à sac la ville et fait prisonniers les Lannister, cependant [FromFrom.GetSheHe] a offert le Trône de Fer à [From.GetFirstNameWithDynasty]!;;;[Root.PrimaryTitle.GetFOA], os traigo nuevas noticias preocupantes de Desembarco del Rey. [FromFrom.GetFirstNameWithDynasty] [FromFrom.GetOnlyDynastyName] ha saqueado la ciudad y ha tomado a los Lannister como sus prisioneros, y ha concedido a [From.GetFirstNameWithDynasty] el Trono de Hierro!;;;;;;;;;x
EVTOPTAclash_of_kings.27;They will both bend their knees... to us!;Ils plieront tous le genou...;;;Ellos dos doblarán las rodillas ... para nosotros!;;;;;;;;;x
EVTDESCclash_of_kings.28;[Root.PrimaryTitle.GetFOA], I bring tidings of great interest from King's Landing. [FromFrom.GetFirstNameWithDynasty] has sacked the city and has taken the Lannisters as his prisoners. In their place [FromFrom.GetSheHe] has named [From.GetFirstNameWithDynasty] as the successor to the Iron Throne!;[Root.PrimaryTitle.GetFOA], j'apporte de grandes nouvelles de Port-Réal. [FromFrom.GetFirstNameWithDynasty] a mis à sac la ville et fait prisonniers les Lannister, à leur place [FromFrom.GetSheHe] a nommé [From.GetFirstNameWithDynasty] comme successeur au Trône de Fer !;;;[Root.PrimaryTitle.GetFOA], os traigo noticias de gran interés de Desembarco del Rey. [FromFrom.GetFirstNameWithDynasty] ha saqueado la ciudad y ha tomado a los Lannister como sus prisioneros. Ha nombrado a [From.GetFirstNameWithDynasty] como el sucesor al Trono de Hierro!;;;;;;;;;x
EVTOPTAclash_of_kings.28;The war will not stop...;La guerre ne prendra pas fin…;;;La guerra no se detendrá ...;;;;;;;;;x
EVTDESCclash_of_kings.29;[Root.PrimaryTitle.GetFOA], I bring great tidings from King's Landing. [From.GetFirstNameWithDynasty] has sacked the city and has taken the Lannisters as his prisoners. [From.GetSheHeCap] has claimed the Iron Throne by right of conquest, styling [From.GetHerHim]self [From.GetTitledFirstName], Lord of the Seven Kingdoms!;[Root.PrimaryTitle.GetFOA], j'apporte de grandes nouvelles de Port-Réal. [From.GetFirstNameWithDynasty] a mis à sac la ville et fait prisonniers les Lannister. [From.GetSheHeCap] a revendiqué le Trône de Fer par droit de conquête, se proclamant lui-même [From.GetTitledFirstName], Seigneur des Sept Couronnes !;;;[Root.PrimaryTitle.GetFOA], traigo grandes noticias de Desembarco del Rey. [From.GetFirstNameWithDynasty] ha saqueado la ciudad y ha tomado a los Lannister como sus prisioneros. Ha reclamado el Trono de Hierro por derecho de conquista. [From.GetTitledFirstName], señor de los Siete Reinos!;;;;;;;;;x
EVTOPTAclash_of_kings.29;Another King...;Un autre Roi…;;;Otro rey...;;;;;;;;;x
EVTDESCclash_of_kings.30;[Root.PrimaryTitle.GetFOA], I bring great tidings from King's Landing. [From.GetFirstNameWithDynasty] has sacked the city and has taken the Lannisters as his prisoners. [From.GetSheHeCap] has left the city to it's own devices, leaving a power vacuum in King's Landing. A claimant must merely walk through the gates and name himself King...;[Root.PrimaryTitle.GetFOA], j'apporte de grandes nouvelles de Port-Réal. [From.GetFirstNameWithDynasty] a mis à sac la ville et fait prisonniers les Lannister. [From.GetSheHeCap] a quitté la ville de son propre chef, laissant derrière lui un vide politique à Port-Réal. Un prétendant doit simplement marcher sur la ville et se proclamer Roi... ;;;[Root.PrimaryTitle.GetFOA], traigo grandes noticias de Desembarco del Rey. [From.GetFirstNameWithDynasty] ha saqueado la ciudad y ha tomado a los Lannister como sus prisioneros. Ha salido de la ciudad dejándola a su suerte, dejando un vacío de poder en Desembarco del Rey. El primer pretendiente que entre en Desembarco del Rey conseguirá el trono.;;;;;;;;;x
EVTOPTAclash_of_kings.30;Who will fill this power vacuum?;Qui le fera ?;;;¿Quién va a llenar este vacío de poder?;;;;;;;;;x
EVTDESCclash_of_kings.31;Our host arrived at the gates of King's Landing to find no opposition. The Starks left no authority here, so we merely had to march up the Red Keep and claim the Iron Throne...;Notre ost a passé les portes de Port-Réal sans rencontrer de résistance. Les Stark ont laissé un vide politique derrière eux, nous n'avons donc qu'à prendre le Donjon Rouge et revendiquer le Trône de Fer…;;;Nuestras huestes llegaron a las puertas de Desembarco del Rey y no encontraron oposición. Los Starks no dejarón ninguna autoridad, así que simplemente hemos de llegar a la Fortaleza Roja y reclamar el Trono de Hierro...;;;;;;;;;x
EVTOPTAclash_of_kings.31;The Kingdom is mine!;Le Royaume est mien !;;;El Reino es mío!;;;;;;;;;x
EVTDESCclash_of_kings.32;[Root.PrimaryTitle.GetFOA], I bring tidings of great concern from King's Landing. [From.GetFirstNameWithDynasty] has marched into the city unopposed, seating [From.GetHerHim]self upon the Iron Throne!;[Root.PrimaryTitle.GetFOA], j'apporte de grandes nouvelles de Port-Réal. [From.GetFirstNameWithDynasty] est entré dans la ville sans rencontrer d'opposition et s'est assis sur le Trône de Fer ! ;;;[Root.PrimaryTitle.GetFOA], os traigo noticias preocupantes de Desembarco del Rey. [From.GetFirstNameWithDynasty] ha marchado a la ciudad sin oposición, sentándose en el Trono de Hierro!;;;;;;;;;x
EVTOPTAclash_of_kings.32;I will make [From.GetHerHim] bend the knee.;Je lui ferai ployer le genou;;;Haré que doble la rodilla.;;;;;;;;;x
EVTDESCclash_of_kings.33;[Root.PrimaryTitle.GetFOA], I bring tidings of great interest from King's Landing. [From.GetFirstNameWithDynasty] has marched into the city unopposed, seating [From.GetHerHim]self upon the Iron Throne!;[Root.PrimaryTitle.GetFOA], j'apporte de grandes nouvelles de Port-Réal. [From.GetFirstNameWithDynasty] est entré dans la ville sans rencontrer d'opposition et s'est assis sur le Trône de Fer ! ;;;[Root.PrimaryTitle.GetFOA], os traigo noticias de gran interés de Desembarco del Rey. [From.GetFirstNameWithDynasty] ha marchado a la ciudad sin oposición sentándose en el Trono de Hierro!;;;;;;;;;x
opinion_usurped_throne;Usurped the Throne;A usurpé le Trône;;;Usurpó el trono;;;;;;;;;x
EVTOPTBclash_of_kings.30;This is my chance!;C'est ma chance !;;;Esta es mi oportunidad!;;;;;;;;;x
EVTDESCclash_of_kings.34;Our host arrived at the gates of King's Landing to find the city in chaos. The Starks left no authority here, so we have secured the city in the name of the King.;Notre ost est arrivé aux portes de Port-Réal pour y découvrir une ville laissée au chaos le plus total. Les Stark n'ont nommé aucune autorité, nous avons donc ramené l'ordre au nom du Roi.;;;Nuestras huestes llegaron a las puertas de Desembarco del Rey para encontrar la ciudad sumida en el caos. Los Stark no dejaron ninguna autoridad, así que hemos asegurado la ciudad en nombre del Rey.;;;;;;;;;x
EVTOPTAclash_of_kings.34;The Throne is secure from the usurpers for now;Le Trône est protégé des usurpateurs pour le moment;;;El trono está a salvo de los usurpadores, por ahora;;;;;;;;;x
EVTDESCclash_of_kings.35;[Root.PrimaryTitle.GetFOA], I bring tidings of great interest from King's Landing. [From.GetFirstNameWithDynasty] has marched into the city unopposed, securing the throne for the King from its would-be claimants, for now.;[Root.PrimaryTitle.GetFOA], j'apporte de grandes nouvelles de Port-Réal. [From.GetFirstNameWithDynasty] a marché sur la ville sans rencontrer de résistance, sécurisant le Trône pour le Roi qu'il soutient, pour l'instant. ;;;[Root.PrimaryTitle.GetFOA], os traigo noticias de gran interés de Desembarco del Rey. [From.GetFirstNameWithDynasty] ha marchado a la ciudad sin oposición, protegiendo el trono para el rey de sus pretendientes, por ahora.;;;;;;;;;x
EVTOPTAclash_of_kings.35;Will they hold the realm though?;Tiendront-ils le royaume ?;;;¿Van a mantener el reino?;;;;;;;;;x
#EVTDESCclash_of_kings.36;The war is lost, House Lannister is in ruins. Now I stand before [From.GetFirstNameWithDynasty], the [From.GetTitle] in the North, to hear [From.GetHerHis] judgement...;La guerre est perdue, la Maison Lannister est en ruines. Je me tiens désormais devant [From.GetFirstNameWithDynasty], le(a) [From.GetTitle] du Nord, pour entendre son jugement… ;;;Los guerra está perdida, la Casa Lannister está en ruinas. Ahora estoy ante [From.GetFirstNameWithDynasty], el [From.GetTitle] en el Norte, para escuchar su sentencia...;;;;;;;;;x
EVTOPTAclash_of_kings.36;I hope [From.GetSheHe] is merciful;J'espère qu'[From.GetSheHe] est miséricordieux(euse);;;Espero que sea misericordioso;;;;;;;;;x
TOOLTIPclash_of_kings.37;will decide your fate;va décider de votre destin;;;decidirá tu destino;;;;;;;;;x
EVTDESCclash_of_kings.37;Vengeance has finally be gained against the Lannisters, and now [From.GetFirstNameWithDynasty] stands before you to hear your judgement...;La vengeance envers les Lannister a enfin été obtenue et désormais [From.GetFirstNameWithDynasty] se tient devant vous, attendant votre jugement… ;;;La venganza ha sido finalmente obtenida contra los Lannister, y ahora [From.GetFirstNameWithDynasty] está delante de ti para escuchar tu sentencia...;;;;;;;;;x
EVTOPTAclash_of_kings.37;Spare [From.GetHerHim];Epargnez-le(a);;;Liberar;;;;;;;;;x
EVTOPTBclash_of_kings.37;Joffrey must answer for Ned's death;Joffrey doit répondre de la mort de Ned;;;Joffrey debe responder por la muerte de Ned;;;;;;;;;x
EVTOPTCclash_of_kings.37;Cersei must pay for her treason;Cersei doit répondre de sa trahison;;;Cersei debe pagar por su traición;;;;;;;;;x
EVTOPTDclash_of_kings.37;The Kingslayer, the man who threw Bran from the roof, must die;Le Régicide, l'homme qui a poussé Bran de la tour, doit mourir;;;El Matarreyes, el hombre que tiró a Bran al vacío, debe morir;;;;;;;;;x
EVTOPTEclash_of_kings.37;This imp is sly and evil, execute him!;Le Lutin est rusé et mauvais, exécutez le!;;;Este enano es taimado y perverso, ejecutadlo!;;;;;;;;;x
EVTOPTFclash_of_kings.37;[From.GetSheHeCap] may be a child, and may be blameless, but Lannisters must die;[From.GetSheHeCap] est peut-être un enfant, peut-être innocent, mais les Lannister doivent périr ;;;[From.GetSheHeCap] puede ser un niño, y puede ser inocente, pero es un Lannister y debe morir.;;;;;;;;;x
EVTOPTGclash_of_kings.37;Execute [From.GetHerHim]!;Exécutez-le(a)!;;;Ejecutar!;;;;;;;;;x
EVTDESCclash_of_kings.38;[Root.GetFirstNameWithDynasty], The [From.GetTitle] has decided to be merciful despite your House's villainous actions. You shall be allowed to keep your life, but you will remain a prisoner of House Stark.\n\nThis is the judgement of [From.GetTitledFirstName], [From.GetTitle] in the North, [From.GetTitle] of Winter and the First Men, Lord of [From.Capital.GetName] and Protector of the Realm;[Root.GetFirstNameWithDynasty], le(a) [From.GetTitle] a décidé de se montrer miséricordieux(euse) malgré les mauvaises actions de votre Maison. Vous n'allez pas être exécuté mais vous resterez un prisonnier de la Maison Stark.\n\nTel est le jugement de [From.GetTitledFirstName], [From.GetTitle] du Nord, [From.GetTitle] de l'Hiver et des Premiers Hommes, Seigneur de [From.Capital.GetName] et Protecteur du Royaume;;;[Root.GetFirstNameWithDynasty], El [From.GetTitle] ha decidido ser misericordioso a pesar de las acciones viles de tu casa. Se te permitira seguir con vida, pero seguirás siendo un prisionero de la Casa Stark.\n\nEsta es la condena de [From.GetTitledFirstName], [From.GetTitle] en el Norte, [From.GetTitle] del Invierno y de los Primeros Pombres, Señor de [From.Capital.GetName] y Protector del Reino.;;;;;;;;;x
EVTOPTAclash_of_kings.38;At least I'm alive!;Au moins, je suis en vie !;;;Por lo menos estoy vivo!;;;;;;;;;x
EVTDESCclash_of_kings.39;[Root.GetFirstNameWithDynasty], The [From.GetTitle] has decided that the actions of your House and yourself cannot go unpunished and that the only just course of action is your beheading.\n\nThis is the judgement of [From.GetTitledFirstName], [From.GetTitle] in the North, [From.GetTitle] of Winter and the First Men, Lord of [From.Capital.GetName] and Protector of the Realm;[Root.GetFirstNameWithDynasty], le(a) [From.GetTitle] a décidé que les crimes de votre Maison ne pouvaient rester impunis et que la seule punition qui convienne était la décapitation.\n\nTel est le jugement de [From.GetTitledFirstName], [From.GetTitle] du Nord, [From.GetTitle] de l'Hiver et des Premiers Hommes, Seigneur de [From.Capital.GetName] et Protecteur du Royaume;;;[Root.GetFirstNameWithDynasty], El [From.GetTitle] ha decidido que las acciones de tu casa y tuyas no pueden quedar impunes y pagarás con tu decapitación.\n\nEsta es la sentencia de [From.GetTitledFirstName], [From.GetTitle] en el Norte, [From.GetTitle]  del Invierno y de los Primeros Hombres, Señor de [From.Capital.GetName] y Protector del Reino.;;;;;;;;;x
EVTOPTAclash_of_kings.39;This is not just!;Ce n'est pas juste !;;;Esto no es justo!;;;;;;;;;x
EVTDESCclash_of_kings.36;[Root.GetTitledFirstName], I declare that my brother Robert left no trueborn issue of his body, the boy Joffrey, the boy Tommen and the girl Myrcella being abominations of incest between Cersei Lannister and Ser Jaime the Kingslayer. By right of birth and blood I do lay claim to the Iron Throne, let all true men declare their loyalty.\n Signed, [From.GetFirstName] of House [From.GetOnlyDynastyName], the First of His Name, King of the Andals, the Rhoynar, and the First Men, and Lord of the Seven Kingdoms;[Root.GetTitledFirstName], j'affirme que mon frère Robert n'a laissé aucun enfant légitime, l'enfant Joffrey, l'enfant Tommen et la fille Myrcella sont des abominations de l'inceste entre Cersei Lannister et ser Jaime le Régicide. Par droit de naissance et de sang je revendique le Trône de Fer ,et j'attends que tous les honnêtes hommes du royaume me jurent fidélité.\n Signé, [From.GetFirstName] de la maison [From.GetOnlyDynastyName], le Premier de Son Nom, Roi des Andals, de Rhoynar et des Premiers Hommes, Seigneur des Sept Couronnes et Protecteur du Royaume.;;;[Root.GetTitledFirstName], declaro que mi hermano Robert no dejó ningún hijo de su sangre, Joffrey, Tommen y Myrcella son abominaciones del incesto entre Cersei Lannister y Jaime el Matarreyes. Por derecho de nacimiento y de sangre reclamo el Trono de Hierro, que todos los hombres verdaderos declaren su lealtad.\n Firmado, [From.GetFirstName] de la Casa [From.GetOnlyDynastyName], el primero de su nombre, rey de los Ándalos y los Rhoynar y los Primeros Hombres, señor de los Siete Reinos y Protector del Reino.;;;;;;;;;x
TOOLTIPclash_of_kings.36;He argues that they look nothing like their father, in that they have golden hair and not the black hair of a true Baratheon\nHe reveals that Cersei and Jaime Lannister have been carrying on an affair.\nHe also claims to have seen proof of their illegitimacy in the flames.\n;Il fait remarquer qu'ils ne ressemblent en rien à leur père, arborant des cheveux d'or et non noirs comme tout vrai Baratheon.\nIl révèle que Cersei et Jaime Lannister avaient une relation.\nIl affirme également avoir vu des preuves de leur illégitimité dans les flammes.\n;;;Argumenta que no se parecen en nada a su padre, ya que tienen el pelo de oro y no el pelo negro de un verdadero Baratheon\nRevela que Cersei y Jaime Lannister han tenido una aventura durante años.\nTambién afirma haber visto la prueba de su ilegitimidad en las llamas.\n;;;;;;;;;x
d_great_grass_sea;The Great Grass Sea;La Grande Mer Herbeuse;;;El Gran Mar de Hierba;;;;;;;;;x
k_great_grass_sea;The Great Grass Sea;La Grande Mer Herbeuse;;;El Gran Mar de Hierba;;;;;;;;;x
KHAL_male;Khal;Khal;;;Khal;;;;;;;;;x
KHAL_female;Khaleesi;Khaleesi;;;Khaleesi;;;;;;;;;x
KHALASAR_OF;Khalasar;Khalasar;;;Khalasar;;;;;;;;;x
EVTTITLEclash_of_kings.50;Mother of Dragons;Mère des Dragons;;;Madre de Dragones;;;;;;;;;x
EVTDESCclash_of_kings.50;Salvation! The prophetic Red Comet has led you to Qarth! As you pass through the three immense and elegantly painted walls that serve as one of the Nine Wonders of Man, you can't help but gaze at the bones of those who have been denied entry. Sheltered by Xaro Xhoan Daxos, you quickly discover the politics of Qarth to be a danger all its own, but danger does not stop the dragon.\n\n By burning the Lhazareen Witch you have laid claim to your birthright of Fire and Blood. The Usurper is dead, Westeros is shattered, and you long for home. Use this time to nurse your dragons and soon you will return to cast down the usurper's dogs and unite the Seven Kingdoms once more.;Enfin ! La comète rouge prophétique vous a guidé jusqu'à Qarth ! Alors que vous passez sous les trois immenses et élégantes portes qui font partie des neuf merveilles de l'homme, vous ne pouvez vous empêcher de penser à ceux qui sont morts et qui n'auront pas la chance de voir cette magnifique cité. Protégée et hébergée par Xaro Xhoan Daxos, vous ne tardez pas à découvrir les dangers de la politique à Qarth, mais les dangers n'arrêtent pas le dragon.\n\n En brûlant la sorcière lhazaréenne vous avez revendiqué votre droit de naissance, fait de Feu et de Sang. L'Usurpateur est mort, Westeros est au bord de l'éclatement. Vous êtes encore loin de chez vous, profitez de ce temps pour élever vos dragons, et bientôt vous reviendrez pour châtier les chiens de l'Usurpateurs et pour unir à nouveau les Sept Couronnes.;;;Salvación! La profecía del Cometa Rojo te ha llevado a Qarth! Al pasar a través de las tres paredes inmensas y elegantemente pintadas que sirven como una de las nueve Maravillas del Hombre, no puedes dejar de mirar los huesos de los que se les ha negado la entrada. Al abrigo de Xaro Xhoan Daxos, descubres rápidamente que la política de Qarth es muy peligrosa, pero el peligro no detiene al dragón.\n\n Por la quema de la bruja Ihazareena has reclamado tu derecho de nacimiento de Fuego y Sangre. El usurpador ha muerto, Poniente se hace añicos. Hay que aprovechar este tiempo para amamantar a los dragones y pronto volverás para aniquilar a los perros del usurpador y unir los Siete Reinos, una vez más.;;;;;;;;;x
EVTOPTAclash_of_kings.50;I am the rightful Queen!;Je suis la Reine légitime !;;;Yo soy la verdadera Reina!;;;;;;;;;x
EVTTITLEclash_of_kings.51;The House of the Undying;L'Hôtel des Nonmourants;;;La Casa de los Eternos;;;;;;;;;x
EVTDESCclash_of_kings.51;In this city of splendors, you find The House of the Undying to be the least splendid of all. You behold a grey and ancient ruin without towers or windows, it's crumbling form coiled like a serpent through a grove of black-barked trees bearing inky blue leaves. Your companions echo your hesitation, urging you not to enter, but ahead lies the path to your destiny.\n\n'Queen Daenerys must enter alone' says Pyat Pree, stepping out from the shadow of the trees, 'Take my arm and let me lead you'.;Dans cette ville de splendeurs, vous trouvez l'Hôtel des Nonmourants des plus vétustes.  La bâtisse est toute en longueur, serpentant un milieu du massif d'arbres. Le mortier de ses murs tombe en poussière et les tuiles noires qui le couvrent sont pour la plupart démises ou cassées. Vos compagnons font écho à votre hésitation, vous pressant de ne pas entrer. Mais votre destin se trouve face à vous.\n\n'La reine Daenerys entrera seule ou n'entrera pa'' dit Pyat Pree, surgissant de sous les arbres. 'Prenez mon bras, permettez que je vous conduise.';;;'En esta ciudad de esplendores, te encuentras La Casa de los Eternos que es la menos espléndida de todas. Contemplas una ruina gris y antigua, sin torres ni ventanas, de forma enroscada como la de una serpiente a través de un bosque de árboles de corteza negra y hojas azules. Tus compañeros no quieren seguir y te instan a no entrar, pero por delante se encuentra el camino hacia tu destino.\n\n''La reina Daenerys debe entrar sola ''dice Pyat Pree, al salir de la sombra de los árboles:'' Toma mi brazo y deja que te lleve ''.';;;;;;;;;x
EVTOPTAclash_of_kings.51;I am no child;Je ne suis pas une enfant;;;No soy una niña;;;;;;;;;x
EVTTITLEclash_of_kings.5100;Shade of the Evening;Ombre-du-Soir;;;Color-del-ocaso;;;;;;;;;x
EVTDESCclash_of_kings.5100;You make your way through the darkened grove and are presented with a crystal glass filled with thick blue liquid: shade of the evening, the wine of warlocks. You gulp down the potion and as the warlock speaks, you are reminded of every taste you have ever known…and none of them.\n\n'Within, you will see many things that disturb you. Visions of loveliness and visions of horror, wonders and terrors. Sights and sounds of days gone by and days to come and days that never were. If you value your soul, take care and do just as I tell you. Take the door to your right. Each time, the door to your right. If you should come upon a stairwell, climb. Never go down, and never take any door but the first to your right.';Vous progressez jusqu'à ce qu'on vous présente une fine flûte de cristal emplie d'un épais breuvage bleu : ombre-du-soir, le vin des conjurateurs. Vous buvez la potion et, tandis que le conjurateur parle, vous vous souvenez de toutes les saveurs que vous avez connues et aucune d'elles...\n\n'Avec ceci, vous allez voir de nombreuses choses qui vous toucheront. Des visions de délices et des visions d'horreur, merveilles et terreurs. Soupirs et sons de jours enfuis et de jours à venir et de jours qui jamais ne furent. Prenez garde et faîtes ce que je vous dis. Empruntez la porte à droite. Chaque fois, la porte à ma droite. Si vous arrivez devant une cage d'escalier, montez. Ne descendez pour rien au monde, et, pour rien au monde, n'allez emprunter d'autre porte que la première porte à droite.';;;'Caminas a través del oscuro bosque y te dan una copa de cristal llena de líquido espeso azul: color del ocaso, el vino de los brujos. Bebes la poción y el brujo te habla, te recuerda  todos los gustos que has conocido ... y ninguno de ellos.\n\n''Dentro, podrás ver muchas cosas que te perturbarán. Visiones bellas y visiones de terror, maravillas y terrores. Vistas y sonidos de antaño y de días que estan por venir y días que nunca existieron. Si valoras tu alma, ten cuidado y haz lo que yo te diga. Debes tomar la puerta de tu derecha. Siempre, la puerta de tu derecha. Si debes ir por una escalera, siempre debes subir. Nunca bajar, y nunca tomar ninguna puerta, pero el primero a la derecha''.';;;;;;;;;x
EVTOPTAclash_of_kings.5100;The door to my right…;La porte à ma droite…;;;La puerta de mi derecha...;;;;;;;;;x
EVTDESCclash_of_kings.5101;You find yourself in a stone anteroom with four doors, one on each wall. A mold-eaten carpet, once colored with whorls of gold, lies at your feet. Within the walls, you hear a faint scurrying and scrabbling of rats. You heed the warlock's advice and chose the right-most door three times, each leading you to a room identical as the one before. It's clear, you are in the presence of sorcery.;Vous vous trouvez dans un vestibule de pierre comportant quatre portes, une par mur. Au sol se trouve un tapis mité qui ne conservait qu'un vague souvenir de ses coloris somptueux de jadis. Vous suivez les instructions du conjurateur et choisissez par trois fois la porte de droite pour tomber à chaque fois dans une pièce identique à la précédente. C'est clair, il s'agit de sorcellerie.;;;Te encuentras en una antesala de piedra con cuatro puertas, una en cada pared. Una alfombra comida por el moho, que una vez estuvo decorada con hilos de oro. Oyes ruidos dentro de las paredes, como ratas que escarbaran y corretearan. Prestas atención a los consejos del brujo y eliges la puerta de más a tu derecha tres veces, cada una te conduce a una habitación idéntica a la anterior. Está claro, que estás en presencia de brujería.;;;;;;;;;x
EVTOPTAclash_of_kings.5101;I choose the door on the left...;Je choisis la porte à ma gauche…;;;Elijo la puerta de la izquierda...;;;;;;;;;x
EVTOPTBclash_of_kings.5101;I choose the door in the middle...;Je choisis la porte au centre…;;;Elijo la puerta que está en el medio...;;;;;;;;;x
EVTOPTCclash_of_kings.5101;I choose the door on the right...;Je choisis la porte à ma droite…;;;Elijo la puerta a la derecha...;;;;;;;;;x
EVTOPTDclash_of_kings.5101;Blue. No, yell- Aughhhhh!;Bleu. Non jau- Aaaaaaah !;;;Azul. No, amar-Aughhhhh!;;;;;;;;;x
EVTTITLEclash_of_kings.5102;Wolf in the Sunlight;Le loup à la lumière du soleil;;;Lobo en la luz del sol;;;;;;;;;x
EVTDESCclash_of_kings.5102;You emerge into a long, dim, high-ceilinged hall. Along the right hand is a row of torches burning with a smoky orange light, but the only doors are to your left and not all of them are closed. You tell yourself not to look, but the temptation is too strong...\n\nIn one room you see a Dire Wolf bearing an iron crown perched atop a dune of sand. He howls triumphantly beneath a blazing sun, the gleaming corpse of a golden lion speared beneath him. His eyes follow you with contempt as you continue down the hall. Only a stairwell down marks the end of the passage, and still, the only doors are to your left.;Vous aboutissez à un long corridor obscur et très haut de plafond. Sur le côté droit brûlent de loin en loin des torches qui répandent une lumière orange et fuligineuse, mais il n'y a des portes qu'à votre gauche et toutes ne sont pas fermées. Vous vous forcez à ne pas regarder... mais la tentation est trop forte...\n\nDans l'une des pièces vous apercevez un loup-garou couronné de fer et perché sur une dune de sable. Il hurle triomphalement devant un soleil flamboyant, le cadavre d'un lion d'or gît à ses pieds, transpercé de part en part par une lance. Son regard vous suit alors que vous poursuivez votre route. A la fin du corridor vous trouvez une cage d'escalier s'enfonçant dans les ténébres et toutes les portes se trouvent à votre gauche.;;;Emerges en una sala alargada, de techos altos, envuelta en la penumbra. A lo largo de la pared derecha había una hilera de antorchas que ardían con luz anaranjada y humeante, pero todas las puertas estaban a la izquierda y no todas ellas están cerradas. Te dices que no vas a mirar, pero la tentación es demasiado fuerte...\n\nEn una sala hay un lobo temible que lleva una corona de hierro en lo alto de una duna de arena. Él aúlla triunfalmente bajo un sol ardiente ante el cadáver resplandeciente de un león de oro atravesado por una lanza en su vientre. Sus ojos te siguen con desprecio a medida que continuas por el pasillo. Sólo una escalera hacia abajo marca el final del pasaje, y aún así, las únicas puertas están a tu izquierda.;;;;;;;;;x
EVTOPTAclash_of_kings.5102;The first door on the right...is the last door to the left!;La première porte sur la droite… est la dernière porte sur la gauche !;;;La primera puerta a la derecha...es la última puerta a la izquierda!;;;;;;;;;x
EVTTITLEclash_of_kings.5103;Breaking of the Arm;Le bras cassé;;;Rotura del Brazo;;;;;;;;;x
EVTDESCclash_of_kings.5103;You emerge into a long, dim, high-ceilinged hall. Along the right hand is a row of torches burning with a smoky orange light, but the only doors are to your left and not all of them are closed. You tell yourself not to look, but the temptation is too strong...\n\nIn one room you gaze upon a long stretch of sandy bluffs being engulfed by tidal waves of massive proportions. The land breaks apart before your very eyes as enormous chunks of earth rain down into the sea like pebbles splashing into a pool. You turn away from the awe-inspiring sight, for you must continue down the hall. Only a stairwell down marks the end of the passage, and still, the only doors are to your left.;Vous aboutissez à un long corridor obscur et très haut de plafond. Sur le côté droit brûlent de loin en loin des torches qui répandent une lumière orange et fuligineuse, mais il n'y a des portes qu'à votre gauche et toutes ne sont pas fermées. Vous vous forcez à ne pas regarder... mais la tentation est trop forte...\n\nDans l'une des pièces vous apercevez une langue de terre couverte de sable, submergée par des vagues immenses. La terre se brise devant vos yeux avant de disparaître dans les profondeurs de la mer. Vous vous détournez de la vision et continuez votre chemin.;;;Emerges en una sala alargada, de techos altos, envuelta en la penumbra. A lo largo de la pared derecha había una hilera de antorchas que ardían con luz anaranjada y humeante, pero todas las puertas estaban a la izquierda y no todas ellas están cerradas. Te dices que no vas a mirar, pero la tentación es demasiado fuerte...\n\nEn una habitación ves un largo tramo de acantilados de arena que están siendo engullidos por olas de grandes proporciones. La tierra se rompe ante tus propios ojos y ves caer fragmentos de tierra al mar. Te das la vuelta porque debes continuar por el pasillo. Sólo una escalera hacia abajo marca el final del pasaje, y aún así, las únicas puertas están a tu izquierda.;;;;;;;;;x
EVTTITLEclash_of_kings.5104;The Red Room;La chambre rouge;;;El Cuarto Rojo;;;;;;;;;x
EVTDESCclash_of_kings.5104;You emerge into a long, dim, high-ceilinged hall. Along the right hand is a row of torches burning with a smoky orange light, but the only doors are to your left and not all of them are closed. You tell yourself not to look, but the temptation is too strong...\n\nIn one room you come upon a feast of corpses. Savagely slaughtered, the feasters lay strewn across overturned chairs and hacked trestle tables, asprawl in pools of congealing blood. In the throne above them sits a dead man with the head of a wolf and an iron crown. His eyes follow you with mute appeal as you continue on. Only a stairwell down marks the end of the passage, and still, the only doors are to your left.;Vous aboutissez à un long corridor obscur et très haut de plafond. Sur le côté droit brûlent de loin en loin des torches qui répandent une lumière orange et fuligineuse, mais il n'y a des portes qu'à votre gauche et toutes ne sont pas fermées. Vous vous forcez à ne pas regarder... mais la tentation est trop forte...\n\nDans l'une des pièces vous apercevez un banquet de cadavres. Abominablement massacrés, les convives gisent pèle-mêle, recroquevillés parmi des sièges renversés, des tables à tréteaux démolies, dans des mares de sang mal coagulé. Certains n'ont plus de membres ni même de tête. Des mains tranchées tiennent toujours une coupe sanglante, une cuillère de bois, du pilon rôti, un morceau de pain. De son trône les domine un mort à face de loup. La tête couronnée de fer, il tient en guise de sceptre un gigot d'agneau, et, lourd d'un appel muet, son regard vous suit alors que vous poursuivez votre chemin. Vous vous détournez de la vision et continuez votre chemin. A la fin du corridor vous trouvez une cage d'escalier s'enfonçant dans les ténébres et toutes les portes se trouvent à votre gauche.;;;Emerges en un tenue y largo pasillo de techo alto. A lo largo de tu mano derecha hay una hilera de antorchas encendidas con una luz naranja llena de humo, pero las únicas puertas están a tu izquierda y no todas ellas están cerradas. Te dices que no vas a mirar, pero la tentación es demasiado fuerte ... \n\nEn una habitación hay un festín de cadáveres. Salvajemente sacrificados, los comensales yacen esparcidos por sillas volcadas y en mesas destrozadas, manchas de charcos de sangre coagulada. En el trono por encima de ellos se encuentra un hombre muerto con la cabeza de un lobo y una corona de hierro. Sus ojos te siguen con muda súplica a medida que continuas hacia adelante. Sólo una escalera hacia abajo marca el final del pasaje, y aún así, las únicas puertas están a tu izquierda.;;;;;;;;;x
EVTDESCclash_of_kings.5105;You find yourself in yet another stone anteroom with four doors, one on each of the twisty stone walls. The floor seems to move slowly under your feet, as if it were trying to trip you. You are gripped by a sudden sense of desperation, want nothing more than to be done with this house of horrors, but still, three doors lie before you...;Vous vous retrouvez dans un nouveau vestibule en pierre avec quatre portes, un sur chacun des murs. Le sol semble se mouvoir sous vos pieds, comme s'il cherchait à vous faire trébucher. Vous êtes soudainement pris par un sentiment de désespoir, vous n'avez qu'une envie, celle d'en finir avec cette maison des horreurs. Mais il reste toujours trois portes devant vous... ;;;Te encuentras en otra antesala de piedra con cuatro puertas, en cada una de las paredes de piedra. El suelo parece moverse lentamente bajo tus pies, como si tratara de hacerte tropezar. Te quedas paralizada por una repentina sensación de desesperación, deseas irte de esta casa de los horrores, pero aún así, tres puertas ante ti te mienten...;;;;;;;;;x
EVTTITLEclash_of_kings.5106;Ebon Invasion;Invasion d'Ebène;;;Invasión de Ébano;;;;;;;;;x
EVTDESCclash_of_kings.5106;You emerge once more into a long, dim, high-ceilinged hall. Along the right hand is a row of torches burning with a smoky orange light, but the doors are to your left and not all of them are closed. Again, you tell yourself not to look, but the temptation proves too strong...\n\nThe first room you come across reveals a horde of ebony-skinned warriors marching across blood-stained sands. Pale-skinned lords slaughter each other over their petty feuds, oblivious to the danger. Their leader stands triumphantly upon a bluff marking the edge of the desert, his gaze fixed firmly on the north as his head-dress of brilliantly colored feathers blowing magnificently in the wind. The terrifying sight spurs you onward. Only a stairwell down marks the end of the passage, and still, the only doors are to your left.;Vous aboutissez une nouvelle fois dans un long corridor obscur et très haut de plafond. Sur le côté droit brûlent de loin en loin des torches qui répandent une lumière orange et fuligineuse, mais il n'y a des portes qu'à votre gauche et toutes ne sont pas fermées. Vous vous forcez à ne pas regarder... mais la tentation est trop forte...\n\nDans la première pièce devant laquelle vous passez, vous pouvez voir des guerriers à la peau d'ébène, débout sur un monticule de sable ensanglanté. Face à eux, des lords à la peau pâle s'entretuent, ignorant le danger. Le chef des hommes à la peau sombre se tient fièrement face au nord, ses magnifiques habits balayés par le vent. Cette vision vous donne la chaire de poule et vous décidez de continuer. A la fin du corridor vous trouvez une cage d'escalier s'enfonçant dans les ténébres et toutes les portes se trouvent à votre gauche.;;;Emerges de nuevo en una sala alargada, de techos altos, envuelta en la penumbra. A lo largo de la pared derecha había una hilera de antorchas que ardían con luz anaranjada y humeante, pero todas las puertas estaban a la izquierda y no todas ellas están cerradas. Te dices que no vas a mirar, pero la tentación es demasiado fuerte...\n\nLa primera habitación muestra una horda de guerreros de piel de ébano marchando a través de arenas ensangrentadas. Señores de piel pálida se matan entre sí por sus pequeñas rencillas, ajenos al peligro. Su líder se destaca triunfante sobre un acantilado que marca el borde del desierto, con la mirada fijada firmemente en el norte y su tocado de plumas de colores brillantes que vuelan al viento. La visión aterradora te impulsa hacia adelante. Sólo una escalera hacia abajo marca el final del pasaje, y aún así, las únicas puertas están a tu izquierda.;;;;;;;;;x
EVTTITLEclash_of_kings.5107;The Kneeling King;Le Roi qui a ployé le genou;;;El Rey Arrodillado;;;;;;;;;x
EVTDESCclash_of_kings.5107;You emerge once more into a long, dim, high-ceilinged hall. Along the right hand is a row of torches burning with a smoky orange light, but the doors are to your left and not all of them are closed. Again, you tell yourself not to look, but the temptation proves too strong...\n\nThe first room you come across reveals a grass field beside the bank of a tremendous river. On opposite sides of the field, two armies stand poised, each of them several thousand men strong. Between the two armies one King kneels before another as three dragons circle overhead. The sight fills you with a vague sense of sorrow, but you know you must move onward. Only a stairwell down marks the end of the passage, and still, the only doors are to your left.;Vous aboutissez une nouvelle fois dans un long corridor obscur et très haut de plafond. Sur le côté droit brûlent de loin en loin des torches qui répandent une lumière orange et fuligineuse, mais il n'y a des portes qu'à votre gauche et toutes ne sont pas fermées. Vous vous forcez à ne pas regarder... mais la tentation est trop forte...\n\nDans la première pièce devant laquelle vous passez, vous apercevez un grand fleuve et une plaine où deux armées se font face et s'observent. Entre elles vous distinguez un roi s'agenouillant devant un autre tandis que trois dragons tournent dans le ciel. La vision provoque en vous un sentiment de chagrin, mais vous savez que vous devez continuer plus avant. A la fin du corridor vous trouvez une cage d'escalier s'enfonçant dans les ténébres et toutes les portes se trouvent à votre gauche.;;;Emerges de nuevo en una sala alargada, de techos altos, envuelta en la penumbra. A lo largo de la pared derecha había una hilera de antorchas que ardían con luz anaranjada y humeante, pero todas las puertas estaban a la izquierda y no todas ellas están cerradas. Te dices que no vas a mirar, pero la tentación es demasiado fuerte...\n\nEn la primera habitación hay un campo de hierba junto a la orilla de un gran río. En lados opuestos del campo, se alzan dos ejércitos, cada uno de ellos con varios miles de hombres fuertes. Entre los dos ejércitos un rey se arrodilla ante los tres dragones. La visión te llena de una vaga sensación de dolor, pero sabes que debes moverte hacia adelante. Sólo una escalera hacia abajo marca el final del pasaje, y aún así, las únicas puertas están a tu izquierda.;;;;;;;;;x
EVTTITLEclash_of_kings.5108;Mother;Mère;;;Madre;;;;;;;;;x
EVTDESCclash_of_kings.5108;You emerge once more into a long, dim, high-ceilinged hall. Along the right hand is a row of torches burning with a smoky orange light, but the doors are to your left and not all of them are closed. Again, you tell yourself not to look, but the temptation proves too strong...\n\nOne room reveals ten thousand slaves lifting blood-stained hands before you as you race by on your silver, riding like the wind. 'Mother!' they cry 'Mother, mother!' they reach for you, touching you, tugging at your cloak, the hem of your skirt. They want you, they need you, the fire, the life...You gasp and open your arms to give yourself to them...but at the last moment you realize your mistake, and pass on from the vision further down the hall. Only a stairwell down marks the end of the passage, and still, the only doors are to your left.;Vous aboutissez une nouvelle fois dans un long corridor obscur et très haut de plafond. Sur le côté droit brûlent de loin en loin des torches qui répandent une lumière orange et fuligineuse, mais il n'y a des portes qu'à votre gauche et toutes ne sont pas fermées. Vous vous forcez à ne pas regarder... mais la tentation est trop forte...\n\nDans une pièce vous apercevez dix mille esclaves levant des mains ensanglantées vers vous alors que vous galopez sur votre argenté. 'Mère !' crient-ils, 'Mère, mère !'. Ils vous touchent, tirent votre manteau... Ils vous veulent, ils ont besoin de vous, du feu, de la vie... Vous en pouvez vous en empêcher, vous ouvrez vos bras pour vous donner à eux... mais au dernier moment vous réalisez votre erreur et vous vous détournez de la vision. A la fin du corridor vous trouvez une cage d'escalier s'enfonçant dans les ténébres et toutes les portes se trouvent à votre gauche.;;;Emerges una vez más en una oscura y larga sala de techo alto. A lo largo de tu mano derecha hay una hilera de antorchas encendidas con una luz naranja llena de humo, pero las puertas están a tu izquierda y no todas ellas están cerrads. Una vez más, te dices a ti mismo que no vas mirar, pero la tentación resulta demasiado fuerte ... \n\nEn una habitación hay diez mil esclavos levantando las manos manchadas de sangre mientras vas montada en tu plata, cabalgando como el viento. ¡Madre! gritan '¡Madre, madre!' se acercan a ti, quieren tocarte, tirando de tu capa, de la orla de tu falda. Ellos te quieren, ellos te necesitan, el fuego, la vida ... tu te mueres y abrestsus brazos para dartelos lo mismo a ellos ... pero en el último momento te das cuenta de tu error, y pasas de la visión a más abajo en el pasillo . Sólo una escalera hacia abajo marca el final del pasaje, y aún así, las únicas puertas están a tu izquierda.;;;;;;;;;x
EVTDESCclash_of_kings.5109;Your sense of foreboding grows as the scurrying sounds within the walls seem to get louder, and behind you notice the torches have begun to flutter out. One more gutters out and the darkness creeps a little further down the hall towards you... as you listen you seem to hear something else coming, shuffling itself slowly along the faded carpet... terror fills you, and you must quickly decide which door to take.;Un mauvais pressentiment se fait jour en vous alors que les bruits provenant des murs s'amplifient. Derrière vous vous remarquez que les torches ont commencé à s'éteindre. La dernière expire alors que vous marchez toujours, vous laissant dans l'obscurité la plus totale... et vous percevez un bruit étrange, comme si quelqu'un vous suivait lentement, trainant les pieds sur le tapis. La terreur monte en vous, et vous devez rapidement décider quelle porte prendre.;;;Tu sentimiento de aprensión crece a medida que el correteo que suena dentro de los muros parece volverse más alto, y detrás de ti notas las antorchas que han empezado a titilar. Unas canaletas más adelante notas que algo se arrastra hacia ti en la oscuridad... arrastrando los pies lentamente a lo largo de la alfombra descolorida... El terror te llena, y tienes que decidir rápidamente qué puerta a tomar.;;;;;;;;;x
EVTTITLEclash_of_kings.5110;A Wall Sunders;Un mur brisé;;;Un Muro Roto;;;;;;;;;x
EVTDESCclash_of_kings.5110;You emerge once more into a long, dim, high-ceilinged hall. Along the right hand is a row of torches burning with a smoky orange light, but the doors are to your left and not all of them are closed. You know you will not have the strength to look away, and steel yourself for the vision to come...\n\nThe scene behind the open door reveals a shimmering white wall topped with a handfull of black-garbed sentinels. Suddenly, an ear-piercing shriek fills the air and the wall begins to crack and shatter. Enormous sheets of ice slide off of the wall in waves, as this once magnificent wonder crumbles into the earth. A horde of savages clamber over the ruins, a great black horn borne on their backs. You continue onward toward the stairwell at the end of the passage.;Vous aboutissez une nouvelle fois dans un long corridor obscur et très haut de plafond. Sur le côté droit brûlent de loin en loin des torches qui répandent une lumière orange et fuligineuse, mais il n'y a des portes qu'à votre gauche et toutes ne sont pas fermées. Vous savez que vous n'aurez pas la force de détournez le regard et vous préparez donc à la prochaine vision...\n\nLa scène derière la porte ouverte vous révèle un grand mur blanc sur lequel patrouillent des sentinelles vêtues de noir. Soudainement un bruit assourdissant déchire les airs et le mur se met à craqueler avant de se briser totalement. D'énormes blocs de glace s'écrasent au sol, et un nuage de neige engloutit le monde. A peine dissipé, celui-ci révèle une horde de sauvages escaladant les ruines du mur. Derrière eux, vous apercevez un grand cor noir. Vous vous détournez et continuez plus avant jusqu'à la cage d'escalier marquant la fin du corridor.;;;Emerges de nuevo en una sala alargada, de techos altos, envuelta en la penumbra. A lo largo de la pared derecha había una hilera de antorchas que ardían con luz anaranjada y humeante, pero todas las puertas estaban a la izquierda y no todas ellas están cerradas. Te dices que no vas a mirar, pero la tentación es demasiado fuerte...\n\nLa escena detrás de la puerta abierta revela un muro blanco brillante rematado con un puñado de centinelas vestidos de negro. De repente, un grito ensordecedor llena el aire y el muro comienza a agrietarse y romperse. Láminas enormes de hielo caen en oleadas, y ves que esta magnífica maravilla se desmorona en la tierra. Una horda de salvajes trepa sobre las ruinas, llevando con ellos un gran cuerno negro. Continúas hasta la escalera del final del pasillo.;;;;;;;;;x
EVTOPTAclash_of_kings.5110;I wish to be done with this place...;J'aimerais en avoir fini avec cet endroit…;;;Deseo acabar con este lugar…;;;;;;;;;x
EVTTITLEclash_of_kings.5111;The Warrior in Flesh;Le Guerrier incarné;;;El Guerrero en Carne;;;;;;;;;x
EVTDESCclash_of_kings.5111;You emerge once more into a long, dim, high-ceilinged hall. Along the right hand is a row of torches burning with a smoky orange light, but the doors are to your left and not all of them are closed. You know you will not have the strength to look away, and steel yourself for the vision to come...\n\nThe scene behind the open door reveals a Kingdom clashing over a field of blood. Amidst the chaos, two warriors commence a deadly dance to a chorus of singing blades. Finally, the knight in gleaming white armor is struck down by the warrior in black. The victor kneels over his fallen foe, shielding him from harm. All at once, the touching scene is ended by a hail of arrows and you continue onward toward the stairwell at the end of the passage.;Vous aboutissez une nouvelle fois dans un long corridor obscur et très haut de plafond. Sur le côté droit brûlent de loin en loin des torches qui répandent une lumière orange et fuligineuse, mais il n'y a des portes qu'à votre gauche et toutes ne sont pas fermées. Vous savez que vous n'aurez pas la force de détourner le regard et vous préparez donc à la prochaine vision...\n\nAu-delà de la porte ouverte il n'y a que le sang et la fureur qui ravagent un royaume. Deux guerriers émergent soudain du chaos et entament une danse d'acier et de sang. A la toute fin, le guerrier en noir terrasse le chevalier en armure d'albâtre. Mais au lieu de l'achever il s'agenouille devant son adversaire et le protège du danger. Mais la scène touchante est brutalement interrompue par une pluie de flèches, aussi décidez vous de continuer en direction de la cage d'escalier au bout du corridor.;;;Emerges de nuevo en una sala alargada, de techos altos, envuelta en la penumbra. A lo largo de la pared derecha había una hilera de antorchas que ardían con luz anaranjada y humeante, pero todas las puertas estaban a la izquierda y no todas ellas están cerradas. Te dices que no vas a mirar, pero la tentación es demasiado fuerte...\n\nLa escena de detrás de la puerta abierta revela un Reino chocando sobre un campo de sangre. En medio del caos, dos guerreros comienzan una danza mortal como un coro de espadas cantarinas. Finalmente, el caballero de brillante armadura blanca es derribado por el guerrero de negro. El vencedor se arrodilla al lado de su enemigo caído, protegiéndolo de cualquier daño. De repente, la conmovedora escena se termina por una lluvia de flechas y continúas hasta la escalera del final del pasillo.;;;;;;;;;x
EVTTITLEclash_of_kings.5112;The Red Sword;L'épée rouge;;;La Espada Roja;;;;;;;;;x
EVTDESCclash_of_kings.5112;You emerge once more into a long, dim, high-ceilinged hall. Along the right hand is a row of torches burning with a smoky orange light, but the doors are to your left and not all of them are closed. You know you will not have the strength to look away, and steel yourself for the vision to come...\n\nThe scene behind the open door reveals a corpse standing at the prow of a ship, eyes bright in his dead face, grey lips smiling sadly. Glowing like a sunset, a red sword is raised in the hand of a blue-eyed king who casts no shadow. A blue flower grows from a chink in a wall of ice and fills the air with sweetness... mother of dragons, bride of fire... Confused, you turn toward the stairwell at the end of the passage.;Vous aboutissez une nouvelle fois dans un long corridor obscur et très haut de plafond. Sur le côté droit brûlent de loin en loin des torches qui répandent une lumière orange et fuligineuse, mais il n'y a des portes qu'à votre gauche et toutes ne sont pas fermées. Vous savez que vous n'aurez pas la force de détourner le regard et vous préparez donc à la prochaine vision...\n\nDe l'autre côté de la porte vous apercevez, campé à la proue d'un navire, un cadavre aux yeux étincelants qui jurent dans sa face morte et dont les lèvres grises esquissent un sourire navré. Aussi ardente que le crépuscule apparait, brandie par un roi aux prunelles bleues mais dépourvu d'ombre, une épée rouge. Une fleur bleue s'épanouit dans les lézardes d'un mur de glace, et l'atmosphère en est embaumée… mère des dragons, fiancée du feu… Confuse, vous vous détournez pour emprunter la cage d'escalier au bout du corridor.;;;Emerges de nuevo en una sala alargada, de techos altos, envuelta en la penumbra. A lo largo de la pared derecha había una hilera de antorchas que ardían con luz anaranjada y humeante, pero todas las puertas estaban a la izquierda y no todas ellas están cerradas. Te dices que no vas a mirar, pero la tentación es demasiado fuerte...\n\nLa escena de detrás de la puerta abierta revela un cadáver en la proa de un barco, ccon ojos brillantes en el rostro muerto y una sonrisa triste en los labios grises. Una espada roja brillaba como el ocaso en la mano de un rey de ojos azules que no proyectaba sombra alguna. Una flor azul crecía en una grieta de un muro de hielo, e impregnaba el aire de un olor...madre de dragones, esposa del fuego... Confundida, continúas hasta la escalera del final del pasillo.;;;;;;;;;x
EVTDESCclash_of_kings.5113;You enter a stairwell, beginning to climb. Before long your legs are aching. Strangely, you recall that the House of the Undying Ones seemed to have no towers...To your right, a set of wooden doors are thrown open, fashioned of wierwood and ebony, the black and white patterns swirl and intertwine into strange designs, very beautiful, yet somehow frightening...;Vous empruntez l'escalier et commencez à monter. L'ascension est longue et vos jambes finissent par être douloureuses. Cela vous semble étrange, vous vous rappelez que l'hôtel des Nonmourrants est dépourvu de tour... Vous finissez par aboutir à un palier. A votre droite bée une large porte de bois marquetée d'ébène et de barral dont les grains noirs et blancs s'enlacent et s'enchevêtrent en rinceaux qui forment des motifs d'une étrange complexité que leur magnificence n'empêche pas d'être un peu angoissants...;;;Entras en un hueco de la escalera, comenzando a subir. En poco tiempo las piernas te duelen y recuerdas que la Casa de los Eternos carecía de torres... A tu derecha, hay una hilera de amplias puertas de madera, todas abiertas. Eran de ébano y arciano, las vetas blancas y negras se entrelazaban en extraños dibujos. Eran muy hermosas, pero en cierto modo también resultaban aterradoras.;;;;;;;;;x
EVTOPTAclash_of_kings.5113;The dragon must not be afraid...;Le sang de dragon ne doit pas avoir peur.;;;El dragón no debe tener miedo...;;;;;;;;;x
EVTTITLEclash_of_kings.5114;The Blue Heart;Le cœur bleu;;;El Corazón Azul;;;;;;;;;x
EVTDESCclash_of_kings.5114;You pass through a narrow door into a chamber awash with gloom. A long stone table fills the room, above it floats a human heart, swollen and blue with corruption, yet still alive. Every beat is a deep, ponderous throb of sound, each pulse sending out a wash of indigo light. The figures around the table are no more than blue shadows and as you walk to the empty chair in front of them they do not stir, speak, nor turn to face you...\n\nMother of dragons... comes a voice, part whisper and part moan... You find it difficult to summon the will to speak. You notice suddenly that none of them are breathing, could it be that the Undying Ones are dead?\n\n' We live'... whispered the answer, thin as a mouse's whisker 'And know...';"Vous passez une porte et pénétrez dans une chambre des plus obscures. Une longue table de pierre encombre celle-ci. Au-dessus flotte un cœur humain, boursouflé, bleui par la pourriture et pourtant vivant. Il bat avec un boucan semblable à de lourds sanglots, et chacune de ses pulsations projette un jet de lumière indigo. Quant aux figures qui entourent la table, elles ne sont que des ombres bleues. Et elles demeurent inertes et muettes quand vous vous dirigez vers le siège vacant qui en occupe le bas bout.\n\n""Mère des dragons""... prononce une voix mi-geignarde mi-confidentielle... Vous trouvez difficile de recouvrir la volonté de prendre la parole... Vous vous rendez compte qu'aucun d'eux ne respire, les Nonmourants seraient-ils mort ? \n\n""Vivons""... La réponse vous parvient en un murmure, aussi ténu qu'une moustache de souris. ""Et savons...""";;;Pasas a través de una puerta estrecha a una instancia inmersa en la penumbra. Una mesa larga que ocupaba la sala casi al completo. Sobre ella flotaba un corazón humano, hinchado, azul por la descomposición, pero todavía vivo. Palpitaba con un sonido sordo y pesado, y cada latido hacía que emitiera una ráfaga de luz color índigo. Las figuras que rodeaban la mesa no eran más que sombras azules. No se movieron, no hablaron ni volvieron el rostro hacia Dany cuando avanzó hasta la silla vacía que había en el extremo de la mesa. No se oía más sonido que el de los latidos lentos y graves, del corazón podrido...\n\nMadre de dragones ... escuchas una voz, en parte susurro y en parte gemido...te resulta difícil reunir la voluntad para hablar. Te das cuenta de repente de que ninguno de ellos está respirando, ¿será posible que los eternos estén muertos?\n\n 'Vivimos'... susurrarron 'Y sabemos...'.;;;;;;;;;x
EVTOPTAclash_of_kings.5114;I have come for the gift of truth;Je suis venue me faire offrir la vérité.;;;He venido a por el don de la verdad;;;;;;;;;x
EVTTITLEclash_of_kings.5115;Prophecy;Prophétie;;;Profecía;;;;;;;;;x
EVTDESCclash_of_kings.5115;Three heads has the dragon'... the ghost chorus yammers inside your skull. 'Mother of dragons...child of storm...' the whispers become a swirling song. 'Three fires must you light...one for life and one for death and one to love...' your own heart beats in unison to the one that floats before you. 'Three mounts must you ride...one to bed and one to dread and one to love...' the voices grow louder and your heart seems to slow, even your breath... 'Three treasons will you know...once for blood and once for gold and once for love...';Trois têtes a le dragon…' vous psalmodie mentalement le chorus des spectres aux lèvres toujours pétrifiées dans le silence bleu que ne trouble aucune haleine… 'Mère des Dragons… enfant du typhon…' Les chuchotements se font chanson tournoyante… 'Trois feux te faut allumer… L’un pour la vie, l’un pour la mort, l’un pour l’amour…' Vous sentez votre propre coeur battre à l'unisson de celui qui flotte sous vos yeux, bleu de putréfaction... 'Trois montures te faut chevaucher… L’une pour le lit, l’une pour l’horreur, l’une pour l’amour…' Les voix deviennent plus fortes tandis que votre pouls vous fait l'effet de ralentir, et jusqu'à votre souffle... 'Trois trahisons te faut vivre… L’une pour le sang, l’une pour l’or, l’une pour l’amour…';;;'Tres cabezas tiene el dragón '... el coro de fantasmas suena dentro de tu cráneo. 'Madre de dragones ... hija de tormenta ...' los susurros se convierten en una canción como un remolino. 'Tres incendios debes encender ... uno por la vida, otro por la muerte y otro por amor ...' su corazón late al unísono con el que flota delante de ti. 'Tres monturas debes cabalgar ... una hacia el lecho, otra hacia el terror y otra hacia el amor ...' las voces son cada vez más fuertes y tu corazón parece ir más despacio, incluso tu respiración ... ''Tres traiciones conocerás ... una por sangre, otra por oro y otra por amor ... ''';;;;;;;;;x
EVTOPTAclash_of_kings.5115;Help me... Show me.;Aidez-moi. Montrez-moi.;;;Ayúdame... Muéstrame.;;;;;;;;;x
EVTTITLEclash_of_kings.5116;Blurred Visions;Vagues visions;;;Visiones borrosas;;;;;;;;;x
EVTDESCclash_of_kings.5116;Shadows whirl and dance inside a tent, boneless and terrible. A little girl runs barefoot toward a house with a red door. Mirri Maz Duur shrieks in the flames, a dragon bursting from her brow. Behind a silver horse the corpse of a naked man bounces and drags. A tall lord with copper skin and silver hair stands beneath the banner of a fiery stallion, a burning city behind him.\n\nSuddenly, black wings buffet around your head and suddenly the visions are gone, ripped away... Your gasp turns to horror as you spy the Undying all around you, blue and cold, whispering as they reach for you. All the strength leaves your limbs and you cannot move. You feel a hand on your breast. Teeth find the soft skin of your throat. A mouth descends on one eye, sucking, biting...;Des ombres s'enlacent sous une tente en un ballet d'effarants désossés. Une fillette s'élance nu-pieds vers la porte rouge d'une grosse maison. Un dragon lui fusant du front, Mirri Maz Duur hurle dans les flammes. Traîné par un cheval d'argent cahote comme un pantin nu le cadavre ensanglanté d'un homme. Une ville embrasée derrière lui, se dresse sous une bannière à l'étalon piaffant un seigneur d'imposante stature et dont la toison d'argent doré réhausse le teint cuivré.\n\nMais, tout à coup, de noires ailes vous soufflètent à qui mieux mieux et balayent les visions comme par miracle... Votre stupeur fait place à l'horreur. Les Nonmourrants vous cernent de murmures et, bleuâtres et glacés, se portent vers vous comme un seul être. Vidé de toute votre énergie, vous deumeurez inerte, ne pouvant bouger. Vous sentez une main s'emparer de votre sein, vous tordre le téton. Des dents trouvent votre gorge. Une bouche dégouline sur l'un de vos yeux, lécheuse et suceuse et mordante...;;;Las sombras giraban y danzaban en el interior de una tienda, impalpables y terribles. Una niñita corría descalza hacia una casa grande con la puerta roja. Mirri Maz Duur aullaba entre las llamas, mientras le surgía un dragón de la cabeza. Un caballo plateado arrastraba el cadáver ensangrentado de un hombre desnudo. Un señor alto de piel cobriza y cabellera como oro blanco cabalgaba bajo el estandarte de un semental fiero, mientras a su espalda se veía una ciudad en llamas.\n\nDe repente, unas alas negras revolotearon en torno a tu cabeza, un chillido de furia cortó el aire índigo, y de repente las visiones desaparecieron, se desmoronaron, y tu respiración trabajosa se transformó en un grito de terror. Los Eternos te rodean, azules y fríos, susurrando mientras te tocan, mientras te acarician, te tiran de la ropa, te rozan con manos frías y secas, te pasan los dedos por el pelo... Has perdido toda la fuerza de los músculos. No te puedes mover. El corazón ya no te late. Sientes el tacto de una mano en el pecho desnudo que te pellizca un pezón. Unos dientes buscan la piel tierna de la garganta. Una boca se poss sobre uno de tus ojos, lo lame, lo chupa, lo empieza a morder...;;;;;;;;;x
EVTOPTAclash_of_kings.5116;DRACARYS!!!;DRACARYS !!!;;;DRACARYS!!!;;;;;;;;;x
EVTTITLEclash_of_kings.5117;Death of the Undying;Mort des Nonmourants;;;Muerte de los Eternos;;;;;;;;;x
EVTDESCclash_of_kings.5117;Indigo turns to orange and whispers turn to screams. Perched above you, Drogon spreads his wings and tears at the terrible dark heart, ripping the rotten flesh to ribbons. His head snaps forward, fire flying from his open jaws, bright and hot. You can hear the shrieks of the Undying as they burn, their high, thin, papery voices crying out in tongues long dead.\n\nThe whole room is ablaze by the time you reach the door and call to your dragon. When you spill out into the sun, the bright light makes you stumble. Looking behind you, you see tendrils of smoke forcing their way through cracks in the ancient stone walls of the Palace of Dust. Howling curses, Pyat Pree draws a knife and dances toward you, when suddenly you hear the crack of Jhogo's whip.;L'indigo vire vers l'orange, et les murmures se changent en cris suraigus. Votre cœur fait des bonds désordonnés, bouches et mains vous ont lâché, la chaleur regagne votre chair, une clarté soudaine vous éblouit. Perché au-dessus de vous, ailes déployées, Drogon déchiquète l'effroyable coeur des ténèbres, en lacérant l'infecte corruption, et, chaque fois qu'il y darde ses crocs, un jet de feu jaillit de sa gueule ouverte, torride, aveuglant. Tout aigus qu'ils sont se perçoivent aussi, tel un froissement de grimoires aux idiomes dès longtemps défunts, les piaillements des Nonmourants qui se consument. Leur chair n'est que parchemins rongés, leur ossature que sciure enduite de suif. Ils dansent au rythme des flammes qui les réduisent à néant\n\nToute la chambre s’embrase alors que vous atteignez la porte et appellez votre dragon. Quand vous entrez dans la lumière solaire, son éclat vous trébuchez. Regardant derrière vous, vous voyez des fumerolles passant à travers les fissures des anciens murs de pierre du Palais des Poussières. Hurlant des malédictions, Pyat Pree sort un couteau et avance dans votre direction, jusqu’à ce que vous entendiez soudainement le fouet de Jhogo.; ils titubent et tournoyent et se contordent, bras en torche et griffes flamboyantes au ciel.\n\La pièce entière s'embrase déjà alors que vous atteignez la porte, appelant vos dragons. Vos retrouvailles avec l'éclat du soleil vous font chanceler. Derrière vous le palais des poussières tombe en ruine. Pyat Pree vocifère des malédictions, tire un poignard et danse vers vous. Soudain claque le fouet de Jhogo.';;;El añil se convierte en naranja y te susurra a su vez a gritos. Encaramado encima de ti, Drogon extiende sus alas y desgarra el corazón oscuro y terrible, rasgando la carne podrida en cintas. Su cabeza se mueve bruscamente hacia adelante, emanando fuego de sus fauces abiertas, brillantes y calientes. Se pueden oír los gritos de los Eternos mientras se queman, sus voces altas y delgadas, parecidas al papel gritando en lenguas ya muertas.\n\nToda la habitación está en llamas en el momento en que llegas a la puerta y llamas a tu dragón. Cuando avanzas hacia fuera ves el sol, una luz brillante que te hace tropezar. Mirando atrás, ves tentáculos de humo abriéndose paso a través de las grietas en las paredes de piedra antigua del Palacio de polvo. Escuchas los chillidos de maldiciones de Pyat Pree que dibuja un cuchillo y se desplaza hacia ti, cuando de repente se oye el chasquido del látigo de Jhogo.;;;;;;;;x
EVTOPTAclash_of_kings.5117;Never was a sound so sweet;Une musique entre toutes agréable.;;;Nunca sonó un sonido tan dulce;;;;;;;;;x
EVTTITLEclash_of_kings.5200;The Silver Bell;La clochette d'argent;;;La Campana de Plata;;;;;;;;;x
EVTDESCclash_of_kings.5200;The Undying are dead, burned to ash by Drogon’s flames. Your tiny Khalasar celebrates your victory by braiding your hair with a silver bell, but this victory is not without cost. The Qartheen are outraged, and their fractious rulers unite to demand your exile from their city. Your host, Xaro, pleads with you to flee with him to the Jade Sea, but you refuse and he angrily sends you away.\n\nWith your last friend in Qarth a friend no longer, you hurry to the docks where Ser Jorah has been searching for ships. Ships you find, but allies also. A huge eunuch named Strong Belwas and his aged squire Arstan, who intervene to save you from an assassin. They explain that they have been sent by your old friend Illyrio, with three ships to carry you back to Pentos.;Les Nonmourants sont morts, brûlés par les flammes de Drogon. Votre petit khalasar célèbre votre victoire en vous nouant une clochette d'argent au bas d'une natte de vos cheveux. Mais cette victoire n'a pas été sans coût. Les Qarthiens sont furieux et leurs dirigeants se sont unis -chose rare- pour exiger votre bannissement de la cité. Votre hôte, Xaro, vous supplie de fuir avec lui vers la mer de Jade, mais vous refusez et, en colère, il vous demande de déguerpir.\n\nAyant perdu votre dernier ami à Qarth, vous vous rendez au port où ser Jorah cherche des navires. Des bâteaux vous avez trouvés, mais également des alliés. Un eunuque imposant et Arstan, son écuyer âgé, qui est intervenu pour vous sauver d'un assassin. Ils vous expliquent qu'ils ont été envoyés ici par votre vieil ami Illyrio, avec trois navires pour vous ramener à Pentos.;;;Los Eternos están muertos, quemados y hechos cenizas por las llamas de Drogon. Tu diminuto khalasar celebra tu victoria trenzando tu cabello con una campana de plata, pero esta victoria no es sin coste. Los qarthienses están indignados, y sus gobernantes díscolos se unen para exigir tu exilio de su ciudad. Tu anfitrión, Xaro, te suplica huir con él hacia el Mar de Jade, pero te niegas y friamente te envía lejos.\n\nCon tu último amigo en Qarth un amigo que ya no lo es, te diriges a los muelles donde Jorah ha estado buscando barcos. Encuentras los barcos, pero aliados también. Un enorme eunuco llamado Belwas el Fuerte y su anciano escudero Arstan, que intervienen para salvarte de un asesino. Ellos explican que han sido enviados por tu viejo amigo Illyrio, con tres naves para llevarte de vuelta a Pentos.;;;;;;;;;x
EVTOPTAclash_of_kings.5200;At least the ships don’t smell like cheese…;Au moins les navires ne sentent-ils pas le fromage…;;;Por lo menos los barcos no huelen a queso...;;;;;;;;;x
EVTTITLEclash_of_kings.52;Slavers Bay;Baie des Serfs;;;Bahía de los Esclavos;;;;;;;;;x
EVTDESCclash_of_kings.52;Three ships speed you to Pentos and promises of aid, but your experiences in Qarth have soured you to accepting charity. You will not be a ‘Beggar Queen’. Dragons do not beg. You will take what is yours with Fire and Blood. But first you need an army. As you consider your options in your cabin Jorah approaches you and, confessing love, attempts a kiss. Much as you care for him, you do not desire him, and spurn his clumsy advances. Keen to change the subject, Jorah tells you of a place where armies might be purchased: Astapor, home to the Unsullied, the finest soldiers in the world.\n\nAt night your thoughts whirl as you question yourself. Leadership is lonely, and you begin to miss Drogo intently. At least you have your loyal handmaidens to comfort you… ;Trois navires vous ramènent à Pentos où on vous a promis de l'aide, mais votre expérience ne vous incite guère à accepter la charité. Vous ne deviendrez pas une 'reine gueuse'. Les dragons ne mendient pas. Vous vous emparerez de ce qui vous appartient par le feu et le sang. Mais d'abord, il vous faut une armée. Alors que vous réfléchissez à vos chances de succès dans votre cabine, ser Jorah vient vous voir et, vous avouant son amour, tente de vous embrasser. Bien que vous teniez à lui, vous ne le désirez pas, aussi refusez-vous ses avances. Pressé de changer de sujet, Jorah vous parle d'un endroit où il est possible d'acheter des armées : Astapor, d'où viennent les Immaculés, les soldats les disciplinés et les plus efficaces du monde.\n\nAlors que la nuit vient de tomber, vous ne pouvez vous empêcher de vous interroger. Gouverner est synonyme de solitude, et Drogo commence à atrocement vous manquer. Au moins avez-vous vos suivantes pour vous réconforter...;;;'Tres barcos avanzan hacia Pentos con promesas de ayuda, pero tus experiencias en Qarth te han deteriorado a aceptar la caridad. No va a ser una ''Reina mendiga '. Los dragones no piden. Tomas lo que es tuyo con fuego y sangre. Pero primero es necesario un ejército. Al considerar tus opciones en tu cabina Jorah se acerca y, confesando su amor, intenta darte un beso. Por mucho que te preocupas por él,  no lo deseas, y rechazas sus torpes avances. Dispuestos a cambiar de tema, Jorah te habla de un lugar donde puedes adquirir unejército: Astapor, el hogar de los Inmaculados, los mejores soldados del mundo.\n\nPor la noche, tus pensamientos se arremolinan cuestionandote tu misma. El liderazgo es solitario, y comienzas a hechar de menos a Drogo. Por lo menos tienes a tus siervas fieles para consolarte ...';;;;;;;;;x
EVTOPTAclash_of_kings.52;It is good to be Khaleesi. It is known. To Astapor!;Il est bon d'être Khaleesi. C'est connu. A Astapor !;;;Es bueno ser Khaleesi. Se sabe. A Astapor!;;;;;;;;;x
EVTOPTBclash_of_kings.52;A foolish notion, I must go to Pentos;Une idée saugrenue, je dois me rendre à Pentos.;;;Una idea tonta, tengo que ir a Pentos;;;;;;;;;x
EVTTITLEclash_of_kings.53;Harpy’s Bargain;Affaires avec la Harpie;;;El Trato de la Arpía;;;;;;;;;x
EVTDESCclash_of_kings.53;The Good Masters of Astapor are rude, arrogant, and cruel beyond measure, but their Unsullied are as formidable as the story of their training is heartbreaking. Particularly troubling is the tale of how they prove they can kill, for every soldier represents a murdered child. You begin to question using such men to reclaim your throne. Unsullied are also very expensive. Haggling through a pretty young interpreter to hide your knowledge of the Ghiscari tongue, you finally propose a trade that shocks your advisors. Every Unsullied they have, in exchange for a dragon.\n\nThe slavers accept your terms, though they demand the largest of the dragons. In turn you ask for the interpreter as a gift, and they lazily wave assent. You soon free the girl, and ask her to tell you all she knows of Astapor...;Leurs Bontés d'Astapor sont grossiers, arrogants et cruels au-delà de toute mesure, mais leurs Immaculés sont aussi formidables que leur entraînement est dur et triste. La façon dont ils prouvent qu'ils sont capables de tuer est particulièrement troublante, ainsi avez-vous appris qu'ils doivent tuer un bébé pour achever leur formation. Vous commencez à vous poser des questions sur le bien fondé d'utiliser de tels hommes pour récupérer votre trône. Les Immaculés sont également très chers. Utilisant les services d'une jeune interprète pour cacher votre connaissance du ghiscari, vous proposez finalement un accord qui surprend et choque vos conseillers. Tous leurs Immaculés contre un dragon.\n\nLes esclavagistes acceptent vos termes, mais ils exigent le plus grand de vos dragons. En retour vous demandez l'interprète en guise de cadeau et ils acceptent volontiers. Vous libérez bien vite la jeune fille et lui demandez de dire tout ce qu'elle sait d'Astapor.;;;Los Bondadosos Amos de Astapor son groseros, arrogantes y crueles sin medida, pero sus Inmaculados son tan formidables como la historia de su formación es desgarradora. Particularmente es inquietante la historia de cómo demuestran que son capaces de matar, cada soldado representa un niño asesinado por él mismo. Empiezas a cuestionarte el uso de tales hombres para recuperar tu trono. Los Inmaculados también son muy caros. Para regatear usas una joven intérprete para ocultar tu conocimiento de la lengua Ghiscari, y  propones un trato que sorprende a tus consejeros. Todos los Inmaculados que tienen, a cambio de un dragón.\n\nLos esclavistas aceptan tus términos, exigiendo al más grande de los dragones. A cambio te obsequian con la intérprete para que puedas comunicarte con los Inmaculados. Liberas inmediatamente a la chica, y pides que te cuente todo lo que sabe de Astapor...;;;;;;;;;x
EVTOPTAclash_of_kings.53;My mind is set;Ma décision est prise;;;Mi mente está preparada;;;;;;;;;x
EVTTITLEclash_of_kings.54;The Exchange;L'échange;;;El Intercambio;;;;;;;;;x
EVTDESCclash_of_kings.54;You have agreed a deal with the Good Masters for an army of Unsullied where you gain all the Unsullied available, including the boys in training, in exchange for your ships, your goods and Drogon, the biggest and healthiest of your dragons.\n\n You are now at the Plaza of Punishment to execute the deal. Your company has brought the goods and a caged Drogon before Kraznys and the rest of the Good Masters while Kraznys hands over the Harpy’s Fingers, the whip symbolizing you now own the Unsullied force...;Vous êtes tombé d'accord avec leurs Bontés pour échanger tous leurs Immaculés -incluant également les garçons en formation- contre vos navires, vos marchandises et Drogon, le plus grand de vos dragons.\n\n Vous vous tenez désormais sur la plaza du Châtiment pour procéder à l'échange. Votre compagnie a amené les marchandises et Dragon devant Kraznys les autres Bontés. L'Astapori vous donne les doigts de la Haprie, le fouet symbolisant votre autorité sur les Immaculés...;;;Has llegado a un acuerdo con los Bondadosos Amos para que te den un ejército con todos los Inmaculados disponibles, incluyendo los niños en formación, a cambio de tus barcos, tus bienes y Drogon, el más grande y sano de tus dragones. \n\n Ahora te encuentras en la Plaza del Castigo para finalizar el intercambio. Tu compañia ha traído los bienes y a Drogon enjaulado ante Kraznys y el resto de los Bondadosos Amos mientras Kraznys te pone en manos los dedos de la Arpía, el látigo que simboliza que ahora posees la fuerza de los Inmaculados...;;;;;;;;;x
EVTOPTAclash_of_kings.54;This deal does not quite work for me...Dracarys!;Cet accord ne me convient pas tout à fait en fin de compte… Dracarys !;;;Este acuerdo no acaba de convencerme... Dracarys!;;;;;;;;;x
EVTTITLEclash_of_kings.5400;The Sack of Astapor;Le sac d'Astapor;;;El Saqueo de Astapor;;;;;;;;;x
EVTDESCclash_of_kings.5400;A dragon is no slave and Drogon refused to serve the Good Masters, burning them to death upon your command. You however did receive the Unsullied and you now have three dragons and an army fighting the slavers of Astapor. The city is barely garrisoned and is easily taken. You have liberated Astapor, the Good Masters have been killed and you now control the city. The former slaves look to you as their new master, calling you 'mother'.\n\nNow you are to move on in your journey, yet before you can take your leave from Astapor you must leave someone to govern the city.;Un dragon n'est pas un esclave et Drogon a refusé de servir leurs Bontés, les brûlant vifs lorsque vous le lui avez ordonné. Vous avez cependant reçu les Immaculés et vous avez maintenant trois dragons et une armée pour combattre les esclavagistes d'Astapor. La cité ne possède pas une grande garnison et elle tombe rapidement entre vos mains. Vous avez libéré Astapor, tué leurs Bontés et vous contrôlez désormais la cité. Les anciens esclaves vous reconnaissent comme leur nouvelle maîtresse et vous appellent 'mère'.\n\nMaintenant que vous vous préparez à quitter Astapor, vous devez désigner quelqu'un pour gouverner la ville.;;;'Un dragón no es un esclavo y Drogon se negó a servir a los Bondadosos Amos, quemandolos a todos hasta la muerte bajo tu mando. Sin embargo sí recibes a los Inmaculados y ahora tienes tres dragones y un ejército luchando contra los traficantes de esclavos de Astapor. La ciudad es apenas una guarnición y se toma fácilmente. Has liberado Astapor, los Bondadosos Amos han muerto y que ahora controlas la ciudad. Los antiguos esclavos te ven  como su nuevo amo, te llaman ''madre''..\n\nAhora vas a seguir hacia adelante en el camino, sin embargo, antes de que pueas dejar Astapor debes dejar a alguien para gobernar la ciudad.';;;;;;;;;x
EVTOPTAclash_of_kings.5400;I shall leave a council to rule;Je vais constituer un conseil pour diriger la ville.;;;Voy a dejar un consejo para que gobierne;;;;;;;;;x
EVTDESCclash_of_kings.55;After agreeing a deal to exchange a dragon for all our Unsullied, Danaerys Taragryen betrayed us, burning all the Good Masters and sacking the city.;Après avoir accepté un accord prévoyant l'échange d'un dragon contre tous nos Immaculés, Danaerys Taragryen nous a trahis, en brûlant vif toutes leurs Bontés et en mettant à sac la cité.;;;Después de acordar un acuerdo para el intercambio de un dragón por todos nuestros Inmaculados, Daenerys Targaryen nos traicionó, quemando a todos los Bondadosos Amos y saqueando la ciudad.;;;;;;;;;x
EVTOPTAclash_of_kings.55;Savage!;Sauvage !;;;Salvaje!;;;;;;;;;x
EVTTITLEclash_of_kings.56;The Yellow City;La Cité Jaune;;;Los Ciudad Amarilla;;;;;;;;;x
EVTDESCclash_of_kings.56;You leave Astapor and march towards Yunkai, another famous slaver city. The Yunkai’i command a significant force of slave soldiers and mercenaries, among them the Stormcrows and the Second Sons. The city is made of yellow bricks, crumbling walls and tall, stepped pyramids. Their emblem is flying over the city, a harpy like creature as far as you can tell. Yunkai is said to be able to fields a significant force of slave soldiers. However, Yunkai is known for training bed slaves, not warriors. Before you are the Wise Masters and the captains of the mercenaries,  come to parley with you. They offer you much coin to leave the city alone and be on your way.;Vous quittez Astapor et marchez sur Yunkaï, une autre célèbre cité esclavagiste. Les Yunkaïis commandent une importante force d'esclaves-soldats et de mercenaires. Parmis les compagnies d'épées louées se trouvent les Corbeaux Tornades et les Puînés. La cité est construite de briques jaunes et est dominée par de grandes pyramides à degrés. Son emblême se dresse au-dessus de ses portes: une harpie tenant dans ses serres un collier de fer et un fouet. Même si Yunkaï est capable de lever une armée d'esclave-soldats, la cité est plutôt connue pour ses esclaves de lit. Devant vous se tiennent les Judicieux et les capitaines des mercenaires, venus parlementer avec vous. Ils vous offrent beaucoup d'argent pour laisser la cité tranquille et poursuivre votre chemin.;;;Dejas Astapor y marchas hacia Yunkai, otra famosa ciudad esclavista. Yunkai cuenta con una importante fuerza de soldados esclavos y mercenarios, entre ellos los Cuervos de Tormenta y los Segundos Hijos. La ciudad está hecha de adoquines de color amarillo, murallas altas y pirámides escalonadas. Su emblema se alza sobre la ciudad, una arpía que lleva entre las garras una fusta y un collar de hierro. Se dice que Yunkai es capaz de formar una fuerza significativa de soldados esclavos. Sin embargo, Yunkai es más conocida por los esclavos de cama que por sus guerreros. Los Sabios Amos y los capitanes de las compañías mercenarias van a parlamentar contigo. Te ofrecen muchas monedas para dejar en paz a la ciudad y pasar de largo.;;;;;;;;;x
EVTOPTAclash_of_kings.56;No, I will free the slaves of this city;Non, je vais libérer les esclaves de cette cité.;;;No, voy a liberar a los esclavos de esta ciudad;;;;;;;;;x
EVTTITLEclash_of_kings.5600;Daario's Coup;L'heure de Daario;;;El Golpe de Daario;;;;;;;;;x
EVTDESCclash_of_kings.5600;You are ready to begin the battle for Yunkai, however Daario Naharis of the Stormcrows was enthralled by your beauty and has come before you in the middle of the night. He tells you he has killed the two other captains of the Stormcrows and now offers the company in the service of you as he says 'My sword is yours. My life is yours. My love is yours. My blood, my body, my songs, you own them all. I live and die at your command, fair queen.';Vous êtes prête à commencer la bataille pour Yunkaï lorsque Daario Naharis des Corbeaux Tornades vient à votre rencontre au beau milieu de la nuit, il dit avoir été subjugué par votre beauté. Il vous informe qu'il a tué les deux autres capitaines de sa compagnie et vous offre les services des Corbeaux Tornades:  'Vôtre est mon épée. Vôtre est ma vie. Vôtre est mon amour. Mon sang, mon corps, mes chants, tout vous appartient. Un ordre de vous, belle reine, et je vis, je meurs.';;;'Estás lista para comenzar la batalla por Yunkai, sin embargo Daario Naharis de los Cuervos de Tormenta fue cautivado por tu belleza y ha llegado antes en medio de la noche. Él te dice que él ha matado a los otros dos capitanes de los Cuervos de Tormenta y ahora te ofrece sus servicios, como él dice: ''Mi espada es tuya. Mi vida es tuya. Mi amor es tuyo. Mi sangre, mi cuerpo, mis canciones, posees todo de mi. Vivo y muero a tus órdenes, justa reina . '';;;;;;;;;x
EVTOPTAclash_of_kings.5600;Your men are most welcome;Vos hommes sont les bienvenus.;;;Tus hombres son bienvenidos;;;;;;;;;x
EVTTITLEclash_of_kings.57;Betrayal;Trahison;;;Traición;;;;;;;;;x
EVTDESCclash_of_kings.57;The entire Yunkish army is defeated. I now turn my attention to Meereen, the last of the great slave cities. As large as Astapor and Yunkai combined with high walls, an impenetrable fortress... but that shall not prove true. They may try everything they can to stop me: burn their fields and poison their wells but I shall not be defeated so easily as I am the dragon!\n\nI was shocked when Arstan revealed himself to be Barristan Selmy who served on my father’s and the usurper’s Kingsguard. He told me of Jorah’s betrayal, he has been sending reports on me to Varys in King's Landing. They have both betrayed me and my family but I have no wish to kill either of them. I could send them on a covert suicide mission into Meereen... and hopefully they shall not return.;L'armée yunkaïie est entièrement défaite. Je peux désormais tourner mon attention vers Meereen, la dernière des grandes cités esclavagistes. Aussi grande qu'Astapor et Yunkaï réunies, elle est protégée par de grands murs, une forteresse impénétrable... mais sa réputation sera démentie. Ils peuvent faire ce qu'ils veulent pour vous arrêter: brûler leurs champs, empoisonner leurs puits, vous ne serez pas défaite aussi aisément, vous êtes le dragon !\n\nVous avez été choqué lorsqu'Arstan vous a révélé qu'il était en réalité Barristan Selmy qui servit votre père et l'Usurpateur en tant que membre de la Garde Royale. Il vous a également parlé de la trahison de Jorah, ce dernier a envoyé des rapports sur vous à Varys à Port-Réal. Ils vous ont tous les deux trahis, ainsi que votre famille, mais vous n'avez aucune envie de les tuer. Vous pouvez les envoyer à Meereen pour une mission suicide... et peut-être ne reviendront-ils pas.;;;Todo el ejército yunkio ha sido derrotado. Me dirijo ahora a Mereen, la última de las grandes ciudades esclavistas. Tan grande como Astapor y Yunkai juntas y con una alta muralla con numerosos bastiones y grandes torreones defensivos en todas las esquinas. Pueden tratar de hacer todo lo posible para detenerme: quemar sus campos y envenenar los pozos, pero no seré derrotada tan fácilmente, yo soy el dragón!\n\nMe sorprendí cuando Arstan reveló ser Barristan Selmy que sirvió a mi padre y fue Guardia Real del usurpador. Me habló de la traición de Jorah, que ha estado enviando informes sobre mí a Varys en Desembarco del Rey. Ellos me han traicionado a mí y a mi familia pero no tengo ningún deseo de matarlos. Podría enviarlos a una misión suicida encubierta en Meereen... y espero que no vuelvan.;;;;;;;;;x
EVTDESCclash_of_kings.58;My quest to reclaim my birthright has failed, by power in Slaver's Bay broken. The future seems dark now...;Ma quête pour reconquérir mon droit de naissance a échoué, j'ai perdu le pouvoir dans la Baie des Serfs. L'avenir semble bien sombre désormais…;;;Mi misión para reclamar mi derecho de nacimiento ha fracasado, he perdido el poder en la Bahía de los Esclavos. El futuro parece oscuro ahora ...;;;;;;;;;x
EVTOPTAclash_of_kings.57;My dragons...;Mes dragons…;;;Mis dragones...;;;;;;;;;x
EVTTITLEclash_of_kings.59;My Nephew?;Mon neveu ?;;;Mi sobrino?;;;;;;;;;x
EVTDESCclash_of_kings.59;After a long perilous sea voyage, Strong Belwas has finally taken me to Pentos. Here Illyrio takes me and my followers into his expansive Manse, where he treats me with courtesy, but we both know I am not here to just feast.\n\nHe soon reveals his true plan. He claims my nephew Aegon is still alive, and was not killed all those years during the Usurper's rebellion. Apparently he has been kept safe here in the East until such a time he can safely reveal himself. Now is the time he says, for he has the support of the Golden Company, and I have the Dragons. He proposes I marry my nephew, and in return the Golden Company and pentos shall help me invade Westeros and reclaim my birthright.;Après un périlleux voyage en mer, Belwas le Fort vous a finalement ramené à Pentos. Illyrio vous accueille vous et vos compagnons, sur sa propriété. Il vous traite avec courtoisie, mais vous savez tous les deux que vous n'êtes pas ici pour festoyer.\n\nIl vous révèle bientôt ses véritables plans. Il affirme que votre neveu Aegon est toujours en vie, il n'a pas été tué durant la guerre de l'Usurpateur. Apparemment il a été amené au-delà du Détroit pour être en sécurité jusqu'au moment où il pourra enfin révéler son identité. Le temps est venu désormais, il a obtenu le soutien de la Compagnie Dorée et vous avez les dragons. Il propose un mariage avec votre neveu, en retour la Compagnie Dorée et Pentos vous aideront à envahir Westeros et à récupérer ce qui vous appartient.;;;Después de un largo y peligroso viaje por mar, Belwas el Fuerte finalmente me ha llevado a Pentos. Aquí Illyrio nos ha acogido a mi y a mis seguidores en su amplia mansión, donde se me trata con cortesía, pero ambos sabemos que no estoy aquí sólo de fiesta.\n\nPronto me revela su verdadero plan. Afirma que mi sobrino Aegon sigue vivo, y que no lo mataron durante la rebelión del Usurpador. Al parecer, se ha mantenido a salvo aquí en el Este hasta que fuese seguro revelar su identidad. Ahora es el momento, dice, porque él tiene el apoyo de la Compañía Dorada, y yo tengo dragones. Propone que me case con mi sobrino, y a cambio la Compañía Dorada y Pentos me ayudarán a invadir Poniente y reclamar mi derecho de nacimiento.;;;;;;;;;x
EVTOPTAclash_of_kings.59;I guess I have no choice;Je présume que je n'ai pas le choix.;;;Supongo que no tengo otra opción;;;;;;;;;x
false_visions_1;False Visions;Fausses visions;;;Visiones falsas;;;;;;;;;x
false_visions_2;False Visions;Fausses visions;;;Visiones falsas;;;;;;;;;x
false_visions_3;False Visions;Fausses visions;;;Visiones falsas;;;;;;;;;x
insight_into_the_past_1;Insight into the Past;Aperçu du passé;;;Visión del pasado;;;;;;;;;x
insight_into_the_past_2;Insight into the Past;Aperçu du passé;;;Visión del pasado;;;;;;;;;x
insight_into_the_past_3;Insight into the Past;Aperçu du passé;;;Visión del pasado;;;;;;;;;x
prophesied_future_1;Prophesied Future;Futur prophétisé;;;Futuro Profetizado;;;;;;;;;x
prophesied_future_2;Prophesied Future;Futur prophétisé;;;Futuro Profetizado;;;;;;;;;x
prophesied_future_3;Prophesied Future;Futur prophétisé;;;Futuro Profetizado;;;;;;;;;x
EVTDESCclash_of_kings.912;You always had a suspicion that your courtier [From.GetFirstName] was more important than [From.GetSheHe] seemed, and now it is confirmed as [From.GetSheHe] has revealed [From.GetHerHim]self to be [From.GetFirstName] Stark, [From.GetSonDaughter] of the late Eddard Stark. [From.GetSheHeCap] was long thought dead, but now one presumes [From.GetSheHe] means to rally the North to [From.GetHerHis] cause.;Vous avez toujours suspecté que votre courtisane [From.GetFirstName] était plus que ce qu'[From.GetSheHe] semblait. Vous aviez raison, [From.GetSheHe] a révélé qu'[From.GetSheHe] en réalité [From.GetFirstName] Stark, [From.GetSonDaughter] d'Eddard Stark. On la pensait morte, mais désormais il est fort probable qu'[From.GetSheHe] va tenter de rallier le Nord à sa cause.;;;Siempre has tenido la sospecha de que tu cortesano [From.GetFirstName] era más importante de lo que parecía, y ahora se confirma que es el mismísimo [From.GetFirstName] Stark, [From.GetSonDaughter] del difunto Eddard Stark, que fue durante mucho tiempo dado por muerto, pero ahora hay que confiar que tenga medios para unir el Norte a su causa.;;;;;;;;;x
EVTOPTAclash_of_kings.912;I must use this somehow;Je dois en tirer profit d'une manière ou d'une autre.;;;Debo usar esto de alguna manera;;;;;;;;;x
EVTDESCclash_of_kings.913;[Root.PrimaryTitle.GetFOA], we have received word from [From.Capital.GetName] that a young [FromFrom.GetManWoman] there has made a claim to be [FromFrom.GetFirstName] Stark, the [FromFrom.GetSonDaughter] of the late Eddard Stark who was thought to be dead.;[Root.PrimaryTitle.GetFOA], nous avons reçu des informations en provenance de [From.Capital.GetName], il semblerait qu'une jeune [FromFrom.GetManWoman] y affirme être [FromFrom.GetFirstName] Stark, la [FromFrom.GetSonDaughter] d'Eddard Stark, présumée morte.;;;[Root.PrimaryTitle.GetFOA], hemos recibido noticias de [From.Capital.GetName], parece que un joven ha declarado ser [FromFrom.GetFirstName] Stark, [FromFrom.GetSonDaughter] del difunto Eddard Stark que fue dado por muerto.;;;;;;;;;x
EVTOPTAclash_of_kings.913;Praise [Root.Religion.GetRandomGodName]!;[Root.Religion.GetRandomGodName] soient loués !;;;Alabanza a [Root.Religion.GetRandomGodName]!;;;;;;;;;x
DANYUNSULLIED;The Unsullied of Astapor join your cause\n;Les Immaculés d'Astapor se joignent à votre cause\n;;;Los Inmaculados de Astapor se unen a tu causa\n;;;;;;;;;x
e_north_dummy;The North;Le Nord;;;El Norte;;;;;;;;;x
EVTDESCclash_of_kings.100;To deal a real blow against the Starks and win fathers pride I must sack Winterfell and remove Robb's heirs;Pour porter un grand coup aux Stark et gagner la fierté de mon père, je dois mettre à sac Winterfell et me débarasser des hériters de Robbe;;;Para asestar un golpe a los Stark y ganar el orgullo de mi padre debo saquear Invernalia y eliminar a los herederos de Robb.;;;;;;;;;x
EVTOPTAclash_of_kings.100;A shame it has come to this;Une honte d'en être arrivé là;;;Una lástima tener que haber llegado a esto;;;;;;;;;x
EVTDESCclash_of_kings.40;Word has reached you that Theon, a man you once called your friend, has done the unthinkable and sacked Winterfell and killed both Bran and Rickon! The two of them killed mercilessly by someone they though of as an older brother they will not go aveneged yet there is now another issue. Nobody is left able to properly lead The North and avenge father in the case of my death, however my brother Jon who is at The Wall is capable and I trust him implacably. I could legitimise him as my heir even though it goes against my mother's council.;Des nouvelles du Nord m'ont appris que Theon, que je croyais être mon ami, a commis l'impensable et mis Winterfell à sac, et tué Bran et Rickon ! Tous deux tués sans merci par quelqu'un qu'ils voyaient comme leur frère, ils seront vengés. Mais avant je dois régler le problème de ma succession si je venais à mourir. Personne n'est capable de mener le Nord et venger père, cependant mon frère Jon, sur le Mur, est capable et je lui fais entièrement confiance. Je pourrais le légitimer comme mon héritier, même si cela va à l'encontre des conseils de mère.;;;Has recibido la noticia de que Theon, un hombre que llamabas amigo, ha hecho algo inimaginable, saquear Invernalia y matar a Bran y Rickon! Los dos fueron asesinados sin piedad y serán vengados por su hermano mayor, pero ahora hay otro problema. Nadie será capaz de liderar el Norte y vengar a padre en caso de que yo muera, sin embargo mi hermano Jon que está en el Muro es capaz y confío plenamente en él. Puedo legitimarlo como mi heredero a pesar de que esto va en contra del consejo de mi madre.;;;;;;;;;x
EVTOPTAclash_of_kings.40;Jon is strong and noble, he shall be my heir;Jon est fort et noble, il sera mon héritier;;;Jon es fuerte y noble, él será mi heredero;;;;;;;;;x
EVTOPTBclash_of_kings.40;Mother is right, the people would not follow a bastard;Mère a raison, nul ne suivrait un bâtard;;;Madre está en lo cierto, la gente no seguirá a un bastardo;;;;;;;;;x
TOOLTIPjon_clash_of_kings.40;Jon will be informed that he has been legitmised;Jon sera informé de sa légitimation;;;Jon será informado de que ha sido legitimado;;;;;;;;;x
TOOLTIPvassals_clash_of_kings.40;Your vassals will judge your choice\n;Vos vassaux jugeront de votre choix;;;Tus vasallos juzgarán tu elección\n;;;;;;;;;x
EVTDESCclash_of_kings.41;Dear Brother\nI have decided by right as the King in the North to legitmise you as a true born son of the late Lord Eddard Stark and the heir to the Kingdom of the North, in event of my death you are to inherit before any other. I further free you from your vows as a Black Brother of the Night's Watch and bid for you to ride south and join me.\nSigned,\nRobb of House Stark, the King in the North;Cher frère\nEn tant que Roi du Nord j'ai décidé de vous légitimer comme fils d'Eddard Stark et héritier du royaume du Nord, si je venais à mourir vous hériterez avant quiconque. Je vous libère par ailleurs de vos voeux comme frère jurée de la Garde de Nuit, et vous prie de me rejoindre au sud.\nSigné,\nRobb de la Maison Stark, Roi du Nord;;;Estimado hermano\nHe decidido por el derecho como Rey en el Norte legitimarte como auténtico hijo del difunto Eddard Stark y como heredero al Reino del Norte, en caso de mi muerte heredarás antes que cualquier otro. Por la presente, te libero de tus votos como Hermano Negro de la Guardia de la Noche y te invito a que cabalgues al sur para acompañarme.\nFirmado,\nRobb de la Casa Stark, el Rey en el Norte;;;;;;;;;x
EVTOPTAclash_of_kings.41;I will head south at once to join him;Je me rends dans le sud de ce pas le rejoindre;;;Me dirigiré al sur a unirme a él;;;;;;;;;x
EVTOPTBclash_of_kings.41;My duty is to the Night's Watch, he will be fine without me;Mon devoir est envers la Garde, il peut se passer de moi;;;Mi deber es para con la Guardia de la Noche, estará bien sin mí;;;;;;;;;x
EVTDESCclash_of_kings.42;You have been informed the [From.GetTitledFirstName] has decreed that his bastard brother Jon Snow is to be legitimised as a true born son of the late Eddard Stark and the heir to the Kingdom of the North in the event of his death.;Vous avez été informé que [From.GetTitledFirstName] a légitimé son frère bâtard Jon Snow comme fils de plein droit de feu Eddard Stark, faisant de celui-ci l'héritier du Royaume du Nord dans l'éventualité de sa mort;;;Has sido informado que [From.GetTitledFirstName] ha decretado que su hermano bastardo Jon Nieve ha sido legitimado como auténtico hijo del difunto Eddard Stark y como heredero al Reino del Norte en caso de su muerte.;;;;;;;;;x
EVTOPTAclash_of_kings.42;The succession is secure!;La succession est assurée !;;;La sucesión está asegurada!;;;;;;;;;x
EVTOPTBclash_of_kings.42;What is this?! A bastard cannot inherit!;Comment cela ? Un bâtard ne peut hériter !;;;¿Qué es esto?! Un bastardo no puede heredar!;;;;;;;;;x
EVTDESCAclash_of_kings.43;Dear Brother\nIt would be my pleasure to join you in the south to help avenge the deaths of Bran, Rickon and father. I will lead your armies and fight for justice and the honour of our House!;Cher frère\nJ'aurais grand plaisir à vous rejoindre dans le sud et venger la mère de père, Bran et Rickon. Je mènerai vos armées et me battrai pour la justice et l'honneur de notre Maison !;;;Estimado hermano\nSerá un auténtico placer acompañarte al sur para ayudarte a vengar las muertes de Bran, Rickon y padre. Conduciré tus ejércitos y lucharé por la justicia y el honor de nuestra Casa!;;;;;;;;;x
EVTDESCBclash_of_kings.43;Dear Brother\nIt is with a heavy heart I must reject your offer to join you, my duty is to the Night's Watch and I cannot forsake my vows not even for you. I wish you the best of luck and am sure you can win this war without me.;Cher frère\nC'est avec le cœur lourd que je dois refuser cette offre de vous rejoindre, mon devoir est envers la Garde de Nuit, et je ne peux rompre mes voeux, même pour vous. Je vous souhaite le meilleur, et suis sûr que vous pouvez gagner cette guerre sans mon concours.;;;Estimado hermano\nCon gran peso en el corazón, debo rechazar tu propuesta de acompañarte, mi deber es para con la Guardia de la Noche y no puedo renunciar a mis votos ni siquiera por ti. Te deseo la mejor de las suertes y estoy seguro de que ganarás la guerra sin mí.;;;;;;;;;x
EVTOPTAclash_of_kings.43;The succession is secure, now to win the war;La succession est assurée, maintenant il faut gagner la guerre;;;La sucesión está asegurada, ahora a ganar la guerra;;;;;;;;;x
EVTOPTBclash_of_kings.43;When the time comes, I know he will do what is necessary;Le temps venu, je sais qu'il fera ce qui est nécessaire;;;Cuando llegue el momento, sé que hará lo necesario;;;;;;;;;x
EVTDESCclash_of_kings.44;You have been informed that your brother Robb has passed away, before his death he decreed that you were to be his heir... do you wish to accept this title or remain as a brother of the Night's Watch?;Vous avez été informé que votre frère Robb est mort, il avait précédemment fait de vous son héritier... Voulez-vous accepter ce titre ou rester un frère de la Garde de Nuit ?;;;Has sido informado de que tu hermano Robb ha fallecido, antes de su muerte decretó que eras su heredero... Deseas aceptar sus títulos o permanecer como un hermando de la Guardia de la Noche?;;;;;;;;;x
EVTOPTAclash_of_kings.44;I will honour my brother's last request and fight for his memory;J'honorerai le dernier souhait de mon frère et me battrai pour sa mémoire;;;Honraré la última petición de mi hermano y lucharé por su memoria;;;;;;;;;x
EVTOPTBclash_of_kings.44;I still cannot break my vows;Je ne peux toujours pas briser mes vœux;;;No puedo romper mis votos;;;;;;;;;x
EVTTITLEclash_of_kings.45;The Bastard King;Le Roi Bâtard;;;El Rey Bastardo;;;;;;;;;x
EVTDESCclash_of_kings.45;Before his death Robb Stark the King in the North had decreed that his bastard brother Jon Snow would be named his heir and true born son of Eddard Stark. After King Robb perished Jon Snow returned to Winterfell and has claimed the title of the King in the North and has vowed to continue to fight to avenge the death of his father and be truly worthy of his new title!;Avant sa mort, Robb Stark a décidé que son frère bâtard Jon Snow serait nommé son héritier, comme fils légitime d'Eddard Stark. Après que le roi Robb ait péri, Jon Snow est revenu à Winterfell pour revendiquer le titre de Roi du Nord, et a juré de se battre pour venger la mort de son père afin d'honorer son nouveau titre !;;;Antes de su muerte Robb Stark, el Rey en el Norte, decretó que su hermano bastardo Jon Nieve fuese nombrado su heredero y auténtico hijo de Eddard Stark. Después de que el rey Robb falleciese, Jon Nieve ha vuelto a Invernalia y ha reclamado el título de Rey en el Norte y ha jurado seguir luchando para vengar la muerte de su padre y ser verdaderamente digno de su nuevo título!;;;;;;;;;x
EVTOPTAclash_of_kings.45;The King in the North! The King in the North!;Le Roi du Nord ! Le Roi du Nord !;;;El Rey en el Norte! El Rey en el Norte!;;;;;;;;;x
EVTOPTBclash_of_kings.45;The bastard will die as well;Le bâtard mourra lui aussi;;;El bastardo también morirá;;;;;;;;;x
EVTOPTCclash_of_kings.45;A bastard as a King? It is strange times we live in...;Un bâtard comme roi ? Drôle d'époque que nous vivons…;;;Un bastardo como Rey? Extraños tiempos en los que vivimos...;;;;;;;;;x
EVTOPTDclash_of_kings.20;There is another king...;Il y a un roi de plus…;;;Ahí va otro rey...;;;;;;;;;x
EVTTITLEclash_of_kings.46;The Rose and the Wolf;La Rose et le Loup;;;La Rosa y el Lobo;;;;;;;;;x
EVTDESCclash_of_kings.46;Renly Baratheon has died and Maragery Tyrell who was Renly's queen, and her family would still desire a royal alliance. An envoy has arrived from [From.GetTitledFirstName] with the offer of us to wed our Houses together and the might and wealth of the Reach shall be with us, which would surely lead to the crushing of Lannisters.;Renly Baratheon est mort et sa reine Margaery, ainsi que sa famille, désirent toujours une alliance royale. Un émissaire est arrivé de [From.GetTitledFirstName] avec une offre de mariage entre nos deux maisons, et ainsi une alliance avec le riche et puissant Bief, ce qui signifierait l'écrasement des Lannister.;;;Renly Baratheon ha muerto y Margaery Tyrell, que fue reina de Renly, y su familia todavía desean una alianza real. Un enviado ha llegado de [From.GetTitledFirstName] con la oferta de unir en matrimonio nuestras casas y el poder y la riqueza del Dominio estará con nosotros, lo que sin duda conducirá a la destrucción de los Lannister.;;;;;;;;;x
EVTOPTAclash_of_kings.46;The Rose and the Wolf shall be united;La Rose et le Loup doivent s'unir;;;La Rosa y el Lobo se unirán;;;;;;;;;x
EVTOPBclash_of_kings.46;No they only seek to further themselves;Non, ils ne cherchent qu'à gravir les échelons;;;No, ellos piensan únicamente en si mismos;;;;;;;;;x
EVTOPCclash_of_kings.46;No I am already married to [Spouse.GetFirstName];Non, je suis déjà marié à [Spouse.GetFirstName];;;No, yo estoy casado con [Spouse.GetFirstName];;;;;;;;;x
EVTOPTBclash_of_kings.5200;I change my mind, I accept Xaro's offer!;J'ai changé d'avis, je vais accepter l'offre de Xaro !;;;He cambiado de opinión, aceptaré la oferta de Xaro!;;;;;;;;;x
EVTOPTBclash_of_kings.5400;Actually, I should settle here and rule;Je devrais en fait rester et gouverner;;;Debería quedarme aquí y gobernar;;;;;;;;;x
EVTTITLEclash_of_kings.60;Jade Slaves;Esclaves de Jade;;;Esclavos de Jade;;;;;;;;;x
EVTDESCclash_of_kings.60;These past months I've been sailing the Jade Sea with Xaro, visiting exotic cities and being courted by foreign rulers. Along the way my husband has acquired many slaves, and has given me many of the fair and strong ones as gifts, and my own personal retinue has grown. What I have witnessed of the slave trade sickens me however, how can I own a fellow man?;Ces derniers mois, j'ai navigué à travers la mer de Jade en compagnie de Xaro. J'ai visité des cités exotiques et des souverains étrangers m'ont accueilli à leur cour. Pendant ce voyage, mon mari a acquis de nombreux esclaves et il m'en a offert certains d'entre eux, aussi ma suite a-t-elle rapidement grandi. Cependant, ce que j'ai vu de la traite me rend malade, de quel droit puis-je posséder un être humain ?;;;Estos últimos meses, he estado navegando a través del Mar de Jade en compañía de Xaro. He visitado ciudades exóticas y soberanos extranjeros me dieron la bienvenida a su corte. Durante el viaje, mi marido adquirió muchos esclavos y me regaló algunos de ellos para mi séquito personal, que ha crecido rápidamente. Sin embargo, lo que he visto del tráfico de escalvos me pone enferma, ¿qué derecho tengo yo de poseer un ser humano?;;;;;;;;;x
EVTOPTAclash_of_kings.60;This barbarity must be stopped!;Cette barbarie doit cesser !;;;Esta barbarie debe cesar!;;;;;;;;;x
EVTOPTBclash_of_kings.60;This is the way of The East unfortunately;C'est malheureusement une tradition en Orient.;;;Desgraciadamente es una tradición en Oriente.;;;;;;;;;x
EVTDESCclash_of_kings.61;An old man by the name of Whitebeard has been serving in your court for the past few months, but it seems he is more than a simple old man. He reveals himself to be Barristan the Bold, dismissed from the usurper's Kingsguard! He begs forgiveness for withhoding his truthful identity, and tells you he is yours if you will have him.;Un vieil homme répondant au nom de Barbe-Blanche vous sert depuis quelques mois, mais il semble qu'il ne soit pas un simple vieillard. Il vous a révéler être Barristan le Hardi, démis de ses fonctions de lord commandant de la garde royale de l'Usurpateur ! Il vous demande de le pardonner pour ne pas avoir révélé son identité plus tôt et dit être votre homme si vous l'acceptez.;;;Un anciano llamado Arstan Barbablanca te ha servido durante varios meses, pero parece que no es un simple viejo. Ha revelado ser Ser Barristan el Bravo, depuesto Lord Comandante de la Guardia Real del Usurpador! Pide que lo perdonéis por no revelar su identidad y dice que te servirá si lo aceptas.;;;;;;;;;x
EVTOPTAclash_of_kings.61;Ser Barristan, I accept your service;Ser Barristan, j'accepte que vous me serviez.;;;Ser Barristan, acepto que me sirváis.;;;;;;;;;x
EVTOPTBclash_of_kings.61;I will not have the Usurper's dogs by my side!;Je ne tolérerai pas un chien de l'Usurpateur à mes côtés !;;;No toleraré a un perro del Usurpador a mi lado!;;;;;;;;;x
EVTDESCclash_of_kings.62;It’s almost sunrise, the night sky slowly turns from deep black to violet, purple and red on the eastern horizon, bringing forth the thoughts about my brother and the upcoming battle. 'It was his choice' I keep thinking. 'He chose the path of war, so I will crush him today, and then the Lannisters and everyone else who denies my right to the Iron Throne.' 'Your Grace' I hear Lady Catelyn’s voice. 'You promised me a word.' I tell the other lords to return to their duties and prepare for the battle. I don’t want to hear anyone’s talk, I need a moment of calmness.  Only lady Catelyn doesn’t move, just looks at me with her blue eyes filled with determination. I know what she will say and I already know the answer I will give her. I won’t change my mind, not easily.  She begins to explain her son’s offer. Peace with Stannis, setting aside the crown, the Great Council? I sigh quietly and smile a little. I’d laugh at her, but it’s not appropriate.';C'est presque le lever du soleil, le ciel nocturne passe lentement du noir profond au violet, au violet et au rouge de l'horizon à l'est, ce qui fait penser à mon frère et à la bataille à venir. 'C'était son choix', continue-t-il. ‘Il a choisi le chemin de la guerre, alors je vais l'écraser aujourd'hui, puis les Lannister et tous ceux qui nient mon droit au Trône de fer.’ 'Votre Grâce', j'entends la voix de Lady Catelyn. ‘Vous m'avez promis un mot.’ Je dis aux autres seigneurs de revenir à leurs devoirs et de se préparer à la bataille. Je ne veux pas entendre parler de personne, j'ai besoin d'un moment de calme. Seule lady Catelyn ne bouge pas, me regarde simplement avec ses yeux bleus remplis de détermination. Je sais ce qu'elle va dire et je sais déjà la réponse que je lui donnerai. Je ne changerai pas d'avis, pas facilement. Elle commence à expliquer l'offre de son fils. La paix avec Stannis, mettant de côté la couronne, le Grand Conseil? Je soupire tranquillement et souris un peu. Je riais d'elle, mais ce n'est pas approprié.';;;;;;;;;;;;x
EVTOPTAclash_of_kings.62;Not for a King;Pas pour un roi;;;;;;;;;;;;x
EVTDESCclash_of_kings.63;Time for talk is done. Now we see who is stronger.' I tell her while lady Brienne, my guard, helps me with buckling my belt. 'I beg you, in the name of the Mother...' begins Lady Stark. I am ready to interrupt her, to mock her even, stupid woman who does not understand that no means no, but something strange happens. I notice the change in the atmosphere inside the tent. Suddenly, a strong blow of wind violently opens tent’s door and moves it’s walls.  It gets cold and the candlelight starts to flutter, making shadows dance on silken green walls of the tent. I hear Lady Catelyn’s gasp and the sound of Lady Brienne unsheathing her sword. I put my right hand on the handle of my weapon, but then I notice something moving towards me.  A shadow in a human form with a black blade in it’s hand....;Le temps des paroles est terminé. Maintenant, nous allons voir qui est le plus fort. ‘Je lui dis que pendant que dame Brienne, ma garde, m'aide à boucler ma ceinture. ‘Je vous en prie, au nom de la Mère ...’ commence Lady Stark. Je suis prêt à l'interrompre, à se moquer de cette femme, même stupide qui ne comprend pas ce que signifie ‘non’, mais quelque chose d'étrange se produit. Je remarque le changement de l'atmosphère à l'intérieur de la tente. Soudain, un violent coup de vent ouvre violemment la porte de la tente et déplace ses murs. Il fait froid et la lumière des bougies commence à vibrer, faisant des ombres dansant sur les murs vert soyeux de la tente. J'entends le souffle de Lady Catelyn et le bruit de Lady Brienne dérgainant son épée. J'ai mis ma main droite sur le manche de mon arme, mais alors je remarque quelque chose se déplaçant vers moi. Une ombre dans une forme humaine avec une lame noire dans sa main ....;;;;;;;;;;;;x
EVTOPTAclash_of_kings.63;Help!;A l'aide!;;;;;;;;;;;;x
EVTOPTBclash_of_kings.63;So cold...;Tellement froid..;;;;;;;;;;;;x
EVTDESCclash_of_kings.64;...and then someone’s hands push me back. I stagger and fall down, my armour clanging with the force of it. I hear Lady Brienne’s battle cry as she raises her sword and tries to swing it through the shadow monster, but the blade cuts through it as if the mysterious figure was made out of air. Lady Stark starts to scream. I try to look at the monster’s face, but I don’t see much from my perspective. Petrified, I see it raising it’s black blade and attacking Lady Brienne with speed far beyond capabilites of a trained knight. She tries to parry the shadow’s sword, but she’s too slow.  I regain control over my body. I turn around and try to crawl my way out of this. I hear Lady Brienne’s grunt, but I’m unsure whether she’s been slain or only wounded.  I need to hide, I need to run away, I…;... et puis les mains de quelqu'un me repoussent. Je chancelle et tombe, mon armure retentit avec la force de celle-ci. J'entends le cri de bataille de Lady Brienne, quand elle lève son épée et essaie de la balancer à travers le monstre de l'ombre, mais la lame le traverse comme si la figure mystérieuse était faite d'air. Lady Stark commence à crier. J'essaie de regarder le visage du monstre, mais ma position ne me permet pas de voir grand chose. Pétrifié, je la vois soulever sa lame noire et attaquer Lady Brienne avec une vitesse bien au-delà des capabilités d'un chevalier entraîné. Elle essaie de percer l'épée de l'ombre, mais elle est trop lente. Je reprends le contrôle de mon corps. Je me retourne et essaye de ramper au dehors. J'entends le grognement de Lady Brienne, mais je ne sais pas si elle a été tuée ou seulement blessée. J'ai besoin de me cacher, j'ai besoin de fuir, je ...;;;;;;;;;;;;x
EVTOPTAclash_of_kings.64;...hide under the table, hoping someone comes to rescue me;... caché sous la table, en espérant que quelqu'un vienne me sauver;;;;;;;;;;;;x
EVTOPTBclash_of_kings.64;...crawl to the tent’s wall, hoping I’ll escape;... ramper jusqu’à la paroi de la tente, espérant que je vais m’échapper;;;;;;;;;;;;x
EVTDESCclash_of_kings.65;I stay under the table and try not to move any muscle in fear of making a sound. I see the shadow circling around my hiding spot, looking for me, for it’s prey. I still don’t understand what’s going on, but  it certainly involves magic. I feel my hands shaking. The monster stops moving, as if trying to recalculate the situation, and then it’s under the table, right in front of me. The time freezes for a second and I see the shadow’s face. I notice the painful similarity to my brother, Stannis. The monster thrusts it’s sword through my throat. The blade is extremely cold and I feel like my body’s freezing. Hot blood paints my golden Baratheon armour red. The shadow vanishes. I fall on my back and before I close my eyes to embrace the darkness one thought appears in my mind:;Je reste sous la table et essaye de ne pas bouger les muscles de peur de faire un bruit. Je vois l'ombre tourner autour de ma cachette, me cherchant, moi sa proie. Je ne comprends toujours pas ce qui se passe, mais cela implique certainement de la magie. Je sens mes mains trembler. Le monstre cesse de bouger, comme s'il essayait de recalculer la situation, puis il est sous la table, juste devant moi. Le temps s’arrête pendant une seconde et je vois le visage de l'ombre. Je remarque la ressemblance douloureuse à mon frère, Stannis. Le monstre pousse son épée dans ma gorge. La lame est extrêmement froide et j'ai l'impression que mon corps gèle. Le sang chaud peint mon armure dorée Baratheon. L'ombre disparaît. Je tombe sur mon dos et avant que je ferme les yeux pour embrasser l'obscurité une pensée apparaît dans mon esprit :;;;;;;;;;;;;x
EVTOPTAclash_of_kings.65;The night is dark and full of terrors.;La nuit est sombre et pleine de terreurs.;;;;;;;;;;;;x
EVTDESCclash_of_kings.66;I try to get to the tent’s wall as fast as I can, but my legs don’t want to listen and I struggle to move. I still don’t understand what’s going on, but it certainly involves magic. I turn my head around and I realise the monster is close, extremely close. I put my hand on something slippery and I lose my balance, and feel the cold radiating from the shadow’s body. I slowly start to accept my fate.\nThe monster raises it’s black sword, but then I feel something under my right hand, something thin and soft. The silken fabric the tent’s made of. I quickly lift it, letting morning sunshine inside. A warm beam of light lands on shadow’s face and I notice some similarity to my brother, Stannis. The monster freezes for a second and starts screaming, it’s voice high pitched and painfully loud. Then it disappears, turning into a cloud of fog. I breathe out loudly, feeling sweat dripping down my face. I've survived.;J'essaie d'atteindre le mur de la tente aussi vite que je peux, mais mes jambes ne veulent pas écouter et j'ai du mal à bouger. Je ne comprends toujours pas ce qui se passe, mais cela implique certainement de la magie. Je tourne la tête et je me rends compte que le monstre est proche, extrêmement proche. Je mets la main sur quelque chose de glissant et je perds mon équilibre, et je sens le froid rayonner du corps de l'ombre. Je commence lentement à accepter mon sort.\nLe monstre lève son épée noire, mais alors je sens quelque chose sous ma main droite, quelque chose de mince et de doux. C’est le tissu soyeux de la paroi de la tente. Je l'ai rapidement levé, laissant le soleil du matin entrer à l'intérieur. Un léger rayon de lumière atterrit sur le visage de l'ombre et je remarque une certaine similitude avec mon frère, Stannis. Le monstre gèle pendant une seconde et commence à crier, c'est une voix haute et douloureusement forte. Puis il disparaît, se transformant en un nuage de brouillard. Je respire fort, sentant la sueur couler sur mon visage. J'ai survécu.;;;;;;;;;;;;x
EVTOPTAclash_of_kings.66;The terrors of night die in the daylight.;Les terreurs de la nuit meurent à la lumière du jour.;;;;;;;;;;;;x
EVTDESCclash_of_kings.67;The body of the beloved King Renly of House Baratheon lies cold on the ground. Some say he was murdered by a warrior woman he trusted too much, some say it was dark magic that ended the boy's life. None of that matters, as of now. The King I supported is dead, his cause failed, his war lost long before it even began, and now I have to choose once again. Whose name should my bannermen shout while riding into battle?;;;;;;;;;;;;x;
EVTOPTAclash_of_kings.67;I shall raise my banners for lord Stannis Baratheon;;;;;;;;;;;;x;
EVTOPTBclash_of_kings.67;The Tyrells have been my liege lords for centuries, I'm with them;;;;;;;;;;;;x;
EVTOPTCclash_of_kings.67;Game of thrones is much more dangerous than I thought. Perhaps if I don't support anyone, nobody will kill me.;;;;;;;;;;;;x;
EVTTITLEclash_of_kings.62;Before Dawn;Avant l'aube;;;;;;;;;;;;x
EVTOPTBclash_of_kings.913;[FromFrom.GetSheHeCap] must be an imposter;Ce doit être un imposteur;;;Debe ser un impostor;;;;;;;;;x
EVTDESCAclash_of_kings.70;Robb Stark has broken his betrothal with my House and married some westerman harlot, a woman who is on the side of his enemy no less! This grave insult to our House can not go unadressed...;;;;;;;;;;;;;x
EVTDESCBclash_of_kings.70;Robb Stark has broken his betrothal with my House, most likely to go off and enjoy the common wenches without the though of a wife back home! This grave insult to our House can not go unadressed...;;;;;;;;;;;;;x
EVTOPTAclash_of_kings.70;"The ""King"" must be taught a lesson, send a raven to the Lannisters...";;;;;;;;;;;;;x
EVTOPTBclash_of_kings.70;A marriage with one of his kin or bannermen will suffice;;;;;;;;;;;;;x
EVTOPTCclash_of_kings.70;I shall curse him yes, but there is nothing else I can do;;;;;;;;;;;;;x
TOOLTIPacok_red_wedding_proposal;You shall send a raven to Tywin Lannister proposing that Robb and his bannermen be killed at a wedding you host under the guise of reconciling House Stark and House Frey.;;;;;;;;;;;;;x
TOOLTIPred_wedding_frey_demands;In exchange for ending the war House Frey will demand the following:\nThe Crowns protection of House Frey.\nRivverun will be granted to Emmon Frey.\nSer Lancel Lannister will be married to one of the Frey girls.\nA marriage between the Freys and the Lannister branch of Ser Devan Lannister.\nA marriage between a bastard Frey son and Joy Hill.\n;;;;;;;;;;;;;x
TOOLTIPacok_frey_marriage_proposal;Propose a marriage between House Frey and House Stark or powerful vassals of the King and their family in exchange for House Frey renweing their fealty to the King in the North;;;;;;;;;;;;;x
EVTDESCclash_of_kings.71;[Root.GetTitledFirstName], I come to you with a proposal to help you end this war by killing Robb Stark and his bannermen at a wedding I shall host under the guise of reconciling House Stark and House Frey, if you agree to this proposal I would require protection from the Crown as well as a disucssion on rewards.:;;;;;;;;;;;;;x
EVTOPTAclash_of_kings.71;This is a good idea, although we will need some help;;;;;;;;;;;;;x
EVTOPTBclash_of_kings.71;This plan is foolish and reckless, Walder Frey is not to be truested;;;;;;;;;;;;;x
TOOLTIPred_wedding_bolton_offer;You shall ask Lord Roose Bolton to aid Walder Frey in his plot in exchange for rewarding him with the following:\nRoose Bolton is declared the Warden of the North.\nRamsay Snow is legitimised and married to Arya Stark;;;;;;;;;;;;;x
EVTDESCclash_of_kings.72;With the final pieces of your plan falling into place along with the backing of Tywin Lannister you are ready to send your offer of a wedding to reconcile your Houses to Robb Stark.;;;;;;;;;;;;;x
EVTOPTAclash_of_kings.72;A fine season for weddings...;;;;;;;;;;;;;x
EVTDESCclash_of_kings.73;Tywin Lannister has foolishly rejected your offer! He is clearly not man enough to do what has to be done to end this war, no matter... you my still have a wedding yet, albeit with no benefit for him!;;;;;;;;;;;;;x
EVTOPTAclash_of_kings.73;Maybe Robb Stark is open to a marriage anyway...;;;;;;;;;;;;;x
EVTOPTBclash_of_kings.73;Why can nothing ever go my way!;;;;;;;;;;;;;x
EVTDESCclash_of_kings.74;[Root.GetTitledFirstName], I come to you with a proposal. If you aid Lord Walder Frey and I to end this war by killing Robb Stark and his bannermen at a wedding under the guise of reconciling House Stark and House Frey, you shall be greatly rewarded by being made Warden of the North and your son Ramsay Snow being legitimised as well as having a marriage with Arya Stark.;;;;;;;;;;;;;x
EVTOPTAclash_of_kings.74;This is a great opportunity for House Bolton, I accept;;;;;;;;;;;;;x
EVTOPTBclash_of_kings.74;As much as I'd like to... it is far too risky;;;;;;;;;;;;;x
EVTDESCclash_of_kings.75;"Lord Tywin, I graciously accept your proposal. I shall aid Walder Frey in his ""wedding""";;;;;;;;;;;;;x
EVTOPTAclash_of_kings.75;He knows where victory lies;;;;;;;;;;;;;x
TOOLTIPred_wedding_bolton_joins;is informed that Lord Roose Bolton will be joining your plans.;;;;;;;;;;;;;x
EVTDESCclash_of_kings.76;Lord Tywin, as much as I would like to accept your proposal... it is far too risky.;;;;;;;;;;;;;x
EVTOPTAclash_of_kings.76;Bah! He is foolish!;;;;;;;;;;;;;x
EVTDESCclash_of_kings.77;Lord Walder, [FromFrom.GetTitledFirstName] has agreed to join our conspiracy in killing Robb Stark and will aid us in setting up and carrying out the plans.;;;;;;;;;;;;;x
EVTOPTAclash_of_kings.77;This will make things easier;;;;;;;;;;;;;x
EVTDESCclash_of_kings.78;[Root.GetTitledFirstName], I propose a marriage between our my House and that of your own or one of your powerful bannermen as an apology for the slight you made against my House. In exchange for this, House Frey will once again swear fealty to you as the King in the North.;;;;;;;;;;;;;x
EVTOPTAclash_of_kings.78;Of course, I never intended this as a slight against him!;;;;;;;;;;;;;x
TOOLTIPstark_frey_marriage;[frey_marriage_target.GetTitledFirstName] [frey_marriage_target.GetOnlyDynastyName] will marry [stark_marriage_target.GetTitledFirstName] [stark_marriage_target.GetOnlyDynastyName].\n;;;;;;;;;;;;;x
TOOLTIPfrey_troops;Lord Walder will provide troops and a hefty gift of gold for you war effort.\n;;;;;;;;;;;;;x
EVTOPTBclash_of_kings.78;He dares to make requests from me after breaking his oath?!;;;;;;;;;;;;;x
EVTTITLEclash_of_kings.79;The Wedding;;;;;;;;;;;;;x
EVTDESCclash_of_kings.79;A nice normal wedding;;;;;;;;;;;;;x
EVTOPTAclash_of_kings.79;What a wonderful wedding!;;;;;;;;;;;;;x
EVTTITLEclash_of_kings.80;The Red Wedding;;;;;;;;;;;;;x
EVTDESCclash_of_kings.80;OH GOD NO THE RED WEDDING;;;;;;;;;;;;;x
EVTOPTAclash_of_kings.80;NOOOOOOOOOOOO!!!!!!;;;;;;;;;;;;;x
EVTDESCclash_of_kings.3699;I declare that my brother Robert left no trueborn issue of his body, the boy Joffrey, the boy Tommen and the girl Myrcella being abominations of incest between Cersei Lannister and Ser Jaime the Kingslayer. By right of birth and blood I do lay claim to the Iron Throne, let all true men declare their loyalty.\n Signed, [From.GetFirstName] of House [From.GetOnlyDynastyName], the First of His Name, King of the Andals, the Rhoynar, and the First Men, and Lord of the Seven Kingdoms;J'affirme que mon frère Robert n'a laissé aucun enfant légitime, l'enfant Joffrey, l'enfant Tommen et la fille Myrcella sont des abominations de l'inceste entre Cersei Lannister et ser Jaime le Régicide. Par droit de naissance et de sang je revendique le Trône de Fer ,et j'attends que tous les honnêtes hommes du royaume me jurent fidélité.\n Signé, [From.GetFirstName] de la maison [From.GetOnlyDynastyName], le Premier de Son Nom, Roi des Andals, de Rhoynar et des Premiers Hommes, Seigneur des Sept Couronnes et Protecteur du Royaume.;;;Declaro que mi hermano Robert no dejó ningún hijo de su sangre, Joffrey, Tommen y Myrcella son abominaciones del incesto entre Cersei Lannister y Jaime el Matarreyes. Por derecho de nacimiento y de sangre reclamo el Trono de Hierro, que todos los hombres verdaderos declaren su lealtad.\n Firmado, [From.GetFirstName] de la Casa [From.GetOnlyDynastyName], el primero de su nombre, rey de los Ándalos y los Rhoynar y los Primeros Hombres, señor de los Siete Reinos y Protector del Reino.;;;;;;;;;x
EVTOPTAclash_of_kings.3699;I am their rightful king, but they will deny me if they can;;;;;;;;;;;;;x
EVTTITLEclash_of_kings.90;Kraken and the Crow;;;;;;;;;;;;;x
EVTDESCclash_of_kings.91;Having heard of the Driftwood Crown once again sitting upon a Greyjoy head, my brother Euron, surprisingly, decided to support my claim. The Crow’s Eye brings ships filled with hardened warriors and treasures from the ruins of Old Valyria, or so he claims. He was banished from the Iron Islands, by my own decree, for committing crimes against his own blood…;;;;;;;;;;;;;x
EVTOPTAclash_of_kings.91;...but an army is an army. I welcome him with bread and salt, and forget everything he’d ever done.;;;;;;;;;;;;;x
EVTOPTBclash_of_kings.91;...and I won’t forget this. Guards! Imprison this man and confiscate his gold!;;;;;;;;;;;;;x
EVTDESCclash_of_kings.92;The storm that is now ruling over the Iron Islands is something even the oldest Reavers do not remember - dark monstrosity filled with rage, mercilessly throwing blades of lightings at the rocks that we made our home. The wind is tugging at my cloak, the heavy rain falling at my face like a thousand tiny arrows. I murmur a curse and continue to cross the bridge between one tower and another. I clasp my hand on wet rope, trying to keep my balance, forcing myself to not look at sharp rocks beneath the bridge. Halfway through my journey I feel a strange sensation on the back of my neck, a sign of someone following me. I take a deep breath and turn around but I see nothing. I squint my eyes and see… a shadow… someone coming closer and closer, a blade in its hand. The weapon rises and I…;;;;;;;;;;;;;x
EVTOPTAclash_of_kings.92;Aaaaargh!;;;;;;;;;;;;;x
EVTOPTBclash_of_kings.92;…draw my weapon and engage in a fight.;;;;;;;;;;;;;x
TOOLTIPclash_of_kings.92;Euron seizes Pyke and Lordsport;;;;;;;;;;;;;x
EVTDESCclash_of_kings.93;“Come one, you bastard!” I shout and strike my enemy. The man is tall and strong, and almost unnaturally silent, and I can’t see his face under his heavy hood. I give a short sigh of relief when I realize that the foe is actually a human being, or at least something material, not some dark magic folly or a sea demon. Our weapons clash in a fountain of sparks, and we keep dancing amongst the lightings, the thunders shaking the ground. After few seconds, however, I realize that my opponent is better than me, faster, as swift as wind, as drakkar at sea. His moves are almost liquid and he does not hesitate. Soon I find myself blocking rather than attacking. My enemy raises his blade and I…;;;;;;;;;;;;;x
EVTOPTAclash_of_kings.93;…try to strike for his guts, now that they’re exposed.;;;;;;;;;;;;;x
EVTOPTBclash_of_kings.93;…dive under his arm and aim at his back.;;;;;;;;;;;;;x
EVTDESCclash_of_kings.94;I take a forceful swing, knowing perfectly that this is my last chance in this fight. The enemy quietly chuckles at that and suddenly changes the direction in which his blade was heading. The steel was bright, reflecting the light of yet another lighting that tore the shy above us. Ever so slowly, as if the time almost stopped, the blade goes down, slashing right at my throat. I try to take a breath, but I can’t. The wound stings as I put my hand on the torn flesh of my neck, warm blood flowing through my fingers. I stagger back, feeling my knees weaken. My head spins already, and suddenly I feel myself falling, falling down…;;;;;;;;;;;;;x
EVTOPTAclash_of_kings.94;I embrace the sea as the darkness claims my mind;;;;;;;;;;;;;x
EVTDESCclash_of_kings.95;I quickly dive under the arm of my opponent, and with a dose of satisfaction I realize that he did not expect this. He’s puzzled only for a second, but that’s long enough for me and my weapon. I drive my blade through his spine before my enemy even manages to turn around. I hear a sharp gasp coming through his hidden mouth. His blade falls from his hand, right down into the hungry black sea. His wielder soon followed, stumbling back and falling down, his now uncovered eyes wide in shock. I breathe out heavily and spit out, cursing anyone who tried to murder me. Whoever that was, he should’ve known that;;;;;;;;;;;;;x
EVTOPTAclash_of_kings.95;What is dead may never die.;;;;;;;;;;;;;x
EVTDESCclash_of_kings.97;I, Euron of House Greyjoy, claim the Seastone Chair and the Driftwood Crown, ascending as the next Iron King of the Iron Islands, following my deceased brother Balon. Bend the knee and come to my ships, on which we shall sail for glory, gold and beautiful salt wives. I promise you – together we will make the world fear the Ironborn, as in the tales of old. We will make them tremble at the sight of our sails. \n And we will make the seas turn red from blood. \n \n Anyone who will not swear his allegiance to me shall die. \n Choose wisely.;;;;;;;;;;;;;x
EVTOPTAclash_of_kings.97;I spit on his hollow promises!;;;;;;;;;;;;;x
EVTOPTBclash_of_kings.97;I shall sail together with our new king! For glory!;;;;;;;;;;;;;x
EVTDESCclash_of_kings.501B;In the aftermath of King Joffrey's death, Tommen has been crowned king, and plans have been made for him to wed Margaery Tyrell in Joffrey's stead. Still not a man grown, the Seven Kingdoms are ruled by the noble Dowager Queen Cersei and her able council, ready to prevail in the wars that still ravage Westeros.;;;;;;;;;;;;;x
EVTOPTBclash_of_kings.501;House Lannister will prevail;;;;;;;;;;;;;x
EVTOPTCclash_of_kings.501;I am of House Baratheon!;;;;;;;;;;;;;x
EVTOPTDclash_of_kings.501;I have the blood of two great houses!;;;;;;;;;;;;;x
