#CODE;ENGLISH;FRENCH;GERMAN;;SPANISH;;;;;;;;;x
CHRONICLE_PLAYER_INHERITANCE_NEW_RELIGION;On [GetDateText], [From.GetTitledName] [From.GetDeathReason] at the age of [Root.GetAgeYears]. [From.GetSubjectPronounCap] was succeeded by [From.GetPossPronoun] [Root.Religion.GetName] [GetFromReverseRelation] [Root.GetFirstName].;Le [GetDateText], [From.GetTitledName] [From.GetDeathReason] à l’âge de [Root.GetAgeYears]. [From.GetSubjectPronounCap] eut comme successeur [From.GetPossPronoun] [GetFromReverseRelation] [Root.GetFirstName], de religion [Root.Religion.GetName] [Root.Religion.GetGroupName].;Am [GetDateText], [From.GetTitledName] [From.GetDeathReason]. Nachfolger wird [From.GetPossPronoun] [Root.Religion.GetName] [Root.Religion.GetGroupName] [GetFromReverseRelation] [Root.GetFirstName].;;El [GetDateText], [From.GetTitledName] [From.GetDeathReason] a la edad de [Root.GetAgeYears]. [From.GetSubjectPronounCap] fue sucedido por [From.GetPossPronoun] [GetFromReverseRelation] [Root.GetFirstName], de religión [Root.Religion.GetName] [Root.Religion.GetGroupName] [GetFromReverseRelation] [Root.GetFirstName].;;;;;;;;;x
CHRONICLE_PLAYER_INHERITANCE_NEW_CULTURE;[From.GetTitledName] [From.GetDeathReason] on [GetDateText] at the age of [Root.GetAgeYears]. [From.GetPossPronounCap] [Root.Culture.GetGroupName] [GetFromReverseRelation] [Root.GetFirstName] succeeded to the throne of the [From.PrimaryTitle.GetTier] as [Root.GetTitledFirstName].;[From.GetTitledName] [From.GetDeathReason] le [GetDateText] à l’âge de [Root.GetAgeYears]. [From.GetPossPronounCap] [GetFromReverseRelation] [Root.GetFirstName] de culture [Root.Culture.GetName] est monté sur le trône de [From.PrimaryTitle.GetTier] en tant que [Root.GetTitledFirstName].;[From.GetTitledName] [From.GetDeathReason] am [GetDateText]. [From.GetPossPronounCap] [Root.Culture.GetName] [GetFromReverseRelation] [Root.GetFirstName] trat die Nachfolge auf dem Thron als [Root.GetTitledFirstName] an.;;[From.GetTitledName] [From.GetDeathReason] el [GetDateText]. [From.GetPossPronounCap] [Root.Culture.GetName] [GetFromReverseRelation] [Root.GetFirstName] subió al trono de [From.PrimaryTitle.GetTier] como [Root.GetTitledFirstName].--[From.GetTitledName] [From.GetDeathReason] el [GetDateText] a la edad de [Root.GetAgeYears]. [From.GetPossPronounCap] [GetFromReverseRelation] [Root.GetFirstName] de cultura [Root.Culture.GetName] ascendió al trono de [From.PrimaryTitle.GetTier] como [Root.GetTitledFirstName].;;;;;;;;;x
CHRONICLE_PLAYER_INHERITANCE_NEW_CULTURE_AND_RELIGION;[From.GetTitledName] [From.GetDeathReason] on [GetDateText] at the age of [Root.GetAgeYears]. [From.GetSubjectPronounCap] was succeeded to the throne of the [From.PrimaryTitle.GetTier] by [From.GetPossPronoun] [Root.Culture.GetGroupName] [GetFromReverseRelation] [Root.GetFirstName], a committed follower of [Root.Religion.GetName].;[From.GetTitledName] [From.GetDeathReason] le [GetDateText] à l’âge de [Root.GetAgeYears]. [From.GetSubjectPronounCap] eut comme successeur au trône de [From.PrimaryTitle.GetTier] [From.GetPossPronoun] [GetFromReverseRelation] [Root.GetFirstName], de culture [Root.Culture.GetName], de foi [Root.Religion.GetName] [Root.Religion.GetGroupName].;[From.GetTitledName] [From.GetDeathReason] am [GetDateText]. Nachfolger auf dem Thron wird [From.GetPossPronoun] [Root.Culture.GetName] [GetFromReverseRelation] [Root.GetFirstName], ein überzeugter [Root.Religion.GetName] [Root.Religion.GetGroupName].;;[From.GetTitledName] [From.GetDeathReason] el [GetDateText] a la edad de [Root.GetAgeYears]. [From.GetSubjectPronounCap] fue sucedido en el trono de [From.PrimaryTitle.GetTier] [From.GetPossPronoun] [GetFromReverseRelation] [Root.GetFirstName], de cultura [Root.Culture.GetName], de fe [Root.Religion.GetName] [Root.Religion.GetGroupName].;;;;;;;;;x
CHRONICLE_START;This is the Chronicle of House [Root.GetOnlyDynastyName], started by [Root.GetTitledFirstNameNoRegnal], the [Root.GetRegnalOrdinal] of [Root.GetHerHis] name, in which is contained the record of its yearly fortunes, glories and difficulties.;Voici les chroniques de la maison [Root.GetOnlyDynastyName], fondée par [Root.GetTitledFirstNameNoRegnal], [Root.GetRegnalOrdinal] de son nom. Elles relatent la gloire, la fortune et les mésaventures des années passées.;Dies ist die Chronik des Hauses [Root.GetOnlyDynastyName], in der die Glücksfälle, der Ruhm und die Schwierigkeiten jeden Jahres verzeichnet sind.;;Esta es la Crónica de la Casa de [GetOnlyDynastyName], la cual contiene el registro de sus fortunas anuales, sus glorias y sus dificultades.;;;;;;;;;x
CHRONICLE_DEATH_OF_LIEGE;[Root.GetTitledFirstNameWithDynasty], the liege [Root.GetLordLady] of [Player.GetTitledFirstNameNoRegnal], [Root.GetDeathReason] on [GetDateText] at the age of [Root.GetAgeYears].;[Root.GetTitledFirstNameWithDynastyNoRegnal], le(a) [Root.GetLordLady] suzerain(e) de [Player.GetTitledFirstNameNoRegnal], [From.GetDeathReason] le [GetDateText] à l’âge de [Root.GetAgeYears].;[Root.GetTitledName], Lehnsherr(in) [Root.GetLordLady] von [Player.GetTitledFirstNameWithNick], ist am [GetDateText] an [From.GetDeathReason] gestorben. ;;[Root.GetTitledName], el señor feudal [Root.GetLordLady] de [Player.GetTitledFirstNameWithNick], [From.GetDeathReason] el [GetDateText].--[Root.GetTitledFirstNameWithDynastyNoRegnal], el Señor de [Player.GetTitledFirstNameWithNick], [From.GetDeathReason] el [GetDateText] a la edad de [Root.GetAgeYears].;;;;;;;;;x
CHRONICLE_DEATH_OF_SPOUSE;[Root.GetTitledFirstNameWithNickAndDynasty], the [Root.GetHusbandWife] of [Player.GetTitledFirstNameNoRegnal], [Root.GetDeathReason] on [GetDateText] at the age of [Root.GetAgeYears].;[Root.GetTitledFirstNameWithNickAndDynasty], [Root.GetHusbandWife] de [Player.GetTitledFirstNameNoRegnal], [From.GetDeathReason] le [GetDateText] à l’âge de [Root.GetAgeYears].;[Root.GetTitledName], [Root.GetHusbandWife] von [Player.GetTitledFirstNameWithNick], ist am [GetDateText] an [From.GetDeathReason] gestorben. ;;[Root.GetTitledFirstNameWithNickAndDynasty], [Root.GetHusbandWife] de [Player.GetTitledFirstNameNoRegnal], [From.GetDeathReason] el [GetDateText] a la edad de [Root.GetAgeYears].;;;;;;;;;x
CHRONICLE_DEATH_OF_PARENT;[Root.GetTitledFirstNameWithNickAndDynasty], the [Root.GetFatherMother] of [Player.GetTitledFirstNameNoRegnal], [Root.GetDeathReason] on [GetDateText] at the age of [Root.GetAgeYears].;[Root.GetTitledFirstNameWithNickAndDynasty], [Root.GetFatherMother] de [Player.GetTitledFirstNameNoRegnal], [From.GetDeathReason] le [GetDateText] à l’âge de [Root.GetAgeYears].;[Root.GetTitledName], [Root.GetFatherMother] von [Player.GetTitledFirstNameWithNick], ist am [GetDateText] an [From.GetDeathReason] gestorben. ;;[Root.GetTitledFirstNameWithNickAndDynasty], [Root.GetFatherMother] de [Player.GetTitledFirstNameNoRegnal], [From.GetDeathReason] el [GetDateText] a la edad de [Root.GetAgeYears].;;;;;;;;;x
CHRONICLE_DEATH_OF_HEIR;[Root.GetTitledFirstNameWithNickAndDynasty], the heir of [Player.GetTitledFirstNameNoRegnal], [Root.GetDeathReason] on [GetDateText] at the age of [Root.GetAgeYears].;[Root.GetTitledFirstNameWithNickAndDynasty], héritier de [Player.GetTitledFirstNameNoRegnal], [From.GetDeathReason] le [GetDateText] à l’âge de [Root.GetAgeYears].;[Root.GetTitledName], der Erbe von [Player.GetTitledFirstNameWithNick], ist am [GetDateText] an [From.GetDeathReason] gestorben. ;;[Root.GetTitledFirstNameWithNickAndDynasty], heredero de [Player.GetTitledFirstNameNoRegnal], [From.GetDeathReason] el [GetDateText] a la edad de [Root.GetAgeYears].;;;;;;;;;x
CHRONICLE_DEATH_OF_RELIGION_HEAD;[Root.GetTitledFirstNameWithDynastyAndTitleNoRegnal], leader of all [Root.Religion.GetName] faithful, [Root.GetDeathReason] on [GetDateText] at the age of [Root.GetAgeYears].;[Root.GetTitledFirstNameWithDynastyAndTitleNoRegnal], chef de tous les croyants de la religion [Root.Religion.GetName], [Root.GetDeathReason] le [GetDateText] à l’âge de [Root.GetAgeYears].;[Root.GetTitledFirstNameWithDynastyAndTitleNoRegnal], geistlicher Führer aller [Root.Religion.GetName] Gläubigen, ist am [GetDateText] an [Root.GetDeathReason] gestorben.;;[Root.GetTitledFirstNameWithDynastyAndTitleNoRegnal], líder de todos los fieles de la fe [Root.Religion.GetName], [Root.GetDeathReason] el [GetDateText] a la edad de [Root.GetAgeYears].;;;;;;;;;x
CHRONICLE_BIRTH_FATHER;[Root.GetFirstNameWithDynasty], a [Root.GetSonDaughter], was born to [This.GetTitledFirstNameNoRegnal] and [Root.Mother.GetTitledFirstNameNoRegnal] [Root.Mother.GetOnlyDynastyName].;[Root.GetFirstNameWithDynasty], [Root.GetSonDaughter] né(e) de [This.GetTitledFirstNameNoRegnal] et [Root.Mother.GetTitledFirstNameNoRegnal] [Root.Mother.GetOnlyDynastyName].;Das erste Kind, [Root.GetFirstName], wurde [Root.Father.GetTitledName] geboren.;;[Root.GetFirstNameWithDynasty], [Root.GetSonDaughter] nacido de [This.GetTitledFirstNameNoRegnal] y [Root.Mother.GetTitledFirstNameNoRegnal] [Root.Mother.GetOnlyDynastyName].;;;;;;;;;x
CHRONICLE_BIRTH_MOTHER;[Root.GetFirstNameWithDynasty], a [Root.GetSonDaughter], was born to [This.GetTitledFirstNameNoRegnal] and [Root.Father.GetTitledFirstNameNoRegnal] [Root.Father.GetOnlyDynastyName].;[Root.GetFirstNameWithDynasty], [Root.GetSonDaughter] né(e) de [This.GetTitledFirstNameNoRegnal] et [Root.Father.GetTitledFirstNameNoRegnal] [Root.Father.GetOnlyDynastyName].;Das erste Kind, [Root.GetFirstName], wurde [Root.Mother.GetTitledName] geboren.;;[Root.GetFirstNameWithDynasty], [Root.GetSonDaughter] nacido de [This.GetTitledFirstNameNoRegnal] y [Root.Father.GetTitledFirstNameNoRegnal] [Root.Father.GetOnlyDynastyName].;;;;;;;;;x
CHRONICLE_JOINED_ALLY_IN_WAR;[Prev.GetTitledFirstNameNoRegnal] supported [From.GetTitledFirstNameWithDynasty] of [From.PrimaryTitle.GetName] in war against [From.GetHerHis] enemies.;[Prev.GetTitledFirstNameNoRegnal] a soutenu [From.GetTitledFirstNameWithDynasty] de [From.PrimaryTitle.GetName] dans la guerre contre ses ennemis.;[Prev.GetTitledName] unterstützte [From.GetTitledName] im Krieg gegen [From.GetHerHis] Feinde.;;[Prev.GetTitledFirstNameNoRegnal] apoyó a [From.GetTitledFirstNameWithDynasty] de [From.PrimaryTitle.GetName] en la guerra contra sus enemigos;;;;;;;;;x
CHRONICLE_JOINED_ALLY_IN_WAR_2;[From.GetTitledFirstNameNoRegnal] supported [Prev.GetTitledFirstNameWithDynasty] of [Prev.PrimaryTitle.GetName] in war against [Prev.GetHerHis] enemies.;[From.GetTitledFirstNameNoRegnal] a soutenu [Prev.GetTitledFirstNameWithDynasty] de [Prev.PrimaryTitle.GetName] dans la guerre contre ses ennemis.;[From.GetTitledName] unterstützte [Prev.GetTitledName] im Krieg gegen [Prev.GetHerHis] Feinde.;;[From.GetTitledFirstNameNoRegnal] apoyó a [Prev.GetTitledFirstNameWithDynasty] de [Prev.PrimaryTitle.GetName] en la guerra contra sus enemigos.;;;;;;;;;x
CHRONICLE_AZTECS_FIRST_CONTACT;Strangers in strange ships landed in the [FromFrom.Holder.PrimaryTitle.GetAdjective] province of [FromFrom.GetName], bringing rise to much worry and rumours across the lands.;Des étrangers à bord d'étranges navires ont accosté sur la propriété de [FromFromFrom.GetName], en la province de [FromFromFrom.Holder.PrimaryTitle.GetName], créant un vent d'inquiétude et de rumeurs qui souffle dans les terres.;Fremdlinge in fremdartigen Schiffen landeten in [FromFromFrom.Holder.PrimaryTitle.GetAdjective] in der Provinz [FromFromFrom.GetName], was im ganzen Land Anlass zu schlimmen Gerüchten und großer Sorge gibt.;;Unos desconocidos a bordo de extraños barcos han desembarcado en la provincia [FromFromFrom.Holder.PrimaryTitle.GetAdjective] de [FromFromFrom.GetName], lo que ha hecho aumentar las preocupaciones y rumores por todo el territorio.;;;;;;;;;x
CHRONICLE_AZTEC_INVASION;A terrible scourge was unleashed upon [FromFrom.Holder.PrimaryTitle.GetName] as the hordes of the Aztec Emperor arrived from beyond the sea to wreak havoc and destruction.;Un vent de terreur souffle sur [FromFromFrom.Holder.PrimaryTitle.GetName], alors que les hordes de l'Empereur aztèque arrivent de par les mers, apportant avec eux dévastation et destruction.;Eine schreckliche Plage brach über [FromFromFrom.Holder.PrimaryTitle.GetName] herein, als die Horden des Aztekenkaisers von jenseits des Meeres einfielen und Schrecken und Verwüstung verbreiteten. ;;Un terrible azote se ha desatado sobre [FromFromFrom.Holder.PrimaryTitle.GetName] cuando las hordas del Emperador Azteca llegaron de mar adentro para provocar caos y destrucción.;;;;;;;;;x
CHRONICLE_CREATED_TITLE;[Root.GetFirstNameWithDynasty] named [Root.GetHerHim]self [From.GetTitle] of [From.GetFullName], confirming [Root.GetHerHis] growing power with much ceremony and celebration.;[Root.GetDynName] [Root.GetOnlyDynastyName] s’est octroyé(e) le titre de [From.GetTitle] de [From.GetFullName], affirmant son pouvoir grandissant de façon éclatante.;[Root.GetDynName] schaffte den Titel [From.GetFullName] und bestätigte damit in einer großen festlichen Feier [Root.GetHerHis] gewachsene Macht.;;[Root.GetDynName] [Root.GetOnlyDynastyName] ha creado el título de [From.GetTitle] de [From.GetFullName], confirmando su gran poder de forma esplendorosa.;;;;;;;;;x
CHRONICLE_USURPED_TITLE;[Root.GetTitledFirstNameNoRegnal] usurped the [From.GetFullName] from [FromFrom.GetFirstNameWithDynasty].;[Root.GetTitledFirstNameNoRegnal] a usurpé le [From.GetFullName] de [FromFrom.GetFirstNameWithDynasty].;[Root.GetDynName] entriss [From.GetFullName] von [FromFrom.GetDynName].;;[Root.GetTitledFirstNameNoRegnal] ha usurpado el [From.GetFullName] de [FromFrom.GetFirstNameWithDynasty].;;;;;;;;;x
CHRONICLE_MARRIED_FATHER_IMPORTANT;[From.GetTitledFirstNameNoRegnal] was wed to [New.GetTitledFirstName] [New.GetOnlyDynastyName], [New.GetSonDaughter] of [New.Father.GetTitledName].;[From.GetTitledFirstNameNoRegnal] a épousé [New.GetTitledFirstName] [New.GetOnlyDynastyName], [New.GetSonDaughter] de [New.Father.GetTitledName].;[From.GetTitledName] hat [New.GetTitledFirstName], [New.GetSonDaughter] von [New.Vater.GetTitledName], geheiratet.;;[From.GetTitledFirstNameNoRegnal] ha contraído matrimonio con [New.GetTitledFirstName] [New.GetOnlyDynastyName], [New.GetSonDaughter] de [New.Father.GetTitledName].;;;;;;;;;x
CHRONICLE_MARRIED_MOTHER_IMPORTANT;[From.GetTitledFirstNameNoRegnal] was wed to [New.GetTitledFirstName] [New.GetOnlyDynastyName], [New.GetSonDaughter] of [New.Mother.GetTitledName].;From.GetTitledFirstNameNoRegnal] a épousé [New.GetTitledFirstName] [New.GetOnlyDynastyName], [New.GetSonDaughter] de [New.Mother.GetTitledName].;[From.GetTitledName] hat [New.GetTitledFirstName], [New.GetSonDaughter] von [New.Mother.GetTitledName], geheiratet.;;[From.GetTitledFirstNameNoRegnal] ha contraído matrimonio con [New.GetTitledFirstName] [New.GetOnlyDynastyName], [New.GetSonDaughter] de [New.Mother.GetTitledName].;;;;;;;;;x
CHRONICLE_MARRIED_NO_PARENT;[From.GetTitledFirstNameNoRegnal] was wed to [New.GetTitledFirstName] [New.GetOnlyDynastyName].;[From.GetTitledFirstNameNoRegnal] a épousé [New.GetTitledFirstName] [New.GetOnlyDynastyName].;[From.GetTitledName] hat [New.GetTitledFirstName] geheiratet.;;[From.GetTitledFirstNameNoRegnal] ha contraído matrimonio con [New.GetTitledFirstName] [New.GetOnlyDynastyName].;;;;;;;;;x
CHRONICLE_PLAYER_IMPRISONED;[Root.GetTitledFirstNameNoRegnal] was imprisoned in a dungeon in [From.Capital.GetName] by [From.GetTitledName].;[Root.GetTitledFirstNameNoRegnal] a été emprisonné dans les cachots de [From.Capital.GetName] par [From.GetTitledName].;[Root.GetTitledName] wurde von [From.GetTitledName] in [From.Capital.GetName] in den Kerker geworfen.;;[Root.GetTitledFirstNameNoRegnal] fue encarcelado en una mazmorra en [From.Capital.GetName] por [From.GetTitledName].;;;;;;;;;x
CHRONICLE_LIEGE_IMPRISONED;[This.GetTitledFirstNameNoRegnal]'s liege, [Root.GetTitledFirstNameWithDynastyNoRegnal], was imprisoned in a dungeon in [From.Capital.GetName] by [From.GetTitledName].;[Root.GetTitledFirstNameWithDynastyNoRegnal], suzerain(e) de [This.GetTitledFirstNameNoRegnal], a été emprisonné(e) dans les cachots de [From.Capital.GetName] par [From.GetTitledName].;[Root.GetTitledName] wurde von [From.GetTitledName] in [From.Capital.GetName] in den Kerker geworfen.;;[Root.GetTitledFirstNameWithDynastyNoRegnal], Señor de [This.GetTitledFirstNameNoRegnal], fue apresado en una mazmorra en [From.Capital.GetName] por [From.GetTitledName].;;;;;;;;;x
CHRONICLE_SPOUSE_IMPRISONED;[This.GetTitledFirstNameNoRegnal]'s [Root.GetHusbandWife], [Root.GetTitledFirstNameWithDynastyNoRegnal], was imprisoned in a dungeon in [From.Capital.GetName] by [From.GetTitledName].;[Root.GetTitledFirstNameWithDynastyNoRegnal], [Root.GetHusbandWife] de [This.GetTitledFirstNameNoRegnal], a été emprisonné(e) dans les cachots de [From.Capital.GetName] par [From.GetTitledName].;[Root.GetTitledName] wurde von [From.GetTitledName] in [From.Capital.GetName] in den Kerker geworfen.;;[Root.GetTitledFirstNameWithDynastyNoRegnal], [Root.GetHusbandWife] de [This.GetTitledFirstNameNoRegnal], fue encarcelado en una mazmorra de [From.Capital.GetName] por [From.GetTitledName].;;;;;;;;;x
CHRONICLE_PARENT_IMPRISONED;[This.GetTitledFirstNameNoRegnal]'s [Root.GetFatherMother], [Root.GetTitledFirstNameWithDynastyNoRegnal], was imprisoned in a dungeon in [From.Capital.GetName] by [From.GetTitledName].;[Root.GetTitledFirstNameWithDynastyNoRegnal], [Root.GetFatherMother] de [This.GetTitledFirstNameNoRegnal], a été emprisonné(e) dans les cachots de [From.Capital.GetName] par [From.GetTitledName].;[Root.GetTitledName] wurde von [From.GetTitledName] in [From.Capital.GetName] in den Kerker geworfen.;;[Root.GetTitledFirstNameWithDynastyNoRegnal], [Root.GetFatherMother] de [This.GetTitledFirstNameNoRegnal],fue encarcelado en una mazmorra de [From.Capital.GetName] por [From.GetTitledName].;;;;;;;;;x
CHRONICLE_HEIR_IMPRISONED;[This.GetTitledFirstNameNoRegnal]'s heir, [Root.GetTitledFirstNameWithDynastyNoRegnal], was imprisoned in a dungeon in [From.Capital.GetName] by [From.GetTitledName].;[Root.GetTitledFirstNameWithDynastyNoRegnal], l'héritier de [This.GetTitledFirstNameNoRegnal], a été emprisonné dans les cachots de [From.Capital.GetName] par [From.GetTitledName].;[Root.GetTitledName] wurde von [From.GetTitledName] in [From.Capital.GetName] in den Kerker geworfen.;;[Root.GetTitledFirstNameWithDynastyNoRegnal], heredero de [This.GetTitledFirstNameNoRegnal], fue encarcelado en una mazmorra de [From.Capital.GetName] por [From.GetTitledName].;;;;;;;;;x
CHRONICLE_LIEGE_CONVERTED_RELIGION;[Root.GetTitledName] of House [Root.GetOnlyDynastyName], liege of [This.GetTitledFirstNameNoRegnal], converted from [From.Religion.GetName] to [Root.Religion.GetName].;[Root.GetTitledName] de la Maison [Root.GetOnlyDynastyName], suzerain(e) de [This.GetTitledFirstNameNoRegnal], s’est converti(e) de la religion [From.Religion.GetName] à [Root.Religion.GetName].;[Root.GetTitledName] trat vom [From.Religion.GetName] zum [Root.Religion.GetName] über.;;[Root.GetTitledName] de la casa [Root.GetOnlyDynastyName], Señor de [This.GetTitledFirstNameNoRegnal], se convirtió de la fe [From.Religion.GetName] a la fe [Root.Religion.GetName].;;;;;;;;;x
CHRONICLE_MAJOR_VASSAL_CONVERTED_RELIGION;[Root.GetTitledName] of House [Root.GetOnlyDynastyName], a powerful vassal of [Root.Liege.GetTitledName], converted from [From.Religion.GetName] to [Root.Religion.GetName].;[Root.GetTitledName] de la Maison [Root.GetOnlyDynastyName], un puissant vassal de [Root.Liege.GetTitledName], s’est converti(e) de la religion [From.Religion.GetName] à [Root.Religion.GetName].;[Root.GetTitledName], ein mäcthiger Vasall von [Root.Liege.GetTitledName], tat vom [From.Religion.GetName] zum [Root.Religion.GetName] über.;;[Root.GetTitledName] de la casa [Root.GetOnlyDynastyName], un poderoso vasallo de [Root.Liege.GetTitledName], se convirtió de la fe [From.Religion.GetName] a la fe [Root.Religion.GetName].;;;;;;;;;x
CHRONICLE_PLAYER_CONVERTED_CULTURE;[Root.GetTitledFirstNameNoRegnal] adopted new customs to embrace [Root.Culture.GetGroupName] culture, no longer considering [Root.GetHerselfHimself] [From.Culture.GetGroupName].;[Root.GetTitledFirstNameNoRegnal] a adopté les coutumes de la culture [Root.Culture.GetGroupName], tournant ainsi le dos à la culture [From.Culture.GetGroupName].;[Root.GetTitledName] führte neue Bräuche ein, um sich die [Root.Culture.GetName]-Kultur zu eigen zu machen, weil [Root.GetHeShe] die [From.Culture.GetName]-Kultur  nicht mehr als [Root.GetHisHer] betrachtet.;;[Root.GetTitledFirstNameNoRegnal] adoptó las costumbres de la cultura [Root.Culture.GetGroupName], dando la espalda a la cultura [From.Culture.GetGroupName].;;;;;;;;;x
CHRONICLE_WON_BATTLE_FOUGHT;[Root.GetTitledFirstNameNoRegnal] was victorious in the battle of [Root.Location.GetName] against an army of [From.TopLiege.PrimaryTitle.GetName], commanded by [From.GetTitledFirstNameWithDynasty].;[Root.GetTitledFirstNameNoRegnal] a gagné la bataille de [Root.Location.GetName] contre l’armée de [From.TopLiege.PrimaryTitle.GetName], menée by [From.GetTitledFirstNameWithDynasty].;[Root.GetTitledName] siegte in der Schlacht von [Root.Location.GetName] gegen das Heer von [From.TopLiege.PrimaryTitle.GetName] unter dem Befehl von [From.GetTitledName].;;[Root.GetTitledFirstNameNoRegnal] ganó la batalla de [Root.Location.GetName] contra el ejército de [From.TopLiege.PrimaryTitle.GetName], liderado por [From.GetTitledFirstNameWithDynasty].;;;;;;;;;x
CHRONICLE_LOST_BATTLE_FOUGHT;[Root.GetTitledFirstNameNoRegnal] lost the battle of [Root.Location.GetName] against an army of [From.TopLiege.PrimaryTitle.GetName], commanded by [From.GetTitledFirstNameWithDynasty].;[Root.GetTitledFirstNameNoRegnal] a perdu la bataille de [Root.Location.GetName] contre l’armée de [From.TopLiege.PrimaryTitle.GetName], menée by [From.GetTitledFirstNameWithDynasty].;[Root.GetTitledName] unterlag in der Schlacht von [Root.Location.GetName] dem Heer von [From.TopLiege.PrimaryTitle.GetName] unter dem Befehl von [From.GetTitledName].;;[Root.GetTitledFirstNameNoRegnal] perdió la batalla de [Root.Location.GetName] contra el ejército de [From.TopLiege.PrimaryTitle.GetName], liderado por [From.GetTitledFirstNameWithDynasty].;;;;;;;;;x
CHRONICLE_WON_BATTLE_BUT_DIDNT_FIGHT;An army of [Root.TopLiege.GetTitledFirstNameNoRegnal], commanded by [Root.GetTitledFirstNameWithDynastyNoRegnal], was victorious in the battle of [Root.Location.GetName] against the armies of [From.TopLiege.PrimaryTitle.GetName].;Une armée de [Root.TopLiege.GetTitledFirstNameNoRegnal], menée par [Root.GetTitledFirstNameWithDynastyNoRegnal], a gagné la bataille de [Root.Location.GetName] contre les armées de [From.TopLiege.PrimaryTitle.GetName].;Das Heer von [Root.TopLiege.GetTitledName] unter dem Befehl von [Root.GetTitledName] siegte in der Schlacht von [Root.Location.GetName] gegen die Truppen von [From.TopLiege.PrimaryTitle.GetName].;;Un ejército de [Root.TopLiege.GetTitledFirstNameNoRegnal], liderado por [Root.GetTitledFirstNameWithDynastyNoRegnal], ganó la batalla de [Root.Location.GetName] contra  las fuerzas de [From.TopLiege.PrimaryTitle.GetName].;;;;;;;;;x
CHRONICLE_LOST_BATTLE_BUT_DIDNT_FIGHT;An army of [Root.TopLiege.GetTitledFirstNameNoRegnal], commanded by [Root.GetTitledFirstNameWithDynastyNoRegnal], was defeated in the battle of [Root.Location.GetName] against the armies of [From.TopLiege.PrimaryTitle.GetName].;Une armée de [Root.TopLiege.GetTitledFirstNameNoRegnal], menée par [Root.GetTitledFirstNameWithDynastyNoRegnal], a perdu la bataille de [Root.Location.GetName] contre les armées de [From.TopLiege.PrimaryTitle.GetName].;Das Heer von [Root.TopLiege.GetTitledName] unter dem Befehl von [Root.GetTitledName] unterlag in der Schlacht von [Root.Location.GetName] den Truppen von [From.TopLiege.PrimaryTitle.GetName].;;Un ejército de [Root.TopLiege.GetTitledFirstNameNoRegnal], liderado por [Root.GetTitledFirstNameWithDynastyNoRegnal], perdió la batalla de [Root.Location.GetName] contra las fuerzas de [From.TopLiege.PrimaryTitle.GetName].;;;;;;;;;x
CHRONICLE_CAPTURED_MAJOR_SETTLEMENT_MYSELF;[Root.GetTitledFirstNameNoRegnal] successfully led [Root.GetHerHis] armies, taking [From.GetName] from [From.Holder.GetTitledFirstName] [From.Holder.GetOnlyDynastyName] of [From.Holder.PrimaryTitle.GetName].;[Root.GetTitledFirstNameNoRegnal] a mené ses troupes à la victoire avec succès, arrachant [From.GetName] de l’emprise de [From.Holder.GetTitledFirstName] [From.Holder.GetOnlyDynastyName] de [From.Holder.PrimaryTitle.GetName].;[Root.GetTitledName] führte [Root.GetHerHis] Heer erfolgreich und eroberte [From.GetName] vom Feind.;;[Root.GetTitledFirstNameNoRegnal] lideró con éxito a sus tropas, arrebatando [From.GetName] de las garras de [From.Holder.GetTitledFirstName] [From.Holder.GetOnlyDynastyName] de [From.Holder.PrimaryTitle.GetName].;;;;;;;;;x
CHRONICLE_MY_FORCES_CAPTURED_MAJOR_SETTLEMENT;The armies of [Root.TopLiege.PrimaryTitle.GetName], led by [Root.GetTitledFirstNameWithDynastyNoRegnal], captured [From.GetName] from [From.Holder.GetTitledFirstName] [From.Holder.GetOnlyDynastyName] of [From.Holder.PrimaryTitle.GetName].;Les armées de [Root.TopLiege.PrimaryTitle.GetName], menées par [Root.GetTitledFirstNameWithDynastyNoRegnal], ont arraché [From.GetName] de l’emprise de [From.Holder.GetTitledFirstName] [From.Holder.GetOnlyDynastyName] de [From.Holder.PrimaryTitle.GetName].;Das Heer von [Root.TopLiege.PrimaryTitle.GetName] unter Führung von [Root.GetTitledName] nahm [From.GetName] gefangen.;;Los ejércitos de [Root.TopLiege.PrimaryTitle.GetName], liderados por [Root.GetTitledFirstNameWithDynastyNoRegnal], arrebataron [From.GetName] de las garras de [From.Holder.GetTitledFirstName] [From.Holder.GetOnlyDynastyName] de [From.Holder.PrimaryTitle.GetName].;;;;;;;;;x
CHRONICLE_ENEMY_FORCES_CAPTURED_MAJOR_SETTLEMENT;[This.PrimaryTitle.GetName] lost [From.GetName] to the forces of [Root.TopLiege.GetTitledName] [Root.TopLiege.GetOnlyDynastyName] of [Root.TopLiege.PrimaryTitle.GetName].;[This.PrimaryTitle.GetName] a perdu [From.GetName] contre les forces de [Root.TopLiege.GetTitledName] [Root.TopLiege.GetOnlyDynastyName] de [Root.TopLiege.PrimaryTitle.GetName].;[From.Owner.TopLiege.PrimaryTitle.GetName] verlor [From.GetName] an die Truppen von [Root.TopLiege.GetTitledName].;;[This.PrimaryTitle.GetName] perdió [From.GetName] contra las fuerzas de [Root.TopLiege.GetTitledName] [Root.TopLiege.GetOnlyDynastyName] de [Root.TopLiege.PrimaryTitle.GetName].;;;;;;;;;x
CHRONICLE_WAR_WON;[This.GetTitledFirstNameNoRegnal] won the war against [Prev.GetTitledNameWithNick] [Prev.GetOnlyDynastyName] of [Prev.PrimaryTitle.GetName].;[This.GetTitledFirstNameNoRegnal] a gagné la guerre contre [Prev.GetTitledNameWithNick] [Prev.GetOnlyDynastyName] de [Prev.PrimaryTitle.GetName].;[From.GetTitledNameWithNick] gewann den Krieg gegen [Root.GetTitledNameWithNick]. ;;[This.GetTitledFirstNameNoRegnal] ganó la guerra contra [Prev.GetTitledNameWithNick] [Prev.GetOnlyDynastyName] de [Prev.PrimaryTitle.GetName].;;;;;;;;;x
CHRONICLE_WAR_WHITEPEACE;[This.GetTitledFirstNameNoRegnal] made peace with [Prev.GetTitledNameWithNick] [Prev.GetOnlyDynastyName] of [Prev.PrimaryTitle.GetName].;[This.GetTitledFirstNameNoRegnal] a fait la paix avec [Prev.GetTitledNameWithNick] [Prev.GetOnlyDynastyName] de [Prev.PrimaryTitle.GetName].;[From.GetTitledNameWithNick] schloss Frieden mit [Root.GetTitledNameWithNick]. ;;[This.GetTitledFirstNameNoRegnal] firmó la paz con [Prev.GetTitledNameWithNick] [Prev.GetOnlyDynastyName] de [Prev.PrimaryTitle.GetName].;;;;;;;;;x
CHRONICLE_WAR_LOST;[This.GetTitledFirstNameNoRegnal] lost the war against [Prev.GetTitledNameWithNick] [Prev.GetOnlyDynastyName] of [Prev.PrimaryTitle.GetName].;[This.GetTitledFirstNameNoRegnal] a perdu la guerre contre [Prev.GetTitledNameWithNick] [Prev.GetOnlyDynastyName] de [Prev.PrimaryTitle.GetName].;[From.GetTitledNameWithNick] verlor den Krieg gegen [Root.GetTitledNameWithNick]. ;;[This.GetTitledFirstNameNoRegnal] perdió la guerra contra [Prev.GetTitledNameWithNick] [Prev.GetOnlyDynastyName] de [Prev.PrimaryTitle.GetName].;;;;;;;;;x
CHRONICLE_FAILED_IMPRISON_WAR;[From.GetTitledNameWithNick] tried but failed to imprison [Root.GetTitledNameWithNick] [Root.GetOnlyDynastyName], causing [Root.GetHerHim] to come out in open rebellion.;[From.GetTitledNameWithNick] a échoué à emprisonner [Root.GetTitledNameWithNick] [Root.GetOnlyDynastyName], l’incitant à déclarer ouvertement une rébellion.;[Root.GetTitledNameWithNick] versuchte ohne Erfolg, [From.GetTitledNameWithNick] in den Kerker zu werfen und bewirkte dadurch [From.GetHerHim] offene Rebellion.;;[From.GetTitledNameWithNick] no logró encarcelar a [Root.GetTitledNameWithNick] [Root.GetOnlyDynastyName], provocando que declarara una rebelión abiertamente.;;;;;;;;;x
CHRONICLE_DISTANT_PLAGUE;On [GetDateText], rumors began to reach us of a terrible outbreak of Great Sickness in far off lands;Le [GetDateText], des rumeurs ont commencé à nous parvenir au sujet d'une épidémie dans des terres lointaines.;Am [GetDateText] erreichten uns erste Gerüchte über den Ausbruch einer schrecklichen Seuche in weit entfernten Ländern.;;En [GetDateText], empezaron a llegarnos rumores sobre un terrible brote de peste en tierras lejanas;;;;;;;;;x
CHRONICLE_NEARBY_PLAGUE;As of [GetDateText], the Great Sickness is no longer a distant rumor. Travelers from neighboring realms are now arriving with firsthand experience of the horrors it brings.;Depuis le [GetDateText], l'épidémie n'est plus une lointaine rumeur. Des voyageurs venant de pays voisins arrivent avec une expérience directe de l'horreur.;Seit [GetDateText] ist die Pest nicht mehr länger nur ein Gerücht aus fernen Gefilden. Reisende aus angrenzenden Reichen bringen nun Augenzeugenberichte der Schrecken, die sie mit sich bringt.;;En [GetDateText], la plaga ya no es un rumor lejano. Viajeros de los reinos vecinos llegón con experiencias de primera mano sobre los horrores que trae.;;;;;;;;;x
CHRONICLE_BORDERING_PLAGUE;On [GetDateText] the Great Sickness arrived at our borders. May [Root.Religion.GetHighGodNameCap] protect us.;Le [GetDateText], l'épidémie est arrivée à nos frontières. Que [Root.Religion.GetHighGodName] nous protège.;Am [GetDateText] erreichte die Pest unsere Landesgrenze. Möge [Root.Religion.GetHighGodNameCap] uns beschützen.;;En [GetDateText] la Peste llegó a nuestras fronteras. Que [Root.Religion.GetHighGodNameCap] nos proteja.;;;;;;;;;x
CHRONICLE_INDIA_GONE;On [GetDateText] word reached us that the Far East has been widely Depopulated by the dreaded Great Sickness.;Nous avons appris le [GetDateText] que la redoutable épidémie a dépeuplé l'Outre-Orient.;Am [GetDateText] erreichte uns die Nachricht, dass der Bevölkerungsverlust durch die gefürchtete Pest in Indien verheerend ist.;;En [GetDateText] nos llegó la noticia de que India ha quedado extensamente Despoblada por la temida Peste.;;;;;;;;;x
CHRONICLE_PERSIA_GONE;On [GetDateText] word reached us that Qarth has been widely Depopulated by the dreaded Great Sickness.;Nous avons appris le [GetDateText] que la redoutable épidémie a dépeuplé Quarth.;Am [GetDateText] erreichte uns die Nachricht, dass der Bevölkerungsverlust durch die gefürchtete Pest in Persien verheerend ist.;;En [GetDateText] nos llegó la noticia de que Persia ha quedado extensamente despoblada por la temida Peste.;;;;;;;;;x
CHRONICLE_MIDDLEEAST_GONE;On [GetDateText] word reached us that Slaver's Bay has been widely Depopulated by the dreaded Great Sickness.;Nous avons appris le [GetDateText] que la redoutable épidémie a dépeuplé la Baie des Serfs.;Am [GetDateText] erreichte uns die Nachricht, dass der Bevölkerungsverlust durch die gefürchtete Pest im Mittleren Osten verheerend ist.;;En [GetDateText] nos llegó la noticia de que Oriente Medio ha quedado extensamente Despoblado por la temida Peste.;;;;;;;;;x
CHRONICLE_AFRICA_GONE;On [GetDateText] word reached us that Sothoryos has been widely Depopulated by the dreaded Great Sickness.;Nous avons appris le [GetDateText] que la redoutable épidémie a dépeuplé Sothoryos.;Am [GetDateText] erreichte uns die Nachricht, dass der Bevölkerungsverlust durch die gefürchtete Pest in Afrika verheerend ist.;;En [GetDateText] nos llegó la noticia de que África ha quedado extensamente despoblada por la temida Peste.;;;;;;;;;x
CHRONICLE_ASIAMINOR_GONE;On [GetDateText] word reached us that the Summer Islands has been widely Depopulated by the dreaded Great Sickness.;Nous avons appris le [GetDateText] que la redoutable épidémie a dépeuplé les Iles d'Eté.;Am [GetDateText] erreichte uns die Nachricht, dass der Bevölkerungsverlust durch die gefürchtete Pest in Kleinasien verheerend ist.;;En [GetDateText] nos llegó la noticia de que Asia Menor ha quedado extensamente despoblada por la temida Peste.;;;;;;;;;x
CHRONICLE_EASTEUROPE_GONE;On [GetDateText] word reached us that the Free Cities has been widely Depopulated by the dreaded Great Sickness.;Nous avons appris le [GetDateText] que la redoutable épidémie a dépeuplé les Cités libres.;Am [GetDateText] erreichte uns die Nachricht, dass der Bevölkerungsverlust durch die gefürchtete Pest in Osteuropa verheerend ist.;;En [GetDateText] nos llegó la noticia de que Europa Oriental ha quedado extensamente despoblada por la temida Peste.;;;;;;;;;x
CHRONICLE_SOUTHEUROPE_GONE;On [GetDateText] word reached us that Westeros has been widely Depopulated by the dreaded Great Sickness.;Nous avons appris le [GetDateText] que la redoutable épidémie a dépeuplé Westeros.;Am [GetDateText] erreichte uns die Nachricht, dass der Bevölkerungsverlust durch die gefürchtete Pest in Südeuropa verheerend ist.;;En [GetDateText] nos llegó la noticia de que el Sur de Europa ha quedado extensamente despoblado por la temida Peste.;;;;;;;;;x
CHRONICLE_WESTEUROPE_GONE;On [GetDateText] word reached us that The North has been widely Depopulated by the dreaded Great Sickness.;Nous avons appris le [GetDateText] que la redoutable épidémie a dépeuplé le Nord.;Am [GetDateText] erreichte uns die Nachricht, dass der Bevölkerungsverlust durch die gefürchtete Pest in Westeuropa verheerend ist.;;En [GetDateText] nos llegó la noticia de que Europa Occidental ha quedado extensamente despoblada por la temida Peste.;;;;;;;;;x
CHRONICLE_NORTHEUROPE_GONE;On [GetDateText] word reached us that Ibben has been widely Depopulated by the dreaded Great Sickness.;Nous avons appris le [GetDateText] que la redoutable épidémie a dépeuplé Ibben.;Am [GetDateText] erreichte uns die Nachricht, dass der Bevölkerungsverlust durch die gefürchtete Pest in Nordeuropa verheerend ist.;;En [GetDateText] nos llegó la noticia de que Europa del norte ha quedado extensamente despoblada por la temida Peste.;;;;;;;;;x
CHRONICLE_STEPPE_GONE;On [GetDateText] word reached us that the Dothraki Sea has been widely Depopulated by the dreaded Great Sickness.;Nous avons appris le [GetDateText] que la redoutable épidémie a dépeuplé la mer Dothrak.;Am [GetDateText] erreichte uns die Nachricht, dass der Bevölkerungsverlust durch die gefürchtete Pest in den Steppen verheerend ist.;;En [GetDateText] nos llegó la noticia de que las Estepas han quedado extensamente despobladas por la temida Peste.;;;;;;;;;x
CHRONICLE_HELD_NERGE;[Root.GetTitledFirstName] held a Great Hunt, where [Root.GetHerHis] Khalasar hunted wildlife in a vast expanse of wilderness.;[Root.GetTitledFirstName] a organisé une Grande Chasse, son khalasar a poursuivi ses proies sur de vastes étendues sauvages.;;;[Root.GetTitledFirstName] ha organizado una gran cacería, donde su khalasar ha perseguido a sus presas en una vasta extensión de tierras desérticas.;;;;;;;;;x
CHRONICLE_RUNESTONE_FATHER;[Root.GetTitledFirstName] raised a sepulcher in honor of [Root.GetHerHis] father, [Root.Father.GetTitledFirstNameWithNick].;[Root.GetTitledFirstName] a fait ériger une sépulture en l'honneur de son père, [Root.Father.GetTitledFirstNameWithNick].;;;[Root.GetTitledFirstName] ha erigido un sepulcro en honor a su padre, [Root.Father.GetTitledFirstNameWithNick].;;;;;;;;;x
CHRONICLE_RUNESTONE_MOTHER;[Root.GetTitledFirstName] raised a sepulcher in honor of [Root.GetHerHis] mother, [Root.Mother.GetTitledFirstNameWithNick].;[Root.GetTitledName] a érigé une sépulture en l'honneur de sa mère, [Root.Mother.GetTitledFirstNameWithNick].;[Root.GetTitledName] errichtete einen Runenstein zu Ehren [Root.GetHerHis] Mutter[Root.Mother.GetTitledFirstNameWithNick].;;[Root.GetTitledName] ha erigido un sepulcro en honor a su madre, [Root.Mother.GetTitledFirstNameWithNick].;;;;;;;;;x
CHRONICLE_RUNESTONE_GENERIC;[Root.GetTitledFirstName] raised a sepulcher in memory of [Root.GetHerselfHimself].;[Root.GetTitledName] a érigé une sépulture en sa mémoire.;[Root.GetTitledName] errichtete einen Runenstein zum Gedenken an [Root.GetHerselfHimself].;;[Root.GetTitledName] ha erigido un sepulcro en memoria de sí mismo.;;;;;;;;;x
CHRONICLE_RUNESTONE_LUNATIC;[Root.GetTitledNameWithNick] raised a sepulcher in memory of [Root.GetHerHis] extraordinary exploits in a flying longship.;[Root.GetTitledNameWithNick] a érigé une sépulture à la mémoire de ses exploits extraordinaires à bord d'un boutre volant.;[Root.GetTitledNameWithNick] errichtete einen Runenstein zum Gedenken an [Root.GetHerHis] außergewöhnlichen Heldentaten in einem schnellen Langschiff.;;[Root.GetTitledNameWithNick] ha erigido un sepulcro en memoria de sus extraordinarias hazañas a bordo de su barcoluengo.;;;;;;;;;x
CHRONICLE_RUNESTONE_DRUNKARD;[Root.GetTitledFirstName] raised a sepulcher celebrating [Root.GetHerHis] love for mead.;[Root.GetTitledName] a fait ériger une sépulture pour célébrer son amour de l'hydromel.;[Root.GetTitledName] errichtete einen Runenstein, um [Root.GetHerHis] Liebe zum Met zu feiern.;;[Root.GetTitledName] ha erigido unsepulcro e homenaje a su amor por el hidromiel.;;;;;;;;;x
CHRONICLE_RUNESTONE_FAIR;[Root.GetTitledFirstName] raised a sepulcher celebrating [Root.GetHerHis] great beauty.;[Root.GetTitledName] a fait ériger une sépulture pour célébrer sa grande beauté.;[Root.GetTitledName] errichtete einen Runenstein, um [Root.GetHerHis] große Schönheit zu feiern.;;[Root.GetTitledName] ha erigido un sepulcro en homenaje a su gran belleza.;;;;;;;;;x
CHRONICLE_RUNESTONE_DWARF;[Root.GetTitledFirstName] raised a sepulcher celebrating [Root.GetHerHis] great willpower, which was said to be that of a giant.;[Root.GetTitledName] a fait ériger une sépulture pour célébrer sa grande volonté, qu'on disait celle d'un géant.;[Root.GetTitledName] errichtete einen Runenstein, um [Root.GetHerHis] große Tatkraft zu feiern, die der eines Riesen gleichkommen soll.;;[Root.GetTitledName] ha erigido un sepulcro homenajeando su gran fuerza de voluntad, más propia de un gigante.;;;;;;;;;x
CHRONICLE_RUNESTONE_GENIUS;[Root.GetTitledFirstName] raised a sepulcher celebrating [Root.GetHerHis] great wisdom.;[Root.GetTitledName] a fait ériger une sépulture pour célébrer sa grande sagesse.;[Root.GetTitledName] errichtete einen Runenstein, um [Root.GetHerHis] große Weisheit zu feiern.;;[Root.GetTitledName] ha erigido un sepulcro homenajeando su gran sabiduría.;;;;;;;;;x
CHRONICLE_RUNESTONE_IMBECILE;[Root.GetTitledFirstName] managed to raise a sepulcher in spite of the things men said about [Root.GetHerHis] intellect.;[Root.GetTitledName] a réussi à faire ériger une sépulture en dépit des commentaires peu flatteurs d'autrui sur son intellect.;[Root.GetTitledName] schaffte es, trotz der üblen Nachrede über [Root.GetHerHis] geistige Fähigkeiten, einen Runenstein zu errichten.;;[Root.GetTitledName] ha logrado erigir un sepulcro a pesar de las cosas que dicen acerca de su intelecto.;;;;;;;;;x
CHRONICLE_RUNESTONE_STRONG;[Root.GetTitledFirstName] raised a sepulcher celebrating [Root.GetHerHis] great strength.;[Root.GetTitledName] a fait ériger une sépulture pour célébrer sa grande force.;[Root.GetTitledName] errichtete einen Runenstein, um [Root.GetHerHis] große Körperkraft zu feiern.;;[Root.GetTitledName] ha erigido un sepulcro homenajeando su gran fuerza.;;;;;;;;;x
CHRONICLE_RUNESTONE_SCHOLAR;[Root.GetTitledFirstName] raised a sepulcher celebrating [Root.GetHerHis] great knowledge of the world and everything in it.;[Root.GetTitledName] a fait ériger une sépulture pour célébrer sa grande connaissance du monde et de ce qu'il contient.;[Root.GetTitledName] errichtete einen Runenstein, um [Root.GetHerHis] große Kenntnis der ganzen Welt und aller Dinge darin zu feiern.;;[Root.GetTitledName] ha erigido un sepulcro homenajeando su gran conocimiento del mundo y todo lo que contiene.;;;;;;;;;x
CHRONICLE_RUNESTONE_IMPALER;[Root.GetTitledFirstName] raised a sepulcher warning the world of the horrors awaiting any who would defy [Root.GetHerHis].;[Root.GetTitledName] a fait ériger une sépulture afin d'aviser le monde entier des horreurs qui attendent quiconque le défie.;[Root.GetTitledName] errichtete einen Runenstein, um die Welt vor den Schrecken zu warnen, die allen drohen, die es wagen, sich [Root.GetHerHim] zu widersetzen.;;[Root.GetTitledName] ha erigido un sepulcro advirtiendo al mundo de los horrores que aguardan a cualquiera que le desafíe.;;;;;;;;;x
CHRONICLE_RUNESTONE_POET;[Root.GetTitledFirstName] raised a sepulcher with poetic words carved into it.;[Root.GetTitledName] a fait ériger une sépulture gravées de poèmes.;[Root.GetTitledName] errichtete einen Runenstein mit poetischen Worten als Inschrift.;;[Root.GetTitledName] ha erigido un sepulcro con poesías grabadas en él.;;;;;;;;;x
CHRONICLE_RUNESTONE_LUSTFUL;[Root.GetTitledFirstName] raised a sepulcher celebrating [Root.GetHerHis] love for others.;[Root.GetTitledName] a fait ériger une sépulture pour célébrer sa philanthropie.;[Root.GetTitledName] errichtete einen Runenstein, um [Root.GetHerHis] Nächstenliebe zu feiern.;;[Root.GetTitledName] ha erigido un sepulcro en homenaje a su amor por el prójimo.;;;;;;;;;x
CHRONICLE_RUNESTONE_GLUTTONOUS;[Root.GetTitledFirstName] raised a sepulcher celebrating [Root.GetHerHis] love for food.;[Root.GetTitledName] a fait ériger une sépulture pour célébrer son amour pour la bonne chère.;[Root.GetTitledName] errichtete einen Runenstein, um [Root.GetHerHis] Liebe zu gutem Essen zu feieren.;;[Root.GetTitledName] ha erigido un sepulcro en homenaje a su amor por la comida.;;;;;;;;;x
CHRONICLE_RUNESTONE_CHARITABLE;[Root.GetTitledFirstName] raised a sepulcher celebrating [Root.GetHerHis] charity.;[Root.GetTitledName] a fait ériger une sépulture pour célébrer sa charité.;[Root.GetTitledName] errichtete einen Runenstein, um [Root.GetHerHis] Barmherzigkeit zu feiern.;;[Root.GetTitledName] ha erigido un sepulcro en homenaje a su caridad.;;;;;;;;;x
CHRONICLE_RUNESTONE_KIND;[Root.GetTitledFirstName] raised a sepulcher celebrating [Root.GetHerHis] kindness.;[Root.GetTitledName] a fait ériger une sépulture pour célébrer sa gentillesse.;[Root.GetTitledName] errichtete einen Runenstein, um [Root.GetHerHis] Güte zu feiern.;;[Root.GetTitledName] ha erigido un sepulcro en homenaje a su bondad.;;;;;;;;;x
CHRONICLE_RUNESTONE_PROUD;[Root.GetTitledFirstName] raised a sepulcher celebrating [Root.GetHerHis] own greatness.;[Root.GetTitledName] a fait ériger une sépulture pour célébrer sa toute puissance.;[Root.GetTitledName] errichtete einen Runenstein, um [Root.GetHerHis] eigene Größe zu Feiern.;;[Root.GetTitledName] ha erigido un sepulcro en homenaje a su grandeza.;;;;;;;;;x
CHRONICLE_RUNESTONE_HUMBLE;[Root.GetTitledFirstName] raised a sepulcher celebrating the joys of a simple life.;[Root.GetTitledName] a fait ériger une sépulture pour célébrer les petits plaisirs de la vie.;[Root.GetTitledName] errichtete einen Runenstein, um die Freuden des einfachen Lebens zu preisen.;;[Root.GetTitledName] ha erigido un sepulcro en homenaje a la alegría de una vida simple.;;;;;;;;;x
CHRONICLE_RUNESTONE_BRAVE;[Root.GetTitledFirstName] raised a sepulcher celebrating [Root.GetHerHis] great valor.;[Root.GetTitledName] a fait ériger une sépulture en l'honneur de sa grande valeur.;[Root.GetTitledName] errichtete einen Runenstein, um [Root.GetHerHis] große Tapferkeit zu feiern.;;[Root.GetTitledName] ha erigido un sepulcro en homenaje a su gran valor.;;;;;;;;;x
CHRONICLE_RUNESTONE_JUST;[Root.GetTitledFirstName] raised a sepulcher celebrating [Root.GetHerHis] fairness and sense of justice.;[Root.GetTitledName] a fait ériger une sépulture en l'honneur de son équité et de son sens de la justice.;[Root.GetTitledName] errichtete einen Runenstein, um [Root.GetHerHis] Fairness und Gerechtigkeitssinn zu feiern.;;[Root.GetTitledName] ha erigido un sepulcro en homenaje a su imparcialidad y sentido de la justicia.;;;;;;;;;x
CHRONICLE_RUNESTONE_ZEALOUS_NORSE;[Root.GetTitledFirstName] raised a sepulcher honoring the Gods.;[Root.GetTitledName] a fait ériger une sépulture en l'honneur des dieux.;[Root.GetTitledName] errichtete einen Runenstein zu Ehren der Götter.;;[Root.GetTitledName] ha erigido un sepulcro en honor de los Dioses.;;;;;;;;;x
CHRONICLE_RUNESTONE_CRUEL;[Root.GetTitledFirstName] raised a sepulcher boasting of the cruelty shown to [Root.GetHerHis] enemies.;[Root.GetTitledName] a fait ériger une sépulture pour vanter la cruauté dont [Root.GetSheHe] fait preuve envers ses ennemis.;[Root.GetTitledName] errichtete einen Runenstein, um mit [Root.GetHerHis] Grausamkeit gegenüber den Feinden zu prahlen.;;[Root.GetTitledName] ha erigido un sepulcro vanagloriándose de la crueldad mostrada con sus enemigos.;;;;;;;;;x
CHRONICLE_DEATH_OF_DRAGON;[Root.GetFirstNameWithNick], the dragon ridden by [Player.GetTitledFirstNameWithNick], [Root.GetDeathReason] on [GetDateText] after living for [Root.GetAgeYears] years.;[Root.GetFirstNameWithNick], le dragon monté par [Player.GetTitledFirstNameWithNick], [Root.GetDeathReason] en [GetDateText] après avoir vécu pendant [Root.GetAgeYears] ans.;;;[Root.GetFirstNameWithNick], el dragón montado por [Player.GetTitledFirstNameWithNick], [Root.GetDeathReason] en [GetDateText] tras haber vivido [Root.GetAgeYears] años.;;;;;;;;;x
CHRONICLE_DEATH_OF_DRAGON_GREAT;In [From.Location.GetName], the great dragon [Root.GetFirstNameWithNick] [Root.GetDeathReason] on [GetDateText] after living for [Root.GetAgeYears] years.;A [From.Location.GetName], le grand dragon [Root.GetFirstNameWithNick] [Root.GetDeathReason] en [GetDateText] après avoir vécu pendant [Root.GetAgeYears] ans.;;;En [From.Location.GetName], el gran dragón [Root.GetFirstNameWithNick] [Root.GetDeathReason] en [GetDateText] tras haber vivido durante [Root.GetAgeYears] años.;;;;;;;;;x
CHRONICLE_DEATH_OF_DRAGON_LAST;In [From.Location.GetName], the last living dragon, [Root.GetFirstNameWithNick], [Root.GetDeathReason] on [GetDateText] after living for [Root.GetAgeYears] years.;A [From.Location.GetName], le dernier dragon vivant, [Root.GetFirstNameWithNick], [Root.GetDeathReason] en [GetDateText] après avoir vécu pendant [Root.GetAgeYears] ans.;;;En [From.Location.GetName], el último dragón viviente, [Root.GetFirstNameWithNick], [Root.GetDeathReason] en [GetDateText] tras haber vivido durante [Root.GetAgeYears] años.;;;;;;;;;x
CHRONICLE_START_NIGHTSWATCH;This Chronicle, started by [Root.GetTitledFirstNameWithDynasty], details the deeds of The Night's Watch, the order dedicated to holding the Wall and defending the realms of men from what lies beyond it. In it is contained the record of its yearly fortunes, glories and difficulties.;Cette Chronique, débutée par [Root.GetTitledFirstNameWithDynasty], détaille les actes de la Garde de Nuit, l’ordre qui s’est dédié à tenir le Mur et protéger les royaumes des hommes de ce qui se tapit au-delà. Dans ces lignes sont racontées ses fortunes, ses gloires et ses troubles à travers les ans.;;;Esta crónica, iniciada por [Root.GetTitledFirstNameWithDynasty], detalla los actos de la Guardia de la Noche, la orden dedicada a guardar el Muro y proteger los reinos de los hombres de lo que se esconde más allá. En estas líneas se recogen sus fortunas, sus glorias y sus problemas a través de los años.;;;;;;;;;x
CHRONICLE_START_NIGHTSWATCH_BASTARD;This Chronicle, started by [Root.GetTitledFirstNameWithNick], details the deeds of The Night's Watch, the order dedicated to holding the Wall and defending the realms of men from what lies beyond it. In it is contained the record of its yearly fortunes, glories and difficulties.;Cette Chronique, débutée par [Root.GetTitledFirstNameWithNick], détaille les actes de la Garde de Nuit, l’ordre qui s’est dédié à tenir le Mur et protéger les royaumes des hommes de ce qui se tapit au-delà. Dans ces lignes sont racontées ses fortunes, ses gloires et ses troubles à travers les ans.;;;Esta crónica, iniciada por  [Root.GetTitledFirstNameWithNick], detalla los actos de la Guardia de la Noche, la orden dedicada a guardar el Muro y proteger los reinos de los hombres de lo que se esconde más allá. En estas líneas se recogen sus fortunas, sus glorias y sus problemas a través de los años.;;;;;;;;;x
CHRONICLE_START_DOTHRAKI;This Chronicle details the deeds of the great [Root.GetTitledFirstNameWithNick] and the line of Khals and Kos that came after [Root.GetHerHim]. In it is contained the record of this lineage's yearly fortunes, glories and difficulties.;Cette Chronique détaille les actes du(de la) grand(e) [Root.GetTitledFirstNameWithNick] et de la lignée de Khals et Kos qui vinrent après lui(elle). Dans ces lignes sont racontées leurs fortunes, gloires et troubles à travers les ans.;;;Esta crónica detalla los actos del gran [Root.GetTitledFirstNameWithNick] y del linaje de Khals y Kos que vinieron después de él. En estas líneas se recogen sus fortunas, sus glorias y sus problemas a través de los años.;;;;;;;;;x
CHRONICLE_START_JOGOS_NHAI;This Chronicle details the deeds of the great [Root.GetTitledFirstNameWithNick] and the line of Jhats that came after [Root.GetHerHim]. In it is contained the record of this lineage's yearly fortunes, glories and difficulties.;Cette Chronique détaille les actes du(de la) grand(e) [Root.GetTitledFirstNameWithNick] et de la lignée de Jhats qui vinrent après lui(elle). Dans ces lignes sont racontées leurs fortunes, gloires et troubles à travers les ans.;;;Esta crónica detalla los actos del gran [Root.GetTitledFirstNameWithNick] y del linaje de Jhats que vinieron después de él. En estas líneas se recogen sus fortunas, sus glorias y sus problemas a través de los años.;;;;;;;;;x
CHRONICLE_START_KINGSGUARD;This White Book, formally called The Book of the Brothers, is the tome that records the deeds of every member who has ever served in the history of the Kingsguard. Starting with [Root.GetTitledFirstNameWithDynasty], in it each member has one page to record his deeds and exploits in.;Cette Chronique, débutée par [Root.GetTitledFirstNameWithDynasty], détaille les actes de la Garde de Nuit, l’ordre qui s’est dédié à tenir le Mur et protéger les royaumes des hommes de ce qui se tapit au-delà. Dans ces lignes sont racontées ses fortunes, ses gloires et ses troubles à travers les ans.;;;Esta crónica, iniciada por [Root.GetTitledFirstNameWithDynasty], detalla los actos de la Guardia de la Noche, la orden dedicada a guardar el Muro y proteger los reinos de los hombres de lo que se esconde más allá. En estas líneas se recogen sus fortunas, sus glorias y sus problemas a través de los años.;;;;;;;;;x
CHRONICLE_DEATH_OF_CHILD;[Root.GetTitledFirstNameWithNickAndDynasty], the [Root.GetSonDaughter] of [Player.GetTitledFirstNameNoRegnal], [Root.GetDeathReason] on [GetDateText] at the age of [Root.GetAgeYears].;[Root.GetTitledFirstNameWithNickAndDynasty], le(a) [Root.GetSonDaughter] de [Player.GetTitledFirstNameNoRegnal], [From.GetDeathReason] en [GetDateText] à l’âge de [Root.GetAgeYears] ans.;[Root.GetTitledName], [Root.GetFatherMother] von [Player.GetTitledFirstNameWithNick], ist am [GetDateText] an [From.GetDeathReason] gestorben. ;;[Root.GetTitledFirstNameWithNickAndDynasty], el [Root.GetSonDaughter] de [Player.GetTitledFirstNameNoRegnal], [From.GetDeathReason] en [GetDateText] a la edad de [Root.GetAgeYears] años.;;;;;;;;;x
CHRONICLE_DEATH_OF_CHILD_BASTARD;[Root.GetTitledFirstNameWithNick], the acknowledged bastard [Root.GetSonDaughter] of [Player.GetTitledFirstNameNoRegnal], [Root.GetDeathReason] on [GetDateText] at the age of [Root.GetAgeYears].;[Root.GetTitledFirstNameWithNick],le(a) [Root.GetSonDaughter] bâtard(e) reconnu(e) de [Player.GetTitledFirstNameNoRegnal], [From.GetDeathReason] en [GetDateText] à l’âge de [Root.GetAgeYears] ans.;[Root.GetTitledName], [Root.GetFatherMother] von [Player.GetTitledFirstNameWithNick], ist am [GetDateText] an [From.GetDeathReason] gestorben. ;;[Root.GetTitledFirstNameWithNick], el [Root.GetSonDaughter] bastardo reconocido de [Player.GetTitledFirstNameNoRegnal], [From.GetDeathReason] en [GetDateText] a la edad de [Root.GetAgeYears] años.;;;;;;;;;x
CHRONICLE_DEATH_OF_TOP_LIEGE;[Root.GetTitledFirstNameWithNickAndDynasty], the [Root.GetTitle] of [Root.PrimaryTitle.GetName], [Root.GetDeathReason] on [GetDateText] at the age of [Root.GetAgeYears]. [Root.Heir.GetTitledFirstNameWithNick] [Root.Heir.GetOnlyDynastyName] succeeded [Root.GetHerHim] to the [Root.PrimaryTitle.GetTier].;[Root.GetTitledFirstNameWithNickAndDynasty], le(a) [Root.GetTitle] de [Root.PrimaryTitle.GetName], [From.GetDeathReason] en [GetDateText] à l’âge de [Root.GetAgeYears]. [Root.Heir.GetTitledFirstNameWithNick] [Root.Heir.GetOnlyDynastyName] lui succéda à la tête du [Root.PrimaryTitle.GetTier].;[Root.GetTitledName], Lehnsherr(in) [Root.GetLordLady] von [Player.GetTitledFirstNameWithNick], ist am [GetDateText] an [From.GetDeathReason] gestorben. ;;[Root.GetTitledFirstNameWithNickAndDynasty], el [Root.GetTitle] de [Root.PrimaryTitle.GetName], [From.GetDeathReason] en [GetDateText] a la edad de [Root.GetAgeYears]. [Root.Heir.GetTitledFirstNameWithNick] [Root.Heir.GetOnlyDynastyName] le sucederá en el [Root.PrimaryTitle.GetTier].;;;;;;;;;x
CHRONICLE_DEATH_OF_HIGH_SEPTON;[Root.GetHerHis] Holiness the High Septon, leader of all the faithful, [Root.GetDeathReason] on [GetDateText] at the age of [Root.GetAgeYears].;Sa Sainteté Suprême le Grand Septon, chef de tous les croyants, [Root.GetDeathReason] en [GetDateText] à l’âge de [Root.GetAgeYears] ans.;[Root.GetTitledFirstNameWithDynastyAndTitleNoRegnal], geistlicher FÃ¼hrer aller [Root.Religion.GetName] GlÃ¤ubigen, ist am [GetDateText] an [Root.GetDeathReason] gestorben.;;Su Santidad Suprema, el Gran Septón, máxima autoridad de la fe, [Root.GetDeathReason] en [GetDateText] a la edad de [Root.GetAgeYears] años.;;;;;;;;;x
CHRONICLE_DEATH_OF_DYNAST;[Root.GetTitledFirstNameWithNickAndDynasty] of [Root.GetOnlyDynastyName], [Player.GetTitledFirstNameNoRegnal]'s kinsman, [Root.GetDeathReason] on [GetDateText] at the age of [Root.GetAgeYears]. [Root.Heir.GetTitledFirstNameWithNick] [Root.Heir.GetOnlyDynastyName] succeeded [Root.GetHerHim] to the [Root.PrimaryTitle.GetTier].;[Root.GetTitledFirstNameWithNickAndDynasty] de la Maison [Root.GetOnlyDynastyName], parent de [Player.GetTitledFirstNameNoRegnal], [From.GetDeathReason] en [GetDateText] à l’âge de [Root.GetAgeYears] ans. [Root.Heir.GetTitledFirstNameWithNick] [Root.Heir.GetOnlyDynastyName] lui succéda à la tête du [Root.PrimaryTitle.GetTier].;;;[Root.GetTitledFirstNameWithNickAndDynasty] de la casa [Root.GetOnlyDynastyName], pariente de [Player.GetTitledFirstNameNoRegnal], [From.GetDeathReason] en [GetDateText] a la edad de [Root.GetAgeYears] años. [Root.Heir.GetTitledFirstNameWithNick] [Root.Heir.GetOnlyDynastyName] le sucederá al [Root.PrimaryTitle.GetTier].;;;;;;;;;x
CHRONICLE_BIRTH_FATHER_UNKNOWN;[Root.GetFirstNameWithDynasty], a [Root.GetSonDaughter], was born to [This.GetTitledFirstNameNoRegnal] and an unknown mother.;[Root.GetFirstNameWithDynasty], un(e) [Root.GetSonDaughter], naquit de [This.GetTitledFirstNameNoRegnal] et d'une mère inconnue.;Das erste Kind, [Root.GetFirstName], wurde [Root.Father.GetTitledName] geboren.;;[Root.GetFirstNameWithDynasty], un [Root.GetSonDaughter], nacido de [This.GetTitledFirstNameNoRegnal] y de una madre desconocida.;;;;;;;;;x
CHRONICLE_BIRTH_MOTHER_UNKNOWN;[Root.GetFirstNameWithDynasty], a [Root.GetSonDaughter], was born to [This.GetTitledFirstNameNoRegnal] and an unknown father.;[Root.GetFirstNameWithDynasty], un(e) [Root.GetSonDaughter], naquit de [This.GetTitledFirstNameNoRegnal] et d'un père inconnu.;Das erste Kind, [Root.GetFirstName], wurde [Root.Mother.GetTitledName] geboren.;;[Root.GetFirstNameWithDynasty], un [Root.GetSonDaughter], nacido de [This.GetTitledFirstNameNoRegnal] y de un padre desconocido.;;;;;;;;;x
CHRONICLE_BIRTH_FATHER_BASTARD;[Root.GetFirstNameWithNick], a bastard [Root.GetSonDaughter], was born to [This.GetTitledFirstNameNoRegnal] and [Root.Mother.GetTitledFirstNameNoRegnal] [Root.Mother.GetOnlyDynastyName].;[Root.GetFirstNameWithNick], un(e) [Root.GetSonDaughter] bâtard(e), naquit de [This.GetTitledFirstNameNoRegnal] et [Root.Mother.GetTitledFirstNameNoRegnal] [Root.Mother.GetOnlyDynastyName].;Das erste Kind, [Root.GetFirstName], wurde [Root.Father.GetTitledName] geboren.;;[Root.GetFirstNameWithNick], un [Root.GetSonDaughter] bastardo, nacido de [This.GetTitledFirstNameNoRegnal] y [Root.Mother.GetTitledFirstNameNoRegnal] [Root.Mother.GetOnlyDynastyName].;;;;;;;;;x
CHRONICLE_BIRTH_FATHER_BASTARD_UNKNOWN;[Root.GetFirstNameWithNick], a bastard [Root.GetSonDaughter], was born to [This.GetTitledFirstNameNoRegnal] and and an unknown mother.;[Root.GetFirstNameWithNick], un(e) [Root.GetSonDaughter] bâtard(e), naquit de [This.GetTitledFirstNameNoRegnal] et d'une mère inconnue.;Das erste Kind, [Root.GetFirstName], wurde [Root.Father.GetTitledName] geboren.;;[Root.GetFirstNameWithNick], un [Root.GetSonDaughter] bastardo, nacido de [This.GetTitledFirstNameNoRegnal] y de una madre desconocida.;;;;;;;;;x
CHRONICLE_BIRTH_MOTHER_BASTARD;[Root.GetFirstNameWithNick], a bastard [Root.GetSonDaughter], was born to [This.GetTitledFirstNameNoRegnal] and [Root.Father.GetTitledFirstNameNoRegnal] [Root.Father.GetOnlyDynastyName].;[Root.GetFirstNameWithNick], un(e) [Root.GetSonDaughter] bâtard(e), naquit de [This.GetTitledFirstNameNoRegnal] et [Root.Father.GetTitledFirstNameNoRegnal] [Root.Father.GetOnlyDynastyName].;Das erste Kind, [Root.GetFirstName], wurde [Root.Mother.GetTitledName] geboren.;;[Root.GetFirstNameWithNick], un [Root.GetSonDaughter] bastardo, nacido de [This.GetTitledFirstNameNoRegnal] y [Root.Father.GetTitledFirstNameNoRegnal] [Root.Father.GetOnlyDynastyName].;;;;;;;;;x
CHRONICLE_BIRTH_MOTHER_BASTARD_UNKNOWN;[Root.GetFirstNameWithNick], a bastard [Root.GetSonDaughter], was born to [This.GetTitledFirstNameNoRegnal] and an unknown father.;[Root.GetFirstNameWithNick], un(e) [Root.GetSonDaughter] bâtard(e), naquit de [This.GetTitledFirstNameNoRegnal] et d'un père inconnu.;Das erste Kind, [Root.GetFirstName], wurde [Root.Mother.GetTitledName] geboren.;;[Root.GetFirstNameWithNick], un [Root.GetSonDaughter] bastardo, nacido de [This.GetTitledFirstNameNoRegnal] y de un padre desconocido.;;;;;;;;;x
CHRONICLE_BIRTH_FATHER_CONSORT;[Root.GetFirstNameWithNick], a [Root.GetSonDaughter], was born to [This.GetTitledFirstNameNoRegnal] and his concubine [Root.Mother.GetTitledFirstNameNoRegnal] [Root.Mother.GetOnlyDynastyName].;[Root.GetFirstNameWithNick], un(e) [Root.GetSonDaughter], naquit de [This.GetTitledFirstNameNoRegnal] et de sa concubine [Root.Mother.GetTitledFirstNameNoRegnal] [Root.Mother.GetOnlyDynastyName].;Das erste Kind, [Root.GetFirstName], wurde [Root.Father.GetTitledName] geboren.;;[Root.GetFirstNameWithNick], un [Root.GetSonDaughter], nacido de [This.GetTitledFirstNameNoRegnal] y de su concubina [Root.Mother.GetTitledFirstNameNoRegnal] [Root.Mother.GetOnlyDynastyName].;;;;;;;;;x
CHRONICLE_BIRTH_MOTHER_CONSORT;[Root.GetFirstNameWithNick], a [Root.GetSonDaughter], was born to [This.GetTitledFirstNameNoRegnal] and her consort [Root.Father.GetTitledFirstNameNoRegnal] [Root.Father.GetOnlyDynastyName].;[Root.GetFirstNameWithNick], un(e) [Root.GetSonDaughter], naquit de [This.GetTitledFirstNameNoRegnal] et son consort [Root.Father.GetTitledFirstNameNoRegnal] [Root.Father.GetOnlyDynastyName].;Das erste Kind, [Root.GetFirstName], wurde [Root.Mother.GetTitledName] geboren.;;[Root.GetFirstNameWithNick], un [Root.GetSonDaughter], nacido de [This.GetTitledFirstNameNoRegnal] y su consorte [Root.Father.GetTitledFirstNameNoRegnal] [Root.Father.GetOnlyDynastyName].;;;;;;;;;x
CHRONICLE_BIRTH_STILLBORN_BASTARD;[Root.GetFirstNameWithNick], a bastard [Root.GetSonDaughter] of [This.GetTitledFirstNameNoRegnal], was tragically born stillborn.;[Root.GetFirstNameWithNick], [Root.GetSonDaughter] bâtard(e) de [This.GetTitledFirstNameNoRegnal], naquit tragiquement mort-né(e). ;Das erste Kind, [Root.GetFirstName], wurde [Root.Father.GetTitledName] geboren.;;[Root.GetFirstNameWithNick], [Root.GetSonDaughter] bastardo de [This.GetTitledFirstNameNoRegnal], nacido trágicamente muerto. ;;;;;;;;;x
CHRONICLE_BIRTH_FATHER_CONSORT;[Root.GetFirstNameWithNick], a [Root.GetSonDaughter] of [This.GetTitledFirstNameNoRegnal] by [This.GetHerHis] consort, was tragically born stillborn.;[Root.GetFirstNameWithNick], [Root.GetSonDaughter] de [This.GetTitledFirstNameNoRegnal] et de son consort, naquit tragiquement mort-né(e).;Das erste Kind, [Root.GetFirstName], wurde [Root.Father.GetTitledName] geboren.;;[Root.GetFirstNameWithNick], [Root.GetSonDaughter] de [This.GetTitledFirstNameNoRegnal] y de su consorte, nacido trágicamente muerto.;;;;;;;;;x
CHRONICLE_BIRTH_STILLBORN;[Root.GetFirstNameWithNick], [Root.GetSonDaughter] of [This.GetTitledFirstNameNoRegnal], was tragically born stillborn.;[Root.GetFirstNameWithNick], [Root.GetSonDaughter] de [This.GetTitledFirstNameNoRegnal], naquit tragiquement mort-né(e).;Das erste Kind, [Root.GetFirstName], wurde [Root.Father.GetTitledName] geboren.;;[Root.GetFirstNameWithNick], [Root.GetSonDaughter] de [This.GetTitledFirstNameNoRegnal], nacido trágicamente muerto.;;;;;;;;;x
CHRONICLE_MARRIED_PARENT;[From.GetTitledFirstNameWithDynastyNoRegnal], [From.GetFatherMother] of [This.GetTitledFirstNameNoRegnal], was wed to [New.GetTitledFirstName] [New.GetOnlyDynastyName], [New.GetSonDaughter] of [New.Father.GetTitledName].;[From.GetTitledFirstNameWithDynastyNoRegnal], [From.GetFatherMother] de [This.GetTitledFirstNameNoRegnal], épousa [New.GetTitledFirstName] [New.GetOnlyDynastyName], [New.GetSonDaughter] de [New.Father.GetTitledName].;[From.GetTitledName] hat [New.GetTitledFirstName], [New.GetSonDaughter] von [New.Vater.GetTitledName], geheiratet.;;[From.GetTitledFirstNameWithDynastyNoRegnal], [From.GetFatherMother] de [This.GetTitledFirstNameNoRegnal], se casó con [New.GetTitledFirstName] [New.GetOnlyDynastyName], [New.GetSonDaughter] de [New.Father.GetTitledName].;;;;;;;;;x
CHRONICLE_MARRIED_HEIR;[From.GetTitledFirstNameWithDynastyNoRegnal], [This.GetTitledFirstNameNoRegnal]'s heir, was wed to [New.GetTitledFirstName] [New.GetOnlyDynastyName], [New.GetSonDaughter] of [New.Father.GetTitledName].;[From.GetTitledFirstNameWithDynastyNoRegnal], héritier(ère) de [This.GetTitledFirstNameNoRegnal], épousa [New.GetTitledFirstName] [New.GetOnlyDynastyName], [New.GetSonDaughter] de [New.Father.GetTitledName].;[From.GetTitledName] hat [New.GetTitledFirstName], [New.GetSonDaughter] von [New.Vater.GetTitledName], geheiratet.;;[From.GetTitledFirstNameWithDynastyNoRegnal], heredero de [This.GetTitledFirstNameNoRegnal], se casó con [New.GetTitledFirstName] [New.GetOnlyDynastyName], [New.GetSonDaughter] de [New.Father.GetTitledName].;;;;;;;;;x
CHRONICLE_MARRIED_CHILD;[From.GetTitledFirstNameWithDynastyNoRegnal], [From.GetSonDaughter] of [This.GetTitledFirstNameNoRegnal], was wed to [New.GetTitledFirstName] [New.GetOnlyDynastyName], [New.GetSonDaughter] of [New.Father.GetTitledName].;[From.GetTitledFirstNameWithDynastyNoRegnal], [From.GetSonDaughter] de [This.GetTitledFirstNameNoRegnal], épousa [New.GetTitledFirstName] [New.GetOnlyDynastyName], [New.GetSonDaughter] de [New.Father.GetTitledName].;[From.GetTitledName] hat [New.GetTitledFirstName], [New.GetSonDaughter] von [New.Vater.GetTitledName], geheiratet.;;[From.GetTitledFirstNameWithDynastyNoRegnal], [From.GetSonDaughter] de [This.GetTitledFirstNameNoRegnal], se casó con [New.GetTitledFirstName] [New.GetOnlyDynastyName], [New.GetSonDaughter] de [New.Father.GetTitledName].;;;;;;;;;x
CHRONICLE_MARRIED_TOP_LIEGE;[From.GetTitledFirstNameWithNickAndDynasty] was wed to [New.GetTitledFirstName] [New.GetOnlyDynastyName], [New.GetSonDaughter] of [New.Father.GetTitledName].;[From.GetTitledFirstNameWithNickAndDynasty] épousa [New.GetTitledFirstName] [New.GetOnlyDynastyName], [New.GetSonDaughter] de [New.Father.GetTitledName].;[From.GetTitledName] hat [New.GetTitledFirstName], [New.GetSonDaughter] von [New.Vater.GetTitledName], geheiratet.;;[From.GetTitledFirstNameWithNickAndDynasty] se casó con [New.GetTitledFirstName] [New.GetOnlyDynastyName], [New.GetSonDaughter] de [New.Father.GetTitledName].;;;;;;;;;x
CHRONICLE_MARRIED_TOP_LIEGE_HEIR;[From.GetTitledFirstNameWithDynastyNoRegnal], the heir to [This.TopLiege.PrimaryTitle.GetName], was wed to [New.GetTitledFirstName] [New.GetOnlyDynastyName], [New.GetSonDaughter] of [New.Father.GetTitledName].;[From.GetTitledFirstNameWithDynastyNoRegnal], héritier(ère) de [This.TopLiege.PrimaryTitle.GetName], épousa [New.GetTitledFirstName] [New.GetOnlyDynastyName], [New.GetSonDaughter] de [New.Father.GetTitledName].;[From.GetTitledName] hat [New.GetTitledFirstName], [New.GetSonDaughter] von [New.Vater.GetTitledName], geheiratet.;;[From.GetTitledFirstNameWithDynastyNoRegnal], heredero de [This.TopLiege.PrimaryTitle.GetName], se casó con [New.GetTitledFirstName] [New.GetOnlyDynastyName], [New.GetSonDaughter] de [New.Father.GetTitledName].;;;;;;;;;x
CHRONICLE_MARRIED_LIEGE;[From.GetTitledFirstNameWithDynastyNoRegnal], the liege [From.GetLordLady] of [This.GetTitledFirstNameNoRegnal], was wed to [New.GetTitledFirstName] [New.GetOnlyDynastyName], [New.GetSonDaughter] of [New.Father.GetTitledName].;[From.GetTitledFirstNameWithDynastyNoRegnal], [From.GetLordLady] suzerain(e) de [This.GetTitledFirstNameNoRegnal], épousa [New.GetTitledFirstName] [New.GetOnlyDynastyName], [New.GetSonDaughter] de [New.Father.GetTitledName].;[From.GetTitledName] hat [New.GetTitledFirstName], [New.GetSonDaughter] von [New.Vater.GetTitledName], geheiratet.;;[From.GetTitledFirstNameWithDynastyNoRegnal], [From.GetLordLady] Señor de [This.GetTitledFirstNameNoRegnal], se casó con [New.GetTitledFirstName] [New.GetOnlyDynastyName], [New.GetSonDaughter] de [New.Father.GetTitledName].;;;;;;;;;x
CHRONICLE_CHILD_IMPRISONED;[This.GetTitledFirstNameNoRegnal]'s [Root.GetSonDaughter], [Root.GetTitledFirstNameWithDynastyNoRegnal], was imprisoned in a dungeon in [From.Capital.GetName] by [From.GetTitledName].;Le(a) [Root.GetSonDaughter] de [This.GetTitledFirstNameNoRegnal], [Root.GetTitledFirstNameWithDynastyNoRegnal], fut emprisonné(e) dans les cachots de [From.Capital.GetName] par [From.GetTitledName].;[Root.GetTitledName] wurde von [From.GetTitledName] in [From.Capital.GetName] in den Kerker geworfen.;;El [Root.GetSonDaughter] de [This.GetTitledFirstNameNoRegnal], [Root.GetTitledFirstNameWithDynastyNoRegnal], fue encarcelado en las mazmorras de [From.Capital.GetName] por [From.GetTitledName].;;;;;;;;;x
CHRONICLE_TOP_LIEGE_IMPRISONED;[Root.GetTitledFirstNameWithDynasty] was imprisoned in a dungeon in [From.Capital.GetName] by [From.GetTitledName].;[Root.GetTitledFirstNameWithDynasty] fut emprisonné(e) dans les cachots de [From.Capital.GetName] par [From.GetTitledName].;[Root.GetTitledName] wurde von [From.GetTitledName] in [From.Capital.GetName] in den Kerker geworfen.;;[Root.GetTitledFirstNameWithDynasty] fue encarcelado en las mazmorras de [From.Capital.GetName] por [From.GetTitledName].;;;;;;;;;x
CHRONICLE_HEIR_CONVERTED_RELIGION;[Root.GetTitledName] of House [Root.GetOnlyDynastyName], [This.GetTitledFirstNameNoRegnal]'s heir, converted from [From.Religion.GetName] to [Root.Religion.GetName].;[Root.GetTitledName] de la Maison [Root.GetOnlyDynastyName], héritier(ère) de [This.GetTitledFirstNameNoRegnal] tourna le dos à [From.Religion.GetName] et se convertit à [Root.Religion.GetName].;[Root.GetTitledName] trat vom [From.Religion.GetName] zum [Root.Religion.GetName] Ã¼ber.;;[Root.GetTitledName] de la casa [Root.GetOnlyDynastyName], heredero de [This.GetTitledFirstNameNoRegnal] dio la espalda a [From.Religion.GetName] y se convirtió a [Root.Religion.GetName].;;;;;;;;;x
CHRONICLE_TOP_LIEGE_CONVERTED_RELIGION;[Root.GetTitledFirstNameWithNickAndDynasty] converted from [From.Religion.GetName] to [Root.Religion.GetName].;[Root.GetTitledFirstNameWithNickAndDynasty] tourna le dos à [From.Religion.GetName] et se convertit à [Root.Religion.GetName].;[Root.GetTitledName] trat vom [From.Religion.GetName] zum [Root.Religion.GetName] Ã¼ber.;;[Root.GetTitledFirstNameWithNickAndDynasty] dio la espalda a [From.Religion.GetName] y se convirtió a [Root.Religion.GetName].;;;;;;;;;x
CHRONICLE_WAR_DRAGON_CONQUEST_ATTACKER;[Root.GetTitledFirstNameWithNick] declared war against [From.GetTitledFirstNameWithDynasty] of [From.PrimaryTitle.GetName], using [Root.GetHerHis] dragon to claim [Prev.GetName] by right of conquest.;[Root.GetTitledFirstNameWithNick] déclara la guerre à [From.GetTitledFirstNameWithDynasty] de [From.PrimaryTitle.GetName], utilisant son dragon pour revendiquer [Prev.GetName] par droit de conquête.;[From.GetTitledName] zog gegen [Prev.GetTitledName] in den Krieg.;;[Root.GetTitledFirstNameWithNick] declaró la guerra a [From.GetTitledFirstNameWithDynasty] de [From.PrimaryTitle.GetName], utilizando su dragón para reclamar [Prev.GetName] por derecho de conquista.;;;;;;;;;x
CHRONICLE_WAR_DRAGON_CONQUEST_DEFENDER;[Root.GetTitledFirstNameWithDynasty] of [Root.PrimaryTitle.GetName] declared war against [From.GetTitledFirstNameWithNick], using [Root.GetHerHis] dragon to claim [Prev.GetName] by right of conquest.;[Root.GetTitledFirstNameWithDynasty] de [Root.PrimaryTitle.GetName] déclara la guerre à [From.GetTitledFirstNameWithNick], utilisant son dragon pour revendiquer [Prev.GetName] par droit de conquête.;[From.GetTitledName] zog gegen [Prev.GetTitledName] in den Krieg.;;[Root.GetTitledFirstNameWithDynasty] de [Root.PrimaryTitle.GetName] declaró la guerra a [From.GetTitledFirstNameWithNick], utilizando su dragón para reclamar [Prev.GetName] por derecho de conquista.;;;;;;;;;x
CHRONICLE_WAR_DRAGON_CONQUEST_ATTACKER_LIEGE;[This.GetTitledFirstNameNoRegnal]'s liege, [Root.GetTitledFirstNameWithNick], declared war against [From.GetTitledFirstNameWithDynasty] of [From.PrimaryTitle.GetName], using [Root.GetHerHis] dragon to claim [Prev.GetName] by right of conquest.;Le(a) suzerain(e) de [This.GetTitledFirstNameNoRegnal], [Root.GetTitledFirstNameWithNick], déclara la guerre à [From.GetTitledFirstNameWithDynasty] de [From.PrimaryTitle.GetName], utilisant son dragon pour revendiquer [Prev.GetName] par droit de conquête.;[From.GetTitledName] zog gegen [Prev.GetTitledName] in den Krieg.;;El Señor de [This.GetTitledFirstNameNoRegnal], [Root.GetTitledFirstNameWithNick], declaró la guerra a [From.GetTitledFirstNameWithDynasty] de [From.PrimaryTitle.GetName], utilizando su dragón para reclamar [Prev.GetName] por derecho de conquista.;;;;;;;;;x
CHRONICLE_WAR_DRAGON_CONQUEST_DEFENDER_LIEGE;[Root.GetTitledFirstNameWithDynasty] of [Root.PrimaryTitle.GetName] declared war against [This.GetTitledFirstNameNoRegnal]'s liege [From.GetTitledFirstNameWithNick], using [Root.GetHerHis] dragon to claim [Prev.GetName] by right of conquest.;[Root.GetTitledFirstNameWithDynasty] de [Root.PrimaryTitle.GetName] déclara la guerre au(à la) suzerain(e) de [This.GetTitledFirstNameNoRegnal] [From.GetTitledFirstNameWithNick], utilisant son dragon pour revendiquer [Prev.GetName] par droit de conquête.;[From.GetTitledName] zog gegen [Prev.GetTitledName] in den Krieg.;;[Root.GetTitledFirstNameWithDynasty] de [Root.PrimaryTitle.GetName] declaró la guerra al Señor de [This.GetTitledFirstNameNoRegnal] [From.GetTitledFirstNameWithNick], utilizando su dragón para reclamar [Prev.GetName] por derecho de conquista.;;;;;;;;;x
CHRONICLE_WAR_INVASION_ATTACKER;[Root.GetTitledFirstNameWithNick] launched an invasion of [Prev.GetName], declaring war against [From.GetTitledFirstNameWithDynasty] of [From.PrimaryTitle.GetName].;[Root.GetTitledFirstNameWithNick] lança une invasion de [Prev.GetName], déclarant la guerre à [From.GetTitledFirstNameWithDynasty] de [From.PrimaryTitle.GetName].;[From.GetTitledName] zog gegen [Prev.GetTitledName] in den Krieg.;;[Root.GetTitledFirstNameWithNick] lanzó una invasión a [Prev.GetName], declarando la guerra a [From.GetTitledFirstNameWithDynasty] de [From.PrimaryTitle.GetName].;;;;;;;;;x
CHRONICLE_WAR_INVASION_DEFENDER;[Root.GetTitledFirstNameWithDynasty] of [Root.PrimaryTitle.GetName] launched an invasion of [Prev.GetName], declaring war against [From.GetTitledFirstNameWithNick].;[Root.GetTitledFirstNameWithDynasty] de [Root.PrimaryTitle.GetName] lança une invasion de [Prev.GetName], déclarant la guerre à [From.GetTitledFirstNameWithNick].;[From.GetTitledName] zog gegen [Prev.GetTitledName] in den Krieg.;;[Root.GetTitledFirstNameWithDynasty] de [Root.PrimaryTitle.GetName] lanzó una invasión a [Prev.GetName], declarando la guerra a [From.GetTitledFirstNameWithNick].;;;;;;;;;x
CHRONICLE_WAR_INVASION_ATTACKER_LIEGE;[This.GetTitledFirstNameNoRegnal]'s liege, [Root.GetTitledFirstNameWithNick], launched an invasion of [Prev.GetName], declaring war against [From.GetTitledFirstNameWithDynasty] of [From.PrimaryTitle.GetName].;Le(a) suzerain(e) de [This.GetTitledFirstNameNoRegnal], [Root.GetTitledFirstNameWithNick], lança une invasion de [Prev.GetName], déclarant la guerre à [From.GetTitledFirstNameWithDynasty] de [From.PrimaryTitle.GetName].;[From.GetTitledName] zog gegen [Prev.GetTitledName] in den Krieg.;;El Señor de [This.GetTitledFirstNameNoRegnal], [Root.GetTitledFirstNameWithNick], lanzó una invasión a [Prev.GetName], declarando la guerra a [From.GetTitledFirstNameWithDynasty] de [From.PrimaryTitle.GetName].;;;;;;;;;x
CHRONICLE_WAR_INVASION_DEFENDER_LIEGE;[Root.GetTitledFirstNameWithDynasty] of [Root.PrimaryTitle.GetName] launched an invasion of [Prev.GetName], declaring war against [This.GetTitledFirstNameNoRegnal]'s liege, [From.GetTitledFirstNameWithNick].;[Root.GetTitledFirstNameWithDynasty] de [Root.PrimaryTitle.GetName] lança une invasion de [Prev.GetName], déclarant la guerre au(à la) suzerain(e) de [This.GetTitledFirstNameNoRegnal], [From.GetTitledFirstNameWithNick].;[From.GetTitledName] zog gegen [Prev.GetTitledName] in den Krieg.;;[Root.GetTitledFirstNameWithDynasty] de [Root.PrimaryTitle.GetName] lanzó una invasión a [Prev.GetName], declarando la guerra al Señor de [This.GetTitledFirstNameNoRegnal], [From.GetTitledFirstNameWithNick].;;;;;;;;;x
CHRONICLE_WAR_RAID_ATTACKER;[Root.GetTitledFirstNameWithNick] started a raid of [From.GetTitledFirstNameNoRegnal]'s lands in [Prev.GetName].;[Root.GetTitledFirstNameWithNick] lança une razzia sur les terres de [From.GetTitledFirstNameNoRegnal] en [Prev.GetName].;[From.GetTitledName] zog gegen [Prev.GetTitledName] in den Krieg.;;[Root.GetTitledFirstNameWithNick] lanzó una expedición de saqueo a las tierras de [From.GetTitledFirstNameNoRegnal] en [Prev.GetName].;;;;;;;;;x
CHRONICLE_WAR_RAID_DEFENDER;[Root.GetTitledFirstNameWithNick] started a raid of [From.GetTitledFirstNameNoRegnal]'s lands in [Prev.GetName].;[Root.GetTitledFirstNameWithNick] lança une razzia sur les terres de [From.GetTitledFirstNameNoRegnal] en [Prev.GetName].;[From.GetTitledName] zog gegen [Prev.GetTitledName] in den Krieg.;;[Root.GetTitledFirstNameWithNick] lanzó una expedición de saqueo a las tierras de [From.GetTitledFirstNameNoRegnal] en [Prev.GetName].;;;;;;;;;x
CHRONICLE_WAR_RAID_ATTACKER_LIEGE;[This.GetTitledFirstNameNoRegnal]'s liege, [Root.GetTitledFirstNameWithNick], started a raid of [From.GetTitledFirstNameNoRegnal]'s lands in [Prev.GetName].;Le(a) suzerain(e) de [This.GetTitledFirstNameNoRegnal], [Root.GetTitledFirstNameWithNick], lança une razzia sur les terres de [From.GetTitledFirstNameNoRegnal] en [Prev.GetName].;[From.GetTitledName] zog gegen [Prev.GetTitledName] in den Krieg.;;El Señor de [This.GetTitledFirstNameNoRegnal], [Root.GetTitledFirstNameWithNick], lanzó una expedición de saqueo a las tierras de [From.GetTitledFirstNameNoRegnal] en [Prev.GetName].;;;;;;;;;x
CHRONICLE_WAR_RAID_DEFENDER_LIEGE;[Root.GetTitledFirstNameWithNick] started a raid of the lands of [This.GetTitledFirstNameNoRegnal]'s liege, [From.GetTitledFirstNameNoRegnal], in [Prev.GetName].;[Root.GetTitledFirstNameWithNick] lança une razzia sur les terres du(e la) suzerain(e) de [This.GetTitledFirstNameNoRegnal], [From.GetTitledFirstNameNoRegnal], en [Prev.GetName].;[From.GetTitledName] zog gegen [Prev.GetTitledName] in den Krieg.;;[Root.GetTitledFirstNameWithNick] lanzó una expedición de saqueo a las tierras del Señor de [This.GetTitledFirstNameNoRegnal], [From.GetTitledFirstNameNoRegnal], en [Prev.GetName].;;;;;;;;;x
CHRONICLE_OTHERS_DEFENDER;The others started to move into [Prev.GetName], seemingly moving to attack [From.GetTitledFirstNameWithNick].;Les Autres commencèrent à apparaître en [Prev.GetName], apparemment pour attaquer [From.GetTitledFirstNameWithNick].;[From.GetTitledName] zog gegen [Prev.GetTitledName] in den Krieg.;;Los Otros comenzaron a aparecer en [Prev.GetName], aparentemente para atacar a [From.GetTitledFirstNameWithNick].;;;;;;;;;x
CHRONICLE_WAR_OTHERS_DEFENDER_LIEGE;The others started to move into [Prev.GetName], seemingly moving to attack [This.GetTitledFirstNameNoRegnal]'s liege [From.GetTitledFirstNameWithNick].;Les Autres commencèrent à apparaître en [Prev.GetName], apparemment pour attaquer le(a) suzerain(e) de [This.GetTitledFirstNameNoRegnal] [From.GetTitledFirstNameWithNick].;[From.GetTitledName] zog gegen [Prev.GetTitledName] in den Krieg.;;Los Otros comenzaron a aparecer en [Prev.GetName], aparentemente para atacar al Señor de [This.GetTitledFirstNameNoRegnal] [From.GetTitledFirstNameWithNick].;;;;;;;;;x
CHRONICLE_WAR_DAWN_ATTACKER;[Root.GetTitledFirstNameWithNick] declared war a War for the Dawn, with the stated aim of driving the others from the land and ending the terrible winter.;[Root.GetTitledFirstNameWithNick] déclara une Guerre de l’Aube, dans le but de repousser les Autres des terres des hommes et mettre un terme à ce terrible hiver.;[From.GetTitledName] zog gegen [Prev.GetTitledName] in den Krieg.;;[Root.GetTitledFirstNameWithNick] declaró una Guerra del Alba, con el fin de expulsar a los Otros de las tierras de los hombres y poner fin a a este terrible invierno.;;;;;;;;;x
CHRONICLE_WAR_DAWN_ATTACKER_LIEGE;[This.GetTitledFirstNameNoRegnal]'s liege, [Root.GetTitledFirstNameWithNick], declared war a War for the Dawn, with the stated aim of driving the others from the land and ending the terrible winter.;Le(a) suzerain(e) de [This.GetTitledFirstNameNoRegnal], [Root.GetTitledFirstNameWithNick], déclara une Guerre de l’Aube, dans le but de repousser les Autres des terres des hommes et mettre un terme à ce terrible hiver.;[From.GetTitledName] zog gegen [Prev.GetTitledName] in den Krieg.;;El Señor de [This.GetTitledFirstNameNoRegnal], [Root.GetTitledFirstNameWithNick], declaró una Guerra del Alba, con el fin de expulsar a los Otros de las tierras de los hombres y poner fin a a este terrible invierno.;;;;;;;;;x
CHRONICLE_WAR_DAWN;[Root.GetTitledFirstNameWithDynasty] of [Root.PrimaryTitle.GetName] declared war a War for the Dawn, with the stated aim of driving the others from the land and ending the terrible winter.;[Root.GetTitledFirstNameWithDynasty] de [Root.PrimaryTitle.GetName] déclara une Guerre de l’Aube, dans le but de repousser les Autres des terres des hommes et mettre un terme à ce terrible hiver.;[From.GetTitledName] zog gegen [Prev.GetTitledName] in den Krieg.;;[Root.GetTitledFirstNameWithDynasty] de [Root.PrimaryTitle.GetName] declaró una Guerra del Alba, con el fin de expulsar a los Otros de las tierras de los hombres y poner fin a a este terrible invierno.;;;;;;;;;x
CHRONICLE_WAR_LIBERATION_ATTACKER;[Root.GetTitledFirstNameWithNick] declared a war of liberation against [From.GetTitledFirstNameWithDynasty] of [From.PrimaryTitle.GetName], with the stated aim of driving [From.GetHerHim] and [From.GetHerHis] fellow slavers from [Prev.GetName], freeing all slaves there once and for all.;[Root.GetTitledFirstNameWithNick] déclara une guerre de libération à [From.GetTitledFirstNameWithDynasty] de [From.PrimaryTitle.GetName], afin de chasser les esclavagistes de [Prev.GetName] et y libérer tous les esclaves une fois pour toute.;[From.GetTitledName] zog gegen [Prev.GetTitledName] in den Krieg.;;[Root.GetTitledFirstNameWithNick] declaró una guerra de liberación en [From.GetTitledFirstNameWithDynasty] de [From.PrimaryTitle.GetName], con el fin de aplastar a los traficantes de esclavistas de [Prev.GetName] y de liberar a todos los esclavos de una vez por todas.;;;;;;;;;x
CHRONICLE_WAR_LIBERATION_DEFENDER;[Root.GetTitledFirstNameWithDynasty] of [Root.PrimaryTitle.GetName] declared a war of liberation against [From.GetTitledFirstNameWithNick], with the stated aim of driving [From.GetHerHim] and [From.GetHerHis] fellow slavers from [Prev.GetName], freeing all slaves there once and for all.;[Root.GetTitledFirstNameWithDynasty] de [Root.PrimaryTitle.GetName] déclara une guerre de libération à [From.GetTitledFirstNameWithNick], afin de chasser les esclavagistes de [Prev.GetName] et y libérer tous les esclaves une fois pour toute.;[From.GetTitledName] zog gegen [Prev.GetTitledName] in den Krieg.;;[Root.GetTitledFirstNameWithDynasty] de [Root.PrimaryTitle.GetName] declaró una guerra de liberación en [From.GetTitledFirstNameWithNick], con el fin de aplastar a los traficantes de esclavistas de [Prev.GetName] y de liberar a todos los esclavos de una vez por todas.;;;;;;;;;x
CHRONICLE_WAR_LIBERATION_ATTACKER_LIEGE;[This.GetTitledFirstNameNoRegnal]'s liege, [Root.GetTitledFirstNameWithNick], declared a war of liberation against [From.GetTitledFirstNameWithDynasty] of [From.PrimaryTitle.GetName], with the stated aim of driving [From.GetHerHim] and [From.GetHerHis] fellow slavers from [Prev.GetName], freeing all slaves there once and for all.;Le(a) suzerain(e) de [This.GetTitledFirstNameNoRegnal], [Root.GetTitledFirstNameWithNick], déclara une guerre de libération à [From.GetTitledFirstNameWithDynasty] de [From.PrimaryTitle.GetName], afin de chasser les esclavagistes de [Prev.GetName] et y libérer tous les esclaves une fois pour toute.;[From.GetTitledName] zog gegen [Prev.GetTitledName] in den Krieg.;;El Señor de [This.GetTitledFirstNameNoRegnal], [Root.GetTitledFirstNameWithNick], declaró una guerra de liberación en [From.GetTitledFirstNameWithDynasty] de [From.PrimaryTitle.GetName], con el fin de aplastar a los traficantes de esclavistas de [Prev.GetName] y de liberar a todos los esclavos de una vez por todas.;;;;;;;;;x
CHRONICLE_WAR_LIBERATION_DEFENDER_LIEGE;[Root.GetTitledFirstNameWithDynasty] of [Root.PrimaryTitle.GetName] declared a war of liberation against [This.GetTitledFirstNameNoRegnal]'s liege [From.GetTitledFirstNameWithNick], with the stated aim of driving [From.GetHerHim] and [From.GetHerHis] fellow slavers from [Prev.GetName], freeing all slaves there once and for all.;[Root.GetTitledFirstNameWithDynasty] de [Root.PrimaryTitle.GetName] déclara une guerre de libération au(à la) suzerain(e) de [This.GetTitledFirstNameNoRegnal] [From.GetTitledFirstNameWithNick], afin de chasser les esclavagistes de [Prev.GetName] et y libérer tous les esclaves une fois pour toute.;[From.GetTitledName] zog gegen [Prev.GetTitledName] in den Krieg.;;[Root.GetTitledFirstNameWithDynasty] de [Root.PrimaryTitle.GetName] declaró una guerra de liberación al Señor de [This.GetTitledFirstNameNoRegnal] [From.GetTitledFirstNameWithNick], con el fin de aplastar a los traficantes de esclavistas de [Prev.GetName] y de liberar a todos los esclavos de una vez por todas.;;;;;;;;;x
CHRONICLE_WAR_EMANCIPATION_ATTACKER;[Root.GetTitledFirstNameWithNick] declared a war of emancipation against [From.GetTitledFirstNameWithDynasty] of [From.PrimaryTitle.GetName], with the stated aim of ending slavery in [Prev.GetName].;[Root.GetTitledFirstNameWithNick] déclara une guerre d’émancipation à [From.GetTitledFirstNameWithDynasty] de [From.PrimaryTitle.GetName], afin de mettre un terme à l’esclavage en [Prev.GetName].;[From.GetTitledName] zog gegen [Prev.GetTitledName] in den Krieg.;;[Root.GetTitledFirstNameWithNick] declaró una guerra de emancipación a [From.GetTitledFirstNameWithDynasty] de [From.PrimaryTitle.GetName], con el fin de acabar con la esclavitud en [Prev.GetName].;;;;;;;;;x
CHRONICLE_WAR_EMANCIPATION_DEFENDER;[Root.GetTitledFirstNameWithDynasty] of [Root.PrimaryTitle.GetName] declared a war of emancipation against [From.GetTitledFirstNameWithNick], with the stated aim of ending slavery in [Prev.GetName].;[Root.GetTitledFirstNameWithDynasty] de [Root.PrimaryTitle.GetName] déclara une guerre d’émancipation à [From.GetTitledFirstNameWithNick], afin de mettre un terme à l’esclavage en [Prev.GetName].;[From.GetTitledName] zog gegen [Prev.GetTitledName] in den Krieg.;;[Root.GetTitledFirstNameWithDynasty] de [Root.PrimaryTitle.GetName] declaró una guerra de emancipación a [From.GetTitledFirstNameWithNick], con el fin de acabar con la esclavitud en [Prev.GetName].;;;;;;;;;x
CHRONICLE_WAR_EMANCIPATION_ATTACKER_LIEGE;[This.GetTitledFirstNameNoRegnal]'s liege, [Root.GetTitledFirstNameWithNick], declared a war of emancipation against [From.GetTitledFirstNameWithDynasty] of [From.PrimaryTitle.GetName], with the stated aim of ending slavery in [Prev.GetName].;Le(a) suzerain(e) de [This.GetTitledFirstNameNoRegnal], [Root.GetTitledFirstNameWithNick], déclara une guerre d’émancipation à [From.GetTitledFirstNameWithDynasty] de [From.PrimaryTitle.GetName], afin de mettre un terme à l’esclavage en [Prev.GetName].;[From.GetTitledName] zog gegen [Prev.GetTitledName] in den Krieg.;;El Señor de [This.GetTitledFirstNameNoRegnal], [Root.GetTitledFirstNameWithNick], declaró una guerra de emancipación a [From.GetTitledFirstNameWithDynasty] de [From.PrimaryTitle.GetName], con el fin de acabar con la esclavitud en [Prev.GetName].;;;;;;;;;x
CHRONICLE_WAR_EMANCIPATION_DEFENDER_LIEGE;[Root.GetTitledFirstNameWithDynasty] of [Root.PrimaryTitle.GetName] declared a war of emancipation against [This.GetTitledFirstNameNoRegnal]'s liege [From.GetTitledFirstNameWithNick], with the stated aim of ending slavery in [Prev.GetName].;[Root.GetTitledFirstNameWithDynasty] de [Root.PrimaryTitle.GetName] déclara une guerre d’émancipation au(à la) suzerain(e) de[This.GetTitledFirstNameNoRegnal] [From.GetTitledFirstNameWithNick], afin de mettre un terme à l’esclavage en [Prev.GetName].;[From.GetTitledName] zog gegen [Prev.GetTitledName] in den Krieg.;;[Root.GetTitledFirstNameWithDynasty] de [Root.PrimaryTitle.GetName] declaró una guerra de emancipación al Señor de [This.GetTitledFirstNameNoRegnal] [From.GetTitledFirstNameWithNick], con el fin de acabar con la esclavitud en [Prev.GetName].;;;;;;;;;x
CHRONICLE_WAR_ENSLAVEMENT_ATTACKER;[Root.GetTitledFirstNameWithNick] declared a war of enslavement against [From.GetTitledFirstNameWithDynasty] of [From.PrimaryTitle.GetName], with the stated aim of restoring slavery in [Prev.GetName], putting all freed slaves back into bondage.;[Root.GetTitledFirstNameWithNick] déclara une guerre d’asservissement à [From.GetTitledFirstNameWithDynasty] de [From.PrimaryTitle.GetName], afin de restaurer l’esclavage en [Prev.GetName] et remettre leurs chaînes aux esclaves.;[From.GetTitledName] zog gegen [Prev.GetTitledName] in den Krieg.;;[Root.GetTitledFirstNameWithNick] declaró una guerra de esclavización a [From.GetTitledFirstNameWithDynasty] de [From.PrimaryTitle.GetName], con el fin de restaurar el esclavismo en [Prev.GetName] y poner cadenas a los esclavos.;;;;;;;;;x
CHRONICLE_WAR_ENSLAVEMENT_DEFENDER;[Root.GetTitledFirstNameWithDynasty] of [Root.PrimaryTitle.GetName] declared a war of enslavement against [From.GetTitledFirstNameWithNick], with the stated aim of restoring slavery in [Prev.GetName], putting all freed slaves back into bondage.;[Root.GetTitledFirstNameWithDynasty] de [Root.PrimaryTitle.GetName] déclara une guerre d’asservissement à [From.GetTitledFirstNameWithNick], afin de restaurer l’esclavage en [Prev.GetName] et remettre leurs chaînes aux esclaves.;[From.GetTitledName] zog gegen [Prev.GetTitledName] in den Krieg.;;[Root.GetTitledFirstNameWithDynasty] de [Root.PrimaryTitle.GetName] declaró una guerra de esclavización a [From.GetTitledFirstNameWithNick], con el fin de restaurar el esclavismo en [Prev.GetName] y poner cadenas a los esclavos.;;;;;;;;;x
CHRONICLE_WAR_ENSLAVEMENT_ATTACKER_LIEGE;[This.GetTitledFirstNameNoRegnal]'s liege, [Root.GetTitledFirstNameWithNick], declared a war of enslavement against [From.GetTitledFirstNameWithDynasty] of [From.PrimaryTitle.GetName], with the stated aim of restoring slavery in [Prev.GetName], putting all freed slaves back into bondage.;Le(a) suzerain(e) de [This.GetTitledFirstNameNoRegnal], [Root.GetTitledFirstNameWithNick], déclara une guerre d’asservissement à [From.GetTitledFirstNameWithDynasty] de [From.PrimaryTitle.GetName], afin de restaurer l’esclavage en [Prev.GetName] et remettre leurs chaînes aux esclaves.;[From.GetTitledName] zog gegen [Prev.GetTitledName] in den Krieg.;;El Señor de [This.GetTitledFirstNameNoRegnal], [Root.GetTitledFirstNameWithNick], declaró una guerra de esclavización a [From.GetTitledFirstNameWithDynasty] de [From.PrimaryTitle.GetName], con el fin de restaurar el esclavismo en [Prev.GetName] y poner cadenas a los esclavos.;;;;;;;;;x
CHRONICLE_WAR_ENSLAVEMENT_DEFENDER_LIEGE;[Root.GetTitledFirstNameWithDynasty] of [Root.PrimaryTitle.GetName] declared a war of enslavement against [This.GetTitledFirstNameNoRegnal]'s liege [From.GetTitledFirstNameWithNick], with the stated aim of restoring slavery in [Prev.GetName], putting all freed slaves back into bondage.;[Root.GetTitledFirstNameWithDynasty] de [Root.PrimaryTitle.GetName] ], déclara une guerre d’asservissement au(à la) suzerain(e) de [This.GetTitledFirstNameNoRegnal] [From.GetTitledFirstNameWithNick], afin de restaurer l’esclavage en [Prev.GetName] et remettre leurs chaînes aux esclaves.;[From.GetTitledName] zog gegen [Prev.GetTitledName] in den Krieg.;;[Root.GetTitledFirstNameWithDynasty] de [Root.PrimaryTitle.GetName] ], declaró una guerra de esclavización al Señor de [This.GetTitledFirstNameNoRegnal] [From.GetTitledFirstNameWithNick], con el fin de restaurar el esclavismo en [Prev.GetName] y poner cadenas a los esclavos.;;;;;;;;;x
CHRONICLE_WAR_CLAIM_ATTACKER;[Root.GetTitledFirstNameWithNick] declared war against [From.GetTitledFirstNameWithDynasty] of [From.PrimaryTitle.GetName], pressing [Root.GetHerHis] claim to [Prev.GetName].;[Root.GetTitledFirstNameWithNick] déclara la guerre à [From.GetTitledFirstNameWithDynasty] de [From.PrimaryTitle.GetName], fasisant valoir sa revendication sur [Prev.GetName].;[From.GetTitledName] zog gegen [Prev.GetTitledName] in den Krieg.;;[Root.GetTitledFirstNameWithNick] declaró la guerra a [From.GetTitledFirstNameWithDynasty] de [From.PrimaryTitle.GetName], utilizando su reclamación al [Prev.GetName].;;;;;;;;;x
CHRONICLE_WAR_CLAIM_DEFENDER;[Root.GetTitledFirstNameWithDynasty] of [Root.PrimaryTitle.GetName] declared war against [From.GetTitledFirstNameWithNick], pressing [Root.GetHerHis] claim to [Prev.GetName].;[Root.GetTitledFirstNameWithDynasty] of [Root.PrimaryTitle.GetName] déclara la guerre à [From.GetTitledFirstNameWithNick],faisant valoir sa revendication sur [Prev.GetName].;[From.GetTitledName] zog gegen [Prev.GetTitledName] in den Krieg.;;[Root.GetTitledFirstNameWithDynasty] de [Root.PrimaryTitle.GetName] declaró la guerra a [From.GetTitledFirstNameWithNick], utilizando su reclamación al [Prev.GetName].;;;;;;;;;x
CHRONICLE_WAR_CLAIM_ATTACKER_LIEGE;[This.GetTitledFirstNameNoRegnal]'s liege, [Root.GetTitledFirstNameWithNick], declared war against [From.GetTitledFirstNameWithDynasty] of [From.PrimaryTitle.GetName], pressing [Root.GetHerHis] claim to [Prev.GetName].;Le(a) suzerain(e) de [This.GetTitledFirstNameNoRegnal], [Root.GetTitledFirstNameWithNick], déclara la guerre à [From.GetTitledFirstNameWithDynasty] de [From.PrimaryTitle.GetName], appuyant sa revendication sur [Prev.GetName].;[From.GetTitledName] zog gegen [Prev.GetTitledName] in den Krieg.;;El Señor de [This.GetTitledFirstNameNoRegnal], [Root.GetTitledFirstNameWithNick], declaró la guerra a [From.GetTitledFirstNameWithDynasty] de [From.PrimaryTitle.GetName], utilizando su reclamación al [Prev.GetName].;;;;;;;;;x
CHRONICLE_WAR_CLAIM_DEFENDER_LIEGE;[Root.GetTitledFirstNameWithDynasty] of [Root.PrimaryTitle.GetName] declared war against [This.GetTitledFirstNameNoRegnal]'s liege [From.GetTitledFirstNameWithNick], pressing [Root.GetHerHis] claim to [Prev.GetName].;[Root.GetTitledFirstNameWithDynasty] de [Root.PrimaryTitle.GetName] déclara la guerre au(à la) suzerain(e) de [This.GetTitledFirstNameNoRegnal] [From.GetTitledFirstNameWithNick], faisant valoir sa revendication sur [Prev.GetName].;[From.GetTitledName] zog gegen [Prev.GetTitledName] in den Krieg.;;[Root.GetTitledFirstNameWithDynasty] de [Root.PrimaryTitle.GetName] declaró la guerra al Señor de [This.GetTitledFirstNameNoRegnal] [From.GetTitledFirstNameWithNick], utilizando su reclamación al [Prev.GetName].;;;;;;;;;x
CHRONICLE_WAR_CLAIM_ALL_ATTACKER;[Root.GetTitledFirstNameWithNick] declared war pressing [Root.GetHerHis] claims against [From.GetTitledFirstNameWithDynasty] of [From.PrimaryTitle.GetName].;[Root.GetTitledFirstNameWithNick] déclencha la guerre en faisant valoir sa revendication contre [From.GetTitledFirstNameWithDynasty] de [From.PrimaryTitle.GetName].;[From.GetTitledName] zog gegen [Prev.GetTitledName] in den Krieg.;;[Root.GetTitledFirstNameWithNick] declaró la guerra utilizando su reclamación contra [From.GetTitledFirstNameWithDynasty] de [From.PrimaryTitle.GetName].;;;;;;;;;x
CHRONICLE_WAR_CLAIM_ALL_DEFENDER;[Root.GetTitledFirstNameWithDynasty] of [Root.PrimaryTitle.GetName] declared war pressing [Root.GetHerHis] claims against [From.GetTitledFirstNameWithNick].;[Root.GetTitledFirstNameWithDynasty] de [Root.PrimaryTitle.GetName] déclencha la guerre en faisant valoir sa revendication contre [From.GetTitledFirstNameWithNick].;[From.GetTitledName] zog gegen [Prev.GetTitledName] in den Krieg.;;[Root.GetTitledFirstNameWithDynasty] de [Root.PrimaryTitle.GetName] declaró la guerra utilizando su reclamación contra [From.GetTitledFirstNameWithNick].;;;;;;;;;x
CHRONICLE_WAR_CLAIM_ALL_ATTACKER_LIEGE;[This.GetTitledFirstNameNoRegnal]'s liege, [Root.GetTitledFirstNameWithNick], declared war pressing [Root.GetHerHis] claims against [From.GetTitledFirstNameWithDynasty] of [From.PrimaryTitle.GetName].;Le(a) suzerain(e) de [This.GetTitledFirstNameNoRegnal], [Root.GetTitledFirstNameWithNick], déclencha la guerre en faisant valoir sa revendication contre [From.GetTitledFirstNameWithDynasty] de [From.PrimaryTitle.GetName].;[From.GetTitledName] zog gegen [Prev.GetTitledName] in den Krieg.;;El Señor de [This.GetTitledFirstNameNoRegnal], [Root.GetTitledFirstNameWithNick], declaró la guerra utilizando su reclamación contra [From.GetTitledFirstNameWithDynasty] de [From.PrimaryTitle.GetName].;;;;;;;;;x
CHRONICLE_WAR_CLAIM_ALL_DEFENDER_LIEGE;[Root.GetTitledFirstNameWithDynasty] of [Root.PrimaryTitle.GetName] declared war pressing [Root.GetHerHis] claims against [This.GetTitledFirstNameNoRegnal]'s liege [From.GetTitledFirstNameWithNick].;[Root.GetTitledFirstNameWithDynasty] de [Root.PrimaryTitle.GetName] déclencha la guerre en faisant valoir sa revendication contre le(a) suzerain(e) de [This.GetTitledFirstNameNoRegnal] [From.GetTitledFirstNameWithNick].;[From.GetTitledName] zog gegen [Prev.GetTitledName] in den Krieg.;;[Root.GetTitledFirstNameWithDynasty] de [Root.PrimaryTitle.GetName] declaró la guerra utilizando su reclamación contra el Señor de [This.GetTitledFirstNameNoRegnal] [From.GetTitledFirstNameWithNick].;;;;;;;;;x
CHRONICLE_WAR_SENIORITY_ATTACKER;[From.PrimaryTitle.GetName] fell into civil war, as [From.GetTitledFirstNameWithDynasty] refused [Root.GetTitledFirstNameWithNick]'s ultimatum demanding succession by seniority in [Prev.GetName].;[From.PrimaryTitle.GetName] sombra dans la guerre civile, quand [From.GetTitledFirstNameWithDynasty] refusa l’ultimatum de [Root.GetTitledFirstNameWithNick] réclamant la succession par séniorité en [Prev.GetName].;[From.GetTitledName] zog gegen [Prev.GetTitledName] in den Krieg.;;[From.PrimaryTitle.GetName] cayó en una guerra civil, cuando [From.GetTitledFirstNameWithDynasty] rechazó el ultimátum de [Root.GetTitledFirstNameWithNick] reclamando la sucesión por Antigüedad en [Prev.GetName].;;;;;;;;;x
CHRONICLE_WAR_SENIORITY_DEFENDER;[From.PrimaryTitle.GetName] fell into civil war, as [From.GetTitledFirstNameWithNick] refused [Root.GetTitledFirstNameWithDynasty]'s ultimatum demanding succession by seniority in [Prev.GetName].;[From.PrimaryTitle.GetName] sombra dans la guerre civile, quand [From.GetTitledFirstNameWithNick] refusa l’ultimatum de [Root.GetTitledFirstNameWithDynasty] réclamant la succession par séniorité en [Prev.GetName].;[From.GetTitledName] zog gegen [Prev.GetTitledName] in den Krieg.;;[From.PrimaryTitle.GetName] cayó en una guerra civil, cuando [From.GetTitledFirstNameWithNick] rechazó el ultimátum de [Root.GetTitledFirstNameWithDynasty] reclamando la sucesión por Antigüedad en [Prev.GetName].;;;;;;;;;x
CHRONICLE_WAR_SENIORITY_ATTACKER_LIEGE;[From.PrimaryTitle.GetName] fell into civil war, as [From.GetTitledFirstNameWithDynasty] refused the ultimatum of [This.GetTitledFirstNameNoRegnal]'s liege [Root.GetTitledFirstNameWithNick], demanding succession by seniority in [Prev.GetName].;[From.PrimaryTitle.GetName sombra dans la guerre civile, quand [From.GetTitledFirstNameWithDynasty] refusa l’ultimatum du(e la) suzerain(e) de [This.GetTitledFirstNameNoRegnal] [Root.GetTitledFirstNameWithNick] réclamant la succession par séniorité en [Prev.GetName].;[From.GetTitledName] zog gegen [Prev.GetTitledName] in den Krieg.;;[From.PrimaryTitle.GetName] cayó en una guerra civil, cuando [From.GetTitledFirstNameWithDynasty] rechazó el ultimátum del Señor de [This.GetTitledFirstNameNoRegnal] [Root.GetTitledFirstNameWithNick] reclamando la sucesión por Antigüedad en [Prev.GetName].;;;;;;;;;x
CHRONICLE_WAR_SENIORITY_DEFENDER_LIEGE;[From.PrimaryTitle.GetName] fell into civil war, as [This.GetTitledFirstNameNoRegnal]'s liege, [From.GetTitledFirstNameWithNick], refused [Root.GetTitledFirstNameWithDynasty]'s ultimatum demanding succession by seniority in [Prev.GetName].;[From.PrimaryTitle.GetName] sombra dans la guerre civile, quand le(a) suzerain(e) de [This.GetTitledFirstNameNoRegnal], [From.GetTitledFirstNameWithNick], refusa l’ultimatum de [Root.GetTitledFirstNameWithDynasty] réclamant la succession par séniorité en [Prev.GetName].;[From.GetTitledName] zog gegen [Prev.GetTitledName] in den Krieg.;;[From.PrimaryTitle.GetName] cayó en una guerra civil, cuando el Señor de [This.GetTitledFirstNameNoRegnal], [From.GetTitledFirstNameWithNick], rechazó el ultimátum de [Root.GetTitledFirstNameWithDynasty] reclamando la sucesión por Antigüedad en [Prev.GetName].;;;;;;;;;x
CHRONICLE_WAR_PRIMOGENITURE_ATTACKER;[From.PrimaryTitle.GetName] fell into civil war, as [From.GetTitledFirstNameWithDynasty] refused [Root.GetTitledFirstNameWithNick]'s ultimatum demanding succession by primogeniture in [Prev.GetName].;[From.PrimaryTitle.GetName] sombra dans la guerre civile, quand [From.GetTitledFirstNameWithDynasty] refusa l’ultimatum de [Root.GetTitledFirstNameWithNick] réclamant la succession par primogéniture en [Prev.GetName].;[From.GetTitledName] zog gegen [Prev.GetTitledName] in den Krieg.;;[From.PrimaryTitle.GetName] cayó en una guerra civil, cuando [From.GetTitledFirstNameWithDynasty] rechazó el ultimátum de [Root.GetTitledFirstNameWithNick] reclamando la sucesión por Primogenitura en [Prev.GetName].;;;;;;;;;x
CHRONICLE_WAR_PRIMOGENITURE_DEFENDER;[From.PrimaryTitle.GetName] fell into civil war, as [From.GetTitledFirstNameWithNick] refused [Root.GetTitledFirstNameWithDynasty]'s ultimatum demanding succession by primogeniture in [Prev.GetName].;[From.PrimaryTitle.GetName sombra dans la guerre civile, quand [From.GetTitledFirstNameWithDynasty] refusa l’ultimatum du(e la) suzerain(e) de [This.GetTitledFirstNameNoRegnal] [Root.GetTitledFirstNameWithNick] réclamant la succession par primogéniture en [Prev.GetName].;[From.GetTitledName] zog gegen [Prev.GetTitledName] in den Krieg.;;[From.PrimaryTitle.GetName] cayó en una guerra civil, cuando [From.GetTitledFirstNameWithDynasty] rechazó el ultimátum del Señor de [This.GetTitledFirstNameNoRegnal] [Root.GetTitledFirstNameWithNick] reclamando la sucesión por Primogenitura en [Prev.GetName].;;;;;;;;;x
CHRONICLE_WAR_PRIMOGENITURE_ATTACKER_LIEGE;[From.PrimaryTitle.GetName] fell into civil war, as [From.GetTitledFirstNameWithDynasty] refused the ultimatum of [This.GetTitledFirstNameNoRegnal]'s liege [Root.GetTitledFirstNameWithNick], demanding succession by primogeniture in [Prev.GetName].;[From.GetTitledName] a fait la guerre Ã  [Prev.GetTitledName].;[From.GetTitledName] zog gegen [Prev.GetTitledName] in den Krieg.;;[From.PrimaryTitle.GetName] cayó en una guerra civil, cuando [From.GetTitledFirstNameWithDynasty] rechazó el ultimátum del Señor de [This.GetTitledFirstNameNoRegnal] [Root.GetTitledFirstNameWithNick], reclamando la sucesión por Primogenitura en [Prev.GetName].;;;;;;;;;x
CHRONICLE_WAR_PRIMOGENITURE_DEFENDER_LIEGE;[From.PrimaryTitle.GetName] fell into civil war, as [This.GetTitledFirstNameNoRegnal]'s liege, [From.GetTitledFirstNameWithNick], refused [Root.GetTitledFirstNameWithDynasty]'s ultimatum demanding succession by primogeniture in [Prev.GetName].;[From.PrimaryTitle.GetName] sombra dans la guerre civile, quand le(a) suzerain(e) de [This.GetTitledFirstNameNoRegnal], [From.GetTitledFirstNameWithNick], refusa l’ultimatum de [Root.GetTitledFirstNameWithDynasty] réclamant la succession par primogéniture en [Prev.GetName].;[From.GetTitledName] zog gegen [Prev.GetTitledName] in den Krieg.;;[From.PrimaryTitle.GetName] cayó en una guerra civil, cuando el Señor de [This.GetTitledFirstNameNoRegnal], [From.GetTitledFirstNameWithNick], rechazó el ultimátum de [Root.GetTitledFirstNameWithDynasty] reclamando la sucesión por Primogenitura en [Prev.GetName].;;;;;;;;;x
CHRONICLE_WAR_FEUDAL_ELECTIVE_ATTACKER;[From.PrimaryTitle.GetName] fell into civil war, as [From.GetTitledFirstNameWithDynasty] refused [Root.GetTitledFirstNameWithNick]'s ultimatum demanding elective succession in [Prev.GetName].;[From.PrimaryTitle.GetName] sombra dans la guerre civile, quand [From.GetTitledFirstNameWithDynasty] refusa l’ultimatum de [Root.GetTitledFirstNameWithNick] réclamant la succession élective en [Prev.GetName].;[From.GetTitledName] zog gegen [Prev.GetTitledName] in den Krieg.;;[From.PrimaryTitle.GetName] cayó en una guerra civil, cuando [From.GetTitledFirstNameWithDynasty] rechazó el ultimátum de [Root.GetTitledFirstNameWithNick] reclamando la sucesión Electiva en [Prev.GetName].;;;;;;;;;x
CHRONICLE_WAR_FEUDAL_ELECTIVE_DEFENDER;[From.PrimaryTitle.GetName] fell into civil war, as [From.GetTitledFirstNameWithNick] refused [Root.GetTitledFirstNameWithDynasty]'s ultimatum demanding elective succession in [Prev.GetName].;[From.PrimaryTitle.GetName] sombra dans la guerre civile, quand [From.GetTitledFirstNameWithNick] refusa l’ultimatum de [Root.GetTitledFirstNameWithDynasty] réclamant la succession élective en [Prev.GetName].;[From.GetTitledName] zog gegen [Prev.GetTitledName] in den Krieg.;;[From.PrimaryTitle.GetName] cayó en una guerra civil, cuando [From.GetTitledFirstNameWithNick] rechazó el ultimátum de [Root.GetTitledFirstNameWithDynasty] reclamando la sucesión Electiva en [Prev.GetName].;;;;;;;;;x
CHRONICLE_WAR_FEUDAL_ELECTIVE_ATTACKER_LIEGE;[From.PrimaryTitle.GetName] fell into civil war, as [From.GetTitledFirstNameWithDynasty] refused the ultimatum of [This.GetTitledFirstNameNoRegnal]'s liege [Root.GetTitledFirstNameWithNick], demanding elective succession in [Prev.GetName].;[From.PrimaryTitle.GetName sombra dans la guerre civile, quand [From.GetTitledFirstNameWithDynasty] refusa l’ultimatum du(e la) suzerain(e) de [This.GetTitledFirstNameNoRegnal] [Root.GetTitledFirstNameWithNick] réclamant la succession élective en [Prev.GetName].;[From.GetTitledName] zog gegen [Prev.GetTitledName] in den Krieg.;;[From.PrimaryTitle.GetName] cayó en una guerra civil, cuando [From.GetTitledFirstNameWithDynasty] rechazó el ultimátum del Señor de [This.GetTitledFirstNameNoRegnal] [Root.GetTitledFirstNameWithNick] reclamando la sucesión Electiva en [Prev.GetName].;;;;;;;;;x
CHRONICLE_WAR_FEUDAL_ELECTIVE_DEFENDER_LIEGE;[From.PrimaryTitle.GetName] fell into civil war, as [This.GetTitledFirstNameNoRegnal]'s liege, [From.GetTitledFirstNameWithNick], refused [Root.GetTitledFirstNameWithDynasty]'s ultimatum demanding elective succession in [Prev.GetName].;[From.PrimaryTitle.GetName] sombra dans la guerre civile, quand le(a) suzerain(e) de [This.GetTitledFirstNameNoRegnal], [From.GetTitledFirstNameWithNick], refusa l’ultimatum de [Root.GetTitledFirstNameWithDynasty] réclamant la succession élective en [Prev.GetName].;[From.GetTitledName] zog gegen [Prev.GetTitledName] in den Krieg.;;[From.PrimaryTitle.GetName] cayó en una guerra civil, cuando el Señor de [This.GetTitledFirstNameNoRegnal], [From.GetTitledFirstNameWithNick], rechazó el ultimátum de [Root.GetTitledFirstNameWithDynasty] reclamando la sucesión Electiva en [Prev.GetName].;;;;;;;;;x
CHRONICLE_WAR_EXCOMMUNICATION_ATTACKER;[Root.GetTitledFirstNameWithNick] declared war against [From.GetTitledFirstNameWithDynasty] of [From.PrimaryTitle.GetName], using [From.GetHerHis] status as an anathema of the faith to force [From.GetTitledFirstNameNoRegnal]'s exile.;[Root.GetTitledFirstNameWithNick] déclara la guerre à [From.GetTitledFirstNameWithDynasty] de [From.PrimaryTitle.GetName], usant de son statut d’anathème pour forcer l’exil de [From.GetTitledFirstNameNoRegnal].;[From.GetTitledName] zog gegen [Prev.GetTitledName] in den Krieg.;;[Root.GetTitledFirstNameWithNick] declaró la guerra a [From.GetTitledFirstNameWithDynasty] de [From.PrimaryTitle.GetName], empleando su estatus como hereje para forzar el exilio de [From.GetTitledFirstNameNoRegnal].;;;;;;;;;x
CHRONICLE_WAR_EXCOMMUNICATION_DEFENDER;[Root.GetTitledFirstNameWithDynasty] of [Root.PrimaryTitle.GetName] declared war against [From.GetTitledFirstNameWithNick], using [From.GetHerHis] status as an anathema of the faith to force [From.GetTitledFirstNameNoRegnal]'s exile.;[Root.GetTitledFirstNameWithDynasty] de [Root.PrimaryTitle.GetName] déclara la guerre à [From.GetTitledFirstNameWithNick], usant de son statut d’anathème pour forcer l’exil de [From.GetTitledFirstNameNoRegnal].;[From.GetTitledName] zog gegen [Prev.GetTitledName] in den Krieg.;;[Root.GetTitledFirstNameWithDynasty] de [Root.PrimaryTitle.GetName] declaró la guerra a [From.GetTitledFirstNameWithNick], empleando su estatus como hereje para forzar el exilio de [From.GetTitledFirstNameNoRegnal].;;;;;;;;;x
CHRONICLE_WAR_EXCOMMUNICATION_ATTACKER_LIEGE;[This.GetTitledFirstNameNoRegnal]'s liege, [Root.GetTitledFirstNameWithNick], declared war claims against [From.GetTitledFirstNameWithDynasty] of [From.PrimaryTitle.GetName], using [From.GetHerHis] status as an anathema of the faith to force [From.GetTitledFirstNameNoRegnal]'s exile.;Le(a) suzerain(e) de [This.GetTitledFirstNameNoRegnal], [Root.GetTitledFirstNameWithNick], déclara la guerre à [From.GetTitledFirstNameWithDynasty] de [From.PrimaryTitle.GetName], usant de son statut d’anathème pour forcer l’exil de [From.GetTitledFirstNameNoRegnal].;[From.GetTitledName] zog gegen [Prev.GetTitledName] in den Krieg.;;El Señor de [This.GetTitledFirstNameNoRegnal], [Root.GetTitledFirstNameWithNick], declaró la guerra a [From.GetTitledFirstNameWithDynasty] de [From.PrimaryTitle.GetName], empleando su estatus como hereje para forzar el exilio de [From.GetTitledFirstNameNoRegnal].;;;;;;;;;x
CHRONICLE_WAR_EXCOMMUNICATION_DEFENDER_LIEGE;[Root.GetTitledFirstNameWithDynasty] of [Root.PrimaryTitle.GetName] declared war against [This.GetTitledFirstNameNoRegnal]'s liege [From.GetTitledFirstNameWithNick], using [From.GetHerHis] status as an anathema of the faith to force [From.GetTitledFirstNameNoRegnal]'s exile.;[Root.GetTitledFirstNameWithDynasty] de [Root.PrimaryTitle.GetName] déclara la guerre au(à la) suzerain(e) de [This.GetTitledFirstNameNoRegnal] [From.GetTitledFirstNameWithNick], usant de son statut d’anathème pour forcer l’exil de [From.GetTitledFirstNameNoRegnal].;[From.GetTitledName] zog gegen [Prev.GetTitledName] in den Krieg.;;[Root.GetTitledFirstNameWithDynasty] de [Root.PrimaryTitle.GetName] declaró la guerra al Señor de [This.GetTitledFirstNameNoRegnal] [From.GetTitledFirstNameWithNick], empleando su estatus como hereje para forzar el exilio de [From.GetTitledFirstNameNoRegnal].;;;;;;;;;x
CHRONICLE_WAR_INDEPENDENCE_ATTACKER;[Root.GetTitledFirstNameWithNick] declared independence from [From.GetTitledFirstNameWithDynasty] of [From.PrimaryTitle.GetName], renouncing [From.GetHerHim] as [Root.GetHerHis] liege and declaring war.;[Root.GetTitledFirstNameWithNick] déclara son indépendance envers [From.GetTitledFirstNameWithDynasty] de [From.PrimaryTitle.GetName], renonçant à le(a) reconnaître comme [Root.GetHerHis] suzerain(e) au prix d’une guerre.;[From.GetTitledName] zog gegen [Prev.GetTitledName] in den Krieg.;;[Root.GetTitledFirstNameWithNick] declaró su independecia de [From.GetTitledFirstNameWithDynasty] de [From.PrimaryTitle.GetName], renunciando a reconocerle como Señor, declarándole la guerra.;;;;;;;;;x
CHRONICLE_WAR_INDEPENDENCE_DEFENDER;[Root.GetTitledFirstNameWithDynasty] of [Root.PrimaryTitle.GetName] declared independence from [From.GetTitledFirstNameWithNick], renouncing [From.GetHerHim] as [Root.GetHerHis] liege and declaring war.;[Root.GetTitledFirstNameWithDynasty] de [Root.PrimaryTitle.GetName] déclara son indépendance envers [From.GetTitledFirstNameWithNick], renonçant à le(a) reconnaître comme [Root.GetHerHis] suzerain(e) au prix d’une guerre.;[From.GetTitledName] zog gegen [Prev.GetTitledName] in den Krieg.;;[Root.GetTitledFirstNameWithDynasty] de [Root.PrimaryTitle.GetName] declaró su independecia de [From.GetTitledFirstNameWithNick], renunciando a reconocerle como Señor, declarándole la guerra.;;;;;;;;;x
CHRONICLE_WAR_INDEPENDENCE_ATTACKER_LIEGE;[This.GetTitledFirstNameNoRegnal]'s liege, [Root.GetTitledFirstNameWithNick], declared independence from [From.GetTitledFirstNameWithDynasty] renouncing [From.GetHerHim] as [Root.GetHerHis] liege and declaring war.;Le(a) suzerain de [This.GetTitledFirstNameNoRegnal], [Root.GetTitledFirstNameWithNick], déclara son indépendance envers [From.GetTitledFirstNameWithDynasty], renonçant à le(a) reconnaître comme [Root.GetHerHis] suzerain(e) au prix d’une guerre.;[From.GetTitledName] zog gegen [Prev.GetTitledName] in den Krieg.;;El Señor de [This.GetTitledFirstNameNoRegnal], [Root.GetTitledFirstNameWithNick], declaró su independecia de [From.GetTitledFirstNameWithDynasty], renunciando a reconocerle como Señor, declarándole la guerra.;;;;;;;;;x
CHRONICLE_WAR_INDEPENDENCE_DEFENDER_LIEGE;[Root.GetTitledFirstNameWithDynasty] of [Root.PrimaryTitle.GetName] declared independence from [This.GetTitledFirstNameNoRegnal]'s liege [From.GetTitledFirstNameWithNick], renouncing [From.GetHerHim] as [Root.GetHerHis] liege and declaring war.;[Root.GetTitledFirstNameWithDynasty] de [Root.PrimaryTitle.GetName] déclara son indépendance envers le(a) suzerain(e) de [This.GetTitledFirstNameNoRegnal] [From.GetTitledFirstNameWithNick], renonçant à le(a) reconnaître comme [Root.GetHerHis] suzerain(e) au prix d’une guerre.;[From.GetTitledName] zog gegen [Prev.GetTitledName] in den Krieg.;;[Root.GetTitledFirstNameWithDynasty] de [Root.PrimaryTitle.GetName] declaró su independecia del Señor de [This.GetTitledFirstNameNoRegnal] [From.GetTitledFirstNameWithNick], renunciando a reconocerle como Señor, declarándole la guerra.;;;;;;;;;x
CHRONICLE_WAR_REVOLT_ATTACKER;[Root.GetTitledFirstNameWithNick] revolted against [From.GetTitledFirstNameWithDynasty] of [From.PrimaryTitle.GetName], renouncing [From.GetHerHim] as [Root.GetHerHis] liege and declaring war with the aim of deposing the [From.GetTitle].;[Root.GetTitledFirstNameWithNick] se révolta contre [From.GetTitledFirstNameWithDynasty] de [From.PrimaryTitle.GetName], renonçant à le(a) reconnaître comme [Root.GetHerHis] suzerain(e) et déclenchant une guerre afin de déposer le(a) [From.GetTitle].;[From.GetTitledName] zog gegen [Prev.GetTitledName] in den Krieg.;;[Root.GetTitledFirstNameWithNick] se rebeló contra [From.GetTitledFirstNameWithDynasty] de [From.PrimaryTitle.GetName], renunciando a reconocerle como Señor y declarando la guerra para deponer al [From.GetTitle].;;;;;;;;;x
CHRONICLE_WAR_REVOLT_DEFENDER;[Root.GetTitledFirstNameWithDynasty] of [Root.PrimaryTitle.GetName] revolted against [From.GetTitledFirstNameWithNick], renouncing [From.GetHerHim] as [Root.GetHerHis] liege and declaring war with the aim of deposing the [From.GetTitle].;[Root.GetTitledFirstNameWithDynasty] de [Root.PrimaryTitle.GetName] se révolta contre [From.GetTitledFirstNameWithNick], renonçant à le(a) reconnaître comme [Root.GetHerHis] suzerain(e) et déclenchant une guerre afin de déposer le(a) [From.GetTitle].;[From.GetTitledName] zog gegen [Prev.GetTitledName] in den Krieg.;;[Root.GetTitledFirstNameWithDynasty] de [Root.PrimaryTitle.GetName] se rebeló contra [From.GetTitledFirstNameWithNick], renunciando a reconocerle como Señor y declarando la guerra para deponer al [From.GetTitle].;;;;;;;;;x
CHRONICLE_WAR_REVOLT_ATTACKER_LIEGE;[This.GetTitledFirstNameNoRegnal]'s liege, [Root.GetTitledFirstNameWithNick],  revolted against [From.GetTitledFirstNameWithDynasty], renouncing [From.GetHerHim] as [Root.GetHerHis] liege and declaring war with the aim of deposing the [From.GetTitle].;Le(a) suzerain(e) de [This.GetTitledFirstNameNoRegnal], [Root.GetTitledFirstNameWithNick], se révolta contre [From.GetTitledFirstNameWithDynasty], renonçant à le(a) reconnaître comme [Root.GetHerHis] suzerain(e) et déclenchant une guerre afin de déposer le(a) [From.GetTitle]. ;[From.GetTitledName] zog gegen [Prev.GetTitledName] in den Krieg.;;El Señor de [This.GetTitledFirstNameNoRegnal], [Root.GetTitledFirstNameWithNick], se rebeló contra [From.GetTitledFirstNameWithDynasty], renunciando a reconocerle como Señor y declarando la guerra para deponer al [From.GetTitle].;;;;;;;;;x
CHRONICLE_WAR_REVOLT_DEFENDER_LIEGE;[Root.GetTitledFirstNameWithDynasty] of [Root.PrimaryTitle.GetName]  revolted against [This.GetTitledFirstNameNoRegnal]'s liege [From.GetTitledFirstNameWithNick],  renouncing [From.GetHerHim] as [Root.GetHerHis] liege and declaring war with the aim of deposing the [From.GetTitle].;[Root.GetTitledFirstNameWithDynasty] de [Root.PrimaryTitle.GetName] se révolta contre le(a) suzerain(e) de [This.GetTitledFirstNameNoRegnal], [From.GetTitledFirstNameWithNick], renonçant à le(a) reconnaître comme [Root.GetHerHis] suzerain(e) et déclenchant une guerre afin de déposer le(a) [From.GetTitle].;[From.GetTitledName] zog gegen [Prev.GetTitledName] in den Krieg.;;[Root.GetTitledFirstNameWithDynasty] de [Root.PrimaryTitle.GetName] se rebeló contra el Señor de [This.GetTitledFirstNameNoRegnal], [From.GetTitledFirstNameWithNick], renunciando a reconocerle como Señor y declarando la guerra para deponer al [From.GetTitle].;;;;;;;;;x
CHRONICLE_WAR_CA_ATTACKER;[From.PrimaryTitle.GetName] fell into civil war, as [From.GetTitledFirstNameWithDynasty] refused [Root.GetTitledFirstNameWithNick]'s ultimatum demanding the curtailing of the [From.GetTitle]'s power [Prev.GetName].;[From.PrimaryTitle.GetName] sombra dans la guerre civile, quand [From.GetTitledFirstNameWithDynasty] refusa l’ultimatum de [Root.GetTitledFirstNameWithNick] réclamant la réduction du pouvoir du(e la) [From.GetTitle] [Prev.GetName].;[From.GetTitledName] zog gegen [Prev.GetTitledName] in den Krieg.;;[From.PrimaryTitle.GetName] cayó en una guerra civil, cuando [From.GetTitledFirstNameWithDynasty] rechazó el ultimátum de [Root.GetTitledFirstNameWithNick] reclamando la reducción de la autoridad de [From.GetTitle] [Prev.GetName].;;;;;;;;;x
CHRONICLE_WAR_CA_DEFENDER;[From.PrimaryTitle.GetName] fell into civil war, as [From.GetTitledFirstNameWithNick] refused [Root.GetTitledFirstNameWithDynasty]'s ultimatum demanding the curtailing of the [From.GetTitle]'s power [Prev.GetName].;[From.PrimaryTitle.GetName] sombra dans la guerre civile, quand [From.GetTitledFirstNameWithNick] refusa l’ultimatum de [Root.GetTitledFirstNameWithDynasty] réclamant la réduction du pouvoir du(e la) [From.GetTitle] [Prev.GetName].;[From.GetTitledName] zog gegen [Prev.GetTitledName] in den Krieg.;;[From.PrimaryTitle.GetName] cayó en una guerra civil, cuando [From.GetTitledFirstNameWithNick] rechazó el ultimátum de [Root.GetTitledFirstNameWithDynasty] reclamando la reducción de la autoridad de [From.GetTitle] [Prev.GetName].;;;;;;;;;x
CHRONICLE_WAR_CA_ATTACKER_LIEGE;[From.PrimaryTitle.GetName] fell into civil war, as [From.GetTitledFirstNameWithDynasty] refused the ultimatum of [This.GetTitledFirstNameNoRegnal]'s liege [Root.GetTitledFirstNameWithNick], demanding the curtailing of the [From.GetTitle]'s power [Prev.GetName].;[From.PrimaryTitle.GetName] sombra dans la guerre civile, quand [From.GetTitledFirstNameWithDynasty] refusa l’ultimatum du(e la) suzerain(e) de [This.GetTitledFirstNameNoRegnal] [Root.GetTitledFirstNameWithNick] réclamant la réduction du pouvoir du(e la) [From.GetTitle] [Prev.GetName].;[From.GetTitledName] zog gegen [Prev.GetTitledName] in den Krieg.;;[From.PrimaryTitle.GetName] cayó en una guerra civil, cuando [From.GetTitledFirstNameWithDynasty] rechazó el ultimátum del Señor de [This.GetTitledFirstNameNoRegnal] [Root.GetTitledFirstNameWithNick] reclamando la reducción de la autoridad de [From.GetTitle] [Prev.GetName].;;;;;;;;;x
CHRONICLE_WAR_CA_DEFENDER_LIEGE;[From.PrimaryTitle.GetName] fell into civil war, as [This.GetTitledFirstNameNoRegnal]'s liege, [From.GetTitledFirstNameWithNick], refused [Root.GetTitledFirstNameWithDynasty]'s ultimatum demanding the curtailing of the [From.GetTitle]'s power [Prev.GetName].;[From.PrimaryTitle.GetName] sombra dans la guerre civile, quand le(a) suzerain(e) de [This.GetTitledFirstNameNoRegnal], [From.GetTitledFirstNameWithNick], refusa l’ultimatum de [Root.GetTitledFirstNameWithDynasty] réclamant la réduction du pouvoir du(e la) [From.GetTitle] [Prev.GetName].;[From.GetTitledName] zog gegen [Prev.GetTitledName] in den Krieg.;;[From.PrimaryTitle.GetName] cayó en una guerra civil, cuando el Señor de [This.GetTitledFirstNameNoRegnal], [From.GetTitledFirstNameWithNick], rechazó el ultimátum de [Root.GetTitledFirstNameWithDynasty] reclamando la reducción de la autoridad de [From.GetTitle] [Prev.GetName].;;;;;;;;;x
CHRONICLE_WAR_EMBARGO_ATTACKER;[Root.GetTitledFirstNameWithNick] declared an embargo war against [From.GetTitledFirstNameWithDynasty] of [From.PrimaryTitle.GetName], expelling all merchants and ships of [From.PrimaryTitle.GetName] from the realm.;[Root.GetTitledFirstNameWithNick] déclara une guerre d’embargo à [From.GetTitledFirstNameWithDynasty] de [From.PrimaryTitle.GetName], expulsant tous les marchands et navires de [From.PrimaryTitle.GetName] du royaume.;[From.GetTitledName] zog gegen [Prev.GetTitledName] in den Krieg.;;[Root.GetTitledFirstNameWithNick] declaró una guerra de embargo a [From.GetTitledFirstNameWithDynasty] de [From.PrimaryTitle.GetName], expulsando a todos los comerciantes y navíos de [From.PrimaryTitle.GetName] del Reino.;;;;;;;;;x
CHRONICLE_WAR_EMBARGO_DEFENDER;[Root.GetTitledFirstNameWithDynasty] of [Root.PrimaryTitle.GetName] declared an embargo war against [From.GetTitledFirstNameWithNick], expelling all merchants and ships of [From.PrimaryTitle.GetName] from the realm.;[Root.GetTitledFirstNameWithDynasty] de [Root.PrimaryTitle.GetName] déclara une guerre d’embargo à [From.GetTitledFirstNameWithNick], expulsant tous les marchands et navires de [From.PrimaryTitle.GetName] du royaume.;[From.GetTitledName] zog gegen [Prev.GetTitledName] in den Krieg.;;[Root.GetTitledFirstNameWithDynasty] de [Root.PrimaryTitle.GetName] declaró una guerra de embargo a [From.GetTitledFirstNameWithNick], expulsando a todos los comerciantes y navíos de [From.PrimaryTitle.GetName] del Reino.;;;;;;;;;x
CHRONICLE_WAR_EMBARGO_ATTACKER_LIEGE;[This.GetTitledFirstNameNoRegnal]'s liege, [Root.GetTitledFirstNameWithNick], declared an embargo war against [From.GetTitledFirstNameWithDynasty], expelling all merchants and ships of [From.PrimaryTitle.GetName] from the realm.;Le(a) suzerain(e) de [This.GetTitledFirstNameNoRegnal], [Root.GetTitledFirstNameWithNick], déclara une guerre d’embargo à [From.GetTitledFirstNameWithDynasty], expulsant tous les marchands et navires de [From.PrimaryTitle.GetName] du royaume.;[From.GetTitledName] zog gegen [Prev.GetTitledName] in den Krieg.;;El Señor de [This.GetTitledFirstNameNoRegnal], [Root.GetTitledFirstNameWithNick], declaró una guerra de embargo a [From.GetTitledFirstNameWithDynasty], expulsando a todos los comerciantes y navíos de [From.PrimaryTitle.GetName] del Reino.;;;;;;;;;x
CHRONICLE_WAR_EMBARGO_DEFENDER_LIEGE;[Root.GetTitledFirstNameWithDynasty] of [Root.PrimaryTitle.GetName] declared an embargo war against [This.GetTitledFirstNameNoRegnal]'s liege [From.GetTitledFirstNameWithNick],   expelling all merchants and ships of [From.PrimaryTitle.GetName] from the realm.;[Root.GetTitledFirstNameWithDynasty] de [Root.PrimaryTitle.GetName] déclara une guerre d’embargo au(à la) suzerain(e) de [This.GetTitledFirstNameNoRegnal] [From.GetTitledFirstNameWithNick], expulsant tous les marchands et navires de [From.PrimaryTitle.GetName] du royaume.;[From.GetTitledName] zog gegen [Prev.GetTitledName] in den Krieg.;;[Root.GetTitledFirstNameWithDynasty] de [Root.PrimaryTitle.GetName] declaró una guerra de embargo al Señor de [This.GetTitledFirstNameNoRegnal] [From.GetTitledFirstNameWithNick], expulsando a todos los comerciantes y navíos de [From.PrimaryTitle.GetName] del Reino.;;;;;;;;;x
CHRONICLE_WAR_REPUBLIC_ATTACKER;[From.PrimaryTitle.GetName] fell into civil war, as [From.GetTitledFirstNameWithDynasty] refused [Root.GetTitledFirstNameWithNick]'s ultimatum demanding the abolition of the monarchy in [Prev.GetName].;[From.PrimaryTitle.GetName] sombra dans la guerre civile, quand [From.GetTitledFirstNameWithDynasty] refusa l’ultimatum de [Root.GetTitledFirstNameWithNick] réclamant l’abolition de la monarchie en [Prev.GetName].;[From.GetTitledName] zog gegen [Prev.GetTitledName] in den Krieg.;;[From.PrimaryTitle.GetName] cayó en una guerra civil, cuando [From.GetTitledFirstNameWithDynasty] rechazó el ultimátum de [Root.GetTitledFirstNameWithNick] reclamando la abolición de la monarquía en [Prev.GetName].;;;;;;;;;x
CHRONICLE_WAR_REPUBLIC_DEFENDER;[From.PrimaryTitle.GetName] fell into civil war, as [From.GetTitledFirstNameWithNick] refused [Root.GetTitledFirstNameWithDynasty]'s ultimatum demanding the abolition of the monarchy in [Prev.GetName].;[From.PrimaryTitle.GetName] sombra dans la guerre civile, quand [From.GetTitledFirstNameWithNick] refusa l’ultimatum de [Root.GetTitledFirstNameWithDynasty] réclamant l’abolition de la monarchie en [Prev.GetName].;[From.GetTitledName] zog gegen [Prev.GetTitledName] in den Krieg.;;[From.PrimaryTitle.GetName] cayó en una guerra civil, cuando [From.GetTitledFirstNameWithNick] rechazó el ultimátum de [Root.GetTitledFirstNameWithDynasty] reclamando la abolición de la monarquía en [Prev.GetName].;;;;;;;;;x
CHRONICLE_WAR_REPUBLIC_ATTACKER_LIEGE;[From.PrimaryTitle.GetName] fell into civil war, as [From.GetTitledFirstNameWithDynasty] refused the ultimatum of [This.GetTitledFirstNameNoRegnal]'s liege [Root.GetTitledFirstNameWithNick], demanding the abolition of the monarchy in [Prev.GetName].;[From.PrimaryTitle.GetName] sombra dans la guerre civile, quand [From.GetTitledFirstNameWithDynasty] refusa l’ultimatum du(e la) suzerain(e) de [This.GetTitledFirstNameNoRegnal] [Root.GetTitledFirstNameWithNick] réclamant l’abolition de la monarchie en [Prev.GetName].;[From.GetTitledName] zog gegen [Prev.GetTitledName] in den Krieg.;;[From.PrimaryTitle.GetName] cayó en una guerra civil, cuando [From.GetTitledFirstNameWithDynasty] rechazó el ultimátum del Señor de [This.GetTitledFirstNameNoRegnal] [Root.GetTitledFirstNameWithNick] reclamando la abolición de la monarquía en [Prev.GetName].;;;;;;;;;x
CHRONICLE_WAR_REPUBLIC_DEFENDER_LIEGE;[From.PrimaryTitle.GetName] fell into civil war, as [This.GetTitledFirstNameNoRegnal]'s liege, [From.GetTitledFirstNameWithNick], refused [Root.GetTitledFirstNameWithDynasty]'s ultimatum demanding the abolition of the monarchy in [Prev.GetName].;[From.PrimaryTitle.GetName] sombra dans la guerre civile, quand le(a) suzerain(e) de [This.GetTitledFirstNameNoRegnal], [From.GetTitledFirstNameWithNick], refusa l’ultimatum de [Root.GetTitledFirstNameWithDynasty] réclamant l’abolition de la monarchie en [Prev.GetName].;[From.GetTitledName] zog gegen [Prev.GetTitledName] in den Krieg.;;[From.PrimaryTitle.GetName] cayó en una guerra civil, cuando el Señor de [This.GetTitledFirstNameNoRegnal], [From.GetTitledFirstNameWithNick], rechazó el ultimátum de [Root.GetTitledFirstNameWithDynasty] reclamando la abolición de la monarquía en [Prev.GetName].;;;;;;;;;x
CHRONICLE_WAR_RESCUE_PRISONER_ATTACKER;[Root.GetTitledFirstNameWithNick] declared war against [From.GetTitledFirstNameWithDynasty] of [From.PrimaryTitle.GetName], after failing to convince [From.GetTitledFirstName] to release important prisoners by diplomatic means.;[Root.GetTitledFirstNameWithNick] déclara la guerre à [From.GetTitledFirstNameWithDynasty] de [From.PrimaryTitle.GetName], après avoir échoué à convaincre [From.GetTitledFirstName] par la diplomatie de relâcher d’important prisonniers.;[From.GetTitledName] zog gegen [Prev.GetTitledName] in den Krieg.;;[Root.GetTitledFirstNameWithNick] declaró la guerra a [From.GetTitledFirstNameWithDynasty] de [From.PrimaryTitle.GetName], tras fracasar el intento de la vía diplomática con [From.GetTitledFirstName] para liberar a importantes prisioneros.;;;;;;;;;x
CHRONICLE_WAR_RESCUE_PRISONER_DEFENDER;[Root.GetTitledFirstNameWithDynasty] of [Root.PrimaryTitle.GetName] declared war against [From.GetTitledFirstNameWithNick], after failing to convince [From.GetTitledFirstName] to release important prisoners by diplomatic means.;[Root.GetTitledFirstNameWithDynasty] de [Root.PrimaryTitle.GetName] déclara la guerre à [From.GetTitledFirstNameWithNick], après avoir échoué à convaincre [From.GetTitledFirstName] par la diplomatie de relâcher d’important prisonniers.;[From.GetTitledName] zog gegen [Prev.GetTitledName] in den Krieg.;;[Root.GetTitledFirstNameWithDynasty] de [Root.PrimaryTitle.GetName] declaró la guerra a [From.GetTitledFirstNameWithNick], tras fracasar el intento de la vía diplomática con [From.GetTitledFirstName] para liberar a importantes prisioneros.;;;;;;;;;x
CHRONICLE_WAR_RESCUE_PRISONER_ATTACKER_LIEGE;[This.GetTitledFirstNameNoRegnal]'s liege, [Root.GetTitledFirstNameWithNick], declared war against [From.GetTitledFirstNameWithDynasty], after failing to convince [From.GetTitledFirstName] to release important prisoners by diplomatic means.;Le(a) suzerain(e) de [This.GetTitledFirstNameNoRegnal], [Root.GetTitledFirstNameWithNick], déclara la guerre à [From.GetTitledFirstNameWithDynasty], après avoir échoué à convaincre [From.GetTitledFirstName] par la diplomatie de relâcher d’important prisonniers.;[From.GetTitledName] zog gegen [Prev.GetTitledName] in den Krieg.;;El señor de [This.GetTitledFirstNameNoRegnal], [Root.GetTitledFirstNameWithNick], declaró la guerra a [From.GetTitledFirstNameWithDynasty], tras fracasar el intento de la vía diplomática con [From.GetTitledFirstName] para liberar a importantes prisioneros.;;;;;;;;;x
CHRONICLE_WAR_RESCUE_PRISONER_DEFENDER_LIEGE;[Root.GetTitledFirstNameWithDynasty] of [Root.PrimaryTitle.GetName] declared war against [This.GetTitledFirstNameNoRegnal]'s liege [From.GetTitledFirstNameWithNick], after failing to convince [From.GetTitledFirstName] to release important prisoners by diplomatic means.;[Root.GetTitledFirstNameWithDynasty] de [Root.PrimaryTitle.GetName] déclara la guerre au(à la) suzerain(e) de [This.GetTitledFirstNameNoRegnal] [From.GetTitledFirstNameWithNick], après avoir échoué à convaincre [From.GetTitledFirstName] par la diplomatie de relâcher d’important prisonniers.;[From.GetTitledName] zog gegen [Prev.GetTitledName] in den Krieg.;;[Root.GetTitledFirstNameWithDynasty] de [Root.PrimaryTitle.GetName] declaró la guerra al Señor de [This.GetTitledFirstNameNoRegnal] [From.GetTitledFirstNameWithNick], tras fracasar el intento de la vía diplomática con [From.GetTitledFirstName] para liberar a importantes prisioneros.;;;;;;;;;x
CHRONICLE_WAR_VENGEANCE_ATTACKER;[Root.GetTitledFirstNameWithNick] declared war against [From.GetTitledFirstNameWithDynasty] of [From.PrimaryTitle.GetName], with the aim of avenging the wrongs [From.GetTitledFirstName] committed against [Root.GetHerHim].;[Root.GetTitledFirstNameWithNick] déclara la guerre à [From.GetTitledFirstNameWithDynasty] de [From.PrimaryTitle.GetName], afin de se venger  des méfaits que [From.GetTitledFirstName] avait commis à son encontre.;[From.GetTitledName] zog gegen [Prev.GetTitledName] in den Krieg.;;[Root.GetTitledFirstNameWithNick] declaró la guerra a [From.GetTitledFirstNameWithDynasty] de [From.PrimaryTitle.GetName], con el fin de vengarse de las fechorías que [From.GetTitledFirstName] cometió contra él.;;;;;;;;;x
CHRONICLE_WAR_VENGEANCE_DEFENDER;[Root.GetTitledFirstNameWithDynasty] of [Root.PrimaryTitle.GetName] declared war against [From.GetTitledFirstNameWithNick], with the aim of avenging the supposed wrongs [From.GetTitledFirstName] committed against [Root.GetHerHim].;[Root.GetTitledFirstNameWithDynasty] de [Root.PrimaryTitle.GetName] déclara la guerre à [From.GetTitledFirstNameWithNick], afin de se venger des méfaits que [From.GetTitledFirstName] avait commis à son encontre.;[From.GetTitledName] zog gegen [Prev.GetTitledName] in den Krieg.;;[Root.GetTitledFirstNameWithDynasty] de [Root.PrimaryTitle.GetName] declaró la guerra a [From.GetTitledFirstNameWithNick], con el fin de vengarse de las fechorías que [From.GetTitledFirstName] cometió contra él.;;;;;;;;;x
CHRONICLE_WAR_VENGEANCE_ATTACKER_LIEGE;[This.GetTitledFirstNameNoRegnal]'s liege, [Root.GetTitledFirstNameWithNick], declared war against [From.GetTitledFirstNameWithDynasty], with the aim of avenging the wrongs [From.GetTitledFirstName] committed against [Root.GetHerHim].;Le(a) suzerain(e) de [This.GetTitledFirstNameNoRegnal], [Root.GetTitledFirstNameWithNick], déclara la guerre à [From.GetTitledFirstNameWithDynasty], afin de se venger  des méfaits que [From.GetTitledFirstName] avait commis à son encontre.;[From.GetTitledName] zog gegen [Prev.GetTitledName] in den Krieg.;;El Señor de [This.GetTitledFirstNameNoRegnal], [Root.GetTitledFirstNameWithNick], declaró la guerra a [From.GetTitledFirstNameWithDynasty], con el fin de vengarse de las fechorías que [From.GetTitledFirstName] cometió contra él.;;;;;;;;;x
CHRONICLE_WAR_VENGEANCE_DEFENDER_LIEGE;[Root.GetTitledFirstNameWithDynasty] of [Root.PrimaryTitle.GetName] declared war against [This.GetTitledFirstNameNoRegnal]'s liege [From.GetTitledFirstNameWithNick], with the aim of avenging the supposed wrongs [From.GetTitledFirstName] committed against [Root.GetHerHim].;[Root.GetTitledFirstNameWithDynasty] de [Root.PrimaryTitle.GetName] déclara la guerre au(à la) suzerain(e) de [This.GetTitledFirstNameNoRegnal] [From.GetTitledFirstNameWithNick], afin de se venger  des méfaits que [From.GetTitledFirstName] avait commis à son encontre.;[From.GetTitledName] zog gegen [Prev.GetTitledName] in den Krieg.;;[Root.GetTitledFirstNameWithDynasty] de [Root.PrimaryTitle.GetName] declaró la guerra al Señor de [This.GetTitledFirstNameNoRegnal] [From.GetTitledFirstNameWithNick], con el fin de vengarse de las fechorías que [From.GetTitledFirstName] cometió contra él.;;;;;;;;;x
CHRONICLE_WAR_GREAT_RANGING_ATTACKER;[Root.GetTitledFirstNameWithNickAndDynasty] commenced a great ranging beyond the wall, with the aim of bringing down the wildling [From.GetTitledFirstNameWithDynasty] of [From.PrimaryTitle.GetName].;[Root.GetTitledFirstNameWithNickAndDynasty] lança une grande expédition au-delà du Mur, afin d'éliminer le(a) sauvageon(ne) [From.GetTitledFirstNameWithDynasty] de [From.PrimaryTitle.GetName].;[From.GetTitledName] zog gegen [Prev.GetTitledName] in den Krieg.;;[Root.GetTitledFirstNameWithNickAndDynasty] lanzó una gran expedición más allá del Muro, con el fin de eliminar al salvaje [From.GetTitledFirstNameWithDynasty] de [From.PrimaryTitle.GetName].;;;;;;;;;x
CHRONICLE_WAR_GREAT_RANGING_DEFENDER;[Root.GetTitledFirstNameWithNickAndDynasty] commenced a great ranging beyond the wall, with the aim of bringing down [From.GetTitledFirstNameWithNick].;[Root.GetTitledFirstNameWithNickAndDynasty] lança une grande expédition au-delà du Mur, afin d'éliminer [From.GetTitledFirstNameWithNick].;[From.GetTitledName] zog gegen [Prev.GetTitledName] in den Krieg.;;[Root.GetTitledFirstNameWithNickAndDynasty] lanzó una gran expedición más allá del Muro, con el fin de eliminar a [From.GetTitledFirstNameWithNick].;;;;;;;;;x
CHRONICLE_WAR_GREAT_RANGING_ATTACKER_LIEGE;[This.GetTitledFirstNameNoRegnal]'s liege, [Root.GetTitledFirstNameWithNickAndDynasty], commenced a great ranging beyond the wall, with the aim of bringing down the wildling [From.GetTitledFirstNameWithDynasty] of [From.PrimaryTitle.GetName].;Le(a) suzerain(e) de [This.GetTitledFirstNameNoRegnal], [Root.GetTitledFirstNameWithNickAndDynasty], lança une grande expédition au-delà du Mur, afin d'éliminer le(a) sauvageon(ne) [From.GetTitledFirstNameWithDynasty] de [From.PrimaryTitle.GetName].;[From.GetTitledName] zog gegen [Prev.GetTitledName] in den Krieg.;;El Señor de [This.GetTitledFirstNameNoRegnal], [Root.GetTitledFirstNameWithNickAndDynasty], lanzó una gran expedición más allá del Muro, con el fin de eliminar al salvaje [From.GetTitledFirstNameWithDynasty] de [From.PrimaryTitle.GetName].;;;;;;;;;x
CHRONICLE_WAR_GREAT_RANGING_DEFENDER_LIEGE;[Root.GetTitledFirstNameWithNickAndDynasty] commenced a great ranging beyond the wall, with the aim of bringing down [This.GetTitledFirstNameNoRegnal]'s liege, [From.GetTitledFirstNameWithNickAndDynasty].;[Root.GetTitledFirstNameWithNickAndDynasty] lança une grande expédition au-delà du Mur, afin d'éliminer le(a) suzerain(e) de[This.GetTitledFirstNameNoRegnal], [From.GetTitledFirstNameWithNickAndDynasty].;[From.GetTitledName] zog gegen [Prev.GetTitledName] in den Krieg.;;[Root.GetTitledFirstNameWithNickAndDynasty] lanzó una gran expedición más allá del Muro, con el fin de eliminar al Señor de [This.GetTitledFirstNameNoRegnal], [From.GetTitledFirstNameWithNickAndDynasty].;;;;;;;;;x
CHRONICLE_WAR_SWORD_ATTACKER;[Root.GetTitledFirstNameWithNick] declared war against [From.GetTitledFirstNameWithDynasty] of [From.PrimaryTitle.GetName], with the aim of reclaiming the ancestral sword of House [Root.GetOnlyDynastyName].;[Root.GetTitledFirstNameWithNick] déclara la guerre à [From.GetTitledFirstNameWithDynasty] de [From.PrimaryTitle.GetName], afin de récupérer l’épée ancestrale de la Maison [Root.GetOnlyDynastyName].;[From.GetTitledName] zog gegen [Prev.GetTitledName] in den Krieg.;;[Root.GetTitledFirstNameWithNick] declaró la guerra a [From.GetTitledFirstNameWithDynasty] de [From.PrimaryTitle.GetName], con el fin de recuperar la espada ancestral de la casa [Root.GetOnlyDynastyName].;;;;;;;;;x
CHRONICLE_WAR_SWORD_DEFENDER;[Root.GetTitledFirstNameWithDynasty] of [Root.PrimaryTitle.GetName] declared war against [From.GetTitledFirstNameWithNick], with the aim of reclaiming the ancestral sword of House [Root.GetOnlyDynastyName].;[Root.GetTitledFirstNameWithDynasty] de [Root.PrimaryTitle.GetName] déclara la guerre à [From.GetTitledFirstNameWithNick], afin de récupérer l’épée ancestrale de la Maison [Root.GetOnlyDynastyName].;[From.GetTitledName] zog gegen [Prev.GetTitledName] in den Krieg.;;[Root.GetTitledFirstNameWithDynasty] de [Root.PrimaryTitle.GetName] declaró la guerra a [From.GetTitledFirstNameWithNick], con el fin de recuperar la espada ancestral de la casa [Root.GetOnlyDynastyName].;;;;;;;;;x
CHRONICLE_WAR_SWORD_ATTACKER_LIEGE;[This.GetTitledFirstNameNoRegnal]'s liege, [Root.GetTitledFirstNameWithNick], declared war against [From.GetTitledFirstNameWithDynasty], with the aim of reclaiming the ancestral sword of House [Root.GetOnlyDynastyName].;Le(a) suzerain(e) de [This.GetTitledFirstNameNoRegnal], [Root.GetTitledFirstNameWithNick], déclara la guerre à [From.GetTitledFirstNameWithDynasty], afin de récupérer l’épée ancestrale de la Maison [Root.GetOnlyDynastyName].;[From.GetTitledName] zog gegen [Prev.GetTitledName] in den Krieg.;;El Señor de [This.GetTitledFirstNameNoRegnal], [Root.GetTitledFirstNameWithNick], declaró la guerra a [From.GetTitledFirstNameWithDynasty], con el fin de recuperar la espada ancestral de la casa [Root.GetOnlyDynastyName].;;;;;;;;;x
CHRONICLE_WAR_SWORD_DEFENDER_LIEGE;[Root.GetTitledFirstNameWithDynasty] of [Root.PrimaryTitle.GetName] declared war against [This.GetTitledFirstNameNoRegnal]'s liege [From.GetTitledFirstNameWithNick], with the aim of reclaiming the ancestral sword of House [Root.GetOnlyDynastyName].;[Root.GetTitledFirstNameWithDynasty] de [Root.PrimaryTitle.GetName] déclara la guerre au(à la) suzerain(e) de [This.GetTitledFirstNameNoRegnal] [From.GetTitledFirstNameWithNick], afin de récupérer l’épée ancestrale de la Maison [Root.GetOnlyDynastyName].;[From.GetTitledName] zog gegen [Prev.GetTitledName] in den Krieg.;;[Root.GetTitledFirstNameWithDynasty] de [Root.PrimaryTitle.GetName] declaró la guerra al Señor de [This.GetTitledFirstNameNoRegnal] [From.GetTitledFirstNameWithNick], con el fin de recuperar la espada ancestral de la casa [Root.GetOnlyDynastyName].;;;;;;;;;x
CHRONICLE_WAR_RESTORE_WATCH;[Root.GetTitledFirstNameWithNickAndDynasty] of [Root.PrimaryTitle.GetName] started a war to restore the fallen Night's Watch, aiming to drive [From.GetTitledFirstNameWithDynasty] of [From.PrimaryTitle.GetName] back beyond the wall.;[Root.GetTitledFirstNameWithNickAndDynasty] de [Root.PrimaryTitle.GetName] débuta une guerre pour restaurer la Garde de Nuit déchue, afin de repousser [From.GetTitledFirstNameWithDynasty] de [From.PrimaryTitle.GetName] au-delà du Mur.;[From.GetTitledName] zog gegen [Prev.GetTitledName] in den Krieg.;;[Root.GetTitledFirstNameWithNickAndDynasty] de [Root.PrimaryTitle.GetName] inició una guerra para restaurar la Guardia de la Noche caída, con el fin de expulsar a [From.GetTitledFirstNameWithDynasty] de [From.PrimaryTitle.GetName] más allá del Muro.;;;;;;;;;x
CHRONICLE_WAR_RESTORE_WATCH_DEFENDER;[Root.GetTitledFirstNameWithNickAndDynasty] of [Root.PrimaryTitle.GetName] started a war to restore the fallen Night's Watch, aiming to drive [From.GetTitledFirstNameWithNick] back beyond the wall.;[Root.GetTitledFirstNameWithNickAndDynasty] de [Root.PrimaryTitle.GetName] débuta une guerre pour restaurer la Garde de Nuit déchue, afin de repousser [From.GetTitledFirstNameWithNick] au-delà du Mur.;[From.GetTitledName] zog gegen [Prev.GetTitledName] in den Krieg.;;[Root.GetTitledFirstNameWithNickAndDynasty] de [Root.PrimaryTitle.GetName] inició una guerra para restaurar la Guardia de la Noche caída, con el fin de expulsar a [From.GetTitledFirstNameWithNick] más allá del Muro.;;;;;;;;;x
CHRONICLE_WAR_DYNASTY_PLOT_ATTACKER;[Root.GetTitledFirstNameWithNick] declared war against [From.GetTitledFirstNameWithDynasty] of [From.PrimaryTitle.GetName], pressing the claim of House [Root.GetOnlyDynastyName] to [Prev.GetName].;[Root.GetTitledFirstNameWithNick] déclara la guerre à [From.GetTitledFirstNameWithDynasty] de [From.PrimaryTitle.GetName], faisant valoir la revendication de la Maison [Root.GetOnlyDynastyName] sur [Prev.GetName].;[From.GetTitledName] zog gegen [Prev.GetTitledName] in den Krieg.;;[Root.GetTitledFirstNameWithNick] declaró la guerra a [From.GetTitledFirstNameWithDynasty] de [From.PrimaryTitle.GetName], haciendo valer la reclamación de la casa [Root.GetOnlyDynastyName] sobre [Prev.GetName].;;;;;;;;;x
CHRONICLE_WAR_DYNASTY_PLOT_DEFENDER;[Root.GetTitledFirstNameWithDynasty] of [Root.PrimaryTitle.GetName] declared war against [From.GetTitledFirstNameWithNick], pressing the claim of House [Root.GetOnlyDynastyName] to [Prev.GetName].;[Root.GetTitledFirstNameWithDynasty] de [Root.PrimaryTitle.GetName] déclara la guerre à [From.GetTitledFirstNameWithNick], faisant valoir la revendication de la Maison [Root.GetOnlyDynastyName] sur [Prev.GetName].;[From.GetTitledName] zog gegen [Prev.GetTitledName] in den Krieg.;;[Root.GetTitledFirstNameWithDynasty] de [Root.PrimaryTitle.GetName] declaró la guerra a [From.GetTitledFirstNameWithNick], haciendo valer la reclamación de la casa [Root.GetOnlyDynastyName] sobre [Prev.GetName].;;;;;;;;;x
CHRONICLE_WAR_DYNASTY_PLOT_ATTACKER_LIEGE;[This.GetTitledFirstNameNoRegnal]'s liege, [Root.GetTitledFirstNameWithNick], declared war against [From.GetTitledFirstNameWithDynasty] of [From.PrimaryTitle.GetName], pressing the claim of House [Root.GetOnlyDynastyName] to [Prev.GetName].;Le(a) suzerain(e) de[This.GetTitledFirstNameNoRegnal], [Root.GetTitledFirstNameWithNick], déclara la guerre à [From.GetTitledFirstNameWithDynasty] de [From.PrimaryTitle.GetName], faisant valoir la revendication de la Maison [Root.GetOnlyDynastyName] sur [Prev.GetName].;[From.GetTitledName] zog gegen [Prev.GetTitledName] in den Krieg.;;El Señor de[This.GetTitledFirstNameNoRegnal], [Root.GetTitledFirstNameWithNick], declaró la guerra a [From.GetTitledFirstNameWithDynasty] de [From.PrimaryTitle.GetName], haciendo valer la reclamación de la casa [Root.GetOnlyDynastyName] sobre [Prev.GetName].;;;;;;;;;x
CHRONICLE_WAR_DYNASTY_PLOT_DEFENDER_LIEGE;[Root.GetTitledFirstNameWithDynasty] of [Root.PrimaryTitle.GetName] declared war against [This.GetTitledFirstNameNoRegnal]'s liege [From.GetTitledFirstNameWithNick], pressing the claim of House [Root.GetOnlyDynastyName] to [Prev.GetName].;[Root.GetTitledFirstNameWithDynasty] de [Root.PrimaryTitle.GetName] déclara la guerre au(à la) suzerain(e) de [This.GetTitledFirstNameNoRegnal] [From.GetTitledFirstNameWithNick], faisant valoir la revendication de la Maison [Root.GetOnlyDynastyName] sur [Prev.GetName].;[From.GetTitledName] zog gegen [Prev.GetTitledName] in den Krieg.;;[Root.GetTitledFirstNameWithDynasty] de [Root.PrimaryTitle.GetName] declaró la guerra al Señor de [This.GetTitledFirstNameNoRegnal] [From.GetTitledFirstNameWithNick], haciendo valer la reclamación de la casa [Root.GetOnlyDynastyName] sobre [Prev.GetName].;;;;;;;;;x
CHRONICLE_WAR_ANTI_PIRACY_ATTACKER;[Root.GetTitledFirstNameWithNick] launched an expedition to stamp out piracy in [From.PrimaryTitle.GetName], the seas of which were being menaced by [From.GetTitledFirstNameWithDynasty] of [From.PrimaryTitle.GetName].;[Root.GetTitledFirstNameWithNick] lança une expédition pour éradiquer la piraterie à [From.PrimaryTitle.GetName], dont les eaux étaient menacées par [From.GetTitledFirstNameWithDynasty] de [From.PrimaryTitle.GetName].;[From.GetTitledName] zog gegen [Prev.GetTitledName] in den Krieg.;;[Root.GetTitledFirstNameWithNick] lanzó una expedición para erradicar la piratería en [From.PrimaryTitle.GetName], cuyas aguas estaban amenazadas por [From.GetTitledFirstNameWithDynasty] de [From.PrimaryTitle.GetName].;;;;;;;;;x
CHRONICLE_WAR_ANTI_PIRACY_DEFENDER;[Root.GetTitledFirstNameWithDynasty] of [Root.PrimaryTitle.GetName] launched an expedition to stamp out piracy in [From.PrimaryTitle.GetName], the seas of which were being controlled by [From.GetTitledFirstNameWithNick].;[Root.GetTitledFirstNameWithDynasty] de [Root.PrimaryTitle.GetName] lança une expédition pour éradiquer la piraterie en [Prev.GetName], dont les eaux étaient contrôlées par [From.GetTitledFirstNameWithNick].;[From.GetTitledName] zog gegen [Prev.GetTitledName] in den Krieg.;;[Root.GetTitledFirstNameWithDynasty] de [Root.PrimaryTitle.GetName] lanzó una expedición para erradicar la piratería en [Prev.GetName], cuyas aguas estaban controladas por [From.GetTitledFirstNameWithNick].;;;;;;;;;x
CHRONICLE_WAR_ANTI_PIRACY_ATTACKER_LIEGE;[This.GetTitledFirstNameNoRegnal]'s liege, [Root.GetTitledFirstNameWithNick], launched an expedition to stamp out piracy in [From.PrimaryTitle.GetName], the seas of which were being menaced by [From.GetTitledFirstNameWithDynasty] of [From.PrimaryTitle.GetName].;Le(a) suzerain(e) de [This.GetTitledFirstNameNoRegnal], [Root.GetTitledFirstNameWithNick], lança une expédition pour éradiquer la piraterie en [Prev.GetName], dont les eaux étaient menacées par [From.GetTitledFirstNameWithDynasty] de [From.PrimaryTitle.GetName].;[From.GetTitledName] zog gegen [Prev.GetTitledName] in den Krieg.;;El Señor de [This.GetTitledFirstNameNoRegnal], [Root.GetTitledFirstNameWithNick], lanzó una expedición para erradicar la piratería en [Prev.GetName], cuyas aguas estaban amenazadas por [From.GetTitledFirstNameWithDynasty] de [From.PrimaryTitle.GetName].;;;;;;;;;x
CHRONICLE_WAR_ANTI_PIRACY_DEFENDER_LIEGE;[Root.GetTitledFirstNameWithDynasty] of [Root.PrimaryTitle.GetName] launched an expedition to stamp out piracy in [From.PrimaryTitle.GetName], the seas of which were being controlled by [This.GetTitledFirstNameNoRegnal]'s liege, [From.GetTitledFirstNameWithNick].;[Root.GetTitledFirstNameWithDynasty] de [Root.PrimaryTitle.GetName] lança une expédition pour éradiquer la piraterie en [Prev.GetName], dont les eaux étaient contrôlées par le(a) suzerain(e) de [This.GetTitledFirstNameNoRegnal], [From.GetTitledFirstNameWithNick].;[From.GetTitledName] zog gegen [Prev.GetTitledName] in den Krieg.;;[Root.GetTitledFirstNameWithDynasty] de [Root.PrimaryTitle.GetName] lanzó una expedición para erradicar la piratería en [Prev.GetName], cuyas aguas estaban controladas por el Señor de [This.GetTitledFirstNameNoRegnal], [From.GetTitledFirstNameWithNick].;;;;;;;;;x
CHRONICLE_WAR_ANTI_NOMAD_ATTACKER;[Root.GetTitledFirstNameWithNick] launched a war against the savage [From.GetTitledFirstName], determined to stop [From.GetHerHis] rape and pillage and to make [From.GetHerHim] pay for [From.GetHerHis] crimes against [Root.PrimaryTitle.GetName].;[Root.GetTitledFirstNameWithNick] a lancé une guerre contre le(a) sauvage [From.GetTitledFirstName], déterminé à mettre fin à ses pillages et à le(a) faire payer pour ses crimes contre [Root.PrimaryTitle.GetName].;[From.GetTitledName] zog gegen [Prev.GetTitledName] in den Krieg.;;[Root.GetTitledFirstNameWithNick] lanzó una guerra contra el salvaje [From.GetTitledFirstName], determinado a poner fin a sus pillajes y hacerle pagar por sus crímenes contra [Root.PrimaryTitle.GetName].;;;;;;;;;x
CHRONICLE_WAR_ANTI_NOMAD_DEFENDER;[Root.GetTitledFirstNameWithDynasty] of [Root.PrimaryTitle.GetName] declared war against [From.GetTitledFirstName], determined to stop [From.GetHerHis] looting and to make [From.GetHerHim] pay for [From.GetHerHis] supposed crimes against [Root.PrimaryTitle.GetName].;[Root.GetTitledFirstNameWithDynasty] de [Root.PrimaryTitle.GetName] a déclaré la guerre à [From.GetTitledFirstName], déterminé à mettre fin à ses pillages et à le(a) faire payer pour ses supposés crimes contre [Root.PrimaryTitle.GetName].;[From.GetTitledName] zog gegen [Prev.GetTitledName] in den Krieg.;;[Root.GetTitledFirstNameWithDynasty] de [Root.PrimaryTitle.GetName] declaró la guerra a [From.GetTitledFirstName], determinado a poner fin a sus pillajes y hacerle pagar por sus crímenes contra [Root.PrimaryTitle.GetName].;;;;;;;;;x
CHRONICLE_WAR_ANTI_NOMAD_ATTACKER_LIEGE;[This.GetTitledFirstNameNoRegnal]'s liege, [Root.GetTitledFirstNameWithNick], launched a war against the savage [From.GetTitledFirstName], determined to stop [From.GetHerHis] rape and pillage and to make [From.GetHerHim] pay for [From.GetHerHis] crimes against [Root.PrimaryTitle.GetName].;Le(a) suzerain(e) de [This.GetTitledFirstNameNoRegnal], [Root.GetTitledFirstNameWithNick], a lancé une guerre contre le(a) sauvage [From.GetTitledFirstName], déterminé à mettre fin à ses pillages et à le(a) faire payer pour ses supposés crimes contre [Root.PrimaryTitle.GetName].;[From.GetTitledName] zog gegen [Prev.GetTitledName] in den Krieg.;;El Señor de [This.GetTitledFirstNameNoRegnal], [Root.GetTitledFirstNameWithNick], lanzó una guerra contra el salvaje [From.GetTitledFirstName], determinado a poner fin a sus pillajes y hacerle pagar por sus crímenes contra [Root.PrimaryTitle.GetName].;;;;;;;;;x
CHRONICLE_WAR_ANTI_NOMAD_DEFENDER_LIEGE;[Root.GetTitledFirstNameWithDynasty] of [Root.PrimaryTitle.GetName] declared war against [This.GetTitledFirstNameNoRegnal]'s liege [From.GetTitledFirstName], determined to stop [From.GetHerHis] looting and to make [From.GetHerHim] pay for [From.GetHerHis] supposed crimes against [Root.PrimaryTitle.GetName].;[Root.GetTitledFirstNameWithDynasty] de [Root.PrimaryTitle.GetName] a déclaré la guerre au suzerain de [This.GetTitledFirstNameNoRegnal], [From.GetTitledFirstName], déterminé à mettre fin à ses pillages et à le(a) faire payer pour ses supposés crimes contre [Root.PrimaryTitle.GetName].;[From.GetTitledName] zog gegen [Prev.GetTitledName] in den Krieg.;;[Root.GetTitledFirstNameWithDynasty] de [Root.PrimaryTitle.GetName] declaró la guerra al Señor de [This.GetTitledFirstNameNoRegnal], [From.GetTitledFirstName], determinado a poner fin a sus pillajes y hacerle pagar por sus crímenes contra [Root.PrimaryTitle.GetName].;;;;;;;;;x
CHRONICLE_WAR_REGENCY_ATTACKER;[From.PrimaryTitle.GetName] fell into civil war, as [PrevPrev.GetTitledFirstNameWithDynasty], [PrevPrev.GetLordLady] Protector of [From.PrimaryTitle.GetName] and regent to [From.GetTitledFirstNameWithDynasty], refused [Root.GetTitledFirstNameWithNick]'s ultimatum demanding [PrevPrev.GetSheHe] step aside and concede the regency to [Root.GetTitledFirstNameNoRegnal].;[From.PrimaryTitle.GetName] sombra dans la guerre civile, quand [Prev.GetTitledFirstNameWithDynasty], [Prev.GetLordLady] Protecteur(trice) de [From.PrimaryTitle.GetName] et régent(e) de [From.GetTitledFirstNameWithDynasty], refusa l’ultimatum de [Root.GetTitledFirstNameWithNick] réclamant son départ de la régence au profit de [Root.GetTitledFirstNameNoRegnal].;[From.GetTitledName] zog gegen [Prev.GetTitledName] in den Krieg.;;[From.PrimaryTitle.GetName] cayó en una guerra civil, cuando [Prev.GetTitledFirstNameWithDynasty], [Prev.GetLordLady] Protector de [From.PrimaryTitle.GetName] y regente de [From.GetTitledFirstNameWithDynasty], rechazó el ultimátum de [Root.GetTitledFirstNameWithNick] reclamando su salida de la regencia en beneficio de [Root.GetTitledFirstNameNoRegnal].;;;;;;;;;x
CHRONICLE_WAR_REGENCY_DEFENDER;[From.PrimaryTitle.GetName] fell into civil war, as [PrevPrev.GetTitledFirstNameWithDynasty], [PrevPrev.GetLordLady] Protector of [From.PrimaryTitle.GetName] and regent to [From.GetTitledFirstNameWithNick], refused [Root.GetTitledFirstNameWithDynasty] of [Root.PrimaryTitle.GetName]'s ultimatum demanding [PrevPrev.GetSheHe] step aside and concede the regency to [Root.GetTitledFirstNameNoRegnal].;[From.PrimaryTitle.GetName] sombra dans la guerre civile, quand [Prev.GetTitledFirstNameWithDynasty], [Prev.GetLordLady] Protecteur(trice) de [From.PrimaryTitle.GetName] et régent de [From.GetTitledFirstNameWithNick], refusa l’ultimatum de [Root.GetTitledFirstNameWithDynasty] de [Root.PrimaryTitle.GetName] réclamant son départ de la régence au profit de [Root.GetTitledFirstNameNoRegnal].;[From.GetTitledName] zog gegen [Prev.GetTitledName] in den Krieg.;;[From.PrimaryTitle.GetName] cayó en una guerra civil, cuando [Prev.GetTitledFirstNameWithDynasty], [Prev.GetLordLady] Protector de [From.PrimaryTitle.GetName] y regente de [From.GetTitledFirstNameWithNick], rechazó el ultimátum de [Root.GetTitledFirstNameWithDynasty] de [Root.PrimaryTitle.GetName] reclamando su salida de la regencia en beneficio de [Root.GetTitledFirstNameNoRegnal].;;;;;;;;;x
CHRONICLE_WAR_REGENCY_ATTACKER_LIEGE;[From.PrimaryTitle.GetName] fell into civil war, as [PrevPrev.GetTitledFirstNameWithDynasty], [PrevPrev.GetLordLady] Protector of [From.PrimaryTitle.GetName] and regent to [This.GetTitledFirstNameNoRegnal]'s liege [From.GetTitledFirstNameWithDynasty], refused [Root.GetTitledFirstNameWithNick]'s ultimatum demanding [PrevPrev.GetSheHe] step aside and concede the regency to [Root.GetTitledFirstNameNoRegnal].;[From.PrimaryTitle.GetName] sombra dans la guerre civile, quand [Prev.GetTitledFirstNameWithDynasty], [Prev.GetLordLady] Protecteur(trice) de [From.PrimaryTitle.GetName] et régent du(e la) suzerain(e) de [This.GetTitledFirstNameNoRegnal] [From.GetTitledFirstNameWithDynasty], refusa l’ultimatum de [Root.GetTitledFirstNameWithNick] réclamant son départ de la régence au profit de [Root.GetTitledFirstNameNoRegnal].;[From.GetTitledName] zog gegen [Prev.GetTitledName] in den Krieg.;;[From.PrimaryTitle.GetName] cayó en una guerra civil, cuando [Prev.GetTitledFirstNameWithDynasty], [Prev.GetLordLady] Protector de [From.PrimaryTitle.GetName] y regente del Señor de [This.GetTitledFirstNameNoRegnal] [From.GetTitledFirstNameWithDynasty], rechazó el ultimátum de [Root.GetTitledFirstNameWithNick] reclamando su salida de la regencia en beneficio de [Root.GetTitledFirstNameNoRegnal].;;;;;;;;;x
CHRONICLE_WAR_REGENCY_DEFENDER_LIEGE;[From.PrimaryTitle.GetName] fell into civil war, as [PrevPrev.GetTitledFirstNameWithDynasty], [PrevPrev.GetLordLady] Protector of [From.PrimaryTitle.GetName] and regent to [From.GetTitledFirstNameWithNick], refused the ultimatum of [This.GetTitledFirstNameNoRegnal]'s liege [Root.GetTitledFirstNameWithDynasty] of [Root.PrimaryTitle.GetName], demanding [PrevPrev.GetSheHe] step aside and concede the regency to [Root.GetTitledFirstNameNoRegnal].;[From.PrimaryTitle.GetName] sombra dans la guerre civile, quand [Prev.GetTitledFirstNameWithDynasty], [Prev.GetLordLady] Protecteur(trice) de [From.PrimaryTitle.GetName] et régent de [From.GetTitledFirstNameWithNick], refusa l’ultimatum du(e la) suzerain(e) de [This.GetTitledFirstNameNoRegnal] [Root.GetTitledFirstNameWithDynasty] de [Root.PrimaryTitle.GetName], réclamant son départ de la régence au profit de [Root.GetTitledFirstNameNoRegnal].;[From.GetTitledName] zog gegen [Prev.GetTitledName] in den Krieg.;;[From.PrimaryTitle.GetName] cayó en una guerra civil, cuando [Prev.GetTitledFirstNameWithDynasty], [Prev.GetLordLady] Protector de [From.PrimaryTitle.GetName] y regente de [From.GetTitledFirstNameWithNick], rechazó el ultimátum de [This.GetTitledFirstNameNoRegnal] [Root.GetTitledFirstNameWithDynasty] de [Root.PrimaryTitle.GetName], reclamando su salida de la regencia en beneficio de [Root.GetTitledFirstNameNoRegnal].;;;;;;;;;x
CHRONICLE_MINOR_TITLE_REGENT;[Root.GetTitledFirstNameNoRegnal] assumed the regency of [From.GetTitledFirstNameWithDynasty] and became [Root.GetLordLady] Protector of [From.PrimaryTitle.GetName].;[Root.GetTitledFirstNameNoRegnal] assuma la régence de [From.GetTitledFirstNameWithDynasty] et devint [Root.GetLordLady] Protecteur(trice) de [From.PrimaryTitle.GetName].;;;[Root.GetTitledFirstNameNoRegnal] asumió la regencia de [From.GetTitledFirstNameWithDynasty] y se convirtió en [Root.GetLordLady] Protector de [From.PrimaryTitle.GetName].;;;;;;;;;x
CHRONICLE_MINOR_TITLE_MASTER_OF_SHIPS;[Root.GetTitledFirstNameNoRegnal] was appointed by [From.GetTitledFirstNameWithDynasty] of [From.PrimaryTitle.GetName] as Master of Ships.;[Root.GetTitledFirstNameNoRegnal] fut nommé(e) par [From.GetTitledFirstNameWithDynasty] de [From.PrimaryTitle.GetName] Maître(sse) des navires.;;;[Root.GetTitledFirstNameNoRegnal] fue nombrado por [From.GetTitledFirstNameWithDynasty] de [From.PrimaryTitle.GetName] Consejero Naval.;;;;;;;;;x
CHRONICLE_MINOR_TITLE_SMALL_COUNCIL;[Root.GetTitledFirstNameNoRegnal] was appointed as an advisor to the Small Council by [From.GetTitledFirstNameWithDynasty].;[Root.GetTitledFirstNameNoRegnal] fut nommé(e) membre du Conseil Restreint par [From.GetTitledFirstNameWithDynasty].;;;[Root.GetTitledFirstNameNoRegnal] fue nombrado miembro del Consejo por [From.GetTitledFirstNameWithDynasty].;;;;;;;;;x
CHRONICLE_MINOR_TITLE_WARDEN_SOUTH;[Root.GetTitledFirstNameNoRegnal] was named Warden of the South by [From.GetTitledFirstNameWithDynasty], and charged with the defense of the southern marches of the Seven Kingdoms.;[Root.GetTitledFirstNameNoRegnal] fut nommé(e) Gouverneur(e) du Sud par [From.GetTitledFirstNameWithDynasty], et chargé(e) de la protection des marches méridionales des Sept Couronnes.;;;[Root.GetTitledFirstNameNoRegnal] fue nombrado Guardián del Sur por [From.GetTitledFirstNameWithDynasty], encargado de la protección de las marcas meridionales de los Siete Reinos.;;;;;;;;;x
CHRONICLE_MINOR_TITLE_WARDEN_WEST;[Root.GetTitledFirstNameNoRegnal] was named Warden of the West by [From.GetTitledFirstNameWithDynasty], and charged with the defense of the western marches of the Seven Kingdoms.;[Root.GetTitledFirstNameNoRegnal] fut nommé(e) Gouverneur(e) de l’Ouest par [From.GetTitledFirstNameWithDynasty], et chargé(e) de la protection des marches  occidentales des Sept Couronnes. ;;;[Root.GetTitledFirstNameNoRegnal] fue nombrado Guardián del Oeste por [From.GetTitledFirstNameWithDynasty], encargado de la protección de la marcas occidentales de los Siete Reinos. ;;;;;;;;;x
CHRONICLE_MINOR_TITLE_WARDEN_NORTH;[Root.GetTitledFirstNameNoRegnal] was named Warden of the North by [From.GetTitledFirstNameWithDynasty], and charged with the defense of the northern marches of the Seven Kingdoms.;[Root.GetTitledFirstNameNoRegnal] fut nommé(e) Gouverneur(e) du Nord par [From.GetTitledFirstNameWithDynasty], et chargé(e) de la protection des marches septentrionales des Sept Couronnes. ;;;[Root.GetTitledFirstNameNoRegnal] fue nombrado Guardián del Norte por [From.GetTitledFirstNameWithDynasty], encargado de la protección de las marcas septentrionales de los Siete Reinos. ;;;;;;;;;x
CHRONICLE_MINOR_TITLE_WARDEN_EAST;[Root.GetTitledFirstNameNoRegnal] was named Warden of the East by [From.GetTitledFirstNameWithDynasty], and charged with the defense of the eastern marches of the Seven Kingdoms.;[Root.GetTitledFirstNameNoRegnal] fut nommé(e) Gouverneur(e) de l’Est par [From.GetTitledFirstNameWithDynasty], et chargé(e) de la protection des marches orientales des Sept Couronnes.;;;[Root.GetTitledFirstNameNoRegnal] fue nombrado Guardián del Este por [From.GetTitledFirstNameWithDynasty], encargado de la protección de las marcas orientales de los Siete Reinos.;;;;;;;;;x
CHRONICLE_AMBITION_VIRTUE;[Root.GetTitledFirstNameWithNick] fulfilled a lifelong ambition to prove [Root.GetHerHim]self a paragon of virtue. All the nobles and commonfolk of [Root.TopLiege.PrimaryTitle.GetName] finally acknowledged [Root.GetHerHis] piety in this year.;[Root.GetTitledFirstNameWithNick] réalisa son ambition d’une vie de devenir un modèle de vertu. Tous les nobles et petites gens de [Root.TopLiege.PrimaryTitle.GetName] reconnurent finalement sa piété en cette année.;;;[Root.GetTitledFirstNameWithNick] realizó su ambición de convertirse en un modelo de virtud. Todos los nobles y campesinos de [Root.TopLiege.PrimaryTitle.GetName] reconocieron finalmente su piedad ese año.;;;;;;;;;x
CHRONICLE_AMBITION_EXALTED;In this year [Root.GetTitledFirstNameWithNick] achieved great renown throughout [Root.TopLiege.PrimaryTitle.GetName], fulfilling an ambition to become exalted among men.;En cette année [Root.GetTitledFirstNameWithNick] acquis une grande renommée à travers [Root.TopLiege.PrimaryTitle.GetName], réalisant son ambition de devenir un(e) exalté(e) parmi les hommes.;;;En ese año [Root.GetTitledFirstNameWithNick] adquirió un gran renombre en todo [Root.TopLiege.PrimaryTitle.GetName], realizando su ambición de convertirse en un famoso personaje.;;;;;;;;;x
CHRONICLE_AMBITION_IRON_THRONE;In this year House [Root.GetOnlyDynastyName] sat upon the Iron Throne of Westeros, with [Prev.GetTitledFirstNameWithNick] starting [Prev.GetHerHis] reign,  fulfilling [Root.GetTitledFirstNameNoRegnal]'s ambition to see this achieved.;En cette année la Maison [Root.GetOnlyDynastyName] s’assit sur le Trône de Fer de Westeros, quand [Prev.GetTitledFirstNameWithNick] débuta son règne, réalisant l’ambition de [Root.GetTitledFirstNameNoRegnal] voir ceci accompli.;;;En ese año la casa [Root.GetOnlyDynastyName] se sentó en el Trono de Hierro de Poniente, cuando [Prev.GetTitledFirstNameWithNick] inició su reinado, viendo cumplida la ambición de [Root.GetTitledFirstNameNoRegnal].;;;;;;;;;x
CHRONICLE_AMBITION_MADE_EIGHT;[Root.GetTitledFirstNameWithNick] decreed that this chronicle record [Root.GetHerHis] deed of making the eight, that is the bedding a girl from each of the seven kingdoms plus The Riverlands.;[Root.GetTitledFirstNameWithNick] décréta que cette chronique prendrait note de son succès à avoir “fait les huits”, c'est-à-dire avoir couché avec une femme de chacun des Sept Royaumes plus une originaire du Conflans.;;;"[Root.GetTitledFirstNameWithNick] decretó que esta crónica tomara nota de su éxito al ""hacer los ocho"", esto es, haberse acostado con una mujer de cada uno de los Siete Reinos más una ribereña.";;;;;;;;;x
CHRONICLE_APPOINTED_COUNCIL;[Root.GetTitledFirstNameNoRegnal] was appointed to the council of [FromFrom.GetTitledFirstNameWithDynasty] of [FromFrom.PrimaryTitle.GetName] as [Root.GetJobTitle].;[Root.GetTitledFirstNameNoRegnal] fut nommé(e) au conseil de [FromFrom.GetTitledFirstNameWithDynasty] de [FromFrom.PrimaryTitle.GetName] comme [Root.GetJobTitle].;;;[Root.GetTitledFirstNameNoRegnal] fue nombrado consejero de [FromFrom.GetTitledFirstNameWithDynasty] de [FromFrom.PrimaryTitle.GetName] como [Root.GetJobTitle].;;;;;;;;;x
CHRONICLE_FIRST_RANGER_DYNASTY;[From.GetTitledFirstNameWithNickAndDynasty], [Root.GetTitledFirstNameNoRegnal]'s [From.GetRootRelation], was appointed First Ranger of the Night's Watch by [FromFrom.GetTitledFirstNameWithDynasty].;[From.GetTitledFirstNameWithNickAndDynasty], [From.GetRootRelation] de [Root.GetTitledFirstNameNoRegnal], fut nommé Premier Patrouilleur de la Garde de Nuit par [FromFrom.GetTitledFirstNameWithDynasty].;;;[From.GetTitledFirstNameWithNickAndDynasty], [From.GetRootRelation] de [Root.GetTitledFirstNameNoRegnal], fue nombrado Primer Explorador de la Guardia de la Noche por [FromFrom.GetTitledFirstNameWithDynasty].;;;;;;;;;x
CHRONICLE_HAND_OF_THE_KING_DYNASTY;[From.GetTitledFirstNameWithNickAndDynasty], [Root.GetTitledFirstNameNoRegnal]'s [From.GetRootRelation], was appointed to the council of [FromFrom.GetTitledFirstNameWithDynasty] of [FromFrom.PrimaryTitle.GetName] as [From.GetJobTitle].;[From.GetTitledFirstNameWithNickAndDynasty], [From.GetRootRelation] de [Root.GetTitledFirstNameNoRegnal], fut nommé(e) au conseil de [FromFrom.GetTitledFirstNameWithDynasty] de [FromFrom.PrimaryTitle.GetName] comme [From.GetJobTitle].;;;[From.GetTitledFirstNameWithNickAndDynasty], [From.GetRootRelation] de [Root.GetTitledFirstNameNoRegnal], fue nombrado consejero de [FromFrom.GetTitledFirstNameWithDynasty] de [FromFrom.PrimaryTitle.GetName] como [From.GetJobTitle].;;;;;;;;;x
CHRONICLE_HAND_OF_THE_KING;[Root.GetTitledFirstNameNoRegnal] appointed [From.GetTitledFirstNameWithDynasty] to the council as [From.GetJobTitle].;[Root.GetTitledFirstNameNoRegnal] nomma [From.GetTitledFirstNameWithDynasty] à son conseil comme [From.GetJobTitle].;;;[Root.GetTitledFirstNameNoRegnal] nombró a [From.GetTitledFirstNameWithDynasty] consejero como [From.GetJobTitle].;;;;;;;;;x
CHRONICLE_CROWN_AUTHORITY_LOWER;On [GetDateText] a series of laws was passed by [This.GetTitledFirstName] in [Prev.GetFullName], restricting the powers and authority of the [Prev.GetRulerTitle].;En [GetDateText] une série de lois fut promulguée par [This.GetTitledFirstName] dans [Prev.GetFullName], restreignant les pouvoirs et l’autorité du(e la) [Prev.GetRulerTitle].;;;En [GetDateText] una series de leyes fueron promulgadas por [This.GetTitledFirstName] en [Prev.GetFullName], restringiendo los poderes y la autoridad de [Prev.GetRulerTitle].;;;;;;;;;x
CHRONICLE_CROWN_AUTHORITY_INCREASE;On [GetDateText] a series of laws was passed by [This.GetTitledFirstName] in [Prev.GetFullName], increasing the powers and authority of the [Prev.GetRulerTitle].;En [GetDateText] une série de lois fut promulguée par [This.GetTitledFirstName] dans [Prev.GetFullName], augmentant les pouvoirs et l’autorité du(e la) [Prev.GetRulerTitle].;;;En [GetDateText] una series de leyes fueron promulgadas por [This.GetTitledFirstName] en [Prev.GetFullName], aumentando los poderes y la autoridad de [Prev.GetRulerTitle].;;;;;;;;;x
CHRONICLE_FAITH_AUTHORITY_LOWER;On [GetDateText] [This.GetTitledFirstName] affixed [This.GetHerHis] seal to a new set of laws in [Prev.GetFullName], restricting the powers and privileges of The Faith and The High Septon.;En [GetDateText] [This.GetTitledFirstName] apposa son sceau sur une nouvelle série de lois dans [Prev.GetFullName], restreignant les pouvoirs et privilèges de la Foi et du Grand Septon.;;;En [GetDateText] [This.GetTitledFirstName] estampó su sello sobre una series de leyes en [Prev.GetFullName], restringiendo los poderes y privilegios de la Fe y del Septón Supremo.;;;;;;;;;x
CHRONICLE_FAITH_AUTHORITY_INCREASE;On [GetDateText] [This.GetTitledFirstName] affixed [This.GetHerHis] seal to a new set of laws in [Prev.GetFullName], increasing the powers and privileges of The Faith and The High Septon.;En [GetDateText] [This.GetTitledFirstName] apposa son sceau sur une nouvelle série de lois dans [Prev.GetFullName], augmentant les pouvoirs et privilèges de la Foi et du Grand Septon.;;;En [GetDateText] [This.GetTitledFirstName] estampó su sello sobre una series de leyes en [Prev.GetFullName], aumentando los poderes y privilegios de la Fe y del Septón Supremo.;;;;;;;;;x
CHRONICLE_TRIARCH_FOR_LIFE;By [GetDateText] [This.GetTitledFirstName] had acquired the support of enough of the nobility to name [This.GetHerHim]self Triarch for Life, causing both anxiety and celebration in equal measure throughout [Prev.GetFullName].;En [GetDateText] [This.GetTitledFirstName] réunit suffisamment de soutien dans la noblesse pour se faire nommer Triarque à vie, causant autant d’anxiété que de célébrations à travers [Prev.GetFullName].;;;En [GetDateText] [This.GetTitledFirstName] reunió el suficiente apoyo de la nobleza para hacerse nombrar Triarca vitalicio, causando al mismo tiempo angustia y celebración por todo [Prev.GetFullName].;;;;;;;;;x
CHRONICLE_REPUBLIC_KINGDOM;By [GetDateText] [This.GetTitledFirstName] had acquired the support of enough of the nobility to set aside the republican rule of [Prev.GetFullName], and was crowned in a grand ceremony the first [This.GetOnlyDynastyName] [This.GetKingQueen] of [Prev.GetName].;En [GetDateText] [This.GetTitledFirstName] réunit suffisamment de soutien dans la noblesse pour renverser la république de [Prev.GetFullName] et se fit couronner à l’issue d’une gigantesque cérémonie le(a) premier(ère) [This.GetKingQueen]  [This.GetOnlyDynastyName] de [Prev.GetName].;;;En [GetDateText] [This.GetTitledFirstName] reunió el suficiente apoyo de la nobleza para derrocar la república de [Prev.GetFullName] y hacerse coronar en una gran ceremonia como el primer [This.GetKingQueen]  [This.GetOnlyDynastyName] de [Prev.GetName].;;;;;;;;;x
CHRONICLE_ABOLISHED_FIRST_NIGHT;On [GetDateText], [This.GetTitledFirstName] abolished the practice of the lord's right to the first night throughout [Prev.GetFullName], to the great joy of the smallfolk of the realm.;En [GetDateText], [This.GetTitledFirstName] abolit le droit seigneurial sur la première nuit à travers [Prev.GetFullName], pour la plus grande joie des petites gens du royaume.;;;En [GetDateText], [This.GetTitledFirstName] abolió el derecho de pernada en [Prev.GetFullName], para gran alegría del pueblo llano del Reino.;;;;;;;;;x
CHRONICLE_LEGALISED_FIRST_NIGHT;On [GetDateText], [This.GetTitledFirstName] legalised the practice of the lord's right to the first night throughout [Prev.GetFullName], once again allowing the tradition of when commoners or [Root.GetPeasantNamePlural] marry, their lord or king might bed the bride on the first night.;En [GetDateText], [This.GetTitledFirstName] légalisa le droit seigneurial sur la première nuit à travers [Prev.GetFullName], permettant à nouveau aux nobles de prendre la virginité de toutes les femmes se mariant sur leurs domaines.;;;En [GetDateText], [This.GetTitledFirstName] legalizó el derecho de pernada en [Prev.GetFullName], permitiendo de nuevo a los nobles tomar la virginidad de todas las mujeres que se casen en sus dominios.;;;;;;;;;x
CHRONICLE_UPGRADE_KHAL;[Root.GetFirstName] marked [Root.GetHerHis] expanding power by naming [Root.GetHerHim]self [Root.GetTitledFirstName] and forcing other lesser khos to swear allegiance.;[Root.GetFirstName] marqua l’expansion de son pouvoir en se nommant [Root.GetTitledFirstName] et en forçant les kos de moindre envergure à prêter allégeance.;;;[Root.GetFirstName] marcó la expansión de su poder nombrándose [Root.GetTitledFirstName] y forzando a los Kos más pequeños jurarle lealtad.;;;;;;;;;x
CHRONICLE_GIVEN_EGG;[From.GetTitledFirstNameWithDynasty] gave a dragon egg to [This.GetTitledFirstNameNoRegnal].;[From.GetTitledFirstNameWithDynasty] donna un oeuf de dragon à [This.GetTitledFirstNameNoRegnal].;;;[From.GetTitledFirstNameWithDynasty] dio un huevo de dragón a [This.GetTitledFirstNameNoRegnal].;;;;;;;;;x
CHRONICLE_GIVEN_DRAGON;[This.GetTitledFirstNameNoRegnal] was given the dragon [Prev.GetFirstNameWithNick] by [From.GetTitledFirstNameWithDynasty].;[This.GetTitledFirstNameNoRegnal] se vit confier le dragon [Prev.GetFirstNameWithNick] par [From.GetTitledFirstNameWithDynasty].;;;A [This.GetTitledFirstNameNoRegnal] le fue entregado el dragón [Prev.GetFirstNameWithNick] por [From.GetTitledFirstNameWithDynasty].;;;;;;;;;x
CHRONICLE_SENT_SON_RHLLOR;[Root.GetTitledFirstNameWithDynasty] was sent by [Root.GetHerHis] [FromFrom.GetRootRelation] [FromFrom.GetTitledFirstNameNoRegnal] to the Red Temple in [Root.Location.GetName], with the intention of [Root.GetHerHim] training to be a Red Priest;[Root.GetTitledFirstNameWithDynasty] fut envoyé par [Root.GetHerHis] [FromFrom.GetRootRelation] [FromFrom.GetTitledFirstNameNoRegnal] au Temple Rouge de [Root.Location.GetName], afin d’y devenir un Prêtre Rouge.;;;[Root.GetTitledFirstNameWithDynasty] fue enviado por su [FromFrom.GetRootRelation] [FromFrom.GetTitledFirstNameNoRegnal] al Templo Rojo de [Root.Location.GetName], con el fin de convertirse en Sacerdote Rojo.;;;;;;;;;x
CHRONICLE_SENT_SON_RHLLOR_ESCAPE;[Root.GetTitledFirstNameWithDynasty] was ordered by [Root.GetHerHis] [FromFrom.GetRootRelation] [FromFrom.GetTitledFirstNameNoRegnal] to go to the Temple in [Root.Location.GetName] to train as a [Root.Religion.GetPriestTitle]. [Root.GetTitledFirstName] disobeyed however, and fled into exile.;[Root.GetTitledFirstNameWithDynasty] reçut de [Root.GetHerHis] [FromFrom.GetRootRelation] [FromFrom.GetTitledFirstNameNoRegnal] l’ordre de se rendre au Temple de [Root.Location.GetName] afin d’y devenir un [Root.Religion.GetPriestTitle]. Mais [Root.GetTitledFirstName] désobéit et s’enfuit en exil.;;;[Root.GetTitledFirstNameWithDynasty] recibió de [Root.GetHerHis] [FromFrom.GetRootRelation] [FromFrom.GetTitledFirstNameNoRegnal] la orden de marcharse al Templo de [Root.Location.GetName] con el fin de convertirse en [Root.Religion.GetPriestTitle]. Pero [Root.GetTitledFirstName] desobedeció y huyó al exilio.;;;;;;;;;x
CHRONICLE_SENT_SON_BEARDED_PRIEST;[Root.GetTitledFirstNameWithDynasty] was sent by [Root.GetHerHis] [FromFrom.GetRootRelation] [FromFrom.GetTitledFirstNameNoRegnal] to the temple in [Root.Location.GetName], with the intention of [Root.GetHerHim] training to be a Bearded Priest.; [Root.GetTitledFirstNameWithDynasty] fut envoyé par [Root.GetHerHis] [FromFrom.GetRootRelation] [FromFrom.GetTitledFirstNameNoRegnal] au temple de [Root.Location.GetName], afin d’y devenir un Prêtre barbu.;;; [Root.GetTitledFirstNameWithDynasty] fue enviado por su [FromFrom.GetRootRelation] [FromFrom.GetTitledFirstNameNoRegnal] al templo de [Root.Location.GetName], con el fin de convertirse en un clérigo barbudo.;;;;;;;;;x
CHRONICLE_HOLY_ORDER_DONATION;[Root.GetTitledFirstNameNoRegnal] showed [Root.GetHerHis] piety and generosity by giving a handsome donation to [PrevPrev.GetFullName], and was gratefully received by [Prev.GetTitledFirstNameWithDynasty].;[Root.GetTitledFirstNameNoRegnal] fit étalage de sa piété et générosité en faisant une imposante offrande à [PrevPrev.GetFullName], et fut reçu(e) avec gratitude par [Prev.GetTitledFirstNameWithDynasty].;;;[Root.GetTitledFirstNameNoRegnal] dio muestra de su piedad y generosidad haciendo una importante ofrenda a [PrevPrev.GetFullName], que fue recibida con gratitud por [Prev.GetTitledFirstNameWithDynasty].;;;;;;;;;x
CHRONICLE_HOLY_ORDER_EXPELLED;On [GetDateText] [Root.GetTitledFirstNameNoRegnal]'S patience with [PrevPrev.GetFullName] finally expired, as on this day [Root.GetSheHe] issued a decree expelling all members of the order from [Root.PrimaryTitle.GetName], and confiscating all lands and property held by [Prev.GetTitledFirstNameWithDynasty] in the realm.;En [GetDateText], la patience de [Root.GetTitledFirstNameNoRegnal] envers [PrevPrev.GetFullName] toucha finalement à son terme, car en ce jour [Root.GetSheHe] décréta que tous les membres de l’ordre de [Root.PrimaryTitle.GetName] seraient expulsés, et fit confisquer toutes les terres et biens tenus par [Prev.GetTitledFirstNameWithDynasty] dans le royaume.;;;En [GetDateText], la paciencia de [Root.GetTitledFirstNameNoRegnal] hacia [PrevPrev.GetFullName] llego a su fin, ya que ese día decretó que todos los miembros de la orden de [Root.PrimaryTitle.GetName] fueran expulsados, e hizo confiscar todas las tierras y bienes de [Prev.GetTitledFirstNameWithDynasty] en el Reino.;;;;;;;;;x
CHRONICLE_CREATE_E_IRON_THRONE;On [GetDateText] in [Root.Location.GetName], [Root.GetFirstNameWithDynasty] was proclaimed [Root.GetKingQueen] of the Andals, the Rhoynar and the First Men, Lord of the Seven Kingdoms and Protector of the Realm, thus claiming dominion over all of Westeros.;En [GetDateText] à [Root.Location.GetName], [Root.GetFirstNameWithDynasty] fut proclamé(e) [Root.GetKingQueen] des Andals, de Rhoynar and des Premiers Hommes, Seigneur(Dame) des Sept Couronnes et Protecteur(trice) du Royaume, revendiquant ainsi la mainmise sur tout Westeros.;;;En [GetDateText] en [Root.Location.GetName], [Root.GetFirstNameWithDynasty] fue proclamado [Root.GetKingQueen] de los Ándalos, los Rhoynar y de los Primeros Hombres, Señor de los Siete Reinos y Protector del Reino, reclamando así el control de todo Poniente.;;;;;;;;;x
CHRONICLE_CREATE_KINGSGUARD;The Kingsguard was established by [Root.GetTitledFirstNameNoRegnal] on [GetDateText]. An elite bodyguard for those of royal blood, it was composed of seven knights sworn to a lifetime of service, protecting their [Root.GetTitle] and the royal family with their own lives, to obey [Root.GetHerHis] commands, and to keep [Root.GetHerHis] secrets.;La Garde Royale fut fondée par [Root.GetTitledFirstNameNoRegnal] en [GetDateText]. Protecteurs d’élite pour ceux de sang royal, l’ordre était composé de sept chevaliers ayant fait le serment à vie de servir, protéger leur [Root.GetTitle] et la famille royale au prix de leur vie, d’obéir à ses ordres et garder ses secrets.;;;La Guardia Real fue fundada por [Root.GetTitledFirstNameNoRegnal] en [GetDateText]. Guardias de élite para aquellos de sangre real, la orden estaba compuesta por siete caballeros chevaliers que hicieron el juramento de servir y proteger a su [Root.GetTitle] y la familia real al precio de su propia vida, de obedecer sus órdenes y guardar sus secretos.;;;;;;;;;x
CHRONICLE_CREATE_KINGDOM;On [GetDateText] in [Root.Location.GetName], [Root.GetFirstNameWithDynasty] was proclaimed by [Root.GetHerHis] bannermen the [PrevPrev.GetRulerTitle] of [PrevPrev.GetName].;On [GetDateText] à [Root.Location.GetName], [Root.GetFirstNameWithDynasty] fut proclamé(e) par ses bannerets [Prev.GetRulerTitle] de [Prev.GetName].;;;En [GetDateText] en [Root.Location.GetName], [Root.GetFirstNameWithDynasty] fue proclamado por sus banderizos [Prev.GetRulerTitle] de [Prev.GetName].;;;;;;;;;x
CHRONICLE_GRANTED_ROYAL_PRIVILEGE;[Root.GetTitledFirstNameWithDynasty] was given a great honour by [Root.GetHerHis] liege [From.GetTitledFirstNameWithDynasty], being granted the privilege of a royal style. From this day [Root.GetFirstNameWithDynasty] was titled [Root.PrimaryTitle.GetRulerTitle] of [Root.PrimaryTitle.GetName];[Root.GetTitledFirstNameWithDynasty] reçut de [Root.GetHerHis] suzerain(e) [From.GetTitledFirstNameWithDynasty] un grand honneur, sous la forme d’un privilège royal. Depuis ce jour, [Root.GetFirstNameWithDynasty] reçut le titre de [Root.PrimaryTitle.GetRulerTitle] de [Root.PrimaryTitle.GetName].;;;[Root.GetTitledFirstNameWithDynasty] recibió de su Señor [From.GetTitledFirstNameWithDynasty] un gran honor, en forma de priviliegio real. Ese día, [Root.GetFirstNameWithDynasty] recibió el título de [Root.PrimaryTitle.GetRulerTitle] de [Root.PrimaryTitle.GetName].;;;;;;;;;x
CHRONICLE_GRANTED_VASSAL_ROYAL_PRIVILEGE;[From.GetTitledFirstNameNoRegnal] bestowed a great honour upon [Root.GetHerHis] vassal [Root.GetTitledFirstNameWithDynasty], granting [Root.GetHerHim] the privilege of a royal style. From this day [Root.GetFirstNameWithDynasty] was titled [Root.PrimaryTitle.GetRulerTitle] of [Root.PrimaryTitle.GetName];[From.GetTitledFirstNameNoRegnal] accorda un grand honneur à son vassal [Root.GetTitledFirstNameWithDynasty], en lui conférant un privilège royal. Depuis ce jour, [Root.GetFirstNameWithDynasty] reçut le titre de [Root.PrimaryTitle.GetRulerTitle] de [Root.PrimaryTitle.GetName].;;;[From.GetTitledFirstNameNoRegnal] dio un gran honor a su vasallo [Root.GetTitledFirstNameWithDynasty], concediéndole un privilegio real. Ese día, [Root.GetFirstNameWithDynasty] recibió el título de [Root.PrimaryTitle.GetRulerTitle] de [Root.PrimaryTitle.GetName].;;;;;;;;;x
CHRONICLE_REVOKED_ROYAL_PRIVILEGE;On [GetDateText] [From.GetTitledFirstNameWithDynasty], [Root.GetFirstNameWithDynasty]'s liege, issued a decree revoking [Root.GetTitledFirstName]'s right to a royal style. [Root.GetSheHeCap] would now merely be styled [Root.PrimaryTitle.GetRulerTitle] of [Root.PrimaryTitle.GetName].;En [GetDateText] [From.GetTitledFirstNameWithDynasty], suzerain(e) de [Root.GetFirstNameWithDynasty], promulgua un décret révoquant le privilège royal accordé à [Root.GetTitledFirstName]. [Root.GetSheHeCap] ne pourrait plus que se faire appeler [Root.PrimaryTitle.GetRulerTitle] de [Root.PrimaryTitle.GetName].;;;En [GetDateText] [From.GetTitledFirstNameWithDynasty], Señor de [Root.GetFirstNameWithDynasty], promulgó un decreto revocando el privilegio real otorgado a [Root.GetTitledFirstName]. [Root.GetSheHeCap] no podrá hacerse llamar más [Root.PrimaryTitle.GetRulerTitle] de [Root.PrimaryTitle.GetName].;;;;;;;;;x
CHRONICLE_REVOKED_VASSAL_ROYAL_PRIVILEGE;On [GetDateText], [From.GetTitledFirstNameNoRegnal] issued a decree revoking [Root.GetFirstNameWithDynasty]'s right to a royal style. [Root.GetSheHeCap] would now merely be styled [Root.PrimaryTitle.GetRulerTitle] of [Root.PrimaryTitle.GetName].;En [GetDateText], [From.GetTitledFirstNameNoRegnal] promulgua un décret révoquant le privilège royal accordé à [Root.GetFirstNameWithDynasty]. [Root.GetSheHeCap] ne pourrait plus que se faire appeler [Root.PrimaryTitle.GetRulerTitle] de [Root.PrimaryTitle.GetName].;;;En [GetDateText], [From.GetTitledFirstNameNoRegnal] promulgó un decreto revocando el privilegio real otorgado a [Root.GetFirstNameWithDynasty]. [Root.GetSheHeCap] no podrá hacerse llamar más [Root.PrimaryTitle.GetRulerTitle] de [Root.PrimaryTitle.GetName].;;;;;;;;;x
CHRONICLE_CREATE_MERCENARY_COMPANY;This year saw [From.GetTitledFirstNameNoRegnal] found a new mercenary company. [From.GetSheHeCap] donated men and coin to [Root.GetTitledFirstName] to allow [Root.GetHerHim] to lead this company in the name of House [Root.GetOnlyDynastyName]. ;Cette année vit [From.GetTitledFirstNameNoRegnal] fonder une nouvelle compagnie de mercenaires. [From.GetSheHeCap] offrit hommes et pièces à  [Root.GetTitledFirstName] pour lui permettre de diriger cette compagnie au nom de la Maison [Root.GetOnlyDynastyName].;;;Este año [From.GetTitledFirstNameNoRegnal] fundó una nueva compañía mercenaria. [From.GetSheHeCap] ofreció hombres y monedas a  [Root.GetTitledFirstName] para permitirle dirigir esta compañía en nombre de la casa [Root.GetOnlyDynastyName].;;;;;;;;;x
CHRONICLE_KNIGHTED_CHARACTER;[From.GetTitledFirstNameNoRegnal] anointed [Root.GetFirstNameWithDynasty] as a knight on this day.;[From.GetTitledFirstNameNoRegnal] adouba [Root.GetFirstNameWithDynasty] chevalier en ce jour.;;;[From.GetTitledFirstNameNoRegnal] armó caballero a [Root.GetFirstNameWithDynasty] en este día.;;;;;;;;;x
CHRONICLE_BOUGHT_KNIGHTHOOD;After granting a very generous donation, [Root.GetTitledFirstNameNoRegnal] was anointed as a knight by a local septon.;En échange d’une très généreuse donation, [Root.GetTitledFirstNameNoRegnal] fut adoubé chevalier par un septon local. ;;;A cambio de una generosa donación, [Root.GetTitledFirstNameNoRegnal] fue armado caballero por un septón local. ;;;;;;;;;x
CHRONICLE_LEGITIMISED_SELF;On [GetDateText], [Root.GetTitledFirstNameNoRegnal] issued a decree to all the realm, legitimising [Root.GetHerHim]self as a trueborn descendent of House [Root.GetOnlyDynastyName].;En [GetDateText], [Root.GetTitledFirstNameNoRegnal] promulgua un décret dans tout le royaume, se légitimant comme descendant de la Maison [Root.GetOnlyDynastyName]. ;;;En [GetDateText], [Root.GetTitledFirstNameNoRegnal] promulgó un decreto, legitimándose como descendiente de la casa [Root.GetOnlyDynastyName]. ;;;;;;;;;x
CHRONICLE_NW_ACTIVATED_CASTLE;Due to the ample men and resources available to the watch this year, [Root.GetTitledFirstNameNoRegnal] was able to man [Prev.GetName] with black brothers once again.;En raison d’un nombre élevé de recrues et de ressources envoyés à la Garde cette année, [Root.GetTitledFirstNameNoRegnal] put envoyer des frères noirs occuper [Prev.GetName] à nouveau.;;;Debido al elevado número de reclutas y recursos enviados a la Guardia de la Noche este año, [Root.GetTitledFirstNameNoRegnal] pudo enviar a los hermanos negros a ocupar [Prev.GetName] de nuevo.;;;;;;;;;x
CHRONICLE_BLEW_WINTERHORN;On this year the great [Root.GetTitledFirstNameWithNick] achieved what no king of the free folk ever could, toppling The Wall. After assembling [Root.GetHerHis] host before the great ice barrier, [Root.GetSheHe] blew the Horn of Joramun, destroying The Wall at once.;En cette année le(a) grand(e) [Root.GetTitledFirstNameWithNick] accomplit ce qu’aucun roi au-delà du Mur n’avait jamais pu faire jusque-là, faire tomber le Mur. Après avoir rassemblé son ost près de la grande barrière de glace, [Root.GetSheHe] souffla dans la Corne de Joramun, détruisant le Mur d’un coup.;;;En este año el gran [Root.GetTitledFirstNameWithNick] cumplió lo que ningún otro rey más-allá-del Muro nunca pudo hacer, hacer caer el Muro. Tras reagruar sus huestes detrás de la gran muralla helada, sopló el Cuerno de Joramun, destruyendo el Muro.;;;;;;;;;x
CHRONICLE_DESTROY_WINTERHORN;On this year a great calamity befell The Wall in the far north of Westeros. The wildling [Root.GetTitledFirstNameWithNick], after assembling [Root.GetHerHis] host before the great ice barrier, blew the Horn of Joramun, destroying The Wall at once.;En cette année une terrible calamité s’abattit sur le Mur et le Nord. Le(a) sauvageon(ne) [Root.GetTitledFirstNameWithNick], après avoir rassemblé son ost près de la grande barrière de glace, souffla dans la Corne de Joramun, détruisant le Mur d’un coup.;;;En este año una terrible calamidad cayó sobre el Muro y el Norte. El salvaje [Root.GetTitledFirstNameWithNick], tras reagrupar sus huestes detrás de la gran muralla helada, sopló el Cuerno de Joramun, destruyendo el Muro.;;;;;;;;;x
CHRONICLE_NW_GRANT_COMMAND;On [GetDateText], [From.GetTitledFirstNameWithNick] granted command of [Prev.GetName] to [Root.GetTitledFirstNameWithDynasty].;En [GetDateText], [From.GetTitledFirstNameWithNick] confia le commandement de [Prev.GetName] à [Root.GetTitledFirstNameWithDynasty].;;;En [GetDateText], [From.GetTitledFirstNameWithNick] confió el mando de [Prev.GetName] a [Root.GetTitledFirstNameWithDynasty].;;;;;;;;;x
CHRONICLE_RESTORED_HIGH_SEPTON;On this most holy day, [From.GetTitledFirstNameNoRegnal] performed an act of the upmost piety by restoring The High Septon to his seat at [PrevPrev.Capital.Capital.GetName].;En ce jour des plus saints, [From.GetTitledFirstNameNoRegnal] accomplit un acte de piété suprême en restaurant le siège du Grand Septon à [Prev.Capital.Capital.GetName].;;;En este santo día, [From.GetTitledFirstNameNoRegnal] cumplió un acto de piedad suprema restaurando la sede del Septón Supremo en [Prev.Capital.Capital.GetName].;;;;;;;;;x
CHRONICLE_RESTORED_HIGH_PRIEST;On this most holy day, [From.GetTitledFirstNameNoRegnal] performed an act of the upmost piety by restoring [PrevPrev.GetTitledFirstNameWithNick] to [PrevPrev.GetHerHis] seat at The Red Temple of Volantis.;En ce jour des plus saints, [From.GetTitledFirstNameNoRegnal] accomplit un acte de piété suprême en restaurant [Prev.GetTitledFirstNameWithNick] au Temple Rouge de Volantis.;;;En este santo día, [From.GetTitledFirstNameNoRegnal] cumplió un acto de piedad suprema restaurando [Prev.GetTitledFirstNameWithNick] en el Templo Rojo de Volantis.;;;;;;;;;x
CHRONICLE_RELATIVE_ENSLAVED;[From.GetTitledFirstNameWithDynasty], [Root.GetTitledFirstNameNoRegnal]'s [From.GetRootRelation], was cruelly enslaved by [FromFrom.GetTitledFirstNameWithDynasty] of [FromFrom.PrimaryTitle.GetName].;[From.GetTitledFirstNameWithDynasty], [From.GetRootRelation] de [Root.GetTitledFirstNameNoRegnal], fut cruellement réduit(e) en esclavage par [FromFrom.GetTitledFirstNameWithDynasty] de [FromFrom.PrimaryTitle.GetName].;;;[From.GetTitledFirstNameWithDynasty], [From.GetRootRelation] de [Root.GetTitledFirstNameNoRegnal], fue cruelmente esclavizado por [FromFrom.GetTitledFirstNameWithDynasty] de [FromFrom.PrimaryTitle.GetName].;;;;;;;;;x
CHRONICLE_ENSLAVED_VIP_SPOUSE;[Root.GetTitledFirstNameNoRegnal] enslaved the high value captive [From.GetFirstNameWithDynasty], the spouse of [From.Spouse.GetTitledFirstName] [From.Spouse.GetOnlyDynastyName] of [From.Spouse.PrimaryTitle.GetName].;[Root.GetTitledFirstNameNoRegnal] réduisit en esclavage le(a) précieux(se) captif(ve) [From.GetFirstNameWithDynasty], l’époux(se) de [From.Spouse.GetTitledFirstName] [From.Spouse.GetOnlyDynastyName] de [From.Spouse.PrimaryTitle.GetName].;;;[Root.GetTitledFirstNameNoRegnal] esclavizó a la preciada cautiva [From.GetFirstNameWithDynasty], esposa de [From.Spouse.GetTitledFirstName] [From.Spouse.GetOnlyDynastyName] de [From.Spouse.PrimaryTitle.GetName].;;;;;;;;;x
CHRONICLE_ENSLAVED_VIP_FATHER;[Root.GetTitledFirstNameNoRegnal] enslaved the high value captive [From.GetFirstNameWithDynasty], the [From.GetSonDaughter] of [From.Father.GetTitledFirstName] [From.Father.GetOnlyDynastyName] of [From.Father.PrimaryTitle.GetName].;[Root.GetTitledFirstNameNoRegnal] réduisit en esclavage le(a) précieux(se) captif(ve) [From.GetFirstNameWithDynasty], [From.GetSonDaughter] de [From.Father.GetTitledFirstName] [From.Father.GetOnlyDynastyName] de [From.Father.PrimaryTitle.GetName].;;;[Root.GetTitledFirstNameNoRegnal] esclavizó al preciado cautivo [From.GetFirstNameWithDynasty], [From.GetSonDaughter] de [From.Father.GetTitledFirstName] [From.Father.GetOnlyDynastyName] de [From.Father.PrimaryTitle.GetName].;;;;;;;;;x
CHRONICLE_ENSLAVED_VIP_MOTHER;[Root.GetTitledFirstNameNoRegnal] enslaved the high value captive [From.GetFirstNameWithDynasty], the [From.GetSonDaughter] of [From.Mother.GetTitledFirstName] [From.Mother.GetOnlyDynastyName] of [From.Mother.PrimaryTitle.GetName].;[Root.GetTitledFirstNameNoRegnal] réduisit en esclavage le(a) précieux(se) captif(ve) [From.GetFirstNameWithDynasty], [From.GetSonDaughter] de [From.Mother.GetTitledFirstName] [From.Mother.GetOnlyDynastyName] de [From.Mother.PrimaryTitle.GetName].;;;[Root.GetTitledFirstNameNoRegnal] esclavizó al preciado cautivo [From.GetFirstNameWithDynasty], [From.GetSonDaughter] de [From.Mother.GetTitledFirstName] [From.Mother.GetOnlyDynastyName] de [From.Mother.PrimaryTitle.GetName].;;;;;;;;;x
CHRONICLE_ENSLAVED_VIP_RELATIVE;[Root.GetTitledFirstNameNoRegnal] enslaved the high value captive [From.GetFirstNameWithDynasty], the kinsman of [From.Liege.GetTitledFirstName] [From.Liege.GetOnlyDynastyName] of [From.Liege.PrimaryTitle.GetName].;[Root.GetTitledFirstNameNoRegnal] réduisit en esclavage le(a) précieux(se) captif(ve) [From.GetFirstNameWithDynasty], parent de [From.Liege.GetTitledFirstName] [From.Liege.GetOnlyDynastyName] de [From.Liege.PrimaryTitle.GetName].;;;[Root.GetTitledFirstNameNoRegnal] esclavizó al preciado cautivo [From.GetFirstNameWithDynasty], pariente de [From.Liege.GetTitledFirstName] [From.Liege.GetOnlyDynastyName] de [From.Liege.PrimaryTitle.GetName].;;;;;;;;;x
CHRONICLE_ENSLAVED_VIP;[Root.GetTitledFirstNameNoRegnal] enslaved the high value captive [From.GetFirstNameWithDynasty].;[Root.GetTitledFirstNameNoRegnal] réduisit en esclavage le(a) précieux(se) captif(ve) [From.GetFirstNameWithDynasty].;;;[Root.GetTitledFirstNameNoRegnal] esclavizó al preciado cautivo [From.GetFirstNameWithDynasty].;;;;;;;;;x
CHRONICLE_BASTARD_LEGITIMISED;[From.GetTitledFirstName] of [From.PrimaryTitle.GetName] legitimised [From.GetHerHis] bastard [Root.GetSonDaughter] [Root.GetTitledFirstNameWithNick], naming [Root.GetHerHim] a trueborn member of House [From.GetOnlyDynastyName].;[From.GetTitledFirstName] de [From.PrimaryTitle.GetName] légitima [From.GetHerHis] [Root.GetSonDaughter] bâtard(e) [Root.GetTitledFirstNameWithNick], le(a) proclamant membre légitime de la Maison [From.GetOnlyDynastyName].;;;[From.GetTitledFirstName] de [From.PrimaryTitle.GetName] legitimó a [From.GetHerHis] [Root.GetSonDaughter] bastardo [Root.GetTitledFirstNameWithNick], proclamándole miembro legítimo de la casa [From.GetOnlyDynastyName].;;;;;;;;;x
CHRONICLE_SALT_CHILD_LEGITIMISED;[From.GetTitledFirstName] of [From.PrimaryTitle.GetName] acknowledged [From.GetHerHis] salt [Root.GetSonDaughter] [Root.GetTitledFirstName]'s right to inheritance, adding [Root.GetHerHim] to the [From.GetOnlyDynastyName] line of succession to [From.PrimaryTitle.GetName].;[From.GetTitledFirstName] de [From.PrimaryTitle.GetName] reconnut le droit de succession de [From.GetHerHis] [Root.GetSonDaughter]-sel [Root.GetTitledFirstName], l’ajoutant à la ligne de succession des [From.GetOnlyDynastyName] pour [From.PrimaryTitle.GetName].;;;[From.GetTitledFirstName] de [From.PrimaryTitle.GetName] reconoció el derecho a la sucesión de [From.GetHerHis] [Root.GetSonDaughter] de sal [Root.GetTitledFirstName], añadiéndose a la línea sucesoria de los [From.GetOnlyDynastyName] para [From.PrimaryTitle.GetName].;;;;;;;;;x
CHRONICLE_ADOPTED_CHARACTER;[From.GetTitledFirstName] of [From.PrimaryTitle.GetName] adopted [Root.GetTitledFirstName] as [From.GetHerHis] [Root.GetSonDaughter], naming [Root.GetHerHim] a legitimate member of House [From.GetOnlyDynastyName].;[From.GetTitledFirstName] de [From.PrimaryTitle.GetName] adopta [Root.GetTitledFirstName] comme [From.GetHerHis] [Root.GetSonDaughter], le(a) nommant membre légitime de la Maison [From.GetOnlyDynastyName].;;;[From.GetTitledFirstName] de [From.PrimaryTitle.GetName] adoptó [Root.GetTitledFirstName] como [From.GetHerHis] [Root.GetSonDaughter], nombrándolo miembro legítimo de la casa [From.GetOnlyDynastyName].;;;;;;;;;x
CHRONICLE_ADOPTED_CHARACTER_B;[Root.GetTitledFirstName] of [Root.PrimaryTitle.GetName] adopted [Prev.GetTitledFirstName] as [Root.GetHerHis] [Prev.GetSonDaughter], naming [Prev.GetHerHim] a legitimate member of House [Root.GetOnlyDynastyName].;[Root.GetTitledFirstNamede of [Root.PrimaryTitle.GetName] adopta [Prev.GetTitledFirstName] comme [Root.GetHerHis] [Prev.GetSonDaughter], le(a) nommant membre légitime de la Maison [Root.GetOnlyDynastyName].;;;[Root.GetTitledFirstName] de [Root.PrimaryTitle.GetName] adoptó [Prev.GetTitledFirstName] como [Root.GetHerHis] [Prev.GetSonDaughter], nombrándolo miembro legítimo de la casa [Root.GetOnlyDynastyName].;;;;;;;;;x
CHRONICLE_HOUSE_CUSTOMISER;[This.GetTitledFirstNameNoRegnal] adopted the arms and words of House [Root.GetOnlyDynastyName]. This chronicle shall henceforth document the deeds of this great lineage.;[This.GetTitledFirstNameNoRegnal] adopta les armoiries et les mots de la Maison [Root.GetOnlyDynastyName]. Cette chronique devra dès lors compiler les actes de cette glorieuse lignée.;;;[This.GetTitledFirstNameNoRegnal] adoptó el blasón y el lema de la casa [Root.GetOnlyDynastyName]. Esta crónica deberá compilar los actos de esta gloriosa casa.;;;;;;;;;x
CHRONICLE_STARTED_COLONY;A great endeavor was started in [Root.GetName] this year. [This.GetTitledFirstNameNoRegnal], by [This.GetHerHis] wisdom, commanded that this previously ruined land be colonised by the [This.Capital.Culture.GetGroupName] peoples of [This.PrimaryTitle.GetName].;Une grande entreprise débuta cette année à [Root.GetName]. [This.GetTitledFirstNameNoRegnal], par sa grande sagesse, commanda que ces terres précédemment en ruines devraient être colonisées par les [This.Capital.Culture.GetGroupName] de [This.PrimaryTitle.GetName].;;;Una gran empresa comenzó este año en [Root.GetName]. [This.GetTitledFirstNameNoRegnal], con su gran sabiduría, ordenó que las tierras en ruinas deberían ser colonizadas por los [This.Capital.Culture.GetGroupName] de [This.PrimaryTitle.GetName].;;;;;;;;;x
CHRONICLE_JOINED_ELEPHANTS;[Root.GetTitledFirstNameNoRegnal] switched [Root.GetHerHis] allegiance to the Elephant Party, no doubt angering [Root.GetHerHis] former allies.;[Root.GetTitledFirstNameNoRegnal] changea son allégeance pour la faction des éléphants, mettant sans nul doute très en colère ses anciens alliés.;;;[Root.GetTitledFirstNameNoRegnal] cambió su lealtad a la facción de los elefantes, enfadando a sus antiguos aliados.;;;;;;;;;x
CHRONICLE_JOINED_TIGERS;[Root.GetTitledFirstNameNoRegnal] switched [Root.GetHerHis] allegiance to the Tiger Party, no doubt angering [Root.GetHerHis] former allies.;[Root.GetTitledFirstNameNoRegnal] changea son allégeance pour la faction des tigres, mettant sans nul doute très en colère ses anciens alliés.;;;[Root.GetTitledFirstNameNoRegnal] cambió su lealtad a la facción de los tigres, enfadando a sus antiguos aliados.;;;;;;;;;x
CHRONICLE_RELATIVE_CLAIMANT_ADVENTURE;By this year [From.GetTitledFirstNameWithDynasty], [From.GetRootRelation] of [Root.GetTitledFirstNameNoRegnal], had acquired enough support to attack [adventure_title.Holder.GetTitledFirstName] [adventure_title.Holder.GetOnlyDynastyName], pressing [From.GetHerHis] claim to [adventure_title.GetName].;En cette année [From.GetTitledFirstNameWithDynasty], [From.GetRootRelation] de [Root.GetTitledFirstNameNoRegnal], acquit suffisamment de soutien pour attaquer [adventure_title.Holder.GetTitledFirstName] [adventure_title.Holder.GetOnlyDynastyName], faisant valoir sa revendication sur [adventure_title.GetName].;;;En este año [From.GetTitledFirstNameWithDynasty], [From.GetRootRelation] de [Root.GetTitledFirstNameNoRegnal], adquirió suficientes apoyos para atacar [adventure_title.Holder.GetTitledFirstName] [adventure_title.Holder.GetOnlyDynastyName], haciendo valer su reclamación sobre [adventure_title.GetName].;;;;;;;;;x
CHRONICLE_RELATIVE_INVASION_ADVENTURE;By this year [From.GetTitledFirstNameWithDynasty], [From.GetRootRelation] of [Root.GetTitledFirstNameNoRegnal], had acquired enough support to attack [adventure_title.Holder.GetTitledFirstName] [adventure_title.Holder.GetOnlyDynastyName], claiming [adventure_title.GetName] by right of conquest.;En cette année [From.GetTitledFirstNameWithDynasty], [From.GetRootRelation] de [Root.GetTitledFirstNameNoRegnal],acquit suffisamment de soutien pour attaquer [adventure_title.Holder.GetTitledFirstName] [adventure_title.Holder.GetOnlyDynastyName], revendiquant [adventure_title.GetName] par droit de conquête.;;;En este año [From.GetTitledFirstNameWithDynasty], [From.GetRootRelation] de [Root.GetTitledFirstNameNoRegnal], adquirió suficientes apoyos para atacar [adventure_title.Holder.GetTitledFirstName] [adventure_title.Holder.GetOnlyDynastyName], reclamando el [adventure_title.GetName] por derecho de conquista.;;;;;;;;;x
CHRONICLE_AEGONS_CONQUEST;In this year [Root.GetFirstNameWithDynasty] launched [Root.GetHerHis] War of Conquest against Westeros. The war began after [Root.GetTitledFirstNameNoRegnal] was gravely insulted by the kings of Westeros, which prompted him to send ravens to the rulers in the Seven Kingdoms. He informed them that 'There will be only one king'. He and his two sister-wives Rhaenys and Visenya soon landed with fewer than sixteen hundred men on the east coast of Westeros, at the mouth of the Blackwater Rush.;En cette année [Root.GetFirstNameWithDynasty] débuta sa Guerre de Conquête de Westeros. La guerre commença après que [Root.GetTitledFirstNameNoRegnal] fut gravement insulté par les rois de Westeros, ce qui le poussa à envoyer des corbeaux au dirigeants des Sept Couronnes. Il les informa que « il ne peut y avoir qu’un seul roi ». Lui et ses deux sœurs-épouses Rhaenys et Visenya débarquèrent rapidement avec moins de mille six cents soldats sur les côtes orientales de Westeros, à l’embouchure de la Néra.;;;En este año [Root.GetFirstNameWithDynasty] comenzó su Guerra de Conquista de Poniente. La guerra comenzó después de que [Root.GetTitledFirstNameNoRegnal] fuera gravemente insultado por los reyes de Poniente, lo que le llevó a enviar cuervos a los dirigentes de los Siete Reinos, informándoles de que «no puede haber más que un rey». Él y sus dos hermanas-esposas Rhaenys y Visenya desembarcaron con menos de milseiscientos soldados en las costas orientales de Poniente, en la desembocadura del Aguasnegras.;;;;;;;;;x
CHRONICLE_AEGONS_CONQUEST_FREE_CITIES;In this year [Root.GetFirstNameWithDynasty] launched [Root.GetHerHis] War of Conquest against The Free Cities. [Root.GetTitledFirstNameNoRegnal] had been torn between unifying the continent of Westeros and conquering the Free Cities, which had been experiencing bloody strife in the aftermath of Valyria's fall. He ultimately accepted a call from several of the Free Cities to help unite them as a new Freehold. He and his two sister-wives Rhaenys and Visenya gathered fewer than sixteen hundred men on Dragonstone, ready to sail across The Narrow Sea.;En cette année [Root.GetFirstNameWithDynasty] débuta sa Guerre de Conquête des Cités Libres. [Root.GetTitledFirstNameNoRegnal] avait été déchiré entre son désir d’unifier le continent de Westeros et celui de conquérir les Cités Libres, qui avaient été déchirées par de sanglant conflits suivant la chute de Valyria. Il finit par accepter de réponde à l’appel de plusieurs Cités de les unifier en de nouvelles Possessions. Lui et ses deux sœurs-épouses Rhaenys et Visenya réunirent un peu moins de mille six cents soldats à Peyredragon, prêts à franchir le Détroit.;;;En este año [Root.GetFirstNameWithDynasty] comenzó su Guerra de Conquista de las Ciudades Libres. [Root.GetTitledFirstNameNoRegnal] tuvo que decidir entre su deseo de unificar Poniente o conquistar las Ciudades Libres, que estaban divididas desde la caída de Valyria. Acabó por aceptar la llamada de algunas ciudades para unificarles en un nuevo Feudo Franco. Él y sus dos hermanas-esposas Rhaenys y Visenya reunieron a poco menos de milseiscientos soldados enRocadragón, listos para franquear el mar Angosto.;;;;;;;;;x
CHRONICLE_AEGONS_CONQUEST_CONVERT_SEVEN;When word of Aegon's first landing reached Oldtown, the High Septon had locked himself in the Starry Sept for seven days and nights, seeking after the guidance of the gods. He took no nourishment but bread and water, and spent all his waking hours in prayer. On the seventh day, the Crone had lifted her golden lamp to show him the path ahead. If Oldtown took up arms against Aegon the city would surely burn. When [Root.GetTitledFirstNameNoRegnal] and [Root.GetHerHis] host approached Oldtown they found the city gates open. Three days later in the Starry Sept, His High Holiness himself anointed [Root.GetFirstName] with the seven oils, placed a crown upon [Root.GetHerHis] head and proclaimed [Root.GetHerHim] [Root.GetFirstName] of House [Root.GetOnlyDynastyName], the First of [Root.GetHerHis] Name, [Root.GetTitle] of the Andals, the Rhoynar and the First Men, Lord of the Seven Kingdoms, and Protector of the Realm, thus confirming [Root.GetHerHis] conversion to the Faith of the Seven.;Quand la nouvelle du débarquement d’Aegon atteignit Villevieille, le Grand Septon s’enferma dans le septuaire Etoilé pendant sept jours et sept nuits, cherchant le conseil des dieux. Il ne consomma que du pain et de l’eau et passait ses heures d’éveil à prier. Lors du septième jour, l’Aïeule avait levé sa lampe dorée pour lui montrer la voie à suivre. Si Villevieille prenait les armes contre Aegon, la cité serait réduite en cendres. Quand [Root.GetTitledFirstNameNoRegnal] et ses troupes arrivèrent devant Villevieille ils trouvèrent les portes de la ville ouvertes. Trois jours plus tard, Sa Sainteté Suprême en personne oignait [Root.GetFirstName] avec les sept huiles et plaçait la couronne sur sa tête, le proclamant [Root.GetFirstName] de la Maison [Root.GetOnlyDynastyName], le Premier de Son Nom, Roi des Andals, de Rhoynar et des Premiers Hommes, Seigneur des Sept Couronnes et Protecteur du Royaume, confirmant sa conversion à la Foi des Sept.;;;Cuando la noticia del desembarco de Aegon llegó a Antigua, el Gran Septón se encerró en el Septo Estrellado durante siete días y siete noches, buscando el consejo de los dioses. No consumió más que pan y agua y pasó las horas de vigilia orando. El séptimo día, La Vieja le mostró el camino a seguir. Si Antigua tomaba las armas contra Aegon, la ciudad sería reducida a cenizas. Cuando [Root.GetTitledFirstNameNoRegnal] y sus tropas llegaron a Antigua se encontraron las puertas de la ciudad abiertas. Tres días más tarde, Su Santidad el Septón Supremo en persona ungió a [Root.GetFirstName] con los siete aceites y le coronó como [Root.GetFirstName] de la casa [Root.GetOnlyDynastyName], el Primero de su Nombre, Rey de los Ándalos, los Rhoynar y de los Primeros Hombres, Señor de los Siete Reinos y Protector del Reino, confirmando su conversión a la Fe de los Siete.;;;;;;;;;x
CHRONICLE_AEGONS_CONQUEST_CONVERT_RHLLOR;On [GetDateText], [Root.GetTitledFirstNameNoRegnal] triumphantly entered Volantis after subduing the city. It is here where the [Root.GetTitle] heeded The High Priest of the Red God's call to embrace the one true god R'hllor. Three days later in Temple of the Lord of Light, The High Priest anointed [Root.GetFirstName], placed a crown upon [Root.GetHerHis] head and proclaimed [Root.GetHerHim] [Root.GetFirstName] of House [Root.GetOnlyDynastyName], the First of [Root.GetHerHis] Name, [Root.GetTitle] of the New Valyrian Freehold, Great Archon of the colonies of Old Valyria. Protector of the Free Cites and all the East, Master of the Rhoyne and Lord of Old Valyria, thus confirming [Root.GetHerHis] conversion to the Red God.;En [GetDateText], [Root.GetTitledFirstNameNoRegnal] entra triomphalement dans Volantis après avoir soumis la cité. C’est là que le [Root.GetTitle] entendit l’appel du Grand Prêtre Rouge à embrasser le vrai dieu R’hllor. Trois joueurs plus tard dans le Temple du Maître de la Lumière, le Grand Prêtre plaça une couronne sur sa tête et proclama [Root.GetHerHim] [Root.GetFirstName] de la Maison [Root.GetOnlyDynastyName], le Premier de Son Nom, [Root.GetTitle] des Nouvelles Possessions de Valyria, Grand Archonte des colonies de l’Ancienne Valyria, Protecteur des Cités Libres et du Grand Orient, Maître de la Rhoyne et Seigneur de l’Ancienne Valyria, confirmant sa conversion au Cœur de Feu.;;;En [GetDateText], [Root.GetTitledFirstNameNoRegnal] entró triunfante en Volantis tras tomar la ciudad. Aquí es donde el [Root.GetTitle] escuchó la llamada del Sumo Sacerdote Rojo a abrazar al verdadero dios R’hllor. Tres días más tarde en el Templo del Señor de la Luz, el Sumo Sacerdote le coronó como [Root.GetFirstName] de la casa [Root.GetOnlyDynastyName], el Primero de su Nombre, [Root.GetTitle] del Nuevo Feudo Franco de Valyria, Gran Arconte de las colonias de la Antigua Valyria, Protector de las Ciudades Libres y del Oriente, Señor del Rhoyne y Señor de la Antigua Valyria, confirmando su conversión al Dios Rojo.;;;;;;;;;x
CHRONICLE_BUILT_GREAT_SEPT;In honour of The Faith [Root.SheHe] followed devoutly, [Root.GetTitledFirstNameNoRegnal] ordered the construction of a Great Sept in King's Landing, located at the top of Visenya's Hill. This replaced the Starry Sept of Oldtown as the center of the Faith in the Seven Kingdoms. It features a statue of [Root.GetFirstName], which stands tall and serene upon [Root.GetHerHis] plinth.;En l’honneur de la Foi qu’[Root.SheHe] suivait dévotement, [Root.GetTitledFirstNameNoRegnal] ordonna la construction d’un Grand Septuaire dans Port-Réal, situé au sommet de la Colline de Visenya. L’édifice remplaça le septuaire Etoilé de Villevieille en tant que centre de la Foi dans les Sept Couronnes. Une grande statue de [Root.GetFirstName], les traits sereins, s’y dressait sur un socle.;;;En honor a la Fe que seguía devotamente, [Root.GetTitledFirstNameNoRegnal] ordenó construir un Gran Septo en Desembarco del Rey, situado en lo alto de la Colina de Visenya. El edificio remplazó al Septo Estrellado de Antigua como sede de la Fe de los Siete en Poniente. Una gran estatua de [Root.GetFirstName], preside una gran plaza de mármol.;;;;;;;;;x
CHRONICLE_AEGONS_CONQUEST_CAPITAL_KL;By this year [Root.GetTitledFirstNameWithNick] had completed [Root.GetHerHis] conquest of Westeros. [Root.GetSheHeCap] took the swords of a thousand defeated foes and forged a great throne with them using the dragon-breath of Balerion the Black Dread, a throne named The Iron Throne. In [Root.GetHerHis] wisdom, [Root.GetFirstName] chose to place this throne in a new city where Aegon first landed in Wetseros, a city named King's Landing.;En cette année [Root.GetTitledFirstNameWithNick] acheva sa conquête de Westeros. [Root.GetSheHeCap] prit les épées de mille de ses ennemis vaincus qu’il forgea en un gigantesque trône en utilisant le souffle de Balerion la Terreur Noire, un trône qui fut nommé le Trône de Fer. Dans sa grande sagesse, [Root.GetFirstName] décida d’installer ce trône dans une cité bâtie à l’endroit où Aegon avait débarqué en Westeros, une cité nommée Port-Réal.;;;Este año [Root.GetTitledFirstNameWithNick] completó la conquista de Poniente. [Root.GetSheHeCap] tomó las espadas de mil de sus enemigos vencidos y forjó un gigantesco trono utilizando el fuego de Balerion, el Terror Negro, un trono que fue llamado el Trono de Hierro. Con gran inteligencia, [Root.GetFirstName] decidió instalar el trono en la ciudad fundada en el lugar donde Aegon desembarcó en Poniente, una ciudad llamada Desembarco del Rey.;;;;;;;;;x
CHRONICLE_AEGONS_CONQUEST_CAPITAL_DRAGONSTONE;By this year [Root.GetTitledFirstNameWithNick] had completed [Root.GetHerHis] conquest of Westeros. [Root.GetSheHeCap] took the swords of a thousand defeated foes and forged a great throne with them using the dragon-breath of Balerion the Black Dread, a throne named The Iron Throne. In [Root.GetHerHis] wisdom, [Root.GetFirstName] chose to place this throne on Dragonstone.;En cette année [Root.GetTitledFirstNameWithNick] acheva sa conquête de Westeros. [Root.GetSheHeCap] prit les épées de mille de ses ennemis vaincus et les forgea en un gigantesque trône en utilisant le souffle de Balerion la Terreur Noire, un trône qui fut nommé le Trône de Fer. Dans sa grande sagesse, [Root.GetFirstName] décida d’installer ce trône à Peyredragon.;;;Este año [Root.GetTitledFirstNameWithNick] completó la conquista de Poniente. [Root.GetSheHeCap] tomó las espadas de mil de sus enemigos vencidos y forjó un gigantesco trono utilizando el fuego de Balerion, el Terror Negro, un trono que fue llamado el Trono de Hierro. Con gran inteligencia, [Root.GetFirstName] decidió instalar el trono en Rocadragón.;;;;;;;;;x
CHRONICLE_AEGONS_CONQUEST_CAPITAL_OLDTOWN;By this year [Root.GetTitledFirstNameWithNick] had completed [Root.GetHerHis] conquest of Westeros. [Root.GetSheHeCap] took the swords of a thousand defeated foes and forged a great throne with them using the dragon-breath of Balerion the Black Dread, a throne named The Iron Throne. In [Root.GetHerHis] wisdom, [Root.GetFirstName] chose to place this throne in Oldtown, [Root.GetHerHis] new seat of power.;En cette année [Root.GetTitledFirstNameWithNick] acheva sa conquête de Westeros. [Root.GetSheHeCap] prit les épées de mille de ses ennemis vaincus et les forgea en un gigantesque trône en utilisant le souffle de Balerion la Terreur Noire, un trône qui fut nommé le Trône de Fer. Dans sa grande sagesse, [Root.GetFirstName] décida d’installer ce trône à Villevieille, le siège de son nouveau pouvoir.;;;Este año [Root.GetTitledFirstNameWithNick] completó la conquista de Poniente. [Root.GetSheHeCap] tomó las espadas de mil de sus enemigos vencidos y forjó un gigantesco trono utilizando el fuego de Balerion, el Terror Negro, un trono que fue llamado el Trono de Hierro. Con gran inteligencia, [Root.GetFirstName] decidió instalar el trono en Antigua, sede de su nuevo poder.;;;;;;;;;x
CHRONICLE_AEGONS_CONQUEST_CAPITAL_HARRENHAL;By this year [Root.GetTitledFirstNameWithNick] had completed [Root.GetHerHis] conquest of Westeros. [Root.GetSheHeCap] took the swords of a thousand defeated foes and forged a great throne with them using the dragon-breath of Balerion the Black Dread, a throne named The Iron Throne. In [Root.GetHerHis] wisdom, [Root.GetFirstName] chose to place this throne in Harrenhal, [Root.GetHerHis] new seat of power.;En cette année [Root.GetTitledFirstNameWithNick] acheva sa conquête de Westeros. [Root.GetSheHeCap] prit les épées de mille de ses ennemis vaincus et les forgea en un gigantesque trône en utilisant le souffle de Balerion la Terreur Noire, un trône qui fut nommé le Trône de Fer. Dans sa grande sagesse, [Root.GetFirstName] décida d’installer ce trône à Harrenhal, le siège de son nouveau pouvoir.;;;Este año [Root.GetTitledFirstNameWithNick] completó la conquista de Poniente. [Root.GetSheHeCap] tomó las espadas de mil de sus enemigos vencidos y forjó un gigantesco trono utilizando el fuego de Balerion, el Terror Negro, un trono que fue llamado el Trono de Hierro. Con gran inteligencia, [Root.GetFirstName] decidió instalar el trono en Harrenhal, sede de su nuevo poder.;;;;;;;;;x
CHRONICLE_AEGONS_CONQUEST_CAPITAL_PENTOS;By this year [Root.GetTitledFirstNameWithNick] had completed [Root.GetHerHis] conquest of the Free Cities. [Root.GetSheHeCap] took the swords of a thousand defeated foes and forged a great throne with them using the dragon-breath of Balerion the Black Dread, a throne named The Iron Throne. In [Root.GetHerHis] wisdom, [Root.GetFirstName] chose to place this throne in Pentos, [Root.GetHerHis] new seat of power.;En cette année [Root.GetTitledFirstNameWithNick] acheva sa conquête de Westeros. [Root.GetSheHeCap] prit les épées de mille de ses ennemis vaincus et les forgea en un gigantesque trône en utilisant le souffle de Balerion la Terreur Noire, un trône qui fut nommé le Trône de Fer. Dans sa grande sagesse, [Root.GetFirstName] décida d’installer ce trône à Pentos, le siège de son nouveau pouvoir.;;;Este año [Root.GetTitledFirstNameWithNick] completó la conquista de las Ciudades Libres. [Root.GetSheHeCap] tomó las espadas de mil de sus enemigos vencidos y forjó un gigantesco trono utilizando el fuego de Balerion, el Terror Negro, un trono que fue llamado el Trono de Hierro. Con gran inteligencia, [Root.GetFirstName] decidió instalar el trono en Pentos, sede de su nuevo poder.;;;;;;;;;x
CHRONICLE_AEGONS_CONQUEST_CAPITAL_DRAGONSTONE_ESSOS;By this year [Root.GetTitledFirstNameWithNick] had completed [Root.GetHerHis] conquest of the Free Cities. [Root.GetSheHeCap] took the swords of a thousand defeated foes and forged a great throne with them using the dragon-breath of Balerion the Black Dread, a throne named The Iron Throne. In [Root.GetHerHis] wisdom, [Root.GetFirstName] chose to place this throne on Dragonstone.;En cette année [Root.GetTitledFirstNameWithNick] acheva sa conquête de Westeros. [Root.GetSheHeCap] prit les épées de mille de ses ennemis vaincus et les forgea en un gigantesque trône en utilisant le souffle de Balerion la Terreur Noire, un trône qui fut nommé le Trône de Fer. Dans sa grande sagesse, [Root.GetFirstName] décida d’installer ce trône à Peyredragon.;;;Este año [Root.GetTitledFirstNameWithNick] completó la conquista de las Ciudades Libres. [Root.GetSheHeCap] tomó las espadas de mil de sus enemigos vencidos y forjó un gigantesco trono utilizando el fuego de Balerion, el Terror Negro, un trono que fue llamado el Trono de Hierro. Con gran inteligencia, [Root.GetFirstName] decidió instalar el trono en Rocadragón.;;;;;;;;;x
CHRONICLE_AEGONS_CONQUEST_CAPITAL_VOLANTIS;By this year [Root.GetTitledFirstNameWithNick] had completed [Root.GetHerHis] conquest of the Free Cities. [Root.GetSheHeCap] took the swords of a thousand defeated foes and forged a great throne with them using the dragon-breath of Balerion the Black Dread, a throne named The Iron Throne. In [Root.GetHerHis] wisdom, [Root.GetFirstName] chose to place this throne in Old Volantis, [Root.GetHerHis] new seat of power.;En cette année [Root.GetTitledFirstNameWithNick] acheva sa conquête de Westeros. [Root.GetSheHeCap] prit les épées de mille de ses ennemis vaincus et les forgea en un gigantesque trône en utilisant le souffle de Balerion la Terreur Noire, un trône qui fut nommé le Trône de Fer. Dans sa grande sagesse, [Root.GetFirstName] décida d’installer ce trône dans l’Antique Volantis, le siège de son nouveau pouvoir.;;;Este año [Root.GetTitledFirstNameWithNick] completó la conquista de las Ciudades Libres. [Root.GetSheHeCap] tomó las espadas de mil de sus enemigos vencidos y forjó un gigantesco trono utilizando el fuego de Balerion, el Terror Negro, un trono que fue llamado el Trono de Hierro. Con gran inteligencia, [Root.GetFirstName] decidió instalar el trono en Volantis, sede de su nuevo poder.;;;;;;;;;x
CHRONICLE_AEGONS_CONQUEST_CAPITAL_MYR;By this year [Root.GetTitledFirstNameWithNick] had completed [Root.GetHerHis] conquest of the Free Cities. [Root.GetSheHeCap] took the swords of a thousand defeated foes and forged a great throne with them using the dragon-breath of Balerion the Black Dread, a throne named The Iron Throne. In [Root.GetHerHis] wisdom, [Root.GetFirstName] chose to place this throne in Myr, [Root.GetHerHis] new seat of power.;En cette année [Root.GetTitledFirstNameWithNick] acheva sa conquête de Westeros. [Root.GetSheHeCap] prit les épées de mille de ses ennemis vaincus et les forgea en un gigantesque trône en utilisant le souffle de Balerion la Terreur Noire, un trône qui fut nommé le Trône de Fer. Dans sa grande sagesse, [Root.GetFirstName] décida d’installer ce trône à Myr, le siège de son nouveau pouvoir.;;;Este año [Root.GetTitledFirstNameWithNick] completó la conquista de las Ciudades Libres. [Root.GetSheHeCap] tomó las espadas de mil de sus enemigos vencidos y forjó un gigantesco trono utilizando el fuego de Balerion, el Terror Negro, un trono que fue llamado el Trono de Hierro. Con gran inteligencia, [Root.GetFirstName] decidió instalar el trono en Myr, sede de su nuevo poder.;;;;;;;;;x
CHRONICLE_AEGONS_CONQUEST_FREEHOLD;[Root.GetFirstNameWithDynasty] magnanimously gave up [Root.GetHerHis] crown as [Root.GetTitle], choosing instead to revive the traditions of the Old Freehold of Valyria. Neither king nor emperor would rule. Instead, all freeholders were to be given a say in governance, with [Root.GetFirstName] being named the first Archon of New Valyria.;[Root.GetFirstNameWithDynasty] abandonna magnanimement sa couronne de [Root.GetTitle], décidant plutôt de ressusciter la tradition des Possessions de l’Antique Valyria. Nul roi ou empereur ne régnerait. A la place, chaque propriétaire foncier aurait voix dans la manière de gouverner, et [Root.GetFirstName] deviendrait premier Archonte de la Nouvelle Valyria.;;;[Root.GetFirstNameWithDynasty] renunció generosamente a su corona de [Root.GetTitle], resucitando en su lugar la tradición del Feudo Franco de Valyria. Ningún rey o emperador reinará. En su lugar, cada hacendado tendrá voto para decidir el gobierno, y [Root.GetFirstName] se convertirá en el primer Arconte de la Nueva Valyria.;;;;;;;;;x
CHRONICLE_RED_KEEP_COMPLETE;During the reign of [Root.GetTitledFirstNameWithNick], construction of The Red Keep in King's Landing was completed. The Red Keep was made of pale red stone, had seven drum-towers crowned with iron ramparts, and massive curtain walls. Inside, the Keep held the Iron Throne, the seat of the [Root.GetKingQueen].;Durant le règne de [Root.GetTitledFirstNameWithNick], la construction du Donjon Rouge de Port-Réal fut achevée. Le Donjon Rouge était fait de grès rosâtre, possédait sept tours couronnées de remparts de fer, et d’épaisses murailles. A l’intérieur du Donjon se trouvait le Trône de Fer, le siège du(e la) [Root.GetKingQueen].;;;Durante el reinado de [Root.GetTitledFirstNameWithNick], se terminó la construcción de la Fortaleza Roja de Desembarco del Rey. La Fortaleza Roja está hecho de piedra arenisca de color rojo, posee siete torres coronadas por baluartes de hierro, y gruesas murallas. En el interior de la Fortaleza Roja se encuentra el Trono de Hierro, la sede del [Root.GetKingQueen].;;;;;;;;;x
CHRONICLE_ORYS_BARATHEON;As a reward for service during the War of Conquest, [Root.GetTitledFirstNameNoRegnal] rewarded Orys Baratheon with Storm's End. Orys took Argella Durrandon, daughter of the last Storm King Argilac the Arrogant, as his wife and adopted the stag banner, honors and words of the Durrandons, Ours is the Fury.;En récompense de ses actions lors de la Guerre de la Conquête, [Root.GetTitledFirstNameNoRegnal] offrit Accalmie à Orys Baratheon. Orys prit Argella Durrandon, fille du dernier Roi de l’Orage Argilac l’Arrogant, pour épouse et adopta la bannière au cerf et la devise de la Maison Durrandon, Nôtre est la Furie.;;;En recompensa de sus acciones en la Guerra de la Conauista, [Root.GetTitledFirstNameNoRegnal] ofreció Bastión de Tormentas a Orys Baratheon. Orys tomó a Argella Durrandon, hija del último Rey de la Tormenta Argilac el Arrogante, como esposa y adoptó el escudo de armas del venado y el lema de la casa Durrandon, Nuestra es la Furia.;;;;;;;;;x
CHRONICLE_OPENED_INN;In an attempt to better understand the workings of coin and business, [Root.GetTitledFirstNameWithNick] opened an inn near [Root.Capital.GetName].;Dans une tentative de mieux comprendre le fonctionnement de l’échange de biens et de services, [Root.GetTitledFirstNameWithNick] ouvrit une auberge près de [Root.Capital.GetName].;;;En un intenro de comprender mejor el funcionamiento del intercambio de bienes y servicios, [Root.GetTitledFirstNameWithNick] abrió una posada cerca de [Root.Capital.GetName].;;;;;;;;;x
CHRONICLE_LAND_SURVEY;In this year [Root.GetTitledFirstNameWithNick] undertook a great survey of [Root.GetHerHis] lands and incomes.;Cette année [Root.GetTitledFirstNameWithNick] entreprit une grande inspection de ses terres et les revenus associés.;;;Este año [Root.GetTitledFirstNameWithNick] llevó a cabo una gran inspección de sus tierras y los ingresos asociados.;;;;;;;;;x
CHRONICLE_SETTLED_FEUD;[Root.GetTitledFirstNameNoRegnal] showed [Root.GetHerHis] diplomatic guile when [Root.SheHeCap] peacefully resolved a feud between two families in [Root.Capital.GetName].;[Root.GetTitledFirstNameNoRegnal] montra ses talents de diplomate quand [Root.SheHeCap] résolut pacifiquement une dispute entre deux familles dans [Root.Capital.GetName].;;;[Root.GetTitledFirstNameNoRegnal] demostró su talento como diplomático al resolver pacíficamente una disputa entre dos familias en [Root.Capital.GetName].;;;;;;;;;x
CHRONICLE_HELD_GRAND_COUNCIL;This year saw the assembly of the of all nobles and lords of [Root.PrimaryTitle.GetName] in [Root.Capital.GetName] for a Grand Council. At this council, [Root.GetTitledFirstNameWithDynasty] gained the agreement of [Root.GetHerHis] vassals for a planned invasion of a foreign realm.;Cette année vit se rassembler tous les nobles et seigneurs de [Root.PrimaryTitle.GetName] à [Root.Capital.GetName] pour un Grand Conseil. Durant ce conseil, [Root.GetTitledFirstNameWithDynasty] obtint l’accord de ses vassaux pour envahir un royaume étranger.;;;Este año se reunieron todos los nobles señores de [Root.PrimaryTitle.GetName] en [Root.Capital.GetName] en un Gran Consejo. Durante este Consejo, [Root.GetTitledFirstNameWithDynasty] obtuvo el acuerdo de sus vasallos para invadir un reino extranjero.;;;;;;;;;x
CHRONICLE_HELD_GRAND_COUNCIL_TRIARCH;This year saw the assembly of the Triarchs of [Root.PrimaryTitle.GetName] in [Root.Capital.GetName] for a Grand Council. At this council, [Root.GetTitledFirstNameWithDynasty] gained the agreement of [Root.GetHerHis] fellow Triarchs for a planned invasion of a foreign realms, with the aim of reestablishing the Freehold of Valyria.;Cette année vit se rassembler les Triarques de [Root.PrimaryTitle.GetName] à [Root.Capital.GetName] pour un Grand Conseil. Durant ce conseil, [Root.GetTitledFirstNameWithDynasty] obtint l’accord de ses collègues Triarques pour envahir un royaume étranger, afin de rétablir les Possessions de Valyria.;;;Este año se reunieron los Triarcas de [Root.PrimaryTitle.GetName] en [Root.Capital.GetName] en un Gran Consejo.Durante este Consejo, [Root.GetTitledFirstNameWithDynasty] obtuvo el acuerdo de sus colegas Triarcas para invadir un reino extranjero, con el fin de restaurar el Feudo Franco de Valyria.;;;;;;;;;x
CHRONICLE_HELD_ARCHERY_TOURNAMENT;In Summer Islander tradition, [Root.GetTitledFirstNameWithDynasty] held a great archery tournament in [Root.Capital.GetName]. The finest archers of [Root.PrimaryTitle.GetName] competed, with [From.GetTitledFirstNameWithDynasty] winning the contest.;Selon la tradition des Iles d’Eté, [Root.GetTitledFirstNameWithDynasty] organisa un grand tournoi d’archerie à [Root.Capital.GetName]. Les meilleurs archers de [Root.PrimaryTitle.GetName] s’affrontèrent, et [From.GetTitledFirstNameWithDynasty] remporta la victoire.;;;De acuerdo a la tradición de las Islas del Verano, [Root.GetTitledFirstNameWithDynasty] organizó un gran torneo de tiro con arco en [Root.Capital.GetName]. Los mejores arqueros de [Root.PrimaryTitle.GetName] se enfrentaron, y [From.GetTitledFirstNameWithDynasty] se llevó la victoria.;;;;;;;;;x
CHRONICLE_WON_ARCHERY_TOURNAMENT;On [GetDateText], [From.GetTitledFirstNameWithNick] won the great archery tournament of [Root.Capital.GetName] held by [Root.GetTitledFirstNameWithDynasty]. [From.SheHeCap] beat the finest archers of [Root.PrimaryTitle.GetName] to win the contest.;En [GetDateText], [From.GetTitledFirstNameWithNick] remporta le grand tournoi d’archerie de [Root.Capital.GetName] organisé par [Root.GetTitledFirstNameWithDynasty]. [From.SheHeCap] battit les meilleurs archers de [Root.PrimaryTitle.GetName] pour remporter le concours.;;;En [GetDateText], [From.GetTitledFirstNameWithNick] ganó el gran torneo de tiro con arco de [Root.Capital.GetName] organizado por [Root.GetTitledFirstNameWithDynasty]. [From.SheHeCap] se batió contra los mejores arqueros de [Root.PrimaryTitle.GetName] para ganar el torneo.;;;;;;;;;x
CHRONICLE_2ND_ARCHERY_TOURNAMENT;On [GetDateText], [FromFrom.GetTitledFirstNameWithNick] finished as runner-up in the great archery tournament of [Root.Capital.GetName] held by [Root.GetTitledFirstNameWithDynasty]. [FromFrom.SheHeCap] beat many of the finest archers of [Root.PrimaryTitle.GetName], only to lose to [From.GetTitledFirstNameWithDynasty] in the final.;En [GetDateText], [FromFrom.GetTitledFirstNameWithNick] finit deuxième du grand tournoi d’archerie de [Root.Capital.GetName] organisé par [Root.GetTitledFirstNameWithDynasty]. [FromFrom.SheHeCap] battit plusieurs des meilleurs archers de [Root.PrimaryTitle.GetName], seulement pour perdre face à [From.GetTitledFirstNameWithDynasty] dans les phases finales.;;;En [GetDateText], [FromFrom.GetTitledFirstNameWithNick] terminó segundo en el gran torneo de tiro con arco de [Root.Capital.GetName] organizado por [Root.GetTitledFirstNameWithDynasty]. [FromFrom.SheHeCap] se batió contra los mejores arqueros de [Root.PrimaryTitle.GetName], perdiendo únicamente contra [From.GetTitledFirstNameWithDynasty] en la final.;;;;;;;;;x
CHRONICLE_BANDITS_SAVED_SON;In an episode which shocked the realm, [FromFrom.GetTitledFirstNameWithDynastyNoRegnal], [FromFrom.GetRootRelation] of [Root.GetTitledFirstNameNoRegnal], was kidnapped by bandits. Fortunately [FromFrom.GetSheHe] was rescued before any harm could come to [FromFrom.GetHerHim].;[FromFrom.GetTitledFirstNameWithDynastyNoRegnal], [FromFrom.GetRootRelation] de [Root.GetTitledFirstNameNoRegnal] fut kidnappé par les bandits, ce qui causa un grand émoi à travers le royaume. Par chance, [FromFrom.GetSheHe] fut sauvé(e) avant que quiconque puisse lui faire du mal.;;;[FromFrom.GetTitledFirstNameWithDynastyNoRegnal], [FromFrom.GetRootRelation] de [Root.GetTitledFirstNameNoRegnal] fue secuestrado por los bandidos, lo que causó un gran revuelo en todo el reino. Por suerte, [FromFrom.GetSheHe] fue salvado ileso antes de que le hicieran daño alguno.;;;;;;;;;x
CHRONICLE_LOAN_DEAFULT;The management of [Root.PrimaryTitle.GetName]'s treasury was brought into question, when [Root.GetTitledFirstNameNoRegnal] defaulted on a loan from the Iron Bank made to House [Root.GetOnlyDynastyName].;La gestion de la trésorerie de [Root.PrimaryTitle.GetName] fut remise en question quand [Root.GetTitledFirstNameNoRegnal] échoua à rembourser un emprunt contracté auprès de la Banque de Fer par la Maison [Root.GetOnlyDynastyName].;;;La gestión de la tesorería de [Root.PrimaryTitle.GetName] fue puesta en cuestión cuando [Root.GetTitledFirstNameNoRegnal] no logró reembolsar un préstamo contratado con el Banco de Hierro por la casa [Root.GetOnlyDynastyName].;;;;;;;;;x
CHRONICLE_VASSAL_LOAN_DEFAULT;The management of [Root.PrimaryTitle.GetName]'s treasury was brought into question, when [Root.GetTitledFirstNameNoRegnal] defaulted on a loan made to House [Root.GetOnlyDynastyName] from [Root.GetHerHis] [From.GetRootRelation] [From.GetTitledFirstNameWithDynasty] of [From.PrimaryTitle.GetName].;La gestion de la trésorerie de [Root.PrimaryTitle.GetName] fut remise en question quand [Root.GetTitledFirstNameNoRegnal] échoua à rembourser un emprunt contracté par la Maison [Root.GetOnlyDynastyName] auprès de [Root.GetHerHis] [From.GetRootRelation] [From.GetTitledFirstNameWithDynasty] de [From.PrimaryTitle.GetName].;;;La gestión de la tesorería de [Root.PrimaryTitle.GetName] fue puesta en cuestión cuando [Root.GetTitledFirstNameNoRegnal] no logró reembolsar un préstamo contratado por la casa [Root.GetOnlyDynastyName] a [Root.GetHerHis] [From.GetRootRelation] [From.GetTitledFirstNameWithDynasty] de [From.PrimaryTitle.GetName].;;;;;;;;;x
CHRONICLE_SEIZED_FAITH_PROPERTY;In a measure taken to alleviate [Root.PrimaryTitle.GetName]'s financial problems, [Root.GetTitledFirstNameNoRegnal] seized the properties and lands of The Faith in [Root.Capital.GetName].;Dans une tentative de réduire les problèmes financiers de [Root.PrimaryTitle.GetName], [Root.GetTitledFirstNameNoRegnal] s’empara de toutes les terres et propriétés de la Foi dans [Root.Capital.GetName].;;;En un intento de reducir los problemas financieros de [Root.PrimaryTitle.GetName], [Root.GetTitledFirstNameNoRegnal] se apoderó de todas las tierras y propiedades de la Fe en [Root.Capital.GetName].;;;;;;;;;x
CHRONICLE_MERC_RAMPAGE;Angry at not being paid, the mercenaries of [From.PrimaryTitle.GetName] led by [From.GetTitledFirstNameWithDynasty] left the employ of [Root.GetTitledFirstNameNoRegnal], and instead resorted to banditry in and around [Root.Capital.GetName].;Furieux de ne pas avoir été payés, les mercenaires de [From.PrimaryTitle.GetName] dirigés par [From.GetTitledFirstNameWithDynasty] quittèrent le service de [Root.GetTitledFirstNameNoRegnal], et se tournèrent à la place vers le banditisme dans les alentours de [Root.Capital.GetName].;;;Furiosos por no cobrar, los mercenarios de [From.PrimaryTitle.GetName] liderados por [From.GetTitledFirstNameWithDynasty] abandonaron el servicio de [Root.GetTitledFirstNameNoRegnal], y se conviertieron en bandidos en los alrededores de [Root.Capital.GetName].;;;;;;;;;x
CHRONICLE_MERC_LEAVE;Angry at not being paid, the mercenaries of [From.PrimaryTitle.GetName] led by [From.GetTitledFirstNameWithDynasty] left the employ of [Root.GetTitledFirstNameNoRegnal], and instead seeked more gainful employment.;Furieux de ne pas avoir été payés, les mercenaires de [From.PrimaryTitle.GetName] dirigés par [From.GetTitledFirstNameWithDynasty] quittèrent le service de [Root.GetTitledFirstNameNoRegnal], et cherchèrent un autre contrat plus rémunérateur.;;;Furiosos por no cobrar, los mercenarios de [From.PrimaryTitle.GetName] liderados por [From.GetTitledFirstNameWithDynasty] abandonaron el servicio de [Root.GetTitledFirstNameNoRegnal], y buscaron otro contrato mejor remunerado.;;;;;;;;;x
CHRONICLE_MERC_BETRAY;Angry at not being paid, the mercenaries of [From.PrimaryTitle.GetName] led by [From.GetTitledFirstNameWithDynasty] left the employ of [Root.GetTitledFirstNameNoRegnal], and instead joined forces with [Root.GetHerHis] enemy [FromFrom.GetTitledFirstNameWithDynasty] of [From.PrimaryTitle.GetName].;Furieux de ne pas avoir été payés, les mercenaires de [From.PrimaryTitle.GetName] dirigés par [From.GetTitledFirstNameWithDynasty] quittèrent le service de [Root.GetTitledFirstNameNoRegnal] et joignirent les rangs de son adversaire, [FromFrom.GetTitledFirstNameWithDynasty] de [From.PrimaryTitle.GetName].;;;Furiosos por no cobrar, los mercenarios de [From.PrimaryTitle.GetName] liderados por [From.GetTitledFirstNameWithDynasty] abandonaron el servicio de [Root.GetTitledFirstNameNoRegnal] y se unieron a las filas de su adversario, [FromFrom.GetTitledFirstNameWithDynasty] de [From.PrimaryTitle.GetName].;;;;;;;;;x
CHRONICLE_MERC_DEFECT_TO_ME;Angry at not being paid, the mercenaries of [From.PrimaryTitle.GetName] led by [From.GetTitledFirstNameWithDynasty] left the employ of [FromFrom.GetTitledFirstNameWithDynasty]  of [FromFrom.PrimaryTitle.GetName], and instead joined forces with [Root.GetTitledFirstNameNoRegnal].;Furieux de ne pas avoir été payés, les mercenaires de [From.PrimaryTitle.GetName] dirigés par [From.GetTitledFirstNameWithDynasty] quittèrent le service de [FromFrom.GetTitledFirstNameWithDynasty]  de [FromFrom.PrimaryTitle.GetName] et joignirent les rangs de [Root.GetTitledFirstNameNoRegnal] à la place.;;;Furiosos por no cobrar, los mercenarios de [From.PrimaryTitle.GetName] liderados por [From.GetTitledFirstNameWithDynasty]abandonaron el servicio de [FromFrom.GetTitledFirstNameWithDynasty] de [FromFrom.PrimaryTitle.GetName] y se unieron a las filas de [Root.GetTitledFirstNameNoRegnal].;;;;;;;;;x
CHRONICLE_IRON_BANK_FUNDING;[Root.GetTitledFirstNameNoRegnal] received the backing of The Iron Bank against [Root.GetHerHis] enemy [Prev.GetTitledFirstNameWithDynasty] of [Prev.PrimaryTitle.GetName]. [Prev.GetTitledFirstNameNoRegnal] had defaulted on [Prev.GetHerHis] debts, and in an effort to recoup this loss the bank backed [Root.GetTitledFirstNameNoRegnal]'s claim to [Prev.PrimaryTitle.GetName].;[Root.GetTitledFirstNameNoRegnal] reçut le soutien de la Banque de Fer contre son adversaire [Prev.GetTitledFirstNameWithDynasty] de [Prev.PrimaryTitle.GetName]. [Prev.GetTitledFirstNameNoRegnal] avait échoué à rembourser sa dette, et dans une tentative de récupérer son dû, la banque soutint la revendication de [Root.GetTitledFirstNameNoRegnal] sur [Prev.PrimaryTitle.GetName].;;;[Root.GetTitledFirstNameNoRegnal] recibió el apoyo del Banco de Hierro contra su adversario [Prev.GetTitledFirstNameWithDynasty] de [Prev.PrimaryTitle.GetName]. [Prev.GetTitledFirstNameNoRegnal] no logró reembolsar su deuda, y en un intento de recuperar el dinero, el banco apoyó la reclamación de [Root.GetTitledFirstNameNoRegnal] al [Prev.PrimaryTitle.GetName].;;;;;;;;;x
CHRONICLE_IRON_BANK_FUNDING_CLAIM;[Root.GetTitledFirstNameNoRegnal] received the backing of The Iron Bank against [Root.GetHerHis] liege [Prev.GetTitledFirstNameWithDynasty] of [Prev.PrimaryTitle.GetName]. [Prev.GetTitledFirstNameNoRegnal] had defaulted on [Prev.GetHerHis] debts, and in an effort to recoup this loss the bank backed [Root.GetTitledFirstNameNoRegnal]'s claim to [Prev.PrimaryTitle.GetName].;[Root.GetTitledFirstNameNoRegnal] reçut le soutien de la Banque de Fer contre son suzerain(e) [Prev.GetTitledFirstNameWithDynasty] de [Prev.PrimaryTitle.GetName]. [Prev.GetTitledFirstNameNoRegnal] avait échoué à rembourser sa dette, et dans une tentative de récupérer son dû, la banque soutint la revendication de [Root.GetTitledFirstNameNoRegnal] sur [Prev.PrimaryTitle.GetName].;;;[Root.GetTitledFirstNameNoRegnal] recibió el apoyo del Banco de Hierro contra su Señor [Prev.GetTitledFirstNameWithDynasty] de [Prev.PrimaryTitle.GetName]. [Prev.GetTitledFirstNameNoRegnal] no logró reembolsar su deuda, y en un intento de recuperar el dinero, el banco apoyó la reclamación de [Root.GetTitledFirstNameNoRegnal] al [Prev.PrimaryTitle.GetName].;;;;;;;;;x
CHRONICLE_IRON_BANK_FUNDING_TARGET;In an attempt to recoup the loss from a defaulted loan, The Iron Bank granted backing and funding to [Root.GetTitledFirstNameNoRegnal]'s enemy [From.GetTitledFirstNameWithDynasty] of [From.PrimaryTitle.GetName], pressing [From.GetHerHis] claim on [Root.PrimaryTitle.GetName].;Dans une tentative de récupérer son dû suite à une dette non remboursée, la Banque de Fer accorda son soutien financier à l’adversaire de [Root.GetTitledFirstNameNoRegnal], [From.GetTitledFirstNameWithDynasty] de [From.PrimaryTitle.GetName], soutenant sa revendication sur [Root.PrimaryTitle.GetName].;;;En un intento de recuperar su dinero debido a raíz de una deuda no reembolsada, el banco de Hierro opoyó financieramente al adversario de [Root.GetTitledFirstNameNoRegnal], [From.GetTitledFirstNameWithDynasty] de [From.PrimaryTitle.GetName], apoyando su reclamación al [Root.PrimaryTitle.GetName].;;;;;;;;;x
CHRONICLE_RELATIVE_LEGITIMISED;By the decree of [FromFrom.GetTitledFirstNameoftheHouse], the bastard [From.GetTitledFirstNameWithNick] of [From.PrimaryTitle.GetName], [From.GetRootRelation] of [Root.GetTitledFirstNameNoRegnal], was legitmised as a legal heir of House [From.GetOnlyDynastyName].;Par le décret de [FromFrom.GetTitledFirstName] de la Maison [FromFrom.GetOnlyDynastyName], le(a) bâtard(e) [From.GetTitledFirstNameWithNick] de [From.PrimaryTitle.GetName], [From.GetRootRelation] de [Root.GetTitledFirstNameNoRegnal], fut acceuill(e) au sein de la Maison [From.GetOnlyDynastyName] comme héritier(ère) légitime.;;;Por decreto de [FromFrom.GetTitledFirstName] de la casa [FromFrom.GetOnlyDynastyName], el bastardo [From.GetTitledFirstNameWithNick] de [From.PrimaryTitle.GetName], [From.GetRootRelation] de [Root.GetTitledFirstNameNoRegnal], fue acogido en el seno de la casa [From.GetOnlyDynastyName] como heredero legítimo.;;;;;;;;;x
CHRONICLE_LEGITIMISED_BY_KING;By the decree of [From.GetTitledFirstNameoftheHouse], the bastard [Root.GetTitledFirstNameWithNick] of [Root.PrimaryTitle.GetName] was legitmised as a legal heir of House [Root.GetOnlyDynastyName].;Par le décret de [From.GetTitledFirstName] de la Maison [From.GetOnlyDynastyName], le(a) bâtard(e) [Root.GetTitledFirstNameWithNick] de [Root.PrimaryTitle.GetName] fut légitimé(e) comme héritier(ère) de la Maison [Root.GetOnlyDynastyName].;;;Por decreto de [From.GetTitledFirstName] de la casa [From.GetOnlyDynastyName], el bastardo [Root.GetTitledFirstNameWithNick] de [Root.PrimaryTitle.GetName] fue legitimado como heredero de la casa [Root.GetOnlyDynastyName].;;;;;;;;;x
CHRONICLE_MAIMED_BATTLE;On [GetDateText], [Root.GetTitledFirstNameNoRegnal] suffered a grievous injury whilst in the midst of battle.;En [GetDateText], [Root.GetTitledFirstNameNoRegnal] souffrit d’une terrible blessure lors d’une bataille.;;;En [GetDateText], [Root.GetTitledFirstNameNoRegnal] sufrió una terrible lesión en una batalla.;;;;;;;;;x
CHRONICLE_INCAPABLE_BATTLE;On [GetDateText], [Root.GetTitledFirstNameNoRegnal] suffered a serious head injury whilst in the midst of battle, which rendered the [Root.GetTitle] comatose and incapable.;En [GetDateText], [Root.GetTitledFirstNameNoRegnal] souffrit d’une terrible blessure à la tête lors d’une bataille, qui le(a) laissa comateux(se) et incapable.;;;En [GetDateText], [Root.GetTitledFirstNameNoRegnal] sufrió una terrible lesión en la cabeza en una batalla, que lo dejó comatoso e incapaz.;;;;;;;;;x
CHRONICLE_DIREWOLF_SLAIN;[Root.GetTitledFirstNameNoRegnal]'s cherished direwolf companion was tragically slain in the midst of battle.;Le loup géant adoré de [Root.GetTitledFirstNameNoRegnal] fut tragiquement tué lors d’une bataille.;;;El lobo huargo [Root.GetTitledFirstNameNoRegnal] murió trágicamente en una batalla.;;;;;;;;;x
CHRONICLE_SNOWBEAR_SLAIN;[Root.GetTitledFirstNameNoRegnal]'s cherished snow-bear companion was tragically slain in the midst of battle.;Le compagnon ours polaire adoré de [Root.GetTitledFirstNameNoRegnal] fut tragiquement tué lors d’une bataille.;;;El oso polar [Root.GetTitledFirstNameNoRegnal] murió trágicamente en una batalla.;;;;;;;;;x
CHRONICLE_BEAR_SLAIN;[Root.GetTitledFirstNameNoRegnal]'s cherished bear companion was tragically slain in the midst of battle.;Le compagnon ours adoré de [Root.GetTitledFirstNameNoRegnal] fut tragiquement tué lors d’une bataille.;;;El oso [Root.GetTitledFirstNameNoRegnal] murió trágicamente en una batalla.;;;;;;;;;x
CHRONICLE_SHADOWCAT_SLAIN;[Root.GetTitledFirstNameNoRegnal]'s cherished shadowcat was tragically slain in the midst of battle.;Le compagnon lynx-de-fumée adoré de [Root.GetTitledFirstNameNoRegnal] fut tragiquement tué lors d’une bataille.;;;El gato sombra de [Root.GetTitledFirstNameNoRegnal] murió trágicamente en una batalla.;;;;;;;;;x
CHRONICLE_AFFAIR_DISCOVERED_WIFE;A great scandal befell the court of [Root.Capital.Capital.GetName], when [Root.GetTitledFirstNameNoRegnal] was discovered to be carrying on an affair with [Root.GetHerHis] [GetPrevRelation] [Prev.GetTitledFirstNameWithDynasty], behind the back of [Root.GetHerHis] [Root.Spouse.GetHusbandWife] [From.GetTitledFirstNameWithDynasty].;Un grand scandale ébranla la cour de [Root.Capital.Capital.GetName], quand on découvrit que [Root.GetTitledFirstNameNoRegnal] entretenait une relation illicite avec [Root.GetHerHis] [GetPrevRelation] [Prev.GetTitledFirstNameWithDynasty], dans le dos de [Root.GetHerHis] [Root.Spouse.GetHusbandWife] [From.GetTitledFirstNameWithDynasty].;;;Un gran escándalo sacudió la corte de [Root.Capital.Capital.GetName], al descubirse que [Root.GetTitledFirstNameNoRegnal] mantenía una relación ilícita con [Root.GetHerHis] [GetPrevRelation] [Prev.GetTitledFirstNameWithDynasty], a la espalda de [Root.GetHerHis] [Root.Spouse.GetHusbandWife] [From.GetTitledFirstNameWithDynasty].;;;;;;;;;x
CHRONICLE_AFFAIR_DISCOVERED_HUSBAND;A great scandal befell the court of [This.Capital.Capital.GetName], when [Root.GetTitledFirstNameWithDynasty], [Root.GetHusbandWife] of [This.GetTitledFirstNameNoRegnal], was discovered to be carrying on an affair with [Prev.GetTitledFirstNameWithDynasty].;Un grand scandale ébranla la cour de [This.Capital.Capital.GetName], quand on découvrit que [Root.GetTitledFirstNameWithDynasty], [Root.GetHusbandWife] de [This.GetTitledFirstNameNoRegnal], entretenait une relation illicite avec [Prev.GetTitledFirstNameWithDynasty].;;;Un gran escándalo sacudió la corte de [This.Capital.Capital.GetName], al descubirse que [Root.GetTitledFirstNameWithDynasty], [Root.GetHusbandWife] de [This.GetTitledFirstNameNoRegnal], mantenía una relación ilícita con [Prev.GetTitledFirstNameWithDynasty].;;;;;;;;;x
CHRONICLE_AFFAIR_DISCOVERED_SEDUCER;A great scandal befell the court of [Root.Capital.Capital.GetName], when [Root.GetTitledFirstNameNoRegnal] was discovered to be carrying on an affair with [Root.GetHerHis] [From.GetRootRelation] [From.GetTitledFirstNameWithDynasty], behind the back of [From.GetHerHis] [FromFrom.GetHusbandWife] [FromFrom.GetTitledFirstNameWithDynasty], [Root.GetTitledFirstNameNoRegnal]'s [FromFrom.GetRootRelation].;Un grand scandale ébranla la cour de [Root.Capital.Capital.GetName], quand on découvrit que [Root.GetTitledFirstNameNoRegnal] entretenait une relation illicite avec [Root.GetHerHis] [From.GetRootRelation] [From.GetTitledFirstNameWithDynasty], dans le dos de [From.GetHerHis] [FromFrom.GetHusbandWife] [FromFrom.GetTitledFirstNameWithDynasty], [FromFrom.GetRootRelation] de [Root.GetTitledFirstNameNoRegnal].;;;Un gran escándalo sacudió la corte de [Root.Capital.Capital.GetName], al descubirse que [Root.GetTitledFirstNameNoRegnal] mantenía una relación ilícita con [Root.GetHerHis] [From.GetRootRelation] [From.GetTitledFirstNameWithDynasty], a la espalda de [From.GetHerHis] [FromFrom.GetHusbandWife] [FromFrom.GetTitledFirstNameWithDynasty], [FromFrom.GetRootRelation] de [Root.GetTitledFirstNameNoRegnal].;;;;;;;;;x
CHRONICLE_TORTURED_WET_NURSES;In one of the darker episodes of [Root.GetHerHis] rule, [Root.GetTitledFirstNameNoRegnal] responded to the stillbirth of [Root.GetHerHis] [From.GetSonDaughter] by having the wet nurses involved, and their families, tortured to death under questioning.;Durant l’un des épisodes les plus noirs de son règne, [Root.GetTitledFirstNameNoRegnal] réagit à la mortinaissance de [Root.GetHerHis] [From.GetSonDaughter] en torturant à mort les nourrices présentes et leurs familles.;;;En uno de los episodios más oscuros de su reinado, [Root.GetTitledFirstNameNoRegnal] reaccionó a la muerte en el nacimiento de [Root.GetHerHis] [From.GetSonDaughter] torturando hasta la muerte a las matronas presentes y sus familias.;;;;;;;;;x
CHRONICLE_BLEEDING_YEARS;During the Bleeding Years following the Doom, the Triarchs of [Root.PrimaryTitle.GetName] claimed the inheritance of the Old Valyrian Freehold, proclaiming themselves to be the rightful rulers of the world. Under the leadership of the tigers, their fleet took Lys while their army captured Myr. By this year, [Root.GetTitledFirstNameWithNickAndDynasty] was continuing  this reconquest of the Freehold lands.;Durant le Siècle de Sang suivant le Fléau, les Triarques de [Root.PrimaryTitle.GetName] revendiquèrent l’héritage des Possessions de l’Ancienne Valyria, se proclamant les souverains légitimes du monde. Sous la direction des tigres, leur flotte reprit Lys tandis que leur armée capturait Myr. En cette année, [Root.GetTitledFirstNameWithNickAndDynasty] continuait la reconquête des Possessions.;;;Durante el Siglo Sangriento posterior a la Maldición de Valyria, los Triarcas de [Root.PrimaryTitle.GetName] reiindicaron la herencia del Feudo Franco de Valyria, proclamándose soberanos legítimos del mundo. Bajo la dirección de los tigres, su flota tomó Lys mientras que su ejército capturó Myr. Ese año, [Root.GetTitledFirstNameWithNickAndDynasty] continuó la reconquista del Feudo Franco.;;;;;;;;;x
CHRONICLE_BLINDED_RULER;[Root.GetTitledFirstNameNoRegnal] had [Root.GetHerHis] [From.GetRootRelation] [From.GetTitledFirstNameWithNickAndDynasty] of [From.PrimaryTitle.GetName] blinded.;[Root.GetTitledFirstNameNoRegnal] fit crever les yeux de [Root.GetHerHis] [From.GetRootRelation] [From.GetTitledFirstNameWithNickAndDynasty] de [From.PrimaryTitle.GetName].;;;[Root.GetTitledFirstNameNoRegnal] arrancó los ojos de [Root.GetHerHis] [From.GetRootRelation] [From.GetTitledFirstNameWithNickAndDynasty] de [From.PrimaryTitle.GetName].;;;;;;;;;x
CHRONICLE_BLINDED_RELATIVE;[Root.GetTitledFirstNameNoRegnal] had [Root.GetHerHis] own [From.GetRootRelation] [From.GetTitledFirstNameWithNick] blinded.;[Root.GetTitledFirstNameNoRegnal] fit crever les yeux de [Root.GetHerHis] propre [From.GetRootRelation] [From.GetRootRelation] [From.GetTitledFirstNameWithNick].;;;[Root.GetTitledFirstNameNoRegnal] arrancó los ojos de [Root.GetHerHis] propre [From.GetRootRelation] [From.GetRootRelation] [From.GetTitledFirstNameWithNick].;;;;;;;;;x
CHRONICLE_BLINDED_RULER_RELATIVE;[Root.GetTitledFirstNameNoRegnal] had [From.GetTitledFirstNameWithNick], [From.GetLiegeRelation] of [From.Liege.GetTitledFirstNameWithNick] [From.Liege.GetOnlyDynastyName] of [From.Liege.PrimaryTitle.GetName], blinded.;[Root.GetTitledFirstNameNoRegnal] fit crever les yeux de [From.GetTitledFirstNameWithNick], [From.GetLiegeRelation] de [From.Liege.GetTitledFirstNameWithNick] [From.Liege.GetOnlyDynastyName] de [From.Liege.PrimaryTitle.GetName].;;;[Root.GetTitledFirstNameNoRegnal] arrancó los ojos de [From.GetTitledFirstNameWithNick], [From.GetLiegeRelation] de [From.Liege.GetTitledFirstNameWithNick] [From.Liege.GetOnlyDynastyName] de [From.Liege.PrimaryTitle.GetName].;;;;;;;;;x
CHRONICLE_BLINDED_DRAGON_RIDER;[Root.GetTitledFirstNameNoRegnal] had the dragon rider [From.GetTitledFirstNameWithNickAndDynasty] blinded.;[Root.GetTitledFirstNameNoRegnal] fit crever les yeux du(e la) chevaucheur(se) de dragon [From.GetTitledFirstNameWithNickAndDynasty].;;;[Root.GetTitledFirstNameNoRegnal] arrancó los ojos del jinete de dragón [From.GetTitledFirstNameWithNickAndDynasty].;;;;;;;;;x
CHRONICLE_BLINDED_KINGSGUARD;[Root.GetTitledFirstNameNoRegnal] had the kingsguard [From.GetTitledFirstNameWithNickAndDynasty] blinded.;[Root.GetTitledFirstNameNoRegnal] fit crever les yeux du garde royal ser [From.GetTitledFirstNameWithNickAndDynasty].;;;[Root.GetTitledFirstNameNoRegnal] arrancó los ojos del guardia real [From.GetTitledFirstNameWithNickAndDynasty].;;;;;;;;;x
CHRONICLE_BLINDED_CHARACTER;[Root.GetTitledFirstNameNoRegnal] had [From.GetTitledFirstNameWithNickAndDynasty] blinded.;[Root.GetTitledFirstNameNoRegnal] fit crever les yeux de [From.GetTitledFirstNameWithNickAndDynasty].;;;[Root.GetTitledFirstNameNoRegnal] arrancó los ojos de [From.GetTitledFirstNameWithNickAndDynasty].;;;;;;;;;x
CHRONICLE_BLINDED;[Root.GetTitledFirstNameNoRegnal] suffered greatly and the hands of [FromFrom.GetTitledFirstNameWithNick] [FromFrom.GetOnlyDynastyName] of [FromFrom.PrimaryTitle.GetName], who had the [Root.GetTitle] brutally blinded.;[Root.GetTitledFirstNameNoRegnal] souffrit grandement aux mains de [FromFrom.GetTitledFirstNameWithNick] [FromFrom.GetOnlyDynastyName] de [FromFrom.PrimaryTitle.GetName], qui lui fit crever les yeux.;;;[Root.GetTitledFirstNameNoRegnal] sufrió enormemente a manos de [FromFrom.GetTitledFirstNameWithNick] [FromFrom.GetOnlyDynastyName] de [FromFrom.PrimaryTitle.GetName], que le arrancó los ojos.;;;;;;;;;x
CHRONICLE_RELATIVE_BLINDED;[Root.GetTitledFirstNameWithNickAndDynasty], [This.GetTitledFirstNameNoRegnal]'s [From.GetRootRelation], suffered greatly and the hands of [FromFrom.GetTitledFirstNameWithNick] [FromFrom.GetOnlyDynastyName] of [FromFrom.PrimaryTitle.GetName], who had [Root.GetFirstName] brutally blinded.;[Root.GetTitledFirstNameWithNickAndDynasty], [From.GetRootRelation] de [This.GetTitledFirstNameNoRegnal], souffrit grandement aux mains de [FromFrom.GetTitledFirstNameWithNick] [FromFrom.GetOnlyDynastyName] de [FromFrom.PrimaryTitle.GetName], qui fit crever les yeux de [Root.GetFirstName].;;;[Root.GetTitledFirstNameWithNickAndDynasty], [From.GetRootRelation] de [This.GetTitledFirstNameNoRegnal], sufrió enormemente a manos de [FromFrom.GetTitledFirstNameWithNick] [FromFrom.GetOnlyDynastyName] de [FromFrom.PrimaryTitle.GetName], que arrancó los ojos de [Root.GetFirstName].;;;;;;;;;x
CHRONICLE_CASTRATED_RULER;[Root.GetTitledFirstNameNoRegnal] had [Root.GetHerHis] [From.GetRootRelation] [From.GetTitledFirstNameWithNickAndDynasty] of [From.PrimaryTitle.GetName] castrated at the age of [From.GetAgeYears].;[Root.GetTitledFirstNameNoRegnal] fit castrer [Root.GetHerHis] [From.GetRootRelation] [From.GetTitledFirstNameWithNickAndDynasty] de [From.PrimaryTitle.GetName] à l’âge de [From.GetAgeYears] ans.;;;[Root.GetTitledFirstNameNoRegnal] hizo castrar a [Root.GetHerHis] [From.GetRootRelation] [From.GetTitledFirstNameWithNickAndDynasty] de [From.PrimaryTitle.GetName] a la edad de [From.GetAgeYears] años.;;;;;;;;;x
CHRONICLE_CASTRATED_RELATIVE;[Root.GetTitledFirstNameNoRegnal] had [Root.GetHerHis] own [From.GetRootRelation] [From.GetTitledFirstNameWithNick] castrated at the age of [From.GetAgeYears].;[Root.GetTitledFirstNameNoRegnal] fit castrer [Root.GetHerHis] propre [From.GetRootRelation] [From.GetTitledFirstNameWithNick] à l’âge de [From.GetAgeYears] ans.;;;[Root.GetTitledFirstNameNoRegnal] hizo castrar a [Root.GetHerHis] propio [From.GetRootRelation] [From.GetTitledFirstNameWithNick] a la edad de [From.GetAgeYears] años.;;;;;;;;;x
CHRONICLE_CASTRATED_RULER_RELATIVE;[Root.GetTitledFirstNameNoRegnal] had [From.GetTitledFirstNameWithNick], [From.GetLiegeRelation] of [From.Liege.GetTitledFirstNameWithNick] [From.Liege.GetOnlyDynastyName] of [From.Liege.PrimaryTitle.GetName], castrated at the age of [From.GetAgeYears].;[Root.GetTitledFirstNameNoRegnal] fit castrer [From.GetTitledFirstNameWithNick], [From.GetLiegeRelation] de [From.Liege.GetTitledFirstNameWithNick] [From.Liege.GetOnlyDynastyName] de [From.Liege.PrimaryTitle.GetName], à l’âge de [From.GetAgeYears] ans.;;;[Root.GetTitledFirstNameNoRegnal] hizo castrar a [From.GetTitledFirstNameWithNick], [From.GetLiegeRelation] de [From.Liege.GetTitledFirstNameWithNick] [From.Liege.GetOnlyDynastyName] de [From.Liege.PrimaryTitle.GetName], a la edad de [From.GetAgeYears] años.;;;;;;;;;x
CHRONICLE_CASTRATED_DRAGON_RIDER;[Root.GetTitledFirstNameNoRegnal] had the dragon rider [From.GetTitledFirstNameWithNickAndDynasty] blinded.;[Root.GetTitledFirstNameNoRegnal] fit castrer le chevaucheur de dragon [From.GetTitledFirstNameWithNickAndDynasty] à l’âge de [From.GetAgeYears] ans.;;;[Root.GetTitledFirstNameNoRegnal] hizo castrar al jinete de dragón [From.GetTitledFirstNameWithNickAndDynasty] a la edad de [From.GetAgeYears] años.;;;;;;;;;x
CHRONICLE_CASTRATED_KINGSGUARD;[Root.GetTitledFirstNameNoRegnal] had the kingsguard [From.GetTitledFirstNameWithNickAndDynasty] castrated at the age of [From.GetAgeYears].;[Root.GetTitledFirstNameNoRegnal] fit castrer le garde royal ser [From.GetTitledFirstNameWithNickAndDynasty] à l’âge de [From.GetAgeYears] ans.;;;[Root.GetTitledFirstNameNoRegnal] hizo castrar a [From.GetTitledFirstNameWithNickAndDynasty] a la edad de [From.GetAgeYears] años.;;;;;;;;;x
CHRONICLE_CASTRATED_CHARACTER;[Root.GetTitledFirstNameNoRegnal] had [From.GetTitledFirstNameWithNickAndDynasty] castrated at the age of [From.GetAgeYears].;[Root.GetTitledFirstNameNoRegnal] fit castrer [From.GetTitledFirstNameWithNickAndDynasty] à l’âge de [From.GetAgeYears] ans.;;;[Root.GetTitledFirstNameNoRegnal] hizo castrar a [From.GetTitledFirstNameWithNickAndDynasty] a la edad de [From.GetAgeYears] años.;;;;;;;;;x
CHRONICLE_CASTRATED_RULER_BOY;In a most ruthless act, [Root.GetTitledFirstNameNoRegnal] had [Root.GetHerHis] [From.GetRootRelation] [From.GetTitledFirstNameWithNickAndDynasty] of [From.PrimaryTitle.GetName], a boy of only [From.GetAgeYears], castrated.;Dans un acte des plus barbares, [Root.GetTitledFirstNameNoRegnal] fit castrer [Root.GetHerHis] [From.GetRootRelation] [From.GetTitledFirstNameWithNickAndDynasty] de [From.PrimaryTitle.GetName], un garçon d’à peine [From.GetAgeYears] ans.;;;En un acto bárbaro, [Root.GetTitledFirstNameNoRegnal] hizo castrar a [Root.GetHerHis] [From.GetRootRelation] [From.GetTitledFirstNameWithNickAndDynasty] de [From.PrimaryTitle.GetName], un niño de apenas [From.GetAgeYears] años.;;;;;;;;;x
CHRONICLE_CASTRATED_RELATIVE_BOY;In a most ruthless act, [Root.GetTitledFirstNameNoRegnal] had [Root.GetHerHis] own [From.GetRootRelation] [From.GetTitledFirstNameWithNick], a boy of only [From.GetAgeYears], castrated.;Dans un acte des plus barbares, [Root.GetTitledFirstNameNoRegnal] fit castrer [Root.GetHerHis] propre [From.GetRootRelation] [From.GetTitledFirstNameWithNick], un garçon d’à peine [From.GetAgeYears] ans.;;;En un acto bárbaro, [Root.GetTitledFirstNameNoRegnal] hizo castrar a [Root.GetHerHis] propio [From.GetRootRelation] [From.GetTitledFirstNameWithNick], un niño de apenas [From.GetAgeYears] años.;;;;;;;;;x
CHRONICLE_CASTRATED_RULER_RELATIVE_BOY;In a most ruthless act, [Root.GetTitledFirstNameNoRegnal] had [From.GetTitledFirstNameWithNick], [From.GetLiegeRelation] of [From.Liege.GetTitledFirstNameWithNick] [From.Liege.GetOnlyDynastyName] of [From.Liege.PrimaryTitle.GetName], and a boy of only [From.GetAgeYears], castrated.;Dans un acte des plus barbares, [Root.GetTitledFirstNameNoRegnal] fit castrer [From.GetTitledFirstNameWithNick], [From.GetLiegeRelation] de [From.Liege.GetTitledFirstNameWithNick] [From.Liege.GetOnlyDynastyName] de [From.Liege.PrimaryTitle.GetName], un garçon d’à peine [From.GetAgeYears] ans.;;;En un acto bárbaro, [Root.GetTitledFirstNameNoRegnal] hizo castrar a [From.GetTitledFirstNameWithNick], [From.GetLiegeRelation] de [From.Liege.GetTitledFirstNameWithNick] [From.Liege.GetOnlyDynastyName] de [From.Liege.PrimaryTitle.GetName], un niño de apenas [From.GetAgeYears] años.;;;;;;;;;x
CHRONICLE_CASTRATED_DRAGON_RIDER_BOY;In a most ruthless act, [Root.GetTitledFirstNameNoRegnal] had the dragon rider [From.GetTitledFirstNameWithNickAndDynasty], a boy of only [From.GetAgeYears], castrated.;Dans un acte des plus barbares, [Root.GetTitledFirstNameNoRegnal] fit castrer le chevaucheur de dragon [From.GetTitledFirstNameWithNickAndDynasty], un garçon d’à peine [From.GetAgeYears] ans.;;;En un acto bárbaro, [Root.GetTitledFirstNameNoRegnal] hizo castrar al jinete de dragón [From.GetTitledFirstNameWithNickAndDynasty], un niño de apenas [From.GetAgeYears] años.;;;;;;;;;x
CHRONICLE_CASTRATED_CHARACTER_BOY;In a most ruthless act, [Root.GetTitledFirstNameNoRegnal] had [From.GetTitledFirstNameWithNickAndDynasty], a boy of only [From.GetAgeYears], castrated.;Dans un acte des plus barbares, [Root.GetTitledFirstNameNoRegnal] fit castrer [From.GetTitledFirstNameWithNickAndDynasty], un garçon d’à peine [From.GetAgeYears] ans.;;;En un acto bárbaro, [Root.GetTitledFirstNameNoRegnal] hizo castrar a [From.GetTitledFirstNameWithNickAndDynasty], un niño de apenas [From.GetAgeYears] años.;;;;;;;;;x
CHRONICLE_CASTRATED;[Root.GetTitledFirstNameNoRegnal] suffered greatly and the hands of [FromFrom.GetTitledFirstNameWithNick] [FromFrom.GetOnlyDynastyName] of [FromFrom.PrimaryTitle.GetName], who had the [Root.GetTitle] brutally castrated at the age of [From.GetAgeYears].;[Root.GetTitledFirstNameNoRegnal] souffrit grandement aux mains de [FromFrom.GetTitledFirstNameWithNick] [FromFrom.GetOnlyDynastyName] de [FromFrom.PrimaryTitle.GetName], qui le castra brutalement à l’âge de [From.GetAgeYears].;;;[Root.GetTitledFirstNameNoRegnal] sufrió enormemente a manos de [FromFrom.GetTitledFirstNameWithNick] [FromFrom.GetOnlyDynastyName] de [FromFrom.PrimaryTitle.GetName], que lo castró brutalmente a la edad de [From.GetAgeYears].;;;;;;;;;x
CHRONICLE_RELATIVE_CASTRATED;[Root.GetTitledFirstNameWithNickAndDynasty], [This.GetTitledFirstNameNoRegnal]'s [From.GetRootRelation], suffered greatly and the hands of [FromFrom.GetTitledFirstNameWithNick] [FromFrom.GetOnlyDynastyName] of [FromFrom.PrimaryTitle.GetName], who had [Root.GetFirstName] brutally castrated.;[Root.GetTitledFirstNameWithNickAndDynasty], [From.GetRootRelation] de [This.GetTitledFirstNameNoRegnal], souffrit grandement aux mains de [FromFrom.GetTitledFirstNameWithNick] [FromFrom.GetOnlyDynastyName] de [FromFrom.PrimaryTitle.GetName], qui castra [Root.GetFirstName] brutalement.;;;[Root.GetTitledFirstNameWithNickAndDynasty], [From.GetRootRelation] de [This.GetTitledFirstNameNoRegnal], sufrió enormemente a manos de [FromFrom.GetTitledFirstNameWithNick] [FromFrom.GetOnlyDynastyName] de [FromFrom.PrimaryTitle.GetName], que castró a [Root.GetFirstName] brutalmente.;;;;;;;;;x
CHRONICLE_RELATIVE_CASTRATED_BOY;[Root.GetTitledFirstNameWithNickAndDynasty], [This.GetTitledFirstNameNoRegnal]'s [From.GetRootRelation], suffered greatly and the hands of [FromFrom.GetTitledFirstNameWithNick] [FromFrom.GetOnlyDynastyName] of [FromFrom.PrimaryTitle.GetName], who had the boy castrated at the age of only [From.GetAgeYears].;[Root.GetTitledFirstNameWithNickAndDynasty], [From.GetRootRelation] de [This.GetTitledFirstNameNoRegnal], souffrit grandement aux mains de [FromFrom.GetTitledFirstNameWithNick] [FromFrom.GetOnlyDynastyName] de [FromFrom.PrimaryTitle.GetName], qui castra brutalement le garçon à l’âge de [From.GetAgeYears] ans seulement.;;;[Root.GetTitledFirstNameWithNickAndDynasty], [From.GetRootRelation] de [This.GetTitledFirstNameNoRegnal], sufrió enormemente a manos de [FromFrom.GetTitledFirstNameWithNick] [FromFrom.GetOnlyDynastyName] de [FromFrom.PrimaryTitle.GetName], que castró brutalmente al niño a la edad de [From.GetAgeYears] años.;;;;;;;;;x
CHRONICLE_CADET_DYNASTY;[Root.GetTitledFirstNameNoRegnal] legitmised [Root.GetHerHis] bastard [From.GetRootRelation] [From.GetTitledFirstNameWithNick], allowing [From.GetHerHim] to start a cadet house of [Root.GetOnlyDynastyName] by the name of House [From.GetOnlyDynastyName].;[Root.GetTitledFirstNameNoRegnal] légitima [Root.GetHerHis] bâtard(e) [From.GetRootRelation] [From.GetTitledFirstNameWithNick], lui permettant de fonder une Maison cadette des [Root.GetOnlyDynastyName] sous le nom de Maison [From.GetOnlyDynastyName].;;;[Root.GetTitledFirstNameNoRegnal] legitimó a [Root.GetHerHis] [From.GetRootRelation] bastardo [From.GetTitledFirstNameWithNick], permitiéndole fundar una rama cadete de la casa [Root.GetOnlyDynastyName] con el nombre de casa [From.GetOnlyDynastyName].;;;;;;;;;x
CHRONICLE_BATTLEFIELD_FRIEND;During a battle at [Root.Location.GetName], [Root.GetTitledFirstNameNoRegnal] saved the life of [Root.GetHerHis] [GetPrevRelation] [Prev.GetTitledFirstNameWithNick] [Prev.GetOnlyDynastyName] of [Prev.PrimaryTitle.GetName]. They remained fast friends and companions since that day.;Durant la bataille de [Root.Location.GetName], [Root.GetTitledFirstNameNoRegnal] sauva la vie de [Root.GetHerHis] [GetPrevRelation] [Prev.GetTitledFirstNameWithNick] [Prev.GetOnlyDynastyName] de [Prev.PrimaryTitle.GetName]. Ils restèrent bons amis et compagnons dès lors.;;;Durante la batalla de [Root.Location.GetName], [Root.GetTitledFirstNameNoRegnal] salvó la vida de [Root.GetHerHis] [GetPrevRelation] [Prev.GetTitledFirstNameWithNick] [Prev.GetOnlyDynastyName] de [Prev.PrimaryTitle.GetName]. Fueron buenos amigos y compañeros desde entonces.;;;;;;;;;x
CHRONICLE_BATTLEFIELD_FRIEND_FROM;During a battle at [Root.Location.GetName], [Root.GetTitledFirstNameNoRegnal] had [Root.GetHerHis] life saved by [Root.GetHerHis] [From.GetRootRelation] [From.GetTitledFirstNameWithDynasty] of [From.PrimaryTitle.GetName]. They remained fast friends and companions since that day.;Durant la bataille de [Root.Location.GetName], [Root.GetTitledFirstNameNoRegnal] eut la vie sauve grace à [Root.GetHerHis] [From.GetRootRelation] [From.GetTitledFirstNameWithDynasty] de [From.PrimaryTitle.GetName]. Ils restèrent bons amis et compagnons dès lors.;;;Durante la batalla de [Root.Location.GetName], [Root.GetTitledFirstNameNoRegnal] salvó la vida gracias a [Root.GetHerHis] [From.GetRootRelation] [From.GetTitledFirstNameWithDynasty] de [From.PrimaryTitle.GetName]. Fueron buenos amigos y compañeros desde entonces.;;;;;;;;;x
CHRONICLE_ACOK_ROBB_FREY_MARRIAGE;After his father, Eddard Stark the Lord of Winterfell, was imprisoned by King Joffrey Baratheon, Robb Stark raised the Northern banners and marched his army down the Neck. When Eddard was forced to make a false confession to treason, in order for his life and the life of his daughters to be spared, he was instead executed, prompting the Lords of the North and the Riverlands to declare his son Robb the King in the North and the King of the Trident, titles that haven't been heard in the realm since Aegon Targaryen's conquest of Westeros. In order to gain safe passage through The Twins for his armies, King Robb made an agreement with Lord Walder Frey to marry his daughter [Root.Spouse.GetName] [Root.Spouse.GetOnlyDynastyName].;Après que son père, Lord Eddard Stark de Winterfell, fut emprisoné par le Roi Joffrey Baratheon, Robb Stark leva les bannières du Nord et marcha avec son armée le long du Neck. Quand Eddard fut forcé à une fausse confession pour sauver sa vie et celle de ses filles, il fut exécuté à la place, en réponse de quoi les seigneurs du Nord et du Conflans déclarèrent son fils Robb Roi du Nord et du Trident, des titres dont on avait plus entendu parler dans le royaume depuis la conquête de Westeros par Aegon Targaryen. Afin d’assurer un passage sûr pour son armée à travers les Jumeaux, le Roi Robb jura au Lord Walter Frey d’épouser sa fille [Root.Spouse.GetName] [Root.Spouse.GetOnlyDynastyName].;;;Después de que su padre, Lord Eddard Stark de Invernalia, fuera encarcelado por el Rey Joffrey Baratheon, Robb Stark alzó a sus banderizos del Norte y marchó con su ejército al Cuello. Cuando forzaron a Eddard a una falsa confesión para salvar su vida y de sus hijas, fue ejecutado en la plaza. En respuesta los Señores del Norte y de las Tierras de los Ríos declararon a su hijo Robb Rey en el Norte y del Tridente, títulos de los que no se había oído hablar desde la conquista de Aegon. Para garantizarse un paso seguro para su ejército a través de Los Gemelos, el Rey Robb juró a Lord Walter Frey casarse con su hija [Root.Spouse.GetName] [Root.Spouse.GetOnlyDynastyName].;;;;;;;;;x
CHRONICLE_ACOK_ROBB_JEYNE_MARRIAGE;After his father, Eddard Stark the Lord of Winterfell, was imprisoned by King Joffrey Baratheon, Robb Stark raised the Northern banners and marched his army down the Neck. When Eddard was forced to make a false confession to treason, in order for his life and the life of his daughters to be spared, he was instead executed, prompting the Lords of the North and the Riverlands to declare his son Robb the King in the North and the King of the Trident, titles that haven't been heard in the realm since Aegon Targaryen's conquest of Westeros. In order to gain safe passage through The Twins for his armies, King Robb made an agreement with Lord Walder Frey to marry one of his daughters. The king later reneged on this agreement however, choosing instead to marry Lady Jeyne Westerling.;Après que son père, Lord Eddard Stark de Winterfell, fut emprisoné par le Roi Joffrey Baratheon, Robb Stark leva les bannières du Nord et marcha avec son armée le long du Neck. Quand Eddard fut forcé à une fausse confession pour sauver sa vie et celle de ses filles, il fut exécuté à la place, en réponse de quoi les seigneurs du Nord et du Conflans déclarèrent son fils Robb Roi du Nord et du Trident, des titres dont on avait plus entendu parler dans le royaume depuis la conquête de Westeros par Aegon Targaryen. Afin d’assurer un passage sûr pour son armée à travers les Jumeaux, le Roi Robb jura au Lord Walter Frey d’épouser l’une de ses filles. Mais il revint plus tard sur sa parole en choisissant plutôt d’épouser Jeyne Ouesterlin.;;;Después de que su padre, Lord Eddard Stark de Invernalia, fuera encarcelado por el Rey Joffrey Baratheon, Robb Stark alzó a sus banderizos del Norte y marchó con su ejército al Cuello. Cuando forzaron a Eddard a una falsa confesión para salvar su vida y de sus hijas, fue ejecutado en la plaza. En respuesta los Señores del Norte y de las Tierras de los Ríos declararon a su hijo Robb Rey en el Norte y del Tridente, títulos de los que no se había oído hablar desde la conquista de Aegon. Para garantizarse un paso seguro para su ejército a través de Los Gemelos, el Rey Robb juró a Lord Walter Frey casarse con una de sus hijas. Pero olvidó su palabra escogiendo casarse con Jeyne Westerling.;;;;;;;;;x
CHRONICLE_ACOK_ROBB_BREAK_BETROTHAL;After his father, Eddard Stark the Lord of Winterfell, was imprisoned by King Joffrey Baratheon, Robb Stark raised the Northern banners and marched his army down the Neck. When Eddard was forced to make a false confession to treason, in order for his life and the life of his daughters to be spared, he was instead executed, prompting the Lords of the North and the Riverlands to declare his son Robb the King in the North and the King of the Trident, titles that haven't been heard in the realm since Aegon Targaryen's conquest of Westeros. In order to gain safe passage through The Twins for his armies, King Robb made an agreement with Lord Walder Frey to marry one of his daughters. The king later reneged on this agreement however, breaking the betrothal to the great anger of House Frey.;Après que son père, Lord Eddard Stark de Winterfell, fut emprisoné par le Roi Joffrey Baratheon, Robb Stark leva les bannières du Nord et marcha avec son armée le long du Neck. Quand Eddard fut forcé à une fausse confession pour sauver sa vie et celle de ses filles, il fut exécuté à la place, en réponse de quoi les seigneurs du Nord et du Conflans déclarèrent son fils Robb Roi du Nord et du Trident, des titres dont on avait plus entendu parler dans le royaume depuis la conquête de Westeros par Aegon Targaryen. Afin d’assurer un passage sûr pour son armée à travers les Jumeaux, le Roi Robb jura au Lord Walter Frey d’épouser l’une de ses filles. Mais il revint plus tard sur sa parole, brisant les fiançailles à la grande colère de la Maison Frey.;;;Después de que su padre, Lord Eddard Stark de Invernalia, fuera encarcelado por el Rey Joffrey Baratheon, Robb Stark alzó a sus banderizos del Norte y marchó con su ejército al Cuello. Cuando forzaron a Eddard a una falsa confesión para salvar su vida y de sus hijas, fue ejecutado en la plaza. En respuesta los Señores del Norte y de las Tierras de los Ríos declararon a su hijo Robb Rey en el Norte y del Tridente, títulos de los que no se había oído hablar desde la conquista de Aegon. Para garantizarse un paso seguro para su ejército a través de Los Gemelos, el Rey Robb juró a Lord Walter Frey casarse con una de sus hijas. Pero olvidó su palabra, rompiendo los esponsales enfureciendo a la casa Frey.;;;;;;;;;x
CHRONICLE_ACOK_JOFFREY;Upon the death of King Robert, his eldest son Joffrey, the First of His Name, ascended to the Iron Throne. This new young king already faced serious troubles to his reign. His execution of Lord Eddard Stark prompted his son Robb Stark and the North to rise against him. His legitimacy was also called into question by Lord Stannis Baratheon, who did not hesitated to pursue his own claim for the throne on that basis. Lord Renly Baratheon also pressed a claim for the Iron Throne, with the power of the Reach and Stormlands stand behind him. Finally, Balon Greyjoy tried to carve out a kingdom for himself like the Iron Kings of old. The War of the Five Kings had begun.;Suivant la mort du Roi Robert, son fils aîné Joffrey, le Premier de Son Nom, monta sur le Trône de Fer. Le début du règne du jeune roi fut aussitôt tourmenté. Son exécution de Lord Eddard Stark poussa son fils Robb Stark et le Nord à se soulever, et sa légitimité fut remise en question par Lord Stannis Baratheon, qui n’hésita pas à revendiquer le trône pour lui-même. Lord Renly Baratheon fit de même, avec derrière lui les forces des Terres de l’Orage et du Bief. Enfin, Balon Greyjoy décida de se tailler son propre royaume à la pointe de l’épée, comme les Rois de Fer de jadis.  La Guerre des Cinq Rois venait de débuter.;;;Tras la muerte del Rey Robert, su hijo mayor Joffrey, el Primero de su Nombre, subió al Trono de Hierro. El inicio del reinado del joven Rey fue muy tormentoso. Su ejecución de Eddard Stark hizo que su hijo Robb Stark y el Norte se sublevaran, y su legitimidad fue puesta en duda por Stannis Baratheon, que no dudó en reclamar el trono para él mismo. Renly Baratheon hizo lo mismo, con las fuerzas de las Tierras de la Tormente y el Dominio detrás de él. Por último, Balon Greyjoy decidió tallarse su propio reino a punta de espada, como los Reyes de Hierro de antaño. La Guerra de los Cinco Reyes acababa de empezar.;;;;;;;;;x
CHRONICLE_ACOK_ARRYN;Westeros was once again at war. After the untimely death of Robert Baratheon, Joffrey, his untested firstborn son, sat the Iron Throne. Now scandal regarding the boy king's parentage had shaken the Seven Kingdoms. After discovering the truth, Eddard Stark sent word to Stannis Baratheon, Robert's younger brother, informing him that he is heir to the Iron Throne - an action that cost him his head. Eddard's son Robb, supported by House Tully of the Riverlands, called his banners against the Iron Throne. Meanwhile, Renly, Robert's youngest brother, had struck an alliance in the Reach in order to press the claim in his own name. Finally, Balon Greyjoy, ever the opportunist, declared his own independence and sent his reavers to the main land. With the death of his father Jon Arryn, Lord Robert Arryn, was the last of the ancient Arryn bloodline. So as to not risk the survival of this most noble House in a pointless rebellion against the Iron Throne, they chose to sit out this War of the Five Kings.;Westeros était une nouvelle fois en guerre. Après la mort prématurée du Roi Robert, Joffrey, son fils aîné sans expérience, monta sur le Trône de Fer. S’en suivit un scandale sur la filiation du garçon qui ébranla les fondations des Sept Couronnes. Après avoir découvert la vérité, Eddard Stark envoya à Stannis Baratheon, le frère cadet de Robert, un message l’informant qu’il était l’héritier du Trône de Fer – une action qui lui coûta sa tête. Le fils d’Eddard, Robb, supporté par la Maison Tully du Conflans, leva son ban contre le Trône de Fer. Pendant ce temps, Renly, le puîné de Robert, s’était allié au Bief pour revendiquer le trône en son propre nom. Enfin, Balon Greyjoy l’opportuniste déclara sa propre indépendance et envoya ses razzieurs sur le continent. Suivant la mort de son père Jon Arryn, Lord Robert Arryn était le dernier de l’ancienne lignée des Arryn. Pour éviter de mettre en péril la survie de cette noble Maison dans une rébellion futile, ils décidèrent de rester en dehors de la Guerre des Cinq Rois.;;;Poniente estaba una vez más en guerra. Tras la prematura muerte del Rey Robert, Joffrey, su inexperto hijo, se sentó en el Trono de Hierro con un escándalo sobre la verdadera filiación del Rey que sacudió los Siete Reinos. Tras descubrir la verdad, Eddard Stark envió a Stannis Baratheon, el hermano mediano de Robert, un mensaje informándole de que el era el verdadero heredero del Trono de Hierro – una acción que le costó su cabeza. El hijo de Eddard, Robb, apoyado por la casa Tully de las Tierras de los Ríos, alzó sus banderizos contra el Trono de Hierro. Durante este tiempo, Renly, el hermano menor de Robert, se alió con el Dominio para reclamar el trono para él. Por último, Balon Greyjoy declaró su propia independencia y envió expediciones de saqueo al continente. Tras la muerte de su padre Jon Arryn, Robert Arryn era el último heredero de la antigua casa Arryn. Para evitar poner en peligro la supervivencia de esta noble casa en una rebelión inútil, decidieron mantenerse al margen de la Guerra de los Cinco Reyes.;;;;;;;;;x
CHRONICLE_ACOK_TYWIN;Westeros was once again at war. After the untimely death of Robert Baratheon, Joffrey, his untested firstborn son, sat the Iron Throne. Now scandal regarding the boy king's parentage had shaken the Seven Kingdoms. After discovering the truth, Eddard Stark sent word to Stannis Baratheon, Robert's younger brother, informing him that he is heir to the Iron Throne - an action that cost him his head. Eddard's son Robb, supported by House Tully of the Riverlands, called his banners against the Iron Throne. Meanwhile, Renly, Robert's youngest brother, had struck an alliance in the Reach in order to press the claim in his own name. Finally, Balon Greyjoy, ever the opportunist, declared his own independence and sent his reavers to the main land. At the start of the ensuing war Robb Stark managed to capture Lord Tywin's valiant son Jaime at the battle of Whispering Wood. Lord Tywin would now have to fight to keep the Iron Throne for his grandson Joffrey and his House in the War of the Five Kings.;Westeros était une nouvelle fois en guerre. Après la mort prématurée du Roi Robert, Joffrey, son fils aîné sans expérience, monta sur le Trône de Fer. S’en suivit un scandale sur la filiation du garçon qui ébranla les fondations des Sept Couronnes. Après avoir découvert la vérité, Eddard Stark envoya à Stannis Baratheon, le frère cadet de Robert, un message l’informant qu’il était l’héritier du Trône de Fer – une action qui lui coûta sa tête. Le fils d’Eddard, Robb, supporté par la Maison Tully du Conflans, leva son ban contre le Trône de Fer. Pendant ce temps, Renly, le puîné de Robert, s’était allié au Bief pour revendiquer le trône en son propre nom. Enfin, Balon Greyjoy l’opportuniste déclara sa propre indépendance et envoya ses razzieurs sur le continent. Au début de la guerre qui suivit, Robb Stark parvint à capturer le vaillant fils de Lord Tywin, Jaime, à la bataille du Bois-aux-Murmures. Lord Tywin devrait dorénavant combattre pour que son petit-fils Joffrey et sa Maison conserve le Trône de Fer dans la Guerre des Cinq Rois.;;;Poniente estaba una vez más en guerra. Tras la prematura muerte del Rey Robert, Joffrey, su inexperto hijo, se sentó en el Trono de Hierro con un escándalo sobre la verdadera filiación del Rey que sacudió los Siete Reinos. Tras descubrir la verdad, Eddard Stark envió a Stannis Baratheon, el hermano mediano de Robert, un mensaje informándole de que el era el verdadero heredero del Trono de Hierro – una acción que le costó su cabeza. El hijo de Eddard, Robb, apoyado por la casa Tully de las Tierras de los Ríos, alzó sus banderizos contra el Trono de Hierro. Durante este tiempo, Renly, el hermano menor de Robert, se alió con el Dominio para reclamar el trono para él. Por último, Balon Greyjoy declaró su propia independencia y envió expediciones de saqueo al continente. Al inicio de la guerra, Robb Stark logró capturar al valiente hijo de Tywin Lannister, Jaime, en la batalla del Bosque Susurrante. Lord Tywin debe ahora luchar para que su nieto Joffrey y su casa conserven el Trono de Hierro en la Guerra de los Cinco Reyes.;;;;;;;;;x
CHRONICLE_ACOK_DORAN;Westeros was once again at war. After the untimely death of Robert Baratheon, Joffrey, his untested firstborn son, sat the Iron Throne. Now scandal regarding the boy king's parentage had shaken the Seven Kingdoms to their foundations. After discovering the truth, Eddard Stark sent word to Stannis Baratheon, Robert's younger brother, informing him that he is heir to the Iron Throne - an action that cost him his head. Eddard's son Robb, supported by House Tully of the Riverlands, called his banners against the Iron Throne. Meanwhile, Renly, Robert's youngest brother, had struck an alliance in the Reach in order to press the claim in his own name. Finally, Balon Greyjoy, ever the opportunist, declared his own independence and sent his reavers to the main land. Still remembering when the Lannisters killed his sister and her little children sixteen years ago, Lord Doran Martell chose to sit out this War of the Five Kings, at least for the time being.;Westeros était une nouvelle fois en guerre. Après la mort prématurée du Roi Robert, Joffrey, son fils aîné sans expérience, monta sur le Trône de Fer. S’en suivit un scandale sur la filiation du garçon qui ébranla les fondations des Sept Couronnes. Après avoir découvert la vérité, Eddard Stark envoya à Stannis Baratheon, le frère cadet de Robert, un message l’informant qu’il était l’héritier du Trône de Fer – une action qui lui coûta sa tête. Le fils d’Eddard, Robb, supporté par la Maison Tully du Conflans, leva son ban contre le Trône de Fer. Pendant ce temps, Renly, le puîné de Robert, s’était allié au Bief pour revendiquer le trône en son propre nom. Enfin, Balon Greyjoy l’opportuniste déclara sa propre indépendance et envoya ses razzieurs sur le continent. Le souvenir de la mort de sa sœur et de ses enfants aux mains des Lannister seize ans auparavant étant encore vif, Lord Doran Martell choisit de se tenir hors de la Guerre des Cinq Rois, du moins pour l’instant.;;;Poniente estaba una vez más en guerra. Tras la prematura muerte del Rey Robert, Joffrey, su inexperto hijo, se sentó en el Trono de Hierro con un escándalo sobre la verdadera filiación del Rey que sacudió los Siete Reinos. Tras descubrir la verdad, Eddard Stark envió a Stannis Baratheon, el hermano mediano de Robert, un mensaje informándole de que el era el verdadero heredero del Trono de Hierro – una acción que le costó su cabeza. El hijo de Eddard, Robb, apoyado por la casa Tully de las Tierras de los Ríos, alzó sus banderizos contra el Trono de Hierro. Durante este tiempo, Renly, el hermano menor de Robert, se alió con el Dominio para reclamar el trono para él. Por último, Balon Greyjoy declaró su propia independencia y envió expediciones de saqueo al continente. El recuerdo de la muerte de su hermana y sus hijos a manos de los Lannister hace dieciséis años todavía está vivo. Por ello Doran Martell eligió mantenerse al margen de la Guerra de los Cinco Reyes, al menos por el momento.;;;;;;;;;x
CHRONICLE_ACOK_BALON;For centuries, the Ironborn had chaffed under the yoke of greenlander oppression. The first time Balon Greyjoy, Lord of The Iron Islands, fought to return to the old ways, it cost him three sons. Two feast for eternity in the halls of the Drowned God, one stolen away to be held captive amongst the greenlanders. He ultimately bent the knee, as 'what is dead may never die, but rises again harder and stronger.' Word had by now reached Balon that his sole surviving son, Theon, returned to the Iron Islands with an offer from Robb Stark, to join him in alliance against the Lannisters.;Pendant des siècles, les Fer-Nés peinèrent sous le joug de l’oppression des contrées vertes. La première fois que Balon Greyjoy, Seigneur des Îles de Fer, se battit pour restaurer l’Antique Voie, il perdit trois fils. Deux rejoignirent les halles du Dieu Noyé pour y festoyer éternellement, le troisième arraché pour être tenu otage dans les contrées vertes. Il finit par ployer le genou, car « ce qui est mort ne saurait mourir mais se lève à nouveau, plus dur à la peine et plus vigoureux. » Des nouvelles parvinrent finalement à Balon que son unique fils survivant, Theon, revenait dans les Îles de Fer avec une proposition de Robb Stark : une alliance contre les Lannister.;;;Durante siglos, los Hijos del Hierro vivieron bajo el yugo de la opresión de las tierras verdes. La primera vez que Balon Greyjoy, Señor de las islas del Hierro, luchó para restaurar las Antiguas Costumbres, perdió a tres de sus hijos. Dos se reunieron en los salones del Dios Ahogado para festejar eternamente, el tercero le fue arrebatado como rehén en las tierras verdes. Acabó por doblar la rodilla, pero «lo que está muerto no puede morir, sino que se alza de nuevo, más duro, más fuerte.» Le han llegado noticias a balon de que su único hijo superviviente, Theon, ha regresado a las Islas del Hierro con una propuesta de Robb Stark: una alianza contra los Lannister.;;;;;;;;;x
CHRONICLE_ACOK_MACE;Westeros was once again at war. After the untimely death of Robert Baratheon, Joffrey, his untested firstborn son, sat the Iron Throne. Now scandal regarding the boy king's parentage had shaken the Seven Kingdoms. After discovering the truth, Eddard Stark sent word to Stannis Baratheon, Robert's younger brother, informing him that he is heir to the Iron Throne - an action that cost him his head. Eddard's son Robb, supported by House Tully of the Riverlands, called his banners against the Iron Throne. Meanwhile, Renly, Robert's youngest brother, had struck an alliance in the Reach in order to press the claim in his own name. Finally, Balon Greyjoy, ever the opportunist, declared his own independence and sent his reavers to the main land. At the onset of this War of the Five Kings, Lord Mace Tyrell agreed a marriage alliance with Renly Baratheon, granting him his daughter Margaery's hand. He proclaimed Renly the true King of Westeros, and raised his banners in support of him.;Westeros était une nouvelle fois en guerre. Après la mort prématurée du Roi Robert, Joffrey, son fils aîné sans expérience, monta sur le Trône de Fer. S’en suivit un scandale sur la filiation du garçon qui ébranla les fondations des Sept Couronnes. Après avoir découvert la vérité, Eddard Stark envoya à Stannis Baratheon, le frère cadet de Robert, un message l’informant qu’il était l’héritier du Trône de Fer – une action qui lui coûta sa tête. Le fils d’Eddard, Robb, supporté par la Maison Tully du Conflans, leva son ban contre le Trône de Fer. Pendant ce temps, Renly, le puîné de Robert, s’était allié au Bief pour revendiquer le trône en son propre nom. Enfin, Balon Greyjoy l’opportuniste déclara sa propre indépendance et envoya ses razzieurs sur le continent. Au début de la Guerre des Cinq Rois, Lord Mace Tyrell accepta un mariage d’alliance entre Renly Baratheon et sa fille Margaery. Il proclama Renly le vrai Roi de Westeros, et leva ses bannières pour le soutenir.;;;Poniente estaba una vez más en guerra. Tras la prematura muerte del Rey Robert, Joffrey, su inexperto hijo, se sentó en el Trono de Hierro con un escándalo sobre la verdadera filiación del Rey que sacudió los Siete Reinos. Tras descubrir la verdad, Eddard Stark envió a Stannis Baratheon, el hermano mediano de Robert, un mensaje informándole de que el era el verdadero heredero del Trono de Hierro – una acción que le costó su cabeza. El hijo de Eddard, Robb, apoyado por la casa Tully de las Tierras de los Ríos, alzó sus banderizos contra el Trono de Hierro. Durante este tiempo, Renly, el hermano menor de Robert, se alió con el Dominio para reclamar el trono para él. Por último, Balon Greyjoy declaró su propia independencia y envió expediciones de saqueo al continente. Al inicio de la Guerra de los Cinco Reyes, Mace Tyrell aceptó una boda entre Renly Baratheon y su hija Margaery. Proclamó a Renly el verdadero Rey de Poniente, y alzó a sus banderizos para apoyarlo.;;;;;;;;;x
CHRONICLE_ACOK_TULLY;Westeros was once again at war. After the untimely death of Robert Baratheon, Joffrey, his untested firstborn son, sat the Iron Throne. Now scandal regarding the boy king's parentage had shaken the Seven Kingdoms to their foundations. After discovering the truth, Eddard Stark sent word to Stannis Baratheon, Robert's younger brother, informing him that he is heir to the Iron Throne - an action that cost him his head. Eddard's son Robb, supported by House Tully of the Riverlands, called his banners against the Iron Throne. Meanwhile, Renly, Robert's youngest brother, had struck an alliance in the Reach in order to press the claim in his own name. Finally, Balon Greyjoy, ever the opportunist, declared his own independence and sent his reavers to the main land. At the onset of this War of the Five Kings, Lord Hoster Tully felt honour bound to stand beside his grandson Robb Stark in his time of need, raising his banners and proclaiming Robb King of The Trident.;Westeros était une nouvelle fois en guerre. Après la mort prématurée du Roi Robert, Joffrey, son fils aîné sans expérience, monta sur le Trône de Fer. S’en suivit un scandale sur la filiation du garçon qui ébranla les fondations des Sept Couronnes. Après avoir découvert la vérité, Eddard Stark envoya à Stannis Baratheon, le frère cadet de Robert, un message l’informant qu’il était l’héritier du Trône de Fer – une action qui lui coûta sa tête. Le fils d’Eddard, Robb, supporté par la Maison Tully du Conflans, leva son ban contre le Trône de Fer. Pendant ce temps, Renly, le puîné de Robert, s’était allié au Bief pour revendiquer le trône en son propre nom. Enfin, Balon Greyjoy l’opportuniste déclara sa propre indépendance et envoya ses razzieurs sur le continent. Au début de la Guerre des Cinq Rois, Lord Hoster Tully se sentit obligé par l’honneur de soutenir son petit-fils Robb Stark, levant ses bannières et proclamant Robb Roi du Trident.;;;Poniente estaba una vez más en guerra. Tras la prematura muerte del Rey Robert, Joffrey, su inexperto hijo, se sentó en el Trono de Hierro con un escándalo sobre la verdadera filiación del Rey que sacudió los Siete Reinos. Tras descubrir la verdad, Eddard Stark envió a Stannis Baratheon, el hermano mediano de Robert, un mensaje informándole de que el era el verdadero heredero del Trono de Hierro – una acción que le costó su cabeza. El hijo de Eddard, Robb, apoyado por la casa Tully de las Tierras de los Ríos, alzó sus banderizos contra el Trono de Hierro. Durante este tiempo, Renly, el hermano menor de Robert, se alió con el Dominio para reclamar el trono para él. Por último, Balon Greyjoy declaró su propia independencia y envió expediciones de saqueo al continente. Al inicio de la Guerra de los Cinco Reyes, Hoster Tully se sentió obligado por el honor de apoyar a su nieto Robb Stark, alzando a sus banderizos y proclamando a Robb Rey del Tridente.;;;;;;;;;x
CHRONICLE_ACOK_RENLY;Given the lordship of the Stormlands as a boy, charismatic and handsome Renly Baratheon had found it easy to charm his way through life and court with comfort and ease. Appointed Lord of Storm's End and Master of Laws, he was one of the most influential lords under his brother Robert and had by now seeked to expand his power. With the death of Robert, chaos had broken out and Renly had arranged himself an alliance with the powerful Tyrell family by marrying the fair Lady Margarey Tyrell. Under the urgings of his new allies he crowned himself king and rallied the largest army on the continent. First though, there stood one more obstacle in the way before he could take King's Landing and the crown. His older brother Stannis.;Ayant reçu la seigneurie des Terres de l’Orage dans son enfance, le beau et charismatique Renly Baratheon découvrit qu’il était facile pour lui d’utiliser son charme pour naviguer facilement dans la vie et la cour. Nommé Seigneur d’Accalmie et Maître des Lois, il était l’un des seigneurs les plus influents au service de son frère Robert et cherchait à étendre son pouvoir. Le chaos suivit la mort de Robert and Renly arrangea une alliance entre lui-même et la puissante famille Tyrell en épousant la magnifique Margaery Tyrell. A l’insistance de ses nouveaux alliés, il se couronna lui-même roi et rallia le plus grand ost du continent. Mais il restait un dernier obstacle sur son chemin vers Port-Réal et le Trône de Fer : son frère aîné Stannis. ;;;Recibiendo las Tierras de la Tormenta desde su infancia, el guapo y carismático Renly Baratheon descubrió que le era más fácil utilizar su carisma para la vida en la corte. Como Señor de Bastión de Tormentas y Consejero de Leyes, era uno de los Señores más influyentes al servicio del Rey Robert y buscaba extender su poder. El caos seguido a la muerte de Robert llevó a Renly a fomar una alianza con la poderosa familia Tyrell casándose con la bella Margaery Tyrell. Ante la insistencia de sus nuevos aliados, se coronó como Rey y reunió el mayor ejército del continente. Pero le quedaba un último obstáculo en su camino hacia Desembarco del Rey y el Trono de Hierro: su hermano mayor Stannis. ;;;;;;;;;x
CHRONICLE_ACOK;Westeros was once again at war. After the untimely death of Robert Baratheon, Joffrey, his untested firstborn son, sat the Iron Throne. Now scandal regarding the boy king's parentage had shaken the Seven Kingdoms to their foundations. After discovering the truth, Eddard Stark sent word to Stannis Baratheon, Robert's younger brother, informing him that he is heir to the Iron Throne - an action that cost him his head. Eddard's son Robb, supported by House Tully of the Riverlands, called his banners against the Iron Throne. Meanwhile, Renly, Robert's youngest brother, had struck an alliance in the Reach in order to press the claim in his own name. Finally, Balon Greyjoy, ever the opportunist, declared his own independence and sent his reavers to the main land. The War of the Five Kings had begun.;Westeros était une nouvelle fois en guerre. Après la mort prématurée du Roi Robert, Joffrey, son fils aîné sans expérience, monta sur le Trône de Fer. S’en suivit un scandale sur la filiation du garçon qui ébranla les fondations des Sept Couronnes. Après avoir découvert la vérité, Eddard Stark envoya à Stannis Baratheon, le frère cadet de Robert, un message l’informant qu’il était l’héritier du Trône de Fer – une action qui lui coûta sa tête. Le fils d’Eddard, Robb, supporté par la Maison Tully du Conflans, leva son ban contre le Trône de Fer. Pendant ce temps, Renly, le puîné de Robert, s’était allié au Bief pour revendiquer le trône en son propre nom. Enfin, Balon Greyjoy l’opportuniste déclara sa propre indépendance et envoya ses razzieurs sur le continent. La Guerre des Cinq Rois avait débuté.;;;Poniente estaba una vez más en guerra. Tras la prematura muerte del Rey Robert, Joffrey, su inexperto hijo, se sentó en el Trono de Hierro con un escándalo sobre la verdadera filiación del Rey que sacudió los Siete Reinos. Tras descubrir la verdad, Eddard Stark envió a Stannis Baratheon, el hermano mediano de Robert, un mensaje informándole de que el era el verdadero heredero del Trono de Hierro – una acción que le costó su cabeza. El hijo de Eddard, Robb, apoyado por la casa Tully de las Tierras de los Ríos, alzó sus banderizos contra el Trono de Hierro. Durante este tiempo, Renly, el hermano menor de Robert, se alió con el Dominio para reclamar el trono para él. Por último, Balon Greyjoy declaró su propia independencia y envió expediciones de saqueo al continente. La Guerra de los Cinco Reyes había empezado.;;;;;;;;;x
CHRONICLE_ACOK_STANNIS;Stannis Baratheon, second son of Steffon Baratheon and Cassana Estermont had always been serious and dutiful. A man of little social grace, Stannis had lived in the shadow of his older brother Robert and had held emnity towards his younger brother Renly for being awarded Storm's End. Regardless he was known as a dutiful and just lord, and his military prowess had been proven on both land and sea during Robert's and Greyjoy's Rebellion. He had recently been given the revelation that he wass the rightful heir to the throne, and that Robert's 'Children' were really bastards of incest. But before he could claim his rightful place as king, there was his younger brother Renly who had crowned himself king.;Stannis Baratheon, fils cadet de Steffon Baratheon et Cassana Estermont, avait toujours été quelqu’un de sérieux et consciencieux. Homme de peu de grâce sociale, Stannis vécut sa vie dans l’ombre de son frère Robert et approuvait de la rancœur envers son jeune frère Renly après que celui-ci ait hérité d’Accalmie. Malgré ceci il était connu pour être un seigneur juste et responsable,et il s’était illustré militairement sur la terre et en mer durant la Rébellion de Robert puis celle des Greyjoy. Il reçut récemment la révélation qu’il était l’héritier légitime du trône, et que les ‘enfants’ de Robert n’étaient en réalité que des bâtards nés de l’inceste. Mais avant qu’il puisse revendiquer sa place légitime de roi, son jeune frère Renly se couronna lui-même.;;;Stannis Baratheon, hijo cadete de Steffon Baratheon y Cassana Estermont, siempre había sido serio y concienzudo. Hombre de pocas palabras, Stannis vivió su vida bajo la sombra de su hermano Robert y el rencor hacia su hermano pequeño Renly tras haber heredado este Bastión de Tormentas. A pesar de esto era conocido como un Señor justo y responsable, Malgré ceci il était connu pour être un seigneur juste et responsable, y ducho en el arte de la guerra como demostró en la Rebelión de Robert y en la Rebelión de Greyjoy. Recibió recientemente la noticia de que era el heredero legítimo del trono, y que los ‘niños’ de Robert no eran más que bastardos nacidos del incesto. Pero antes de poder reclamar su lugar como legítimo Rey, su hermano pequeño Renly también se ha coronado cmo Rey...;;;;;;;;;x
CHRONICLE_ACOK_STANNIS_FOLLOWS_RENLY;After a Parley at Storm's End, Lord Stannis agreed to withdraw his claim on the Iron Throne, instead backing his younger brother Renly in his claim.;Après des pourparlers menés à Accalmie, Lord Stannis accepta de renoncer au Trône de Fer, et se rangea derrière son frère Renly pour soutenir sa revendication.;;;Tras los parlamentos tenidos en Bastión de Tormentas, Stannis aceptó renunciar al Trono de Hierro, y se unió a su hermano Renly para apoyar su reclamación.;;;;;;;;;x
CHRONICLE_ACOK_STANNIS_FOLLOWS_ME_RENLY;After a Parley at Storm's End, King Renly's brother, Lord Stannis, agreed to withdraw his claim on the Iron Throne, instead backing the king in his claim.;Après des pourparlers menés à Accalmie, le frère du Roi Renly, Lord Stannis, accepta de renoncer au Trône de Fer, et se rangea derrière le roi pour soutenir sa revendication.;;;Tras los parlamentos tenidos en Bastión de Tormentas, el hermano del Rey Renly, Stannis, aceptó renunciar al Trono de Hierro, y se unió al Rey Renly para apoyar su reclamación.;;;;;;;;;x
CHRONICLE_ACOK_RENLY_FOLLOWS_STANNIS;After a Parley at Storm's End, Lord Renly agreed to withdraw his claim on the Iron Throne, instead backing his older brother Stannis in his claim.;Après des pourparlers menés à Accalmie, Lord Renly accepta de renoncer au Trône de Fer, et se rangea derrière son frère Stannis pour soutenir sa revendication.;;;Tras los parlamentos tenidos en Bastión de Tormentas, Renly aceptó renunciar al Trono de Hierro, y se unió a su hermano Stannis para apoyar su reclamación.;;;;;;;;;x
CHRONICLE_ACOK_RENLY_FOLLOWS_ME_STANNIS;After a Parley at Storm's End, King Stannis' brother, Lord Renly, agreed to withdraw his claim on the Iron Throne, instead backing the king in his claim.;Après des pourparlers menés à Accalmie, le frère du Roi Stannis, Lord Renly, accepta de renoncer au Trône de Fer, et se rangea derrière le roi pour soutenir sa revendication.;;;Tras los parlamentos tenidos en Bastión de Tormentas, el hermano del Rey Stannis, Renly, aceptó renunciar al Trono de Hierro, y se unió al Rey Stannis para apoyar su reclamación.;;;;;;;;;x
CHRONICLE_FOUND_STARK_CHILD;Despite being thought dead, [From.GetName] Stark, [From.GetSonDaughter] of Eddard Stark, was found alive by [From.GetHerHis] [GetFromReverseRelation] [Root.GetTitledFirstNameWithNick] in [Root.Location.GetName].;Alors qu’on le(a) pensait mort(e), [From.GetName] Stark, [From.GetSonDaughter] d’Eddard Stark, fut découvert(e) bien en vie par [From.GetHerHis] [GetFromReverseRelation] [Root.GetTitledFirstNameWithNick] à [Root.Location.GetName].;;;A pesar de ser dado por muerto, [From.GetName] Stark, [From.GetSonDaughter] de Eddard Stark, fue encontrado con vida por [From.GetHerHis] [GetFromReverseRelation] [Root.GetTitledFirstNameWithNick] en [Root.Location.GetName].;;;;;;;;;x
CHRONICLE_STARK_CHILD_REVEALED;Despite being thought dead, [From.GetName] Stark, [From.GetSonDaughter] of Eddard Stark, revealed [From.GetHerHim]self to be alive, having been hiding with [Root.GetTitledFirstNameWithDynastyNoRegnal] in [Root.Location.GetName] all this time.;Alors qu’on le(a) pensait mort(e), [From.GetName] Stark, [From.GetSonDaughter] d’Eddard Stark, se révéla être toujours en vie, s’étant caché(e) avec [Root.GetTitledFirstNameWithDynastyNoRegnal] à [Root.Location.GetName] pendant tout ce temps.;;;A pesar de ser dado por muerto, [From.GetName] Stark, [From.GetSonDaughter] de Eddard Stark, se ha descubierto que seguía con vida, escondido con [Root.GetTitledFirstNameWithDynastyNoRegnal] en [Root.Location.GetName] durante todo este tiempo.;;;;;;;;;x
CHRONICLE_ACOK_NORTHERN_PEACE;In this year peace was agreed between [Root.GetTitledFirstNameWithDynastyNoRegnal] and [From.GetTitledFirstNameWithDynastyNoRegnal]. Recognising that [From.GetTitledFirstNameNoRegnal] was not [Root.GetHerHis] enemy, [Root.GetTitledFirstNameNoRegnal] agreed to give up [Root.GetHerHis] crown and bend the knee to [From.GetTitledFirstNameNoRegnal]. For this, [Root.GetTitledFirstNameNoRegnal] and [Root.GetHerHis] bannermen were allowed to return to the North unmolested.;En cette année la paix fut conclude entre [Root.GetTitledFirstNameWithDynastyNoRegnal] et [From.GetTitledFirstNameWithDynastyNoRegnal]. Reconnaissant que [From.GetTitledFirstNameNoRegnal] n’était pas son adversaire, [Root.GetTitledFirstNameNoRegnal] accepta de renoncer à sa couronne et ploya le genou devant [From.GetTitledFirstNameNoRegnal]. De fait, [Root.GetTitledFirstNameNoRegnal] et ses bannerets furent autorisés à rejoindre le Nord sans encombre.;;;Este año se alcanzó la paz entre [Root.GetTitledFirstNameWithDynastyNoRegnal] y [From.GetTitledFirstNameWithDynastyNoRegnal]. Reconociendo que [From.GetTitledFirstNameNoRegnal] no era su enemigo, [Root.GetTitledFirstNameNoRegnal] aceptó renunciar a su corona y dobló la rodilla ante [From.GetTitledFirstNameNoRegnal]. De hecho, [Root.GetTitledFirstNameNoRegnal] permitió a sus banderizos unirse al Norte sin obstáculos.;;;;;;;;;x
CHRONICLE_ACOK_MACE_JOINS_STANNIS;Upon King Renly's death, [Root.GetTitledFirstNameWithDynastyNoRegnal] chose to back [Prev.GetKingQueen] [Prev.GetFirstNameNoRegnal] [Prev.GetOnlyDynastyName]'s claim to the Iron Throne instead, pledging [Root.GetHerHis] armies to the rightful [This.GetKingQueen]'s cause.;Suite à la mort du Roi Renly, [Root.GetTitledFirstNameWithDynastyNoRegnal] décida de soutenir la revendication du [Prev.GetKingQueen] [Prev.GetFirstNameNoRegnal] [Prev.GetOnlyDynastyName] au Trône de Fer à la place, plaçant ainsi son armée au service du [This.GetKingQueen] légitime.;;;Tras la muerte del Rey Renly, [Root.GetTitledFirstNameWithDynastyNoRegnal] decidió apoyar la reclamación del [Prev.GetKingQueen] [Prev.GetFirstNameNoRegnal] [Prev.GetOnlyDynastyName] al Trono de Hierro, poniendo así su ejécito al servicio del [This.GetKingQueen] legítimo.;;;;;;;;;x
CHRONICLE_ACOK_MACE_JOINS_IRON_THRONE;Upon King Renly's death, [Root.GetTitledFirstNameWithDynastyNoRegnal] agreed a marriage alliance with the Iron Throne, marrying Margaery Tyrell to [From.GetFirstNameNoRegnal] [From.GetOnlyDynastyName], in doing so pledging [Root.GetHerHis] armies to the rightful [From.GetKingQueen]'s cause.;Suite à la mort du Roi Renly, [Root.GetTitledFirstNameWithDynastyNoRegnal] accepta un mariage d’alliance avec le Trône de Fer en offrant la main de Margaery Tyrell à [From.GetFirstNameNoRegnal] [From.GetOnlyDynastyName], plaçant ainsi son armée au service du [This.GetKingQueen] légitime.;;;Tras la muerte del Rey Renly, [Root.GetTitledFirstNameWithDynastyNoRegnal] aceptó la alianza con el Trono de Hierro ofreciendo la mano de Margaery Tyrell a [From.GetFirstNameNoRegnal] [From.GetOnlyDynastyName], poniendo así su ejécito al servicio del [This.GetKingQueen] legítimo.;;;;;;;;;x
CHRONICLE_ACOK_ROBB_GAVE_IRON_THRONE;After defeating the Lannisters, [From.GetTitledFirstNameWithNickAndDynasty] marched [From.GetHerHis] armies into King's Landing to seize the Red Keep. There [From.GetSheHe] proclaimed [Root.GetTitledFirstNameWithDynastyNoRegnal] to be the true [Root.GetKingQueen], and issued a formal decree making The North an independent and seperate kingdom.;Après avoir vaincu les Lannister, [From.GetTitledFirstNameWithNickAndDynasty] fit marcher son armée sur Port-Réal pour s’emparer du Donjon Rouge. Là [From.GetSheHe] proclama que [Root.GetTitledFirstNameWithDynastyNoRegnal] était le véritable [Root.GetKingQueen], et promulgua un décret formel faisant du Nord un royaume libre et indépendant.;;;Tras vencer a los Lannister, [From.GetTitledFirstNameWithNickAndDynasty] marchó con su ejército sobre Desembarco del Rey para apoderarse de la Fortaleza Roja. Allí proclamó que [Root.GetTitledFirstNameWithDynastyNoRegnal] es el verdadero [Root.GetKingQueen], y promolgó un decretó formal haciendo del Norte un Reino libre e independiente.;;;;;;;;;x
CHRONICLE_ACOK_ROBB_CLAIMS_IRON_THRONE;After defeating the Lannisters, [Root.GetTitledFirstNameWithNickAndDynasty] marched [From.GetHerHis] armies into King's Landing to seize the Red Keep. There, in a bold move, [Root.GetSheHe] proclaimed [Root.GetHerHim]self [Root.GetKingQueen] of the Andals, the Rhoynar and the First Men and Lord of the Seven Kingdoms.;Après avoir vaincu les Lannister, [Root.GetTitledFirstNameWithNickAndDynasty] fit marcher son armée sur Port-Réal pour s’emparer du Donjon Rouge. Là, dans un élan d’audace, [Root.GetSheHe] se proclama lui-même [Root.GetKingQueen] des Andals, de Rhoynar et des Premiers Hommes et Seigneur des Sept Couronnes.;;;Tras vencer a los Lannister, [Root.GetTitledFirstNameWithNickAndDynasty] marchó con su ejército sobre Desembarco del Rey para apoderarse de la Fortaleza Roja. Una vez allí, en un intrépido arrebato, se ha proclamado [Root.GetKingQueen] de los Ándalos, de los Rhoynar y de los Primeros Hombres y Señor de los Siete Reinos.;;;;;;;;;x
CHRONICLE_ACOK_CLAIMS_IRON_THRONE;After defeating the Lannisters, [From.GetTitledFirstNameWithNickAndDynasty] marched [From.GetHerHis] armies into King's Landing to seize the Red Keep. [From.GetSheHeCap] had the city sacked, and left a power vacuum upon leaving. Soon after [Root.GetTitledFirstNameWithDynastyNoRegnal] took the city and the Iron Throne, proclaiming [Root.GetHerHim]self [Root.GetKingQueen] of the Andals, the Rhoynar and the First Men and Lord of the Seven Kingdoms.;Après avoir vaincu les Lannister, [From.GetTitledFirstNameWithNickAndDynasty] fit marcher son armée sur Port-Réal pour s’emparer du Donjon Rouge. [From.GetSheHeCap] mit la cité à sac avant de se retirer, laissant une vacance dans le pouvoir. Peu après [Root.GetTitledFirstNameWithDynastyNoRegnal] s’empara de la cité et du Trône de Fer, se proclamant par là même [Root.GetKingQueen] des Andals, de Rhoynar et des Premiers Hommes et Seigneur des Sept Couronnes.;;;Tras vencer a los Lannister, [From.GetTitledFirstNameWithNickAndDynasty] marchó con su ejército sobre Desembarco del Rey para apoderarse de la Fortaleza Roja. Saqueó la ciudad antes de retirarse, dejando un vacío de poder. Poco después [Root.GetTitledFirstNameWithDynastyNoRegnal] se apoderó de la ciudad y del Trono de Hierro, proclamándose [Root.GetKingQueen] de los Ándalos, de los Rhoynar y de los Primeros Hombres y Señor de los Siete Reinos.;;;;;;;;;x
CHRONICLE_ACOK_JON_LEGITMISED_A;On [GetDateText], [From.GetTitledFirstNameWithNickAndDynasty] signed a decree legitimising [From.GetHerHis] [GetFromReverseRelation] [Root.GetTitledFirstNameWithNick], and named [Root.GetHerHim] heir to The North. The now [Root.GetFirstNameWithDynasty] renounced [Root.GetHerHis] vows as a black brother and joined [From.GetTitledFirstName]'s struggle in the south.;En [GetDateText], [From.GetTitledFirstNameWithNickAndDynasty] signa un décret légitimant [From.GetHerHis] [GetFromReverseRelation] [Root.GetTitledFirstNameWithNick], et le nomma héritier du Nord. [Root.GetFirstNameWithDynasty] renonça alors à ses vœux de Frère Noir et rejoignit les forces de [From.GetTitledFirstName] dans le sud.;;;En [GetDateText], [From.GetTitledFirstNameWithNickAndDynasty] firmó un decreto legitimando a su [GetFromReverseRelation] [Root.GetTitledFirstNameWithNick], y le nombró heredero del Norte. [Root.GetFirstNameWithDynasty] renunció a sus votos como Hermano Negro y se unió a las fuerzas de [From.GetTitledFirstName] en el sur.;;;;;;;;;x
CHRONICLE_ACOK_JON_LEGITMISED_B;On [GetDateText], [From.GetTitledFirstNameWithNickAndDynasty] signed a decree legitimising [From.GetHerHis] [GetFromReverseRelation] [Root.GetTitledFirstNameWithNick], and named [Root.GetHerHim] heir to The North. The now [Root.GetFirstNameWithDynasty] chose to stay at the watch and keep his vows however, instead of joining [From.GetTitledFirstName]'s struggle in the south.;En [GetDateText], [From.GetTitledFirstNameWithNickAndDynasty] signa un décret légitimant [From.GetHerHis] [GetFromReverseRelation] [Root.GetTitledFirstNameWithNick], et le nomma héritier du Nord. [Root.GetFirstNameWithDynasty] décida de rester fidèle à ses vœux plutôt que de rejoindre les forces de [From.GetTitledFirstName] dans le sud;;;En [GetDateText], [From.GetTitledFirstNameWithNickAndDynasty] firmó un decreto legitimando a su [GetFromReverseRelation] [Root.GetTitledFirstNameWithNick], y le nombró heredero del Norte. [Root.GetFirstNameWithDynasty] decidió permanecer fiel a sus votos en vez de unirse a las fuerzas de [From.GetTitledFirstName] en el sur.;;;;;;;;;x
CHRONICLE_DANY_QUEST_ACOK;As the last heir to House Targaryen, Daenerys Targaryen claimed to be the rightful Queen of The Seven Kingdoms. Born on Dragonstone during Robert's Rebellion, Daenerys and her brother Viserys were spirited away to Essos. Always the timid of the two, Daenerys followed her brother as he tried his best to get an army to retake his father's throne, eventually selling his sister to a Dothraki Khal, Drogo, in return for an army of ten thousand Dothraki screamers. Daenerys grew more independent with Khal Drogo, whilst Viserys got himself killed for his impatience. Drogo fell soon after, along with Daenerys' unborn child, both murdered by a 'maegi', however upon the funeral pyre, Daenerys hatched three dragons. By this time Daenerys had arrived with her fledgling Khalasar to Qarth, and came into the hospitality of one Xaro Xhoan Daxos.;En tant que dernière héritière de la Maison Targaryen, Daenerys Targaryen se revendiquait Reine légitime des Sept Couronnes. Née à Peyredragon pendant la Rébellion de Robert, Daenerys et son frère Viserys furent évacués en Essos. La plus timide des deux, Daenerys suivit son frère tandis qu’il peinait à réunir une armée pour reprendre le trône de son père, finissant finalement par vendre sa sœur à un Khal Dothraki en échange d’un ost de dix mille gueulards Dothraki. Auprès de Khal Drogo, Daenerys gagna en indépendance, tandis que l’impatience de Viserys finit par lui coûter la vie. Drogo décéda peu après, avec l’enfant à naître de Daenerys, tous deux assassinés par une ‘maegi’. Mais pendant le bûcher funéraire, Daenerys fit éclore trois dragons. A ce moment-là, Daenerys était arrivée à Qarth avec son Khalasar naissant, et se vit accorder l’hospitalité par un certain Xaro Xhoan Daxos.;;;Como última heredera de la casa Targaryen, Daenerys Targaryen reivindica ser la Reina legítima de los Siete Reinos. Nacida en Rocaragón durante la Rebelión de Robert, Daenerys y su hermano Viserys fueron evacuados hacia Essos. Siendo la más tímida de los dos hermanos, Daenerys siguió a su hermano mientras trataba de reunir un ejército para retomar el trono de su padre, llegando a vender a su hermana a un Khal Dothraki a cambio de una hueste de diez mil dothrakis. Junto a Khal Drogo, Daenerys ganó independencia, mientras que la impaciencia de su hermano Viserys acabó por costarle la vida. Drogo murió poco después, junto al hijo recién nacido de Daenerys, ambos muertos por una ‘maegi’. Sin embargo, en la pira funeraria, Daenerys hizo eclosionar tres dragones. En pocos días, Daenerys llegó a Qarth con su nuevo Khalasar, donde le concedió hospitalidad un tal Xaro Xhoan Daxos.;;;;;;;;;x
CHRONICLE_DANY_QUEST_HOTU;Whilst in Qarth, Queen Daenerys entered the House of the Undying. There it is purported she saw strange visions, and burned The Undying with her dragon Drogon. She and her companions were exiled from Qarth for this act.;Pendant son séjour à Qarth, la Reine Daenerys pénétra dans l’hôtel des Nonmourants. On affirma ensuite qu’elle y eut d’étranges visions, et fit incinérer les Nonmourants par son dragon Drogon. Elle et ses compagnons furent exilés de Qarth pour cet acte.;;;Durante su estancia en Qarth, la Reina Daenerys entró en la Casa de los Eternos, donde contempló extrañas visiones, y acabó con los Eternos gracias al fuego de su dragón Drogon. Ella y sus compañeron fueron expulsados de Qarth por este acto.;;;;;;;;;x
CHRONICLE_DANY_QUEST_ASTAPOR;A ship was sent to the Queen by an old friend Illyrio Mopatis of Pentos, inviting her to the city. Ever wilful, she decided not to head to Pentos but to Astapor, with the intent of buying an army to press her claim to the Iron Throne.;Un bateau fut envoyé à la Reine par son vieil ami Illyrio Mopatis de Pentos, l’invitant à rejoindre la cité. Plus obstinée que jamais, elle décida de se rendre non à Pentos mais à Astapor, avec l’intention d’y acheter l’armée qui lui permettrait de reconquérir le Trône de Fer.;;;Un barco fue enviado a la Reina por su viejo amigo Illyrio Mopatis de Pentos, invitándola a volver a la ciudad. Más obstinada que nunca, ella decidió ir a Astapor en vez de a Pentos, con la intención de adquirir el ejército que le permitirá reconquistar el Trono de Hierro.;;;;;;;;;x
CHRONICLE_DANY_QUEST_PENTOS;A ship was sent to the Queen by an old friend Illyrio Mopatis of Pentos, inviting her to the city. After a long voyage across the Summer Sea and through The Stepstones, she finally arrived in Pentos, where Illyrio presented his plan to take the Iron Throne.;Un bateau fut envoyé à la Reine par son vieil ami Illyrio Mopatis de Pentos, l’invitant à rejoindre la cité. Après un long voyage à travers la Mer d’Eté et les Degrés de Pierre, elle arriva finalement à Pentos, où Illyrio lui exposa son plan pour s’emparer du Trône de Fer.;;;Un barco fue enviado a la Reina por su viejo amigo Illyrio Mopatis de Pentos, invitándola a volver a la ciudad. Tras un largo viaje a través del Mar del verano y los Peldaños de Piedra, llegó finalmente a Pentos, donde Illyrio le explicó su plan para apoderarse del Trono de Hierro.;;;;;;;;;x
CHRONICLE_DANY_QUEST_SACK_ASTAPOR;Whilst in Astapor, Queen Daenerys agreed to buy thousands of unsullied warriors in exchange for her dragon Drogon. She purposefully went back on this deal however, and had Drogon burn all the Good Masters. In doing so she gained control of the unsullied, and had them sack Astapor and liberate the slaves of the city. From this day she was known to her followers as the 'Breaker of Chains' or 'Mother'.;Pendant qu’elle était à Astapor, la Reine Daenerys accepta d’acheter des milliers d’Immaculés en échange de son dragon Drogo. Toutefois elle revint consciemment sur l’accord et ordonna à Drogon de brûler Leurs Bontés. Elle obtint aussi les Immaculés et leur fit saccager Astapor et libérer les esclaves de la cité. Depuis ce jour, ses partisans la surnommèrent « Briseuse de Chaînes » et « Mhysa ».;;;Durante su estancia en Astapor, la Reina Daenerys acordó la compra de miles de Inmaculados a cambio de su dragón Drogo. Una vez que el ejército es transferido a su poder, Daenerys saquea la ciudad, libera a los esclavos y mata a la mayoría de los Bondadosos Amos. A partir de entonces, fue conocida por sus seguidores como 'Rompedora de Cadenas' y 'Mhysa'.;;;;;;;;;x
CHRONICLE_DANY_QUEST_JORAH_BETRAYAL;On the way to Meereen, it was discovered the Queen's close companion and friend Jorah Mormont had betrayed her, having for many months been selling information about the Queen's movements and actions to the usurpers in King's Landing. Ser Jorah was at once exiled from the Queen's presence.;Sur le chemin de Meereen, on découvrit que l’ami proche et conseiller de la Reine, Jorah Mormont, avait pendant des mois vendu des informations sur ses faits et gestes aux usurpateurs de Port-Réal. Ser Jorah fut immédiatement banni de devant la Reine.;;;Camino a Meereen, se descubrió que el gran amigo y consejero de la Reina, Jorah Mormont, había estado vendiendo informaciones sobre sus movimientos y logros a los usurpadores de Desembarco del Rey. Ser Jorah fue desterrado de inmediato por la Reina.;;;;;;;;;x
CHRONICLE_HIDING_INSANE;Whilst in a prolonged period of hiding, [Root.GetTitledFirstNameWithNick] reportedly descended into insanity and lunacy.;Contraint(e) de se cacher pendant une très longue période, [Root.GetTitledFirstNameWithNick] sombra finalement dans la folie.;;;Contraint(e) de se cacher pendant une très longue période, [Root.GetTitledFirstNameWithNick] sombra finalement dans la folie.;;;;;;;;;x
CHRONICLE_HERO_KNIGHT_APPEARS;In this year, the famed warrior [Prev.GetTitledFirstNameWithNick] [Prev.GetOnlyDynastyName] arrived in [Root.Capital.GetName], and pledged [Prev.GetHerHis] service to [Root.GetTitledFirstNameNoRegnal].;En cette année, le(a) fameuse(e) guerrier(ère) [Prev.GetTitledFirstNameWithNick] [Prev.GetOnlyDynastyName] arriva à [Root.Capital.GetName], et jura de servir [Root.GetTitledFirstNameNoRegnal].;;;Este año, el famoso guerrero [Prev.GetTitledFirstNameWithNick] [Prev.GetOnlyDynastyName] llegó a [Root.Capital.GetName], y juró servir a [Root.GetTitledFirstNameNoRegnal].;;;;;;;;;x
CHRONICLE_OTHERS_SPAWN;This year saw reports from beyond the wall of a new menace, of cold winds rising. White Walkers had been seen in the woods, killing the living and raising the dead.;Cette année vit se multiplier les rapports sur une nouvelle menace venue d'au-delà du Mur, de la levé de vents glacés. Des Marcheurs blancs avaient été aperçus dans les bois, tuant les vivants et relevant les morts.;;;Este año se multiplicaron los informes sobre una nueva amenaza venida de más-allá-del Muro, se han levantado vientos helados. Caminantes Blancos han sido vistos en los bosques, matando a los vivos y resucitando a los muertos.;;;;;;;;;x
CHRONICLE_OTHERS_SPAWN_ESSOS;This year saw reports from the far east beyond The Five Forts of a new menace, of cold winds rising. White Walkers had been seen in the woods, killing the living and raising the dead.;Cette année vit se multiplier les rapports venu du lointain orient au-delà des Cinq Forts, de la levé de vents glacés. Des Marcheurs blancs avaient été aperçus dans les bois, tuant les vivants et relevant les morts.;;;Este año se multiplicaron los informes sobre el Lejano Oriente, más allá de los Cinco Fuertes, se han levantado vientos helados. Caminantes Blancos han sido vistos en los bosques, matando a los vivos y resucitando a los muertos.;;;;;;;;;x
CHRONICLE_OTHERS_DEFEATED;An alliance of armies and lords led by [white_walker_victor.GetTitledFirstNameWithNickAndDynasty] successfully defeated the white walkers, driving them back beyond the wall and reclaiming the dawn.;Une alliance d’armées et de seigneurs dirigée par [Root.GetTitledFirstNameWithNickAndDynasty] défit victorieusement les marcheurs blancs, les repoussant au-delà du Mur et récupérant l’aube.;;;Una alianza de ejércitos y Señores liderada por [Root.GetTitledFirstNameWithNickAndDynasty] derrotó con éxito a los Caminantes Blancos, expulsándolos más-allá del Muro y reclamando el Amanecer.;;;;;;;;;x
CHRONICLE_OTHERS_DEFEATED_ESSOS;An alliance of armies and princes led by [white_walker_victor.GetTitledFirstNameWithNickAndDynasty] successfully defeated the white walkers, driving them back beyond The Five Forts and reclaiming the dawn.;Une alliance d’armées et de princes dirigée par [Root.GetTitledFirstNameWithNickAndDynasty] défit victorieusement les marcheurs blancs, les repoussant au-delà des Cinq Forts et récupérant l’aube.;;;Una alianza de ejércitos y Señores liderada por [Root.GetTitledFirstNameWithNickAndDynasty] derrotó con éxito a los Caminantes Blancos, expulsándolos más allá de los Cinco Fuertes y reclamando el Amanecer.;;;;;;;;;x
CHRONICLE_JOINED_WAR_FOR_DAWN;Sensing the dire need for action, [Root.GetTitledFirstNameWithDynastyNoRegnal] answered the call from [From.GetTitledFirstNameWithNickAndDynasty] of [From.PrimaryTitle.GetName] to join [From.GetHerHim] in a War for the Dawn against the threat of the white walkers.;Sentant qu’il fallait passer à l’action, [Root.GetTitledFirstNameWithDynastyNoRegnal] répondit à l’appel de [From.GetTitledFirstNameWithNickAndDynasty] de [From.PrimaryTitle.GetName] qui l’enjoignait à rejoindre la Guerre de l’Aube contre la menace des marcheurs blancs.;;;Sintiendo que había que pasar a la acción, [Root.GetTitledFirstNameWithDynastyNoRegnal] respondió a la llamada de [From.GetTitledFirstNameWithNickAndDynasty] de [From.PrimaryTitle.GetName] para unirse a la Guerra del Alba contra la amenaz de los Caminantes Blancos.;;;;;;;;;x
CHRONICLE_CORONATION_REJECTED;Relations between [Root.GetTitledFirstNameWithDynasty] and [From.GetTitledFirstName] became strained when [From.GetTitledFirstName] declined to officially coronate the [Root.GetTitle] in the name of [From.Religion.GetName] as Lord of the Seven Kingdoms.;Les relations entre [Root.GetTitledFirstNameWithDynasty] et [From.GetTitledFirstName] se dégradèrent quand [From.GetTitledFirstName] refusa de couronner officiellement le(a) [Root.GetTitle] au nom de [From.Religion.GetName] Seigneur(Dame) des Sept Couronnes.;;;La relación entre [Root.GetTitledFirstNameWithDynasty] y [From.GetTitledFirstName] se deterioraron cuando [From.GetTitledFirstName] rechazó coronar oficialmente al [Root.GetTitle] en nombre de [From.Religion.GetName] Señor de los Siete Reinos.;;;;;;;;;x
CHRONICLE_CORONATED;In a grand ceremony attended by the most notable lords of Westeros, [Root.GetFirstNameoftheHouse], the [Root.GetRegnalOrdinal] of [Root.GetHerHis] name, was coronated by [FromFrom.GetTitledFirstName], anointed in the name of [FromFrom.Religion.GetName] as [Root.GetKingQueen] of the Andals, the Rhoynar and the First Men, Lord of the Seven Kingdoms and Protector of the Realm.;Lors d’une grande cérémonie à laquelle assistèrent nombre des grands seigneurs de Westeros, [Root.GetFirstName] de la Maison [Root.GetOnlyDynastyName], [Root.GetRegnalOrdinal] de son nom, fut couronné(e) par [FromFrom.GetTitledFirstName], oint(e) au nom de [FromFrom.Religion.GetName] comme [Root.GetKingQueen] des Andals, de Rhoynar et des Premiers Hommes, Seigneur(Dame) des Sept Couronnes et Protecteur(trice) du Royaumme.;;;;;;;;;;;;x
CHRONICLE_CORRUPT_COUNCIL_TITLE_GRANT;In an act widely seen as corrupt, [Root.GetTitledFirstNameWithDynastyNoRegnal], [Root.Liege.GetTitledFirstNameNoRegnal] [Root.Liege.GetOnlyDynastyName]'s [Root.GetJobTitle], had [Root.GetHerHim]self named [liege_title.GetRulerTitle] of [liege_title.GetName] in the name of the [Root.Liege.GetTitle].;Dans un acte que beaucoup considèrent comme scandaleux, [Root.GetTitledFirstNameWithDynastyNoRegnal], [Root.GetJobTitle] de [Root.Liege.GetTitledFirstNameNoRegnal] [Root.Liege.GetOnlyDynastyName] se proclama [liege_title.GetRulerTitle] de [liege_title.GetName] au nom du(e la) [Root.Liege.GetTitle].;;;En un acto que muchos consideraron indigno, [Root.GetTitledFirstNameWithDynastyNoRegnal], [Root.GetJobTitle] de [Root.Liege.GetTitledFirstNameNoRegnal] [Root.Liege.GetOnlyDynastyName] se proclamó [liege_title.GetRulerTitle] de [liege_title.GetName] en nombre del [Root.Liege.GetTitle].;;;;;;;;;x
CHRONICLE_NEPOTISM_COUNCIL_TITLE_GRANT;In an act widely seen as corrupt and nepotic, [Root.GetTitledFirstNameWithDynastyNoRegnal], [Root.Liege.GetTitledFirstNameNoRegnal] [Root.Liege.GetOnlyDynastyName]'s [Root.GetJobTitle], had [nepotism.GetTitledFirstNameNoRegnal] [nepotism.GetOnlyDynastyName], [Root.GetHerHis] own kinsman, named [liege_title.GetRulerTitle] of [liege_title.GetName] in the name of the [Root.Liege.GetTitle].;Dans un acte que beaucoup considèrent comme scandaleux et népotique, [Root.GetTitledFirstNameWithDynastyNoRegnal], [Root.GetJobTitle] de [Root.Liege.GetTitledFirstNameNoRegnal] [Root.Liege.GetOnlyDynastyName] fit nommer [nepotism.GetTitledFirstNameNoRegnal] [nepotism.GetOnlyDynastyName], [Root.GetHerHis] propre parent(e), [liege_title.GetRulerTitle] de [liege_title.GetName] au nom du(e la) [Root.Liege.GetTitle].;;;En un acto que muchos consideraron indigno y amiguista, [Root.GetTitledFirstNameWithDynastyNoRegnal], [Root.GetJobTitle] de [Root.Liege.GetTitledFirstNameNoRegnal] [Root.Liege.GetOnlyDynastyName] nombró a [nepotism.GetTitledFirstNameNoRegnal] [nepotism.GetOnlyDynastyName], su propio pariente, [liege_title.GetRulerTitle] de [liege_title.GetName] en nombre del [Root.Liege.GetTitle].;;;;;;;;;x
CHRONICLE_CHRONICLE_FAMOUS_WRITER;This following passage of this chronicle is to be written by one of the famous writers in all the land, who was given patronage by [Root.GetTitledFirstNameNoRegnal] to record the deeds of House [Root.GetOnlyDynastyName].;Le passage suivant de la chronique sera rédigé par l’un des plus fameux écrivains de ce monde, à qui [Root.GetTitledFirstNameNoRegnal] offrit son patronage pour qu’il rapporte les hauts faits de la Maison [Root.GetOnlyDynastyName].;;;El pasaje siguiente de la crónica será redactado por uno de los más afamados escribanos de este mundo, a quien [Root.GetTitledFirstNameNoRegnal] ofreció su patronazgo para que contara las hazañas de la casa [Root.GetOnlyDynastyName].;;;;;;;;;x
CHRONICLE_MIRACLE_PLAY;;;;;;;;;;;;;;x
CHRONICLE_GRAND_CARNIVAL;;;;;;;;;;;;;;x
CHRONICLE_GAVE_REFUGE;[Root.GetTitledFirstNameNoRegnal] showed [Root.GetHerHis] honour and hospitality when [Root.GetSheHe] welcomed [From.GetTitledFirstNameWithNickAndDynasty] into [Root.GetHerHis] service. [From.GetLordLady] [From.GetOnlyDynastyName] had previously been exiled after losing [From.GetHerHis] lands, but was named [Prev.GetRulerTitle] of [Prev.GetName] upon swearing fealty to House [Root.GetOnlyDynastyName].;[Root.GetTitledFirstNameNoRegnal] démontra son honneur et son hospitalité quand [Root.GetSheHe] accueillit [From.GetTitledFirstNameWithNickAndDynasty] à son service. [From.GetLordLady] [From.GetOnlyDynastyName] avait jadis été exilé(e) après avoir perdu ses terres, mais fut nommé(e) [Prev.GetRulerTitle] de [Prev.GetName] après avoir juré fidélité à la Maison [Root.GetOnlyDynastyName].;;;[Root.GetTitledFirstNameNoRegnal] demostró su honor y hospitalidad cuando acogió a [From.GetTitledFirstNameWithNickAndDynasty] a su servicio. [From.GetLordLady] [From.GetOnlyDynastyName] había sido exiliado tras perder sus tierras, pero fue nombrado [Prev.GetRulerTitle] de [Prev.GetName] tras jurar lealtad a la casa [Root.GetOnlyDynastyName].;;;;;;;;;x
CHRONICLE_DAVOS_APPEARS;During a desperate siege of Storm's End, [Root.GetTitledFirstNameNoRegnal] and the other inhabitants of the castle were saved by a man of low birth by the name of Davos, who took it upon himself to run the blockade to smuggle onions and other foodstuffs into the castle.  As a reward for his service, he was knighted and was allowed to choose Seaworth as the name of his new house.;Durant un siège désespéré d’Accalmie, [Root.GetTitledFirstNameNoRegnal] et les autres habitants de la forteresse furent sauvés par un homme du peuple du nom de Davos, qui prit la décision de forcer le blocus pour faire passer des oignons et d’autres victuailles en contrebande dans le château. En récompense de ses services, il fut adoubé et on l’autorisa à baptiser sa nouvelle Maison Mervault.;;;Durante un asedio desesperado en Bastión de Tormentas, [Root.GetTitledFirstNameNoRegnal] y los demás habitantes de la fortaleza fueron salvados por un plebeyo llamado Davos, que tomó la decisión de romper el bloqueo para lograr pasar cebollas y otros alimentos de contrabando al castillo. Como recompensa a sus servicios, fue nombrado caballero y se le permitió nombrar a su nueva casa Seaworth.;;;;;;;;;x
CHRONICLE_JOINED_COALITION;Led by [From.GetTitledFirstNameWithDynasty], [From.PrimaryTitle.GetName] answered the call to arms of [Root.PrimaryTitle.GetFullName], joining a coalition in defense against [Prev.GetTitledFirstNameWithNick] [Prev.GetOnlyDynastyName] of [Prev.PrimaryTitle.GetName].;Sous la direction de [From.GetTitledFirstNameWithDynasty], [From.PrimaryTitle.GetName] répondit à l’appel aux armes de [Root.PrimaryTitle.GetFullName], joignant une coalition de défense contre [Prev.GetTitledFirstNameWithNick] [Prev.GetOnlyDynastyName] de [Prev.PrimaryTitle.GetName].;;;Liderada por [From.GetTitledFirstNameWithDynasty], [From.PrimaryTitle.GetName] respondió a la llamada a las armas de [Root.PrimaryTitle.GetFullName], uniéndose a una coalición de defensa contra [Prev.GetTitledFirstNameWithNick] [Prev.GetOnlyDynastyName] de [Prev.PrimaryTitle.GetName].;;;;;;;;;x
CHRONICLE_EXCOMMUNICATED;For crimes against The Seven, [Root.GetTitledFirstNameNoRegnal] was declared an Anathema of the Faith and excommunicated by [Prev.GetHerHis] Holiness the High Septon.;Pour ses crimes contre les Sept, [Root.GetTitledFirstNameNoRegnal] fut déclaré(e) anathème et excommunié(e) par Sa Sainteté le Grand Septon.;;;Por sus crímenes contra los Siete, [Root.GetTitledFirstNameNoRegnal] fue declarado hereje y excomunicado por Su Santidad el Septón Supremo.;;;;;;;;;x
CHRONICLE_LOST_KHALASAR;The [Root.PrimaryTitle.GetTier] of [Root.GetTitledFirstNameWithNick] finally collapsed as the last of [Root.GetHerHis] riders either died or deserted [Root.GetHerHim].;Le [Root.PrimaryTitle.GetTier] de [Root.GetTitledFirstNameWithNick] finit par s’effondrer quand les derniers de ses cavaliers périrent ou désertèrent.;;;El [Root.PrimaryTitle.GetTier] de [Root.GetTitledFirstNameWithNick] desapareció cuando los últimos de sus jinetes murieron o desertaron.;;;;;;;;;x
CHRONICLE_LOST_KHALASAR_RELATIVE;The [Root.PrimaryTitle.GetTier] of [Root.GetTitledFirstNameWithNick], [This.GetTitledFirstNameNoRegnal]'s [GetPrevRelation], finally collapsed as the last of [Root.GetHerHis] riders either died or deserted [Root.GetHerHim].;Le [Root.PrimaryTitle.GetTier] de [Root.GetTitledFirstNameWithNick], [GetPrevRelation] de [This.GetTitledFirstNameNoRegnal], finit par s’effondrer quand les derniers de ses cavaliers périrent ou désertèrent.;;;El [Root.PrimaryTitle.GetTier] de [Root.GetTitledFirstNameWithNick], [GetPrevRelation] de [This.GetTitledFirstNameNoRegnal], desapareció cuando los últimos de sus jinetes murieron o desertaron.;;;;;;;;;x
CHRONICLE_DOTHRAKI_WARRIOR_DESERTS;A warrior by the name of [Prev.GetTitledFirstNameWithNick], deeming [Root.GetTitledFirstNameWithNick] not strong enough to lead, deserted, taking a large portion of the [Root.PrimaryTitle.GetTier] with [Prev.GetHerHim].;Un guerrier du nom de [Prev.GetTitledFirstNameWithNick], jugeant [Root.GetTitledFirstNameWithNick] trop faible pour diriger, déserta en emportant une grande partie du [Root.PrimaryTitle.GetTier].;;;Un guerrero llamado [Prev.GetTitledFirstNameWithNick], juzgando a [Root.GetTitledFirstNameWithNick] demasiado débil como líder, desertó llevándose con él una gran parte del [Root.PrimaryTitle.GetTier].;;;;;;;;;x
CHRONICLE_DOTHRAKI_LOST_TITLES;[From.GetTitledFirstNameWithNick] commanded much respect from [From.GetHerHis] followers, a respect that was not paid to [From.GetHerHis] heir [Root.GetFirstName]. Many warriors and vassals of the [Root.PrimaryTitle.GetTier] abandoned [Root.GetHerHim] when [Root.SheHe] took power, deeming [Root.GetHerHim] unworthy to lead.;[From.GetTitledFirstNameWithNick] était grandement respecté(e) par ses partisans, un respect dont ne bénéficia pas [From.GetHerHis] hériter(ère) [Root.GetFirstName]. Plusieurs guerriers et vassaux du(e la) [Root.PrimaryTitle.GetTier] l’abandonnèrent quand [Root.SheHe] arriva au pouvoir, le(a) considérant indigne de diriger.;;;[From.GetTitledFirstNameWithNick] fue enormemente respetado por sus seguidores, pero ese respeto no lo tenían para con su heredero [Root.GetFirstName]. Muchos de los guerreros y vasallos del [Root.PrimaryTitle.GetTier] lo abandonaron cuando llegó al poder, considerándolo un líder débil.;;;;;;;;;x
CHRONICLE_BLOODRIDER;[FromFrom.GetTitledFirstNameWithNick] named [FromFrom.GetHerHis] [GetFromFromReverseRelation] [Root.GetTitledFirstNameWithNick] one of [FromFrom.GetHerHis] Bloodriders, a sworn guardian, brother and companion.;[FromFrom.GetTitledFirstNameWithNick] nomma [FromFrom.GetHerHis] [GetFromFromReverseRelation] [Root.GetTitledFirstNameWithNick] l’un de ses sang-coureurs, un gardien juré, un frère et un compagnon.  ;;;[FromFrom.GetTitledFirstNameWithNick] nombró a [FromFrom.GetHerHis] [GetFromFromReverseRelation] [Root.GetTitledFirstNameWithNick] uno de sus jinetes de sangre, un guardián juramentado, hermano y compañero.  ;;;;;;;;;x
CHRONICLE_DOTHRAKI_RECEIVED_TRIBUTE;[Root.GetTitledFirstNameWithNick] received a tribute from [From.GetTitledFirstNameWithDynasty], and so refrained from raiding the lands of [From.PrimaryTitle.GetName].;[Root.GetTitledFirstNameWithNick] reçut un tribut de la part de [From.GetTitledFirstNameWithDynasty], et se retint donc de piller les terres de [From.PrimaryTitle.GetName].;;;[Root.GetTitledFirstNameWithNick] recibió un tributo por parte de [From.GetTitledFirstNameWithDynasty], para evitar que saqueara las tierras de [From.PrimaryTitle.GetName].;;;;;;;;;x
CHRONICLE_DOTHRAKI_GAVE_TRIBUTE;[From.GetTitledFirstNameNoRegnal] paid a tribute to [Root.GetTitledFirstNameWithNick], ensuring that [Root.GetHerHis] [Root.PrimaryTitle.GetTier] did not pillage [From.PrimaryTitle.GetAdjective] lands.;[From.GetTitledFirstNameNoRegnal] paya un tribut à [Root.GetTitledFirstNameWithNick], s’assurant ainsi que [Root.GetHerHis] [Root.PrimaryTitle.GetTier] ne pillerait pas les terres de [From.PrimaryTitle.GetAdjective].;;;[From.GetTitledFirstNameNoRegnal] pagó un tributo a [Root.GetTitledFirstNameWithNick], asegurándose así que [Root.GetHerHis] [Root.PrimaryTitle.GetTier] no saqueara tierras [From.PrimaryTitle.GetAdjective].;;;;;;;;;x
CHRONICLE_DOTHRAKI_HEART_CEREMONY;[Root.GetTitledFirstNameWithNick], wife of [Root.Spouse.GetTitledFirstNameWithNick], successfully consumed the heart of a stallion under the supervision of the Dosh Khaleen in Vaes Dothrak. This was accepted as a good omen for her pregnancy.;[Root.GetTitledFirstNameWithNick], épouse de [Root.Spouse.GetTitledFirstNameWithNick], réussit à consommer le cœur d’un étalon devant le Dosh Khaleen à Vaes Dothrak. Ce fut considéré comme un bon présage pour sa grossesse.;;;[Root.GetTitledFirstNameWithNick], esposa de [Root.Spouse.GetTitledFirstNameWithNick], logró comerse el corazón de un semental ante el Dosh Khaleen en Vaes Dothrak. Esto fue considerado como un buen presagio para su embarazo.;;;;;;;;;x
CHRONICLE_DOTHRAKI_MUTILATION;According to Dothraki traditions, [Root.GetTitledFirstNameWithNick]'s defeated enemy [From.GetTitledFirstNameWithNick] was executed, but in the most brutal fashion. [From.GetSheHeCap] was executed by being burnt alive, but first having [From.GetHerHis] hands, feet, and genitals cut off, and roasted before [From.GetHerHis] eyes, that is after first burning [From.GetHerHis] kin in the same manner.;En accord avec la tradition Dothraki, l’ennemi(e) vaincu(e) de [Root.GetTitledFirstNameWithNick], [From.GetTitledFirstNameWithNick], fut exécuté, mais d’une manière particulièrement brutale. [From.GetSheHeCap] fut brûlé(e) vif(ve), mais on lui trancha d’abord les mains, les pieds et les génitales, puis on les fit rôtir devant ses yeux, après avoir d’abord infligé le même sort à la famille.;;;De acuerdo a la tradición dothraki, el enemigo vencido de [Root.GetTitledFirstNameWithNick], [From.GetTitledFirstNameWithNick], fue ejecutado de una manera particularmente brutal. Fue quemado vivo, pero antes le cortaron las manos, los pies y los genitales, y los asaron delante de sus ojos, tras haber hecho lo mismo a su familia.;;;;;;;;;x
CHRONICLE_DOTHRAKI_MUTILATION_ROOT;According to Dothraki traditions, [Root.GetTitledFirstNameWithNick], [This.GetTitledFirstNameNoRegnal]'s [GetPrevRelation], had [Root.GetHerHis] defeated enemy [From.GetTitledFirstNameWithNick] executed, but in the most brutal fashion. [From.GetSheHeCap] was executed by being burnt alive, but first having [From.GetHerHis] hands, feet, and genitals cut off, and roasted before [From.GetHerHis] eyes, that is after first burning [From.GetHerHis] kin in the same manner.;En accord avec la tradition Dothraki, [Root.GetTitledFirstNameWithNick], [GetPrevRelation] de [This.GetTitledFirstNameNoRegnal], exécuta son ennemi(e) vaincu(e) [From.GetTitledFirstNameWithNick] mais d’une manière particulièrement brutale. [From.GetSheHeCap] fut brûlé(e) vif(ve), mais on lui trancha d’abord les mains, les pieds et les génitales, puis on les fit rôtir devant ses yeux, après avoir d’abord infligé le même sort à la famille.;;;De acuerdo a la tradición dothraki, [Root.GetTitledFirstNameWithNick], [GetPrevRelation] de [This.GetTitledFirstNameNoRegnal], ejecutó a su enemigo vencido [From.GetTitledFirstNameWithNick] de una manera particularmente brutal. Fue quemado vivo, pero antes le cortaron las manos, los pies y los genitales, y los asaron delante de sus ojos, tras haber hecho lo mismo a su familia.;;;;;;;;;x
CHRONICLE_DOTHRAKI_MUTILATION_FROM;According to Dothraki traditions, [Root.GetTitledFirstNameWithNick] had [Root.GetHerHis] defeated enemy [From.GetTitledFirstNameWithNick], [This.GetTitledFirstNameNoRegnal]'s [GetPrevRelation], executed, but in the most brutal fashion. [From.GetSheHeCap] was executed by being burnt alive, but first having [From.GetHerHis] hands, feet, and genitals cut off, and roasted before [From.GetHerHis] eyes, that is after first burning [From.GetHerHis] kin in the same manner.;En accord avec la tradition Dothraki, [Root.GetTitledFirstNameWithNick] exécuta son ennemi(e) vaincu(e) [From.GetTitledFirstNameWithNick], [GetPrevRelation]  de [This.GetTitledFirstNameNoRegnal], mais d’une manière particulièrement brutale. [From.GetSheHeCap] fut brûlé(e) vif(ve), mais on lui trancha d’abord les mains, les pieds et les génitales, puis on les fit rôtir devant ses yeux, après avoir d’abord infligé le même sort à la famille.;;;De acuerdo a la tradición dothraki, [Root.GetTitledFirstNameWithNick] ejecutó a su enemigo vencido [From.GetTitledFirstNameWithNick], [GetPrevRelation]  de [This.GetTitledFirstNameNoRegnal], de una manera particularmente brutal. Fue quemado vivo, pero antes le cortaron las manos, los pies y los genitales, y los asaron delante de sus ojos, tras haber hecho lo mismo a su familia.;;;;;;;;;x
CHRONICLE_BOUGHT_DRAGON_EGG;[Root.GetTitledFirstNameNoRegnal] purchased a rare petrified dragon egg from a foreign trader.;[Root.GetTitledFirstNameNoRegnal] acheta un précieux œuf de dragon pétrifié à un marchand étranger.;;;[Root.GetTitledFirstNameNoRegnal] compró un precioso huevo de dragón petrificado a un mercader extranjero.;;;;;;;;;x
CHRONICLE_BOUGHT_DRAGON_EGG_FROM;[From.GetTitledFirstNameWithNickAndDynasty], [Root.GetTitledFirstNameNoRegnal]'s [From.GetRootRelation], purchased a rare petrified dragon egg from a foreign trader.;[From.GetTitledFirstNameWithNickAndDynasty], [From.GetRootRelation] de [Root.GetTitledFirstNameNoRegnal], acheta un précieux œuf de dragon pétrifié à un marchand étranger.;;;[From.GetTitledFirstNameWithNickAndDynasty], [From.GetRootRelation] de [Root.GetTitledFirstNameNoRegnal], compró un precioso huevo de dragón petrificado a un mercader extranjero.;;;;;;;;;x
CHRONICLE_HATCHED_DRAGON;On [GetDateText], [From.GetTitledFirstNameNoRegnal] succeeded in hatching a dragon from [From.GetHerHis] egg. [From.GetSheHeCap] named the [Root.GetSheHe]-dragon [Root.GetFirstName].;En [GetDateText], [From.GetTitledFirstNameNoRegnal] réussit à faire éclore son œuf de dragon. [From.GetSheHeCap] nomma le dragonnet [Root.GetFirstName].;;;En [GetDateText], [From.GetTitledFirstNameNoRegnal] logró hacer eclosionar su huevo de dragón y llamó a su dragoncito [Root.GetFirstName].;;;;;;;;;x
CHRONICLE_HATCHED_DRAGON_FROM;On [GetDateText], [FromFrom.GetTitledFirstNameWithNick] [FromFrom.GetOnlyDynastyName], [Root.GetTitledFirstNameNoRegnal]'s [FromFrom.GetRootRelation], succeeded in hatching a dragon from [FromFrom.GetHerHis] egg. [FromFrom.GetSheHeCap] named the [From.GetSheHe]-dragon [From.GetFirstName].;En [GetDateText], [FromFrom.GetTitledFirstNameWithNick] [FromFrom.GetOnlyDynastyName], [FromFrom.GetRootRelation] de [Root.GetTitledFirstNameNoRegnal], réussit à faire éclore son œuf de dragon. [FromFrom.GetSheHeCap] nomma le dragonnet [From.GetFirstName].;;;En [GetDateText], [FromFrom.GetTitledFirstNameWithNick] [FromFrom.GetOnlyDynastyName], [FromFrom.GetRootRelation] de [Root.GetTitledFirstNameNoRegnal], logró hacer eclosionar su huevo de dragón y llamó a su dragoncito [From.GetFirstName].;;;;;;;;;x
CHRONICLE_HATCHED_DRAGON_FROM_A;On [GetDateText] an event occured not seen in years, [FromFrom.GetTitledFirstNameWithNick] [FromFrom.GetOnlyDynastyName], [Root.GetTitledFirstNameNoRegnal]'s [FromFrom.GetRootRelation], succeeded in hatching a dragon from [FromFrom.GetHerHis] egg. [FromFrom.GetSheHeCap] named the [From.GetSheHe]-dragon [From.GetFirstName].;En [GetDateText] se produisit un évènement qu’on n’avait plus vu depuis des années, car [FromFrom.GetTitledFirstNameWithNick] [FromFrom.GetOnlyDynastyName], [FromFrom.GetRootRelation] de [Root.GetTitledFirstNameNoRegnal], réussit à faire éclore son œuf de dragon. [FromFrom.GetSheHeCap] nomma le dragonnet [From.GetFirstName].;;;En [GetDateText] se produjo un acontecimiento que no se había visto en muchos años, ya que [FromFrom.GetTitledFirstNameWithNick] [FromFrom.GetOnlyDynastyName], [FromFrom.GetRootRelation] de [Root.GetTitledFirstNameNoRegnal], logró hacer eclosionar su huevo de dragón y llamó a su dragoncito [From.GetFirstName].;;;;;;;;;x
CHRONICLE_HATCHED_DRAGON_FAIL;A great calamity befell [Root.GetTitledFirstNameNoRegnal] in this year. [Root.SheHeCap] attempted to hatch [Root.GetHerHis] dragon egg in an enormous pyre, but succeeded only in causing great harm and damage to [Root.GetHerHim]self and [Root.Location.GetName].;Une terrible catastrophe frappa [Root.GetTitledFirstNameNoRegnal] cette année-là. [Root.SheHeCap] tenta de faire éclore son œuf de dragon dans un gigantesque bûcher, mais ne parvint qu’à se blesser gravement et à grandement endommager [Root.Location.GetName].;;;Una terrible catástrofe le ocurrió a [Root.GetTitledFirstNameNoRegnal] este año. Intentó hacer eclosionar su huevo de dragón en una gigantesca hoguera, pero lo único que consiguió fue herirse gravemente y dañar [Root.Location.GetName].;;;;;;;;;x
CHRONICLE_HATCHED_DRAGON_FAIL_FROM;A great calamity befell [Root.GetTitledFirstNameNoRegnal]'s [From.GetRootRelation] in this year. [From.GetTitledFirstNameWithDynasty] attempted to hatch [From.GetHerHis] dragon egg in an enormous pyre, but tragically died in the process, and succeeded only in causing great damage to [From.Location.GetName].;Une terrible catastrophe frappa le(a) [From.GetRootRelation] de [Root.GetTitledFirstNameNoRegnal] cette année-là. [From.GetTitledFirstNameWithDynasty] tenta de faire éclore son œuf de dragon dans un gigantesque bûcher, mais périt dans la tentative et ne réussit qu’à grandement endommager [From.Location.GetName].;;;Una terrible catástrofe le ocurrió al [From.GetRootRelation] de [Root.GetTitledFirstNameNoRegnal] este año. [From.GetTitledFirstNameWithDynasty] Intentó hacer eclosionar su huevo de dragón en una gigantesca hoguera, pero falleció en el intento y dañó gravemente [From.Location.GetName].;;;;;;;;;x
CHRONICLE_TAMED_DRAGON;[From.GetTitledFirstNameNoRegnal] became a dragon rider when [From.GetSheHe] succeeded in taming [Root.GetFirstNameWithNick].;[From.GetTitledFirstNameNoRegnal] devint un(e) chevaucheur(se) de dragon quand [From.GetSheHe] réussit à dompter [Root.GetFirstNameWithNick].;;;[From.GetTitledFirstNameNoRegnal] se convirtió en un jinete de dragón al conseguir domar a [Root.GetFirstNameWithNick].;;;;;;;;;x
CHRONICLE_TAMED_DRAGON_FROM;[Root.GetTitledFirstNameNoRegnal]'s [FromFrom.GetRootRelation] [FromFrom.GetTitledFirstNameWithNick] [FromFrom.GetOnlyDynastyName] became a dragon rider when [FromFrom.GetSheHe] succeeded in taming [From.GetFirstNameWithNick].;Le(a) [FromFrom.GetRootRelation] de [Root.GetTitledFirstNameNoRegnal], [FromFrom.GetTitledFirstNameWithNick] [FromFrom.GetOnlyDynastyName],  devint un(e) chevaucheur(se) de dragon quand [FromFrom.GetSheHe] réussit à dompter [From.GetFirstNameWithNick].;;;El [FromFrom.GetRootRelation] de [Root.GetTitledFirstNameNoRegnal], [FromFrom.GetTitledFirstNameWithNick] [FromFrom.GetOnlyDynastyName], se convirtió en un jinete de dragón al conseguir domar a [From.GetFirstNameWithNick].;;;;;;;;;x
CHRONICLE_TAMED_DRAGON_FAIL;In an act some described as foolhardy, [Root.GetTitledFirstNameNoRegnal] attempted to tame the dragon [FromFrom.GetFirstNameWithNick]. [Root.SheHeCap] failed, and was badly injured in the trying.;Dans ce que certains appelèrent un acte de témérité, [Root.GetTitledFirstNameNoRegnal] tenta de dompter le dragon [FromFrom.GetFirstNameWithNick]. [Root.SheHeCap] échoua et se blessa gravement.;;;En lo que algunos llamaron un acto temeroso, [Root.GetTitledFirstNameNoRegnal] intentó domar al dragón [FromFrom.GetFirstNameWithNick]. [Root.SheHeCap] fracasó y se hirió gravemente.;;;;;;;;;x
CHRONICLE_TAMED_DRAGON_FAIL_FROM;In an act some described as foolhardy, [Root.GetTitledFirstNameNoRegnal]'s [FromFrom.GetRootRelation] [FromFrom.GetTitledFirstNameWithNick] [FromFrom.GetOnlyDynastyName] attempted to tame the dragon [From.GetFirstNameWithNick]. [FromFrom.SheHeCap] failed, and was badly injured in the trying.;Dans ce que certains appelèrent un acte de témérité, le(a) [FromFrom.GetRootRelation] de [Root.GetTitledFirstNameNoRegnal], [FromFrom.GetTitledFirstNameWithNick] [FromFrom.GetOnlyDynastyName], tenta de dompter le dragon [From.GetFirstNameWithNick]. [FromFrom.SheHeCap] échoua et se blessa gravement.;;;En lo que algunos llamaron un acto temeroso, el [FromFrom.GetRootRelation] de [Root.GetTitledFirstNameNoRegnal], [FromFrom.GetTitledFirstNameWithNick] [FromFrom.GetOnlyDynastyName], intentó domar al dragón [From.GetFirstNameWithNick]. [FromFrom.SheHeCap] fracasó y se hirió gravemente.;;;;;;;;;x
CHRONICLE_INHERITED_DRAGON_EGG;[Root.GetTitledFirstNameNoRegnal] inherited the prized dragon egg previously owned by [From.GetTitledFirstNameWithNickAndDynasty].;[Root.GetTitledFirstNameNoRegnal] hérita du précieux œuf de dragon précédemment possédé par [From.GetTitledFirstNameWithNickAndDynasty].;;;[Root.GetTitledFirstNameNoRegnal] heredó el preciado huevo de dragón anteriormente poseído por [From.GetTitledFirstNameWithNickAndDynasty].;;;;;;;;;x
CHRONICLE_SLAYED_WILD_DRAGON;[Root.GetTitledFirstNameNoRegnal] won eternal renown throughout the realm when [Root.SheHe] bravely slayed the [FromFrom.GetAgeYears] year old dragon [FromFrom.GetFirstNameWithNick].;[Root.GetTitledFirstNameNoRegnal] gagna une renommée éternelle à travers le royaume quand [Root.SheHe] abattit bravement le dragon [FromFrom.GetFirstNameWithNick].;;;[Root.GetTitledFirstNameNoRegnal] ganó renombre eterno en todo el Reino al lograr abatir valientemente al dragón [FromFrom.GetFirstNameWithNick].;;;;;;;;;x
CHRONICLE_SLAYED_WILD_DRAGON_FROM;[FromFrom.GetTitledFirstNameWithNick] [FromFrom.GetOnlyDynastyName], [Root.GetTitledFirstNameNoRegnal]'s [FromFrom.GetRootRelation], won eternal renown throughout the realm when [FromFrom.SheHe] bravely slayed the [From.GetAgeYears] year old dragon [From.GetFirstNameWithNick].;[FromFrom.GetTitledFirstNameWithNick] [FromFrom.GetOnlyDynastyName], [FromFrom.GetRootRelation] de [Root.GetTitledFirstNameNoRegnal], gagna une renommée éternelle à travers le royaume quand [FromFrom.SheHe] abattit bravement le dragon [From.GetFirstNameWithNick].;;;[FromFrom.GetTitledFirstNameWithNick] [FromFrom.GetOnlyDynastyName], [FromFrom.GetRootRelation] de [Root.GetTitledFirstNameNoRegnal], ganó un renombre eterno en todo el Reino al lograr abatir valientemente al dragón [From.GetFirstNameWithNick].;;;;;;;;;x
CHRONICLE_LOST_TO_WILD_DRAGON;[Root.GetTitledFirstNameNoRegnal] bravely attempted to slay the dragon [FromFrom.GetFirstNameWithNick], but unfortunately did not succeed and was badly injured in the process.;[Root.GetTitledFirstNameNoRegnal] tenta bravement de tuer le dragon [FromFrom.GetFirstNameWithNick], mais échoua et fut gravement blessé(e).;;;[Root.GetTitledFirstNameNoRegnal] intentó valientemente matar al dragón [FromFrom.GetFirstNameWithNick], pero fracasó y fue gravemente herido.;;;;;;;;;x
CHRONICLE_SLAYED_DRAGON_IN_BATTLE;[Root.GetTitledFirstNameNoRegnal] will forever be remembered, for on this day in the battle of [Root.Location.GetName] [Root.GetSheHe] bravely slayed [FromFrom.GetFirstNameWithNick], the dragon ridden by [dragons_rider.GetTitledFirstNameWithNick] [dragons_rider.GetOnlyDynastyName].;L’on se souviendra pour toujours de [Root.GetTitledFirstNameNoRegnal], qui en ce jour de la bataille de [Root.Location.GetName], tua bravement [FromFrom.GetFirstNameWithNick], le dragon monté par [dragons_rider.GetTitledFirstNameWithNick] [dragons_rider.GetOnlyDynastyName].;;;[Root.GetTitledFirstNameNoRegnal] ganó renombre eterno en todo el Reino, ya que en la batalla de [Root.Location.GetName], mató valientemente a [FromFrom.GetFirstNameWithNick], el dragón montado por [dragons_rider.GetTitledFirstNameWithNick] [dragons_rider.GetOnlyDynastyName].;;;;;;;;;x
CHRONICLE_SLAYED_DRAGON_IN_BATTLE_FROM;[FromFrom.GetTitledFirstNameWithNick] [FromFrom.GetOnlyDynastyName], [Root.GetTitledFirstNameNoRegnal]'s [FromFrom.GetRootRelation], will forever be remembered, for on this day in the battle of [FromFrom.Location.GetName] [FromFrom.GetSheHe] bravely slayed [From.GetFirstNameWithNick], the dragon ridden by [dragons_rider.GetTitledFirstNameWithNick] [dragons_rider.GetOnlyDynastyName].;L’on se souviendra pour toujours de [FromFrom.GetTitledFirstNameWithNick] [FromFrom.GetOnlyDynastyName], [FromFrom.GetRootRelation] de [Root.GetTitledFirstNameNoRegnal], qui en ce jour de la bataille de [FromFrom.Location.GetName], tua bravement [From.GetFirstNameWithNick], le dragon monté par [dragons_rider.GetTitledFirstNameWithNick] [dragons_rider.GetOnlyDynastyName].;;;[FromFrom.GetTitledFirstNameWithNick] [FromFrom.GetOnlyDynastyName], [FromFrom.GetRootRelation] de [Root.GetTitledFirstNameNoRegnal] será recordado para siempre por la batalla de [FromFrom.Location.GetName], donde mató valientmeente a [From.GetFirstNameWithNick], el dragón montado por [dragons_rider.GetTitledFirstNameWithNick] [dragons_rider.GetOnlyDynastyName].;;;;;;;;;x
CHRONICLE_LOST_TO_DRAGON_IN_BATTLE;In the battle of [Root.Location.GetName], [Root.GetTitledFirstNameNoRegnal] bravely attempted to slay [FromFrom.GetFirstNameWithNick], the dragon ridden by [dragons_rider.GetTitledFirstNameWithNick] [dragons_rider.GetOnlyDynastyName]. Unfortunately [Root.GetSheHe] did not succeed, and was badly injured in the process.;Durant la bataille de [Root.Location.GetName], [Root.GetTitledFirstNameNoRegnal] tenta bravement de tuer [FromFrom.GetFirstNameWithNick], le dragon monté par [dragons_rider.GetTitledFirstNameWithNick] [dragons_rider.GetOnlyDynastyName]. Hélas [Root.GetSheHe] échoua, et fut gravement blessé(e).;;;Durante la batalla de [Root.Location.GetName], [Root.GetTitledFirstNameNoRegnal] intentó matar a [FromFrom.GetFirstNameWithNick], el dragón montado por [dragons_rider.GetTitledFirstNameWithNick] [dragons_rider.GetOnlyDynastyName]. Desgraciadamente fracasó y fue gravemente herido.;;;;;;;;;x
CHRONICLE_SIEGE_OF_FIRE_VICTIM;During the siege of [From.Location.GetName], the enemy commander [From.GetTitledFirstNameWithNickAndDynasty], riding the dragon [riders_dragon.GetFirstNameWithNick], descended upon the defenders with dragonflame. Most of the defenders and inhabitants of [From.Location.Capital.GetName] were ruthlessly killed in this attack.;Durant le siege de [From.Location.GetName], le commandant ennemi [From.GetTitledFirstNameWithNickAndDynasty], montant le dragon [riders_dragon.GetFirstNameWithNick], déversa un déluge de feu de dragon sur les défenseurs. La plupart des soldats et des habitants périrent lors de cette attaque impitoyable.;;;Durante el asedio de [From.Location.GetName], el general enemigo [From.GetTitledFirstNameWithNickAndDynasty], a lomos del dragón [riders_dragon.GetFirstNameWithNick], descargó una lluvia de fuego de dragón sobre los defensores. La mayor parte de los soldados y habitantes perecieron en el ataque.;;;;;;;;;x
CHRONICLE_SIEGE_OF_FIRE_VICTIM_COURTIER;During the siege of [FromFrom.Location.GetName], the enemy commander [FromFrom.GetTitledFirstNameWithNick] [FromFrom.GetOnlyDynastyName], riding the dragon [riders_dragon.GetFirstNameWithNick], descended upon the defenders with dragonflame. Most of the defenders and inhabitants of [FromFrom.Location.Capital.GetName], including [Root.GetTitledFirstNameNoRegnal], were ruthlessly killed in this attack.;Durant le siege de [FromFrom.Location.GetName], le commandant ennemi [FromFrom.GetTitledFirstNameWithNick] [FromFrom.GetOnlyDynastyName], montant le dragon [riders_dragon.GetFirstNameWithNick], déversa un déluge de feu de dragon sur les défenseurs. La plupart des soldats et des habitants de [FromFrom.Location.Capital.GetName], y compris [Root.GetTitledFirstNameNoRegnal], périrent lors de cette attaque impitoyable.;;;Durante el asedio de [FromFrom.Location.GetName], el general enemigo [FromFrom.GetTitledFirstNameWithNick] [FromFrom.GetOnlyDynastyName], a lomos del dragón [riders_dragon.GetFirstNameWithNick], descargó una lluvia de fuego de dragón sobre los defensores. La mayor parte de los soldados y habitantes de [FromFrom.Location.Capital.GetName], incluyendo a [Root.GetTitledFirstNameNoRegnal], perecieron en el ataque.;;;;;;;;;x
CHRONICLE_SIEGE_OF_FIRE;In a act seen as ruthless yet necessary, [Root.GetTitledFirstNameNoRegnal] ended the siege of [Root.Location.GetName] using dragonflame, riding upon the back of [riders_dragon.GetFirstNameWithNick]. Most of the defenders and inhabitants of [Root.Location.Capital.GetName] were killed in the attack.;Dans un acte jugé aussi impitoyable que nécessaire, [Root.GetTitledFirstNameNoRegnal] mit fin au siège de [Root.Location.GetName] en faisant cracher le feu à son dragon, [riders_dragon.GetFirstNameWithNick]. La plupart des défenseurs et des habitants de [Root.Location.Capital.GetName] périrent pendant l’attaque.;;;En un acto tan cruel como necesario, [Root.GetTitledFirstNameNoRegnal] puso fin al asedio de [Root.Location.GetName] haciendo escupir fuego a su dragón, [riders_dragon.GetFirstNameWithNick]. La mayor parte de los soldados y habitantes de [Root.Location.Capital.GetName] perecieron en el ataque.;;;;;;;;;x
CHRONICLE_LOST_DRAGON_DUEL_DIED;In the skies above [Root.Location.GetName], [Root.GetTitledFirstNameNoRegnal] engaged in a duel on dragonback with [dragons_rider_duel.GetTitledFirstNameWithNick] [dragons_rider_duel.GetOnlyDynastyName], rider of [From.GetFirstNameWithNick]. [Root.GetSheHeCap] lost this epic dance, [Root.GetHerHis] dragon [FromFrom.GetFirstNameWithNick] dying in the fight.;Dans les cieux surplombant [Root.Location.GetName], [Root.GetTitledFirstNameNoRegnal] engagea un duel à dos de dragon avec [dragons_rider_duel.GetTitledFirstNameWithNick] [dragons_rider_duel.GetOnlyDynastyName], le(a) cavalier(ère) de [From.GetFirstNameWithNick]. [Root.GetSheHeCap] perdit cette danse épique, son dragon [FromFrom.GetFirstNameWithNick] mourant lors du combat.;;;En el cielo de [Root.Location.GetName], [Root.GetTitledFirstNameNoRegnal] combate a lomos de dragón contra [dragons_rider_duel.GetTitledFirstNameWithNick] [dragons_rider_duel.GetOnlyDynastyName], el jinete de [From.GetFirstNameWithNick]. Perdió esta danza épica y su dragón [FromFrom.GetFirstNameWithNick] murió en el combate.;;;;;;;;;x
CHRONICLE_WON_DRAGON_DUEL_DIED;In the skies above [Root.Location.GetName], [Root.GetTitledFirstNameNoRegnal] engaged in a duel on dragonback with [dragons_rider_duel.GetTitledFirstNameWithNick] [dragons_rider_duel.GetOnlyDynastyName], rider of [FromFrom.GetFirstNameWithNick]. [Root.GetSheHeCap] and [From.GetFirstNameWithNick] prevailed in this epic dance, slaying [FromFrom.GetFirstNameWithNick].;Dans les cieux surplombant [Root.Location.GetName], [Root.GetTitledFirstNameNoRegnal] engagea un duel à dos de dragon avec [dragons_rider_duel.GetTitledFirstNameWithNick] [dragons_rider_duel.GetOnlyDynastyName], le(a) cavalier(ère) de [FromFrom.GetFirstNameWithNick]. [Root.GetSheHeCap] et [From.GetFirstNameWithNick] s’imposèrent lors de cette dance épique, tuant [FromFrom.GetFirstNameWithNick].;;;En el cielo de [Root.Location.GetName], [Root.GetTitledFirstNameNoRegnal] combate a lomos de dragón contra [dragons_rider_duel.GetTitledFirstNameWithNick] [dragons_rider_duel.GetOnlyDynastyName], el jinete de [FromFrom.GetFirstNameWithNick]. [Root.GetSheHeCap] y [From.GetFirstNameWithNick] se impusieron en esta danza épica, matando a [FromFrom.GetFirstNameWithNick].;;;;;;;;;x
CHRONICLE_DRAGON_DUEL;In the skies above [Root.Location.GetName], [dragons_rider_FROM.GetTitledFirstNameWithNick] [dragons_rider_FROM.GetOnlyDynastyName] and [dragons_rider_FROMFROM.GetTitledFirstNameWithNick] [dragons_rider_FROMFROM.GetOnlyDynastyName] engaged in a duel on dragonback. Riding [From.GetFirstNameWithNick], [dragons_rider_FROM.GetTitledFirstNameNoRegnal] prevailed in this epic dance, slaying [dragons_rider_FROMFROM.GetTitledFirstNameNoRegnal]'s dragon [FromFrom.GetFirstNameWithNick].;Dans les cieux surplombant [Root.Location.GetName], [dragons_rider_FROM.GetTitledFirstNameWithNick] [dragons_rider_FROM.GetOnlyDynastyName] et [dragons_rider_FROMFROM.GetTitledFirstNameWithNick] [dragons_rider_FROMFROM.GetOnlyDynastyName] engagèrent un duel à dos de dragon. Montant [From.GetFirstNameWithNick], [dragons_rider_FROM.GetTitledFirstNameNoRegnal] s’imposa dans cette danse épique, tuant [FromFrom.GetFirstNameWithNick], le dragon de [dragons_rider_FROMFROM.GetTitledFirstNameNoRegnal].;;;En el cielo de [Root.Location.GetName], [dragons_rider_FROM.GetTitledFirstNameWithNick] [dragons_rider_FROM.GetOnlyDynastyName] y [dragons_rider_FROMFROM.GetTitledFirstNameWithNick] [dragons_rider_FROMFROM.GetOnlyDynastyName] combatieron a lomos de dragón. Montando a [From.GetFirstNameWithNick], [dragons_rider_FROM.GetTitledFirstNameNoRegnal] se impuso en esta danza épica, matando a [FromFrom.GetFirstNameWithNick], el dragón de [dragons_rider_FROMFROM.GetTitledFirstNameNoRegnal].;;;;;;;;;x
CHRONICLE_SURRENDERED_TO_DRAGON;Rather than facing the dragon rider on the battlefield, [Root.GetTitledFirstNameNoRegnal] surrendered to [From.GetTitledFirstNameWithNickAndDynasty] upon [From.GetHerHis] declaration of war. From this day the [Root.PrimaryTitle.GetFullName] and House [Root.GetOnlyDynastyName] would swear fealty to [From.PrimaryTitle.GetFullName].;Plutôt que d’affronter le(a) chevaucheur(se) de dragon sur le champ de bataille, [Root.GetTitledFirstNameNoRegnal] se rendit à [From.GetTitledFirstNameWithNickAndDynasty] suite à sa déclaration de guerre. Depuis ce jour, le(s/a) [Root.PrimaryTitle.GetFullName] et la Maison [Root.GetOnlyDynastyName] jurèrent fidélité à [From.PrimaryTitle.GetFullName].;;;En lugar de enfrentarse al jinete de dragón sobre el campo de batalla, [Root.GetTitledFirstNameNoRegnal] se rendió a [From.GetTitledFirstNameWithNickAndDynasty] tras su declaración de guerra. Tras ese día, el [Root.PrimaryTitle.GetFullName] y la casa [Root.GetOnlyDynastyName] juraron fidelidad al [From.PrimaryTitle.GetFullName].;;;;;;;;;x
CHRONICLE_DRAGON_CONQUEST_SURRENDER;Rather than facing dragonfire on the battlefield, [From.GetTitledFirstNameWithDynasty] surrendered to [Root.GetTitledFirstNameWithNickAndDynasty] upon [Root.GetHerHis] declaration of war. From this day the [From.PrimaryTitle.GetFullName] and House [From.GetOnlyDynastyName] would swear fealty to [Root.PrimaryTitle.GetFullName].;Plutôt que d’affronter le souffle du dragon sur le champ de bataille, [From.GetTitledFirstNameWithDynasty] se rendit à [Root.GetTitledFirstNameWithNickAndDynasty] suite à sa déclaration de guerre. Depuis ce jour, le(s/a) [From.PrimaryTitle.GetFullName] et la Maison [From.GetOnlyDynastyName] jurèrent fidélité à [Root.PrimaryTitle.GetFullName].;;;En lugar de enfrentarse al fuego de dragón sobre el campo de batalla, [From.GetTitledFirstNameWithDynasty] se rindió a [Root.GetTitledFirstNameWithNickAndDynasty] tras su declaración de guerra. Tras ese día, el [From.PrimaryTitle.GetFullName] y la casa [From.GetOnlyDynastyName] juraron fidelidad al [Root.PrimaryTitle.GetFullName].;;;;;;;;;x
CHRONICLE_DRAGON_CONQUEST_NO_HEIR;Whilst defending against [PrevPrev.GetTitledFirstNameWithNick] [PrevPrev.GetOnlyDynastyName]'s invasion of [Root.PrimaryTitle.GetName], [Root.GetTitledFirstNameWithNickAndDynasty] [Root.GetDeathReason]. [Root.GetSheHeCap] left no heir acceptable to [Root.GetHerHis] bannermen, and so [PrevPrev.GetTitledFirstNameNoRegnal] was able to claim the [Root.PrimaryTitle.GetTier] and therefore victory.;En combattant l’invasion de [Root.PrimaryTitle.GetName] par [Prev.GetTitledFirstNameWithNick] [Prev.GetOnlyDynastyName], [Root.GetTitledFirstNameWithNickAndDynasty] [Root.GetDeathReason]. [Root.GetSheHeCap] ne laissa aucun héritier valable aux yeux de ses vassaux, et ainsi [Prev.GetTitledFirstNameNoRegnal] put s’emparer du [Root.PrimaryTitle.GetTier] et de la victoire.;;;Combatiendo la invasión de [Root.PrimaryTitle.GetName] por [Prev.GetTitledFirstNameWithNick] [Prev.GetOnlyDynastyName], [Root.GetTitledFirstNameWithNickAndDynasty] [Root.GetDeathReason]. [Root.GetSheHeCap] no dejó ningún heredero válido a ojos de sus vasallos, y así [Prev.GetTitledFirstNameNoRegnal] pudo apoderarse del [Root.PrimaryTitle.GetTier] y de la victoria.;;;;;;;;;x
CHRONICLE_DRAGON_CONQUEST_NO_HEIR_WINNER;Whilst defending against [Root.GetTitledFirstNameWithNickAndDynasty]'s invasion of [From.PrimaryTitle.GetName], [From.GetTitledFirstNameWithNickAndDynasty] [From.GetDeathReason]. [From.GetSheHeCap] left no heir acceptable to [From.GetHerHis] bannermen, and so [Root.GetTitledFirstNameNoRegnal] was able to claim the [From.PrimaryTitle.GetTier] and therefore victory.;En combattant l’invasion de [From.PrimaryTitle.GetName] par [Root.GetTitledFirstNameWithNickAndDynasty], [From.GetTitledFirstNameWithNickAndDynasty] [From.GetDeathReason]. [From.GetSheHeCap] ne laissa aucun héritier valable aux yeux de ses vassaux, et ainsi [Root.GetTitledFirstNameNoRegnal] put s’emparer du [From.PrimaryTitle.GetTier] et de la victoire.;;;Combatiendo la invasión de [From.PrimaryTitle.GetName] por [Root.GetTitledFirstNameWithNickAndDynasty], [From.GetTitledFirstNameWithNickAndDynasty] [From.GetDeathReason]. [From.GetSheHeCap] no dejó ningún heredero válido a ojos de sus vasallos, y así [Root.GetTitledFirstNameNoRegnal] pudo apoderarse del [From.PrimaryTitle.GetTier] y de la victoria.;;;;;;;;;x
CHRONICLE_DRAGON_PIT_STORMING;The war in [This.PrimaryTitle.GetName] saw a great calamity befall [Root.GetName]. The smallfolk of the settlement grew angry and weary with the fighting, and ended forming an unruly mob which stormed the dragonpit. They slayed the dragons residing there and died by the hundreds in the resulting inferno, by the end of the night the great building was left a smouldering ruin.;La guerre à [This.PrimaryTitle.GetName] fut le théâtre d’une catastrophe pour [Root.GetName]. Les combats incessants lassèrent et rendirent furieux les petites gens, et ils finirent par former une foule incontrôlable qui attaqua Fossedragon. Ils tuèrent les dragons qui s’y trouvaient et des centaines d’entre eux perdirent la vie dans le brasier qui s’en suivit, et qui ne laissa du gigantesque bâtiment que des ruines fumantes.;;;La guerra en [This.PrimaryTitle.GetName] desencadenó una catástrofe en [Root.GetName]. Los combates incesantes cansaron y enfurecieron a los ciudadanos, que acabaron por formar una turba incontrolable que atacó Pozo Dragón. Mataron a los dragones que estaban allí y centenares de ellos perdieron la vida en el fuego que se desencadenó, y que dejó al enorme edificio convertido en ruinas humeantes.;;;;;;;;;x
CHRONICLE_VERMAX_DRAGON_EGG;Whilst exploring some of the deepest and oldest crypts in Winterfell, [Root.GetTitledFirstNameWithNickAndDynasty] found an ancient petrified dragon egg. It is said it was from a clutch left behind by the dragon Vermax when he was at Winterfell during the Dance of the Dragons.;En explorant certaines des cryptes les plus profondes et anciennes de Winterfell, [Root.GetTitledFirstNameWithNickAndDynasty] découvrit un œuf de dragon fossilisé. On dit qu’il venait d’une couvée laissée par le dragon Vermax lors de son passage à Winterfell durant la Danse des Dragons.;;;Explorando algunas de las criptas más profundas y antiguas de Invenalia, [Root.GetTitledFirstNameWithNickAndDynasty] descubrió un huevo de dragón petrificado. Se dijo que venía de una puesta dejada por el dragón Vermax durante su visita a Invernalia durante la Danza de los Dragones.;;;;;;;;;x
CHRONICLE_DROWNED;In this year [Root.GetTitledFirstNameWithNick] nearly drowned, but washed up ashore, safely and unharmed. Due to [Root.GetHerHis] near-death experience, [Root.GetSheHe] gained a true understanding of what is holy, and dedicated [Root.GetHerHim]self to the worship of the Drowned God.;En cette année [Root.GetTitledFirstNameWithNick] manqua de se noyer, mais se réveilla sur une plage en vie et sans égratignures. Suite à cette expérience de mort imminente, [Root.GetSheHe] gagna une véritable compréhension de ce qui était divin, et se dédia dès lors au culte du dieu Noyé.;;;En este año [Root.GetTitledFirstNameWithNick] cercano a ahogarse, se despertó en una playa vivo y sin rasguños. Tras esta experiencia cercana a la muerte, descubrió la verdadera comprensión de lo divino, y se dedicó a partir de entonces al culto del Dios Ahogado.;;;;;;;;;x
CHRONICLE_DROWNED_FROM;In this year [From.GetTitledFirstNameWithNickAndDynasty], [Root.GetTitledFirstNameNoRegnal]'s [From.GetRootRelation], nearly drowned, but washed up ashore, safely and unharmed. Due to [From.GetHerHis] near-death experience, [From.GetSheHe] gained a true understanding of what is holy, and dedicated [From.GetHerHim]self to the worship of the Drowned God.;En cette année [From.GetTitledFirstNameWithNickAndDynasty], [From.GetRootRelation] de [Root.GetTitledFirstNameNoRegnal], manqua de se noyer, mais se réveilla sur une plage en vie et sans égratignures. Suite à cette expérience de mort imminente, [From.GetSheHe] gagna une véritable compréhension de ce qui était divin, et se dédia dès lors au culte du dieu Noyé.;;;En este año [From.GetTitledFirstNameWithNickAndDynasty], [From.GetRootRelation] de [Root.GetTitledFirstNameNoRegnal], cercano a ahogarse, se despertó en una playa vivo y sin rasguños. Tras esta experiencia cercana a la muerte, descubrió la verdadera comprensión de lo divino, y se dedicó a partir de entonces al culto del Dios Ahogado.;;;;;;;;;x
CHRONICLE_IRONBORN_FOUND_LONGSHIP;An ancient wrecked longship was discovered on the shores of [Root.Capital.GetName], on which a party led by [Root.GetTitledFirstNameWithNick] discovered many lost treasures.;Un  ancien snekkar échoué fut découvert sur les rivages de [Root.Capital.GetName], à l’intérieur duquel l’expédition menée par [Root.GetTitledFirstNameWithNick] découvrit de nombreux trésors perdus.;;;Un antiguo barcoluengo destrozado fue descubierto en las costas de [Root.Capital.GetName], en su interior la expedición liderada por [Root.GetTitledFirstNameWithNick] se descubrieron numerosos tesoros perdidos.;;;;;;;;;x
CHRONICLE_IRONBORN_FOUND_LONGSHIP_MARSHAL;An ancient wrecked longship was discovered on the shores of [Root.Capital.GetName], on which a party led by [Prev.GetTitledFirstNameWithNick] [Prev.GetOnlyDynastyName] discovered many lost treasures.;Un  ancien snekkar échoué fut découvert sur les rivages de [Root.Capital.GetName], à l’intérieur duquel l’expédition menée par [Prev.GetTitledFirstNameWithNick] [Prev.GetOnlyDynastyName] découvrit de nombreux trésors perdus.;;;Un antiguo barcoluengo destrozado fue descubierto en las costas de [Root.Capital.GetName], en su interior la expedición liderada por [Prev.GetTitledFirstNameWithNick] [Prev.GetOnlyDynastyName] se descubrieron numerosos tesoros perdidos.;;;;;;;;;x
CHRONICLE_WON_BATTLE_DUEL_KILL;In the battle of [Root.Location.GetName], [Root.GetTitledFirstNameNoRegnal] engaged in single combat with the enemy leader [FromFrom.GetTitledFirstNameWithDynasty]. [Root.GetTitledFirstNameNoRegnal] won this duel, and killed [FromFrom.GetTitledFirstNameNoRegnal].;Lors de la bataille de [Root.Location.GetName], [Root.GetTitledFirstNameNoRegnal] défia le chef adverse [FromFrom.GetTitledFirstNameWithDynasty] en combat singulier. [Root.GetTitledFirstNameNoRegnal] gagna ce duel, et tua [FromFrom.GetTitledFirstNameNoRegnal].;;;En la batalla de [Root.Location.GetName], [Root.GetTitledFirstNameNoRegnal] desafió al líder enemigo [FromFrom.GetTitledFirstNameWithDynasty] en combate singular. [Root.GetTitledFirstNameNoRegnal] ganó el duelo, y mató a [FromFrom.GetTitledFirstNameNoRegnal].;;;;;;;;;x
CHRONICLE_LOST_BATTLE_DUEL_CAPTURED;In the battle of [Root.Location.GetName], [Root.GetTitledFirstNameNoRegnal] engaged in single combat with the enemy leader [From.GetTitledFirstNameWithDynasty]. [Root.GetTitledFirstNameNoRegnal] lost this duel, and was taken as a hostage.;Lors de la bataille de [Root.Location.GetName], [Root.GetTitledFirstNameNoRegnal] défia le chef adverse [From.GetTitledFirstNameWithDynasty] en combat singulier. [Root.GetTitledFirstNameNoRegnal] perdit ce duel et fut pris(e) en otage.;;;En la batalla de [Root.Location.GetName], [Root.GetTitledFirstNameNoRegnal] desafió al líder enemigo [From.GetTitledFirstNameWithDynasty] en combate singular. [Root.GetTitledFirstNameNoRegnal] perdió el duelo y fue hecho prisionero.;;;;;;;;;x
CHRONICLE_WON_BATTLE_DUEL_HOSTAGE;In the battle of [Root.Location.GetName], [From.GetTitledFirstNameNoRegnal] engaged in single combat with the enemy leader [Root.GetTitledFirstNameWithDynasty]. [From.GetTitledFirstNameNoRegnal] won this duel, and took [Root.GetTitledFirstNameNoRegnal] as a hostage.;Lors de la bataille de [Root.Location.GetName], [From.GetTitledFirstNameNoRegnal] défia le chef adverse [Root.GetTitledFirstNameWithDynasty]. [From.GetTitledFirstNameNoRegnal] gagna ce duel et prit [Root.GetTitledFirstNameNoRegnal] en otage.;;;En la batalla de [Root.Location.GetName], [From.GetTitledFirstNameNoRegnal] desafió al líder enemigo [Root.GetTitledFirstNameWithDynasty]. [From.GetTitledFirstNameNoRegnal] ganó el duelo y tomó a [Root.GetTitledFirstNameNoRegnal] como prisionero.;;;;;;;;;x
CHRONICLE_WON_BATTLE_DUEL_KILL_BODYGUARD;In the battle of [Root.Location.GetName], [Root.GetTitledFirstNameNoRegnal] was attacked by the enemy leader [FromFrom.GetTitledFirstNameWithDynasty]. [Root.GetTitledFirstNameNoRegnal] was protected by [Root.GetHerHis] sworn shield [From.GetTitledFirstNameWithDynasty] however, who killed [FromFrom.GetTitledFirstNameNoRegnal].;Lors de la bataille de [Root.Location.GetName], [Root.GetTitledFirstNameNoRegnal] fut attaqué(e) par le chef adverse [FromFrom.GetTitledFirstNameWithDynasty]. [Root.GetTitledFirstNameNoRegnal] était toutefois protégé(e) par son bouclier lige [From.GetTitledFirstNameWithDynasty], qui tua [FromFrom.GetTitledFirstNameNoRegnal].;;;En la batalla de [Root.Location.GetName], [Root.GetTitledFirstNameNoRegnal] fue atacado por el líder enemigo [FromFrom.GetTitledFirstNameWithDynasty]. Sin embargo, [Root.GetTitledFirstNameNoRegnal] fue protegido por su escudo juramentado [From.GetTitledFirstNameWithDynasty], quien mató a [FromFrom.GetTitledFirstNameNoRegnal].;;;;;;;;;x
CHRONICLE_WON_BATTLE_DUEL_HOSTAGE_BODYGUARD;In the battle of [Root.Location.GetName], [From.GetTitledFirstNameNoRegnal] engaged in single combat with the enemy leader [Root.GetTitledFirstNameWithDynasty]. [From.GetTitledFirstNameNoRegnal] won this duel, and took [Root.GetTitledFirstNameNoRegnal] as a hostage.;Lors de la bataille de [Root.Location.GetName], [From.GetTitledFirstNameNoRegnal] se battit contre le chef adverse [Root.GetTitledFirstNameWithDynasty]. [From.GetTitledFirstNameNoRegnal] gagna ce duel, et prit [Root.GetTitledFirstNameNoRegnal] en otage.;;;En la batalla de [Root.Location.GetName], [From.GetTitledFirstNameNoRegnal] se batió en combate singular contra el líder enemigo [Root.GetTitledFirstNameWithDynasty]. [From.GetTitledFirstNameNoRegnal] ganó el duelo, y tomço a [Root.GetTitledFirstNameNoRegnal] como prisionero.;;;;;;;;;x
CHRONICLE_FEUD_START_ALTERCATION;After an altercation between the men of [Root.GetTitledFirstNameWithDynasty] and [From.GetTitledFirstNameWithDynasty], a deadly blood feud started between Houses [Root.GetOnlyDynastyName] and [From.GetOnlyDynastyName].;Après une altercation entre les hommes de [Root.GetTitledFirstNameWithDynasty] et ceux de [From.GetTitledFirstNameWithDynasty], une querelle sanglante éclata entre les Maisons [Root.GetOnlyDynastyName] et [From.GetOnlyDynastyName].;;;Tras un altercado entre los hombres de [Root.GetTitledFirstNameWithDynasty] y los de [From.GetTitledFirstNameWithDynasty], una venganza de sangre ha estallado entre las casas [Root.GetOnlyDynastyName] y [From.GetOnlyDynastyName].;;;;;;;;;x
CHRONICLE_FEUD_START_ALTERCATION_B;After an altercation between the men of [Root.GetTitledFirstNameWithDynasty] and [FromFrom.GetTitledFirstNameWithDynasty], a deadly blood feud started between Houses [Root.GetOnlyDynastyName] and [FromFrom.GetOnlyDynastyName].;Après une altercation entre les hommes de [Root.GetTitledFirstNameWithDynasty] et [FromFrom.GetTitledFirstNameWithDynasty], une querelle sanglante éclata entre les Maisons [Root.GetOnlyDynastyName] et [FromFrom.GetOnlyDynastyName].;;;Tras un altercado entre los hombres de [Root.GetTitledFirstNameWithDynasty] y [FromFrom.GetTitledFirstNameWithDynasty], una venganza de sangre ha estallado entre las casas [Root.GetOnlyDynastyName] et [FromFrom.GetOnlyDynastyName].;;;;;;;;;x
CHRONICLE_FEUD_END;The blood feud between houses [Root.GetOnlyDynastyName] and [From.GetOnlyDynastyName] was finally ended when [Root.GetTitledFirstNameWithDynasty] reached a peaceful agreement with [From.GetTitledFirstNameWithDynasty].;La querelle de sang entre [Root.GetOnlyDynastyName] et [From.GetOnlyDynastyName] s’acheva finalement quand [Root.GetTitledFirstNameWithDynasty] trouva un accord pacifique avec [From.GetTitledFirstNameWithDynasty].;;;La venganza de sangre entre las casas [Root.GetOnlyDynastyName] y [From.GetOnlyDynastyName] terminó cuando [Root.GetTitledFirstNameWithDynasty] logró un acuerdo pacífico con [From.GetTitledFirstNameWithDynasty].;;;;;;;;;x
CHRONICLE_FEUD_START_KIDNAPPER;A bitter blood feud between houses [Root.GetOnlyDynastyName] and [From.GetOnlyDynastyName] ensued after [Root.GetTitledFirstNameWithDynasty] arrested, ostensibly for straying into [Root.GetOnlyDynastyName] lands, a kinsman of [From.GetTitledFirstName] of [From.PrimaryTitle.GetName].;Une vicieuse querelle sanglante éclata entre les Maison [Root.GetOnlyDynastyName] et [From.GetOnlyDynastyName] après que [Root.GetTitledFirstNameWithDynasty] eut emprisonné un parent de [From.GetTitledFirstName] of [From.PrimaryTitle.GetName] pour le crime manifeste de s’être aventuré en terres [Root.GetOnlyDynastyName]. ;;;Una amarga venganza de sangre estalló entre las casas [Root.GetOnlyDynastyName] y [From.GetOnlyDynastyName] después de que [Root.GetTitledFirstNameWithDynasty] encarcelara a un familiar de [From.GetTitledFirstName] de [From.PrimaryTitle.GetName] por el crímen manifiesto de aventurarse en las tierras de [Root.GetOnlyDynastyName]. ;;;;;;;;;x
CHRONICLE_FEUD_START_KIDNAPPER_VICTIM;A bitter blood feud between houses [Root.GetOnlyDynastyName] and [FromFrom.GetOnlyDynastyName] ensued after [FromFrom.GetTitledFirstName] of [FromFrom.PrimaryTitle.GetName] arrested, ostensibly for straying into [FromFrom.GetOnlyDynastyName] lands, a kinsman of [Root.GetTitledFirstNameWithDynasty].;Une vicieuse querelle sanglante éclata entre les Maison [Root.GetOnlyDynastyName] et [FromFrom.GetOnlyDynastyName] après que [FromFrom.GetTitledFirstName] de [FromFrom.PrimaryTitle.GetName] eut emprisonné un parent de [Root.GetTitledFirstNameWithDynasty] pour le crime manifeste de s’être aventuré en terres [FromFrom.GetOnlyDynastyName].;;;Una amarga venganza de sangre estalló entre las casas [Root.GetOnlyDynastyName] y [FromFrom.GetOnlyDynastyName] después de que [FromFrom.GetTitledFirstName] de [FromFrom.PrimaryTitle.GetName] encarcelara a un familiar de [Root.GetTitledFirstNameWithDynasty] por el crímen manifiesto de aventurarse en tierras [FromFrom.GetOnlyDynastyName].;;;;;;;;;x
CHRONICLE_NOMINATED_FEMALE_HEIR;In a formal decree, [Root.GetTitledFirstNameWithDynasty] confirmed [Root.GetHerHis] daughter [Prev.GetTitledFirstName] as legal heir apparent to [Root.PrimaryTitle.GetName], taking any priority over any future issue of the [Root.GetTitle].;Dans un décret formel, [Root.GetTitledFirstNameWithDynasty] confirma sa fille [Prev.GetTitledFirstName] comme légitime héritière de [Root.PrimaryTitle.GetName], primant sur n’importe quel problème à venir dans le [Root.GetTitle].;;;En un decreto formal, [Root.GetTitledFirstNameWithDynasty] confirmó a su hija [Prev.GetTitledFirstName] como legítima heredera de [Root.PrimaryTitle.GetName], primando sobre cualquier otro que puediera llegar al [Root.GetTitle].;;;;;;;;;x
CHRONICLE_MALE_HEIR_SIEZE_THRONE;Despite the late [From.GetTitledFirstNameWithDynasty] naming [From.GetHerHis] daughter [Prev.GetTitledFirstName] as legal heir apparent to [From.PrimaryTitle.GetName], [Root.GetFirstNameWithNick] [Root.GetOnlyDynastyName] defied [Root.GetHerHis] [From.GetRootRelation]'s will and had [Root.GetHerHim]self crowned [Root.GetTitle] instead.;Malgré que feu(e) [From.GetTitledFirstNameWithDynasty] eut nommé sa fille [Prev.GetTitledFirstName] héritière légitime de [From.PrimaryTitle.GetName], [Root.GetFirstNameWithNick] [Root.GetOnlyDynastyName] nia le testament de [Root.GetHerHis] [From.GetRootRelation] et se couronna [Root.GetTitle] à sa place.;;;A pesar de que fue [From.GetTitledFirstNameWithDynasty] quien nombró a su hija [Prev.GetTitledFirstName] heredera legítima de [From.PrimaryTitle.GetName], [Root.GetFirstNameWithNick] [Root.GetOnlyDynastyName] desafió el testamento de [Root.GetHerHis] [From.GetRootRelation] y se coronó [Root.GetTitle] en su lugar.;;;;;;;;;x
CHRONICLE_MALE_HEIR_SIEZE_THRONE_B;Despite the late [FromFrom.GetTitledFirstNameWithDynasty] naming [FromFrom.GetHerHis] daughter [Prev.GetTitledFirstName] as legal heir apparent to [FromFrom.PrimaryTitle.GetName], [Root.GetFirstNameWithNick] [Root.GetOnlyDynastyName], at the behest of [Root.GetHerHis] [From.GetRootRelation] [From.GetTitledFirstNameWithDynasty], defied [Root.GetHerHis] [FromFrom.GetRootRelation]'s will and had [Root.GetHerHim]self crowned [Root.GetTitle] instead.;Malgré que feu(e) [FromFrom.GetTitledFirstNameWithDynasty] eut nommé sa fille [Prev.GetTitledFirstName] héritière légitime de [FromFrom.PrimaryTitle.GetName], [Root.GetFirstNameWithNick] [Root.GetOnlyDynastyName], sous l’impulsion de [Root.GetHerHis] [From.GetRootRelation] [From.GetTitledFirstNameWithDynasty], nia le testament de [Root.GetHerHis] [FromFrom.GetRootRelation] et se couronna [Root.GetTitle] à sa place.;;;A pesar de que fue [FromFrom.GetTitledFirstNameWithDynasty] quien nombró a su hija [Prev.GetTitledFirstName] heredera legítima de [FromFrom.PrimaryTitle.GetName], [Root.GetFirstNameWithNick] [Root.GetOnlyDynastyName], a instancias de [Root.GetHerHis] [From.GetRootRelation] [From.GetTitledFirstNameWithDynasty], desafió el testamento de [Root.GetHerHis] [FromFrom.GetRootRelation] y se coronó [Root.GetTitle] en su lugar.;;;;;;;;;x
CHRONICLE_GREAT_COUNCIL;In the Great Council of [GetYear] held in [Root.Capital.Location], the issue of the succession to [Root.PrimaryTitle.GetName] was settled. After many days of debate, the lords and nobles of the realm decided that the heir of [Root.GetTitledFirstName] would be [Root.GetHerHis] [From.GetRootRelation], [From.GetTitledFirstNameWithNickAndDynasty].;Lors du Grand Conseil de [GetYear] tenu à [Root.Capital.Location], le problème de la succession de [Root.PrimaryTitle.GetName] fut résolu. Après des jours de débats, les seigneurs et nobles du royaume décidèrent que l’héritier(ère) de [Root.GetTitledFirstName] serait [Root.GetHerHis] [From.GetRootRelation], [From.GetTitledFirstNameWithNickAndDynasty].;;;Durante el Gran Consejo de [GetYear] organizado en [Root.Capital.Location], el problema de la sucesión de [Root.PrimaryTitle.GetName] se resolvió. Tras días de debates, los Señores del Reino decidieron que el heredero de [Root.GetTitledFirstName] sería [Root.GetHerHis] [From.GetRootRelation], [From.GetTitledFirstNameWithNickAndDynasty].;;;;;;;;;x
CHRONICLE_COMMAND_NOMINATION;[Root.GetTitledFirstNameNoRegnal]'s liege [From.GetTitledFirstNameWithDynasty] graciously accepted a request that [FromFrom.GetTitledFirstNameWithNick], a [FromFrom.GetRootRelation], be nominated as [Root.GetTitledFirstNameNoRegnal]'s successor to the [Root.PrimaryTitle.GetFullName].;Le(a) suzerain(e) de [Root.GetTitledFirstNameNoRegnal] [From.GetTitledFirstNameWithDynasty] accepta gracieusement la requête que [FromFrom.GetTitledFirstNameWithNick], un(e) [FromFrom.GetRootRelation], fût nommé héritier(ère) de [Root.GetTitledFirstNameNoRegnal] au [Root.PrimaryTitle.GetFullName].;;;El Señor de [Root.GetTitledFirstNameNoRegnal] [From.GetTitledFirstNameWithDynasty] aceptó gentilmente la petición de que [FromFrom.GetTitledFirstNameWithNick], un [FromFrom.GetRootRelation], fuese nombrado heredero de [Root.GetTitledFirstNameNoRegnal] al [Root.PrimaryTitle.GetFullName].;;;;;;;;;x
CHRONICLE_GIFT_ZORSE;A delegation of Jogos Nhai was received in [Root.Capital.GetName] by [Root.GetTitledFirstNameNoRegnal]. As a sign of peace and respect, the [Root.GetTitle] was gifted a zorse stallion by [Root.GetHerHis] guests.;Une délégation de Jogos Nhai fut reçue à [Root.Capital.GetName] par [Root.GetTitledFirstNameNoRegnal]. En signe de respect et de paix, le(a) [Root.GetTitle] se vit offrir un étalon zéquion par ses invités.;;;Una delegación de los Jogos Nhai fue recibida en [Root.Capital.GetName] por [Root.GetTitledFirstNameNoRegnal]. En señal de respeto y de paz, el [Root.GetTitle] fue ofrendado con un cebrallo por sus invitados.;;;;;;;;;x
CHRONICLE_BASILISK_PLAGUE;[Root.Capital.GetName] was struck by a plague of deadly basilisks in this year, spreading fear throughout this province.;[Root.Capital.GetName] fut frappée par la peste mortelle des basilics, ce qui sema la peur à travers la province.;;;[Root.Capital.GetName] fue golpeada por una plaga de basiliscos, que aterrorizaron a toda la provincia.;;;;;;;;;x
CHRONICLE_GOLDEN_EMPEROR;In this year the glorious [From.GetOnlyDynastyName] clan ascended to the throne of the Golden Empire for the first time. In celebration of this, the divine [From.GetFirstNameWithDynasty] was declared the first [From.GetTitle].;En cette année le glorieux clan [From.GetOnlyDynastyName] accéda au trône de l’Empire Doré. En célébration de ceci, le(a) divin(e) [From.GetFirstNameWithDynasty] fut déclaré le(a) premier(ère) [From.GetTitle].;;;En este año el glorioso clan [From.GetOnlyDynastyName] accedió al trono del Imperio Dorado por primera vez. En celebración de este hecho, el divino [From.GetFirstNameWithDynasty] fue declarado el primer [From.GetTitle].;;;;;;;;;x
CHRONICLE_BUTTERFLY_FEVER;Whilst on the island of Naath, [Root.GetTitledFirstNameNoRegnal] caught the terrible disease known as butterfly fever.;Pendant son séjour sur l’île de Naath, [Root.GetTitledFirstNameNoRegnal] attrapa la terrible maladie connue sous le nom de fièvre du papillon.;;;Durante su estancia en la isla de Naath, [Root.GetTitledFirstNameNoRegnal] contrajo la terrible enfermedad conocida como fiebre de las mariposas.;;;;;;;;;x
CHRONICLE_TEMPLE_OF_LOVE;After spending many months in the Temple of Love offering [From.GetHerHis] body to all those who would have it, [Root.GetTitledFirstNameNoRegnal]'s [From.GetRootRelation] [From.GetTitledFirstNameWithDynasty] decided to dedicate [From.GetHerHis] life to service as a priest of the temple.;Après avoir passé plusieurs mois au Temple de l’Amour à offrir son corps au premier venu, le(a) [From.GetRootRelation] de [Root.GetTitledFirstNameNoRegnal], [From.GetTitledFirstNameWithDynasty], décida de dédier sa vie à servir comme prêtre(sse) du temple.;;;Tras pasar varios meses en el Templo del Amor ofreciendo su cuerpo a todos aquellos que lo quisieran, el [From.GetRootRelation] de [Root.GetTitledFirstNameNoRegnal], [From.GetTitledFirstNameWithDynasty], decidió quedarse y dedicar su vida a servir al templo.;;;;;;;;;x
CHRONICLE_SAILED_SHIVERING_SEA;In a daring adventure, [Root.GetTitledFirstNameNoRegnal] sailed far to the north into the icy depths of the Shivering Sea in search of a northern passage. [Root.GetSheHeCap] did not find the passage, but returned home alive.;Dans un accès de témérité, [Root.GetTitledFirstNameNoRegnal] fit voile loin vers le nord  dans les profondeurs glacées de la mer Grelotte à la recherche d’un passage septentrional. [Root.GetSheHeCap] ne trouva rien mais revint à la maison en vie.;;;En una intrépida aventura, [Root.GetTitledFirstNameNoRegnal] navegó más allá del norte por las profundidades marinas del Mar de los Escalofríos en busca del Paso del Norte. No encontró nada pero consiguió volver a casa sano y salvo.;;;;;;;;;x
CHRONICLE_SAILED_SHIVERING_SEA_LOST;In a daring adventure, [Root.GetTitledFirstNameNoRegnal] sailed far to the north into the icy depths of the Shivering Sea in search of a northern passage. [Root.GetSheHeCap] never returned home, their ship lost to the blizzards and hazradous ice.;Dans un accès de témérité, [Root.GetTitledFirstNameNoRegnal] fit voile loin vers le nord  dans les profondeurs glacées de la mer Grelotte à la recherche d’un passage septentrional. [Root.GetSheHeCap] ne revint jamais, les blizzards et la glace traîtresse ayant eu raison de son navire.;;;En una intrépida aventura, [Root.GetTitledFirstNameNoRegnal]  navegó más allá del norte por las profundidades marinas del Mar de los Escalofríos en busca del Paso del Norte. No regresó jamás, las ventiscas y el traicionero hielo pudieron haber hundido su barco.;;;;;;;;;x
CHRONICLE_ICE_DRAGON;Whilst sailing the Shivering Sea it was reported [Root.GetTitledFirstNameNoRegnal]'s ship was attacked and heavily damaged by an Ice Dragon, a creature that was thought to be mythical.;En naviguant sur la mer Grelotte, [Root.GetTitledFirstNameNoRegnal] affirma que son navire avait été attaqué et sévèrement endommagé par un Dragon des Glaces, une créature que tous pensaient mythique.;;;Navegando por el Mar de los Escalofríos, [Root.GetTitledFirstNameNoRegnal] afirmó que su barco fue atacado y gravemente dañado por un dragón de hielo, una criatura que todos pensaban que sólo existía en las leyendas.;;;;;;;;;x
CHRONICLE_ICE_DRAGON_SLAYED;Whilst sailing the Shivering Sea it was reported [Root.GetTitledFirstNameNoRegnal]'s ship was attacked by an Ice Dragon, a creature that was thought to be mythical. The story goes that the [Root.GetTitle] slayed the beast with a single strike of [Root.GetHerHis] sword.;En naviguant sur la mer Grelotte, [Root.GetTitledFirstNameNoRegnal] affirma que son navire avait été attaqué par un Dragon des Glaces, une créature que tous pensaient mythique. L’histoire veut que le(a) [Root.GetTitle] tua la bête d’un seul coup de son épée.;;;Navegando por el Mar de los Escalofríos, [Root.GetTitledFirstNameNoRegnal] afirmó que su barco fue atacado por un dragón de hielo, una criatura que todos pensaban que sólo existía en las leyendas. La historia cuenta que el [Root.GetTitle] mató a la bestia de un solo espadazo.;;;;;;;;;x
CHRONICLE_GOD_EMPEROR_EUNUCH;Upon his coronation as God Emperor of Yi Ti, [Root.GetTitledFirstNameWithDynasty] followed the example of the nine Pearl White Eunuch Emperors by surrendering his manhood root and stem, so that he may devote himself entirely to the empire.;Suite à son couronnement comme Dieu-Empereur  de Yi Ti, [Root.GetTitledFirstNameWithDynasty] suivit l’exemple des Neuf Eunuques de la dynastie Blanc Perle  en sacrifiant sa virilité pour pouvoir se consacrer totalement à l’empire.;;;Tras coronarse como Dios Emperador de Yi Ti, [Root.GetTitledFirstNameWithDynasty] siguió el ejemplo de los Nueve Eunucos de la dinastía Blanco perla entregando su hombría para poder consagrarse totalmente al Imperio.;;;;;;;;;x
CHRONICLE_SMOKING_SEA;Despite being urged not to by [Root.GetHerHis] advisors, [Root.GetTitledFirstNameNoRegnal] sailed into the Smoking Sea of Valyria.;Malgré les suppliques de ses conseillers de ne pas le faire, [Root.GetTitledFirstNameNoRegnal] fit voile vers la mer Fumeuse de Valyria.;;;A pesar de las súplicas de sus consejeros para que no lo hiciera, [Root.GetTitledFirstNameNoRegnal] navegó hasta el Mar Humeante de Valyria.;;;;;;;;;x
CHRONICLE_SMOKING_SEA_DRAGON_EGG;[Root.GetTitledFirstNameNoRegnal] miraculously survived the journey into the fires of the Smoking Sea, and returned to [Root.Capital.GetName] with a petrified dragon egg.;[Root.GetTitledFirstNameNoRegnal] survécut miraculeusement à son voyage dans les feux de la mer Fumeuse, et revint avec un œuf de dragon pétrifié.;;;[Root.GetTitledFirstNameNoRegnal] sobrevivió milagrosamente a su viaje por el Mar Humeante, y regresó con un huevo de dragón petrificado.;;;;;;;;;x
CHRONICLE_SMOKING_SEA_TREASURES;[Root.GetTitledFirstNameNoRegnal] miraculously survived the journey into the fires of the Smoking Sea, and returned to [Root.Capital.GetName] with many lost treasures.;[Root.GetTitledFirstNameNoRegnal] survécut miraculeusement à son voyage dans les feux de la mer Fumeuse, et retourna à [Root.Capital.GetName] avec de nombreux trésors disparus.;;;[Root.GetTitledFirstNameNoRegnal] sobrevivió milagrosamente a su viaje por el Mar Humeante, y regresó a [Root.Capital.GetName] con numerosos tesoros desaparecidos.;;;;;;;;;x
CHRONICLE_SMOKING_SEA_SWORD;[Root.GetTitledFirstNameNoRegnal] miraculously survived the journey into the fires of the Smoking Sea, and returned to [Root.Capital.GetName] with an ancient valyrian steel sword.;[Root.GetTitledFirstNameNoRegnal] survécut miraculeusement à son voyage dans les feux de la mer Fumeuse, et retourna à [Root.Capital.GetName] avec une antique épée en acier valyrien.;;;[Root.GetTitledFirstNameNoRegnal] sobrevivió milagrosamente a su viaje por el Mar Humeante, y regesó a [Root.Capital.GetName] con una antigua espada de acero valyrio.;;;;;;;;;x
CHRONICLE_SORROWS_GREYSCALE;Whilst sailing the waters of The Sorrows, [Root.GetTitledFirstNameNoRegnal] caught greyscale from a band of desperate stone men. ;En naviguant dans les eaux des Chagrins, [Root.GetTitledFirstNameNoRegnal] attrapa la grisécaille après une rencontre avec une bande d’hommes de pierre désespérés.;;;Navegando por las aguas de Los Pesares, [Root.GetTitledFirstNameNoRegnal] contrajo la psoriagrís tras un encuentro con un grupo de Hombres de Piedra.;;;;;;;;;x
CHRONICLE_INDEP_FACTION_DEFECT_A;Led by [Prev.GetTitledFirstNameWithDynasty], a faction of lords dissatisfied with the overlordship of [Root.GetTitledFirstNameNoRegnal] of [Root.PrimaryTitle.GetName] defected to the banner of the enemy invader [PrevPrev.GetTitledFirstNameWithNick] [PrevPrev.GetOnlyDynastyName] of [PrevPrev.PrimaryTitle.GetName].;Dirigée par [Prev.GetTitledFirstNameWithDynasty], une faction de seigneurs mécontents de la suzeraineté de [Root.GetTitledFirstNameNoRegnal] de [Root.PrimaryTitle.GetName] passa sous la bannière de l’envahisseur ennemi [PrevPrev.GetTitledFirstNameWithNick] [PrevPrev.GetOnlyDynastyName] de [PrevPrev.PrimaryTitle.GetName].;;;Liderada por [Prev.GetTitledFirstNameWithDynasty], una facción de Señores descontentos con la soberanía de [Root.GetTitledFirstNameNoRegnal] de [Root.PrimaryTitle.GetName] desertó y se pasó al bando del invasor enemigo [PrevPrev.GetTitledFirstNameWithNick] [PrevPrev.GetOnlyDynastyName] de [PrevPrev.PrimaryTitle.GetName].;;;;;;;;;x
CHRONICLE_INDEP_FACTION_DEFECT_B;Led by [This.GetTitledFirstNameNoRegnal], a faction of lords dissatisfied with the overlordship of [Root.GetTitledFirstNameWithNickAndDynasty] of [Root.PrimaryTitle.GetName] defected to the banner of the enemy invader [Prev.GetTitledFirstNameWithNick] [Prev.GetOnlyDynastyName] of [Prev.PrimaryTitle.GetName].;Dirigée par [This.GetTitledFirstNameNoRegnal], une faction de seigneurs mécontents de la suzeraineté de [Root.GetTitledFirstNameWithNickAndDynasty] de [Root.PrimaryTitle.GetName] passa sous la bannière de l’envahisseur ennemi [Prev.GetTitledFirstNameWithNick] [Prev.GetOnlyDynastyName] de [Prev.PrimaryTitle.GetName].;;;Liderada por [This.GetTitledFirstNameNoRegnal], una facción de Señores descontentos con la soberanía de [Root.GetTitledFirstNameWithNickAndDynasty] de [Root.PrimaryTitle.GetName] desertó y se pasó al bando del invasor enemigo [Prev.GetTitledFirstNameWithNick] [Prev.GetOnlyDynastyName] de [Prev.PrimaryTitle.GetName].;;;;;;;;;x
CHRONICLE_INDEP_FACTION_DEFECT_C;Led by [FromFrom.GetTitledFirstNameWithDynasty], [Root.GetTitledFirstNameNoRegnal] joined a faction of lords dissatisfied with the overlordship of [PrevPrev.GetTitledFirstNameWithNick] [PrevPrev.GetOnlyDynastyName] of [PrevPrev.PrimaryTitle.GetName] defected to the banner of the enemy invader [Prev.GetTitledFirstNameWithNick] [Prev.GetOnlyDynastyName] of [Prev.PrimaryTitle.GetName].;Dirigé par [FromFrom.GetTitledFirstNameWithDynasty], [Root.GetTitledFirstNameNoRegnal] rejoignit une faction de seigneurs mécontents de la suzeraineté de [PrevPrev.GetTitledFirstNameWithNick] [PrevPrev.GetOnlyDynastyName] de [PrevPrev.PrimaryTitle.GetName] et passa sous la bannière de l’envahisseur ennemi [Prev.GetTitledFirstNameWithNick] [Prev.GetOnlyDynastyName] de [Prev.PrimaryTitle.GetName].;;;Liderada por [FromFrom.GetTitledFirstNameWithDynasty], [Root.GetTitledFirstNameNoRegnal] se unió a una facción de Señores descontentos con la soberanía de [PrevPrev.GetTitledFirstNameWithNick] [PrevPrev.GetOnlyDynastyName] de [PrevPrev.PrimaryTitle.GetName] y desertó pasándose al bando del invasor enemigo [Prev.GetTitledFirstNameWithNick] [Prev.GetOnlyDynastyName] de [Prev.PrimaryTitle.GetName].;;;;;;;;;x
CHRONICLE_INDEP_FACTION_DEFECT_D;Led by [From.GetTitledFirstNameWithDynasty], a faction of lords dissatisfied with the overlordship of the enemy [From.Liege.GetTitledFirstNameWithNick] [From.Liege.GetOnlyDynastyName] of [From.Liege.PrimaryTitle.GetName] defected to the banner of [Root.GetTitledFirstNameNoRegnal].;Dirigée par [From.GetTitledFirstNameWithDynasty], une faction de seigneurs mécontents de la suzeraineté de l’ennemi(e) [From.Liege.GetTitledFirstNameWithNick] [From.Liege.GetOnlyDynastyName] de [From.Liege.PrimaryTitle.GetName] passa sous la bannière de [Root.GetTitledFirstNameNoRegnal].;;;Liderada por [From.GetTitledFirstNameWithDynasty], una facción de Señores descontentos con la soberanía del enemigo [From.Liege.GetTitledFirstNameWithNick] [From.Liege.GetOnlyDynastyName] de [From.Liege.PrimaryTitle.GetName] desertó y se pasó al bando de [Root.GetTitledFirstNameNoRegnal].;;;;;;;;;x
CHRONICLE_FACTION_REPUBLIC_CONCEDE;Rather than see the realm suffer a civil war, [Root.GetTitledFirstNameNoRegnal] gave into the demands of a group of vassals led by [From.GetTitledFirstNameWithDynasty] of [From.PrimaryTitle.GetName], agreeing to abdicate as [Root.GetTitle] of [Root.PrimaryTitle.GetName] in a favour of a new council of magisters.;Plutôt que de voir le royaume s’enfoncer dans la guerre civile, [Root.GetTitledFirstNameNoRegnal] accéda à la requête formulée par un groupe de vassaux menés par [From.GetTitledFirstNameWithDynasty] de [From.PrimaryTitle.GetName], acceptant d’abdiquer de son rang de [Root.GetTitle] de [Root.PrimaryTitle.GetName] en faveur d’un nouveau conseil de magistrats.;;;Para no ver como el Reino se desangra en una guerra civil, [Root.GetTitledFirstNameNoRegnal] accedió a la petición formulada por un grupo de vasallos liderados por [From.GetTitledFirstNameWithDynasty] de [From.PrimaryTitle.GetName], aceptando abdicar como [Root.GetTitle] de [Root.PrimaryTitle.GetName] en favor de un nuevo consejo de magísteres.;;;;;;;;;x
CHRONICLE_FACTION_REPUBLIC_CONCEDE_B;Rather than see the realm suffer a civil war, [From.GetTitledFirstNameWithDynasty] gave into the demands of a group of vassals led by [Root.GetTitledFirstNameNoRegnal], agreeing to abdicate as [From.GetTitle] of [From.PrimaryTitle.GetName] in a favour of a new council of magisters.;Plutôt que de voir le royaume s’enfoncer dans la guerre civile, [From.GetTitledFirstNameWithDynasty] accéda à la requête formulée par un groupe de vassaux menés par [Root.GetTitledFirstNameNoRegnal], acceptant d’abdiquer de son rang de [From.GetTitle] de [From.PrimaryTitle.GetName] en faveur d’un nouveau conseil de magistrats.;;;Para no ver como el Reino se desangra en una guerra civil, [From.GetTitledFirstNameWithDynasty] accedió a la petición formulada por un grupo de vasallos liderados por [Root.GetTitledFirstNameNoRegnal], aceptando abdicar como [From.GetTitle] de [From.PrimaryTitle.GetName] en favor de un nuevo consejo de magísteres.;;;;;;;;;x
CHRONICLE_FACTION_REPUBLIC_CONCEDE_C;Rather than see the realm suffer a civil war, [From.GetTitledFirstNameWithDynasty] gave into the demands of a group of vassals led by [FromFrom.GetTitledFirstNameWithDynasty] of [FromFrom.PrimaryTitle.GetName], agreeing to abdicate as [From.GetTitle] of [From.PrimaryTitle.GetName] in a favour of a new council of magisters.;Plutôt que de voir le royaume s’enfoncer dans la guerre civile, [From.GetTitledFirstNameWithDynasty] accéda à la requête formulée par un groupe de vassaux menés par [FromFrom.GetTitledFirstNameWithDynasty] de [FromFrom.PrimaryTitle.GetName], acceptant d’abdiquer de son rang de [From.GetTitle] de [From.PrimaryTitle.GetName] en faveur d’un nouveau conseil de magistrats.;;;Para no ver como el Reino se desangra en una guerra civil, [From.GetTitledFirstNameWithDynasty] accedió a la petición formulada por un grupo de vasallos liderados por [FromFrom.GetTitledFirstNameWithDynasty] de [FromFrom.PrimaryTitle.GetName], aceptando abdicar como [From.GetTitle] de [From.PrimaryTitle.GetName] en favor de un nuevo consejo de magísteres.;;;;;;;;;x
CHRONICLE_FACTION_CLAIMANT_COUP_A;;;;;;;;;;;;;;x
CHRONICLE_FACTION_CLAIMANT_COUP_B;;;;;;;;;;;;;;x
CHRONICLE_FACTION_CLAIMANT_COUP_C;;;;;;;;;;;;;;x
CHRONICLE_WAR_SLAVE_RAID_ATTACKER;[Root.GetTitledFirstNameWithNick] started a slave raiding campaign against [From.PrimaryTitle.GetName].;[Root.GetTitledFirstNameWithNick] lança une razzia sur les terres de [From.GetTitledFirstNameNoRegnal] en [Prev.GetName].;[From.GetTitledName] zog gegen [Prev.GetTitledName] in den Krieg.;;[Root.GetTitledFirstNameWithNick] lanzó una expedición de saqueo a las tierras de [From.GetTitledFirstNameNoRegnal] en [Prev.GetName].;;;;;;;;;x
CHRONICLE_WAR_SLAVE_RAID_DEFENDER;[Root.GetTitledFirstNameWithNick] started a slave raiding campaign against [From.PrimaryTitle.GetName].;[Root.GetTitledFirstNameWithNick] lança une razzia sur les terres de [From.GetTitledFirstNameNoRegnal] en [Prev.GetName].;[From.GetTitledName] zog gegen [Prev.GetTitledName] in den Krieg.;;[Root.GetTitledFirstNameWithNick] lanzó una expedición de saqueo a las tierras de [From.GetTitledFirstNameNoRegnal] en [Prev.GetName].;;;;;;;;;x
CHRONICLE_WAR_SLAVE_RAID_ATTACKER_LIEGE;[This.GetTitledFirstNameNoRegnal]'s liege, [Root.GetTitledFirstNameWithNick], started a slave raiding campaign against [From.PrimaryTitle.GetName].;Le(a) suzerain(e) de [This.GetTitledFirstNameNoRegnal], [Root.GetTitledFirstNameWithNick], lança une razzia sur les terres de [From.GetTitledFirstNameNoRegnal] en [Prev.GetName].;[From.GetTitledName] zog gegen [Prev.GetTitledName] in den Krieg.;;El Señor de [This.GetTitledFirstNameNoRegnal], [Root.GetTitledFirstNameWithNick], lanzó una expedición de saqueo a las tierras de [From.GetTitledFirstNameNoRegnal] en [Prev.GetName].;;;;;;;;;x
CHRONICLE_WAR_SLAVE_RAID_DEFENDER_LIEGE;[Root.GetTitledFirstNameWithNick] started a slave raiding campaign against [This.GetTitledFirstNameNoRegnal]'s liege, [From.GetTitledFirstNameNoRegnal], in [From.PrimaryTitle.GetName].;[Root.GetTitledFirstNameWithNick] lança une razzia sur les terres du(e la) suzerain(e) de [This.GetTitledFirstNameNoRegnal], [From.GetTitledFirstNameNoRegnal], en [Prev.GetName].;[From.GetTitledName] zog gegen [Prev.GetTitledName] in den Krieg.;;[Root.GetTitledFirstNameWithNick] lanzó una expedición de saqueo a las tierras del Señor de [This.GetTitledFirstNameNoRegnal], [From.GetTitledFirstNameNoRegnal], en [Prev.GetName].;;;;;;;;;x
CHRONICLE_DEATH_OF_KINGSGUARD;[Root.GetTitledFirstNameWithNickAndDynasty] of the Kingsguard [Root.GetDeathReason] on [GetDateText] at the age of [Root.GetAgeYears]. [This.GetTitledFirstNameNoRegnal][This.GetKGWhiteBookNickname][This.GetKGWhiteBookWasKG][This.GetKGWhiteBookTrait1][This.GetKGWhiteBookTrait2].[This.GetKGWhiteBookIntellect][This.GetKGWhiteBookCombatTrait].[This.GetKGWhiteBookValyrianSteel][This.GetKGWhiteBookDragonRider][This.GetKGWhiteBookAnimalCompanion]\n[This.GetKGWhiteBookTrait3];[Root.GetTitledFirstNameWithNickAndDynasty], le(a) [Root.GetSonDaughter] de [Player.GetTitledFirstNameNoRegnal], [From.GetDeathReason] en [GetDateText] à l’âge de [Root.GetAgeYears] ans.;[Root.GetTitledName], [Root.GetFatherMother] von [Player.GetTitledFirstNameWithNick], ist am [GetDateText] an [From.GetDeathReason] gestorben. ;;[Root.GetTitledFirstNameWithNickAndDynasty], el [Root.GetSonDaughter] de [Player.GetTitledFirstNameNoRegnal], [From.GetDeathReason] en [GetDateText] a la edad de [Root.GetAgeYears] años.;;;;;;;;;x
CHRONICLE_KG_APPOINTMENT;[From.GetTitledFirstNameWithNickAndDynasty], [Root.GetTitledFirstNameNoRegnal]'s [From.GetRootRelation], was appointed to the Kingsguard by [e_iron_throne.Holder.GetTitledFirstNameWithDynasty];;;;;;;;;;;;;x
CHRONICLE_KG_APPOINTMENT_LC;[From.GetTitledFirstNameWithNickAndDynasty] was appointed to the Kingsguard by [e_iron_throne.Holder.GetTitledFirstNameWithDynasty];;;;;;;;;;;;;x
