#CODE;ENGLISH;FRENCH;GERMAN;;SPANISH;;;;;;;;;x
EVTDESC190043;Marriage event. You should not be seeing this.;Evénement Mariage. Vous ne devriez pas voir ceci.;Ehe-Ereignis. Sie sollten das nicht sehen;Marriage event. You should not be seeing this.;Evento boda. No deberías ver esto.;;;;;;;;;x
EVTOPTA190043;Stop looking at the event!;Arrêtez de regardez les événements !;Hören Sie auf, auf das Ereignis zu schauen!;Stop looking at the event!;Deja de ver los eventos!;;;;;;;;;x
EVTTOOLTIP190043;A spouse will be found.;Une épouse sera trouvée. ;Ein Gatte wird gefunden.;A spouse will be found.;Se encontrará una esposa.;;;;;;;;;x
EVTDESC75114;[From.GetTitledFirstName] believed me when I told [From.GetHerHim] I had never even talked to the girl who accused me of raping her.;[From.GetTitledFirstName] m'a cru lorsque j'ai lui ai que je n'avais jamais adressé la parole à la fille qui m'accuse de l'avoir violée.;[From.GetTitledFirstName] glaubte mir als ich [From.GetHerHim] erzählte, das ich nie mit der Frau gesprochen habe, die mich der Vergewaltigung beschuldigt hat.;[From.GetTitledFirstName] believed me when I told [From.GetHerHim] I had never even talked to the girl who accused me of raping her.;[From.GetTitledFirstName] me creyó cuando le dije que nunca había hablado con la chica que me acusó de haberla violado .;;;;;;;;;x
EVTOPTA75114;I got away with it;Je l'ai échappé belle;Ich kam damit davon …;I got away with it;Me salí con la mía.;;;;;;;;;x
EVTDESC200000;We started early, the sun had barely risen above the horizon. There was plenty of prey, the dogs caught many rabbits and I slayed one great boar before he killed my horse and myself.;Nous nous sommes mis en route tôt, le soleil venait à peine de percer l'horizon. Les proies abondaient, les chiens ont attrapé de nombreux lapins et j'ai occis un sanglier avant qu'il ne tue mon cheval et moi-même. ;Wir fingen früh an, die Sonne hatte sich über dem Horizont kaum erhoben. Es gab viel Beute, die Hunde fingen viele Kaninchen und ich tötete einen großen Eber, bevor er mein Pferd und mich selbst tötete.;We started early, the sun had barely risen above the horizon. There was plenty of prey, the dogs caught many rabbits and I slayed one great boar before he killed my horse and myself.;Comenzamos temprano, el sol acababa de atravesar la línea del horizonte. Presa abundante, los perros han cogido muchos conejos y yo he matado un jabalí antes de que él matara a mi caballo y a mi.;;;;;;;;;x
EVTOPTA200000;I'm a hunter;Je suis un(e) chasseur(se);Ich bin ein Jäger;;Soy un cazador;;;;;;;;;x
EVTDESC200001;The new bird is almost too perfect. I enjoy every hunt with her, and the cook has trouble finding new recipes for rabbit.;Le nouvel oiseau est presque trop parfait. J'éprouve une grande joie à chaque chasse avec lui et le cuisinier a du mal à trouver de nouvelles recettes à base de lapin. ;Der neue Vogel ist fast zu vollkommen. Ich genieße jede Jagd mit ihm, und der Koch hat Schwierigkeiten, neue Rezepte für das Kaninchen zu finden.;;El nuevo pájaro es casi demasiado perfecto. Siento una gran alegría cuando lo llevo de caza y el cocinero tiene problemas para encontrar nuevas recetas de conejo.;;;;;;;;;x
EVTOPTA200001;I'm a falconer;Je suis un(e) fauconnier(ière) ;Ich bin ein Falkner;;Soy un cetrero;;;;;;;;;x
EVTDESC200002;I'm never happier than when I'm in my study, poring over some newly imported volume. Books are truly the Gods greatest gift to man.;Je ne suis jamais aussi heureux que lorsque je suis à mon bureau, étudiant de près quelques nouveaux manuscrits. Les livres sont vraiment les plus cadeaux que les dieux ont fait aux hommes.;Ich bin nie glücklicher wenn ich über einem kürzlich importierten Buch brüte. Bücher sind wahrhaft das größte Geschenk Gottes, des Allmächtigen.;I'm never happier than when I'm in my study, poring over some newly imported volume. Books are truly the gods' greatest gift to man.;Nunca estoy más feliz que cuando estoy en mi escritorio, estudiando de cerca algunos de los nuevos manuscritos. Los libros son realmente los dones que los dioses dieron a los hombres.;;;;;;;;;x
EVTOPTA200002;I'm a scholar;Je suis un(e) lettré(e);Ich bin ein Schüler;I'm a scholar;Soy un erudito.;;;;;;;;;x
EVTDESC200003;I found the strange book collecting dust in a forgotten corner of the castle library. It took me several weeks of intense study before its mystery revealed itself to me. The gibberish parts was encoded and after many hours trying to decipher I managed to break it and construct a key to make it easier for me to read. Its mystery is still not solved...;J'ai trouvé ce livre poussiéreux dans un coin perdu de la bibliothèque du château. Il m'a fallu plusieurs semaines d'intenses études avant que je puisse percer son mystère. Les parties pleines de charabia étaient en réalité codées. Après maintes heures et tentatives pour les déchiffrer, j'ai réussi à comprendre le code et à fabriquer une clé me permettant de lire plus facilement. Son mystère n'est toujours pas résolu.... ;Ich fand das fremde Buch, das Staub an einer vergessenen Ecke der Schlossbibliothek sammelt. Ich brauchte mehrere Wochen der intensiven Studie, bevor sein Mysterium sich zu mir offenbarte. Die Kauderwelsch-Teile wurden verschlüsselt und nach vielen Stunden versuchend zu entziffern ich schaffte, es zu brechen und einen Schlüssel zu bauen, es leichter für mich zu machen, zu lesen. Sein Mysterium wird noch immer nicht gelöst...;I found the strange book collecting dust in a forgotten corner of the castle library. It took me several weeks of intense study before its mystery revealed itself to me. The gibberish parts was encoded and after many hours trying to decipher I managed to break it and construct a key to make it easier for me to read. Its mystery is still not solved...;Encontré este libro en un remanso polvoriento de la biblioteca del castillo. Me llevó varias semanas de intenso estudio antes de que pudiera percibir su misterio. Las partes que parecían un galimatías eran en realidad un código. Después de muchas horas eintentos para descifrarlo, me las arreglé para entender el código y producir una clave para leer más fácilmente. Su misterio sigue sin resolverse...;;;;;;;;;x
EVTOPTA200003;I'm a mystic;Je suis un(e) mystique;Ich bin ein Mystiker;I'm a mystic;Soy un místico.;;;;;;;;;x
EVTDESC200004;My regular excursions into the dungeon have only served to whet my appetite. I have sent for a skilled torturer who will teach me more about the arts of pain.;Mes visites régulières dans le cachot n'ont servi qu'à aiguiser mon appétit. J'ai fait chercher un bourreau talentueux qui m'en apprendra plus sur l'art de la douleur. ;Meine regelmäßigen Ausflüge in den Kerker haben nur meinem Verlangen nach mehr gedient. Ich habe nach einem Fachpeiniger geschickt, der mich mehr über die Künste des Schmerzes lehren wird.;;Mis visitas regulares a la cárcel sólo me sirven para abrirme el apetito. Yo busco un verdugo con talento que me enseñe más sobre el arte de dolor.;;;;;;;;;x
EVTOPTA200004;I'm an impaler;Je suis un empaleur;Ich bin ein Pfähler;;Soy un empalador.;;;;;;;;;x
EVTDESC200005;My garden is the apple of my eye, my pride and joy. I distrust my gardener and would spend every hour of the day in my garden if I could.;Mon jardin est la prunelle de mes yeux, ma fierté et ma joie. Je me méfie de mon jardinier et passerais ma vie dans mon jardin si je pouvais.;Mein Garten ist wie mein Augapfel, mein Stolz und meine Heiterkeit. Ich misstraue meinem Gärtner und würde jede Stunde des Tages in meinem Garten verbringen, wenn ich könnte.;;Mi jardín es la niña de mis ojos, mi orgullo y alegría. Desconfío de mi jardinero y pasaría la vida en mi jardín si pudiera.;;;;;;;;;x
EVTOPTA200005;I'm a gardener;Je suis un jardinier;Ich bin ein Gärtner;;Soy un jardinero.;;;;;;;;;x
EVTDESC200006;My modest attempts to write poetry were never meant to be published in any way, but wherever I go, bards and minstrels are reciting or singing my poems.;Mes modestes tentatives pour écrire de la poésie n'ont jamais été faites pour être publiées, mais où que j'aille, bardes et menestrels récitent mes poèmes. ;Meine bescheidenen Versuche, Gedichte zu schreiben, waren nie dazu gedacht veröffentlicht zu werden, aber wohin auch immer ich gehe, rezitieren Barden und Minnesänger meine Gedichte;;Mis modestos intentos de escribir poesía no estaban destinados a ser publicados, pero donde quiera que voy, bardos y juglares recitan mis poemas.;;;;;;;;;x
EVTOPTA200006;I'm a poet;Je suis un poète;Ich bin ein Poet;;Soy un poeta.;;;;;;;;;x
EVTDESC200007;After a long time of contemplation and soul-searching it feels as if I could bear to live in complete celibacy for the rest of my life.;Après un long moment de contemplation et d'auto-introspection, il semble que je puisse vivre dans un célibat total jusqu'à la fin de mes jours.;Nach einer langen Zeit des Nachdenkens und der Gewissenserforschung fühlt es sich, als ob ich die Last des Zölibat den Rest meines Lebens ertragen könnte.;;Después de un largo tiempo de contemplación y de introspección, parece que puedo vivir en el celibato completo para el resto de mis días;;;;;;;;;x
EVTOPTA200007;I'm celibate;Je suis célibataire;Ich lebe im Zölibat.;;Soy un célibe.;;;;;;;;;x
EVTDESC200008;This lifestyle of utmost pleasure and joyous life suits me perfectly. This can be nothing but heaven.;Ce mode de vie plein de plaisirs extrêmes et de joie de vivre me convient parfaitement. Cela doit être le paradis.;Dieser Lebensstil aud purem Vergnügens und freudigen Lebens passt mir vollkommen. Das kann nur der Himmel sein.;;Este estilo de vida lleno de extremo placer y la alegría de la vida me conviene perfectamente. Esto debe ser el paraíso.;;;;;;;;;x
EVTOPTA200008;I'm a hedonist;Je suis un hédoniste;Ich bin ein Hedonist;;Soy un hedonista.;;;;;;;;;x
EVTDESC200009;The duel was close fought, but in the end I was victorious over my opponent. As I basked in the admiration of my peers, I knew that I had to do this again.;Le duel fut un combat serré et acharné, mais à la fin je parvins à triompher de mon adversaire. Après m'être enivré de l'admiration de mes pairs, j'ai su que je ce ne serait pas le dernier.;Das Duell war knapp erkämpft, aber schließlich war ich über meinen Gegner siegreich. Als ich mich in der Bewunderung unter meine Gleichen sonnte, wusste ich, dass ich das wieder tun musste.;The duel was close fought, but in the end I was victorious over my opponent. As I basked in the admiration of my peers, I knew that I had to do this again.;El duelo fue un combate feroz, pero al final me las arreglé para vencer a mi oponente. Después de emborracharme de admiración de mis amigos, yo sabía que no iba a ser la última.;;;;;;;;;x
EVTOPTA200009;I'm a duelist;Je suis un duelliste;Ich bin ein Duellant;I'm a duelist;Soy un duelista.;;;;;;;;;x
EVTOPTD50002;Off with [From.GetPossPronoun] head!;Qu'on lui coupe la tête !;Ab mit [From.GetPossPronoun]em Kopf !;Off with [From.GetPossPronoun] head!;Que le corten la cabeza!;;;;;;;;;x
EVTDESC50000;My friends have come up with a daring plan to break me out of prison. Do I dare to make the attempt?;Mes amis sont venus avec un plan audacieux pour me sortir de prison. Oserais-je le mettre en pratique ? ;Meine Freunde haben einen mutigen Plan ersonnen, mich aus dem Gefängnis zu befreien. Wage ich, den Versuch ?;;Mis amigos han venido con un atrevido plan para sacarme de la cárcel. Me atreveré a aplicarlo?;;;;;;;;;x
EVTOPTA50000;It's too risky;C'est trop riqué. ;Es ist zu Riskant;;Es demasiado arriesgado.;;;;;;;;;x
EVTOPTB50000;Freedom is worth any risk;La liberté vaut bien de prendre des risques.;Freiheit ist jedes Risiko wert !;;La libertad merece cualquier riesgo.;;;;;;;;;x
EVTDESC4300;This year's summer fair was a great success! The merchants and traders drawn to [Root.Capital.GetName] have revitalized the province's economy.;La foire estivale de cette année a été un grand succès ! Les marchands et commerçants venus à [Root.Capital.GetName] ont revitalisé l'économie de la province.;This year's summer fair was a great success! The merchants and traders drawn to [Root.Capital.GetName] have revitalized the province's economy.;;La feria de verano de este año fue un gran éxito! Los mercaderes y los comerciantes llegados a [Root.Capital.GetName] han revitalizado la economía de la provincia.;;;;;;;;;x
EVTOPTA4300;Ok;D'accord;Einverstanden;Ok;Ok;;;;;;;;;x
EVTTOOLTIP452;I will go to [This.GetFirstName]'s chamber;Je vais me rendre dans la chambre de [This.GetFirstName].;Ich werde zu [This.GetFirstName]s Kammer gehen;;Iré a los aposentos de [This.GetFirstName];;;;;;;;;x
EVTDESC454;[From.GetFirstName] has spurned my subtle advances.;[From.GetFirstName] a repoussé mes subtiles avances.;[From.GetFirstName] hat meine subtilen Annäherungen verschmäht.;;[From.GetFirstName] ha rechazado mis sutiles insinuaciones.;;;;;;;;;x
EVTOPTA454;How could [From.GetSheHe] resist my charms?;Comment peut-[From.GetSheHe] resister à mes charmes ?;How could [From.GetSheHe] resist my charms?;;Cómo puede resistirse a mis encantos?;;;;;;;;;x
EVTDESC453;I went to [From.GetFirstName]'s chamber and gave [From.GetHerHim] a good tumble!;Je me suis introduit dans la chambre de [From.GetFirstName] et l'ai culbuté(e) !;I went to [From.GetFirstName]'s chamber and gave [From.GetHerHim] a good tumble!;;Entré en la habitación de [From.GetFirstName] y le dí un buen revolcón!;;;;;;;;;x
EVTDESC190074;This was not a Just act!;Ce n'était pas un acte juste !;This was not a Just act!;;No ha sido un acto justo!;;;;;;;;;x
EVTOPTA190074;Oh well;Oh, bien.;Oh well;;Oh, bien.;;;;;;;;;x
EVTDESC190075;This was not an Honest act!;Ce n'était pas un acte honnête!;This was not an Honest act!;;No ha sido un acto honesto!;;;;;;;;;x
EVTOPTA190075;Oh well;Oh, bien.;Oh well;;Oh, bien.;;;;;;;;;x
EVTDESC190076;This was not a Kind act!;Ce n'était pas un acte bon!;This was not a Kind act!;;No ha sido un buen acto!;;;;;;;;;x
EVTOPTA190076;Oh well;Oh, bien.;Oh well;;Oh, bien.;;;;;;;;;x
commit_suicide;Commit suicide;Se suicider;;;Suicidarse;;;;;;;;;x
commit_suicide_desc;I'm despaired, off with my life !;Je suis desespéré, adieu monde cruel ! ;;;Estoy desesperado, adiós mundo cruel!;;;;;;;;;x
IMPRISON_INTERACTION_1;\n\nUsing this option will increase your §Ytyranny§! by §R10§! for a courtier or §R20§! for a landed vassal (excluding known deserters and owned slaves).\n\nYour §Yfear§! will increase by §R5§! for a landed vassal.;Cette option augmentera votre tyrannie de §R10§! pour un courtisan ou §R20§! pour un vassal (sauf déserteurs avérés et esclaves).;Using this option will increase your tyranny by §R10§! for a courtier or §R20§! for a landed vassal.;;Esta opción aumentará tu tiranía §R10§! para un cortesano o §R20§! para un vasallo.;;;;;;;;;x
EXECUTE_IMPRISONED_INTERACTION_1;Using this option will increase your tyranny by §R5§! for a courtier or §R10§! for a landed vassal (excluding owned slaves).;Cette option augmentera votre tyrannie de §R5§! pour un courtisan ou de §R10§! pour un vassal (sauf les esclaves).;Using this option will increase your tyranny by §R5§! for a courtier or §R10§! for a landed vassal.;;Esta opción aumentará tu tiranía §R5§! para un cortesano o §R10§! para un vasallo.;;;;;;;;;x
opinion_refused_convert;Refused to Convert;Refuser de se convertir.;Bekehrung Verweigert;;Rechazó convertirse;;;;;;;;;x
opinion_converted;Convert;Se convertir;Bekehrte;;Convertido;;;;;;;;;x
REVOKE_TITLE_INTERACTION_2C;Thanks to the crown laws in the §Y$CROWN_TITLE$§!, our vassals cannot object.;Grâce aux lois de la couronne de §Y$CROWN_TITLE$§!, vos vasaux ne peuvent refuser.;Dank der Krone-Gesetze in §Y$CROWN_TITLE$ §!, können unsere Vasallen nicht protestieren.;;Gracias a las leyes de la corona de §Y$CROWN_TITLE$§!, tus vasallos no pueden negarse.;;;;;;;;;x
player_no_ambition;Lack of Ambition;Manque d'ambition;Fehlender Ehrgeiz;;Falta de ambición;;;;;;;;;x
player_no_ambition_desc;Lack of Ambition;Manque d'ambition;Fehlender Ehrgeiz;;Falta de ambición;;;;;;;;;x
tp_school_3;Large Cathedral School;Grande école septonale;Große Domschule;;Gran escuela septonal;;;;;;;;;x
holy_war_desc;§Y$CLAIMANT$§! can use this Casus Belli to seize all titles held by the infidel, §Y$TARGET$§!, within the de jure §Y$TITLE$§!. Deus Vult!;Le(La) §Y$CLAIMANT$§! peut utiliser ce casus belli pour s’emparer de tous les titres que possède l’infidèle §Y$TARGET$§! au sein du(de la) §Y$TITLE$§! de jure. Les dieux le veulent ainsi !;§Y$CLAIMANT$§! kann diesen Kriegsgrund zur Konfiszierung aller Titel benutzen, die das ungläubige Ziel, §Y$TARGET$§!, unter dem de jure-Titel §Y$TITLE$§! bekleidet. Deus Vult!;;§Y$CLAIMANT$§! puede usar este Casus Belli para apoderarse de todos los títulos que posee el infiel, §Y$TARGET$§!, dentro del §Y$TITLE$§! de jure. ¡Los Dioses así lo quieren!;;;;;;;;;x
TECH_DEM_INC_K_E;§G+0.5§! demesne size for Kings & Emperors;§G+0.5§! surface de terres pour les rois et empereurs;§G+0.5§! Größe des Grundbesitzes für Könige und Kaiser;;§G+0.5§! tamaño de heredad para Reyes y Emperadores;;;;;;;;;x
TECH_DEM_INC_D;§G+0.5§! demesne size for High Lords;§G+0.5§! surface de terres pour les grand lords;§G+0.5§! Größe des Grundbesitzes für Herzöge;;§G+0.5§! tamaño de heredad para Grandes Señores;;;;;;;;;x
TECH_DEM_INC_C;§G+0.5§! demesne size for Lords;§G+0.5§! surface de terres pour les lords;§G+0.5§! Größe des Grundbesitzes für Grafen;;§G+0.5§! tamaño de heredad para Señores;;;;;;;;;x
TECH_DEM_INC_B;§G+0.5§! demesne size for Sers;§G+0.5§! surface de terres pour les chevaliers fieffés;§G+0.5§! Größe des Grundbesitzes für Barone;;§G+0.5§! tamaño de heredad para Señores menores;;;;;;;;;x
RULER_JOINS_ENEMY_WAR_LOG;§Y$WHO$§! has joined §Y$ENEMY$§! in the §Y$WAR$§!;§Y$ENEMY$! a rejoint §Y$WHO$! dans la §Y$WAR$! !;§Y$ENEMY$§! schließt sich §Y$WHO$§! im §Y$WAR$§! an;;§Y$ENEMY$§! se ha unido a §Y$WHO$§! en la §Y$WAR$§!;;;;;;;;;x
CB_NAME_TRIBAL_INVASION;Invasion of [Title.GetName];Invasion de [Title.GetName];Invasion von [Title.GetName];;Invasión de [Title.GetName];;;;;;;;;x
WAR_NAME_TRIBAL_INVASION;$ORDER$$FIRST_ADJ$ Invasion of $OTHER_TITLE$;$ORDER$ invasion $FIRST_ADJ$ du(de la) $OTHER_TITLE$;$ORDER$$FIRST_ADJ$e Invasion von $OTHER_TITLE$;;$ORDER$ Invasión $FIRST_ADJ$ de $OTHER_TITLE$;;;;;;;;;x
tribal_invasion_desc;Tribes do not bother with just causes - might makes right!;Les clans n'ont que faire des causes justes, ils règnent par la force !;Stämme kümmern gerechte Sachen nicht - es gilt das Recht des Stärkeren!;;Los clanes no pierden el tiempo con causas justas, reinan por la fuerza!;;;;;;;;;x
RELEASE_FROM_PRISON_INTERACTION_1;This will increase their opinion of you by §G50§!.;L’opinion qu’ils ont de vous augmentera de §G50§!.;Dadurch erhöht sich ihre Meinung über Sie um §G50§!.;;La opinión que tienen de ti aumentará en §G50§!.;;;;;;;;;x
HAS_LANDED_TITLE;Holds the title of $TITLE$;Tient le titre de $TITLE$ ;Ist $RULERTITLE$ von $TITLE$;;Es $RULERTITLE$ de $TITLE$;;;;;;;;;x
EVTNOCOUNCILREQUESTS;Do not bring such petitions before me ever again!;Ne me présentez plus jamais pareilles pétitions !;Bringen Sie solche Bitten niemals wieder vor!;Do not bring such petitions before me ever again!;No me traigas esas peticiones nunca más!;Do not bring such petitions before me ever again!;Do not bring such petitions before me ever again!;Do not bring such petitions before me ever again!;Do not bring such petitions before me ever again!;;;;;x
ISNT_CLOSE_RELATIVE;Not a close relative of;N’est pas apparenté(e) à;Kein naher Verwandter von;;No es un pariente cercano de;;;;;;;;;x
THE_TORAH;The Torah;La Torah;Die Torah;;La Torá;;;;;;;;;x
depose_liege_desc;§Y$CLAIMANT$§! can attempt to depose §Y$TARGET$§!.;§Y$CLAIMANT$§! peut tenter de renverser §Y$TARGET$§!.;§Y$CLAIMANT$§! kann versuchen, §Y$TARGET$§! abzusetzen.;;§Y$CLAIMANT$§! puede intentar deponer a §Y$TARGET$§!.;;;;;;;;;x
summer_fair_0;Hold a Summer Fair;Organiser un festival d’été;Sommerfest abhalten;;Celebrar una feria de verano;;;;;;;;;x
summer_fair_0_desc;The Summer Fair brings merchants, peddlers and all sorts of entertainment to your province.;Le festival d’été est l’occasion d’attirer marchands, colporteurs et autres divertissements dans votre province.;Das Sommerfest bringt Kaufleute, fahrende Händler und allerlei Unterhalter in Eure Provinz.;;La feria de verano atrae a mercaderes, vendedores ambulantes y todo tipo de entretenimiento a tu provincia.;;;;;;;;;x
feast_0;Hold a Feast;Organiser un banquet;Gelage abhalten;;Celebrar un banquete;;;;;;;;;x
feast_0_desc;Hold the biggest feast ever seen in the Kingdom!;Organiser le plus grand banquet du royaume !;Veranstaltet das größte Gelage, das das Königreich je gesehen hat!;;¡Celebra el banquete más grande jamás visto en el reino!;;;;;;;;;x
hold_grand_hunt_0;Go on a Grand Hunt;Participer à une grande partie de chasse;Auf eine Hofjagd gehen;;Organizar una partida de caza;;;;;;;;;x
hold_grand_hunt_0_desc;Go on a Grand Hunt with the best hunters in our domains!;Participer à une grande partie de chasse avec les meilleurs chasseurs de nos domaines !;Mit den besten Jägern unserer Domänen auf eine Hofjagd gehen!;;¡Ve a una gran cacería con los mejores cazadores de nuestros dominios!;;;;;;;;;x
summer_fair_1;Hold a Summer Fair;Organiser un festival d’été;Sommerfest abhalten;;Celebrar una feria de verano;;;;;;;;;x
summer_fair_1_desc;The Summer Fair brings merchants, peddlers and all sorts of entertainment to your province.;Le festival d’été est l’occasion d’attirer marchands, colporteurs et autres divertissements dans votre province.;Das Sommerfest bringt Kaufleute, fahrende Händler und allerlei Unterhalter in Eure Provinz.;;La feria de verano atrae a mercaderes, vendedores ambulantes y todo tipo de entretenimiento a tu provincia.;;;;;;;;;x
feast_1;Hold a Feast;Organiser un banquet;Gelage abhalten;;Celebrar un banquete;;;;;;;;;x
feast_1_desc;Hold the biggest feast ever seen in the Kingdom!;Organiser le plus grand banquet du royaume !;Veranstaltet das größte Gelage, das das Königreich je gesehen hat!;;¡Celebra el banquete más grande jamás visto en el reino!;;;;;;;;;x
hold_grand_hunt_1;Go on a Grand Hunt;Participer à une grande partie de chasse;Auf eine Hofjagd gehen;;Organizar una partida de caza;;;;;;;;;x
hold_grand_hunt_1_desc;Go on a Grand Hunt with the best hunters in our domains!;Participer à une grande partie de chasse avec les meilleurs chasseurs de nos domaines !;Mit den besten Jägern unserer Domänen auf eine Hofjagd gehen!;;¡Ve a una gran cacería con los mejores cazadores de nuestros dominios!;;;;;;;;;x
summer_fair_2;Hold a Summer Fair;Organiser un festival d’été;Sommerfest abhalten;;Celebrar una feria de verano;;;;;;;;;x
summer_fair_2_desc;The Summer Fair brings merchants, peddlers and all sorts of entertainment to your province.;Le festival d’été est l’occasion d’attirer marchands, colporteurs et autres divertissements dans votre province.;Das Sommerfest bringt Kaufleute, fahrende Händler und allerlei Unterhalter in Eure Provinz.;;La feria de verano atrae a mercaderes, vendedores ambulantes y todo tipo de entretenimiento a tu provincia.;;;;;;;;;x
feast_2;Hold a Feast;Organiser un banquet;Gelage abhalten;;Celebrar un banquete;;;;;;;;;x
feast_2_desc;Hold the biggest feast ever seen in the Kingdom!;Organiser le plus grand banquet du royaume !;Veranstaltet das größte Gelage, das das Königreich je gesehen hat!;;¡Celebra el banquete más grande jamás visto en el reino!;;;;;;;;;x
hold_grand_hunt_2;Go on a Grand Hunt;Participer à une grande partie de chasse;Auf eine Hofjagd gehen;;Organizar una partida de caza;;;;;;;;;x
hold_grand_hunt_2_desc;Go on a Grand Hunt with the best hunters in our domains!;Participer à une grande partie de chasse avec les meilleurs chasseurs de nos domaines !;Mit den besten Jägern unserer Domänen auf eine Hofjagd gehen!;;¡Ve a una gran cacería con los mejores cazadores de nuestros dominios!;;;;;;;;;x
succ_turkish_succession;Open;Ouvert;Offen;;Abierto;;;;;;;;;x
succ_gavelkind_desc;The titles of the ruler are divided among his children, with the oldest getting the primary title. If the ruler has no children who can inherit, the law defaults to Primogeniture. You get no Prestige penalty for having unlanded sons, and can have a §Y33%§! larger demesne. Gavelkind is a very popular law with everyone except the oldest child.;Les titres du souverain sont répartis entre ses enfants, l’aîné héritant du titre principal. Si le souverain n’a pas d’enfants, la loi basée sur la primogéniture s’applique. Vous ne subissez aucune pénalité de prestige lorsque vous avez des fils sans terres, et pouvez posséder un domaine §Y33%§! plus grand. Cette loi est très appréciée de tous, sauf de l’aîné des enfants.;Die Titel des Herrschers werden unter seinen Kindern verteilt, wobei das älteste Kind den Primärtitel erhält. Hat der Herrscher keine Kinder, die seine Nachfolge antreten können, gilt das Ältestenrecht. Ihr erleidet durch landlose Söhne keine Prestigeverluste, und Eure Domäne kann um §Y33%§! größer sein. Außer beim ältesten Kind ist Gavelkind ein bei jedermann sehr beliebtes Gesetz.;;Los títulos del gobernante se dividen entre sus hijos, siendo el mayor el que obtiene el título principal. Si el gobernante no tiene hijos que puedan heredar, la ley remite por defecto a la primogenitura. No pierdes prestigio por tener hijos sin tierras y tu heredad puede ser un §Y33%§! mayor. La sucesión a partes iguales es una ley muy aceptada por todos salvo por el hijo mayor.;;;;;;;;;x
holding_epic_tournament;Hosting an Epic Tournament;Accueillir un grand tournoi;Veranstaltet ein episches Turnier;;Acoger un gran torneo;;;;;;;;;x
holding_grand_hunt;Hosting a Grand Hunt;Accueillir une grande chasse;Eine große Jagd veranstalten;Hosting a Grand Hunt;Acoger una gran caza;Hosting a Grand Hunt;Hosting a Grand Hunt;Hosting a Grand Hunt;Hosting a Grand Hunt;;;;;x
holding_large_feast;Holding a Large Feast;Accueillir un banquet;Ein großes Fest geben;;Celebrar un gran banquete;;;;;;;;;x
civil_war;Civil War;Guerre civile;Bürgerkrieg;Civil War;Guerra Civil;;;;;;;;;x
wrong_religion_group_capital;Heathen Capital;Capitale de ceux qui n'ont pas la vraie foi;Heiden Hochburg;Heathen Capital;Capital pagana;Heathen Capital;;;;;;;;x
wrong_religion_group_capital_desc;Reigning in a province that does not follow the true faith makes adminstration of your territories difficult.;Régner dans une province qui ne suit pas la vraie foi rend difficile l'administration de vos territoires.;Das Regieren in einer Provinz, die dem wahren Glauben nicht folgt, macht adminstration Ihrer Territorien schwierig.;Reigning in a province that does not follow the true faith makes adminstration of your territories difficult.;Reinar en una provincia que no sigue la fe verdadera hace dificil la administración de tus territorios.;Reigning in a province that does not follow the true faith makes adminstration of your territories difficult.;;;;;;;;x
wrong_religion_capital;Heretic Capital;Capitale de ceux qui n'ont pas la vraie foi;Ketzer Hauptstadt;Heretic Capital;Capital hereje;Heretic Capital;;;;;;;;x
wrong_religion_capital_desc;Reigning in a province that does not follow the true faith makes adminstration of your territories difficult.;Régner dans une province qui ne suit pas la vraie foi rend difficile l'administration de vos territoires.;Das Regieren in einer Provinz, die dem wahren Glauben nicht folgt, macht adminstration Ihrer Territorien schwierig.;Reigning in a province that does not follow the true faith makes adminstration of your territories difficult.;Reinar en una provincia que no sigue la fe verdadera hace dificil la administración de tus territorios.;;;;;;;;;x
vassal_ruler;Local Levies;Levées de troupes locales;Lokale Aushebungen;Local Levies;Levas locales;;;;;;;;;x
vassal_ruler_desc;Our relatively low rank gives us better control over our local vassals, who will supply us with more troops.;Notre rang relativement modeste nous octroie un meilleur contrôle sur nos vassaux locaux, qui vont nous fournir plus de troupes. ;Unser relativ niedriger Stand gibt uns eine bessere Kontrolle über unsere lokalen Vasallen, die uns mit mehr Truppen versorgen werden.;Our relatively low rank gives us better control over our local vassals, who will supply us with more troops.;Nuestro rango relativamente modesto nos otorga un mejor control sobre nuestros vasallos locales, que nos proporcionarán más tropas;;;;;;;;;x
defensive_war;Defensive War;Guerre défensive;Verteidigungskrieg ;Defensive War;Guerra defensiva;;;;;;;;;x
defensive_war_desc;As we are fighting a defensive war, our vassals are obligated to provide us with more troops than they otherwise would.;Comme nous nous battons dans une guerre défensive, nos vassaux sont obligés de nous fournir d'avantage de troupes qu'à l'accoutumé. ;Da wir mit einem Verteidigungskrieg kämpfen, werden unsere Vasallen verpflichtet, uns mit mehr Truppen zu versorgen, als sie sonst würden.;As we are fighting a defensive war, our vassals are obligated to provide us with more troops than they otherwise would.;Como combatimos en una guerra defensiva, nuestros vasallos están obligados a proporcionarnos más tropas que de costumbre.;;;;;;;;;x
opinion_outraged;Outraged;Outragé;Empört;Outraged;Ultrajado;;;;;;;;;x
opinion_won_holy_war;Won Holy War;Guerre sainte gagnée;Gewonnener Heiliger Krieg;Won Holy War;Guerra santa ganada;;;;;;;;;x
opinion_job_security_concerns;Council Job Change;Changement de poste au conseil;Ratsjob-Änderung;Council Job Change;Cambio de puesto en el Consejo;;;;;;;;;x
opinion_martial_ties;Married Close Relative;Marié avec un parent proche;Naher Verwandter geheiratet.;Married Close Relative;Casado con un pariente cercano;;;;;;;;;x
not_dejure_liege;Not De Jure Liege;Pas suzerain de jure;Kein De Jure Lehnsherr;Not De Jure Liege;No soberano de jure;;;;;;;;;x
not_dejure_liege_desc;This character resents being ruled by a liege who has no natural rights to their land.;Ce personnage en veut à son suzerain qui n'a aucun droits naturels sur ces terres.;Dieser Charakter nimmt übel, durch eine Lehnsherr beherrscht zu werden, der kein natürliches Rechte auf sein Land hat.;This character resents being ruled by a liege who has no natural rights to their land.;Este personaje está resentido con su Señor que no tiene derechos naturales en estas tierras.;;;;;;;;;x
employ_steward;Invite Master of Coin to Court;Inviter un Grand Argentier à la cour;Invite Master of Coin to Court;Invite Master of Coin to Court;Invitar a un Consejero de la Moneda a la corte;;;;;;;;;x
employ_steward_desc;Invite a promising nobleman to court, to aid with matters of administration.;Inviter un noble prometteur à la cour, afin qu’il vous assiste sur le plan administratif;Laden Sie einen viel versprechenden Adligen in den Rat ein, um in Regierungsangelegenheiten zu helfen.;Invite a promising nobleman to court, to aid with matters of administration.;Invitar aun prometedor noble a la corte, para ayudar en materias administrativas.;;;;;;;;;x
employ_chancellor;Invite Master of Laws to Court;Inviter un maître des lois à la cour;Invite Master of Laws to Court;Invite Master of Laws to Court;Invitar a un Consejero de Edictos a la corte;;;;;;;;;x
employ_chancellor_desc;Invite a promising nobleman to court, to aid with diplomatic affairs.;Inviter un noble prometteur à la cour, afin qu’il vous assiste sur le plan diplomatique.;Laden Sie einen viel versprechenden Adligen in den Rat ein, um bei diplomatischen Angelegenheiten zu helfen.;Invite a promising nobleman to court, to aid with diplomatic affairs.;Invitar aun prometedor noble a la corte, para ayudar en asuntos diplomáticos.;;;;;;;;;x
employ_marshal;Invite Master-at-Arms to Court;Inviter un maître d'armes à la Cour.;Invite Master-at-Arms to Court;Invite Master-at-Arms to Court;Invitar a un Maestro de Armas a la corte;;;;;;;;;x
employ_marshal_desc;Invite a promising nobleman to court, to help train your armies.;Inviter un noble prometteur à la cour, pour qu’il supervise l’entraînement de vos gens d’armes.;Laden Sie einen viel versprechenden Adligen in den Rat ein, um dabei zu helfen unsere Armee auszubilden.;Invite a promising nobleman to court, to help train your armies.;Invitar aun prometedor noble a la corte, para ayudar a entrenar a las tropas.;;;;;;;;;x
employ_spymaster;Invite Master of Whisperers to Court;Inviter un maître des chuchoteurs à la cour;Invite Master of Whisperers to Court;Invite Master of Whisperers to Court;Invitar a un Consejero de los Rumores a la corte;;;;;;;;;x
employ_spymaster_desc;Invite a promising nobleman to court, to help run your spy network.;Inviter un noble prometteur à la cour, pour qu’il supervise votre réseaux d’espions.;Laden Sie einen Hofspitzel in den Rat ein der uns hilft ein Spitzelnetzwerk aufzubauen.;Invite a promising nobleman to court, to help run your spy network.;Invitar aun prometedor noble a la corte, para ayudar a tu red de espías.;Invite a promising nobleman to court, to help run your spy network.;;;;;;;;x
underhanded_rogue;Gruff Diplomat;Diplomate brusque;Schroffer Diplomat;;Diplomático brusco;;;;;;;;;x
underhanded_rogue_desc;The Gruff Diplomat is a rough but decently effective diplomat.;Le diplomate brusque est un diplomate grossier mais néanmoins efficace.;Der Schroffe Diplomat ist ein rauer, aber sehr wirksamer Diplomat.;;El diplomático brusco es rudo pero eficaz.;;;;;;;;;x
controls_antipope;Controls the Anti-Pope;Contrôle de l'Anti-Grand Septon;Kontrolliert den Gegenpapst;Controls the Anti-Pope;Control del Antipapa;;;;;;;;;x
desc_controls_antipope;This character presumes to decide over the affairs of the church despite being a temporal ruler. This attitude could be seen as borderline heretical.;Ce personnage entend prendre des décisions sur les affaires du clergé bien qu'il soit un souverain temporel. Cette attitude peut être considérée comme à la limite de l'orthodoxie. ;Dieser Charakter nimmt sich heraus, um über die Angelegenheiten der Kirche zu entscheiden, trotz, seiner zeitlichen Herschaft. Diese Einstellung könnte als ketzerische Grenzlinie angesehen werden.;This character presumes to decide over the affairs of the church despite being a temporal ruler. This attitude could be seen as borderline heretical.;Este personaje pretende ser reconocido o pretende usurpar las funciones y poderes en los asuntos de la iglesia. Esta actitud puede estar considerada al borde de la herejía.;;;;;;;;;x
nick_the_bloody;the Bloody;le Sanglant;der Blutige;the Bloody;el Sangriento;;;;;;;;;x
nick_the_quiverfull;Quiverfull;l'Agité;Köchervoll;Quiverfull;el Agitado;;;;;;;;;x
nick_the_lewd;the Lewd;le Lubrique ;der Unanständige;the Lewd;el Lascivo;;;;;;;;;x
nick_the_dwarf;the Dwarf;le Nain;der Zwerg;the Dwarf;el Enano;;;;;;;;;x
nick_the_fool;the Fool;le Niais ;der Einfältige;the Fool;el Lerdo;;;;;;;;;x
plot_kidnap_liege_title;Kidnap [This.GetTitledFirstNameWithDynasty];Enlever [This.GetTitledFirstNameWithDynasty];Entführe [This.GetTitledFirstNameWithDynastyAndTitleNoRegnal];Kidnap [This.GetTitledFirstNameWithDynastyAndTitleNoRegnal];Secuestrar a [This.GetTitledFirstNameWithDynastyAndTitleNoRegnal];;;;;;;;;x
plot_kidnap_liege_desc;[From.GetTitledFirstName] has decided that kidnapping is the only way to make [This.GetTitledFirstName] give up some of [This.GetHerHis] land.;[From.GetTitledFirstName] a décidé que l'enlèvement constitue le seul moyen de pousser [This.GetTitledFirstName] à abandonner certaines de ses terres. ;[From.GetTitledFirstName] has decided that kidnapping is the only way to make [This.GetTitledFirstName] give up some of [This.GetHerHis] land.;[From.GetTitledFirstName] has decided that kidnapping is the only way to make [This.GetTitledFirstName] give up some of [This.GetHerHis] land.;[From.GetTitledFirstName] ha decidido que el secuestro es la única forma de hacer que [This.GetTitledFirstName] renuncie a algunas de sus tierras.;;;;;;;;;x
dishonorable;Dishonor;Déshonneur;;;Deshonra;;;;;;;;;x
dishonorable1;Dishonorable;Déshonorable;Unehrenhaft;Dishonorable;Deshonroso;;;;;;;;;x
dishonorable1_desc;This character likes to solve problems through assassinations and is rather poorly regarded because of it.\n\nDishonor decays at a rate of §Y10§! every §Y10§! years;La tendance de ce personnage à user d’assassinats pour résoudre ses problèmes lui vaut une réputation exécrable.\n\nLe déshonneur décroît de §Y10§! chaque §Y10§! ans;Dieser Charakter behebt gern Probleme durch Morde und wird wegen dieser eher schlecht angesehen.;This character likes to solve problems through assassinations and is rather poorly regarded because of it.;Este personaje gusta de resolver problemas a través de asesinatos y está bastante mal considerado por ello.;;;;;;;;;x
dishonorable2;Dishonorable;Déshonorable;Unehrenhaft;Dishonorable;Deshonroso;;;;;;;;;x
dishonorable2_desc;This character likes to solve problems through assassinations and is rather poorly regarded because of it.\n\nDishonor decays at a rate of §Y10§! every §Y10§! years;La tendance de ce personnage à user d’assassinats pour résoudre ses problèmes lui vaut une réputation exécrable.\n\nLe déshonneur décroît de §Y10§! chaque §Y10§! ans;Dieser Charakter behebt gern Probleme durch Morde und wird wegen dieser eher schlecht angesehen.;This character likes to solve problems through assassinations and is rather poorly regarded because of it.;Este personaje gusta de resolver problemas a través de asesinatos y está bastante mal considerado por ello.;;;;;;;;;x
dishonorable3;Dishonorable;Déshonorable;Unehrenhaft;Dishonorable;Deshonroso;;;;;;;;;x
dishonorable3_desc;This character likes to solve problems through assassinations and is rather poorly regarded because of it.\n\nDishonor decays at a rate of §Y10§! every §Y10§! years;La tendance de ce personnage à user d’assassinats pour résoudre ses problèmes lui vaut une réputation exécrable.\n\nLe déshonneur décroît de §Y10§! chaque §Y10§! ans;Dieser Charakter behebt gern Probleme durch Morde und wird wegen dieser eher schlecht angesehen.;This character likes to solve problems through assassinations and is rather poorly regarded because of it.;Este personaje gusta de resolver problemas a través de asesinatos y está bastante mal considerado por ello.;;;;;;;;;x
dishonorable4;Dishonorable;Déshonorable;Unehrenhaft;Dishonorable;Deshonroso;;;;;;;;;x
dishonorable4_desc;This character likes to solve problems through assassinations and is rather poorly regarded because of it.\n\nDishonor decays at a rate of §Y10§! every §Y10§! years;La tendance de ce personnage à user d’assassinats pour résoudre ses problèmes lui vaut une réputation exécrable.\n\nLe déshonneur décroît de §Y10§! chaque §Y10§! ans;Dieser Charakter behebt gern Probleme durch Morde und wird wegen dieser eher schlecht angesehen.;This character likes to solve problems through assassinations and is rather poorly regarded because of it.;Este personaje gusta de resolver problemas a través de asesinatos y está bastante mal considerado por ello.;;;;;;;;;x
dishonorable5;Dishonorable;Déshonorable;Unehrenhaft;Dishonorable;Deshonroso;;;;;;;;;x
dishonorable5_desc;This character likes to solve problems through assassinations and is rather poorly regarded because of it.\n\nDishonor decays at a rate of §Y10§! every §Y10§! years;La tendance de ce personnage à user d’assassinats pour résoudre ses problèmes lui vaut une réputation exécrable.\n\nLe déshonneur décroît de §Y10§! chaque §Y10§! ans;Dieser Charakter behebt gern Probleme durch Morde und wird wegen dieser eher schlecht angesehen.;This character likes to solve problems through assassinations and is rather poorly regarded because of it.;Este personaje gusta de resolver problemas a través de asesinatos y está bastante mal considerado por ello.;;;;;;;;;x
dishonorable6;Dishonorable;Déshonorable;Unehrenhaft;Dishonorable;Deshonroso;;;;;;;;;x
dishonorable6_desc;This character likes to solve problems through assassinations and is rather poorly regarded because of it.\n\nDishonor decays at a rate of §Y10§! every §Y10§! years;La tendance de ce personnage à user d’assassinats pour résoudre ses problèmes lui vaut une réputation exécrable.\n\nLe déshonneur décroît de §Y10§! chaque §Y10§! ans;Dieser Charakter behebt gern Probleme durch Morde und wird wegen dieser eher schlecht angesehen.;This character likes to solve problems through assassinations and is rather poorly regarded because of it.;Este personaje gusta de resolver problemas a través de asesinatos y está bastante mal considerado por ello.;;;;;;;;;x
dishonorable7;Dishonorable;Déshonorable;Unehrenhaft;Dishonorable;Deshonroso;;;;;;;;;x
dishonorable7_desc;This character likes to solve problems through assassinations and is rather poorly regarded because of it.\n\nDishonor decays at a rate of §Y10§! every §Y10§! years;La tendance de ce personnage à user d’assassinats pour résoudre ses problèmes lui vaut une réputation exécrable.\n\nLe déshonneur décroît de §Y10§! chaque §Y10§! ans;Dieser Charakter behebt gern Probleme durch Morde und wird wegen dieser eher schlecht angesehen.;This character likes to solve problems through assassinations and is rather poorly regarded because of it.;Este personaje gusta de resolver problemas a través de asesinatos y está bastante mal considerado por ello.;;;;;;;;;x
dishonorable8;Dishonorable;Déshonorable;Unehrenhaft;Dishonorable;Deshonroso;;;;;;;;;x
dishonorable8_desc;This character likes to solve problems through assassinations and is rather poorly regarded because of it.\n\nDishonor decays at a rate of §Y10§! every §Y10§! years;La tendance de ce personnage à user d’assassinats pour résoudre ses problèmes lui vaut une réputation exécrable.\n\nLe déshonneur décroît de §Y10§! chaque §Y10§! ans;Dieser Charakter behebt gern Probleme durch Morde und wird wegen dieser eher schlecht angesehen.;This character likes to solve problems through assassinations and is rather poorly regarded because of it.;Este personaje gusta de resolver problemas a través de asesinatos y está bastante mal considerado por ello.;;;;;;;;;x
dishonorable9;Dishonorable;Déshonorable;Unehrenhaft;Dishonorable;Deshonroso;;;;;;;;;x
dishonorable9_desc;This character likes to solve problems through assassinations and is rather poorly regarded because of it.\n\nDishonor decays at a rate of §Y10§! every §Y10§! years;La tendance de ce personnage à user d’assassinats pour résoudre ses problèmes lui vaut une réputation exécrable.\n\nLe déshonneur décroît de §Y10§! chaque §Y10§! ans;Dieser Charakter behebt gern Probleme durch Morde und wird wegen dieser eher schlecht angesehen.;This character likes to solve problems through assassinations and is rather poorly regarded because of it.;Este personaje gusta de resolver problemas a través de asesinatos y está bastante mal considerado por ello.;;;;;;;;;x
dishonorable10;Dishonorable;Déshonorable;Unehrenhaft;Dishonorable;Deshonroso;;;;;;;;;x
dishonorable10_desc;This character likes to solve problems through assassinations and is rather poorly regarded because of it.\n\nDishonor decays at a rate of §Y10§! every §Y10§! years;La tendance de ce personnage à user d’assassinats pour résoudre ses problèmes lui vaut une réputation exécrable.\n\nLe déshonneur décroît de §Y10§! chaque §Y10§! ans;Dieser Charakter behebt gern Probleme durch Morde und wird wegen dieser eher schlecht angesehen.;This character likes to solve problems through assassinations and is rather poorly regarded because of it.;Este personaje gusta de resolver problemas a través de asesinatos y está bastante mal considerado por ello.;;;;;;;;;x
dyn_dishonorable1;Dynastic Stain;Souillure dynastique;Dynastischer Fleck;Dynastic Stain;Mancha dinástica;;;;;;;;;x
dyn_dishonorable1_desc;This character's dynasty is notorious for employing assassins, causing others to fear and mistrust them.\n\nDishonor decays at a rate of §Y10§! every §Y10§! Years;La dynastie de ce personnage est notoirement connue pour employer des assassins, provoquant crainte et soupçon chez autrui.\n\nLe déshonneur décroît de §Y10§! chaque §Y10§! ans;Die Dynastie dieses Charakters ist schon notorisch darin Mörder anzustellen, was andere veranlasst , sie zu fürchten und ihnen zu misstrauen.;This character's dynasty is notorious for employing assassins, causing others to fear and mistrust them.;La dinastía de este personaje es conocida por emplear asesinos, causando en los demás temor y desconfianza hacia ellos.;;;;;;;;;x
dyn_dishonorable2;Dynastic Stain;Souillure dynastique;Dynastischer Fleck;Dynastic Stain;Mancha dinástica;;;;;;;;;x
dyn_dishonorable2_desc;This character's dynasty is notorious for employing assassins, causing others to fear and mistrust them.\n\nDishonor decays at a rate of §Y10§! every §Y10§! Years;La dynastie de ce personnage est notoirement connue pour employer des assassins, provoquant crainte et soupçon chez autrui.\n\nLe déshonneur décroît de §Y10§! chaque §Y10§! ans;Die Dynastie dieses Charakters ist schon notorisch darin Mörder anzustellen, was andere veranlasst , sie zu fürchten und ihnen zu misstrauen.;This character's dynasty is notorious for employing assassins, causing others to fear and mistrust them.;La dinastía de este personaje es conocida por emplear asesinos, causando en los demás temor y desconfianza hacia ellos.;;;;;;;;;x
dyn_dishonorable3;Dynastic Stain;Souillure dynastique;Dynastischer Fleck;Dynastic Stain;Mancha dinástica;;;;;;;;;x
dyn_dishonorable3_desc;This character's dynasty is notorious for employing assassins, causing others to fear and mistrust them.\n\nDishonor decays at a rate of §Y10§! every §Y10§! Years;La dynastie de ce personnage est notoirement connue pour employer des assassins, provoquant crainte et soupçon chez autrui.\n\nLe déshonneur décroît de §Y10§! chaque §Y10§! ans;Die Dynastie dieses Charakters ist schon notorisch darin Mörder anzustellen, was andere veranlasst , sie zu fürchten und ihnen zu misstrauen.;This character's dynasty is notorious for employing assassins, causing others to fear and mistrust them.;La dinastía de este personaje es conocida por emplear asesinos, causando en los demás temor y desconfianza hacia ellos.;;;;;;;;;x
dyn_dishonorable4;Dynastic Stain;Souillure dynastique;Dynastischer Fleck;Dynastic Stain;Mancha dinástica;;;;;;;;;x
dyn_dishonorable4_desc;This character's dynasty is notorious for employing assassins, causing others to fear and mistrust them.\n\nDishonor decays at a rate of §Y10§! every §Y10§! Years;La dynastie de ce personnage est notoirement connue pour employer des assassins, provoquant crainte et soupçon chez autrui.\n\nLe déshonneur décroît de §Y10§! chaque §Y10§! ans;Die Dynastie dieses Charakters ist schon notorisch darin Mörder anzustellen, was andere veranlasst , sie zu fürchten und ihnen zu misstrauen.;This character's dynasty is notorious for employing assassins, causing others to fear and mistrust them.;La dinastía de este personaje es conocida por emplear asesinos, causando en los demás temor y desconfianza hacia ellos.;;;;;;;;;x
dyn_dishonorable5;Dynastic Stain;Souillure dynastique;Dynastischer Fleck;Dynastic Stain;Mancha dinástica;;;;;;;;;x
dyn_dishonorable5_desc;This character's dynasty is notorious for employing assassins, causing others to fear and mistrust them.\n\nDishonor decays at a rate of §Y10§! every §Y10§! Years;La dynastie de ce personnage est notoirement connue pour employer des assassins, provoquant crainte et soupçon chez autrui.\n\nLe déshonneur décroît de §Y10§! chaque §Y10§! ans;Die Dynastie dieses Charakters ist schon notorisch darin Mörder anzustellen, was andere veranlasst , sie zu fürchten und ihnen zu misstrauen.;This character's dynasty is notorious for employing assassins, causing others to fear and mistrust them.;La dinastía de este personaje es conocida por emplear asesinos, causando en los demás temor y desconfianza hacia ellos.;;;;;;;;;x
dyn_dishonorable6;Dynastic Stain;Souillure dynastique;Dynastischer Fleck;Dynastic Stain;Mancha dinástica;;;;;;;;;x
dyn_dishonorable6_desc;This character's dynasty is notorious for employing assassins, causing others to fear and mistrust them.\n\nDishonor decays at a rate of §Y10§! every §Y10§! Years;La dynastie de ce personnage est notoirement connue pour employer des assassins, provoquant crainte et soupçon chez autrui.\n\nLe déshonneur décroît de §Y10§! chaque §Y10§! ans;Die Dynastie dieses Charakters ist schon notorisch darin Mörder anzustellen, was andere veranlasst , sie zu fürchten und ihnen zu misstrauen.;This character's dynasty is notorious for employing assassins, causing others to fear and mistrust them.;La dinastía de este personaje es conocida por emplear asesinos, causando en los demás temor y desconfianza hacia ellos.;;;;;;;;;x
dyn_dishonorable7;Dynastic Stain;Souillure dynastique;Dynastischer Fleck;Dynastic Stain;Mancha dinástica;;;;;;;;;x
dyn_dishonorable7_desc;This character's dynasty is notorious for employing assassins, causing others to fear and mistrust them.\n\nDishonor decays at a rate of §Y10§! every §Y10§! Years;La dynastie de ce personnage est notoirement connue pour employer des assassins, provoquant crainte et soupçon chez autrui.\n\nLe déshonneur décroît de §Y10§! chaque §Y10§! ans;Die Dynastie dieses Charakters ist schon notorisch darin Mörder anzustellen, was andere veranlasst , sie zu fürchten und ihnen zu misstrauen.;This character's dynasty is notorious for employing assassins, causing others to fear and mistrust them.;La dinastía de este personaje es conocida por emplear asesinos, causando en los demás temor y desconfianza hacia ellos.;;;;;;;;;x
dyn_dishonorable8;Dynastic Stain;Souillure dynastique;Dynastischer Fleck;Dynastic Stain;Mancha dinástica;;;;;;;;;x
dyn_dishonorable8_desc;This character's dynasty is notorious for employing assassins, causing others to fear and mistrust them.\n\nDishonor decays at a rate of §Y10§! every §Y10§! Years;La dynastie de ce personnage est notoirement connue pour employer des assassins, provoquant crainte et soupçon chez autrui.\n\nLe déshonneur décroît de §Y10§! chaque §Y10§! ans;Die Dynastie dieses Charakters ist schon notorisch darin Mörder anzustellen, was andere veranlasst , sie zu fürchten und ihnen zu misstrauen.;This character's dynasty is notorious for employing assassins, causing others to fear and mistrust them.;La dinastía de este personaje es conocida por emplear asesinos, causando en los demás temor y desconfianza hacia ellos.;;;;;;;;;x
dyn_dishonorable9;Dynastic Stain;Souillure dynastique;Dynastischer Fleck;Dynastic Stain;Mancha dinástica;;;;;;;;;x
dyn_dishonorable9_desc;This character's dynasty is notorious for employing assassins, causing others to fear and mistrust them.\n\nDishonor decays at a rate of §Y10§! every §Y10§! Years;La dynastie de ce personnage est notoirement connue pour employer des assassins, provoquant crainte et soupçon chez autrui.\n\nLe déshonneur décroît de §Y10§! chaque §Y10§! ans;Die Dynastie dieses Charakters ist schon notorisch darin Mörder anzustellen, was andere veranlasst , sie zu fürchten und ihnen zu misstrauen.;This character's dynasty is notorious for employing assassins, causing others to fear and mistrust them.;La dinastía de este personaje es conocida por emplear asesinos, causando en los demás temor y desconfianza hacia ellos..;;;;;;;;;x
dyn_dishonorable10;Dynastic Stain;Souillure dynastique;Dynastischer Fleck;Dynastic Stain;Mancha dinástica;;;;;;;;;x
dyn_dishonorable10_desc;This character's dynasty is notorious for employing assassins, causing others to fear and mistrust them.\n\nDishonor decays at a rate of §Y10§! every §Y10§! Years;La dynastie de ce personnage est notoirement connue pour employer des assassins, provoquant crainte et soupçon chez autrui.\n\nLe déshonneur décroît de §Y10§! chaque §Y10§! ans;Die Dynastie dieses Charakters ist schon notorisch darin Mörder anzustellen, was andere veranlasst , sie zu fürchten und ihnen zu misstrauen.;This character's dynasty is notorious for employing assassins, causing others to fear and mistrust them.;La dinastía de este personaje es conocida por emplear asesinos, causando en los demás temor y desconfianza hacia ellos.;;;;;;;;;x
opinion_stay_calm;Truce;Trêve;Waffenruhe;Truce;Tregua;;;;;;;;;x
opinion_increased_authority2;Increased Crown Authority;Autorité royale accrue;Erhöhte Autorität der Krone;;Autoridad de la Corona aumentada;;;;;;;;;x
opinion_increased_authority_ai2;Increased Crown Authority;Autorité royale accrue;Erhöhte Autorität der Krone;;Autoridad de la Corona aumentada;;;;;;;;;x
opinion_increased_authority_ai;Increased Crown Authority;Autorité royale accrue;Erhöhte Autorität der Krone;;Autoridad de la Corona aumentada;;;;;;;;;x
true_cognatic_succession;Cognatic;Succession cognatique;Kognatisch;;Cognación;;;;;;;;;x
obj_break_out_of_prison_title;Get Out of Prison;Sortir de prison;Breche aus dem Kerker aus!;Get Out of Prison;Salir de la prisión;;;;;;;;;x
obj_increase_demesne_1_title;Increase Size of Demesne;Agrandir la taille du domaine;Ländereien vergrößern;Increase Size of Demesne;Aumentar el tamaño de la heredad;;;;;;;;;x
obj_increase_demesne_1_desc;[This.GetTitledFirstName] is not satisfied with the size of [This.GetHerHis] lands.;La taille de ses terres ne satisfait pas [This.GetTitledFirstName]. ;[This.GetTitledFirstName] ist nicht mit der größe der Länderreien von [This.GetHerHis] zufrieden.;[This.GetTitledFirstName] is not satisfied with the size of [This.GetHerHis] lands.;[This.GetTitledFirstName] no está satisfecho con el tamaño de sus tierras.;;;;;;;;;x
obj_increase_demesne_2_title;Increase Size of Demesne;Agrandir la taille du domaine;Ländereien vergrößern;Increase Size of Demesne;Aumentar el tamaño de la heredad;;;;;;;;;x
obj_increase_demesne_2_desc;[This.GetTitledFirstName] is not satisfied with the size of [This.GetHerHis] lands.;La taille de ses terres ne satisfait pas [This.GetTitledFirstName]. ;[This.GetTitledFirstName] ist nicht mit der größe der Länderreien von [This.GetHerHis] zufrieden.;[This.GetTitledFirstName] is not satisfied with the size of [This.GetHerHis] lands.;[This.GetTitledFirstName] no está satisfecho con el tamaño de sus tierras.;;;;;;;;;x
obj_increase_demesne_3_title;Increase Size of Demesne;Agrandir la taille du domaine;Ländereien vergrößern;Increase Size of Demesne;Aumentar el tamaño de la heredad;;;;;;;;;x
obj_increase_demesne_3_desc;[This.GetTitledFirstName] is not satisfied with the size of [This.GetHerHis] lands.;La taille de ses terres ne satisfait pas [This.GetTitledFirstName]. ;[This.GetTitledFirstName] ist nicht mit der größe der Länderreien von [This.GetHerHis] zufrieden.;[This.GetTitledFirstName] is not satisfied with the size of [This.GetHerHis] lands.;[This.GetTitledFirstName] no está satisfecho con el tamaño de sus tierras.;;;;;;;;;x
obj_increase_demesne_4_title;Increase Size of Demesne;Agrandir la taille du domaine;Ländereien vergrößern;Increase Size of Demesne;Aumentar el tamaño de la heredad;;;;;;;;;x
obj_increase_demesne_4_desc;[This.GetTitledFirstName] is not satisfied with the size of [This.GetHerHis] lands.;La taille de ses terres ne satisfait pas [This.GetTitledFirstName]. ;[This.GetTitledFirstName] ist nicht mit der größe der Länderreien von [This.GetHerHis] zufrieden.;[This.GetTitledFirstName] is not satisfied with the size of [This.GetHerHis] lands.;[This.GetTitledFirstName] no está satisfecho con el tamaño de sus tierras.;;;;;;;;;x
obj_increase_demesne_5_title;Increase Size of Demesne;Agrandir la taille du domaine;Ländereien vergrößern;Increase Size of Demesne;Aumentar el tamaño de la heredad;;;;;;;;;x
obj_increase_demesne_5_desc;[This.GetTitledFirstName] is not satisfied with the size of [This.GetHerHis] lands.;La taille de ses terres ne satisfait pas [This.GetTitledFirstName]. ;[This.GetTitledFirstName] ist nicht mit der größe der Länderreien von [This.GetHerHis] zufrieden.;[This.GetTitledFirstName] is not satisfied with the size of [This.GetHerHis] lands.;[This.GetTitledFirstName] no está satisfecho con el tamaño de sus tierras.;;;;;;;;;x
obj_increase_demesne_6_title;Increase Size of Demesne;Agrandir la taille du domaine;Ländereien vergrößern;Increase Size of Demesne;Aumentar el tamaño de la heredad;;;;;;;;;x
obj_increase_demesne_6_desc;[This.GetTitledFirstName] is not satisfied with the size of [This.GetHerHis] lands.;La taille de ses terres ne satisfait pas [This.GetTitledFirstName]. ;[This.GetTitledFirstName] ist nicht mit der größe der Länderreien von [This.GetHerHis] zufrieden.;[This.GetTitledFirstName] is not satisfied with the size of [This.GetHerHis] lands.;[This.GetTitledFirstName] no está satisfecho con el tamaño de sus tierras.;;;;;;;;;x
obj_increase_demesne_7_title;Increase Size of Demesne;Agrandir la taille du domaine;Ländereien vergrößern;Increase Size of Demesne;Aumentar el tamaño de la heredad;;;;;;;;;x
obj_increase_demesne_7_desc;[This.GetTitledFirstName] is not satisfied with the size of [This.GetHerHis] lands.;La taille de ses terres ne satisfait pas [This.GetTitledFirstName]. ;[This.GetTitledFirstName] ist nicht mit der größe der Länderreien von [This.GetHerHis] zufrieden.;[This.GetTitledFirstName] is not satisfied with the size of [This.GetHerHis] lands.;[This.GetTitledFirstName] no está satisfecho con el tamaño de sus tierras.;;;;;;;;;x
obj_increase_demesne_8_title;Increase Size of Demesne;Agrandir la taille du domaine;Ländereien vergrößern;Increase Size of Demesne;Aumentar el tamaño de la heredad;;;;;;;;;x
obj_increase_demesne_8_desc;[This.GetTitledFirstName] is not satisfied with the size of [This.GetHerHis] lands.;La taille de ses terres ne satisfait pas [This.GetTitledFirstName]. ;[This.GetTitledFirstName] ist nicht mit der größe der Länderreien von [This.GetHerHis] zufrieden.;[This.GetTitledFirstName] is not satisfied with the size of [This.GetHerHis] lands.;[This.GetTitledFirstName] no está satisfecho con el tamaño de sus tierras.;;;;;;;;;x
obj_increase_demesne_9_title;Increase Size of Demesne;Agrandir la taille du domaine;Ländereien vergrößern;Increase Size of Demesne;Aumentar el tamaño de la heredad;;;;;;;;;x
obj_increase_demesne_9_desc;[This.GetTitledFirstName] is not satisfied with the size of [This.GetHerHis] lands.;La taille de ses terres ne satisfait pas [This.GetTitledFirstName]. ;[This.GetTitledFirstName] ist nicht mit der größe der Länderreien von [This.GetHerHis] zufrieden.;[This.GetTitledFirstName] is not satisfied with the size of [This.GetHerHis] lands.;[This.GetTitledFirstName] no está satisfecho con el tamaño de sus tierras.;;;;;;;;;x
obj_five_children_title;Have Five Children;Avoir cinq enfants;Bekommen sie fünf Kinder;Have Five Children;Tener cinco hijos;;;;;;;;;x
obj_five_children_desc;[This.GetTitledFirstName] wants a large family and many children to carry on [This.GetHerHis] legacy.;[This.GetTitledFirstName] veut une grande famille et de nombreux enfants pour perpétuer sa lignée.;[This.GetTitledFirstName]will eine große Familie und viele Kinder um das Vermächtnis der [This.GetHerHis]fortzusetzen.;[This.GetTitledFirstName] wants a large family and many children to carry on [This.GetHerHis] legacy.;[This.GetTitledFirstName] quiere una gran familia y muchos niños para perpetuar su linaje.;;;;;;;;;x
obj_ten_children_title;Have Ten Children;Avoir dix enfants;Bekommen sie zehn Kinder;Have Ten Children;Tener diez hijos;;;;;;;;;x
obj_ten_children_desc;[This.GetTitledFirstName] wants a large family and many children to carry on [This.GetHerHis] legacy.;[This.GetTitledFirstName] veut une grande famille et de nombreux enfants pour perpétuer sa lignée.;[This.GetTitledFirstName]will eine große Familie und viele Kinder um das Vermächtnis der [This.GetHerHis]fortzusetzen.;[This.GetTitledFirstName] wants a large family and many children to carry on [This.GetHerHis] legacy.;[This.GetTitledFirstName] quiere una gran familia y muchos niños para perpetuar su linaje.;;;;;;;;;x
obj_fifteen_children_title;Have Fifteen Children;Avoir quinze enfants;Bekommen sie fünfzehn Kinder;Have Fifteen Children;Tener quince hijos;;;;;;;;;x
obj_fifteen_children_desc;[This.GetTitledFirstName] wants a large family and many children to carry on [This.GetHerHis] legacy.;[This.GetTitledFirstName] veut une grande famille et de nombreux enfants pour perpétuer sa lignée.;[This.GetTitledFirstName]will eine große Familie und viele Kinder um das Vermächtnis der [This.GetHerHis]fortzusetzen.;[This.GetTitledFirstName] wants a large family and many children to carry on [This.GetHerHis] legacy.;[This.GetTitledFirstName] quiere una gran familia y muchos niños para perpetuar su linaje.;;;;;;;;;x
obj_twenty_children_title;Have Twenty Children;Avoir vingt enfants;Bekommen sie zwanzig Kinder;Have Twenty Children;Tener veinte hijos;;;;;;;;;x
obj_twenty_children_desc;[This.GetTitledFirstName] wants a large family and many children to carry on [This.GetHerHis] legacy.;[This.GetTitledFirstName] veut une grande famille et de nombreux enfants pour perpétuer sa lignée.;[This.GetTitledFirstName]will eine große Familie und viele Kinder um das Vermächtnis der [This.GetHerHis]fortzusetzen.;[This.GetTitledFirstName] wants a large family and many children to carry on [This.GetHerHis] legacy.;[This.GetTitledFirstName] quiere una gran familia y muchos niños para perpetuar su linaje.;;;;;;;;;x
obj_find_lover_title;Fall in Love;Tomber amoureux;Legen Sie sich einen Liebhaber zu;Fall in Love;Enamorarse;;;;;;;;;x
obj_find_lover_desc;[This.GetTitledFirstName] desires romance and passion.;[This.GetTitledFirstName] veut de la romance et de la passion.;[This.GetTitledFirstName] wünscht sich die Romantik und die Leidenschaft einer Liebelei.;[This.GetTitledFirstName] desires romance and passion.;[This.GetTitledFirstName] desea romance y pasión.;;;;;;;;;x
obj_become_independent_title;Become Independent;Devenir indépendant;Werden Sie unabhängig;Become Independent;Convertirse en independiente;;;;;;;;;x
obj_become_independent_desc;[This.GetTitledFirstName] desires independence from [This.GetHerHis] tyrannical liege.;[This.GetTitledFirstName] souhaite acquérir son indépendance vis-à-vis de [This.GetHerHis] suzerain(e) tyrannique.;[This.GetTitledFirstName] verlangt unabhängigkeit von der Tyrannei [This.GetHerHis] .;[This.GetTitledFirstName] desires independence from [This.GetHerHis] tyrannical liege.;[This.GetTitledFirstName] desea independizarse de su tiránico señor.;;;;;;;;;x
war_of_independence;War of Independence;Guerre d'indépendance;Unabhängigkeitskrieg;War of Independence;Guerra de independencia;;;;;;;;;x
war_of_independence_desc;Freedom shall be ours!;La liberté est à nous !;Die Freiheit soll unser sein!;Freedom shall be ours!;La libertad será nuestra!;;;;;;;;;x
temple_tax_0;Minimal Faith Taxes;Taxes de la Foi minimales;Minimale Kirchensteuern;;Impuestos a la Fe mínimos;;;;;;;;;x
temple_tax_0_option;Min;Minimum;Minimal;;Mínimos;;;;;;;;;x
temple_tax_0_desc;Landed Priests are expected to make a minimal financial contribution to the greater good of the realm.;On attend une contribution financière minimale de la part des septons possessionnés pour le bien du Royaume.;Wie man erwartet, leisten Landpriester einen minimalen Finanzbeitrag zum größeren Nutzen des Bereichs.;;Esperamos una contribución financiera mínima por parte de los septones con tierras por el bien del Reino.;;;;;;;;;x
temple_tax_1;Small Faith Taxes;Impôts de la Foi faibles;Kleine Kirchensteuern;;Impuestos a la Fe pequeños;;;;;;;;;x
temple_tax_1_option;Small;Faibles;Klein;;Pequeños;;;;;;;;;x
temple_tax_1_desc;Landed Priests are expected to make a small financial contribution to the greater good of the realm.;On attend une faible contribution financière de la part des septons possessionnés pour le bien du Royaume.;Wie man erwartet, leisten Landpriester einen kleinen Finanzbeitrag zum größeren Nutzen des Bereichs.;;Esperamos una contribución financiera pequeña por parte de los septones con tierras por el bien del Reino.;;;;;;;;;x
temple_tax_2;Medium Faith Taxes;Impôts de la Foi normaux;Mittlere Kirchensteuern;;Impuestos a la Fe normales;;;;;;;;;x
temple_tax_2_option;Medium;Normaux;Mittel;;Normales;;;;;;;;;x
temple_tax_2_desc;Landed Priests are expected to make a moderate financial contribution to the greater good of the realm.;On attend une contribution financière normale de la part des septons possessionnés pour le bien du Royaume.;Wie man erwartet, leisten Landpriester einen gemäßigten Finanzbeitrag zum größeren Nutzen des Bereichs.;;Esperamos una contribución financiera normal por parte de los septones con tierras por el bien del Reino.;;;;;;;;;x
temple_tax_3;Large Faith Tax;Impôts de la Foi importants;Hohe Kirchensteuern;;Impuestos a la Fe altos;;;;;;;;;x
temple_tax_3_option;Large;Importants;Hoch;;Altos;;;;;;;;;x
temple_tax_3_desc;Landed Priests are expected to make a substantial financial contribution to the greater good of the realm.;On attend une contribution financière substantielle de la part des septons possessionnés pour le bien du Royaume.;Wie man erwartet, leisten Landpriester einen wesentlichen Finanzbeitrag zum größeren Nutzen des Bereichs.;;Esperamos una contribución financiera alta por parte de los septones con tierras por el bien del Reino.;;;;;;;;;x
temple_tax_4;Harsh Faith Tax;Impôts de la Foi lourds;Strenge Kirchensteuern;;Impuestos a la Fe severos;;;;;;;;;x
temple_tax_4_option;Harsh;Lourds;Streng;;Severos;;;;;;;;;x
temple_tax_4_desc;Landed Priests are expected to make a large financial contribution to the greater good of the realm.;On attend une contribution financière importante de la part des septons possessionnés pour le bien du Royaume.;Wie man erwartet, leisten Landpriester einen großen Finanzbeitrag zum größeren Nutzen des Bereichs.;;Esperamos una contribución financiera severa por parte de los septones con tierras por el bien del Reino.;;;;;;;;;x
city_tax_0;Minimal City Taxes;Impôts des villes minimaux;Minimale Stadtsteuern;;Impuestos de la villa mínimos;;;;;;;;;x
city_tax_0_option;Min;Minimum;Minimal;;Mínimos;;;;;;;;;x
city_tax_0_desc;The Burghers are expected to make a minimal financial contribution to the greater good of the realm.;On attend une contribution financière minimale de la part des bourgeois pour le bien du Royaume.;Wie man erwartet, leisten die Bürger einen minimalen Finanzbeitrag zum größeren Nutzen des Bereichs.;;Esperamos una contribución financiera mínima por parte de los burgueses por el bien del Reino.;;;;;;;;;x
city_tax_1;Small City Taxes;Impôts des villes faibles;Kleine Stadtsteuern;;Impuestos de la villa pequeños;;;;;;;;;x
city_tax_1_option;Small;Faibles;Klein;;Pequeños;;;;;;;;;x
city_tax_1_desc;The Burghers are expected to make a small financial contribution to the greater good of the realm.;On attend une faible contribution financière minimale de la part des bourgeois pour le bien du Royaume.;Wie man erwartet, leisten die Bürger einen kleinen Finanzbeitrag zum größeren Nutzen des Bereichs.;;Esperamos una contribución financiera pequeña por parte de los burgueses por el bien del Reino.;;;;;;;;;x
city_tax_2;Medium City Taxes;Impôts des villes normaux;Mittlere Stadtsteuern;;Impuestos de la villa normales;;;;;;;;;x
city_tax_2_option;Medium;Normaux;Mittel;;Normales;;;;;;;;;x
city_tax_2_desc;The Burghers are expected to make a moderate financial contribution to the greater good of the realm.;On attend une contribution financière normale de la part des bourgeois pour le bien du Royaume.;Wie man erwartet, leisten die Bürger einen gemäßigten Finanzbeitrag zum größeren Nutzen des Bereichs.;;Esperamos una contribución financiera normal por parte de los burgueses por el bien del Reino.;;;;;;;;;x
city_tax_3;Large City Tax;Impôts des villes importants.;Hohe Stadtsteuern;;Impuestos de la villa altos;;;;;;;;;x
city_tax_3_option;Large;Importants;Hoch;;Altos;;;;;;;;;x
city_tax_3_desc;The Burghers are expected to make a substantial financial contribution to the greater good of the realm.;On attend une contribution financière substantielle de la part des bourgeois pour le bien du Royaume.;Wie man erwartet, leisten die Bürger einen wesentlichen Finanzbeitrag zum größeren Nutzen des Bereichs.;;Esperamos una contribución financiera alta por parte de los burgueses por el bien del Reino.;;;;;;;;;x
city_tax_4;Harsh City Tax;Impôts des villes lourds;Strenge Stadtsteuern;;Impuestos de la villa severos;;;;;;;;;x
city_tax_4_option;Harsh;Lourds;Streng;;Severos;;;;;;;;;x
city_tax_4_desc;The Burghers are expected to make a large financial contribution to the greater good of the realm.;On attend une contribution financière importante de la part des bourgeois pour le bien du Royaume.;Die Bürger müssen für das allgemeine Wohl des Reichs einen großen finanziellen Beitrag leisten.;;Esperamos una contribución financiera severa por parte de los burgueses por el bien del Reino.;;;;;;;;;x
feudal_tax_0;Minimal Feudal Taxes;Impôts féodaux minimaux;Minimale Feudalsteuern;;Impuestos feudales mínimos;;;;;;;;;x
feudal_tax_0_option;Min;Minimum;Minimal;;Mínimos;;;;;;;;;x
feudal_tax_0_desc;Feudal Lords expected to make a minimal financial contribution to the greater good of the realm.;On attend une contribution financière minimale de la part des seigneurs féodaux pour le bien du Royaume.;Feudal Lords expected to make a minimal financial contribution to the greater good of the realm.;;Esperamos una contribución financiera mínima por parte de los señores feudales por el bien del Reino.;;;;;;;;;x
feudal_tax_1;Small Feudal Taxes;Impôts féodaux faibles;Kleine Feudalsteuern;;Impuestos feudales pequeños;;;;;;;;;x
feudal_tax_1_option;Small;Faibles;Klein;;Pequeños;;;;;;;;;x
feudal_tax_1_desc;Feudal Lords are expected to make a small financial contribution to the greater good of the realm.;On attend une faible contribution financière de la part des seigneurs féodaux pour le bien du Royaume.;Wie man erwartet, leisten Feudalherren einen kleinen Finanzbeitrag zum größeren Nutzen des Bereichs.;;Esperamos una contribución financiera pequeña por parte de los señores feudales por el bien del Reino.;;;;;;;;;x
feudal_tax_2;Medium Feudal Taxes;Impôts féodaux normaux;Mittlere Feudalsteuern;;Impuestos feudales normales;;;;;;;;;x
feudal_tax_2_option;Medium;Normaux;Mittel;;Normales;;;;;;;;;x
feudal_tax_2_desc;Feudal Lords are expected to make a moderate financial contribution to the greater good of the realm.;On attend une contribution financière normale de la part des seigneurs féodaux pour le bien du Royaume.;Wie man erwartet, leisten Feudalherren einen gemäßigten Finanzbeitrag zum größeren Nutzen des Bereichs.;;Esperamos una contribución financiera normal por parte de los señores feudales por el bien del Reino.;;;;;;;;;x
feudal_tax_3;Large Feudal Tax;Impôts féodaux importants;Hohe Feudalsteuern;;Impuestos feudales altos;;;;;;;;;x
feudal_tax_3_option;Large;Importants;Hoch;;Altos;;;;;;;;;x
feudal_tax_3_desc;Feudal Lords are expected to make a substantial financial contribution to the greater good of the realm.;On attend une contribution financière substantielle de la part des seigneurs féodaux pour le bien du Royaume.;Wie man erwartet, leisten Feudalherren einen wesentlichen Finanzbeitrag zum größeren Nutzen des Bereichs.;;Esperamos una contribución financiera alta por parte de los señores feudales por el bien del Reino.;;;;;;;;;x
feudal_tax_4;Harsh Feudal Tax;Impôts féodaux lourds;Strenge Feudalsteuern;;Impuestos feudales severos;;;;;;;;;x
feudal_tax_4_option;Harsh;Lourds;Streng;;Severos;;;;;;;;;x
feudal_tax_4_desc;Feudal Lords are expected to make a large financial contribution to the greater good of the realm.;On attend une contribution financière importante de la part des seigneurs féodaux pour le bien du Royaume.;Die Bürger müssen für das allgemeine Wohl des Reichs einen großen finanziellen Beitrag leisten.;;Esperamos una contribución financiera severa por parte de los señores feudales por el bien del Reino.;;;;;;;;;x
feudal_contract_0;Minimal Feudal Levies;Troupes féodales minimales;Minimale Feudalaushebungen;Minimal Feudal Levies;Levas feudales mínimas;;Minimal Feudal Levies;;;;;;;x
feudal_contract_0_option;Min;Minimum;Minimal;;Mínimas;;;;;;;;;x
feudal_contract_0_desc;Feudal Lords may retain their entire levies for themselves.;Les seigneurs féodaux peuvent conserver l'intégralité de leurs troupes pour eux-mêmes.;Feudalherren können ihre kompletten Erhebungen für sich selbst behalten.;;Los Señores Feudales pueden conservar la totalidad de sus levas.;;;;;;;;;x
feudal_contract_1;Small Feudal Levies;Troupes féodales faibles;Kleine Feudalaushebungen;;Levas feudales pequeñas;;;;;;;;;x
feudal_contract_1_option;Small;Faible;Klein;;Pequeñas;;;;;;;;;x
feudal_contract_1_desc;Feudal Lords may retain almost their entire levies for themselves.;Les seigneurs féodaux peuvent conserver la quasi-intégralité de leurs troupes pour eux-mêmes.;Feudalherren können fast ihre kompletten Erhebungen für sich selbst behalten.;;Los Señores Feudales pueden conservar casi la totalidad de sus levas.;;;;;;;;;x
feudal_contract_2;Medium Feudal Levies;Troupes féodales normales;Mittlere Feudalaushebungen;;Levas feudales normales;;;;;;;;;x
feudal_contract_2_option;Medium;Normales;Mittel;;Normales;;;;;;;;;x
feudal_contract_2_desc;Feudal Lords may retain the majority of their levies for themselves.;Les seigneurs féodaux peuvent conserver la majorité de leurs troupes pour eux-mêmes.;Feudalherren können die Mehrheit ihrer Erhebungen für sich selbst behalten.;;Los Señores Feudales pueden conservar la mayoría de sus levas.;;;;;;;;;x
feudal_contract_3;Large Feudal Levies;Troupes féodales importantes;Hohe Feudalaushebungen;;Levas feudales altas;;;;;;;;;x
feudal_contract_3_option;Large;Importantes;Hoch;;Altas;;;;;;;;;x
feudal_contract_3_desc;Feudal Lords may retain a significant portion of their levies for themselves.;Les seigneurs féodaux peuvent conserver une portion significative de leurs troupes pour eux-mêmes.;Feudalherren können einen bedeutenden Teil ihrer Erhebungen für sich selbst behalten.;;Los Señores Feudales pueden conservar una parte significativa de sus levas.;;;;;;;;;x
feudal_contract_4;Maximum Feudal Levies;Troupes féodales maximales;Maximale Feudalaushebungen;;Levas feudales máximas;;;;;;;;;x
feudal_contract_4_option;Max;Maximales;Maximal;;Máximas;;;;;;;;;x
feudal_contract_4_desc;Feudal Lords are obliged to provide a large portion of their levy.;Les seigneurs féodaux sont obligés de fournir une importante portion de leurs troupes.;Feudalherren sind verpflichtet, einen großen Teil ihrer Erhebung zur Verfügung zu stellen.;;Los Señores Feudales están obligados a ceder una parte importante de sus levas.;;;;;;;;;x
city_contract_0;Minimal City Levies;Troupes citadines minimales;Minimale Stadtaushebungen;Minimal City Levies;Levas de la villa mínimas;;Minimal City Levies;;;;;;;x
city_contract_0_option;Min;Minimales;Minimal;;Mínimas;;;;;;;;;x
city_contract_0_desc;The Burghers may retain their entire levies for themselves.;Les bourgeois peuvent conserver l'intégralité de leurs troupes pour eux-mêmes. ;Die Bürger können ihre kompletten Erhebungen für sich selbst behalten.;;Los burgueses pueden conservar la totalidad de sus levas.;;;;;;;;;x
city_contract_1;Small City Levies;Troupes citadines faibles;Kleine Stadtaushebungen;;Levas de la villa pequeñas;;;;;;;;;x
city_contract_1_option;Small;Faibles;Klein;;Pequeñas;;;;;;;;;x
city_contract_1_desc;The Burghers may retain almost their entire levies for themselves.;Les bourgeois peuvent conserver presque l'intégralité de leurs troupes pour eux-mêmes. ;Die Bürger können fast ihre kompletten Erhebungen für sich selbst behalten.;;Los burgueses pueden conservar casi la totalidad de sus levas.;;;;;;;;;x
city_contract_2;Medium City Levies;Troupes citadines normales;Mittlere Stadtaushebungen;;Levas de la villa normales;;;;;;;;;x
city_contract_2_option;Medium;Normales;Mittel;;Normales;;;;;;;;;x
city_contract_2_desc;The Burghers may retain the majority of their levies for themselves.;Les bourgeois peuvent conserver la majorité de leurs troupes pour eux-mêmes. ;Die Bürger können die Mehrheit ihrer Erhebungen für sich selbst behalten.;;Los burgueses pueden conservar la mayoría de sus levas.;;;;;;;;;x
city_contract_3;Large City Levies;Troupes citadines importantes;Hohe Stadtaushebungen;;Levas de la villa altas;;;;;;;;;x
city_contract_3_option;Large;Importantes;Hoch;;Altas;;;;;;;;;x
city_contract_3_desc;The Burghers may retain a significant portion of their levies for themselves.;Les bourgeois peuvent conserver une portion significative de leurs troupes pour eux-mêmes. ;Die Bürger können einen bedeutenden Teil ihrer Erhebungen für sich selbst behalten.;;Los burgueses pueden conservar una parte significativa de sus levas.;;;;;;;;;x
city_contract_4;Maximum City Levies;Troupes citadines maximales;Maximale Stadtaushebungen;;Levas de la villa máximas;;;;;;;;;x
city_contract_4_option;Max;Maximales;Maximal;;Máximas;;;;;;;;;x
city_contract_4_desc;The Burghers are obliged to provide a large portion of their levy.;Les bourgeois sont obligés de fournir une importante portion de leurs troupes.;Die Bürger sind verpflichtet, einen großen Teil ihrer Erhebung zur Verfügung zu stellen.;;Los burgueses están obligados a ceder una parte importante de sus levas.;;;;;;;;;x
temple_contract_0;Minimal Faith Levies;Troupes de la Foi minimales;Minimale Kirchaushebungen;Minimal Septs Levies;Levas de la Fe mínimas;;Minimal Septs Levies;;;;;;;x
temple_contract_0_option;Min;Minimales;Minimal;;Mínimas;;;;;;;;;x
temple_contract_0_desc;Landed Priests may retain their entire levies for themselves.;Les septons possessionnés peuvent conserver l'intégralité de leurs troupes pour eux-mêmes. ;Landpriester können ihre kompletten Erhebungen für sich selbst behalten.;;Los septones pueden conservar la totalidad de sus levas.;;;;;;;;;x
temple_contract_1;Small Faith Levies;Troupes de la Foi faibles;Kleine Kirchaushebungen;;Levas de la Fe pequeñas;;;;;;;;;x
temple_contract_1_option;Small;Faibles;Klein;;Pequeñas;;;;;;;;;x
temple_contract_1_desc;Landed Priests may retain almost their entire levies for themselves.;Les septons possessionnés peuvent conserver presque l'intégralité de leurs troupes pour eux-mêmes. ;Landpriester können fast ihre kompletten Erhebungen für sich selbst behalten.;;Los septones pueden conservar casi la totalidad de sus levas.;;;;;;;;;x
temple_contract_2;Medium Faith Levies;Troupes de la Foi normales;Mittlere Kircherhebungen;;Levas de la Fe normales;;;;;;;;;x
temple_contract_2_option;Medium;Normales;Mittel;;Normales;;;;;;;;;x
temple_contract_2_desc;Landed Priests may retain the majority of their levies for themselves.;Les septons possessionnés peuvent conserver la majorité de leurs troupes pour eux-mêmes. ;Landpriester können die Mehrheit ihrer Erhebungen für sich selbst behalten.;;Los septones pueden conservar la mayoría de sus levas.;;;;;;;;;x
temple_contract_3;Large Faith Levies;Troupes de la Foi importantes;Hohe Kirchaushebungen;;Levas de la Fe altas;;;;;;;;;x
temple_contract_3_option;Large;Importantes;Hoch;;Altas;;;;;;;;;x
temple_contract_3_desc;Landed Priests may retain a significant portion of their levies for themselves.;Les septons possessionnés peuvent conserver une portion importante de leurs troupes pour eux-mêmes. ;Landpriester können einen bedeutenden Teil ihrer Erhebungen für sich selbst behalten.;;Los septones pueden conservar una parte significativa de sus levas.;;;;;;;;;x
temple_contract_4;Maximum Faith Levies;Troupes de la Foi maximales;Maximale Kirchaushebungen;;Levas de la Fe máximas;;;;;;;;;x
temple_contract_4_option;Max;Maximales;Maximal;;Máximas;;;;;;;;;x
temple_contract_4_desc;Landed Priests are obliged to provide a large portion of their levy.;Les septons possessionnés sont obligés de fournir une importante portion de leurs troupes;Landpriester sind verpflichtet, einen großen Teil ihrer Erhebung zur Verfügung zu stellen.;;Los septones están obligados a ceder una parte importante de sus levas.;;;;;;;;;x
centralization_0;Autonomous Vassals;Vassaux autonomes;Autonome Vasallen;;Vasallos autónomos;;;;;;;;;x
centralization_0_option;Min;Minimum;Minimal;;Mínima;;;;;;;;;x
centralization_0_desc;Vassals are a law unto themselves, ruling their fiefs like petty kingdoms.;Les vassaux imposent leur loi et dirigent leurs fiefs comme s’il s’agissait de petits royaumes. Leurs obligations envers leur suzerain sont minimes.;Vasallen sind ihre eigenen Gesetzgeber und beherrschen ihre Lehen wie kleine Königreiche. Ihre Verpflichtungen ihrem Lehnsherrn gegenüber sind minimal.;;Los vasallos tienen sus propias leyes y gobiernan sus feudos como si fueran pequeños reinos. Sus obligaciones hacia su señor son mínimas.;;;;;;;;;x
centralization_1;Limited Realm Authority;Autorité de la couronne minimum;Einschränkte Kronautorität;;Autoridad de la Corona limitada;;;;;;;;;x
centralization_1_option;Low;Faible;Gering;;Baja;;;;;;;;;x
centralization_1_desc;Vassals enjoy a very large degree of autonomy.;Les vassaux jouissent d’une très grande autonomie, mais doivent fournir à leur suzerain des troupes.;Vasallen erfreuen sich sehr großer Autonomie, müssen ihrem Lehnsherrn aber ein ziemlich beträchtliches Wehrpflichtigenkontingent zur Verfügung stellen.;;Los vasallos gozan de mucha autonomía, pero tienen que proporcionar levas suficientes a su señor.;;;;;;;;;x
centralization_2;Medium Realm Authority;Autorité de la couronne intermédiaire;Moderate Kronautorität;;Autoridad de la Corona media;;;;;;;;;x
centralization_2_option;Medium;Intermédiaire;Moderat;;Media;;;;;;;;;x
centralization_2_desc;The powers of the nobility and the monarch are in precarious balance. Vassals can no longer wage private wars within the realm.;Les pouvoirs de la noblesse et du monarque reposent sur un équilibre précaire. Les vassaux ne peuvent plus livrer de guerres privées au sein du royaume.;Die Macht des Adels und des Monarchen liegen in einem prekären Gleichgewicht. Vasallen können keine Privatkriege innerhalb des Reichs führen.;;El poder de la nobleza y el del monarco están en precario equilibrio. Los vasallos ya no podrán declarar guerras en el reino.;;;;;;;;;x
centralization_3;High Realm Authority;Haute autorité de la couronne;Hohe Kronautorität;;Autoridad de la Corona alta;;;;;;;;;x
centralization_3_option;High;Haute;Hoch;;Alta;;;;;;;;;x
centralization_3_desc;The monarch has curbed the rights of the high nobility, relying instead on a budding bureaucracy led by the lesser nobility.;Le monarque a limité les droits de la haute noblesse, préférant s’appuyer sur une bureaucratie aux mains d’une noblesse de moindre naissance.;Der Monarch hat die Rechte des Hochadels beschränkt und verlässt sich mehr auf die aufkeimende, vom niederen Adel geführte Bürokratie.;;El monarca ha limitado los derechos de la alta nobleza y, en su lugar, confía en una burocracia en ciernes dirigida por la baja nobleza.;;;;;;;;;x
centralization_4;Absolute Realm Authority;Autorité de la couronne absolue;Absolute Kronautorität;;Autoridad de la Corona absoluta;;;;;;;;;x
centralization_4_option;Max;Maximum;Maximal;;Absoluta;;;;;;;;;x
centralization_4_desc;The Lords of the Realm are chafing under the unrestricted powers of the absolute monarch.;Les seigneurs du royaume doivent se plier aux pouvoirs illimités du monarque absolu.;Die Fürsten des Reichs haben gegen die uneingeschränkte Macht des absoluten Monarchen keine Chance.;;Los señores del reino deben plegarse a los poderes ilimitados del monarca absoluto.;;;;;;;;;x
obj_amass_wealth_1_title;Amass Wealth;Amasser des richesses;Reichtum anhäufen;;Acumular riqueza;;;;;;;;;x
obj_amass_wealth_1_desc;[This.GetTitledFirstName] wants to amass a substantial amount of wealth;[This.GetTitledFirstName] souhaite amasser de nombreuses richesses;[This.GetTitledFirstName] will großen Reichtum anhäufen;;[This.GetTitledFirstName] quiere acumular riqueza en abundancia.;;;;;;;;;x
obj_amass_wealth_2_title;Amass Wealth;Amasser des richesses;Reichtum anhäufen;;Acumular riqueza;;;;;;;;;x
obj_amass_wealth_2_desc;[This.GetTitledFirstName] wants to amass a substantial amount of wealth;[This.GetTitledFirstName] souhaite amasser de nombreuses richesses;[This.GetTitledFirstName] will großen Reichtum anhäufen;;[This.GetTitledFirstName] quiere acumular riqueza en abundancia.;;;;;;;;;x
obj_amass_wealth_3_title;Amass Wealth;Amasser des richesses;Reichtum anhäufen;;Acumular riqueza;;;;;;;;;x
obj_amass_wealth_3_desc;[This.GetTitledFirstName] wants to amass a substantial amount of wealth;[This.GetTitledFirstName] souhaite amasser de nombreuses richesses;[This.GetTitledFirstName] will großen Reichtum anhäufen;;[This.GetTitledFirstName] quiere acumular riqueza en abundancia.;;;;;;;;;x
obj_amass_wealth_4_title;Amass Wealth;Amasser des richesses;Reichtum anhäufen;;Acumular riqueza;;;;;;;;;x
obj_amass_wealth_4_desc;[This.GetTitledFirstName] wants to amass a substantial amount of wealth;[This.GetTitledFirstName] souhaite amasser de nombreuses richesses;[This.GetTitledFirstName] will großen Reichtum anhäufen;;[This.GetTitledFirstName] quiere acumular riqueza en abundancia.;;;;;;;;;x
obj_become_exalted_1_title;Become Exalted among Men;Devenir un exalté parmi les hommes;Vorbild für die Menschheit werden;;Ser glorificado entre los hombres;;;;;;;;;x
obj_become_exalted_1_desc;[This.GetTitledFirstName] wants [This.GetHerHis] name to live forever in the annals of history.;[This.GetTitledFirstName] veut que son nom figure à jamais dans les annales de l'Histoire.;[This.GetTitledFirstName] will, dass [This.GetHerHis] Name für immer in die Annalen der Geschichte eingeht.;;[This.GetTitledFirstName] quiere que su nombre viva para siempre en los anales de la historia.;;;;;;;;;x
obj_become_exalted_2_title;Become Exalted among Men;Devenir un exalté parmi les hommes;Vorbild für die Menschheit werden;;Ser glorificado entre los hombres;;;;;;;;;x
obj_become_exalted_2_desc;[This.GetTitledFirstName] wants [This.GetHerHis] name to live forever in the annals of history.;[This.GetTitledFirstName] veut que son nom figure à jamais dans les annales de l'Histoire.;[This.GetTitledFirstName] will, dass [This.GetHerHis] Name für immer in die Annalen der Geschichte eingeht.;;[This.GetTitledFirstName] quiere que su nombre viva para siempre en los anales de la historia.;;;;;;;;;x
obj_become_exalted_3_title;Become Exalted among Men;Devenir un exalté parmi les hommes;Vorbild für die Menschheit werden;;Ser glorificado entre los hombres;;;;;;;;;x
obj_become_exalted_3_desc;[This.GetTitledFirstName] wants [This.GetHerHis] name to live forever in the annals of history.;[This.GetTitledFirstName] veut que son nom figure à jamais dans les annales de l'Histoire.;[This.GetTitledFirstName] will, dass [This.GetHerHis] Name für immer in die Annalen der Geschichte eingeht.;;[This.GetTitledFirstName] quiere que su nombre viva para siempre en los anales de la historia.;;;;;;;;;x
obj_become_exalted_4_title;Become Exalted among Men;Devenir un exalté parmi les hommes;Vorbild für die Menschheit werden;;Ser glorificado entre los hombres;;;;;;;;;x
obj_become_exalted_4_desc;[This.GetTitledFirstName] wants [This.GetHerHis] name to live forever in the annals of history.;[This.GetTitledFirstName] veut que son nom figure à jamais dans les annales de l'Histoire.;[This.GetTitledFirstName] will, dass [This.GetHerHis] Name für immer in die Annalen der Geschichte eingeht.;;[This.GetTitledFirstName] quiere que su nombre viva para siempre en los anales de la historia.;;;;;;;;;x
revoke_law;Titles;Titres;Titel;;Títulos;;;;;;;;;x
revoke_law_0;Hereditary Titles;Titres héréditaires;Erbliche Titel;;Títulos hereditarios;;;;;;;;;x
revoke_law_0_option;Hered.;Héréd.;Erblich;;Hereditarios;;;;;;;;;x
revoke_law_0_desc;Vassal titles are hereditary, and cannot be revoked freely unless the ruler has a claim on them.;Les titres des vassaux sont héréditaires et ne peuvent être révoqués librement sauf si le souverain a une revendication sur eux. ;Vasall-Titel sind erblich, und können nicht frei widerrufen werden es sei denn, dass der Lehnsherr einen Anspruch auf ihnen hat.;;Los títulos de los vasallos son hereditarios, y no pueden ser revocados libremente a menos que el soberano tenga una reivindicación sobre ellos.;;;;;;;;;x
revoke_law_1;Appointed Titles;Titres appointés;Ernannte Titel;;Títulos designados;;;;;;;;;x
revoke_law_1_option;Appoint.;Appoint.;Ernannt;;Designados;;;;;;;;;x
revoke_law_1_desc;Vassal titles are appointed, and can be revoked freely, though the vassal may object.;Les titres des vassaux sont appointés et peuvent être révoqués librement, quoique le vassal puisse élever des objections. ;Vasall-Titel werden ernannt, und können frei widerrufen werden, obwohl der Vasall protestieren kann.;;Los títulos de los vasallos son designados, y pueden ser revocados libremente, aunque el vasallo puede formular objeciones.;;;;;;;;;x
plot_institute_hereditary_titles_title;Institute Hereditary Titles in [This.GetName];Instituer les titres héréditaires en [This.GetName];Errichten Sie Erbliche Titel in [This.GetName];Institute Hereditary Titles in [This.GetName];Instituir títulos hereditarios en [This.GetName];;;;;;;;;x
plot_institute_hereditary_titles_desc;[From.GetTitledFirstName] believes that [From.GetHerHis] titles should be hereditary.;[From.GetTitledFirstName] pense que ses titres devraient être héréditaires.;[From.GetTitledFirstName] glaubt das seine [From.GetHerHis] titles erblich sein sollten.;[From.GetTitledFirstName] believes that [From.GetHerHis] titles should be hereditary.;[From.GetTitledFirstName]  piensa que sus títulos deberían ser hereditarios.;;;;;;;;;x
plot_institute_hereditary_titles_decision;[Root.GetObjective];[Root.GetObjective];[Root.GetObjective];;[Root.GetObjective];;;;;;;;;x
plot_institute_hereditary_titles_decision_desc;Put the plot into motion by sending an ultimatum to [Root.PlotTarget.GetTitledName].;Initier le complot en envoyant un ultimatum à [Root.PlotTarget.GetTitledName].;Verschwörung durch Senden eines Ultimatums an [Root.PlotTarget.GetTitledName] in Bewegung setzen.;;Pon en marcha el complot enviando un ultimátum a [Root.PlotTarget.GetTitledName].;;;;;;;;;x
change_title_revoke_law_desc;§Y$CLAIMANT$§! can declare war to institute Hereditary Titles in the §Y$TITLE$§!;§Y$CLAIMANT$§! peut déclencher une guerre pour instituer les titres héréditaires en §Y$TITLE$§!;§Y$CLAIMANT$§! kann Krieg erklären um Erbliche Vasall-Titel in §Y$TITLE$§! zu schaffen;;§Y$CLAIMANT$§! puede declarar una guerra para instituir los títulos hereditarios en §Y$TITLE$§!;;;;;;;;;x
WAR_NAME_CHANGE_TITLE_REVOKE_LAW;$ORDER$$SECOND_ADJ$ Civil War to Institute Hereditary Titles;$ORDER$$SECOND_ADJ$ Guerre Civile pour instituer l'hérédité des titres. ;$ORDER$$SECOND_ADJ$er Bürgerkrieg um Erbliche Titel Zu schaffen.;;$ORDER$$SECOND_ADJ$ Guerra civil para instituir títulos hereditarios;;;;;;;;;x
CB_NAME_CHANGE_TITLE_REVOKE_LAW;Institute Hereditary Titles;Instituer les titres héréditaires;Erschaffen Sie Erbliche Titel;;Instituir títulos hereditarios;;;;;;;;;x
REVOKE_TITLE_INTERACTION_1;Revoke the §Y[ThirdPartyTitle.GetFullName]§W for §R100§W Prestige. This will lower §Y[Recipient.GetTitledFirstName]§W's opinion of you by §R$OPINION$§W, and your other vassals' by §R$OPINION2$§W.;Annuler le titre §Y[ThirdPartyTitle.GetFullName]§W contre §R100§W de prestige. Cela diminuera l’opinion qu’à §Y[Recipient.GetTitledFirstName]§W de vous de §R$OPINION$§W et celle de vos autres vassaux de §R$OPINION2$§W.;Den §Y[ThirdPartyTitle.GetFullName]§W für §R100§W Prestige entziehen. Dies wird §Y[Recipient.GetTitledFirstName]§Ws Meinung von Euch um §R$OPINION$§W verschlechtern, die Eurer Vasallen um §R$OPINION2$§W.;;Revocar el título de §Y[ThirdPartyTitle.GetFullName]§W a cambio de §R100§W de Prestigio. Este acto bajará la opinión que §Y[Recipient.GetTitledFirstName]§W tiene de ti en §R$OPINION$§W, y la del resto de vasallos en §R$OPINION2$§W.;;;;;;;;;x
REVOKE_TITLE_INTERACTION_2;Revoke the §Y[ThirdPartyTitle.GetFullName]§W for §R100§W Prestige. This will lower §Y[Recipient.GetTitledFirstName]§W's opinion of you by §R$OPINION$§W.;Annuler le titre §Y[ThirdPartyTitle.GetFullName]§W contre §R100§W de prestige. Cela diminuera l’opinion qu’à §Y[Recipient.GetTitledFirstName]§W de vous de §R$OPINION$§W.;Den §Y[ThirdPartyTitle.GetFullName]§W für §R100§W Prestige entziehen. Dies wird §Y[Recipient.GetTitledFirstName]§Ws Meinung von Euch um §R$OPINION$§W.;;Revoca el título de §Y[ThirdPartyTitle.GetFullName]§W a cambio de §R100§W de Prestigio. Este acto bajará la opinión que §Y[Recipient.GetTitledFirstName]§W tiene de ti en §R$OPINION$§W.;;;;;;;;;x
employment_timer;Recently employed a character;A récemment employé un personnage;Kürzlich angeworben;;Ha empleado recientemente un personaje;;;;;;;;;x
indulgence_timer;Recently bought an indulgence;A récemment acheté une indulgence;Kürzlich Ablass erworben;;Ha comprado una indulgencia recientemente;;;;;;;;;x
victory_timer;Recently victorious in a war;A récemment remporté une guerre;Kürzlich siegreich in einem Krieg;;Ha ganado una guerra recientemente;;;;;;;;;x
convert_province_timer;Recently converted a province;A récemment converti une province;Kürzlich eine Provinz konvertiert;;Ha convertido una provincia recientemente;;;;;;;;;x
capture_desc;§Y$CLAIMANT$§! can attempt to capture all malicious plotters in the realm of §Y$TARGET$§!.;§Y$CLAIMANT$§! peut tenter de capturer tous les malveillants comploteurs dans le Royaume de §Y$TARGET$§!.;§Y$CLAIMANT$§! kann versuchen, alle böswilligen Verschwörer im Reich von §Y$TARGET$§! Festzunehmen.;;§Y$CLAIMANT$§! puede intentar capturar a todos los conspiradores maliciosos del Reino §Y$TARGET$§!.;;;;;;;;;x
obj_adopt_a_lifestyle_title;Adopt a Lifestyle;Adopter un style de vie;Nehmen Sie einen Lebensstil an;Adopt a Lifestyle;Adoptar un estilo de vida;;;;;;;;;x
obj_adopt_a_lifestyle_desc;[This.GetTitledFirstName] wants an exciting hobby to pursue.;[This.GetTitledFirstName] veut avoir un loisir excitant.;[This.GetTitledFirstName] will, dass ein aufregendes Hobby fortfährt.;[This.GetTitledFirstName] wants an exciting hobby to pursue.;[This.GetTitledFirstName] quiere tener un pasatiempo emocionante.;;;;;;;;;x
obj_win_a_war_title;Win a War;Gagner une guerre;Einen Krieg gewinnen;Win a War;Ganar una guerra;;;;;;;;;x
obj_win_a_war_desc;[This.GetTitledFirstName] desires the glory and fame of a successful war.;[This.GetTitledFirstName] désire connaître la gloire d'une guerre victorieuse. ;[This.GetTitledFirstName] wünscht den Ruhm und die Berühmtheit eines erfolgreichen Krieges.;[This.GetTitledFirstName] desires the glory and fame of a successful war.;[This.GetTitledFirstName] desea la gloria y la fama ganando una guerra;;;;;;;;;x
obj_convert_a_province_title;Convert a Province;Convertir une province;Konvertieren Sie eine Provinz;Convert a Province;Convertir una provincia;;;;;;;;;x
obj_convert_a_province_desc;[This.GetTitledFirstName] wants to bring the true faith to the heathens of the realm.;[This.GetTitledFirstName] veut apporter la vrai foi aux païens et incroyants du Royaume. ;[This.GetTitledFirstName] will den wahren Glauben ins Reich bringen.;[This.GetTitledFirstName] wants to bring the true faith to the heathens of the realm.;[This.GetTitledFirstName] quiere aportar la verdadera fe a los paganos del Reino.;;;;;;;;;x
obj_gain_honorary_title_title;Gain Honorary Title;Recevoir un titre honorifique;Gewinnen Sie Ehrentitel;Gain Honorary Title;Recibir un título honorífico;;;;;;;;;x
obj_gain_honorary_title_desc;[This.GetTitledFirstName] wants recognition for [This.GetHerHis] loyal service by being appointed to an honorary office.;[This.GetTitledFirstName] souhaite voir ses loyaux services récompensés par l’obtention d’un titre honorifique. ;[This.GetTitledFirstName] möchte ansehen für seinen treuen Dienst an [This.GetHerHis] ;[This.GetTitledFirstName] wants recognition for [This.GetHerHis] loyal service by being appointed to an honorary office.;[This.GetTitledFirstName] desea ver sus leales servicios recompensados con un título honorífico.;;;;;;;;;x
obj_status_quo_title;No Ambition;Pas d'ambitions;Keine Ambition;No Ambition;Sin ambiciones;;;;;;;;;x
obj_status_quo_desc;[This.GetTitledFirstName] doesn't want anything in particular at the moment.;[This.GetTitledFirstName] ne veut rien de particulier pour le moment. ;[This.GetTitledFirstName] will nichts bestimmtes im Moment.;[This.GetTitledFirstName] doesn't want anything in particular at the moment.;[This.GetTitledFirstName] no quiere nada en particular en este momento.;;;;;;;;;x
CB_NAME_CAPTURE;Capture Plotters;Capturer les comploteurs;Verschwörer festnehmen;;Capturar a los conspiradores;;;;;;;;;x
WAR_NAME_CAPTURE;$ORDER$$FIRST_ADJ$ War to Capture Plotters;$ORDER$$FIRST_ADJ$ Guerre pour capturer les comploteurs;$ORDER$$FIRST_ADJ$er Krieg zur Festnahme der Verschwörer;;$ORDER$$FIRST_ADJ$ Guerra para capturar a los conspiradores;;;;;;;;;x
ca_culture_group_baltic_0;Warrior Cult;Culte guerrier;Kriegerkult;;Culto guerrero;;;;;;;;;x
loan_timer;Loan Taken;A fait un emprunt;Genommenes Darlehen;;Ha tomado un préstamo;;;;;;;;;x
loan_timer_desc;A loan will be due for repayment at the expiration date of this modifier.;Un emprunt devra être remboursé à la date d'expiration.;Ein Darlehn muss muss zur Zeit dieses Modifikators zurückgezahlt werden;;El préstamo debe ser reembolsado al vencimiento.;;;;;;;;;x
obj_break_out_of_prison_desc;[This.GetTitledFirstName] wants [This.GetHerHis] freedom back.;[This.GetTitledFirstName] veut recouvrer sa liberté.;[This.GetTitledFirstName] will die Freiheit von [This.GetHerHis] zurück.;[This.GetTitledFirstName] wants [This.GetHerHis] freedom back.;[This.GetTitledFirstName] quiere recuperar su libertad.;;;;;;;;;x
sanctioned_religious_invasion;Sanctioned Religious Invasion;A autorisé une invasion religieuse;Sanktionierte Religiöse Invasion;;Ha autorizado una invasión religiosa;;;;;;;;;x
sanctioned_holy_war;Sanctioned Holy War;A autorisé une guerre sainte;Sanktionierter Heiliger Krieg;;Ha autorizado una guerra santa;;;;;;;;;x
sanction_timer;Recently requested sanction;A récemment demandé une autorisation;Kürzlich erbetene Sanktion;;Ha pedido una autorización recientemente;;;;;;;;;x
war_sanction_granted;Sanction will be granted;Autorisation va être donnée;Sanktion wird gewährt;;La autorización será concedida;;;;;;;;;x
war_sanction_not_granted;Sanction will be refused;Autorisation va être refusée;Sanktion wird verweigert;;La autorización será denegada;;;;;;;;;x
request_holy_war_sanction;Request Sanction for Holy War;Demander une autorisation pour une Guerre Sainte;Sanktion für den Heiligen Krieg erbeten;;Pedir una autorización para una Guerra Santa;;;;;;;;;x
request_holy_war_sanction_desc;Request sanction to wage a Holy War from our head of religion. If granted, this will allow us to wage a Holy War without losing piety. A high piety and good relations will increase the chance of sanction being granted.;Demander une autorisation à notre chef religieux pour mener une Guerre Sainte. Si elle est accordée, cela nous permettra de déclencher une Guerre Sainte sans perdre de piété. Une haute piété et de bonnes relations augmenteront nos chances de voir l'autorisation accordée. ;Sanktion erbeten, um einen Heiligen Krieg zu führen. Wenn dies gewährt wird wird das uns erlauben, einen Heiligen Krieg zu führen, ohne Gläubigkeit zu verlieren. Eine hohe Gläubigkeit und gute Beziehungen werden die Chance der Sanktion vergrößern, die uns gewährt wurde.;;Pedir una autorización a nuestro jefe religioso para liderar una Guerra Santa. Si es concedida, nos permitirá declarar una Guerra Santa sin perder piedad. Una alta piedad y buenas relaciones aumentan las posibilidades de ver concedida la petición. ;;;;;;;;;x
mujahid;Mujahid;Combattant de la liberté;Mujahid;;Mujahid;;;;;;;;;x
mujahid_desc;This character is a veteran Mujahid.;Ce personnage est un combattant de la liberté vétéran;This character is a veteran Mujahid.;;Este personaje es un veterano Mujahid.;;;;;;;;;x
opinion_defending_liege;Loyal;Loyal;Loyal;;Leal;;;;;;;;;x
opinion_denied_title;Denied Title;A refusé un titre;Bestrittener Titel;;Título denegado;;;;;;;;;x
drunkard_death;from too much drinking;d'un excès de boisson;an übermäßigem Genuss geistiger Getränke;;por exceso de bebida;;;;;;;;;x
lunatic_death;from self inflicted wounds;de blessures volontaires;durch Selbstverstümmelung;;por lesiones autoinfligidas;;;;;;;;;x
DEATH_DUNGEON_NO_KILLER;died from complications during childbirth;mort(e) de complications durant l'accouchement;starb wegen Komplikationen während der Geburt;;muerto por complicaciones en el parto;;;;;;;;;x
regency;In Regency;Régence;Regentschaft;;Regencia;;;;;;;;;x
regency_desc;This character's realm is being ruled by a regent, a dangerous time during which vassals would jostle for power and influence over the monarch.;Le royaume de ce personnage est dirigé par un régent, une période dangereuse durant laquelle les vassaux se bousculent pour obtenir du monarque impuissant pouvoir et influence.;Das Reich wird von einem Regenten geführt, eine gefährliche Zeit, während derer die Vasallen auf Macht und Einfluss über den kraftlosen Monarchen drängen.;;El Reino de este personaje está dirigido por un regente, un periodo peligroso durante el cual los vasallos se disputan el poder para influir en el monarca.;;;;;;;;;x
regency_ai;In Regency;Régence;Regentschaft;;Regencia;;;;;;;;;x
regency_ai_desc;This character's realm is being ruled by a regent, a dangerous time during which vassals would jostle for power and influence over the monarch.;Le royaume de ce personnage est dirigé par un régent, une période dangereuse durant laquelle les vassaux se bousculent pour obtenir du monarque impuissant pouvoir et influence.;Das Reich wird von einem Regenten geführt, eine gefährliche Zeit, während derer die Vasallen auf Macht und Einfluss über den kraftlosen Monarchen drängen.;;El Reino de este personaje está dirigido por un regente, un periodo peligroso durante el cual los vasallos se disputan el poder para influir en el monarca.;;;;;;;;;x
CB_NAME_RESTORE_PAPACY;Restore the Papacy;Restaurer le Grand Septon.;Stellen Sie das Papsttum wieder her;;Restaurar el Septón Supremo;;;;;;;;;x
WAR_NAME_RESTORE_PAPACY;$ORDER$$FIRST_ADJ$ War to Restore the Papacy;$ORDER$$FIRST_ADJ$ Guerre pour restaurer le Grand Septon;;;$ORDER$$FIRST_ADJ$ Guerra para restaurar el Septón Supremo;;;;;;;;;x
holy_truce_timer;Truce;Trêve;Waffenruhe;;Tregua;;;;;;;;;x
holy_truce_timer_desc;This character cannot initiate or be the target of a war until this modifier wears off.;Ce personnage ne peut ni être à l'origine d'une guerre ni en être la cible jusqu'à ce que ce modificateur se dissipe.;This character cannot initiate or be the target of a war until this modifier wears off.;;Este personaje no puede iniciar ni ser el objetivo de una guerra hasta que este modificador desaparezca.;;;;;;;;;x
syphilitic_death;of Gonorrhea;de syphilis;am Tripper;;de gonorrea;;;;;;;;;x
syphilitic;Gonorrhea;Syphilis;Tripper;;Gonorrea;;;;;;;;;x
syphilitic_desc;This character suffers from the painful venereal plague known as Gonorrhea.;Ce personnage souffre de la douloureuse maladie vénérienne connue sous le nom de syphilis.;Dieser Charakter leidet unter der schmerzhaften venerischen als Tripper bekannten Plage.;;Este personaje sufre la dolorosa enfermedad venérea conocida como gonorrea.;;;;;;;;;x
nick_the_black;the Black;le Noir;der Schwarze;the Black;el Negro;;;;;;;;;x
opinion_defending_me;Came to my aid;Est venu à mon aide.;Kam mir zur Hilfe;Came to my aid;Acudió en mi ayuda;;;;;;;;;x
opinion_not_defending_me;Refused to aid me;A refusé de m'aider.;Lehnte ab, mir zu helfen;Refused to aid me;Rechazó ayudarme;;;;;;;;;x
other_claim_desc;This Casus Belli can be used by §Y$PRESSER$§! to press §Y$CLAIMANT$'s§! claim on the §Y$TITLE$§!.\n\n§Y$CLAIMANT$§! will become your vassal if one of the following conditions are true:\n- §Y$PRESSER$§! and §Y$CLAIMANT$§! are of the same dynasty.\n- The current holder of §Y$TITLE$§! is in the same realm as §Y$PRESSER$§!.\n- §Y$TITLE$§! is a lower rank than §Y$CLAIMANT$§!'s primary title.\n- §Y$PRESSER$§! is de jure liege of §Y$TITLE$§!.;Ce casus belli peut être utilisé par §Y$PRESSER$§! pour appuyer les revendications de §Y$CLAIMANT$§! sur §Y$TITLE$§!.\n\n§Y$CLAIMANT$§! deviendra votre vassal si l'une des conditions suivantes est vraie :\n- §Y$PRESSER$§! et §Y$CLAIMANT$§! appartiennent à la même dynastie.\n- L'actuel détenant de §Y$TITLE$§! est dans le même royaume que §Y$PRESSER$§!.\n- §Y$TITLE$§! est d'un rang plus bas que le principal titre de §Y$CLAIMANT$§!.\n- §Y$PRESSER$§! est souverain de jure de §Y$TITLE$§!.;This Casus Belli can be used by §Y$PRESSER$§! to press §Y$CLAIMANT$'s§! claim on the §Y$TITLE$§!.\n\n§Y$CLAIMANT$§! will become your vassal if one of the following conditions are true:\n- §Y$PRESSER$§! and §Y$CLAIMANT$§! are of the same dynasty.\n- The current holder of §Y$TITLE$§! is in the same realm as §Y$PRESSER$§!.\n- §Y$TITLE$§! is a lower rank than §Y$CLAIMANT$§!'s primary title.\n- §Y$PRESSER$§! is de jure liege of §Y$TITLE$§!.;;Este casus belli puede ser utilizado por §Y$PRESSER$§! para apoyar la reivindicación de §Y$CLAIMANT$§! sobre §Y$TITLE$§!.\n\n§Y$CLAIMANT$§! se convertirá en tu vasallo si una de estas condiciones es verdad: \n- §Y$PRESSER$§! y §Y$CLAIMANT$§! pertenecen a la misma dinastía.\n- El actual poseedor de §Y$TITLE$§! está en el mismo reino que §Y$PRESSER$§!.\n- §Y$TITLE$§! es de menor rango que el título principal de §Y$CLAIMANT$§!.\n- §Y$PRESSER$§! es Señor de jure de §Y$TITLE$§!.;;;;;;;;;x
peasant_obstructionism;Peasant Obstructionism;Obstructionnisme de paysans;Bauer Obstruktionismus;;Obstruccionismo campesino;;;;;;;;;x
obj_befriend_top_liege_title;Befriend [This.TopLiege.GetTitledFirstName];Être ami avec [This.TopLiege.GetTitledFirstName];Freundschaft mit [This.TopLiege.GetTitledFirstName];;Ser amigo de [This.TopLiege.GetTitledFirstName];;;;;;;;;x
obj_befriend_top_liege_desc;[This.GetTitledFirstName] wants to show [This.GetHerHis] loyalty and devotion to [This.TopLiege.GetTitledFirstName].;[This.GetTitledFirstName] veut démontrer sa loyauté et sa dévotion envers [This.TopLiege.GetTitledFirstName].;[This.GetTitledFirstName] wants to show [This.GetHerHis] loyalty and devotion to [This.TopLiege.GetTitledFirstName].;;[This.GetTitledFirstName] quiere demostrar su lealtad y devoción a [This.TopLiege.GetTitledFirstName].;;;;;;;;;x
obj_befriend_liege_title;Befriend [This.Liege.GetTitledFirstName];Être ami avec [This.Liege.GetTitledFirstName];Freundschaft mit [This.Liege.GetTitledFirstName];;Ser amigo de [This.Liege.GetTitledFirstName];;;;;;;;;x
obj_befriend_liege_desc;[This.GetTitledFirstName] wants to show [This.GetHerHis] loyalty and devotion to [This.Liege.GetTitledFirstName].;[This.GetTitledFirstName] veut démontrer sa loyauté et sa dévotion envers [This.Liege.GetTitledFirstName]. ;[This.GetTitledFirstName] wants to show [This.GetHerHis] loyalty and devotion to [This.Liege.GetTitledFirstName].;;[This.GetTitledFirstName] quiere demostrar su lealtad y devoción a [This.Liege.GetTitledFirstName]. ;;;;;;;;;x
obj_befriend_relhead_title;Befriend [This.RelHead.GetTitledFirstName];Être ami avec [This.RelHead.GetTitledFirstName];Freundschaft mit [This.RelHead.GetTitledFirstName];;Ser amigo de [This.RelHead.GetTitledFirstName];;;;;;;;;x
obj_befriend_relhead_desc;[This.GetTitledFirstName] wants to show [This.GetHerHis] loyalty and devotion to [This.RelHead.GetTitledFirstName].;[This.GetTitledFirstName] veut démontrer sa loyauté et sa dévotion envers [This.RelHead.GetTitledFirstName].;[This.GetTitledFirstName] wants to show [This.GetHerHis] loyalty and devotion to [This.RelHead.GetTitledFirstName].;;[This.GetTitledFirstName] quiere demostrar su lealtad y devoción a [This.RelHead.GetTitledFirstName].;;;;;;;;;x
opinion_prisoner_died;Death of Prisoner;Mort du prisonnier.;Tod eines Gefangenen;;Muerte del prisionero;;;;;;;;;x
employ_concubine;Take Lover as a [From.GetMyConsortNameCap];Prendre une amante comme concubine.;Konkubine anheuern;;Tomar una amante como concubina.;;;;;;;;;x
employ_concubine_desc;Many rulers keep harems of multiple women to ensure the continuation of their line. [From.GetMyConsortNameCap]s may bear the ruler's legitimate children.;Les souverains orientaux ont des harems avec de nombreuses femmes pour assurer la continuité de leur lignée. Les Concubines vont porter les enfants légitimes du souverain.;Muslimischen Herrscher hielten Hareme von mehreren Frauen, um die Fortsetzung ihrer Linie zu gewährleisten. Konkubinen tragen die legitime Kinder des Herrschers;;Soberanos orientales tienen harenes con numerosas mujeres para asegurar la continuidad de su linaje. Las concubinas tendrán hijos legítimos del soberano.;;;;;;;;;x
APPOINT_REGENTS_ON;You can now wage De Jure wars without a Ducal claim.\n;Vous pouvez maintenant mener des guerres de jure sans une revendication ducale.\n;De Jure-Krieg können ohne Gebietsanspruch erklärt werden\n;;Ahora puedes liderar guerras de jure sin una reivindicación de Gran Señorío.\n;;;;;;;;;x
APPOINT_REGENTS_OFF;You can no longer wage De Jure wars without a Ducal claim.\n;Vous ne pouvez plus mener de guerre de jure sans revendication ducale.\n;De Jure-Krieg können nicht ohne Gebietsanspruch erklärt werden\n;;Ya no puedes liderar guerras de jure sin una reivindicación de Gran Señorío.\n;;;;;;;;;x
TECH_CASTLES;Logistics;Logistique;Logistik;;Logística;;;;;;;;;x
TECH_CASTLES_DESC;Higher supply limits for your troops;Limites de ravitaillements supplémentaires pour vos armées;Höhere Grenzwerte für die Versorgung Ihrer Truppen;;Límite de suministros suplementarios para tus tropas.;;;;;;;;;x
DIPLO_OF_POPE;Base;Base;Basis;;Base;;;;;;;;;x
recent_civil_war;Recent Civil War;Guerre civile récente.;Kürzliches Bürgerkrieg;;Guerra civil reciente;;;;;;;;;x
recent_civil_war_desc;This character has recently been in a civil war, and their vassals are unlikely to start another for some time.;Ce personnage a récemment été impliqué dans une guerre civile, et il est improbable que ses vassaux en déclenchent une nouvelle avant quelques temps.;Dieser Charakter war schon kürzlich in einem Bürgerkrieg und seine Vasallen sind unwahrscheinlich eine Neue zu starten für einige Zeit.;;Este personaje ha estado recientemente implicado en una guerra civil, y es poco probable que sus vasallos declaren una nueva en cierto tiempo.;;;;;;;;;x
tyrant;Tyranny;Tyrannie;;;Tiranía;;;;;;;;;x
tyrant1;Tyrant;Tyran;Tyrann;;Tirano;;;;;;;;;x
tyrant1_desc;This character has a reputation for disregarding the rights of their vassals.\n\nTyranny decays at a rate of §Y5§! every §Y5§! years;Ce personnage a la réputation de négliger les droits de ses vassaux.\n\nLa tyrannie décroît de §Y5§! tous les §Y5§! ans;Dieser Charakter ist bekannt für die Mißachtung der Rechte seiner Vasallen.;;Este personaje tiene una reputación por despreciar los derechos de sus vasallos;;;;;;;;;x
tyrant2;Tyrant;Tyran;Tyrann;;Tirano;;;;;;;;;x
tyrant2_desc;This character has a reputation for disregarding the rights of their vassals.\n\nTyranny decays at a rate of §Y5§! every §Y5§! years;Ce personnage a la réputation de négliger les droits de ses vassaux.\n\nLa tyrannie décroît de §Y5§! tous les §Y5§! ans;Dieser Charakter ist bekannt für die Mißachtung der Rechte seiner Vasallen.;;Este personaje tiene una reputación por despreciar los derechos de sus vasallos;;;;;;;;;x
tyrant3;Tyrant;Tyran;Tyrann;;Tirano;;;;;;;;;x
tyrant3_desc;This character has a reputation for disregarding the rights of their vassals.\n\nTyranny decays at a rate of §Y5§! every §Y5§! years;Ce personnage a la réputation de négliger les droits de ses vassaux.\n\nLa tyrannie décroît de §Y5§! tous les §Y5§! ans;Dieser Charakter ist bekannt für die Mißachtung der Rechte seiner Vasallen.;;Este personaje tiene una reputación por despreciar los derechos de sus vasallos;;;;;;;;;x
tyrant4;Tyrant;Tyran;Tyrann;;Tirano;;;;;;;;;x
tyrant4_desc;This character has a reputation for disregarding the rights of their vassals.\n\nTyranny decays at a rate of §Y5§! every §Y5§! years;Ce personnage a la réputation de négliger les droits de ses vassaux.\n\nLa tyrannie décroît de §Y5§! tous les §Y5§! ans;Dieser Charakter ist bekannt für die Mißachtung der Rechte seiner Vasallen.;;Este personaje tiene una reputación por despreciar los derechos de sus vasallos;;;;;;;;;x
tyrant5;Tyrant;Tyran;Tyrann;;Tirano;;;;;;;;;x
tyrant5_desc;This character has a reputation for disregarding the rights of their vassals.\n\nTyranny decays at a rate of §Y5§! every §Y5§! years;Ce personnage a la réputation de négliger les droits de ses vassaux.\n\nLa tyrannie décroît de §Y5§! tous les §Y5§! ans;Dieser Charakter ist bekannt für die Mißachtung der Rechte seiner Vasallen.;;Este personaje tiene una reputación por despreciar los derechos de sus vasallos;;;;;;;;;x
tyrant6;Tyrant;Tyran;Tyrann;;Tirano;;;;;;;;;x
tyrant6_desc;This character has a reputation for disregarding the rights of their vassals.\n\nTyranny decays at a rate of §Y5§! every §Y5§! years;Ce personnage a la réputation de négliger les droits de ses vassaux.\n\nLa tyrannie décroît de §Y5§! tous les §Y5§! ans;Dieser Charakter ist bekannt für die Mißachtung der Rechte seiner Vasallen.;;Este personaje tiene una reputación por despreciar los derechos de sus vasallos;;;;;;;;;x
tyrant7;Tyrant;Tyran;Tyrann;;Tirano;;;;;;;;;x
tyrant7_desc;This character has a reputation for disregarding the rights of their vassals.\n\nTyranny decays at a rate of §Y5§! every §Y5§! years;Ce personnage a la réputation de négliger les droits de ses vassaux.\n\nLa tyrannie décroît de §Y5§! tous les §Y5§! ans;Dieser Charakter ist bekannt für die Mißachtung der Rechte seiner Vasallen.;;Este personaje tiene una reputación por despreciar los derechos de sus vasallos;;;;;;;;;x
tyrant8;Tyrant;Tyran;Tyrann;;Tirano;;;;;;;;;x
tyrant8_desc;This character has a reputation for disregarding the rights of their vassals.\n\nTyranny decays at a rate of §Y5§! every §Y5§! years;Ce personnage a la réputation de négliger les droits de ses vassaux.\n\nLa tyrannie décroît de §Y5§! tous les §Y5§! ans;Dieser Charakter ist bekannt für die Mißachtung der Rechte seiner Vasallen.;;Este personaje tiene una reputación por despreciar los derechos de sus vasallos;;;;;;;;;x
tyrant9;Tyrant;Tyran;Tyrann;;Tirano;;;;;;;;;x
tyrant9_desc;This character has a reputation for disregarding the rights of their vassals.\n\nTyranny decays at a rate of §Y5§! every §Y5§! years;Ce personnage a la réputation de négliger les droits de ses vassaux.\n\nLa tyrannie décroît de §Y5§! tous les §Y5§! ans;Dieser Charakter ist bekannt für die Mißachtung der Rechte seiner Vasallen.;;Este personaje tiene una reputación por despreciar los derechos de sus vasallos;;;;;;;;;x
tyrant10;Tyrant;Tyran;Tyrann;;Tirano;;;;;;;;;x
tyrant10_desc;This character has a reputation for disregarding the rights of their vassals.\n\nTyranny decays at a rate of §Y5§! every §Y5§! years;Ce personnage a la réputation de négliger les droits de ses vassaux.\n\nLa tyrannie décroît de §Y5§! tous les §Y5§! ans;Dieser Charakter ist bekannt für die Mißachtung der Rechte seiner Vasallen.;;Este personaje tiene una reputación por despreciar los derechos de sus vasallos;;;;;;;;;x
tyrant11;Tyrant;Tyran;Tyrann;;Tirano;;;;;;;;;x
tyrant11_desc;This character has a reputation for disregarding the rights of their vassals.\n\nTyranny decays at a rate of §Y5§! every §Y5§! years;Ce personnage a la réputation de négliger les droits de ses vassaux.\n\nLa tyrannie décroît de §Y5§! tous les §Y5§! ans;Dieser Charakter ist bekannt für die Mißachtung der Rechte seiner Vasallen.;;Este personaje tiene una reputación por despreciar los derechos de sus vasallos;;;;;;;;;x
tyrant12;Tyrant;Tyran;Tyrann;;Tirano;;;;;;;;;x
tyrant12_desc;This character has a reputation for disregarding the rights of their vassals.\n\nTyranny decays at a rate of §Y5§! every §Y5§! years;Ce personnage a la réputation de négliger les droits de ses vassaux.\n\nLa tyrannie décroît de §Y5§! tous les §Y5§! ans;Dieser Charakter ist bekannt für die Mißachtung der Rechte seiner Vasallen.;;Este personaje tiene una reputación por despreciar los derechos de sus vasallos;;;;;;;;;x
tyrant13;Tyrant;Tyran;Tyrann;;Tirano;;;;;;;;;x
tyrant13_desc;This character has a reputation for disregarding the rights of their vassals.\n\nTyranny decays at a rate of §Y5§! every §Y5§! years;Ce personnage a la réputation de négliger les droits de ses vassaux.\n\nLa tyrannie décroît de §Y5§! tous les §Y5§! ans;Dieser Charakter ist bekannt für die Mißachtung der Rechte seiner Vasallen.;;Este personaje tiene una reputación por despreciar los derechos de sus vasallos;;;;;;;;;x
tyrant14;Tyrant;Tyran;Tyrann;;Tirano;;;;;;;;;x
tyrant14_desc;This character has a reputation for disregarding the rights of their vassals.\n\nTyranny decays at a rate of §Y5§! every §Y5§! years;Ce personnage a la réputation de négliger les droits de ses vassaux.\n\nLa tyrannie décroît de §Y5§! tous les §Y5§! ans;Dieser Charakter ist bekannt für die Mißachtung der Rechte seiner Vasallen.;;Este personaje tiene una reputación por despreciar los derechos de sus vasallos;;;;;;;;;x
tyrant15;Tyrant;Tyran;Tyrann;;Tirano;;;;;;;;;x
tyrant15_desc;This character has a reputation for disregarding the rights of their vassals.\n\nTyranny decays at a rate of §Y5§! every §Y5§! years;Ce personnage a la réputation de négliger les droits de ses vassaux.\n\nLa tyrannie décroît de §Y5§! tous les §Y5§! ans;Dieser Charakter ist bekannt für die Mißachtung der Rechte seiner Vasallen.;;Este personaje tiene una reputación por despreciar los derechos de sus vasallos;;;;;;;;;x
tyrant16;Tyrant;Tyran;Tyrann;;Tirano;;;;;;;;;x
tyrant16_desc;This character has a reputation for disregarding the rights of their vassals.\n\nTyranny decays at a rate of §Y5§! every §Y5§! years;Ce personnage a la réputation de négliger les droits de ses vassaux.\n\nLa tyrannie décroît de §Y5§! tous les §Y5§! ans;Dieser Charakter ist bekannt für die Mißachtung der Rechte seiner Vasallen.;;Este personaje tiene una reputación por despreciar los derechos de sus vasallos;;;;;;;;;x
tyrant17;Tyrant;Tyran;Tyrann;;Tirano;;;;;;;;;x
tyrant17_desc;This character has a reputation for disregarding the rights of their vassals.\n\nTyranny decays at a rate of §Y5§! every §Y5§! years;Ce personnage a la réputation de négliger les droits de ses vassaux.\n\nLa tyrannie décroît de §Y5§! tous les §Y5§! ans;Dieser Charakter ist bekannt für die Mißachtung der Rechte seiner Vasallen.;;Este personaje tiene una reputación por despreciar los derechos de sus vasallos;;;;;;;;;x
tyrant18;Tyrant;Tyran;Tyrann;;Tirano;;;;;;;;;x
tyrant18_desc;This character has a reputation for disregarding the rights of their vassals.\n\nTyranny decays at a rate of §Y5§! every §Y5§! years;Ce personnage a la réputation de négliger les droits de ses vassaux.\n\nLa tyrannie décroît de §Y5§! tous les §Y5§! ans;Dieser Charakter ist bekannt für die Mißachtung der Rechte seiner Vasallen.;;Este personaje tiene una reputación por despreciar los derechos de sus vasallos;;;;;;;;;x
tyrant19;Tyrant;Tyran;Tyrann;;Tirano;;;;;;;;;x
tyrant19_desc;This character has a reputation for disregarding the rights of their vassals.\n\nTyranny decays at a rate of §Y5§! every §Y5§! years;Ce personnage a la réputation de négliger les droits de ses vassaux.\n\nLa tyrannie décroît de §Y5§! tous les §Y5§! ans;Dieser Charakter ist bekannt für die Mißachtung der Rechte seiner Vasallen.;;Este personaje tiene una reputación por despreciar los derechos de sus vasallos;;;;;;;;;x
tyrant20;Tyrant;Tyran;Tyrann;;Tirano;;;;;;;;;x
tyrant20_desc;This character has a reputation for disregarding the rights of their vassals.\n\nTyranny decays at a rate of §Y5§! every §Y5§! years;Ce personnage a la réputation de négliger les droits de ses vassaux.\n\nLa tyrannie décroît de §Y5§! tous les §Y5§! ans;Dieser Charakter ist bekannt für die Mißachtung der Rechte seiner Vasallen.;;Este personaje tiene una reputación por despreciar los derechos de sus vasallos;;;;;;;;;x
tyrannical_stain;Tyrannical Stain;Souillure de la tyrannie;;;Mancha Tiránica;;;;;;;;;x
tyrannical_stain_desc;This character's predecessors were known for disregarding the rights of their vassals, and so is treated with suspicion. They will branded a tyrant for even a single mistake.\n\nTyranny decays at a rate of §Y5§! every §Y5§! Years;Les ancêtres de ce personnage sont connus pour avoir bafoué les droits de leur vassaux, il est donc traité avec méfiance. Il sera taxé de tyran à la moindre erreur.\n\nLa tyrannie décroît de §Y5§! tous les §Y5§! Ans;;;Los predecesores de este personaje eran conocidos por no respetar los derechos de sus vasallos, y por ello lo ven con desconfianza. Será considerado un tirano por un solo error.;;;;;;;;;x
#EVTDESC62500;I was captured during the siege of [From.GetName] by [From.GetTitledName] and am now [From.GetHerHis] prisoner.;J'ai été capturé(e) durant le siège de [From.GetName] par [From.GetTitledName] et je suis maintenant son(a) prisonnier(e).;;;He sido capturado durante el asedio de [From.GetName] por [From.GetTitledName] y ahora soy su prisionero.;;;;;;;;;x
#EVTOPTA62500;Argh!;Argh !;;;Argh!;;;;;;;;;x
#EVTDESC62501;[From.GetTitledName] was captured during the siege of [FromFrom.GetName] and is now my prisoner.;[From.GetTitledName] a été capturé(e) durant le siège de [FromFrom.GetName] et est maintenant mon(a) prisonnier(e).;;;[From.GetTitledName] ha sido capturado durante el asedio de [FromFrom.GetName] y ahora es mi prisionero.;;;;;;;;;x
#EVTOPTA62501;Good news!;Bonne nouvelle !;;;Buenas noticias!;;;;;;;;;x
EVTDESC110065;Who am I rebelling against, exactly?;Contre qui je me rebelle, exactement ? ;Gegen wem rebelle ich nun?;;Contra quién me estoy rebelando, exactamente? ;;;;;;;;;x
EVTOPTA110065;Good question...;Bonne question…;Gute Frage...;;Buena pregunta...;;;;;;;;;x
EVTDESC1061001;To the feeble [Root.GetTitledName]\n\nThe undefeatable armies of the [From.PrimaryTitle.GetName] are at your borders. Submit, and you shall be allowed to live and rule your lands as my vassal. Resist, and I will burn your cities, enslave your people and see your head mounted on a pike outside my tent.\n\nYour lord and master, [From.GetTitledFirstName];Au faible [Root.GetTitledName]\n\nLes imbattables armées de [From.PrimaryTitle.GetName] sont massées à vos frontières. Soumettez-vous, et vous serez autorisé(e) à rester en vie et à gouverner vos terres comme mon vassal. Résistez et je brûlerai vos villes, asservirai vos gens et mettrai votre tête au bout d'une pique avant de la planter devant mon pavillon.\n\nVotre seigneur et maître, [From.GetTitledFirstName];An dem schwachen [Root.GetTitledName]\n\nDie unbesiegbaren Armeen der [From.PrimaryTitle.GetName] sind an Ihre Grenzen gesammelt. Ergebe, und Sie dürfen leben und Ihre Ländereien regieren als mein Vasall. Widerstehe, und ich werde eure Städte verbrennen, dein Volk versklaven, und dazu sehen das Ihren Kopf vor meinem Zelt auf einem Spieß montiert wird. \n\nDein Herr und Meister, [From.GetTitledFirstName];;Al débil [Root.GetTitledName]\n\nLos ejércitos imbatibles de [From.PrimaryTitle.GetName] están en vuestras fronteras. Someteos, y se os permitirá seguir con vida y gobernar vuestras tierras como mi vasallo. Resistios y quemaré vuestras ciudades, esclavizaré a vuestro pueblo y pondré vuestra cabeza en una pica delante de mi tienda.\n\nVuestro señor, [From.GetTitledFirstName];;;;;;;;;x
EVTOPTA1061001;Submit to [From.GetTitledFirstName];Se soumettre à [From.GetTitledFirstName];An [From.GetTitledFirstName] nachgeben;;Se someterá a [From.GetTitledFirstName];;;;;;;;;x
EVTOPTB1061001;I would rather die!;Je préfèrerais mourir !;Ich würde lieber sterben!;;Preferiría morir!;;;;;;;;;x
EVTDESC110063;Who am I being a loyalist towards exactly?;Envers qui suis-je loyal, exactement ?;Wem bin genau bin ich loyalistisch angelehnt?;;A quién soy leal, exactamente?;;;;;;;;;x
EVTOPTA110063;I don't feel like a loyalist anymore;J’ai perdu mes convictions de loyaliste;Ich glaube, dass ich ein Loyalist nicht mehr bin.;;He perdido mi convicción de lealista;;;;;;;;;x
EVTDESC110064;Who am I rebelling towards exactly?;Contre qui je me rebelle, exactement? ;Gegen wem rebelle ich nun?;;Para quién me estoy rebelando, exactamente? ;;;;;;;;;x
EVTOPTA110064;I don't feel like a rebel anymore;J’ai perdu mes convictions de rebelle;Ich glaube, dass ich ein Rebell nich mehr bin.;;He perdido mi convicción de rebelde;;;;;;;;;x
EVTDESCplot_events_CK2plus.4;My co-conspirators send word that they have prepared everything we need to discredit [Root.PlotTarget.GetTitledFirstName]. Documents of [Root.PlotTarget.GetHerHis] corruption have been prepared, and courtiers have been bribed to whisper to [Root.Liege.GetTitledFirstName] of [Root.PlotTarget.GetHerHis]'s incompetence. With [Root.PlotTarget.GetHerHis] reputation in tatters, [Root.PlotTarget.GetTitledFirstName] will find it impossible to hold on to [Root.PlotTarget.GetHerHis] position on the council.;Mes co-conspirateurs m'ont informé qu'ils avaient préparé tout ce dont nous avions besoin pour discréditer [Root.PlotTarget.GetTitledFirstName]. Les documents prouvant sa corruption ont été préparé et des courtisans ont été corrompus pour chuchoter des rumeurs sur son incompétence aux d'oreille de [Root.Liege.GetTitledFirstName]. Avec sa réputation en lambeaux, il sera impossible pour [Root.PlotTarget.GetTitledFirstName] de conserver sa position au conseil.;Meine Mitverschwörer senden wort, dass sie alles das wir brauchen, um [Root.PlotTarget.GetTitledFirstName] zu diskreditieren haben. Dokumente um [Root.PlotTarget.GetHerHis] Korruption dar zu legen wurden hergestellt und Höflinge wurden bestochen an [Root.Liege.GetTitledFirstName] zu flüstern von [Root.PlotTarget.GetHerHis]'s Inkompetenz . Mit [Root.PlotTarget.GetHerHis] Ruf in Fetzen, wird [Root.PlotTarget.GetTitledFirstName] es unmöglich finden um [Root.PlotTarget.GetHerHis] Position auf dem Konzil zu halten.;;Mis cómplices me han informado que tenían todo preparado para desacreditar a [Root.PlotTarget.GetTitledFirstName]. Los documentos que demuestran su corrupción estaban preparados y los cortesanos habían sido sobornados por el Consejero de los Rumores de  [Root.Liege.GetTitledFirstName]. Con su reputación por los suelos, le será imposible conservar su puesto en el Consejo.;;;;;;;;;x
EVTOPTAplot_events_CK2plus.4;That position will be mine!;Cette position sera mienne !;Der Position wird mir gehören!;;Ese cargo será mío!;;;;;;;;;x
EVTOPTBplot_events_CK2plus.4;Wait for a better opportunity;Attendre une meilleure occasion;Warte für eine bessere Zeit möglichkeit;;Esperar una mejor ocasión;;;;;;;;;x
EVTDESCplot_events_CK2plus.5;I have found myself the target of a vicious campaign of slander at court. Rumors of incompetence and corruption have undermined the authority of my position, and it seems that even [Root.Liege.GetTitledName] have come to believe them as I have been removed from my position at the council.;J'ai été la cible d'une infâme campagne de calomnies à la cour. Les rumeurs de corruption et d'incompétences ont amoindri l'autorité de ma position et il semble que même [Root.Liege.GetTitledName] en est venu à croire en ces balivernes car j'ai été démis de mes fonctions au conseil. ;Ich bin das Ziel einer bösartigen Verleumdungskampagne bei Hof. Gerüchte von Inkompetenz und Korruption haben die Autorität meiner Position untergraben, und es scheint, dass auch [Root.Liege.GetTitledName] an die Entscheidung gekommen, sie zu glauben, als ich von meiner Position auf dem Konzil entfernt wurden.;;He sido el blanco de una infame campaña de calumnias en la corte. Los rumores de corrupción y de incompetencia han socavado mi autoridad y posición y parece que hasta el mismo [Root.Liege.GetTitledName] se las ha creído y me ha destituido del Consejo. ;;;;;;;;;x
EVTOPTAplot_events_CK2plus.5;I am ruined!;Je suis ruiné !;Ich bin ruiniert!;;Estoy perdido!;;;;;;;;;x
EVTDESCplot_events_CK2plus.6;The attempt to discredit [From.GetTitledFirstName] was a success! [Root.Liege.GetTitledFirstName] has dismissed [From.GetHerHim] from the council and [From.GetHerHis] position is now vacant and ready for me to occupy.;La tentative de discréditer [From.GetTitledFirstName] a été un succès ! [Root.Liege.GetTitledFirstName] l'a renvoyé du conseil. Sa place est désormais vacante et n’attend plus que moi.;Der Versuch, [From.GetTitledFirstName] zu diskreditieren war erfolgreich! [Root.Liege.GetTitledFirstName] hat [From.GetHerHim] aus dem Rat abgewiesen und [From.GetHerHis] Position ist jetzt frei und bereit für mich zu besetzen.;;El intento de desacreditar a [From.GetTitledFirstName] ha sido un éxito! [Root.Liege.GetTitledFirstName] lo ha destituido del Consejo. Su lugar está vacante y me está esperando.;;;;;;;;;x
EVTOPTAplot_events_CK2plus.6;Excellent!;Excellent !;Gut!;;Excelente!;;;;;;;;;x
EVTDESCplot_events_CK2plus.7;Lately it seems that I have heard nothing but bad of [From.GetTitledFirstName], from whispers of incompetence at court to documents proving [From.GetHerHis] corruption slipped under my bedroom door at night. I refused to believe it at first, but in the end I could not deny the weight of the evidence and was forced to remove [From.GetTitledFirstName] from [From.GetHerHis] position at court.;Dernièrement je n'ai entendu que de mauvaises choses sur [From.GetTitledFirstName], des rumeurs de cour sur son incompétence ou des documents prouvant sa corruption déposés dans mes appartements. J'ai d'abord réfusé d'y croire mais je ne puis désormais fermer les yeux sur ces preuves et j'ai été forcé de démettre [From.GetTitledFirstName] de ses fonctions à la cour.;In letzter Zeit scheint es, dass ich nichts hörte, außer schlechtes von [From.GetTitledFirstName]. Von Flüstern der Inkompetenz am Hof, zur Dokumente von [From.GetHerHis] Korruption von die unter meiner Schlafzimmertür eines Nachtes geschlüpft wurde. Ich weigerte mich, es zuerst zu glauben, aber am Ende konnte ich es nicht leugnen. Das Gewicht der Beweismittel zwang mich [From.GetTitledFirstName] aus [From.GetHerHis] Stellung beim Hof zu entfernen.;;Últimamente solo he escuchado cosas malas de [From.GetTitledFirstName], rumores de la corte sobre su incompetencia o documentos que prueban su corrupción depositados en mis aposentos. Al principio me negué a creerlo pero ya no puedo ignorar las evidencias y me he visto forzado a destituir a [From.GetTitledFirstName] de su cargo en el Consejo.;;;;;;;;;x
EVTOPTAplot_events_CK2plus.7;It had to be done;Je devais le faire;Es musste getan werden.;;Debía hacerlo;;;;;;;;;x
EVTDESCplot_events_CK2plus.8;I have found myself the target of a vicious campaign of slander at court. Whispers of incompetence and accusations of corruption have been directed at me, but fortunately [Root.Liege.GetTitledFirstName] have refused to give them credence and ordered an investigation into the source of the rumors. Although the investigation turned up nothing, my position at court is secure.;Je me suis retrouvé la cible d'une infâme campagne de calomnies à la cour. Des rumeurs d'incompétence et des accusations de corruptions me visaient mais heureusement [Root.Liege.GetTitledFirstName] a refusé de donner du crédit à ces balivernes et a ordonné une enquête sur la source de ces rumeurs. Bien que l'enquête n'ait rien donné, ma position à la cour n'est pas remise en cause. ;Ich habe mich das Ziel einer bösartigen Verleumdungskampagne beim Hof gefunden. Flüstern der Inkompetenz und vorwürfe der Korruptions sind mir angerichtet. Glücklicherweiser hat [Root.Liege.GetTitledFirstName] sich geweigert die Glaubwürdigkeit diese vorwürfe zu würdigen und dazu geordnet eine Untersuchung der Quelle diese Gerüchte. Obwohl die Untersuchung nichts tauchte ist meine Position beim Hof sicher.;;He sido el blanco de una infame campaña de calumnias en la corte. Los rumores de corrupción y de incompetencia han socavado mi autoridad y posición pero afortunadamente [Root.Liege.GetTitledFirstName] se negó a creer esas calumnias y ha ordenado una investigación sobre el origen de los rumores. A pesar de que la investigación no tuvo éxito, mi posición en la corte no está cuestionada. ;;;;;;;;;x
EVTOPTAplot_events_CK2plus.8;Who could have instigated such an underhanded scheme?;Qui a bien pu manigancer un plan aussi sournois ?;;;Quén ha podido diseñar un plan tan retorcido?;;;;;;;;;x
EVTDESCplot_events_CK2plus.9;Despite the rumors and accusations directed at [From.GetTitledFirstName], [Root.Liege.GetTitledFirstName] refused to dismiss [From.GetHerHim] from the council and has ordered an investigation into the source of the rumors. Fortunately, the investigation turned up no evidence of my involvement.;Malgré les rumeurs et les accusations dirigées contre [From.GetTitledFirstName], [Root.Liege.GetTitledFirstName] a refusé de le renvoyer du conseil et a ordonné une enquête sur les sources de ces rumeurs. Heureusement, l'enquête n'a pu trouver aucune preuve de mon implication.;;;A pesar de los rumores y acusaciones dirigidas contra [From.GetTitledFirstName], [Root.Liege.GetTitledFirstName] ha rechazado despedirlo del Consejo y ha ordenado una investigación sobre el origen de los rumores. Afortunadamente, la investigación no ha encontrado ninguna prueba de mi implicación.;;;;;;;;;x
EVTOPTAplot_events_CK2plus.9;It could have been worse...;Cela aurait pu être pire…;;;Podría haber sido peor...;;;;;;;;;x
EVTDESCplot_events_CK2plus.10;Lately it seems that I have heard nothing but bad of [From.GetTitledFirstName], from whispers of incompetence at court to documents proving [From.GetHerHis] corruption slipped under my bedroom door at night. I refused to believe the accusations, and ordered an investigation into the source of the rumors. A thorough questioning of the court turned up nothing, but has at least put a stop to the slanderous accusations.;Dernièrement, je n'ai entendu que de mauvaises choses sur [From.GetTitledFirstName], des rumeurs de cour sur son incompétence ou des documents prouvant sa corruption déposés dans mes appartements. J'ai refusé de croire à ces accusation et j'ai ordonné l'ouverture d'une enquête sur les sources de ces rumeurs. Un interrogatoire minutieux de la cour n'a rien donné mais a au moins mis fin aux accusations calomnieuses. ;;;Últimamente solo he escuchado cosas malas de [From.GetTitledFirstName], rumores de la corte sobre su incompetencia o documentos que prueban su corrupción depositados en mis aposentos. No me creí esas acusacionessation y he ordenado una investigación sobre el origen de los rumores. Un interrogatorio minucioso de la corte no dio mucho resultado, pero al menos puso fin a esas acusaciones calumniosas.;;;;;;;;;x
EVTOPTAplot_events_CK2plus.10;Who could have instigated such an underhanded scheme?;Qui a bien pu manigancer un plan aussi sournois ?;;;Quén ha podido diseñar un plan tan retorcido?;;;;;;;;;x
EVTDESCplot_events_CK2plus.11;I have found myself the target of a vicious campaign of slander at court. Whispers of incompetence and accusations of corruption have been directed at me, but fortunately [Root.Liege.GetTitledFirstName] have refused to give them credence and ordered an investigation into the source of the rumors. One of the conspirators broke under questioning and mentioned the name of [From.GetTitledName]...;J'ai été la cible d'une infâme campagne de calomnies à la cour. Des rumeurs d'incompétence et des accusations de corruptions me visaient mais heureusement [Root.Liege.GetTitledFirstName] a refusé de donner du crédit à ces balivernes et a ordonné une enquête sur la source de ces rumeurs. L'un des conspirateurs a craqué durant l'interrogatoire et a mentionné le nom de [From.GetTitledName]...;;;He sido el blanco de una infame campaña de calumnias en la corte. Los rumores de corrupción y de incompetencia han socavado mi autoridad y posición pero afortunadamente [Root.Liege.GetTitledFirstName] se negó a creer esas calumnias y ha ordenado una investigación sobre el origen de los rumores. Uno de los conspiradores no aguantó el interrogatorio y mencionó el nombre de [From.GetTitledName]...;;;;;;;;;x
EVTOPTAplot_events_CK2plus.11;[From.GetTitledFirstName] will pay for this!;[From.GetTitledFirstName] va payer pour ça !;;;[From.GetTitledFirstName] pagará por esto!;;;;;;;;;x
EVTDESCplot_events_CK2plus.12;Despite the rumors and accusations directed at [From.GetTitledFirstName], [Root.Liege.GetTitledFirstName] refused to dismiss [From.GetHerHim] from the council. Even worse, [Root.Liege.GetFirstName] ordered an investigation into the source of the rumors, which turned up evidence of my involvement...;Malgré les rumeurs et les accusations dirigées contre [From.GetTitledFirstName], [Root.Liege.GetTitledFirstName] a refusé de le renvoyer du conseil et a ordonné une enquête sur les sources de ces rumeurs. Pire encore, ladite enquête a abouti sur mon implication…;;;A pesar de los rumores y acusaciones dirigidas contra [From.GetTitledFirstName], [Root.Liege.GetTitledFirstName] ha rechazado despedirlo del Consejo y ha ordenado una investigación sobre el origen de los rumores. Peor aún, dicha investigación llevó a destapar mi implicación…;;;;;;;;;x
EVTOPTAplot_events_CK2plus.12;[Root.Liege.GetTitledFirstName] is not pleased...;[Root.Liege.GetTitledFirstName] n'est pas content…;;;[Root.Liege.GetTitledFirstName] no está contento…;;;;;;;;;x
EVTDESCplot_events_CK2plus.13;Lately it seems that I have heard nothing but bad of [From.GetTitledFirstName], from whispers of incompetence at court to documents proving [From.GetHerHis] corruption slipped under my bedroom door at night. I refused to believe the accusations, and ordered an investigation into the source of the rumors. One of the conspirators broke under questioning and mentioned the name of [FromFrom.GetTitledName]...;Dernièrement, je n'ai entendu que de mauvaises choses sur [From.GetTitledFirstName], des rumeurs de cour sur son incompétence ou des documents prouvant sa corruption déposés dans mes appartements. J'ai refusé de croire à ces accusation et j'ai ordonné l'ouverture d'une enquête sur les sources de ces rumeurs. L'un des conspirateurs a craqué durant l'interrogatoire et a mentionné le nom de [FromFrom.GetTitledName]...;;;Últimamente solo he escuchado cosas malas de [From.GetTitledFirstName], rumores de la corte sobre su incompetencia o documentos que prueban su corrupción depositados en mis aposentos. No me creí esas acusacionessation y he ordenado una investigación sobre el origen de los rumores. Uno de los conspiradores no aguantó el interrogatorio y mencionó el nombre de [From.GetTitledName]...;;;;;;;;;x
EVTOPTAplot_events_CK2plus.13;[FromFrom.GetTitledFirstName] will pay for this!;[FromFrom.GetTitledFirstName] va payer pour ça !;;;[FromFrom.GetTitledFirstName] pagará por esto!;;;;;;;;;x
EVTDESCplot_events_CK2plus.14;The tithes and taxes for [Root.Liege.GetTitledFirstName] are on their way to [Root.Liege.GetHerHis] castle and my co-conspirators have bribed the guards not to notice if a chest or two should go 'missing'. Everything is ready for the robbery to proceed.;Les impôts et les taxes destinés à [Root.Liege.GetTitledFirstName] sont en route vers son château et mes co-conspirateurs ont soudoyé les gardes pour qu'ils ferment les yeux sur la disparition d'un coffre ou deux. Tout est prêt pour le vol.;;;Los diezmos e impuestos destinados a [Root.Liege.GetTitledFirstName] están de camino a su castillo y mis cómplices han sobornado a los guardias para que hagan la vista gorda sobre la desaparición de un cofre o dos. Todo listo para el robo.;;;;;;;;;x
EVTOPTAplot_events_CK2plus.14;We'll all be rich!;Nous serons tous riches !;;;Seremos ricos!;;;;;;;;;x
EVTOPTBplot_events_CK2plus.14;Wait for a better opportunity;Attendre une meilleure occasion;;;Esperar una mejor ocasión;;;;;;;;;x
EVTDESCplot_events_CK2plus.15;The taxes and tithes due to me arrived at the castle today and were placed in the treasury. As I was inspecting the chests full of gold, it struck me that there seemed to be fewer of them than what had arrived earlier. A quick check of the treasurer's accounts revealed my worst fears...;Les impôts et les taxes qui me sont dûs sont arrivées au château aujourd'hui et ont été transportées à la trésorerie. Alors que j'inspectais les coffres pleins d'or, j'ai été frappé par leur nombre, bien moindre que la dernière fois. Un rapide contrôle des comptes du trésorier a conforté mes craintes...;;;Los diezmos e impuestos debidos llegaron hoy al castillo y han sido transportados a la tesorería. Cuando inspeccionaba los cofres de oro, me sorprendió la cantidad, mucho menor que la vez anterior. Un rápido vistazo en las cuentas del tesorero acrecentó mis temores...;;;;;;;;;x
EVTOPTAplot_events_CK2plus.15;I have been robbed!;J'ai été volé !;;;Me han robado!;;;;;;;;;x
EVTDESCplot_events_CK2plus.16;As the taxes were being hauled into the treasury, several large chests full of gold made their way onto the back of a wagon which left the castle unnoticed. The gold is now safely locked away in my treasury and my co-conspirators have all received their share.;Alors que le revenu des taxes était envoyé à la trésorerie, plusieurs grands coffres remplis d'or ont continué leur chemin à l'arrière d'un chariot qui a quitté le château sans être inquiété. L'or est désormais en sécurité dans ma trésorerie et mes co-conspirateurs ont tous reçu leur part.;;;Cuando los impuestos fueron enviados a la tesorería, varios cofres llenos de oro continuaron su camino en un carro que abandonó el castillo sin levantar sospechas. El oro ya está en mi tesorería y mis cómplices han recibido su parte.;;;;;;;;;x
EVTOPTAplot_events_CK2plus.16;Everything went as planned!;Tout s'est déroulé comme prévu !;;;Todo se ha desarrollado según lo previsto!;;;;;;;;;x
EVTDESCplot_events_CK2plus.17;I have received my share of the money embezzled by [From.GetTitledFirstName] from [From.Liege.GetTitledFirstName].;J'ai reçu ma part de l'argent de [From.Liege.GetTitledFirstName] détourné par [From.GetTitledFirstName].;;;He recibido mi parte del dinero [From.Liege.GetTitledFirstName] desfalcado por [From.GetTitledFirstName].;;;;;;;;;x
EVTOPTAplot_events_CK2plus.17;Excellent!;Excellent !;;;Excelente!;;;;;;;;;x
EVTDESCplot_events_CK2plus.18;The taxes and tithes due to me arrived at the castle today. As I was watching the money being carried into the treasury, I noticed some shadowy figures trying to make off with several chests full of gold. I had my guards seize them, and under questioning they revealed themselves to be in the employ of [From.GetTitledFirstName]. What shall be done with my thieving vassal?;Les impôts et les taxes qui me sont dûs sont arrivées au château aujourd'hui. Alors que je surveillais le transfert de l'argent à la trésorerie, j'ai remarqué des ombres tentant de s'enfuir à toutes jambes avec des coffres remplis d'or. Mes gardes les ont attrapés. Sous la question ils ont révélé qu'ils étaient employés par [From.GetTitledFirstName]. Que devrais-je faire de ce vassal voleur ? ;;;Los diezmos e impuestos debidos llegaron hoy al castillo. Mientras vigiliba la transferencia de los cofres a la tesorería, noté como unas sombras intentaban huir con varios cofres repletos de oro. Mis guardias les atraparon. Tras interrogarlos, revelaron que trabajaban para [From.GetTitledFirstName]. Qué debería hacer con este vasallo ladrón?;;;;;;;;;x
EVTOPTAplot_events_CK2plus.18;Throw [From.GetTitledFirstName] in irons!;Jeter [From.GetTitledFirstName] aux fers !;;;Meted a [From.GetTitledFirstName] entre barrotes!;;;;;;;;;x
EVTOPTBplot_events_CK2plus.18;Off with [From.GetHerHis] head!;Qu'on lui tranche le col !;;;Cortadle la cabeza!;;;;;;;;;x
EVTOPTCplot_events_CK2plus.18;Forgive [From.GetHerHim];Offrons-lui le pardon;;;Perdonadlo;;;;;;;;;x
EVTDESCplot_events_CK2plus.19;As the taxes were being hauled into the treasury, my men tried to make off with several chests of gold but were spotted by [From.GetTitledFirstName], who had come out to inspect the process [From.GetHerHim]self. Under questioning they revealed to myself to be in my employ, and now [From.GetTitledFirstName] knows that I attempted to rob [From.GetHerHim].;Alors que les impôts étaient transportés à la trésorerie, mes hommes ont tenté de s'enfuir avec plusieurs coffres remplis d'or mais ils ont été vus par [From.GetTitledFirstName] qui était sorti pour surveiller les opérations. Sous la question ils ont avoué que je les avais employés. [From.GetTitledFirstName] sait désormais que j'ai tenté de le voler. ;;;Cuando los impuestos estaban siendo transportados a la tesorería, mis hombres intentaron huir con varios cofres llenos de oro, pero fueron vistos por [From.GetTitledFirstName] que había salido para vigilar la operación. En el interrogatorio confesaron que estaban a mis órdenes. [From.GetTitledFirstName] sabe que le he intentado robar. ;;;;;;;;;x
EVTOPTAplot_events_CK2plus.19;Retribution is sure to come...;Je vais sûrement recevoir la monnaie de ma pièce…;;;Seguramente se vengue...;;;;;;;;;x
EVTDESCplot_events_CK2plus.20;[Root.PlotTarget.GetTitledFirstName] will soon be leaving the castle to go on a trip to the countryside with only a small guard. My co-conspirators have prepared an ambush and are only waiting for my signal to attack the carriage and abduct [Root.PlotTarget.GetHerHim].;[Root.PlotTarget.GetTitledFirstName] va bientôt quitter le château avec seulement quelques gardes pour faire une tournée dans les campagnes. Mes co-conspirateurs ont préparé une embuscade et n'attendent que mon signal pour attaquer sa petite troupe et l'enlever.;;;[Root.PlotTarget.GetTitledFirstName] abandonará pronto el castillo con unos pocos guardias para dar una vuelta por el campo. Mis cómplices han preparado una emboscada y esperan mi señal para atacar al carruaje y secuestrarlo.;;;;;;;;;x
EVTOPTAplot_events_CK2plus.20;Send the signal!;Envoyer le signal !;;;Enviar la señal!;;;;;;;;;x
EVTOPTBplot_events_CK2plus.20;Wait for a better opportunity;Attendre une meilleure occasion;;;Esperar una mejor ocasión;;;;;;;;;x
EVTDESCplot_events_CK2plus.21;As I was travelling through the countryside, a band of masked thugs on horses attacked my carriage. My guards fled or were cut down were they stood, and I found myself blindfolded, bound and thrown over the back of a horse. When my blindfold was removed, I was in the dungeons of [From.GetTitledFirstNameNoRegnal].;Alors que je voyageais à travers la campagne, une bande de bandits masqués et montés sur des chevaux a attaqué ma petite troupe. Mes gardes ont fui ou ont été tués, je me suis retrouvé les yeux bandés, ligoté et déposé sur un cheval comme un vulgaire sac de grain. Lorsque l'on m'a enlevé le bandeau je me trouvais dans les cachots de [From.GetTitledFirstNameNoRegnal].;;;Mientras viajaba por el campo, una banda de bandidos enmascarados y montados en caballos atacó mi carruaje. Mis guardias huyeron o murieron, y me encontré con los ojos vendados, atado y colocado en un caballo como un vulgar saco de grano. Cuando me quitaron la venda de los ojos me encontraba en los calabazos de [From.GetTitledFirstName].;;;;;;;;;x
EVTOPTAplot_events_CK2plus.21;I'll get [From.GetHerHim] for this!;Je le(a) tuerai pour ça !;;;Lo mataré por esto!;;;;;;;;;x
EVTDESCplot_events_CK2plus.22;We ambushed [From.GetTitledFirstName]'s carriage on a lonely stretch of road in the countryside. The guards scattered before us, and one of my men blindfolded and bound [From.GetTitledFirstName]. [From.GetSheHeCap] is now safely locked away in my dungeon, to do with as I please.;Nous avons tendu une embuscade à la petite troupe de [From.GetTitledFirstName] alors qu'elle s'engageait sur une petite route de campagne. Les gardes ont vite été dispersés et l'un de mes hommes s'est emparé de [From.GetTitledFirstName] avant de lui bander les yeux et de l'attacher à un cheval. [From.GetSheHeCap] est désormais sous bonne garde dans mes cachots, à ma merci.;;;Tendimos una emboscada al carruaje de [From.GetTitledFirstName] mientras atravesaba un pequeño camino rural. Los guardias se dispersaron rápidamente y uno de mis hombres se apoderó de [From.GetTitledFirstName] y le vendó los ojos y lo ató a su caballo. Está ahora a buen recaudo en mi calabozo.;;;;;;;;;x
EVTOPTAplot_events_CK2plus.22;Excellent!;Excellent !;;;Excelente!;;;;;;;;;x
EVTDESCplot_events_CK2plus.23;As I was travelling through the countryside, a band of masked thugs on horses attacked my carriage. After a brief skirmish my guards fought them off, but unfortunately failed to take any captives.;Alors que je voyageais à travers la campagne, une bande de bandits montés sur des chevaux a attaqué ma petite troupe. Après une courte escarmouche mes gardes les ont repoussés mais n’ont malheureusement pu capturer aucun d’entre eux. ;;;Mientras viajaba por el campo, una banda de bandidos enmascarados y montados en caballos atacó mi carruaje. Tras una breve escaramuza, mis guardias los rechazaron pero desafortunadamente no pudieron capturar a ninguno de ellos. ;;;;;;;;;x
EVTOPTAplot_events_CK2plus.23;Who could have sent them?!;Qui a bien pu les engager ?;;;Quién los habrá enviado?;;;;;;;;;x
EVTDESCplot_events_CK2plus.24;We ambushed [From.GetTitledFirstName]'s carriage on a lonely stretch of road in the countryside. The guards put up a fierce resistance, and after a brief skirmish we were forced to retreat without accomplishing our objective.;Nous avons tendu une embuscade à la petite troupe de [From.GetTitledFirstName] alors qu'elle s'engageait sur une petite route de campagne. Les gardes ont opposé une forte résistance et après une brève escarmouche nous avons été forcés de battre en retraire sans avoir accompli la mission. ;;;Tendimos una emboscada al carruaje de [From.GetTitledFirstName] mientras atravesaba un pequeño camino rural. Los guardias opusieron una fuerte resistencia y tras una breve escaramuza nos forzaron a batirnos en retirada sin cumplir la misión. ;;;;;;;;;x
EVTOPTAplot_events_CK2plus.24;At least there are no clues to my involvement...;Au moins n'y a-t-il aucune trace de mon implication…;;;Al menos no hay pruebas de mi implicación...;;;;;;;;;x
EVTDESCplot_events_CK2plus.25;As I was travelling through the countryside, a band of masked thugs on horses attacked my carriage. After a brief skirmish my guards fought them off, taking several of them prisoner. After some interrogation, they revealed themselves to be working under orders from [From.GetTitledFirstName] to abduct me.;Alors que je voyageais à travers la campagne, une bande de bandits masqués et montés sur des chevaux a attaqué ma petite troupe. Après une courte escarmouche mes gardes les ont repoussés, en capturant certains au passage. Un interrogatoire a révélé qu'ils étaient aux ordres de [From.GetTitledFirstName] et avaient pour mission de m'enlever. ;;;;;;;;;;;;x
EVTOPTAplot_events_CK2plus.25;[From.GetTitledFirstName] will pay for this!;[From.GetTitledFirstName] va payer pour ça !;;;[From.GetTitledFirstName] pagará por esto!;;;;;;;;;x
EVTDESCplot_events_CK2plus.26;We ambushed [From.GetTitledFirstName]'s carriage on a lonely stretch of road in the countryside. The guards put up a fierce resistance, and several of my men were captured before we could escape.;Nous avons tendu une embuscade à la petite troupe de [From.GetTitledFirstName] alors qu'elle s'engageait sur une petite route de campagne. Les gardes ont opposé une forte résistance et plusieurs de mes hommes ont été capturés avant que nous ne parvenions à battre en retraite. ;;;Tendimos una emboscada al carruaje de [From.GetTitledFirstName] mientras atravesaba un pequeño camino rural. Los guardias opusieron una fuerte resistencia y tras una breve escaramuza capturaron a varios de mis hombres antes de poder batirnos en retirada.;;;;;;;;;x
EVTOPTAplot_events_CK2plus.26;[From.GetTitledFirstName] must know that I sent them...;[From.GetTitledFirstName] doit maintenant savoir que je les ai envoyés…;;;[From.GetTitledFirstName] debe saber quien los envió…;;;;;;;;;x
EVTDESCplot_events_CK2plus.27;My co-conspirators have fabricated evidence that [Root.PlotTarget.GetTitledFirstName]'s liege is planning to move against him. As soon as I give the word, they will present this information to [Root.PlotTarget.GetHerHim] along with my seal to convince [From.GetHerHim] of their authenticity.;Mes co-conspirateurs ont fabriqué des documents prouvant que le suzerain de [Root.PlotTarget.GetTitledFirstName] projette de s'attaquer à lui. Dès que je donnerai l'ordre, ils les lui présenteront avec mon sceau pour le convaincre leur authenticité.;;;Mis cómplices han fabricado unos documentos que indican que el Señor de [Root.PlotTarget.GetTitledFirstName] planea atacarlo. A mi orden, se las presentaran con mi sello para convencerle de su autenticidad.;;;;;;;;;x
EVTOPTAplot_events_CK2plus.27;This should force [Root.PlotTarget.GetHerHis] hand...;Cela devrait forcer la main de [Root.PlotTarget.GetHerHis]…;;;Esto debería forzar a [Root.PlotTarget.GetHerHis] a actuar…;;;;;;;;;x
EVTOPTBplot_events_CK2plus.27;Wait for a better opportunity;Attendre une meilleure occasion;;;Esperar una mejor ocasión;;;;;;;;;x
EVTDESCplot_events_CK2plus.28;A letter arrived today from [From.GetTitledName]. Inside was incontroversible evidence that [Root.Liege.GetTitledFirstName] is planning to have me arrested and banished on trumped-up charges of treason.;Aujourd'hui est arrivé un corbeau de [From.GetTitledName]. Il apportait la preuve incontestable que [Root.Liege.GetTitledFirstName] projette de me faire arrêter et de me bannir sous de fausses accusations de trahison.;;;Hoy ha llegado un cuervo de [From.GetTitledName]. Trae documentos que prueban que [Root.Liege.GetTitledFirstName] planea detenerme y desterrarme bajo falsas acusaciones de traición.;;;;;;;;;x
EVTOPTAplot_events_CK2plus.28;Thanks to [From.GetTitledFirstName], I may still have a chance!;Grâce à [From.GetTitledFirstName], j'ai peut-être encore une chance !;;;Gracias a [From.GetTitledFirstName], todavía tengo una oportunidad!;;;;;;;;;x
EVTDESCplot_events_CK2plus.29;[From.GetTitledFirstName] was completely fooled by the fabricated evidence I sent [From.GetHerHim] and has risen up in revolt against [From.GetHerHis] liege.;[From.GetTitledFirstName] a été complètement dupé par les fausses preuves que je lui ai envoyé et s'est révolté contre son suzerain. ;;;[From.GetTitledFirstName] ha sido completamente engañado con las pruebas falsas que le he enviado y se ha rebelado contra su Señor. ;;;;;;;;;x
EVTOPTAplot_events_CK2plus.29;Gullible fool!;Imbécile et crédule, que de qualités !;;;Tonto crédulo!;;;;;;;;;x
EVTDESCplot_events_CK2plus.30;[From.GetTitledFirstName] has revolted against me, citing 'evidence' of plans to have [From.GetHerHim] arrested and banished. This is undoubtedly the plot of one of my enemies seeking to undermine my power.;"[From.GetTitledFirstName] s'est révolté(e) contre moi au nom de ""preuves"" quant à un plan de ma part pour le(a) faire arrêter et bannir. C'est sans aucun doute possible un complot de l'un de mes ennemis pour m'affaiblir.";;;"[From.GetTitledFirstName] se ha rebelado contra mi en nombre de unas ""pruebas"" que hablan de un plan por mi parte de arrestarlo y desterrarlo. Sin duda se trata de un complot de uno de mis enemigos para debilitarme.";;;;;;;;;x
EVTOPTAplot_events_CK2plus.30;Who could have done such a thing?!;Qui a bien pu faire une chose pareille ?;;;Quién ha podido hacer una cosa de ese estilo?;;;;;;;;;x
EVTDESCplot_events_CK2plus.31;A letter arrived today from [From.GetTitledName]. Inside was incontroversible evidence that [Root.Liege.GetTitledFirstName] is planning to have me arrested and banished on trumped-up charges of treason.;Aujourd'hui est arrivé un corbeau de [From.GetTitledName]. Il apportait la preuve incontestable que [Root.Liege.GetTitledFirstName] projette de me faire arrêter et de me bannir sous de fausses accusations de trahison.;;;Hoy ha llegado un cuervo de [From.GetTitledName]. Trae documentos que prueban que [Root.Liege.GetTitledFirstName] planea detenerme y desterrarme bajo falsas acusaciones de traición.;;;;;;;;;x
EVTOPTAplot_events_CK2plus.31;I refuse to believe it...;Je refuse de le croire…;;;No me lo creo...;;;;;;;;;x
EVTDESCplot_events_CK2plus.32;[From.GetTitledFirstName] was not convinced by the fabricate evidence I sent [From.GetHerHim], and has informed [From.GetHerHis] liege of its contents.;[From.GetTitledFirstName] n'a pas été convaincu par la fausse preuve que je lui ai envoyé et a informé son suzerain de son contenu. ;;;[From.GetTitledFirstName] no ha sido convencido por la prueba falsa que le he enviado y ha informado a su Señor de su contenido.;;;;;;;;;x
EVTOPTAplot_events_CK2plus.32;This will not help my reputation...;Cela ne va pas aider ma réputation…;;;Esto no ayudará a mi reputación...;;;;;;;;;x
EVTDESCplot_events_CK2plus.33;[From.GetTitledFirstName] has told me of a letter containing fabricated evidence of a plot to have [From.GetHerHim] arrested and banished. The letter was sent by [FromFrom.GetTitledFirstName], who is undoubtedly trying to incite revolt against me to undermine my power.;[From.GetTitledFirstName] m'a parlé d'une lettre contenant de fausses preuves m'accusant de comploter contre lui pour le faire arrêter et le bannir. Le corbeau venait de [FromFrom.GetTitledFirstName], qui essaye sans aucun doute d'inciter à des révoltes contre moi pour m'affaiblir. ;;;[From.GetTitledFirstName] me ha hablado de una carta que contiene pruebas falsas acusándome de conspirar contra él para detenerlo y desterrarlo. El cuervo venía de [FromFrom.GetTitledFirstName], que intenta sin lugar a dudas incitar revueltas contra mi para debilitarme.;;;;;;;;;x
EVTOPTAplot_events_CK2plus.33;The loyalty of [From.GetTitledFirstName] shall not go unrewarded;La loyauté de [From.GetTitledFirstName] sera récompensé;;;La lealtad de [From.GetTitledFirstName] será recompensada;;;;;;;;;x
EVTDESCplot_events_CK2plus.34;My co-conspirators have fabricated evidence that [Root.PlotTarget.GetTitledFirstName] is planning a revolt against [Root.PlotTarget.Liege.GetHerHis] liege. The evidence will discreetly find its way into the hands of [Root.PlotTarget.Liege.GetTitledFirstName], who cannot fail to act on it.;"Mes co-conspirateurs ont fabriqué un document prouvant que [Root.PlotTarget.GetTitledFirstName] projette de se révolter contre son suzerain. La ""preuve"" va trouver son chemin jusqu'à [Root.PlotTarget.Liege.GetTitledFirstName], qui ne manquera pas d'agir en conséquence. ";;;"Mis cómplices han fabricado un documento que prueba que [Root.PlotTarget.GetTitledFirstName] planea rebelarse contra su Señor. La ""prueba"" seguirá su camino hacia [Root.PlotTarget.Liege.GetTitledFirstName], que actuará en consecuencia.";;;;;;;;;x
EVTOPTAplot_events_CK2plus.34;I will see [Root.PlotTarget.GetHerHim] disgraced!;Je vais enfin assister à la disgrâce de [Root.PlotTarget.Liege.GetTitledFirstName] !;;;Seré testigo de la desgracia de [Root.PlotTarget.Liege.GetTitledFirstName]!;;;;;;;;;x
EVTOPTBplot_events_CK2plus.34;Wait for a better opportunity;Attendre une meilleure occasion;;;Esperar una mejor ocasión;;;;;;;;;x
EVTDESCplot_events_CK2plus.35;Word has reached me that [Root.Liege.GetTitledFirstName] has publicly accused me of treason based on evidence found in some documents that were slipped under [Root.Liege.GetHerHis] bedroom door.;Je viens d'apprendre que [Root.Liege.GetTitledFirstName] m'a publiquement accusé de trahison, se basant sur une preuve trouvée dans des documents glissés sous la porte de ses appartements.;;;Acabo de enterarme que [Root.Liege.GetTitledFirstName] me ha acusado públicamente de traición, basándose en una prueba encontrada en un documento dejado en sus aposentos.;;;;;;;;;x
EVTOPTAplot_events_CK2plus.35;This must be a scheme to see me arrested!;C'est sûrement un complot pour me faire arrêter;;;Parece ser un complot para que me detengan.;;;;;;;;;x
EVTDESCplot_events_CK2plus.36;[From.Liege.GetTitledFirstName] was completely fooled by the fabricated evidence of [From.GetTitledFirstName]'s treason. It can only be a matter of time before [From.GetSheHe] is arrested.;[From.Liege.GetTitledFirstName] a été complètement dupé par la fausse preuve de la trahison de [From.GetTitledFirstName]. Ce n'est plus qu'une question de temps avant qu'[From.GetSheHe] ne soit arrêté(e).;;;[From.Liege.GetTitledFirstName] ha sido completamente engañado por la prueba falsa de traición de [From.GetTitledFirstName]. No es más que cuestión de tiempo que le detengan.;;;;;;;;;x
EVTOPTAplot_events_CK2plus.36;Excellent!;Excellent !;;;Excelente!;;;;;;;;;x
EVTDESCplot_events_CK2plus.37;As I rose from bed, I found a small bundle of documents that had been slipped beneath my bedroom door. The documents contained evidence of [From.GetTitledFirstName]'s plans to depose me and seize the throne.;Au saut du lit, j'ai trouvé une petite liasse de documents qui avait été glissée sous la porte de mes appartements. Les documents contenaient la preuve d'un complot de [From.GetTitledFirstName] pour me déposer et s'accaparer le trône. ;;;Enfrente de la cama, encontré una pequeña carpeta con documentos que habían deslizado por debajo de la puerta de mis aposentos. Los documentos contenían la prueba de un complot de [From.GetTitledFirstName] para deponerme y hacerse con el trono.;;;;;;;;;x
EVTOPTAplot_events_CK2plus.37;I must have [From.GetHerHim] arrested!;Je veux le voir arrêté !;;;Quiero verlo arrestado!;;;;;;;;;x
EVTDESCplot_events_CK2plus.38;Someone tried to have me arrested for treason by slipping fabricated 'evidence' under [Root.Liege.GetTitledFirstName]'s bedroom door, but fortunately [Root.Liege.GetSheHe] did not believe in the lies presented to [Root.Liege.GetHerHim].;"Quelqu'un a tenté de me faire arrêter pour trahison en glissant des ""preuves"" sous la porte des appartements de [Root.Liege.GetTitledFirstName], mais heureusement [Root.Liege.GetSheHe] n'a pas cru ces mensonges. ";;;"Alguien ha intentado que me arresten por traición deslizando ""pruebas"" por debajo de la puerta de los aposentos de [Root.Liege.GetTitledFirstName], pero afortunadamente, no ha creído semejantes mentiras.";;;;;;;;;x
EVTOPTAplot_events_CK2plus.38;I wonder who sent it...;Je me demande qui a bien pu envoyer ces documents.;;;Me pregunto quien pudo enviar esos documentos.;;;;;;;;;x
EVTDESCplot_events_CK2plus.39;[From.Liege.GetTitledFirstName] refused to believe the fabricated evidence of [From.GetTitledFirstName]'s treason. Although the scheme has failed, at least there is no evidence of my involvement.;[From.Liege.GetTitledFirstName] a refusé de croire la fausse preuve de la trahison de [From.GetTitledFirstName]. Bien que le plan ait échoué, il n'y a aucune preuve quant à mon implication.;;;[From.Liege.GetTitledFirstName] no se creyó la prueba falsa de la traición de [From.GetTitledFirstName]. A pesar de que el plan ha fracasado, no hay ninguna prueba de mi implicación.;;;;;;;;;x
EVTOPTAplot_events_CK2plus.39;It could have been worse...;Cela aurait pu être pire…;;;Podría haber sido peor...;;;;;;;;;x
EVTDESCplot_events_CK2plus.40;As I rose from bed, I found a small bundle of documents that had been slipped beneath my bedroom door. The documents contained evidence of [From.GetTitledFirstName]'s plans to depose me and seize the throne.;Au saut du lit, j'ai trouvé une petite liasse de documents qui avait été glissée sous la porte de mes appartements. Les documents contenaient la preuve d'un complot de [From.GetTitledFirstName] pour me déposer et s'accaparer le trône. ;;;Enfrente de la cama, encontré una pequeña carpeta con documentos que habían deslizado por debajo de la puerta de mis aposentos. Los documentos contenían la prueba de un complot de [From.GetTitledFirstName] para deponerme y hacerse con el trono.;;;;;;;;;x
EVTOPTAplot_events_CK2plus.40;Nothing but lies and slander;Rien que des mensonges et des calmonies. ;;;Nada más que mentiras y calumnias.;;;;;;;;;x
EVTDESCplot_events_CK2plus.41;[From.GetTitledFirstName] tried to have me arrested for treason by slipping fabricated 'evidence' under [Root.Liege.GetTitledFirstName]'s bedroom door, but fortunately [Root.Liege.GetSheHe] caught [From.GetHerHis] agent in the act and now it is [From.GetTitledFirstName] that stands accused of treason.;"[From.GetTitledFirstName] a tenté de me faire arrêter pour trahison en glissant des ""preuves"" sous la porte des appartements de [Root.Liege.GetTitledFirstName], mais heureusement [Root.Liege.GetSheHe] a attrapé son agent en flagrant délit et c'est maintenant [From.GetTitledFirstName] qui est accusé de trahison. ";;;"[From.GetTitledFirstName] que me arresten por traición deslizando ""pruebas"" por debajo de la puerta de los aposentos de [Root.Liege.GetTitledFirstName], pero afortunadamente, atraparon a su agente con las manos en la masa y ha sido [From.GetTitledFirstName] quien ha sido acusado de traición";;;;;;;;;x
EVTOPTAplot_events_CK2plus.41;The bastard!;Vil bâtard !;;;Vil bastardo!;;;;;;;;;x
EVTDESCplot_events_CK2plus.42;My agent was caught in the act of slipping the fabricated evidence under [From.Liege.GetTitledFirstName]'s bedroom door. Even worse, my involvement was revealed during questioning and now I am the one that stands accused of treason.;Mon agent a été attrapé en flagrant délit alors qu'il glissait la fausse preuve sous la porte des appartements de [From.Liege.GetTitledFirstName]. Pire encore, mon implication dans l'affaire a été révélée durant l'interrogatoire et c'est désormais moi qui suis accusé de trahison. ;;;Mi agente fue atrapado con las manos en la masa mientras deslizaba la prueba falsa por debajo de la puerta de los aposentos de [From.Liege.GetTitledFirstName]. Peor aún, mi implicación en este asunto fue revelada durante el interrogatorio y ahora es a mí al que se le acusa de traición.;;;;;;;;;x
EVTOPTAplot_events_CK2plus.42;This is bad!;Voilà qui est mauvais !;;;Que mal!;;;;;;;;;x
EVTDESCplot_events_CK2plus.43;As I was preparing to sleep, I heard a scuffle from outside my bedroom door. Rushing outside, I found that my guards had seized a cloaked man as he was attempting to slip some documents into the room. Under questioning, he revealed that he was working for [FromFrom.GetTitledFirstName] and that the documents were fabricated evidence intended to turn me against my vassal [From.GetTitledFirstName].;Alors que j'allais me coucher, j'ai entendu du bruit provenant de derrière la porte de mes appartements. Sortant dans le couloir, j'ai découvert que mes gardes avaient appréhendé un homme encapuchonné alors qu'il tentait de glisser quelques documents dans ma chambre. Sous la question, il a avoué qu'il travaillait pour [FromFrom.GetTitledFirstName] et que les documents étaient de fausses preuves ayant pour but d'accuser mon vassal [From.GetTitledFirstName].;;;Cuando me iba dormir, escuché un ruido proviniente de detrás de la puerta de mis aposentos. Al salir al pasillo, descubrí que mis guardias habían detenido a un hombre encapuchado mientras intentaba deslizar algunos documentos por debajo de mi puerta. En el interrogatorio, reveló que trabajaba para [FromFrom.GetTitledFirstName] y que los documentos eran pruebas falsas con el objetivo de acusar a mi vasallo [From.GetTitledFirstName].;;;;;;;;;x
EVTOPTAplot_events_CK2plus.43;[FromFrom.GetTitledFirstName] is the true traitor!;[FromFrom.GetTitledFirstName] est le véritable traître !;;;[FromFrom.GetTitledFirstName] es el verdadero traidor!;;;;;;;;;x
EVTDESC1007060;My co-conspirators have fabricated evidence of [Root.PlotTarget.GetTitledFirstName]'s blasphemous conduct and sheltering of heretics. The letter will be sent to [Root.PlotTarget.RelHead.GetTitledFirstName] who will be forced to excommunicate [Root.PlotTarget.GetHerHim].;Mes co-conspirateurs ont fabriqué des preuves accusant [Root.PlotTarget.GetTitledFirstName] d'avoir une conduite blasphématoire et de protéger des hérétiques. Une missive va être envoyée à [Root.PlotTarget.RelHead.GetTitledFirstName] qui sera forcé de l'excommunier. ;;;Mis cómplices han fabricado pruebas acusando a [Root.PlotTarget.GetTitledFirstName] de tener una conducta blasfema y proteger a los herejes. Una carta será enviada a [Root.PlotTarget.RelHead.GetTitledFirstName] para forzarlo a excomulgarlo.;;;;;;;;;x
EVTOPTA1007060;God will be my judge!;Les Dieux seront mes juges !;;;Los Dioses serán mis jueces!;;;;;;;;;x
EVTOPTB1007060;Wait for a better opportunity;Attendre une meilleure occasion;;;Esperar una mejor ocasión;;;;;;;;;x
EVTDESC1007061;Word has reached me that [Root.RelHead.GetTitledFirstName] has had me excommunicated based on fabricated 'evidence' of blasphemy and heresy sent to [Root.RelHead.GetHerHim] in an anonymous letter.;"J'ai appris que [Root.RelHead.GetTitledFirstName] m'avait fait excommuné grâce à des ""preuves"" prouvant mon hérésie et mes blasphèmes qu'il a reçues via une lettre anonyme. ";;;"Me he enterado que [Root.RelHead.GetTitledFirstName] me ha excomulgado debido a ""pruebas"" que demuestran mi herejía y mis blasfemias que recibió en una carta anónima.";;;;;;;;;x
EVTOPTA1007061;God preserve me from these lies!;Que les Dieux me préservent de ces mensonges !;;;Los Dioses me protejan de tales mentiras!;;;;;;;;;x
EVTDESC1007062;[From.RelHead.GetTitledFirstName] was completely fooled by the fabricated evidence of [From.GetTitledFirstName]'s heresy. [From.GetTitledFirstName] has been excommunicated and interdict has been placed on [From.GetHerHis] lands.;[From.RelHead.GetTitledFirstName] a été complètement dupé par les preuves fabriquées accusant [From.GetTitledFirstName] d'hérésie. [From.GetTitledFirstName] a été excommunié et l'interdit a été décrété sur ses terres. ;;;[From.RelHead.GetTitledFirstName] ha sido completamente engañado por las pruebas fabricadas acusando a [From.GetTitledFirstName] de herejía. [From.GetTitledFirstName] ha sido excomulgado y se ha declarado un interdicto en sus tierras. ;;;;;;;;;x
EVTOPTA1007062;It was the will of God!;Tel était la volonté des Dieux !;;;Es la voluntad de los Dioses!;;;;;;;;;x
EVTDESC1007064;Word has reached me that [Root.RelHead.GetTitledFirstName] has received fabricated 'evidence' of blasphemy and heresy sent to [Root.RelHead.GetHerHim] in an anonymous letter. Fortunately, [Root.RelHead.GetSheHe] dismissed it as the slanderous lie it is.;"J'ai appris que [Root.RelHead.GetTitledFirstName] a reçu des ""preuves"" m'accusant de blasphème et d'hérésie par le biais d'une lettre anonyme. Heureusement, [Root.RelHead.GetSheHe] a écarté ces ignominies et les a considéré comme de calmonieux mensonges. ";;;"Me he enterado que [Root.RelHead.GetTitledFirstName] me ha excomulgado debido a ""pruebas"" que demuestran mi herejía y mis blasfemias que recibió en una carta anónima. Afortunadamente, [Root.RelHead.GetSheHe] ha descartado esas ignominias y las ha considerado mentiras calumniosas. ";;;;;;;;;x
EVTOPTA1007064;God looks after the faithful;Les dieux reconnaîssent les leurs !;;;Los Dioses reconocen a los suyos!;;;;;;;;;x
EVTDESC1007065;[From.RelHead.GetTitledFirstName] refused to believe the fabricated evidence of [From.GetTitledFirstName]'s heresy. Although the scheme has failed, at least there is no evidence of my involvement.;[From.RelHead.GetTitledFirstName] a refusé de croire les preuves fabriquées accusant [From.GetTitledFirstName] d'hérésie. Bien que le complot ait échoué, au moins n'y a-t-il aucune preuve quant à mon implication.;;;[From.RelHead.GetTitledFirstName] no se creyó las pruebas fabricadas acusando a [From.GetTitledFirstName] de herejía. A pesar de que el complot fracasó, al menos no hay ninguna prueba que indique mi implicación.;;;;;;;;;x
EVTOPTA1007065;Ok;D'accord;;;Ok;;;;;;;;;x
EVTDESC1007067;Word has reached me that [Root.RelHead.GetTitledFirstName] has received fabricated 'evidence' of blasphemy and heresy sent to [Root.RelHead.GetHerHim] in an anonymous letter. However, [Root.RelHead.GetSheHe] not only refused to believe it, but had the messenger questioned until he revealed the sender of the letter.;"J'ai appris que [Root.RelHead.GetTitledFirstName] a reçu des ""preuves"" m'accusant de blasphème et d'hérésie par le biais d'une lettre anonyme. Cependant, [Root.RelHead.GetSheHe] n'en n'a pas cru un traître mot - mieux, il a soumis le messager à la question jusqu'à ce qu'il révèle qui était l'expéditeur de la missive. ";;;"Me he enterado de que [Root.RelHead.GetTitledFirstName] ha recibido ""pruebas"" acusándome de blasfemia y herejía en una carta anónima. Sin embargo, no ha creído ni una palabra y además, está preguntando al mensajero sobre el remitente de la carta.";;;;;;;;;x
EVTOPTA1007067;It was sent by [From.GetTitledFirstName]!;Elle a été envoyée par [From.GetTitledFirstName] !;;;Ha sido enviada por [From.GetTitledFirstName]!;;;;;;;;;x
EVTDESC1007068;[From.RelHead.GetTitledFirstName] refused to believe the fabricated evidence of [From.GetTitledFirstName]'s heresy. What's worse, [From.RelHead.GetSheHe] had the messenger questioned and found out that I sent it! I have been censured for my 'unseemly scheming' and [From.GetTitledFirstName] knows that I tried to have [From.GetHerHim] excommunicated.;"[From.RelHead.GetTitledFirstName] a refusé de croire les preuves fabriquées accusant [From.GetTitledFirstName] d'hérésie. Pire encore, [From.RelHead.GetSheHe] a soumis le messager à la question et a découvert que j'étais l'expéditeur de la missive! J'ai été publiquement dénoncé pour mon ""invraisemblable complot"" et désormais [From.GetTitledFirstName] sait que j'ai tenté de le faire excommunié. ";;;[From.RelHead.GetTitledFirstName] no se ha creído las pruebas fabricadas acusando a [From.GetTitledFirstName] de herejía. Peor aún, [From.RelHead.GetSheHe] interrogó al mensajero y ha descuberto que yo era el remitente de la carta! He sido públicamente denunciado por mi comportamiento impropio y ahora [From.GetTitledFirstName] sabe que he intentado hacer que le excomulguen. ;;;;;;;;;x
EVTOPTA1007068;This will not help my reputation...;Cela ne va pas aider ma réputation…;;;Esto no ayudará a mi reputación...;;;;;;;;;x
EVTDESCplot_events_CK2plus.45;My co-conspirators have fabricated evidence that [Root.PlotTarget.GetTitledFirstName] is planning a revolt against me. I will circulate the evidence among my vassals so that they will support my actions against the 'traitor'.;"Mes co-conspirateurs ont fabriqué des preuves accusant [Root.PlotTarget.GetTitledFirstName] d'ourdir une révolte contre moi. Je vais faire circuler ces preuves chez mes vassaux pour qu'ils soutiennent mon action contre le ""traître"". ";;;"Mis cómplices han fabricado pruebas acusando a [Root.PlotTarget.GetTitledFirstName] de urdir una revuelta contra mí. Las haré circular entre mis vasallos para que apoyen mi acción contra el ""traidor"".";;;;;;;;;x
EVTOPTAplot_events_CK2plus.45;I will see [Root.PlotTarget.GetHerHim] disgraced!;Je vais le voir disgracié !;;;Lo veré caer en desgracia!;;;;;;;;;x
EVTOPTBplot_events_CK2plus.45;Wait for a better opportunity;Attendre une meilleure occasion;;;Esperar una mejor ocasión;;;;;;;;;x
EVTDESCplot_events_CK2plus.46;Word has reached me that documents indicting me in a plan to revolt against [Root.Liege.GetTitledFirstName] have been circulating through the realm. Though the evidence is obviously a forgery, it seems almost everyone in the realm has been fooled by it, and I fear I am about to be arrested.;J'ai appris que des documents m'accusant d'ourdir une révolte contre [Root.Liege.GetTitledFirstName] circulaient dans le royaume. Bien que ces preuves soient manifestement fabriquées, il semble que presque tout le monde dans le royaume ait été dupé et je crains d'être bientôt arrêté.;;;Me he enterado que unos documentos me acusan de urdir una revuelta contra [Root.Liege.GetTitledFirstName] circulan por el Reino. Aunque está claro que las pruebas sean falsas, parece que todo el mundo ha sido engañado y me temo que intentarán arrestarme.;;;;;;;;;x
EVTOPTAplot_events_CK2plus.46;Who could have done such a thing?!;Qui a bien pu faire une chose pareille ?;;;Quién ha podido hacer una cosa de ese estilo?;;;;;;;;;x
EVTDESCplot_events_CK2plus.47;My vassals were completely fooled by the fabricated evidence of [From.GetTitledFirstName]'s treason. I am now free to act against [From.GetHerHim].;Mes vassaux ont été complètement dupés par les preuves fabriquant accusant [From.GetTitledFirstName] de trahison. Je suis désormais libre d'agir à ma guise.;;;Mis vasallos han sido totalmente engañados por las pruebas falsas que acusan a [From.GetTitledFirstName] de traición. Soy libre de actuar como me plazca.;;;;;;;;;x
EVTOPTAplot_events_CK2plus.47;Excellent!;Excellent !;;;Excelente!;;;;;;;;;x
EVTDESCplot_events_CK2plus.48;Word has reached me that documents indicting me in a plan to revolt against [Root.Liege.GetTitledFirstName] have been circulating through the realm. Fortunately most of the lords of the realm have dismissed it as the forgery it is.;J'ai appris que des documents m'accusant d'ourdir une révolte contre [Root.Liege.GetTitledFirstName] circulaient dans le royaume. Heureusement la plupart des lords du royaume les ont rejetés et considérés comme les faux qu'ils sont. ;;;Me he enterado que unos documentos me acusan de urdir una revuelta contra [Root.Liege.GetTitledFirstName] circulan por el Reino. Afortunadamente la mayor parte de los Señores del Reino no los tomaron en serio y los consideraron falsos como lo son en realidad.;;;;;;;;;x
EVTOPTAplot_events_CK2plus.48;I wonder who was behind it...;Je me demande bien qui peut être derrière tout ça…;;;Me pregunto quien puede estar detrás de todo esto...;;;;;;;;;x
EVTDESCplot_events_CK2plus.49;My vassals refused to believe the fabricated evidence of [From.GetTitledFirstName]'s treason. Although the scheme has failed, at least there is no evidence of my involvement.;Mes vassaux ont refusé de croire les preuves accusant [From.GetTitledFirstName] de trahison. Bien que le complot ait échoué, au moins n'y a-t-il aucune preuve de mon implication. ;;;Mis vasallos se han negado a creer las pruebas que acusan a [From.GetTitledFirstName] de traición. A pesar de que el complot ha fracasado, al menos no hay ninguna prueba de mi implicación.;;;;;;;;;x
EVTOPTAplot_events_CK2plus.49;It could have been worse...;Cela aurait pu être pire…;;;Podría haber sido peor...;;;;;;;;;x
EVTDESCplot_events_CK2plus.50;Word has reached me that documents indicting me in a plan to revolt against [Root.Liege.GetTitledFirstName] have been circulating through the realm. One of the forger's agents was caught while handing out the forgeries on my lands, and questioning revealed him to be working for [Root.Liege.GetTitledFirstName].;J'ai appris que des documents m'accusant d'ourdir une révolte contre [Root.Liege.GetTitledFirstName] circulaient dans le royaume. L'un des agents du faussaire a été pris alors qu'il distribuait ces contrefaçons sur mes terres. Sous la question il a avoué qu'il travaillait pour [Root.Liege.GetTitledFirstName].;;;Me he enterado que unos documentos me acusan de urdir una revuelta contra [Root.Liege.GetTitledFirstName] circulan por el Reino. Uno de los agentes del falsificador fue detenido mientras distribuía estas falsificaciones en mis tierras. En el interrogatorio reveló que trabajaba para [Root.Liege.GetTitledFirstName].;;;;;;;;;x
EVTOPTAplot_events_CK2plus.50;The bastard!;Vil bâtard !;;;Vil bastardo!;;;;;;;;;x
EVTDESCplot_events_CK2plus.51;My vassals refused to believe the fabricated evidence of [From.GetTitledFirstName]'s treason. What's worse, one of my agents was caught and questioned while circulating the forgeries, and my involvement has been revealed to all my vassals.;Mes vassaux ont refusé de croire les preuves accusant [From.GetTitledFirstName] de trahison. Pire, l'un de mes agents a été arrêté alors qu'il faisait circuler les contrefaçons et tous mes vassaux sont désormais au courant de mon implication dans l'affaire. ;;;Mis vasallos se han negado a creer las pruebas que acusan a [From.GetTitledFirstName] de traición. Peor aún, uno de mis agentes fue detenido mientras distribuía las falsificaciones y ahora todos mis vasallos están al corriente de mi implicación en el asunto.;;;;;;;;;x
EVTOPTAplot_events_CK2plus.51;My reputation is ruined!;Ma réputation est ruinée !;;;Mi reputación está arruinada!;;;;;;;;;x
EVTDESC110060;I am dying, but my heir will continue the battle and bring this civil war to a successful conclusion.;Je me meurs, mais mon héritier continuera le combat et remportera cette guerre civile.;Ich sterbe, aber mein Erbe wird die Schlacht fortsetzen und diesen Bürgerkrieg zu einem erfolgreichen Abschluss zu bringen.;;Me estoy muriendo, pero mi heredero continuará el combate y vencerá esta guerra civil.;;;;;;;;;x
EVTOPTA110060;I pass the torch;Je passe le flambeau;Ich pass die Fackel;;Paso el testigo;;;;;;;;;x
EVTDESC110061;[From.GetTitledFirstName] has passed away and I have pledged my support to [From.GetHerHis] successor, [Root.Liege.GetTitledFirstName].;[From.GetTitledFirstName] est décédé et j'ai renouvellé mon soutien à son successeur, [Root.Liege.GetTitledFirstName].;;;[From.GetTitledFirstName] ha muerto y reiteromi apoyo a su sucesor, [Root.Liege.GetTitledFirstName].;;;;;;;;;x
EVTTOOLTIP110044;Supports [This.GetHerHis] new liege in the civil war;Soutient son nouveau suzerain dans la guerre civile ;;;Apoya a su nuevo Señor en la guerra civil;;;;;;;;;x
EVTDESC210037;[From.GetTitledName] has taken advantage of the chaos of the civil war to declare independence.;[From.GetTitledName] a profité du chaos provoqué par la guerre civile pour se déclarer indépendant.;[From.GetTitledName] hat die Gelegenheit genommen aus dem Chaos des Bürgerkriegs die Unabhängigkeit zu erklären.;;[From.GetTitledName] ha aprovechado el caos provocado por la guerra civil para declararse independiente.;;;;;;;;;x
EVTOPTA210037;Traitor!;Traître !;Verräter!;;Traidor!;;;;;;;;;x
EVTDESC110044;My poor reputation has resulted in my heir being almost equally poorly regarded among my peers.;Ma bien piètre réputation a rejailli sur mon héritier qui aussi mal vu que moi par mes pairs.;Meinen schlechten Ruf hat dazu geführt, dass mein Erben fast ebenso schlecht mit meinen Altersgenossen betrachtet wird.;;Mi mala reputación ha salpicado a mi heredero que estará casi tan mal visto como yo por mis iguales.;;;;;;;;;x
EVTDESC3084;Upholding the virtue of Charity means to bear wrongs patiently. There are some people who dislike me personally and wish me bad luck, but I forgive them.;Soutenir les vertus de la charité implique de supporter patiemment les torts que l'on peut vous faire. Il y a certaines personnes qui ne m'aiment pas et ne me souhaite que des mauvaises choses, mais je les pardonne. ;Der Schutz der Tugend der Barmherzigkeit bedeutet Unrecht geduldig zu ertragen. Es gibt einige Leute, die mich mögen und persönlich wünsche mir Pech, aber ich vergebe ihnen.;;Propugnar las virtudes de la caridad implica soportar pacientemente los daños que te puedan hacer. Hay algunas personas que no me quieren nada y me desean cosas horribles, pero los perdono.;;;;;;;;;x
EVTDESC210021;To [Root.GetTitledFirstName] from [From.GetTitledFirstName]\n\nI am shocked and appalled to hear of the rebellion of the treacherous [FromFrom.GetTitledFirstName]. My forces are of course at your disposal, but as the just and benevolent [Root.PrimaryTitle.GetRulerTitle] that I know you to be, I am certain that you will not mind first settling the small territorial dispute that exists between us so that we may stand united on the battlefield, untroubled by such trifling matters.;A [Root.GetTitledFirstName] de [From.GetTitledFirstName]\n\nJ'ai été autant choqué qu’épouvanté en apprenant la rébellion du traître [FromFrom.GetTitledFirstName]. Mes forces sont bien entendu à votre disposition, mais comme je vous sais un juste et bienveillant [Root.PrimaryTitle.GetRulerTitle], je suis certain que vous n’aurez aucune objection à d’abord régler le petit conflit territorial qui existe entre nous, afin que nous puissions nous tenir côte à côte sur le champ de bataille l’esprit libre de toute querelle.;;;Al [Root.GetTitledFirstName] de [From.GetTitledFirstName]\n\nEstoy tan sorprendido como horrorizado al enterarme de la rebelión del traidor [FromFrom.GetTitledFirstName]. Mis fuerzas están a vuestra disposición, pero como sé que sois un justo y benevolente [Root.PrimaryTitle.GetRulerTitle], estoy seguro de que no tendréis ninguna objeción para resolver el pequeño conflicto territorial que existe entre nosotros, para poder estar codo con codo en el campo de batalla sin la mente en otro conflicto.;;;;;;;;;x
EVTOPTA210021;Accept [From.GetHerHis] demands;Accepter sa demande;;;Aceptar sus demandas;;;;;;;;;x
EVTOPTB210021;I will not be blackmailed;On ne me fera pas chanter;;;No seré chantajeado;;;;;;;;;x
EVTTOOLTIP210021;A contested title will be demanded from [Root.Liege.GetTitledFirstName] in exchange for your support;Un titre contesté va être demander à [Root.Liege.GetTitledFirstName] en échange de votre soutien;;;Un título en disputa será exigido a [Root.Liege.GetTitledFirstName] a cambio de tu apoyo.;;;;;;;;;x
EVTDESC210022;To [Root.GetTitledFirstName] from [From.GetTitledFirstName]\n\nI accept your outrageous demands, but know that your treacherous opportunism in my time of need will not be forgotten.;A [Root.GetTitledFirstName] de [From.GetTitledFirstName]\n\nJ'accède à votre odieuse demande, mais sachez bien que votre traître opportunisme quand je suis dans le besoin ne sera pas oublié. ;;;A [Root.GetTitledFirstName] de [From.GetTitledFirstName]\n\nAccedo a vuestra odiosa demanda, pero sabed bien que vuestro oportunismo no será olvidado. ;;;;;;;;;x
EVTOPTA210022;Excellent!;Excellent !;;;Excelente!;;;;;;;;;x
EVTDESC210023;To [Root.GetTitledFirstName] from [From.GetTitledFirstName]\n\nI refuse to bow to your veiled threats. You have no rights to the title you claim, and if you choose to side with the rebels you will hang with all the other traitors.;A [Root.GetTitledFirstName] de [From.GetTitledFirstName]\n\nJe refuse de compisser mes chausses devant vos menaces voilées. Vous n'avez aucun droit sur le titre que vous revendiquez et si vous choisissez de rejoindre les rebelles, vous partagerez la corde de vos nouveaux comparses. ;;;A [Root.GetTitledFirstName] de [From.GetTitledFirstName]\n\nMe niego a cer ante vuestras amenazas veladas. No tenéis ningún derecho sobre el título que reclamáis y si elegís apoyar a los rebeldes, compartiréis la misma cuerda que ellos.;;;;;;;;;x
EVTOPTA210023;[From.GetSheHeCap] will regret this!;[From.GetSheHeCap] le regrettera !;;;[From.GetSheHeCap] se arrepentirá!;;;;;;;;;x
EVTOPTB210023;Oh well, it was worth a try;Tant pis, cela valait le coup d'essayer;;;Lástima, pero valió la pena intentarlo.;;;;;;;;;x
EVTDESC210030;The civil war is over and we have won. My loyal supporters are now eagerly expecting the rewards due for their military service. How should I reward them?;La guerre civile est finie et nous avons gagné. Mes fidèles soutiens attendent désormais leurs récompenses en échange de de leur aide militaire. Comment pourrais-je les récompenser ? ;;;La guerra civil ha acabado y hemos vencido. Mis fieles seguidores esperan sus recompensas a cambio de su ayuda militar. Cómo podría recompensarles?;;;;;;;;;x
EVTOPTA210030;They will be granted tax privileges;Ils bénéficieront de privilèges fiscaux;;;Se beneficiarán de privilegios fiscales;;;;;;;;;x
EVTOPTB210030;They shall have the full honor of our victory;Ils recevront tous les honneurs attachés à notre victoire;;;Recibirán todos los honores de nuestra victoria;;;;;;;;;x
EVTOPTC210030;They will get... nothing!;Ils n'auront… rien !;;;Tendrán...nada!;;;;;;;;;x
EVTDESC210031;[From.GetTitledFirstName] has granted [From.GetHerHis] loyal supporters tax privileges at the expense of the other lords of the realm such as myself.;[From.GetTitledFirstName] a octroyé des privilèges fiscaux à ses fidèles soutiens au détriment des autres seigneurs du royaume tels que moi. ;;;[From.GetTitledFirstName] ha otorgado privilegios fiscales a sus fieles seguidores en detrimento de los demás señores del Reino como yo.;;;;;;;;;x
EVTOPTA210031;Argh!;Argh !;;;Argh!;;;;;;;;;x
EVTDESC210032;[From.GetTitledFirstName] has granted me tax privileges as a reward for my loyal service during the civil war.;[From.GetTitledFirstName] m'a octroyé des privilèges fiscaux en récompense de mes loyaux services durant la guerre civile. ;;;[From.GetTitledFirstName] me ha otorgado privilegios fiscales en recompensa de mis leales servicios durante la guerra civil. ;;;;;;;;;x
EVTOPTA210032;Excellent!;Excellent !;;;Excelente!;;;;;;;;;x
EVTDESC210033;[From.GetTitledFirstName] has granted [From.GetHerHis] loyal supporters glory and honor at the expense of the other lords of the realm such as myself.;[From.GetTitledFirstName] a octroyé gloire et honneurs à ses fidèles soutiens au détriment des autres seigneurs du royaume tels que moi.;;;[From.GetTitledFirstName] ha otorgado gloria y honor a sus fieles seguidores en detrimento de los demáss señores del Reino como yo.;;;;;;;;;x
EVTOPTA210033;Argh!;Argh !;;;Argh!;;;;;;;;;x
EVTDESC210034;[From.GetTitledFirstName] has granted me glory and honor as a reward for my loyal service during the civil war.;[From.GetTitledFirstName] m'a octroyé gloire et honneurs en récompense de mes loyaux services durant la guerre civile. ;;;[From.GetTitledFirstName] me ha otorgado gloria y honor en recompensa de mis leales servicios durante la guerra civil.;;;;;;;;;x
EVTOPTA210034;Excellent!;Excellent !;;;Excelente!;;;;;;;;;x
EVTDESC210035;[From.GetTitledFirstName] has reneged on [From.GetHerHis] promises during the civil war and refused to reward his loyal supporters.;[From.GetTitledFirstName] est revenu sur les promesses qu'il avait faites durant la guerre civile et a refusé de récompenser ses fidèles soutiens. ;;;[From.GetTitledFirstName] olvidó las promesas hechas durante la guerra civil y ha rechazado recompensar a sus fieles seguidores.;;;;;;;;;x
EVTOPTA210035;Treachery!;Trahison !;;;Traición;;;;;;;;;x
opinion_approved_law;Approved Proposed Law;A approuvé la loi proposée;Stimmte Gesetz zu;;Ha aprobado la ley propuesta;;;;;;;;;x
opinion_ignored_law;Rejected Proposed Law;A rejetée la loi proposée;Lehnte Gesetz ab;;Ha rechazado la ley propuesta;;;;;;;;;x
holding_ball;Holding a wedding;Hôte d'un marriage;;;Celebrar una boda;;;;;;;;;x
EVTDESCplot_events_CK2plus.1;An opportunity has arisen to attempt the kidnapping of [Root.PlotTarget.GetTitledName]. My fellow plotters are just waiting for my signal to proceed.;Une occasion se présente pour enlever [Root.PlotTarget.GetTitledName]. Mes complices n'attendent que mon signal pour entrer en action. ;Eine Gelegenheit ist entstanden, um die Entführung von [Root.PlotTarget.GetTitledName] zu versuchen. Meine Verschwörer warten nur auf mein Signal, um fortzufahren.;;Se presenta una ocasión para secuestrar a [Root.PlotTarget.GetTitledName]. Mis cómplices esperan a mi señal para entrar en acción. ;;;;;;;;;x
EVTOPTAplot_events_CK2plus.1;We strike after dark!;Nous frapperons à la tombée de la nuit !;Wir gehen nach Einbruch der Dunkelheit!;;Atacaremos por la noche!;;;;;;;;;x
EVTOPTBplot_events_CK2plus.1;Wait for a better opportunity...;Attendons une meilleure occasion…;Warte auf eine bessere Gelegenheit;;Esperaremos una mejor ocasión;;;;;;;;;x
EVTOPTCplot_events_CK2plus.1;This is too dishonorable;Voilà qui est bien trop vil;Das ist zu unehrenhaft;;Esto es demasiado deshonroso;;;;;;;;;x
EVTDESCplot_events_CK2plus.2;As I was sleeping, [From.GetTitledFirstName] broke into my bedchamber and put a dagger to my throat. I was forced out into the courtyard, where [From.GetHerHis] co-conspirators were waiting on fast horses. [From.GetTitledFirstName] now has me locked up in the basement of [From.GetHerHis] manor and is demanding that I give [From.GetHerHim] the land [From.GetSheHe] considers rightfully [From.GetHerHis]. If I refuse, [From.GetSheHe] is threatening to kill me...;Alors que je dormais, [From.GetTitledFirstName] a pénétré dans ma chambre et m'a mis une dague sous la gorge. J'ai été conduit jusque dans la cour, où ses co-conspirateurs attendaient sur des montures fraîches. Me voilà désormais enfermé au sous-sol du manoir de [From.GetTitledFirstName], qui exige que je lui abandonne les terres qu'[From.GetSheHe] considère légitimement siennes. Si je refuse, [From.GetSheHe] a menacé de me tuer...;Während ich schlief, brach [From.GetTitledFirstName] in meine Kammer ein und setze mir einen Dolch an die Kehle. Ich wurde in den Innenhof gebracht wo bereits [From.GetHerHis]e Mitverschwörer mit schnellen Pferden warteten. [From.GetTitledFirstName] kerkerte mich im Verlies von [From.GetHerHis] ein und verlangte, dass ich [From.GetHerHim] die Ländereien von [From.GetHerHim] an [From.GetSheHe] übergebe, die rechtmäßig [From.GetHerHis] gehören. Wenn ich mich weigere, droht [From.GetSheHe], mich zu töten.;;Mientras dormía, [From.GetTitledFirstName] entró en mis aposentos y me ha puesto una daga en la garganta. He sido conducido hasta el patio, donde los cómplices esperaban con monturas frescas. Ahora estoy encerrado en las mazmorras de [From.GetTitledFirstName], que exige las tierras que considera legítimamente suyas. Si no acepto, me matará...;;;;;;;;;x
EVTOPTAplot_events_CK2plus.2;Take the land, just don't kill me!;Prenez les terres, mais ne me tuez pas!;Nim mein Land , aber töte mich nicht !;;Tomad las tierras, pero no me matéis!;;;;;;;;;x
EVTOPTBplot_events_CK2plus.2;I do not give in to threats;Je ne cède pas aux menaces;Ich gebe Drohungen nicht nach;;No cedo ante las amenazas!;;;;;;;;;x
EVTTOOLTIPplot_events_CK2plus.2;The kidnapping succeeds;L'enlèvement est un succès;Das Kidnapping ist erfolgreich;;El secuestro ha sido un éxito;;;;;;;;;x
EVTDESCplot_events_CK2plus.3;My guards caught [From.GetTitledFirstName] just as [From.GetSheHe] was about to break into my bedchamber, dagger in hand. Under interrogation, [From.GetSheHe] has confessed to planning to kidnap me to force me to give [From.GetHerHim] lands and a title.;Mes gardes ont attrapé [From.GetTitledFirstName] juste au moment où [From.GetSheHe] allait pénétrer dans ma chambre, dague à la main. Sous la question, [From.GetSheHe] a confessé son projet de m'enlever pour me forcer à lui donner des terres et un titre. ;Meine Wachen schnappten [From.GetTitledFirstName] gerade als [From.GetSheHe] versuchte in meine Gemächer einzudringen. Mit einem Dolch in der Hand !. Im Verhör gstand [From.GetSheHe] das er plante mich zu kidnapen um mich zu zwingen Ländereien und Titel an [From.GetHerHim] zu geben.;;Mis guardias han atrapado a [From.GetTitledFirstName] justo cuando intentaba entrar en mis aposentos, daga en mano. En el interrogatorio, ha confesado su plan para secuestrarme y forzarme a cederle tierras y un título. ;;;;;;;;;x
EVTOPTAplot_events_CK2plus.3;Let [From.GetHerHim] rot in jail;Laissez-le(a) pourrir dans les geôles;Laßt [From.GetHerHim] im Kerker verrecken!;;Que se pudra en la cárcel!;;;;;;;;;x
EVTOPTBplot_events_CK2plus.3;The punishment for treason is death!;La punition pour la trahison est la mort !;Die Strafe für den Verrat ist Tod!;;El castigo por traición es la muerte!;;;;;;;;;x
EVTOPTCplot_events_CK2plus.3;I will forgive [From.GetHerHim]... this time.;Je vais le(a) pardonner... Pour cette fois.;Ich vergebe [From.GetHerHim]... Diesmal!;;Le perdonaré...por esta vez.;;;;;;;;;x
EVTTOOLTIPplot_events_CK2plus.3;The kidnapping fails;L'enlèvement est un échec;Das Kidnapping scheitert;;El secuestro ha sido un fracaso;;;;;;;;;x
plot_kidnap_liege_desc;[From.GetTitledFirstName] has decided that kidnapping is the only way to make [This.GetTitledFirstName] give up some of [This.GetHerHis] land.;[From.GetTitledFirstName] a décidé que l'enlèvement constitue le seul moyen de pousser [This.GetTitledFirstName] à abandonner certaines de ses terres. ;[From.GetTitledFirstName] hat sich entschieden, dass Entführung der einzige Weg ist, [This.GetTitledFirstName] zu überzeugen, ein bisschen Land herzugeben.;;[From.GetTitledFirstName] ha decidido que el secuestro es la única manera de que [This.GetTitledFirstName] abandone sus tierras.;;;;;;;;;x
plot_kidnap_character_title;Kidnap [This.GetTitledFirstNameWithDynasty];Enlever [This.GetTitledFirstNameWithDynasty];;;Secuestrar a [This.GetTitledFirstName];;;;;;;;;x
plot_kidnap_character_desc;[From.GetTitledFirstName] wants to see [This.GetTitledFirstName] of [This.Liege.PrimaryTitle.GetName], brought in chains before [From.GetHerHim].;[From.GetTitledFirstName] veut qu'on lui ramène [This.GetTitledFirstName] de [This.Liege.PrimaryTitle.GetName] enchaîné.;;;[From.GetTitledFirstName] quiere que le traigamos a [This.GetTitledFirstName] encadenado.;;;;;;;;;x
plot_instigate_revolt_title;Incite [This.GetTitledFirstName] to Revolt;Inciter [This.GetTitledFirstName] à se révolter.;;;Incitar a [This.GetTitledFirstName] a rebelarse.;;;;;;;;;x
plot_instigate_revolt_desc;[From.GetTitledFirstName] wants to see [This.GetFirstNameWithDynasty], [This.GetTitle] of [This.PrimaryTitle.GetName], at war with [This.Liege.GetTitledFirstName].;[From.GetTitledFirstName] veut voir [This.GetFirstNameWithDynasty], [This.GetTitle] de [This.PrimaryTitle.GetName], partir en guerre contre [This.Liege.GetTitledFirstName].;;;[From.GetTitledFirstName] quiere ver a [This.GetTitledFirstName] en guerra contra [This.Liege.GetTitledFirstName].;;;;;;;;;x
plot_fabricate_treason_title;Fabricate Evidence of [This.GetTitledFirstName]'s Treason;Fabriquer des preuves de la trahison de [This.GetTitledFirstName];;;Fabricar pruebas de la traición de [This.GetTitledFirstName];;;;;;;;;x
plot_fabricate_treason_desc;[From.GetTitledFirstName] wants to convince [This.Liege.GetTitledFirstName] that [This.GetFirstNameWithDynasty], [This.GetTitle] of [This.PrimaryTitle.GetName], is a traitor.;[From.GetTitledFirstName] veut convaincre [This.GetFirstNameWithDynasty], [This.GetTitle] de [This.PrimaryTitle.GetName], que [This.GetTitledFirstName] est un(e) traître(sse). ;;;[From.GetTitledFirstName] quiere convencer a [This.Liege.GetTitledFirstName] que [This.GetTitledFirstName] es un traidor.;;;;;;;;;x
plot_kidnap_liege_title;Abduct [This.GetTitledFirstName];Enlever [This.GetTitledFirstNameWithDynasty];;;Secuestrar a [This.GetTitledFirstName];;;;;;;;;x
EVTDESCplot_events_CK2plus.4;My co-conspirators send word that they have prepared everything we need to discredit [Root.PlotTarget.GetTitledFirstName]. Documents of [Root.PlotTarget.GetHerHis] corruption have been prepared, and courtiers have been bribed to whisper to [Root.Liege.GetTitledFirstName] of [Root.PlotTarget.GetHerHis]'s incompetence. With [Root.PlotTarget.GetHerHis] reputation in tatters, [Root.PlotTarget.GetTitledFirstName] will find it impossible to hold on to [Root.PlotTarget.GetHerHis] position on the council.;Mes co-conspirateurs m'ont informé qu'ils avaient préparé tout ce dont nous avions besoin pour discréditer [Root.PlotTarget.GetTitledFirstName]. Les documents prouvant sa corruption ont été préparé et des courtisans ont été corrompus pour chuchoter des rumeurs sur son incompétence aux d'oreille de [Root.Liege.GetTitledFirstName]. Avec sa réputation en lambeaux, il sera impossible pour [Root.PlotTarget.GetTitledFirstName] de conserver sa position au conseil.;Meine Mitverschwörer senden wort, dass sie alles das wir brauchen, um [Root.PlotTarget.GetTitledFirstName] zu diskreditieren haben. Dokumente um [Root.PlotTarget.GetHerHis] Korruption dar zu legen wurden hergestellt und Höflinge wurden bestochen an [Root.Liege.GetTitledFirstName] zu flüstern von [Root.PlotTarget.GetHerHis]'s Inkompetenz . Mit [Root.PlotTarget.GetHerHis] Ruf in Fetzen, wird [Root.PlotTarget.GetTitledFirstName] es unmöglich finden um [Root.PlotTarget.GetHerHis] Position auf dem Konzil zu halten.;;Mis cómplices me han informado que tenían todo preparado para desacreditar a [Root.PlotTarget.GetTitledFirstName]. Los documentos que demuestran su corrupción estaban preparados y los cortesanos habían sido sobornados por el Consejero de los Rumores de  [Root.Liege.GetTitledFirstName]. Con su reputación por los suelos, le será imposible conservar su puesto en el Consejo.;;;;;;;;;x
EVTOPTAplot_events_CK2plus.4;That position will be mine!;Cette position sera mienne !;Der Position wird mir gehören!;;Ese cargo será mío!;;;;;;;;;x
EVTOPTBplot_events_CK2plus.4;Wait for a better opportunity;Attendre une meilleure occasion;Warte für eine bessere Zeit möglichkeit;;Esperar una mejor ocasión;;;;;;;;;x
EVTDESCplot_events_CK2plus.5;I have found myself the target of a vicious campaign of slander at court. Rumors of incompetence and corruption have undermined the authority of my position, and it seems that even [Root.Liege.GetTitledName] have come to believe them as I have been removed from my position at the council.;J'ai été la cible d'une infâme campagne de calomnies à la cour. Les rumeurs de corruption et d'incompétences ont amoindri l'autorité de ma position et il semble que même [Root.Liege.GetTitledName] en est venu à croire en ces balivernes car j'ai été démis de mes fonctions au conseil. ;Ich bin das Ziel einer bösartigen Verleumdungskampagne bei Hof. Gerüchte von Inkompetenz und Korruption haben die Autorität meiner Position untergraben, und es scheint, dass auch [Root.Liege.GetTitledName] an die Entscheidung gekommen, sie zu glauben, als ich von meiner Position auf dem Konzil entfernt wurden.;;He sido el blanco de una infame campaña de calumnias en la corte. Los rumores de corrupción y de incompetencia han socavado mi autoridad y posición y parece que hasta el mismo [Root.Liege.GetTitledName] se las ha creído y me ha destituido del Consejo. ;;;;;;;;;x
EVTOPTAplot_events_CK2plus.5;I am ruined!;Je suis ruiné !;Ich bin ruiniert!;;Estoy perdido!;;;;;;;;;x
EVTDESCplot_events_CK2plus.6;The attempt to discredit [From.GetTitledFirstName] was a success! [Root.Liege.GetTitledFirstName] has dismissed [From.GetHerHim] from the council and [From.GetHerHis] position is now vacant and ready for me to occupy.;La tentative de discréditer [From.GetTitledFirstName] a été un succès ! [Root.Liege.GetTitledFirstName] l'a renvoyé du conseil. Sa place est désormais vacante et n’attend plus que moi.;Der Versuch, [From.GetTitledFirstName] zu diskreditieren war erfolgreich! [Root.Liege.GetTitledFirstName] hat [From.GetHerHim] aus dem Rat abgewiesen und [From.GetHerHis] Position ist jetzt frei und bereit für mich zu besetzen.;;El intento de desacreditar a [From.GetTitledFirstName] ha sido un éxito! [Root.Liege.GetTitledFirstName] lo ha destituido del Consejo. Su lugar está vacante y me está esperando.;;;;;;;;;x
EVTOPTAplot_events_CK2plus.6;Excellent!;Excellent !;Gut!;;Excelente!;;;;;;;;;x
EVTDESCplot_events_CK2plus.7;Lately it seems that I have heard nothing but bad of [From.GetTitledFirstName], from whispers of incompetence at court to documents proving [From.GetHerHis] corruption slipped under my bedroom door at night. I refused to believe it at first, but in the end I could not deny the weight of the evidence and was forced to remove [From.GetTitledFirstName] from [From.GetHerHis] position at court.;Dernièrement je n'ai entendu que de mauvaises choses sur [From.GetTitledFirstName], des rumeurs de cour sur son incompétence ou des documents prouvant sa corruption déposés dans mes appartements. J'ai d'abord réfusé d'y croire mais je ne puis désormais fermer les yeux sur ces preuves et j'ai été forcé de démettre [From.GetTitledFirstName] de ses fonctions à la cour.;In letzter Zeit scheint es, dass ich nichts hörte, außer schlechtes von [From.GetTitledFirstName]. Von Flüstern der Inkompetenz am Hof, zur Dokumente von [From.GetHerHis] Korruption von die unter meiner Schlafzimmertür eines Nachtes geschlüpft wurde. Ich weigerte mich, es zuerst zu glauben, aber am Ende konnte ich es nicht leugnen. Das Gewicht der Beweismittel zwang mich [From.GetTitledFirstName] aus [From.GetHerHis] Stellung beim Hof zu entfernen.;;Últimamente solo he escuchado cosas malas de [From.GetTitledFirstName], rumores de la corte sobre su incompetencia o documentos que prueban su corrupción depositados en mis aposentos. Al principio me negué a creerlo pero ya no puedo ignorar las evidencias y me he visto forzado a destituir a [From.GetTitledFirstName] de su cargo en el Consejo.;;;;;;;;;x
EVTOPTAplot_events_CK2plus.7;It had to be done;Je devais le faire;Es musste getan werden.;;Debía hacerlo;;;;;;;;;x
EVTDESCplot_events_CK2plus.8;I have found myself the target of a vicious campaign of slander at court. Whispers of incompetence and accusations of corruption have been directed at me, but fortunately [Root.Liege.GetTitledFirstName] have refused to give them credence and ordered an investigation into the source of the rumors. Although the investigation turned up nothing, my position at court is secure.;Je me suis retrouvé la cible d'une infâme campagne de calomnies à la cour. Des rumeurs d'incompétence et des accusations de corruptions me visaient mais heureusement [Root.Liege.GetTitledFirstName] a refusé de donner du crédit à ces balivernes et a ordonné une enquête sur la source de ces rumeurs. Bien que l'enquête n'ait rien donné, ma position à la cour n'est pas remise en cause. ;Ich habe mich das Ziel einer bösartigen Verleumdungskampagne beim Hof gefunden. Flüstern der Inkompetenz und vorwürfe der Korruptions sind mir angerichtet. Glücklicherweiser hat [Root.Liege.GetTitledFirstName] sich geweigert die Glaubwürdigkeit diese vorwürfe zu würdigen und dazu geordnet eine Untersuchung der Quelle diese Gerüchte. Obwohl die Untersuchung nichts tauchte ist meine Position beim Hof sicher.;;He sido el blanco de una infame campaña de calumnias en la corte. Los rumores de corrupción y de incompetencia han socavado mi autoridad y posición pero afortunadamente [Root.Liege.GetTitledFirstName] se negó a creer esas calumnias y ha ordenado una investigación sobre el origen de los rumores. A pesar de que la investigación no tuvo éxito, mi posición en la corte no está cuestionada. ;;;;;;;;;x
EVTOPTAplot_events_CK2plus.8;Who could have instigated such an underhanded scheme?;Qui a bien pu manigancer un plan aussi sournois ?;;;Quén ha podido diseñar un plan tan retorcido?;;;;;;;;;x
EVTDESCplot_events_CK2plus.9;Despite the rumors and accusations directed at [From.GetTitledFirstName], [Root.Liege.GetTitledFirstName] refused to dismiss [From.GetHerHim] from the council and has ordered an investigation into the source of the rumors. Fortunately, the investigation turned up no evidence of my involvement.;Malgré les rumeurs et les accusations dirigées contre [From.GetTitledFirstName], [Root.Liege.GetTitledFirstName] a refusé de le renvoyer du conseil et a ordonné une enquête sur les sources de ces rumeurs. Heureusement, l'enquête n'a pu trouver aucune preuve de mon implication.;;;A pesar de los rumores y acusaciones dirigidas contra [From.GetTitledFirstName], [Root.Liege.GetTitledFirstName] ha rechazado despedirlo del Consejo y ha ordenado una investigación sobre el origen de los rumores. Afortunadamente, la investigación no ha encontrado ninguna prueba de mi implicación.;;;;;;;;;x
EVTOPTAplot_events_CK2plus.9;It could have been worse...;Cela aurait pu être pire…;;;Podría haber sido peor...;;;;;;;;;x
EVTDESCplot_events_CK2plus.10;Lately it seems that I have heard nothing but bad of [From.GetTitledFirstName], from whispers of incompetence at court to documents proving [From.GetHerHis] corruption slipped under my bedroom door at night. I refused to believe the accusations, and ordered an investigation into the source of the rumors. A thorough questioning of the court turned up nothing, but has at least put a stop to the slanderous accusations.;Dernièrement, je n'ai entendu que de mauvaises choses sur [From.GetTitledFirstName], des rumeurs de cour sur son incompétence ou des documents prouvant sa corruption déposés dans mes appartements. J'ai refusé de croire à ces accusation et j'ai ordonné l'ouverture d'une enquête sur les sources de ces rumeurs. Un interrogatoire minutieux de la cour n'a rien donné mais a au moins mis fin aux accusations calomnieuses. ;;;Últimamente solo he escuchado cosas malas de [From.GetTitledFirstName], rumores de la corte sobre su incompetencia o documentos que prueban su corrupción depositados en mis aposentos. No me creí esas acusacionessation y he ordenado una investigación sobre el origen de los rumores. Un interrogatorio minucioso de la corte no dio mucho resultado, pero al menos puso fin a esas acusaciones calumniosas.;;;;;;;;;x
EVTOPTAplot_events_CK2plus.10;Who could have instigated such an underhanded scheme?;Qui a bien pu manigancer un plan aussi sournois ?;;;Quén ha podido diseñar un plan tan retorcido?;;;;;;;;;x
EVTDESCplot_events_CK2plus.11;I have found myself the target of a vicious campaign of slander at court. Whispers of incompetence and accusations of corruption have been directed at me, but fortunately [Root.Liege.GetTitledFirstName] have refused to give them credence and ordered an investigation into the source of the rumors. One of the conspirators broke under questioning and mentioned the name of [From.GetTitledName]...;J'ai été la cible d'une infâme campagne de calomnies à la cour. Des rumeurs d'incompétence et des accusations de corruptions me visaient mais heureusement [Root.Liege.GetTitledFirstName] a refusé de donner du crédit à ces balivernes et a ordonné une enquête sur la source de ces rumeurs. L'un des conspirateurs a craqué durant l'interrogatoire et a mentionné le nom de [From.GetTitledName]...;;;He sido el blanco de una infame campaña de calumnias en la corte. Los rumores de corrupción y de incompetencia han socavado mi autoridad y posición pero afortunadamente [Root.Liege.GetTitledFirstName] se negó a creer esas calumnias y ha ordenado una investigación sobre el origen de los rumores. Uno de los conspiradores no aguantó el interrogatorio y mencionó el nombre de [From.GetTitledName]...;;;;;;;;;x
EVTOPTAplot_events_CK2plus.11;[From.GetTitledFirstName] will pay for this!;[From.GetTitledFirstName] va payer pour ça !;;;[From.GetTitledFirstName] pagará por esto!;;;;;;;;;x
EVTDESCplot_events_CK2plus.12;Despite the rumors and accusations directed at [From.GetTitledFirstName], [Root.Liege.GetTitledFirstName] refused to dismiss [From.GetHerHim] from the council. Even worse, [Root.Liege.GetFirstName] ordered an investigation into the source of the rumors, which turned up evidence of my involvement...;Malgré les rumeurs et les accusations dirigées contre [From.GetTitledFirstName], [Root.Liege.GetTitledFirstName] a refusé de le renvoyer du conseil et a ordonné une enquête sur les sources de ces rumeurs. Pire encore, ladite enquête a abouti sur mon implication…;;;A pesar de los rumores y acusaciones dirigidas contra [From.GetTitledFirstName], [Root.Liege.GetTitledFirstName] ha rechazado despedirlo del Consejo y ha ordenado una investigación sobre el origen de los rumores. Peor aún, dicha investigación llevó a destapar mi implicación…;;;;;;;;;x
EVTOPTAplot_events_CK2plus.12;[Root.Liege.GetTitledFirstName] is not pleased...;[Root.Liege.GetTitledFirstName] n'est pas content…;;;[Root.Liege.GetTitledFirstName] no está contento…;;;;;;;;;x
EVTDESCplot_events_CK2plus.13;Lately it seems that I have heard nothing but bad of [From.GetTitledFirstName], from whispers of incompetence at court to documents proving [From.GetHerHis] corruption slipped under my bedroom door at night. I refused to believe the accusations, and ordered an investigation into the source of the rumors. One of the conspirators broke under questioning and mentioned the name of [FromFrom.GetTitledName]...;Dernièrement, je n'ai entendu que de mauvaises choses sur [From.GetTitledFirstName], des rumeurs de cour sur son incompétence ou des documents prouvant sa corruption déposés dans mes appartements. J'ai refusé de croire à ces accusation et j'ai ordonné l'ouverture d'une enquête sur les sources de ces rumeurs. L'un des conspirateurs a craqué durant l'interrogatoire et a mentionné le nom de [FromFrom.GetTitledName]...;;;Últimamente solo he escuchado cosas malas de [From.GetTitledFirstName], rumores de la corte sobre su incompetencia o documentos que prueban su corrupción depositados en mis aposentos. No me creí esas acusacionessation y he ordenado una investigación sobre el origen de los rumores. Uno de los conspiradores no aguantó el interrogatorio y mencionó el nombre de [From.GetTitledName]...;;;;;;;;;x
EVTOPTAplot_events_CK2plus.13;[FromFrom.GetTitledFirstName] will pay for this!;[FromFrom.GetTitledFirstName] va payer pour ça !;;;[FromFrom.GetTitledFirstName] pagará por esto!;;;;;;;;;x
EVTDESCplot_events_CK2plus.14;The tithes and taxes for [Root.Liege.GetTitledFirstName] are on their way to [Root.Liege.GetHerHis] castle and my co-conspirators have bribed the guards not to notice if a chest or two should go 'missing'. Everything is ready for the robbery to proceed.;Les impôts et les taxes destinés à [Root.Liege.GetTitledFirstName] sont en route vers son château et mes co-conspirateurs ont soudoyé les gardes pour qu'ils ferment les yeux sur la disparition d'un coffre ou deux. Tout est prêt pour le vol.;;;Los diezmos e impuestos destinados a [Root.Liege.GetTitledFirstName] están de camino a su castillo y mis cómplices han sobornado a los guardias para que hagan la vista gorda sobre la desaparición de un cofre o dos. Todo listo para el robo.;;;;;;;;;x
EVTOPTAplot_events_CK2plus.14;We'll all be rich!;Nous serons tous riches !;;;Seremos ricos!;;;;;;;;;x
EVTOPTBplot_events_CK2plus.14;Wait for a better opportunity;Attendre une meilleure occasion;;;Esperar una mejor ocasión;;;;;;;;;x
EVTDESCplot_events_CK2plus.15;The taxes and tithes due to me arrived at the castle today and were placed in the treasury. As I was inspecting the chests full of gold, it struck me that there seemed to be fewer of them than what had arrived earlier. A quick check of the treasurer's accounts revealed my worst fears...;Les impôts et les taxes qui me sont dûs sont arrivées au château aujourd'hui et ont été transportées à la trésorerie. Alors que j'inspectais les coffres pleins d'or, j'ai été frappé par leur nombre, bien moindre que la dernière fois. Un rapide contrôle des comptes du trésorier a conforté mes craintes...;;;Los diezmos e impuestos debidos llegaron hoy al castillo y han sido transportados a la tesorería. Cuando inspeccionaba los cofres de oro, me sorprendió la cantidad, mucho menor que la vez anterior. Un rápido vistazo en las cuentas del tesorero acrecentó mis temores...;;;;;;;;;x
EVTOPTAplot_events_CK2plus.15;I have been robbed!;J'ai été volé !;;;Me han robado!;;;;;;;;;x
EVTDESCplot_events_CK2plus.16;As the taxes were being hauled into the treasury, several large chests full of gold made their way onto the back of a wagon which left the castle unnoticed. The gold is now safely locked away in my treasury and my co-conspirators have all received their share.;Alors que le revenu des taxes était envoyé à la trésorerie, plusieurs grands coffres remplis d'or ont continué leur chemin à l'arrière d'un chariot qui a quitté le château sans être inquiété. L'or est désormais en sécurité dans ma trésorerie et mes co-conspirateurs ont tous reçu leur part.;;;Cuando los impuestos fueron enviados a la tesorería, varios cofres llenos de oro continuaron su camino en un carro que abandonó el castillo sin levantar sospechas. El oro ya está en mi tesorería y mis cómplices han recibido su parte.;;;;;;;;;x
EVTOPTAplot_events_CK2plus.16;Everything went as planned!;Tout s'est déroulé comme prévu !;;;Todo se ha desarrollado según lo previsto!;;;;;;;;;x
EVTDESCplot_events_CK2plus.17;I have received my share of the money embezzled by [From.GetTitledFirstName] from [From.Liege.GetTitledFirstName].;J'ai reçu ma part de l'argent de [From.Liege.GetTitledFirstName] détourné par [From.GetTitledFirstName].;;;He recibido mi parte del dinero [From.Liege.GetTitledFirstName] desfalcado por [From.GetTitledFirstName].;;;;;;;;;x
EVTOPTAplot_events_CK2plus.17;Excellent!;Excellent !;;;Excelente!;;;;;;;;;x
EVTDESCplot_events_CK2plus.18;The taxes and tithes due to me arrived at the castle today. As I was watching the money being carried into the treasury, I noticed some shadowy figures trying to make off with several chests full of gold. I had my guards seize them, and under questioning they revealed themselves to be in the employ of [From.GetTitledFirstName]. What shall be done with my thieving vassal?;Les impôts et les taxes qui me sont dûs sont arrivées au château aujourd'hui. Alors que je surveillais le transfert de l'argent à la trésorerie, j'ai remarqué des ombres tentant de s'enfuir à toutes jambes avec des coffres remplis d'or. Mes gardes les ont attrapés. Sous la question ils ont révélé qu'ils étaient employés par [From.GetTitledFirstName]. Que devrais-je faire de ce vassal voleur ? ;;;Los diezmos e impuestos debidos llegaron hoy al castillo. Mientras vigiliba la transferencia de los cofres a la tesorería, noté como unas sombras intentaban huir con varios cofres repletos de oro. Mis guardias les atraparon. Tras interrogarlos, revelaron que trabajaban para [From.GetTitledFirstName]. Qué debería hacer con este vasallo ladrón?;;;;;;;;;x
EVTOPTAplot_events_CK2plus.18;Throw [From.GetTitledFirstName] in irons!;Jeter [From.GetTitledFirstName] aux fers !;;;Meted a [From.GetTitledFirstName] entre barrotes!;;;;;;;;;x
EVTOPTBplot_events_CK2plus.18;Off with [From.GetHerHis] head!;Qu'on lui tranche le col !;;;Cortadle la cabeza!;;;;;;;;;x
EVTOPTCplot_events_CK2plus.18;Forgive [From.GetHerHim];Offrons-lui le pardon;;;Perdonadlo;;;;;;;;;x
EVTDESCplot_events_CK2plus.19;As the taxes were being hauled into the treasury, my men tried to make off with several chests of gold but were spotted by [From.GetTitledFirstName], who had come out to inspect the process [From.GetHerHim]self. Under questioning they revealed to myself to be in my employ, and now [From.GetTitledFirstName] knows that I attempted to rob [From.GetHerHim].;Alors que les impôts étaient transportés à la trésorerie, mes hommes ont tenté de s'enfuir avec plusieurs coffres remplis d'or mais ils ont été vus par [From.GetTitledFirstName] qui était sorti pour surveiller les opérations. Sous la question ils ont avoué que je les avais employés. [From.GetTitledFirstName] sait désormais que j'ai tenté de le voler. ;;;Cuando los impuestos estaban siendo transportados a la tesorería, mis hombres intentaron huir con varios cofres llenos de oro, pero fueron vistos por [From.GetTitledFirstName] que había salido para vigilar la operación. En el interrogatorio confesaron que estaban a mis órdenes. [From.GetTitledFirstName] sabe que le he intentado robar. ;;;;;;;;;x
EVTOPTAplot_events_CK2plus.19;Retribution is sure to come...;Je vais sûrement recevoir la monnaie de ma pièce…;;;Seguramente se vengue...;;;;;;;;;x
EVTDESCplot_events_CK2plus.20;[Root.PlotTarget.GetTitledFirstNameNoRegnal] [Root.PlotTarget.GetOnlyDynastyName] will soon be leaving the castle to go on a trip to the countryside with only a small guard. My co-conspirators have prepared an ambush and are only waiting for my signal to attack the carriage and abduct [Root.PlotTarget.GetHerHim].;[Root.PlotTarget.GetTitledFirstName] va bientôt quitter le château avec seulement quelques gardes pour faire une tournée dans les campagnes. Mes co-conspirateurs ont préparé une embuscade et n'attendent que mon signal pour attaquer sa petite troupe et l'enlever.;;;[Root.PlotTarget.GetTitledFirstNameNoRegnal] [Root.PlotTarget.GetOnlyDynastyName] abandonará pronto el castillo con unos pocos guardias para dar una vuelta por el campo. Mis cómplices han preparado una emboscada y esperan mi señal para atacar al carruaje y secuestrarlo.;;;;;;;;;x
EVTOPTAplot_events_CK2plus.20;Send the signal!;Envoyer le signal !;;;Enviar la señal!;;;;;;;;;x
EVTOPTBplot_events_CK2plus.20;Wait for a better opportunity;Attendre une meilleure occasion;;;Esperar una mejor ocasión;;;;;;;;;x
EVTDESCplot_events_CK2plus.21;As I was travelling through the countryside, a band of masked thugs on horses attacked my carriage. My guards fled or were cut down were they stood, and I found myself blindfolded, bound and thrown over the back of a horse. When my blindfold was removed, I was in the dungeons of [From.GetTitledFirstNameWithDynastyNoRegnal] in [From.Capital.GetName].;Alors que je voyageais à travers la campagne, une bande de bandits masqués et montés sur des chevaux a attaqué ma petite troupe. Mes gardes ont fui ou ont été tués, je me suis retrouvé les yeux bandés, ligoté et déposé sur un cheval comme un vulgaire sac de grain. Lorsque l'on m'a enlevé le bandeau je me trouvais dans les cachots de [From.GetTitledFirstNameNoRegnal].;;;Mientras viajaba por el campo, una banda de bandidos enmascarados y montados en caballos atacó mi carruaje. Mis guardias huyeron o murieron, y me encontré con los ojos vendados, atado y colocado en un caballo como un vulgar saco de grano. Cuando me quitaron la venda de los ojos me encontraba en los calabazos de [From.GetTitledFirstNameWithDynastyNoRegnal] en [From.Capital.GetName].;;;;;;;;;x
EVTOPTAplot_events_CK2plus.21;I'll get [From.GetHerHim] for this!;Je le(a) tuerai pour ça !;;;Lo mataré por esto!;;;;;;;;;x
EVTDESCplot_events_CK2plus.22;We ambushed [From.GetTitledFirstNameWithDynastyNoRegnal]'s carriage on a lonely stretch of road in the countryside. The guards scattered before us, and one of my men blindfolded and bound [From.GetTitledFirstNameNoRegnal]. [From.GetSheHeCap] is now safely locked away in my dungeon, to do with as I please.;Nous avons tendu une embuscade à la petite troupe de [From.GetTitledFirstName] alors qu'elle s'engageait sur une petite route de campagne. Les gardes ont vite été dispersés et l'un de mes hommes s'est emparé de [From.GetTitledFirstName] avant de lui bander les yeux et de l'attacher à un cheval. [From.GetSheHeCap] est désormais sous bonne garde dans mes cachots, à ma merci.;;;Tendimos una emboscada al carruaje de [From.GetTitledFirstNameWithDynastyNoRegnal] mientras atravesaba un pequeño camino rural. Los guardias se dispersaron rápidamente y uno de mis hombres se apoderó de [From.GetTitledFirstNameNoRegnal] y le vendó los ojos y lo ató a su caballo. Está ahora a buen recaudo en mi calabozo.;;;;;;;;;x
EVTOPTAplot_events_CK2plus.22;Excellent!;Excellent !;;;Excelente!;;;;;;;;;x
EVTDESCplot_events_CK2plus.2299;My [From.GetRootRelation] [From.GetTitledFirstNameWithDynastyNoRegnal] was known to be travelling near [From.Capital.GetName], but has since gone missing. The guards protecting [From.GetHerHim] were found butchered in the road with no survivors, with no sign of my [From.GetRootRelation] nearby. We have heard rumours that [From.GetSheHe] is now being held captive by [FromFrom.GetTitledFirstNameWithDynastyNoRegnal] in [FromFrom.Capital.GetName].;Mon(a) [From.GetRootRelation] [From.GetTitledFirstNameWithDynastyNoRegnal] a été aperçu(e) près de [From.Capital.GetName], mais a depuis disparu. Les gardes qui le(a) protégeaient ont été retrouvés morts, mais aucune trace de mon(a) [From.GetRootRelation]. Nous avons entendu des rumeurs selon lesquelles [From.GetSheHe] serait retenu(e) captif(ve) par [FromFrom.GetTitledFirstNameWithDynastyNoRegnal] à [FromFrom.Capital.GetName].;;;Mi [From.GetRootRelation] [From.GetTitledFirstNameWithDynastyNoRegnal] fue visto cerca de [From.Capital.GetName], pero ha desaparecido. Los guardias que lo protegían fueron encontrados muertos, pero sin ningún rastro de mi [From.GetRootRelation]. Hemos oído rumores que hablan de que podría estar cautivo en [FromFrom.Capital.GetName] por [FromFrom.GetTitledFirstNameWithDynastyNoRegnal].;;;;;;;;;x
EVTOPTAplot_events_CK2plus.2299;This would seem an outrage!;Quelle provocation !;;;Es un ultraje!;;;;;;;;;x
EVTDESCplot_events_CK2plus.23;As I was travelling through the countryside, a band of masked thugs on horses attacked my carriage. After a brief skirmish my guards fought them off, but unfortunately failed to take any captives.;Alors que je voyageais à travers la campagne, une bande de bandits montés sur des chevaux a attaqué ma petite troupe. Après une courte escarmouche mes gardes les ont repoussés mais n’ont malheureusement pu capturer aucun d’entre eux. ;;;Mientras viajaba por el campo, una banda de bandidos enmascarados y montados en caballos atacó mi carruaje. Tras una breve escaramuza, mis guardias los rechazaron pero desafortunadamente no pudieron capturar a ninguno de ellos. ;;;;;;;;;x
EVTOPTAplot_events_CK2plus.23;Who could have sent them?!;Qui a bien pu les engager ?;;;Quién los habrá enviado?;;;;;;;;;x
EVTDESCplot_events_CK2plus.24;We ambushed [From.GetTitledFirstNameWithDynastyNoRegnal]'s carriage on a lonely stretch of road in the countryside. The guards put up a fierce resistance, and after a brief skirmish we were forced to retreat without accomplishing our objective.;Nous avons tendu une embuscade à la petite troupe de [From.GetTitledFirstName] alors qu'elle s'engageait sur une petite route de campagne. Les gardes ont opposé une forte résistance et après une brève escarmouche nous avons été forcés de battre en retraire sans avoir accompli la mission. ;;;Tendimos una emboscada al carruaje de [From.GetTitledFirstNameWithDynastyNoRegnal] mientras atravesaba un pequeño camino rural. Los guardias opusieron una fuerte resistencia y tras una breve escaramuza nos forzaron a batirnos en retirada sin cumplir la misión. ;;;;;;;;;x
EVTOPTAplot_events_CK2plus.24;At least there are no clues to my involvement...;Au moins n'y a-t-il aucune trace de mon implication…;;;Al menos no hay pruebas de mi implicación...;;;;;;;;;x
EVTDESCplot_events_CK2plus.2499;As my [From.GetRootRelation] [From.GetTitledFirstNameWithDynastyNoRegnal] was travelling through the countryside, a band of masked thugs on horses attacked [From.GetHerHis] carriage. After a brief skirmish the guards fought them off, but unfortunately failed to take any captives.;Alors que mon(a) [From.GetRootRelation] [From.GetTitledFirstNameWithDynastyNoRegnal] voyageait à travers la campagne, une bande de bandits montés sur des chevaux a attaqué sa petite troupe. Après une courte escarmouche ses gardes les ont repoussés, mais n'ont malheureusement pas pu en capturer. ;;;Mientras mi [From.GetRootRelation] [From.GetTitledFirstNameWithDynastyNoRegnal] viajaba por el campo, una banda de bandidos enmascarados y montados en caballos atacó su carruaje. Tras una breve escaramuza, sus guardias los rechazaron, pero desafortunadamente no pudieron capturar a ninguno.;;;;;;;;;x
EVTOPTAplot_events_CK2plus.2499;Who could have sent them?!;Qui a bien pu les engager ?;;;Quién los habrá enviado?;;;;;;;;;x
EVTDESCplot_events_CK2plus.25;As I was travelling through the countryside, a band of masked thugs on horses attacked my carriage. After a brief skirmish my guards fought them off, taking several of them prisoner. After some interrogation, they revealed themselves to be working under orders from [From.GetTitledFirstNameWithDynastyNoRegnal] to abduct me.;Alors que je voyageais à travers la campagne, une bande de bandits masqués et montés sur des chevaux a attaqué ma petite troupe. Après une courte escarmouche mes gardes les ont repoussés, en capturant certains au passage. Un interrogatoire a révélé qu'ils étaient aux ordres de [From.GetTitledFirstName] et avaient pour mission de m'enlever. ;;;;;;;;;;;;x
EVTOPTAplot_events_CK2plus.25;That [GetRootFromInsult] will pay for this!;[From.GetTitledFirstName] va payer pour ça !;;;Ese [GetRootFromInsult] pagará por esto!;;;;;;;;;x
EVTDESCplot_events_CK2plus.26;We ambushed [From.GetTitledFirstNameWithDynastyNoRegnal]'s carriage on a lonely stretch of road in the countryside. The guards put up a fierce resistance, and several of my men were captured before we could escape.;Nous avons tendu une embuscade à la petite troupe de [From.GetTitledFirstName] alors qu'elle s'engageait sur une petite route de campagne. Les gardes ont opposé une forte résistance et plusieurs de mes hommes ont été capturés avant que nous ne parvenions à battre en retraite. ;;;Tendimos una emboscada al carruaje de [From.GetTitledFirstNameWithDynastyNoRegnal] mientras atravesaba un pequeño camino rural. Los guardias opusieron una fuerte resistencia y tras una breve escaramuza capturaron a varios de mis hombres antes de poder batirnos en retirada.;;;;;;;;;x
EVTOPTAplot_events_CK2plus.26;[From.GetTitledFirstNameNoRegnal] must know that I sent them...;[From.GetTitledFirstName] doit maintenant savoir que je les ai envoyés…;;;[From.GetTitledFirstNameNoRegnal] ya debe saber quien los envió…;;;;;;;;;x
EVTDESCplot_events_CK2plus.2699;As my [From.GetRootRelation] [From.GetTitledFirstNameWithDynastyNoRegnal] was travelling through the countryside, a band of masked thugs on horses attacked [From.GetHerHis] carriage. After a brief skirmish the guards fought them off, taking several of them prisoner. After some interrogation, they revealed themselves to be working under orders from [FromFrom.GetTitledFirstNameWithDynastyNoRegnal] to abduct my [From.GetRootRelation].;Alors que mon(a) [From.GetRootRelation] [From.GetTitledFirstNameWithDynastyNoRegnal]  voyageait à travers la campagne, une bande de bandits montés sur des chevaux a attaqué sa petite troupe. Après une courte escarmouche ses gardes les ont repoussés, et sont parvenus à en caoturer quelques-uns.Un interrogatoire a révélé qu'ils étaient aux ordres de [FromFrom.GetTitledFirstNameWithDynastyNoRegnal] et qu'ils avaient pour mission d'enlever mon(a) [From.GetRootRelation].;;;;;;;;;;;;x
EVTOPTAplot_events_CK2plus.2699;What low behaviour!;Quelle bassese !;;;Qué bajeza!;;;;;;;;;x
EVTDESCplot_events_CK2plus.27;My co-conspirators have fabricated evidence that [Root.PlotTarget.GetTitledFirstName]'s liege is planning to move against him. As soon as I give the word, they will present this information to [Root.PlotTarget.GetHerHim] along with my seal to convince [From.GetHerHim] of their authenticity.;Mes co-conspirateurs ont fabriqué des documents prouvant que le suzerain de [Root.PlotTarget.GetTitledFirstName] projette de s'attaquer à lui. Dès que je donnerai l'ordre, ils les lui présenteront avec mon sceau pour le convaincre leur authenticité.;;;Mis cómplices han fabricado unos documentos que indican que el Señor de [Root.PlotTarget.GetTitledFirstName] planea atacarlo. A mi orden, se las presentaran con mi sello para convencerle de su autenticidad.;;;;;;;;;x
EVTOPTAplot_events_CK2plus.27;This should force [Root.PlotTarget.GetHerHis] hand...;Cela devrait forcer la main de [Root.PlotTarget.GetHerHis]…;;;Esto debería forzar a [Root.PlotTarget.GetHerHis] a actuar…;;;;;;;;;x
EVTOPTBplot_events_CK2plus.27;Wait for a better opportunity;Attendre une meilleure occasion;;;Esperar una mejor ocasión;;;;;;;;;x
EVTDESCplot_events_CK2plus.28;A letter arrived today from [From.GetTitledName]. Inside was incontroversible evidence that [Root.Liege.GetTitledFirstName] is planning to have me arrested and banished on trumped-up charges of treason.;Aujourd'hui est arrivé un corbeau de [From.GetTitledName]. Il apportait la preuve incontestable que [Root.Liege.GetTitledFirstName] projette de me faire arrêter et de me bannir sous de fausses accusations de trahison.;;;Hoy ha llegado un cuervo de [From.GetTitledName]. Trae documentos que prueban que [Root.Liege.GetTitledFirstName] planea detenerme y desterrarme bajo falsas acusaciones de traición.;;;;;;;;;x
EVTOPTAplot_events_CK2plus.28;Thanks to [From.GetTitledFirstName], I may still have a chance!;Grâce à [From.GetTitledFirstName], j'ai peut-être encore une chance !;;;Gracias a [From.GetTitledFirstName], todavía tengo una oportunidad!;;;;;;;;;x
EVTDESCplot_events_CK2plus.29;[From.GetTitledFirstName] was completely fooled by the fabricated evidence I sent [From.GetHerHim] and has risen up in revolt against [From.GetHerHis] liege.;[From.GetTitledFirstName] a été complètement dupé par les fausses preuves que je lui ai envoyé et s'est révolté contre son suzerain. ;;;[From.GetTitledFirstName] ha sido completamente engañado con las pruebas falsas que le he enviado y se ha rebelado contra su Señor. ;;;;;;;;;x
EVTOPTAplot_events_CK2plus.29;Gullible fool!;Imbécile et crédule, que de qualités !;;;Tonto crédulo!;;;;;;;;;x
EVTDESCplot_events_CK2plus.30;[From.GetTitledFirstName] has revolted against me, citing 'evidence' of plans to have [From.GetHerHim] arrested and banished. This is undoubtedly the plot of one of my enemies seeking to undermine my power.;"[From.GetTitledFirstName] s'est révolté(e) contre moi au nom de ""preuves"" quant à un plan de ma part pour le(a) faire arrêter et bannir. C'est sans aucun doute possible un complot de l'un de mes ennemis pour m'affaiblir.";;;"[From.GetTitledFirstName] se ha rebelado contra mi en nombre de unas ""pruebas"" que hablan de un plan por mi parte de arrestarlo y desterrarlo. Sin duda se trata de un complot de uno de mis enemigos para debilitarme.";;;;;;;;;x
EVTOPTAplot_events_CK2plus.30;Who could have done such a thing?!;Qui a bien pu faire une chose pareille ?;;;Quién ha podido hacer una cosa de ese estilo?;;;;;;;;;x
EVTDESCplot_events_CK2plus.31;A letter arrived today from [From.GetTitledName]. Inside was incontroversible evidence that [Root.Liege.GetTitledFirstName] is planning to have me arrested and banished on trumped-up charges of treason.;Aujourd'hui est arrivé un corbeau de [From.GetTitledName]. Il apportait la preuve incontestable que [Root.Liege.GetTitledFirstName] projette de me faire arrêter et de me bannir sous de fausses accusations de trahison.;;;Hoy ha llegado un cuervo de [From.GetTitledName]. Trae documentos que prueban que [Root.Liege.GetTitledFirstName] planea detenerme y desterrarme bajo falsas acusaciones de traición.;;;;;;;;;x
EVTOPTAplot_events_CK2plus.31;I refuse to believe it...;Je refuse de le croire…;;;No me lo creo...;;;;;;;;;x
EVTDESCplot_events_CK2plus.32;[From.GetTitledFirstName] was not convinced by the fabricate evidence I sent [From.GetHerHim], and has informed [From.GetHerHis] liege of its contents.;[From.GetTitledFirstName] n'a pas été convaincu par la fausse preuve que je lui ai envoyé et a informé son suzerain de son contenu. ;;;[From.GetTitledFirstName] no ha sido convencido por la prueba falsa que le he enviado y ha informado a su Señor de su contenido.;;;;;;;;;x
EVTOPTAplot_events_CK2plus.32;This will not help my reputation...;Cela ne va pas aider ma réputation…;;;Esto no ayudará a mi reputación...;;;;;;;;;x
EVTDESCplot_events_CK2plus.33;[From.GetTitledFirstName] has told me of a letter containing fabricated evidence of a plot to have [From.GetHerHim] arrested and banished. The letter was sent by [FromFrom.GetTitledFirstName], who is undoubtedly trying to incite revolt against me to undermine my power.;[From.GetTitledFirstName] m'a parlé d'une lettre contenant de fausses preuves m'accusant de comploter contre lui pour le faire arrêter et le bannir. Le corbeau venait de [FromFrom.GetTitledFirstName], qui essaye sans aucun doute d'inciter à des révoltes contre moi pour m'affaiblir. ;;;[From.GetTitledFirstName] me ha hablado de una carta que contiene pruebas falsas acusándome de conspirar contra él para detenerlo y desterrarlo. El cuervo venía de [FromFrom.GetTitledFirstName], que intenta sin lugar a dudas incitar revueltas contra mi para debilitarme.;;;;;;;;;x
EVTOPTAplot_events_CK2plus.33;The loyalty of [From.GetTitledFirstName] shall not go unrewarded;La loyauté de [From.GetTitledFirstName] sera récompensé;;;La lealtad de [From.GetTitledFirstName] será recompensada;;;;;;;;;x
EVTDESCplot_events_CK2plus.34;My co-conspirators have fabricated evidence that [Root.PlotTarget.GetTitledFirstName] is planning a revolt against [Root.PlotTarget.Liege.GetHerHis] liege. The evidence will discreetly find its way into the hands of [Root.PlotTarget.Liege.GetTitledFirstName], who cannot fail to act on it.;"Mes co-conspirateurs ont fabriqué un document prouvant que [Root.PlotTarget.GetTitledFirstName] projette de se révolter contre son suzerain. La ""preuve"" va trouver son chemin jusqu'à [Root.PlotTarget.Liege.GetTitledFirstName], qui ne manquera pas d'agir en conséquence. ";;;"Mis cómplices han fabricado un documento que prueba que [Root.PlotTarget.GetTitledFirstName] planea rebelarse contra su Señor. La ""prueba"" seguirá su camino hacia [Root.PlotTarget.Liege.GetTitledFirstName], que actuará en consecuencia.";;;;;;;;;x
EVTOPTAplot_events_CK2plus.34;I will see [Root.PlotTarget.Liege.GetTitledFirstName] disgraced!;Je vais enfin assister à la disgrâce de [Root.PlotTarget.Liege.GetTitledFirstName] !;;;Seré testigo de la desgracia de [Root.PlotTarget.Liege.GetTitledFirstName]!;;;;;;;;;x
EVTOPTBplot_events_CK2plus.34;Wait for a better opportunity;Attendre une meilleure occasion;;;Esperar una mejor ocasión;;;;;;;;;x
EVTDESCplot_events_CK2plus.35;Word has reached me that [Root.Liege.GetTitledFirstName] has publicly accused me of treason based on evidence found in some documents that were slipped under [Root.Liege.GetHerHis] bedroom door.;Je viens d'apprendre que [Root.Liege.GetTitledFirstName] m'a publiquement accusé de trahison, se basant sur une preuve trouvée dans des documents glissés sous la porte de ses appartements.;;;Acabo de enterarme que [Root.Liege.GetTitledFirstName] me ha acusado públicamente de traición, basándose en una prueba encontrada en un documento dejado en sus aposentos.;;;;;;;;;x
EVTOPTAplot_events_CK2plus.35;This must be a scheme to see me arrested!;C'est sûrement un complot pour me faire arrêter;;;Parece ser un complot para que me detengan.;;;;;;;;;x
EVTDESCplot_events_CK2plus.36;[From.Liege.GetTitledFirstName] was completely fooled by the fabricated evidence of [From.GetTitledFirstName]'s treason. It can only be a matter of time before [From.GetSheHe] is arrested.;[From.Liege.GetTitledFirstName] a été complètement dupé par la fausse preuve de la trahison de [From.GetTitledFirstName]. Ce n'est plus qu'une question de temps avant qu'[From.GetSheHe] ne soit arrêté(e).;;;[From.Liege.GetTitledFirstName] ha sido completamente engañado por la prueba falsa de traición de [From.GetTitledFirstName]. No es más que cuestión de tiempo que le detengan.;;;;;;;;;x
EVTOPTAplot_events_CK2plus.36;Excellent!;Excellent !;;;Excelente!;;;;;;;;;x
EVTDESCplot_events_CK2plus.37;As I rose from bed, I found a small bundle of documents that had been slipped beneath my bedroom door. The documents contained evidence of [From.GetTitledFirstName]'s plans to depose me and seize the throne.;Au saut du lit, j'ai trouvé une petite liasse de documents qui avait été glissée sous la porte de mes appartements. Les documents contenaient la preuve d'un complot de [From.GetTitledFirstName] pour me déposer et s'accaparer le trône. ;;;Enfrente de la cama, encontré una pequeña carpeta con documentos que habían deslizado por debajo de la puerta de mis aposentos. Los documentos contenían la prueba de un complot de [From.GetTitledFirstName] para deponerme y hacerse con el trono.;;;;;;;;;x
EVTOPTAplot_events_CK2plus.37;I must have [From.GetHerHim] arrested!;Je veux le voir arrêté !;;;Quiero verlo arrestado!;;;;;;;;;x
EVTDESCplot_events_CK2plus.38;[From.Liege.GetTitledFirstName] refused to believe the fabricated evidence of [From.GetTitledFirstName]'s treason. Although the scheme has failed, at least there is no evidence of my involvement.;"Quelqu'un a tenté de me faire arrêter pour trahison en glissant des ""preuves"" sous la porte des appartements de [Root.Liege.GetTitledFirstName], mais heureusement [Root.Liege.GetSheHe] n'a pas cru ces mensonges. ";;;[From.Liege.GetTitledFirstName] no se creyó la prueba falsa de la traición de [From.GetTitledFirstName]. A pesar de que el plan ha fracasado, no hay ninguna prueba de mi implicación.;;;;;;;;;x
EVTOPTAplot_events_CK2plus.38;It could have been worse...;Je me demande qui a bien pu envoyer ces documents.;;;Podría haber sido peor...;;;;;;;;;x
EVTDESCplot_events_CK2plus.39;Someone tried to have me arrested for treason by slipping fabricated 'evidence' under [Root.Liege.GetTitledFirstName]'s bedroom door, but fortunately [Root.Liege.GetSheHe] did not believe in the lies presented to [Root.Liege.GetHerHim].;[From.Liege.GetTitledFirstName] a refusé de croire la fausse preuve de la trahison de [From.GetTitledFirstName]. Bien que le plan ait échoué, il n'y a aucune preuve quant à mon implication.;;;"Alguien ha intentado que me arresten por traición deslizando ""pruebas"" por debajo de la puerta de los aposentos de [Root.Liege.GetTitledFirstName], pero afortunadamente, no ha creído semejantes mentiras.";;;;;;;;;x
EVTOPTAplot_events_CK2plus.39;I wonder who sent it...;Cela aurait pu être pire…;;;Me pregunto quien pudo enviar esos documentos.;;;;;;;;;x
EVTDESCplot_events_CK2plus.40;As I rose from bed, I found a small bundle of documents that had been slipped beneath my bedroom door. The documents contained evidence of [From.GetTitledFirstName]'s plans to depose me and seize the throne.;Au saut du lit, j'ai trouvé une petite liasse de documents qui avait été glissée sous la porte de mes appartements. Les documents contenaient la preuve d'un complot de [From.GetTitledFirstName] pour me déposer et s'accaparer le trône. ;;;Enfrente de la cama, encontré una pequeña carpeta con documentos que habían deslizado por debajo de la puerta de mis aposentos. Los documentos contenían la prueba de un complot de [From.GetTitledFirstName] para deponerme y hacerse con el trono.;;;;;;;;;x
EVTOPTAplot_events_CK2plus.40;Nothing but lies and slander;Rien que des mensonges et des calmonies. ;;;Nada más que mentiras y calumnias.;;;;;;;;;x
EVTDESCplot_events_CK2plus.41;[From.GetTitledFirstName] tried to have me arrested for treason by slipping fabricated 'evidence' under [Root.Liege.GetTitledFirstName]'s bedroom door, but fortunately [Root.Liege.GetSheHe] caught [From.GetHerHis] agent in the act and now it is [From.GetTitledFirstName] that stands accused of treason.;"[From.GetTitledFirstName] a tenté de me faire arrêter pour trahison en glissant des ""preuves"" sous la porte des appartements de [Root.Liege.GetTitledFirstName], mais heureusement [Root.Liege.GetSheHe] a attrapé son agent en flagrant délit et c'est maintenant [From.GetTitledFirstName] qui est accusé de trahison. ";;;"[From.GetTitledFirstName] ha intentado que me arresten por traición deslizando ""pruebas"" por debajo de la puerta de los aposentos de [Root.Liege.GetTitledFirstName], pero afortunadamente, atraparon a su agente con las manos en la masa y ha sido [From.GetTitledFirstName] quien ha sido acusado de traición";;;;;;;;;x
EVTOPTAplot_events_CK2plus.41;The bastard!;Vil bâtard !;;;Vil bastardo!;;;;;;;;;x
EVTDESCplot_events_CK2plus.42;My agent was caught in the act of slipping the fabricated evidence under [From.Liege.GetTitledFirstName]'s bedroom door. Even worse, my involvement was revealed during questioning and now I am the one that stands accused of treason.;Mon agent a été attrapé en flagrant délit alors qu'il glissait la fausse preuve sous la porte des appartements de [From.Liege.GetTitledFirstName]. Pire encore, mon implication dans l'affaire a été révélée durant l'interrogatoire et c'est désormais moi qui suis accusé de trahison. ;;;Mi agente fue atrapado con las manos en la masa mientras deslizaba la prueba falsa por debajo de la puerta de los aposentos de [From.Liege.GetTitledFirstName]. Peor aún, mi implicación en este asunto fue revelada durante el interrogatorio y ahora es a mí al que se le acusa de traición.;;;;;;;;;x
EVTOPTAplot_events_CK2plus.42;This is bad!;Voilà qui est mauvais !;;;Que mal!;;;;;;;;;x
EVTDESCplot_events_CK2plus.43;As I was preparing for sleep, I heard a scuffle from outside my bedroom door. Rushing outside, I found that my guards had seized a cloaked man as he was attempting to slip some documents into the room. Under questioning, he revealed that he was working for [FromFrom.GetTitledFirstName] and that the documents were fabricated evidence intended to turn me against my vassal [From.GetTitledFirstName].;Alors que j'allais me coucher, j'ai entendu du bruit provenant de derrière la porte de mes appartements. Sortant dans le couloir, j'ai découvert que mes gardes avaient appréhendé un homme encapuchonné alors qu'il tentait de glisser quelques documents dans ma chambre. Sous la question, il a avoué qu'il travaillait pour [FromFrom.GetTitledFirstName] et que les documents étaient de fausses preuves ayant pour but d'accuser mon vassal [From.GetTitledFirstName].;;;Cuando me iba dormir, escuché un ruido proviniente de detrás de la puerta de mis aposentos. Al salir al pasillo, descubrí que mis guardias habían detenido a un hombre encapuchado mientras intentaba deslizar algunos documentos por debajo de mi puerta. En el interrogatorio, reveló que trabajaba para [FromFrom.GetTitledFirstName] y que los documentos eran pruebas falsas con el objetivo de acusar a mi vasallo [From.GetTitledFirstName].;;;;;;;;;x
repay_loan_50;Repay Loan;Rembourser un prêt;Darlehen zurückzahlen;;Liquidar un préstamo;;;;;;;;;x
repay_loan_50_desc;Repay the full amount of the loan you have taken.;Rembourser la totalité de la somme que vous avez empruntée;Rückzahlung des gesamten Darlehens, das Sie genommen haben.;;Reembolsar la totalidad de la suma del préstamo;;;;;;;;;x
repay_loan_100;Repay Loan;Rembourser un prêt;Darlehen zurückzahlen;;Liquidar un préstamo;;;;;;;;;x
repay_loan_100_desc;Repay the full amount of the loan you have taken.;Rembourser la totalité de la somme que vous avez empruntée;Rückzahlung des gesamten Darlehens, das Sie genommen haben.;;Reembolsar la totalidad de la suma del préstamo;;;;;;;;;x
repay_loan_200;Repay Loan;Rembourser un prêt;Darlehen zurückzahlen;;Liquidar un préstamo;;;;;;;;;x
repay_loan_200_desc;Repay the full amount of the loan you have taken.;Rembourser la totalité de la somme que vous avez empruntée;Rückzahlung des gesamten Darlehens, das Sie genommen haben.;;Reembolsar la totalidad de la suma del préstamo;;;;;;;;;x
repay_loan_400;Repay Loan;Rembourser un prêt;Darlehen zurückzahlen;;Liquidar un préstamo;;;;;;;;;x
repay_loan_400_desc;Repay the full amount of the loan you have taken.;Rembourser la totalité de la somme que vous avez empruntée;Rückzahlung des gesamten Darlehens, das Sie genommen haben.;;Reembolsar la totalidad de la suma del préstamo;;;;;;;;;x
repay_loan_600;Repay Loan;Rembourser un prêt;Darlehen zurückzahlen;;Liquidar un préstamo;;;;;;;;;x
repay_loan_600_desc;Repay the full amount of the loan you have taken.;Rembourser la totalité de la somme que vous avez empruntée;Rückzahlung des gesamten Darlehens, das Sie genommen haben.;;Reembolsar la totalidad de la suma del préstamo;;;;;;;;;x
repay_loan_800;Repay Loan;Rembourser un prêt;Darlehen zurückzahlen;;Liquidar un préstamo;;;;;;;;;x
repay_loan_800_desc;Repay the full amount of the loan you have taken.;Rembourser la totalité de la somme que vous avez empruntée;Rückzahlung des gesamten Darlehens, das Sie genommen haben.;;Reembolsar la totalidad de la suma del préstamo;;;;;;;;;x
repay_loan_1000;Repay Loan;Rembourser un prêt;Darlehen zurückzahlen;;Liquidar un préstamo;;;;;;;;;x
repay_loan_1000_desc;Repay the full amount of the loan you have taken.;Rembourser la totalité de la somme que vous avez empruntée;Rückzahlung des gesamten Darlehens, das Sie genommen haben.;;Reembolsar la totalidad de la suma del préstamo;;;;;;;;;x
EVTDESC64200;I have grown increasingly attached to [Root.Spouse.GetFirstName], and though our marriage was merely a practical arrangement I wonder if I have now come to love [Root.Spouse.GetHerHim].;Je suis de plus en plus attaché(e) à [Root.Spouse.GetFirstName], et quoique notre mariage n'ait été qu'un arrangement pratique, je me demande si je n'en suis pas venu(e) à l’aimer sincèrement.;Ich fühle mich immer mehr zu [Root.Spouse.GetFirstName] hingezogen, und das obwohl unsere Ehre eher zweckmäßig war bisher. Ich frage mich ob ich Liebe gegenüber [Root.Spouse.GetHerHim] empfinde.;;Estoy cada vez más apegado a [Root.Spouse.GetFirstName], y aunque nuestro matrimonio fue un arreglo práctico, me pregunto si no estoy empezando a sentir amor verdadero.;;;;;;;;;x
EVTOPTA64200;This is a marriage of love;C'est un mariage d'amour;Das ist eine Ehe der Liebe;;Es un matrimonio de amor;;;;;;;;;x
EVTOPTB64200;But all the other girls!;Mais toutes les autres filles...!;Aber all die anderen Mädchen!;;Pero todas las demás mujeres...!;;;;;;;;;x
EVTOPTC64200;But all the other boys!;Mais tous les autres garçons...!;Aber all die anderen Jungen!;;Pero todos los demás hombres...!;;;;;;;;;x
EVTOPTD64200;I am not ready to commit fully to [Root.Spouse.GetHerHim];Je ne suis pas prêt(e) à m'engager complètement avec [Root.Spouse.GetFirstName].;Ich bin dazu nicht bereit mich völlig mit [Root.Spouse.GetHerHim] zu binden.;;No estoy preparado para comprometerme del todo con [Root.Spouse.GetFirstName].;;;;;;;;;x
executed_kin;Executed Kinsman;A exécuté un parent;;;Ejecutó a un pariente;;;;;;;;;x
attempted_murder_of_close_kin;Attempted Murder of Kinsman;A tenté de tué un parent;;;Intentó matar a un pariente;;;;;;;;;x
attempted_murder_of_spouse;Attempted Murder of Spouse;A tenté de tué ma(on) épouse(oux);;;Intentó matar a mi cónyuge;;;;;;;;;x
killed_vassal;Killed my Bannermen;A tué mes bannerets;;;Mató a mi vasallo;;;;;;;;;x
EVTDESCdishonorable.2;Being known as a dishonorable murderer is causing me severe mentral stress. Can I really live with what I've done?;Être considéré comme un meurtrier sans honneur me cause un sévère stress. Puis-je réellement vivre avec ce que j'ai fait ? ;Weil bekannt wurde das Ich ein unehrenhafter Mörder bin habe ich Mentale Probleme. Kann ich wirklich damit leben, was ich getan habe?;;Ser considerado un asesino sin honor me causa un severo estrés. Podré vivir con lo qué hice? ;;;;;;;;;x
EVTOPTAdishonorable.2;The guilt weighs heavily on me;La culpabilité pèse lourdement sur mes épaules;Die Schuld lastet schwer auf mir;;La culpa pesa sobre mis hombros;;;;;;;;;x
EVTOPTBdishonorable.2;I'm handling it just fine;Je me remets, tout va bien ;Ich mache mich ganz gut;;Lo estoy llevando bien;;;;;;;;;x
EVTOPTCdishonorable.2;The guilt weighs heavily on me;La culpabilité pèse lourdement sur mes épaules;Die Schuld lastet schwer auf mir;;La culpa pesa sobre mis hombros;;;;;;;;;x
EVTOPTDdishonorable.2;I have no regrets;Je n'ai aucun regrets;Ich hege keine Reue;;No me arrepiento;;;;;;;;;x
EVTDESCdishonorable.3;I was listening in on my courtiers' conversation when I heard one of them call me a murderer. They are clearly working with my enemies!;J'écoutais discrètement la conversation de mes courtisans lorsque j'ai entendu l'un d'eux me désigner comme un meurtrier. Il est clair qu'il travaillent pour mes ennemis ! ;Ich hörte in einem Gespräch meiner Höflinge, das mich einer einen Mörder nannte. Sie arbeiten klar mit meinen Feinden!;;Escuchaba discretamente la conversación de mis cortesanos cuando escuché a uno de ellos llamarme asesino. Está claro que trabaja para mis enemigos! ;;;;;;;;;x
EVTOPTAdishonorable.3;They must die! They must all die!;Ils doivent mourir ! Ils doivent tous mourir ! ;Sie müssen sterben, alle müssen sie sterben !;;Deben morir! Todos deben morir! ;;;;;;;;;x
CUSTOMTOOLTIP33;The plot succeeds;Le complot a réussi;The plot succeeds;;El complot ha sido un éxito;;;;;;;;;x
CUSTOMTOOLTIP34;The plot fails, but is not discovered;Le complot a échoué, mais n'a pas été découvert;The plot fails, but is not discovered;;El complot ha fracasado pero no ha sido descubierto;;;;;;;;;x
CUSTOMTOOLTIP35;The plot fails and is discovered;Le complot a échoué et a été découvert;The plot fails and is discovered;;El complot ha fracasado y ha sido descubierto;;;;;;;;;x
kidnapped_me;Kidnapped Me;M'a kidnappé;;;Me ha secuestrado;;;;;;;;;x
CUSTOMTOOLTIP32;[From.GetTitledFirstName] provokes [This.GetTitledName] to rebel against [This.Liege.GetTitledFirstName]\n;[From.GetTitledFirstName] a poussé [This.GetTitledName] à se rebeller contre [This.Liege.GetTitledFirstName]\n;;;[From.GetTitledFirstName] ha provocado a [This.GetTitledName] para rebelarse contra [This.Liege.GetTitledFirstName]\n;;;;;;;;;x
plot_fabricate_treason_liege_title;Fabricate Evidence of [This.GetTitledFirstName]'s Treason;Fabriquer des preuves de la trahison de [This.GetTitledFirstName];Fabricate Evidence of [This.GetTitledFirstName]'s Treason;;Fabricar pruebas de la traición de [This.GetTitledFirstName];;;;;;;;;x
plot_fabricate_treason_liege_desc;[From.GetTitledFirstName] wants to convince the realm that [This.GetTitledFirstName] is a traitor.;[From.GetTitledFirstName] veut convaincre le royaume que [This.GetTitledFirstName] est un traitre.;[From.GetTitledFirstName] wants to convince the realm that [This.GetTitledFirstName] is a traitor.;;[From.GetTitledFirstName] quiere convencer al reino que [This.GetTitledFirstName] es un traidor.;;;;;;;;;x
opinion_spurned_CK2+;Spurned;Econduit;;;Despreciado;;;;;;;;;x
TOOLTIP190045;Your court will become curious about your relationship.;Votre cour va devenir curieuse à propos de votre relation.;;;Tu corte sentirá curiosidad acerca de tu relación.;;;;;;;;;x
EVTDESC190045;Whilst going about the business of your realm, you have often overheard your courtiers gossiping about your relationship with [Root.Spouse.GetFirstName]. They know it is not one of love and is merely a marriage of convenience, but many question why you don't pursue other companions of the opposite sex...;Tandis que vous vous occupez des affaires de vos états, vous entendez souvent vos courtisans palabrer à propos de votre relation avec [Root.Spouse.GetFirstName]. Ils savent qu'il ne s'agit pas d'amour mais d'un mariage de convenance, mais beaucoup s'interrogent sur la raison pour laquelle vous ne cherchez pas d'autres personnes du sexe opposé... ;;;Mientras te ocupas de los asuntos de tus dominios, escuchas cuchichear a los cortesanos sobre tu relación con [Root.Spouse.GetFirstName]. Saben que no se trata de amor, si no de un matrimonio de conveniencia, pero se preguntan la razón por la cual no buscas otras personas del sexo opuesto...;;;;;;;;;x
EVTOPTA190045;I don't have time, I have my ambitions!;Je n'ai pas le temps, je poursuis d'autres buts plus importants !;;;No tengo tiempo, persigo otros objetivos más importantes!;;;;;;;;;x
EVTOPTB190045;Lately I find men far more...interesting;Ces derniers temps je trouve les hommes… bien plus intéressants.;;;Últimamente encuentro a los hombres...muy interesantes.;;;;;;;;;x
EVTOPTD190045;Lately I find women far more...interesting;Ces derniers temps je trouve les femmes… bien plus intéressantes.;;;Últimamente encuentro a las mujeres...muy interesantes.;;;;;;;;;x
EVTOPTC190045;I am married to the sword;Je suis marié à mon épée.;;;Estoy casado con mi espada.;;;;;;;;;x
EVTOPTD190044;I shouldn't concern myself with such trifles;Pourquoi devrais-je m'intéresser à de telles frivolités ?;;;Por qué debería interesarme de tales frivolidades?;;;;;;;;;x
EVTDESC_Plus_150_transit;Finally, an opportunity has arisen to abduct [Root.PlotTarget.GetTitledName] when [Root.PlotTarget.GetSheHe] takes a planned journey from [Root.PlotTarget.Location.GetName] to a nearby town. Shall I tell my co-conspirators to begin their preparations?;Finalement, une occasion pour enlever [Root.PlotTarget.GetTitledName] lors de son voyage de [Root.PlotTarget.Location.GetName] à une ville voisine est survenue. Dois-je dire à mes co-conspirateurs de commencer les préparatifs ?;Finally, an opportunity has arisen to abduct [Root.PlotTarget.GetTitledName] when [Root.PlotTarget.GetSheHe] takes a planned journey from [Root.PlotTarget.Location.GetName] to a nearby town. Shall I tell my co-conspirators to begin their preparations?;;Finally, an opportunity has arisen to abduct [Root.PlotTarget.GetTitledName] when [Root.PlotTarget.GetSheHe] takes a planned journey from [Root.PlotTarget.Location.GetName] to a nearby town. Shall I tell my co-conspirators to begin their preparations?;;;;;;;;;x
EVTDESC_Plus_150_bed;Finally, an opportunity to abduct [Root.PlotTarget.GetTitledName] has arisen. One of the [Root.PlotTarget.PrimaryTitle.GetRulerTitle]'s personal guard has proven amenable to bribery, allowing for the opportunity to take [Root.PlotTarget.GetHerHim] while [Root.PlotTarget.GetSheHe] sleeps. Shall I tell my co-conspirators to begin their preparations?;Finalement, une occasion pour enlever [Root.PlotTarget.GetTitledName] est apparue. Un des gardes personnels de [Root.PlotTarget.PrimaryTitle.GetRulerTitle] est sensible à la corruption, ce qui nous donne l’occasion de l’enlever pendant son sommeil. Dois-je dire à mes co-conspirateurs de commencer les préparatifs ?;Finally, an opportunity to abduct [Root.PlotTarget.GetTitledName] has arisen. One of the [Root.PlotTarget.PrimaryTitle.GetRulerTitle]'s personal guard has proven amenable to bribery, allowing for the opportunity to take [Root.PlotTarget.GetHerHim] while [Root.PlotTarget.GetSheHe] sleeps. Shall I tell my co-conspirators to begin their preparations?;;Finally, an opportunity to abduct [Root.PlotTarget.GetTitledName] has arisen. One of the [Root.PlotTarget.PrimaryTitle.GetRulerTitle]'s personal guard has proven amenable to bribery, allowing for the opportunity to take [Root.PlotTarget.GetHerHim] while [Root.PlotTarget.GetSheHe] sleeps. Shall I tell my co-conspirators to begin their preparations?;;;;;;;;;x
EVTDESC_Plus_150_hunting;Finally, an opportunity has arisen to abduct [Root.PlotTarget.GetTitledName] when [Root.PlotTarget.GetSheHe] goes on a planned hunting trip over a week from now. The perfect chance to catch [Root.PlotTarget.GetHerHim] away from court! Shall I tell my co-conspirators to begin their preparations?;Finalement, une occasion pour enlever [Root.PlotTarget.GetTitledName] lors de sa chasse prévue la semaine prochaine, est survenue. Dois-je dire à mes co-conspirateurs de commencer les préparatifs ?;Finally, an opportunity has arisen to abduct [Root.PlotTarget.GetTitledName] when [Root.PlotTarget.GetSheHe] goes on a planned hunting trip over a week from now. The perfect chance to catch [Root.PlotTarget.GetHerHim] away from court! Shall I tell my co-conspirators to begin their preparations?;;Finally, an opportunity has arisen to abduct [Root.PlotTarget.GetTitledName] when [Root.PlotTarget.GetSheHe] goes on a planned hunting trip over a week from now. The perfect chance to catch [Root.PlotTarget.GetHerHim] away from court! Shall I tell my co-conspirators to begin their preparations?;;;;;;;;;x
EVTDESC_Plus_150_carouse;Finally, an opportunity to abduct [Root.PlotTarget.GetTitledName] has arisen. The [Root.PlotTarget.GetManWoman]'s amourous nature has betrayed [Root.PlotTarget.GetHerHim]--a planned trip to a brothel in [Root.PlotTarget.Location.GetName] will prove the perfect chance, if we move quickly. Shall I tell my co-conspirators to begin their preparations?;Finalement, une occasion pour enlever [Root.PlotTarget.GetTitledName] est apparue.  Sa nature amoureuse l’a trahi(e)--un voyage prévu au bordel de [Root.PlotTarget.Location.GetName] est l’occasion rêvée pour agir, si nous le faisons vite.quickly. Dois-je dire à mes co-conspirateurs de commencer les préparatifs ?;Finally, an opportunity to abduct [Root.PlotTarget.GetTitledName] has arisen. The [Root.PlotTarget.GetManWoman]'s amourous nature has betrayed [Root.PlotTarget.GetHerHim]--a planned trip to a brothel in [Root.PlotTarget.Location.GetName] will prove the perfect chance, if we move quickly. Shall I tell my co-conspirators to begin their preparations?;;Finally, an opportunity to abduct [Root.PlotTarget.GetTitledName] has arisen. The [Root.PlotTarget.GetManWoman]'s amourous nature has betrayed [Root.PlotTarget.GetHerHim]--a planned trip to a brothel in [Root.PlotTarget.Location.GetName] will prove the perfect chance, if we move quickly. Shall I tell my co-conspirators to begin their preparations?;;;;;;;;;x
EVTOPTA_Plus_150;We must proceed with the plan!;Nous devons mettre le plan en action !;We must proceed with the plan!;;We must proceed with the plan!;;;;;;;;;x
EVTOPTB_Plus_150;Not yet, this is too risky;Pas encore, c’est trop risqué;Not yet, this is too risky;;Not yet, this is too risky;;;;;;;;;x
EVTDESC_Plus_151;At last, after having watched our target here in [Root.Location.GetName] for so long, an opportunity for abduction has arisen. I must tell the others at once!;Enfin, après avoir surveillé votre cible à [Root.Location.GetName] pendant si longtemps, une occasion d’enlèvement est arrivée. Je dois prévenir les autres !;At last, after having watched our target here in [Root.Location.GetName] for so long, an opportunity for abduction has arisen. I must tell the others at once!;;At last, after having watched our target here in [Root.Location.GetName] for so long, an opportunity for abduction has arisen. I must tell the others at once!;;;;;;;;;x
EVTOPTA_Plus_151;With luck, this will be over soon;Avec de la chance, cela sera bientôt terminé;With luck, this will be over soon;;With luck, this will be over soon;;;;;;;;;x
EVTDESC_Plus_152;My dear [Root.GetTitledFirstNameNoRegnal],\nIt seems the opportunity to abduct [From.PlotTarget.GetTitledFirstNameNoRegnal] is finally upon us. I ask that you stand ready to make your move. If we fail this chance, it will not come again quickly.\n\nMy thanks,\n[From.GetTitledName];Cher/chère [Root.GetTitledFirstNameNoRegnal],\nOn dirait que l’occasion d’enlever [From.PlotTarget.GetTitledFirstNameNoRegnal] est enfin arrivée. Je vous demande de rester prêt pour agir. Si nous ratons notre coup, une occasion pareille ne se présentera pas de sitôt.\n\nAvec mes remerciements,\n[From.GetTitledName];My dear [Root.GetTitledFirstNameNoRegnal],\nIt seems the opportunity to abduct [From.PlotTarget.GetTitledFirstNameNoRegnal] is finally upon us. I ask that you stand ready to make your move. If we fail this chance, it will not come again quickly.\n\nMy thanks,\n[From.GetTitledName];;My dear [Root.GetTitledFirstNameNoRegnal],\nIt seems the opportunity to abduct [From.PlotTarget.GetTitledFirstNameNoRegnal] is finally upon us. I ask that you stand ready to make your move. If we fail this chance, it will not come again quickly.\n\nMy thanks,\n[From.GetTitledName];;;;;;;;;x
CUSTOMTOOLTIP_KIDNAP1;The kidnapping is a success\n;L'enlèvement est une réussite\n;The kidnapping is a success\n;;The kidnapping is a success\n;;;;;;;;;x
CUSTOMTOOLTIP_KIDNAP2;We fail, but are not discovered\n;Nous échouons, mais ne sommes point découverts\n;We fail, but are not discovered\n;;We fail, but are not discovered\n;;;;;;;;;x
CUSTOMTOOLTIP_KIDNAP3;Disaster strikes – the plot fails and we're found out\n;Catastrophe ! L'intrigue échoue et nous sommes découverts\n;Disaster strikes – the plot fails and we're found out\n;;Disaster strikes – the plot fails and we're found out\n;;;;;;;;;x
KIDNAP_DECIDE;Will be forced to decide whether to kill you;Sera forcé de décider s’il doit vous tuer;Will be forced to decide whether to kill you;;Will be forced to decide whether to kill you;;;;;;;;;x
KIDNAP_DEMAND_TITLE;Demand that [demanded_title.GetName] be turned over to you, or face the consequences;Exiger que [demanded_title.GetName] vous soit remis, sous peine de représailles;Demand that [demanded_title.GetName] be turned over to you, or face the consequences;;Demand that [demanded_title.GetName] be turned over to you, or face the consequences;;;;;;;;;x
KIDNAP_DEMAND_VASSAL;Demand that [demanded_vassal.GetTitledFirstNameNoRegnal] be turned over to you, or face the consequences;Exiger que [demanded_vassal.GetTitledFirstNameNoRegnal] vous soit remis, sous peine de représailles;Demand that [demanded_vassal.GetTitledFirstNameNoRegnal] be turned over to you, or face the consequences;;Demand that [demanded_vassal.GetTitledFirstNameNoRegnal] be turned over to you, or face the consequences;;;;;;;;;x
KIDNAP_IS_SET_FREE;You will be set free\n;Vous allez être libre\n;You will be set free\n;;You will be set free\n;;;;;;;;;x
KIDNAP_MURDER_DISCOVERED;The murder is discovered by [kidnap_victim.GetTitledFirstNameNoRegnal]'s spymaster;Le meurtre est découvert par le maitre des chuchoteurs de [kidnap_victim.GetTitledFirstNameNoRegnal];The murder is discovered by [kidnap_victim.GetTitledFirstNameNoRegnal]'s spymaster;;The murder is discovered by [kidnap_victim.GetTitledFirstNameNoRegnal]'s spymaster;;;;;;;;;x
KIDNAP_MURDER_DISCOVERED2;The murder is discovered by [kidnap_victim.Liege.GetTitledFirstNameNoRegnal]'s spymaster;Le meurtre est découvert par le maitre des chuchoteurs de  [kidnap_victim.Liege.GetTitledFirstNameNoRegnal];The murder is discovered by [kidnap_victim.Liege.GetTitledFirstNameNoRegnal]'s spymaster;;The murder is discovered by [kidnap_victim.Liege.GetTitledFirstNameNoRegnal]'s spymaster;;;;;;;;;x
KIDNAP_MURDER_NOT_DISCOVERED;No one discovers who murdered [kidnap_victim.GetTitledFirstNameNoRegnal]\n;Personne n’a découvert qui avait tué [kidnap_victim.GetTitledFirstNameNoRegnal]\n;No one discovers who murdered [kidnap_victim.GetTitledFirstNameNoRegnal]\n;;No one discovers who murdered [kidnap_victim.GetTitledFirstNameNoRegnal]\n;;;;;;;;;x
KIDNAP_RELEASED;Will be set free--and will be very angry!;Sera libre et sera très en colère;Will be set free--and will be very angry!;;Will be set free--and will be very angry!;;;;;;;;;x
EVTDESC_Plus_215;Success! [kidnap_victim.GetTitledFirstNameNoRegnal] has been delivered in a sack to an abandoned keep near [kidnap_victim.Location.GetName]. There [kidnap_victim.GetSheHe] is at my mercy, and no-one can hear [kidnap_victim.GetHerHis] screams. All that remains is to decide what to do with [kidnap_victim.GetHerHim].;Succès ! [kidnap_victim.GetTitledFirstNameNoRegnal] a été livré(e) dans un sac dans un donjon abandonné à proximité de [kidnap_victim.Location.GetName]. Là, [kidnap_victim.GetSheHe] est à ma merci et personne ne peut entendre ses cris. Il me reste à décider de son sort.;Success! [kidnap_victim.GetTitledFirstNameNoRegnal] has been delivered in a sack to an abandoned keep near [kidnap_victim.Location.GetName]. There [kidnap_victim.GetSheHe] is at my mercy, and no-one can hear [kidnap_victim.GetHerHis] screams. All that remains is to decide what to do with [kidnap_victim.GetHerHim].;;Success! [kidnap_victim.GetTitledFirstNameNoRegnal] has been delivered in a sack to an abandoned keep near [kidnap_victim.Location.GetName]. There [kidnap_victim.GetSheHe] is at my mercy, and no-one can hear [kidnap_victim.GetHerHis] screams. All that remains is to decide what to do with [kidnap_victim.GetHerHim].;;;;;;;;;x
EVTOPTA_Plus_215;[kidnap_victim.GetSheHeCap] will give me the [demanded_title.GetFullName], or else!;[kidnap_victim.GetSheHeCap] me donnera [demanded_title.GetFullName], ou sinon….;kidnap_victim.GetSheHeCap] will give me the [demanded_title.GetFullName], or else!;;kidnap_victim.GetSheHeCap] will give me the [demanded_title.GetFullName], or else!;;;;;;;;;x
EVTOPTB_Plus_215;[kidnap_victim.GetSheHeCap] will name [demanded_vassal.GetTitledName] my vassal, or else!;[kidnap_victim.GetSheHeCap] nommera [demanded_vassal.GetTitledName] comme étant mon vassal. Ou sinon…;[kidnap_victim.GetSheHeCap] will name [demanded_vassal.GetTitledName] my vassal, or else!;;[kidnap_victim.GetSheHeCap] will name [demanded_vassal.GetTitledName] my vassal, or else!;;;;;;;;;x
EVTOPTC_Plus_215;Bring [kidnap_victim.GetHerHim] to my dungeon--I will decide later;Amener [kidnap_victim.GetHerHim] dans mes geôles-- Je déciderai plus tard;Bring [kidnap_victim.GetHerHim] to my dungeon--I will decide later;;Bring [kidnap_victim.GetHerHim] to my dungeon--I will decide later;;;;;;;;;x
EVTOPTD_Plus_215;Now [kidnap_victim.GetSheHe] dies--quietly;Maintenant, [kidnap_victim.GetSheHe] meurt—paisiblement;Now [kidnap_victim.GetSheHe] dies--quietly;;Now [kidnap_victim.GetSheHe] dies--quietly;;;;;;;;;x
EVTDESC_Plus_216;You are sleeping quite soundly in your bed when you are suddenly rudely awoken by a bag being thrust over your head! You struggle, but it is no use--your captors are strong, and it is not long before you find yourself in the dungeons of [From.GetTitledName]. There, [From.GetSheHe] informs you, you shall remain until [From.GetSheHe] decides otherwise.;Vous dormez profondément dans votre lit quand vous êtes d’un coup réveillé(e) par un sac mis sur votre tête ! Vous vous battez mais en vain. Vos ravisseurs sont trop forts et vous vous retrouvé(e) vite dans les geôles de [From.GetTitledName]. Là, [From.GetSheHe] vous annonce que vous resterez là jusqu’à ce qu’[From.GetSheHe] décide de changer d’avis.;You are sleeping quite soundly in your bed when you are suddenly rudely awoken by a bag being thrust over your head! You struggle, but it is no use--your captors are strong, and it is not long before you find yourself in the dungeons of [From.GetTitledName]. There, [From.GetSheHe] informs you, you shall remain until [From.GetSheHe] decides otherwise.;;You are sleeping quite soundly in your bed when you are suddenly rudely awoken by a bag being thrust over your head! You struggle, but it is no use--your captors are strong, and it is not long before you find yourself in the dungeons of [From.GetTitledName]. There, [From.GetSheHe] informs you, you shall remain until [From.GetSheHe] decides otherwise.;;;;;;;;;x
EVTOPTA_Plus_216;[From.GetSheHeCap] will pay for this outrage!;[From.GetSheHeCap] paiera pour cet outrage !;[From.GetSheHeCap] will pay for this outrage!;;[From.GetSheHeCap] will pay for this outrage!;;;;;;;;;x
EVTDESC_Plus_217;[From.GetTitledName] recently went missing, and after a frantic search by [From.GetHerHis] guards, it seemed as if [From.GetSheHe] had simply vanished into thin air! Not so, apparently. It turns out [From.GetSheHe] was forcibly abducted by agents of [FromFrom.GetTitledName], who intends to keep [From.GetHerHim] in [FromFrom.GetHerHis] dungeons until [FromFrom.GetSheHe] decides otherwise.;[From.GetTitledName] a récemment disparu et après une recherche frénétique de ses gardes, il semble qu’[From.GetSheHe] a simplement disparu dans les airs ! Ou peut-être pas. Il se pourrait bien qu’[From.GetSheHe] ait été enlevé(e) par des agents de  [FromFrom.GetTitledName], qui a l’intention de [From.GetHerHim] garder dans ses geôles jusqu’à ce qu’[FromFrom.GetSheHe] change d’avis.;[From.GetTitledName] recently went missing, and after a frantic search by [From.GetHerHis] guards, it seemed as if [From.GetSheHe] had simply vanished into thin air! Not so, apparently. It turns out [From.GetSheHe] was forcibly abducted by agents of [FromFrom.GetTitledName], who intends to keep [From.GetHerHim] in [FromFrom.GetHerHis] dungeons until [FromFrom.GetSheHe] decides otherwise.;;[From.GetTitledName] recently went missing, and after a frantic search by [From.GetHerHis] guards, it seemed as if [From.GetSheHe] had simply vanished into thin air! Not so, apparently. It turns out [From.GetSheHe] was forcibly abducted by agents of [FromFrom.GetTitledName], who intends to keep [From.GetHerHim] in [FromFrom.GetHerHis] dungeons until [FromFrom.GetSheHe] decides otherwise.;;;;;;;;;x
EVTDESC_Plus_218;You are sleeping quite soundly in your bed when you are suddenly rudely awoken by a bag being thrust over your head! You struggle, but it is no use--your captors are strong, and it is not long before you find yourself in a dungeon. There, [From.GetTitledFirstNameNoRegnal] reveals [From.GetHerHim]self as your captor, and states you have only to hand over the [demanded_title.GetFullName] to achieve your freedom.;Vous dormez profondément dans votre lit quand vous êtes d’un coup réveillé(e) par un sac mis sur votre tête ! Vous vous battez mais en vain. Vos ravisseurs sont trop forts et vous vous retrouvé(e) vite dans des geôles. Là, [From.GetTitledFirstNameNoRegnal] se révèle comme étant votre ravisseur et déclare que vous n’avez qu’à accepter de donner le [demanded_title.GetFullName] pour être libre.;You are sleeping quite soundly in your bed when you are suddenly rudely awoken by a bag being thrust over your head! You struggle, but it is no use--your captors are strong, and it is not long before you find yourself in a dungeon. There, [From.GetTitledFirstNameNoRegnal] reveals [From.GetHerHim]self as your captor, and states you have only to hand over the [demanded_title.GetFullName] to achieve your freedom.;;You are sleeping quite soundly in your bed when you are suddenly rudely awoken by a bag being thrust over your head! You struggle, but it is no use--your captors are strong, and it is not long before you find yourself in a dungeon. There, [From.GetTitledFirstNameNoRegnal] reveals [From.GetHerHim]self as your captor, and states you have only to hand over the [demanded_title.GetFullName] to achieve your freedom.;;;;;;;;;x
EVTOPTA_Plus_218;Take it! Just let me go!;Prenez ce que vous voulez ! Mais laissez-moi partir;Take it! Just let me go!;;Take it! Just let me go!;;;;;;;;;x
EVTOPTB_Plus_218;[From.GetSheHeCap] will get nothing from me!;[From.GetSheHeCap] n’obtiendra rien de moi !;[From.GetSheHeCap] will get nothing from me!;;[From.GetSheHeCap] will get nothing from me!;;;;;;;;;x
EVTDESC_Plus_219;[From.GetTitledFirstNameNoRegnal] clearly didn't like it, but then again you left [From.GetHerHim] little choice. The [demanded_title.GetFullName] is yours. [From.GetTitledFirstNameNoRegnal] has not told anyone exactly how you got the title, of course, but there are whispers. Even so, what does it matter now?;[From.GetTitledFirstNameNoRegnal] n’a clairement pas apprécié mais en même temps, vous ne lui laissez pas vraiment le choix. Le [demanded_title.GetFullName] est maintenant à vous. [From.GetTitledFirstNameNoRegnal] n’a pas dit exactement comment vous avez eu le titre mais des bruits circulent. De toute façon, est-ce si important, maintenant ?;[From.GetTitledFirstNameNoRegnal] clearly didn't like it, but then again you left [From.GetHerHim] little choice. The [demanded_title.GetFullName] is yours. [From.GetTitledFirstNameNoRegnal] has not told anyone exactly how you got the title, of course, but there are whispers. Even so, what does it matter now?;;[From.GetTitledFirstNameNoRegnal] clearly didn't like it, but then again you left [From.GetHerHim] little choice. The [demanded_title.GetFullName] is yours. [From.GetTitledFirstNameNoRegnal] has not told anyone exactly how you got the title, of course, but there are whispers. Even so, what does it matter now?;;;;;;;;;x
EVTDESC_Plus_220;While [From.GetTitledFirstNameNoRegnal] earlier seemed to have no intention of granting the [demanded_title.GetFullName] to anyone, suddenly [From.GetSheHe] changed [From.GetHerHis] mind and granted it to [FromFrom.GetTitledFirstName]. Could this have something to do with [From.GetTitledFirstNameNoRegnal]'s recent unexplained absence from [From.Location.GetName]? No-one appears to know for certain.;Alors qu’au début [From.GetTitledFirstNameNoRegnal] n’avait pas l’intention d’accorder le [demanded_title.GetFullName] à quiconque, d’un coup [From.GetSheHe] a changé d’avis et l’a donné à [FromFrom.GetTitledFirstName]. Cela pourrait-il être lié à sa récente absence inexpliquée de [From.Location.GetName] ? Personne ne sait avec certitude.;While [From.GetTitledFirstNameNoRegnal] earlier seemed to have no intention of granting the [demanded_title.GetFullName] to anyone, suddenly [From.GetSheHe] changed [From.GetHerHis] mind and granted it to [FromFrom.GetTitledFirstName]. Could this have something to do with [From.GetTitledFirstNameNoRegnal]'s recent unexplained absence from [From.Location.GetName]? No-one appears to know for certain.;;While [From.GetTitledFirstNameNoRegnal] earlier seemed to have no intention of granting the [demanded_title.GetFullName] to anyone, suddenly [From.GetSheHe] changed [From.GetHerHis] mind and granted it to [FromFrom.GetTitledFirstName]. Could this have something to do with [From.GetTitledFirstNameNoRegnal]'s recent unexplained absence from [From.Location.GetName]? No-one appears to know for certain.;;;;;;;;;x
EVTDESC_Plus_221;'You will get nothing from me! Do your worst!' [From.GetTitledFirstNameNoRegnal] spits in your face, refusing to give into your demands...though you can clearly see the fear in [From.GetHerHis] face. The [From.GetManWoman] is brave, evidently. So now what?;'Vous n’obtiendrez rien de moi, quoi que vous fassiez ! [From.GetTitledFirstNameNoRegnal] vous crache au visage, refusant de céder à vos exigences… mais vous pouvez lire la crainte sur son visage. La personne est brave, c’est certain. Et maintenant, que faire ? ;'You will get nothing from me! Do your worst!' [From.GetTitledFirstNameNoRegnal] spits in your face, refusing to give into your demands...though you can clearly see the fear in [From.GetHerHis] face. The [From.GetManWoman] is brave, evidently. So now what?;;'You will get nothing from me! Do your worst!' [From.GetTitledFirstNameNoRegnal] spits in your face, refusing to give into your demands...though you can clearly see the fear in [From.GetHerHis] face. The [From.GetManWoman] is brave, evidently. So now what?;;;;;;;;;x
EVTOPTA_Plus_221;Now [From.GetSheHe] rots in my dungeon;Maintenant [From.GetSheHe] pourrit dans mes geôles;Now [From.GetSheHe] rots in my dungeon;;Now [From.GetSheHe] rots in my dungeon;;;;;;;;;x
EVTOPTB_Plus_221;Now [From.GetSheHe] dies--quietly;Maintenant, [From.GetSheHe] meurt—paisiblement;Now [From.GetSheHe] dies--quietly;;Now [From.GetSheHe] dies--quietly;;;;;;;;;x
EVTOPTC_Plus_221;I'm not going to kill [From.GetHerHim]! Just...let [From.GetHerHim] go;Je ne vais pas [From.GetHerHim] tuer ! Juste... [From.GetHerHim] laisser partir;I'm not going to kill [From.GetHerHim]! Just...let [From.GetHerHim] go;;I'm not going to kill [From.GetHerHim]! Just...let [From.GetHerHim] go;;;;;;;;;x
EVTDESC_Plus_222;'Then you will remain a guest in my dungeon until I decide just what to do with you,' [From.GetTitledFirstNameNoRegnal] says with a shrug. With that, [From.GetSheHe] leaves, and you are left in the dark and the cold to wonder whether that was the wisest choice...;'Alors vous resterez comme invité(e) dans mes geôles jusqu’à ce que je décide quoi faire de vous,' dit [From.GetTitledFirstNameNoRegnal] en haussant les épaules. Après avoir dit cela, [From.GetSheHe] s’en va et vous restez dans le froid et l’obscurité en vous demandant si vous avez opté pour le choix le plus sage…;'Then you will remain a guest in my dungeon until I decide just what to do with you,' [From.GetTitledFirstNameNoRegnal] says with a shrug. With that, [From.GetSheHe] leaves, and you are left in the dark and the cold to wonder whether that was the wisest choice...;;'Then you will remain a guest in my dungeon until I decide just what to do with you,' [From.GetTitledFirstNameNoRegnal] says with a shrug. With that, [From.GetSheHe] leaves, and you are left in the dark and the cold to wonder whether that was the wisest choice...;;;;;;;;;x
EVTDESC_Plus_223;After recently vanishing without a trace from [FromFrom.GetHerHis] court, [FromFrom.GetTitledName]'s lifeless corpse was discovered soon afterwards on the bank of a nearby river. People throughout [Root.TopLiege.PrimaryTitle.GetName] are shocked by the scandal, which gets worse when it is revealed that [From.GetTitledName] was behind the deed!;Après avoir disparu de sa cour sans laisser de traces, le corps sans vie de [FromFrom.GetTitledName] a été retrouvé sur la berge d’une rivière voisine. Les gens dans tout [Root.TopLiege.PrimaryTitle.GetName] sont choqués par le scandale et la situation empire quand il est révélé que [From.GetTitledName] a commandité cette action !;After recently vanishing without a trace from [FromFrom.GetHerHis] court, [FromFrom.GetTitledName]'s lifeless corpse was discovered soon afterwards on the bank of a nearby river. People throughout [Root.TopLiege.PrimaryTitle.GetName] are shocked by the scandal, which gets worse when it is revealed that [From.GetTitledName] was behind the deed!;;After recently vanishing without a trace from [FromFrom.GetHerHis] court, [FromFrom.GetTitledName]'s lifeless corpse was discovered soon afterwards on the bank of a nearby river. People throughout [Root.TopLiege.PrimaryTitle.GetName] are shocked by the scandal, which gets worse when it is revealed that [From.GetTitledName] was behind the deed!;;;;;;;;;x
EVTDESC_Plus_224;While [From.GetSheHe] appears torn, it turns out that [From.GetSheHe] cannot, in fact, order your death. [From.GetSheHe] turns and walks out, swearing, and some time later you are discovered by a passing peasant and released. You are unharmed!;Même si [From.GetSheHe] hésite, il se trouve qu’[From.GetSheHe] ne peut pas vous mettre à mort. [From.GetSheHe] s’en va et part en jurant. Un peu plus tard, vous êtes découvert(e) et libéré(e) par un paysan qui passait par là. Vous êtes sain(e) et sauf(ve) !;While [From.GetSheHe] appears torn, it turns out that [From.GetSheHe] cannot, in fact, order your death. [From.GetSheHe] turns and walks out, swearing, and some time later you are discovered by a passing peasant and released. You are unharmed!;;While [From.GetSheHe] appears torn, it turns out that [From.GetSheHe] cannot, in fact, order your death. [From.GetSheHe] turns and walks out, swearing, and some time later you are discovered by a passing peasant and released. You are unharmed!;;;;;;;;;x
EVTOPTA_Plus_224;A relief, but still...;Un soulagement. Même si….;A relief, but still...;;A relief, but still...;;;;;;;;;x
EVTDESC_Plus_225;You are sleeping quite soundly in your bed when you are suddenly rudely awoken by a bag being thrust over your head! You struggle, but it is no use--your captors are strong, and it is not long before you find yourself in a dungeon. There, [From.GetTitledFirstNameNoRegnal] reveals [From.GetHerHim]self as your captor, and states you have only to make [demanded_vassal.GetTitledName] [From.GetHerHis] vassal to achieve your freedom.;Vous dormez profondément dans votre lit quand vous êtes d’un coup réveillé(e) par un sac mis sur votre tête ! Vous vous battez mais en vain.  Vos ravisseurs sont trop forts et vous vous retrouvé(e) vite dans des geôles. Là, [From.GetTitledFirstNameNoRegnal] se révèle comme étant votre ravisseur et déclare que vous n’avez qu’à faire de  [demanded_vassal.GetTitledName] son vassal pour être libre.;You are sleeping quite soundly in your bed when you are suddenly rudely awoken by a bag being thrust over your head! You struggle, but it is no use--your captors are strong, and it is not long before you find yourself in a dungeon. There, [From.GetTitledFirstNameNoRegnal] reveals [From.GetHerHim]self as your captor, and states you have only to make [demanded_vassal.GetTitledName] [From.GetHerHis] vassal to achieve your freedom.;;You are sleeping quite soundly in your bed when you are suddenly rudely awoken by a bag being thrust over your head! You struggle, but it is no use--your captors are strong, and it is not long before you find yourself in a dungeon. There, [From.GetTitledFirstNameNoRegnal] reveals [From.GetHerHim]self as your captor, and states you have only to make [demanded_vassal.GetTitledName] [From.GetHerHis] vassal to achieve your freedom.;;;;;;;;;x
EVTOPTA_Plus_225;Take the vassal, just let me go!;Prenez le vassal mais laissez-moi partir !;Take the vassal, just let me go!;;Take the vassal, just let me go!;;;;;;;;;x
EVTDESC_Plus_226;[Root.GetTitledFirstNameNoRegnal],\nI cannot tell you the reasons behind my decision. Simply trust that they exist. With that in mind, I have elected to transfer your vassalage to [FromFrom.GetTitledName], effective immediately. May [From.Religion.GetHighGodName] have mercy upon us all.\n\nSincerely,\n[From.GetTitledName];[Root.GetTitledFirstNameNoRegnal],\nJe ne peux pas vous dévoiler les raisons de ma décision. Croyez moi simplement sur parole, elles existent. En gardant cela a l’esprit, j’ai décidé de transférer votre vasselage au profit de [FromFrom.GetTitledName], avec effet immédiat. Que [From.Religion.GetHighGodName] ait pitié de nous tous.\n\nSincèrement,\n[From.GetTitledName];[Root.GetTitledFirstNameNoRegnal],\nI cannot tell you the reasons behind my decision. Simply trust that they exist. With that in mind, I have elected to transfer your vassalage to [FromFrom.GetTitledName], effective immediately. May [From.Religion.GetHighGodName] have mercy upon us all.\n\nSincerely,\n[From.GetTitledName];;[Root.GetTitledFirstNameNoRegnal],\nI cannot tell you the reasons behind my decision. Simply trust that they exist. With that in mind, I have elected to transfer your vassalage to [FromFrom.GetTitledName], effective immediately. May [From.Religion.GetHighGodName] have mercy upon us all.\n\nSincerely,\n[From.GetTitledName];;;;;;;;;x
EVTDESC_Plus_227;[From.GetTitledFirstNameNoRegnal] clearly didn't like it, but then again you left [From.GetHerHim] little choice. [demanded_vassal.GetTitledName] is now your vassal. [From.GetTitledFirstNameNoRegnal] has not told anyone exactly how this arrangement came to be, of course, but there are whispers. Even so, what does it matter now?;[From.GetTitledFirstNameNoRegnal] n’a clairement pas apprécié mais en même temps, vous ne lui laissez pas vraiment le choix. [demanded_vassal.GetTitledName] est désormais votre vassal. [From.GetTitledFirstNameNoRegnal] n’a pas dit exactement comment vous avez eu cet arrangement est arrivé mais des bruits circulent. De toute façon, est-ce si important, maintenant ?;[From.GetTitledFirstNameNoRegnal] clearly didn't like it, but then again you left [From.GetHerHim] little choice. [demanded_vassal.GetTitledName] is now your vassal. [From.GetTitledFirstNameNoRegnal] has not told anyone exactly how this arrangement came to be, of course, but there are whispers. Even so, what does it matter now?;;[From.GetTitledFirstNameNoRegnal] clearly didn't like it, but then again you left [From.GetHerHim] little choice. [demanded_vassal.GetTitledName] is now your vassal. [From.GetTitledFirstNameNoRegnal] has not told anyone exactly how this arrangement came to be, of course, but there are whispers. Even so, what does it matter now?;;;;;;;;;x
EVTDESC_Plus_228;While [From.GetTitledFirstNameNoRegnal] earlier seemed to have no intention of surrendering any of [From.GetHerHis] vassals to [FromFrom.GetTitledFirstNameNoRegnal], suddenly [From.GetSheHe] changed [From.GetHerHis] mind and granted [FromFrom.GetHerHim] lordship over [demanded_vassal.GetTitledName]. Could this have something to do with [From.GetTitledFirstNameNoRegnal]'s recent unexplained absence from [From.Location.GetName]? No-one appears to know for certain.;Alors qu’au début [From.GetTitledFirstNameNoRegnal] n’avait pas l’intention de transférer un vasselage à [FromFrom.GetTitledFirstNameNoRegnal], d’un coup [From.GetSheHe] a changé d’avis et a transféré le vasselage de [demanded_vassal.GetTitledName]. Cela pourrait-il être lié à sa récente absence inexpliquée de [From.Location.GetName] ? Personne ne sait avec certitude.;While [From.GetTitledFirstNameNoRegnal] earlier seemed to have no intention of surrendering any of [From.GetHerHis] vassals to [FromFrom.GetTitledFirstNameNoRegnal], suddenly [From.GetSheHe] changed [From.GetHerHis] mind and granted [FromFrom.GetHerHim] lordship over [demanded_vassal.GetTitledName]. Could this have something to do with [From.GetTitledFirstNameNoRegnal]'s recent unexplained absence from [From.Location.GetName]? No-one appears to know for certain.;;While [From.GetTitledFirstNameNoRegnal] earlier seemed to have no intention of surrendering any of [From.GetHerHis] vassals to [FromFrom.GetTitledFirstNameNoRegnal], suddenly [From.GetSheHe] changed [From.GetHerHis] mind and granted [FromFrom.GetHerHim] lordship over [demanded_vassal.GetTitledName]. Could this have something to do with [From.GetTitledFirstNameNoRegnal]'s recent unexplained absence from [From.Location.GetName]? No-one appears to know for certain.;;;;;;;;;x
EVTDESC_Plus_229;Alas, [Root.PlotTarget.GetTitledFirstNameNoRegnal] surprised the kidnappers with the ferocity of [Root.PlotTarget.GetHerHis] struggle, and they were forced to flee when [Root.PlotTarget.GetHerHis] guards came running. While an investigation is underway, currently no-one is aware that you were behind the assault.;Hélas, [Root.PlotTarget.GetTitledFirstNameNoRegnal] a surpris ses ravisseurs par la férocité de sa lutte et ils ont été forcés de fuir alors que les gardes arrivaient. Même si une enquête est en cours, pour le moment, personne ne sait que vous avez commandité cette action.;Alas, [Root.PlotTarget.GetTitledFirstNameNoRegnal] surprised the kidnappers with the ferocity of [Root.PlotTarget.GetHerHis] struggle, and they were forced to flee when [Root.PlotTarget.GetHerHis] guards came running. While an investigation is underway, currently no-one is aware that you were behind the assault.;;Alas, [Root.PlotTarget.GetTitledFirstNameNoRegnal] surprised the kidnappers with the ferocity of [Root.PlotTarget.GetHerHis] struggle, and they were forced to flee when [Root.PlotTarget.GetHerHis] guards came running. While an investigation is underway, currently no-one is aware that you were behind the assault.;;;;;;;;;x
EVTDESC_Plus_230;You are sleeping quite soundly in your bed when you are suddenly rudely awoken by a bag being thrust over your head! Outraged, you struggle--well enough that guards come running, and your kidnappers are forced to flee. Sadly, they escaped...meaning you have no idea who was behind this assault on your person.;Vous dormez profondément dans votre lit quand vous êtes d’un coup réveillé(e) par un sac mis sur votre tête ! Agacé(e), vous résistez assez longtemps pour que les gardes accourent et que vos ravisseurs soient contraints de prendre la fuite. Malheureusement, ils vous ont échappé ce qui signifie que vous n’avez aucune idée de qui a commandité cette action.;You are sleeping quite soundly in your bed when you are suddenly rudely awoken by a bag being thrust over your head! Outraged, you struggle--well enough that guards come running, and your kidnappers are forced to flee. Sadly, they escaped...meaning you have no idea who was behind this assault on your person.;;You are sleeping quite soundly in your bed when you are suddenly rudely awoken by a bag being thrust over your head! Outraged, you struggle--well enough that guards come running, and your kidnappers are forced to flee. Sadly, they escaped...meaning you have no idea who was behind this assault on your person.;;;;;;;;;x
EVTOPTA_Plus_230;Surely SOMEONE must know the truth?!;Il est fort probable que QUELQU’UN connaisse la vérité ?!;Surely SOMEONE must know the truth?!;;Surely SOMEONE must know the truth?!;;;;;;;;;x
EVTDESC_Plus_231;Disaster! [Root.PlotTarget.GetTitledFirstNameNoRegnal] surprised the kidnappers with the ferocity of [Root.PlotTarget.GetHerHis] struggle, and while they fled when guards came running, they were quickly caught. Even worse, the men gave up your name as their employer! You've denied it, naturally, but [Root.PlotTarget.GetTitledFirstNameNoRegnal] clearly does not believe you.;Désastre ! [Root.PlotTarget.GetTitledFirstNameNoRegnal] a surpris ses ravisseurs par la férocité de sa lutte et ils ont été rapidement capturés par les gardes. Pire encore, ils ont lâché votre nom comme commanditaire. Vous avez nié bien entendu mais  [Root.PlotTarget.GetTitledFirstNameNoRegnal] ne vous croit pas.;Disaster! [Root.PlotTarget.GetTitledFirstNameNoRegnal] surprised the kidnappers with the ferocity of [Root.PlotTarget.GetHerHis] struggle, and while they fled when guards came running, they were quickly caught. Even worse, the men gave up your name as their employer! You've denied it, naturally, but [Root.PlotTarget.GetTitledFirstNameNoRegnal] clearly does not believe you.;;Disaster! [Root.PlotTarget.GetTitledFirstNameNoRegnal] surprised the kidnappers with the ferocity of [Root.PlotTarget.GetHerHis] struggle, and while they fled when guards came running, they were quickly caught. Even worse, the men gave up your name as their employer! You've denied it, naturally, but [Root.PlotTarget.GetTitledFirstNameNoRegnal] clearly does not believe you.;;;;;;;;;x
EVTDESC_Plus_232;You are sleeping quite soundly in your bed when you are suddenly rudely awoken by a bag being thrust over your head! Outraged, you struggle--well enough that guards come running, and your kidnappers are forced to flee. They are quickly caught, and upon questioning give up [From.GetTitledName] as their employer. [From.GetSheHeCap] tried to have you abducted!;Vous dormez profondément dans votre lit quand vous êtes d’un coup réveillé(e) par un sac mis sur votre tête ! Agacé(e), vous résistez assez longtemps pour que les gardes accourent et que vos ravisseurs soient contraints de prendre la fuite. Ils ont été rapidement rattrapés et après interrogatoire ont dit que [From.GetTitledName] était leur employeur. [From.GetSheHeCap] a essayé de vous enlever !;You are sleeping quite soundly in your bed when you are suddenly rudely awoken by a bag being thrust over your head! Outraged, you struggle--well enough that guards come running, and your kidnappers are forced to flee. They are quickly caught, and upon questioning give up [From.GetTitledName] as their employer. [From.GetSheHeCap] tried to have you abducted!;;You are sleeping quite soundly in your bed when you are suddenly rudely awoken by a bag being thrust over your head! Outraged, you struggle--well enough that guards come running, and your kidnappers are forced to flee. They are quickly caught, and upon questioning give up [From.GetTitledName] as their employer. [From.GetSheHeCap] tried to have you abducted!;;;;;;;;;x
opinion_kidnapped_kin;Kidnapped a Relative;A Kidnappé un Proche;Kidnapped a Relative;;Kidnapped a Relative;;;;;;;;;x
