#CODE;ENGLISH;FRENCH;GERMAN;;SPANISH;;;;;;;;;x
c_dosh_khaleen;The Dosh Khaleen;Le Dosh Khaleen;;;El Dosh Khaleen;;;;;;;;;x
CRONE;Dosh Khaleen;Dosh Khaleen;;;Dosh Khaleen;;;;;;;;;x
CRONE_FOA;Khaleesi;Khaleesi;;;Khaleesi;;;;;;;;;x
k_dothraki;The Dothraki;Le Dothraki;;;Los Dothraki;;;;;;;;;x
e_khalasar;The Dothraki Sea;La Mer Dothrak;;;El Mar Dothraki;;;;;;;;;x
e_khalasar_adj;Dothraki;Dothraki;;;Dothraki;;;;;;;;;x
k_dothraki;The Dothraki;Le Dothraki;;;Los Dothraki;;;;;;;;;x
k_dothraki_adj;Dothraki;Dothraki;;;Dothraki;;;;;;;;;x
k_ifeqevron;The Ifeqevron;L'Ifeqevron;;;Los Ifequevron;;;;;;;;;x
k_ifeqevron_adj;Ifeqevron;Ifeqevron;;;Ifequevron;;;;;;;;;x
nomadic_emperor_dothraki;Khal;Khal;;;Gran Khal;;;;;;;;;x
nomadic_emperor_female_dothraki;Khaleesi;Khaleesi;;;Gran Khaleesi;;;;;;;;;x
nomadic_emperor_foa_dothraki;Great Khal;Grand Khal;;;Gran Khal;;;;;;;;;x
nomadic_emperor_foa_female_dothraki;Khaleesi;Khaleesi;;;Gran Khaleesi;;;;;;;;;x
nomadic_emperor_title_ruler_consort_dothraki;Khal;Khal;;;Gran Khal;;;;;;;;;x
nomadic_emperor_title_ruler_consort_female_dothraki;Khaleesi;Khaleesi;;;Khaleesi;;;;;;;;;x
nomadic_emperor_title_queen_mother_female_dothraki;Dosh Khaleen;Dosh Khaleen;;;Dosh Khaleen;;;;;;;;;x
nomadic_empire_dothraki;Khalasar;Khalasar;;;Gran Khalasar;;;;;;;;;x
nomadic_empire_of_dothraki;Khalasar of;Khalasar de;;;Gran Khalasar de;;;;;;;;;x
nomadic_title_prince_dothraki;Khalakka;Khalakka;;;Khalakka;;;;;;;;;x
nomadic_title_prince_female_dothraki;Khalakki;Khalakki;;;Khalakki;;;;;;;;;x
nomadic_title_prince_AGOT_dothraki;Khalakka;Khalakka;;;Khalakka;;;;;;;;;x
nomadic_title_prince_AGOT_female_dothraki;Khalakki;Khalakki;;;Khalakki;;;;;;;;;x
nomadic_king_dothraki;Ko;Ko;;;Khal;;;;;;;;;x
nomadic_king_female_dothraki;Ka;Ka;;;Khaleesi;;;;;;;;;x
nomadic_king_foa_dothraki;My Ko;Mon Ko;;;Khal;;;;;;;;;x
nomadic_king_foa_female_dothraki;My Ka;Ma Ka;;;Khaleesi;;;;;;;;;x
nomadic_king_title_ruler_consort_dothraki;Ko;Ko;;;Khal;;;;;;;;;x
nomadic_king_title_ruler_consort_female_dothraki;Ka;Ka;;;Khaleesi;;;;;;;;;x
nomadic_kingdom_dothraki;Khas;Khas;;;Khalasar;;;;;;;;;x
nomadic_kingdom_of_dothraki;Khas of;Khas de;;;Khalasar de;;;;;;;;;x
nomadic_duke_dothraki;Ko;Ko;;;Khas;;;;;;;;;x
nomadic_duke_female_dothraki;Ka;Ka;;;Khasessi;;;;;;;;;x
nomadic_duke_foa_dothraki;My Ko;Mon Ko;;;Khas;;;;;;;;;x
nomadic_duke_foa_female_dothraki;My Ka;Ma Ka;;;Khasessi;;;;;;;;;x
nomadic_duke_title_ruler_consort_dothraki;Ko;Ko;;;Khas;;;;;;;;;x
nomadic_duke_title_ruler_consort_female_dothraki;Ka;Ka;;;Khasessi;;;;;;;;;x
nomadic_duchy_dothraki;Khas;Khas;;;Khas;;;;;;;;;x
nomadic_duchy_of_dothraki;Khas of;Khas de;;;Khas de;;;;;;;;;x
nomadic_count_dothraki;Ko;Ko;;;Ko;;;;;;;;;x
nomadic_count_female_dothraki;Ka;Ka;;;Ka;;;;;;;;;x
nomadic_count_foa_dothraki;My Ko;Mon Ko;;;Ko;;;;;;;;;x
nomadic_count_foa_female_dothraki;My Ka;Ma Ka;;;Ka;;;;;;;;;x
nomadic_count_title_ruler_consort_dothraki;Ko;Ko;;;Ko;;;;;;;;;x
nomadic_count_title_ruler_consort_female_dothraki;Ka;Ka;;;Ka;;;;;;;;;x
nomadic_county_dothraki;Khas;Khas;;;Ko;;;;;;;;;x
nomadic_county_of_dothraki;Khas of;Khas de;;;Ko de;;;;;;;;;x
nomadic_baron_dothraki;Ko;Ko;;;Jaqqa Rhan;;;;;;;;;x
nomadic_baron_female_dothraki;Ka;Ka;;;Jaqqa Rhanessi;;;;;;;;;x
nomadic_baron_foa_dothraki;My Ko;Mon Ko;;;Jaqqa Rhan;;;;;;;;;x
nomadic_baron_foa_female_dothraki;My Ka;Ma Ka;;;Jaqqa Rhanessi;;;;;;;;;x
nomadic_baron_title_ruler_consort_dothraki;Ko;Ko;;;Jaqqa Rhan;;;;;;;;;x
nomadic_baron_title_ruler_consort_female_dothraki;Ka;Ka;;;Jaqqa Rhanessi;;;;;;;;;x
nomadic_barony_dothraki;Khas;Khas;;;Jaqqa;;;;;;;;;x
nomadic_barony_of_dothraki;Khas of;Khas de;;;Jaqqa de;;;;;;;;;x
tribal_emperor_dothraki;Khal;Khal;;;Gran Khal;;;;;;;;;x
tribal_emperor_dothraki;Khaleesi;Khaleesi;;;Gran Khaleesi;;;;;;;;;x
tribal_emperor_foa_dothraki;Great Khal;Grand Khal;;;Gran Khal;;;;;;;;;x
tribal_emperor_foa_female_dothraki;Khaleesi;Khaleesi;;;Gran Khaleesi;;;;;;;;;x
tribal_emperor_title_ruler_consort_dothraki;Khal;Khal;;;Gran Khal;;;;;;;;;x
tribal_emperor_title_ruler_consort_female_dothraki;Khaleesi;Khaleesi;;;Khaleesi;;;;;;;;;x
tribal_emperor_title_queen_mother_female_dothraki;Dosh Khaleen;Dosh Khaleen;;;Dosh Khaleen;;;;;;;;;x
tribal_empire_dothraki;Great Khalasar of;Grand Khalasar de;;;Gran Khalasar;;;;;;;;;x
tribal_empire_of_dothraki;Great Khalasar;Grand Khalasar;;;Gran Khalasar de;;;;;;;;;x
tribal_title_prince_dothraki;Khalakka;Khalakka;;;Khalakka;;;;;;;;;x
tribal_title_prince_female_dothraki;Khalakki;Khalakki;;;Khalakki;;;;;;;;;x
tribal_title_prince_AGOT_dothraki;Khalakka;Khalakka;;;Khalakka;;;;;;;;;x
tribal_title_prince_AGOT_female_dothraki;Khalakki;Khalakki;;;Khalakki;;;;;;;;;x
tribal_king_dothraki;Khal;Khal;;;Khal;;;;;;;;;x
tribal_king_female_dothraki;Khaleesi;Khaleesi;;;Khaleesi;;;;;;;;;x
tribal_king_foa_dothraki;Great Khal;Grand Khal;;;Khal;;;;;;;;;x
tribal_king_foa_female_dothraki;Khaleesi;Khaleesi;;;Khaleesi;;;;;;;;;x
tribal_king_title_ruler_consort_dothraki;Khal;Khal;;;Khal;;;;;;;;;x
tribal_king_title_ruler_consort_female_dothraki;Khaleesi;Khaleesi;;;Khaleesi;;;;;;;;;x
tribal_king_title_queen_mother_female_dothraki;Dosh Khaleen;Dosh Khaleen;;;Dosh Khaleen;;;;;;;;;x
tribal_kingdom_dothraki;Khalasar;Khalasar;;;Khalasar;;;;;;;;;x
tribal_kingdom_of_dothraki;Khalasar of;Khalasar de;;;Khalasar de;;;;;;;;;x
tribal_duke_dothraki;Ko;Ko;;;Khas;;;;;;;;;x
tribal_duke_female_dothraki;Ka;Ka;;;Khasessi;;;;;;;;;x
tribal_duke_foa_dothraki;My Ko;Mon Ko;;;Khas;;;;;;;;;x
tribal_duke_foa_female_dothraki;My Ka;Ma Ka;;;Khasessi;;;;;;;;;x
tribal_duke_title_ruler_consort_dothraki;Ko;Ko;;;Khas;;;;;;;;;x
tribal_duke_title_ruler_consort_female_dothraki;Ka;Ka;;;Khasessi;;;;;;;;;x
tribal_duchy_dothraki;Khas;Khas;;;Khas;;;;;;;;;x
tribal_duchy_of_dothraki;Khas of;Khas de;;;Khas de;;;;;;;;;x
tribal_count_dothraki;Ko;Ko;;;Ko;;;;;;;;;x
tribal_count_female_dothraki;Ka;Ka;;;Ka;;;;;;;;;x
tribal_count_foa_dothraki;My Ko;Mon Ko;;;Ko;;;;;;;;;x
tribal_count_foa_female_dothraki;My Ka;Ma Ka;;;Ka;;;;;;;;;x
tribal_count_title_ruler_consort_dothraki;Ko;Ko;;;Ko;;;;;;;;;x
tribal_count_title_ruler_consort_female_dothraki;Ka;Ka;;;Ka;;;;;;;;;x
tribal_county_dothraki;Khas;Khas;;;Ko;;;;;;;;;x
tribal_county_of_dothraki;Khas of;Khas de;;;Ko de;;;;;;;;;x
tribal_baron_dothraki;Ko;Ko;;;Jaqqa Rhan;;;;;;;;;x
tribal_baron_female_dothraki;Ka;Ka;;;Jaqqa Rhanessi;;;;;;;;;x
tribal_baron_foa_dothraki;My Ko;Mon Ko;;;Jaqqa Rhan;;;;;;;;;x
tribal_baron_foa_female_dothraki;My Ka;Ma Ka;;;Jaqqa Rhanessi;;;;;;;;;x
tribal_baron_title_ruler_consort_dothraki;Ko;Ko;;;Jaqqa Rhan;;;;;;;;;x
tribal_baron_title_ruler_consort_female_dothraki;Ka;Ka;;;Jaqqa Rhanessi;;;;;;;;;x
tribal_barony_dothraki;Khas;Khas;;;Jaqqa;;;;;;;;;x
tribal_barony_of_dothraki;Khas of;Khas de;;;Jaqqa de;;;;;;;;;x
emperor_dothraki;Khal;Khal;;;Gran Khal;;;;;;;;;x
emperor_female_dothraki;Khaleesi;Khaleesi;;;Gran Khaleesi;;;;;;;;;x
emperor_foa_dothraki;Great Khal;Grand Khal;;;Gran Khal;;;;;;;;;x
emperor_foa_female_dothraki;Khaleesi;Khaleesi;;;Gran Khaleesi;;;;;;;;;x
emperor_title_ruler_consort_dothraki;Khal;Khal;;;Gran Khal;;;;;;;;;x
emperor_title_ruler_consort_female_dothraki;Khaleesi;Khaleesi;;;Khaleesi;;;;;;;;;x
emperor_title_queen_mother_female_dothraki;Dosh Khaleen;Dosh Khaleen;;;Dosh Khaleen;;;;;;;;;x
#empire_of_dothraki;Great Khalasar of;Grand Khalasar de;;;Gran Khalasar de;;;;;;;;;x
#empire_dothraki;Great Khalasar;Grand Khalasar;;;Gran Khalasar;;;;;;;;;x
king_dothraki;Khal;Khal;;;Khal;;;;;;;;;x
king_female_dothraki;Khaleesi;Khaleesi;;;Khaleesi;;;;;;;;;x
king_foa_dothraki;Great Khal;Grand Khal;;;Khal;;;;;;;;;x
king_foa_female_dothraki;Khaleesi;Khaleesi;;;Khaleesi;;;;;;;;;x
king_title_ruler_consort_dothraki;Khal;Khal;;;Khal;;;;;;;;;x
king_title_ruler_consort_female_dothraki;Khaleesi;Khaleesi;;;Khaleesi;;;;;;;;;x
king_title_queen_mother_female_dothraki;Dosh Khaleen;Dosh Khaleen;;;Dosh Khaleen;;;;;;;;;x
#kingdom_dothraki;Khalasar;Khalasar;;;Khalasar;;;;;;;;;x
#kingdom_of_dothraki;Khalasar of;Khalasar de;;;Khalasar de;;;;;;;;;x
title_prince_dothraki;Khalakka;Khalakka;;;Khalakka;;;;;;;;;x
title_prince_female_dothraki;Khalakki;Khalakki;;;Khalakki;;;;;;;;;x
title_prince_AGOT_dothraki;Khalakka;Khalakka;;;Khalakka;;;;;;;;;x
title_prince_AGOT_female_dothraki;Khalakki;Khalakki;;;Khalakki;;;;;;;;;x
duke_dothraki;Ko;Ko;;;Khas;;;;;;;;;x
duke_female_dothraki;Ka;Ka;;;Khasessi;;;;;;;;;x
duke_foa_dothraki;My Ko;Mon Ko;;;Khas;;;;;;;;;x
duke_foa_female_dothraki;My Ka;Ma Ka;;;Khasessi;;;;;;;;;x
duke_title_ruler_consort_dothraki;Ko;Ko;;;Khas;;;;;;;;;x
duke_title_ruler_consort_female_dothraki;Ka;Ka;;;Khasessi;;;;;;;;;x
#duchy_dothraki;Khas;Khas;;;Khas;;;;;;;;;x
#duchy_of_dothraki;Khas of;Khas de;;;Khas de;;;;;;;;;x
count_dothraki;Ko;Ko;;;Ko;;;;;;;;;x
count_female_dothraki;Ka;Ka;;;Ka;;;;;;;;;x
count_foa_dothraki;My Ko;Mon Ko;;;Ko;;;;;;;;;x
count_foa_female_dothraki;My Ka;Ma Ka;;;Ka;;;;;;;;;x
count_title_ruler_consort_dothraki;Ko;Ko;;;Ko;;;;;;;;;x
count_title_ruler_consort_female_dothraki;Ka;Ka;;;Ka;;;;;;;;;x
#county_dothraki;Khas;Khas;;;Ko;;;;;;;;;x
#county_of_dothraki;Khas of;Khas de;;;Ko de;;;;;;;;;x
emperor_job_castellan_dothraki;Khal Akataki;Khal Akataki;;;Khal Akataki;;;;;;;;;x
emperor_job_chancellor_dothraki_group;Astolatak;Astolatak;;;Astolatak;;;;;;;;;x
job_castellan_dothraki;Khal Akataki;Khal Akataki;;;Khal Akataki;;;;;;;;;x
job_marshal_dothraki;Dothrak Ataki;Dothrak Ataki;;;Dothrak Ataki;;;;;;;;;x
job_chancellor_dothraki_group;Astolatak;Astolatak;;;Astolatak;;;;;;;;;x
job_treasurer_dothraki_group;Jeratak;Jeratak;;;Jeratak;;;;;;;;;x
job_spymaster_dothraki_group;Fonolatak;Fonolatak;;;Fonolatak;;;;;;;;;x
job_physician_dothraki_group;Koalak;Koalak;;;Koalak;;;;;;;;;x
nomadic_job_castellan_dothraki;Khal Akataki;Khal Akataki;;;Khal Akataki;;;;;;;;;x
nomadic_job_marshal_dothraki;Dothrak Ataki;Dothrak Ataki;;;Dothrak Ataki;;;;;;;;;x
nomadic_job_chancellor_dothraki_group;Astolatak;Astolatak;;;Astolatak;;;;;;;;;x
nomadic_job_treasurer_dothraki_group;Jeratak;Jeratak;;;Jeratak;;;;;;;;;x
nomadic_job_spymaster_dothraki_group;Fonolatak;Fonolatak;;;Fonolatak;;;;;;;;;x
nomadic_job_physician_dothraki_group;Koalak;Koalak;;;Koalak;;;;;;;;;x
tribal_job_castellan_dothraki;Khal Akataki;Khal Akataki;;;Khal Akataki;;;;;;;;;x
tribal_job_marshal_dothraki;Dothrak Ataki;Dothrak Ataki;;;Dothrak Ataki;;;;;;;;;x
tribal_job_chancellor_dothraki_group;Astolatak;Astolatak;;;Astolatak;;;;;;;;;x
tribal_job_treasurer_dothraki_group;Jeratak;Jeratak;;;Jeratak;;;;;;;;;x
tribal_job_spymaster_dothraki_group;Fonolatak;Fonolatak;;;Fonolatak;;;;;;;;;x
tribal_job_physician_dothraki_group;Koalak;Koalak;;;Koalak;;;;;;;;;x
d_dothraki_domain;The Dothraki Sea;La Mer Dothrak;;;El Mar Dothraki;;;;;;;;;x
city_duke_dothraki_domain_culture;Domain;Domaine;;;Dominio;;;;;;;;;x
city_duke_foa_dothraki_domain_culture;Domain;Domaine;;;Dominio;;;;;;;;;x
city_duchy_dothraki_domain_culture;Domain;Domaine;;;Dominio;;;;;;;;;x
city_duchy_of_dothraki_domain_culture;Domain of;Domaine de;;;Dominio de;;;;;;;;;x
duke_dothraki_domain_culture;Domain;Domaine;;;Dominio;;;;;;;;;x
duke_foa_dothraki_domain_culture;Domain;Domaine;;;Dominio;;;;;;;;;x
duchy_dothraki_domain_culture;Domain;Domaine;;;Dominio;;;;;;;;;x
duchy_of_dothraki_domain_culture;Domain of;Domaine de;;;Dominio de;;;;;;;;;x
city_count_dothraki_domain_culture;Dothraki Domain;Domaine dothraki;;;Dominio Dothraki ;;;;;;;;;x
city_count_foa_dothraki_domain_culture;Dothraki Domain;Domaine dothraki;;;Dominio Dothraki ;;;;;;;;;x
city_county_dothraki_domain_culture;Dothraki Domain;Domaine dothraki;;;Dominio Dothraki ;;;;;;;;;x
city_county_of_dothraki_domain_culture;Dothraki Domain of;Domaine dothraki de;;;Dominio Dothraki de;;;;;;;;;x
count_dothraki_domain_culture;Dothraki Domain;Domaine dothraki;;;Dominio Dothraki ;;;;;;;;;x
count_foa_dothraki_domain_culture;Dothraki Domain;Domaine dothraki;;;Dominio Dothraki ;;;;;;;;;x
county_dothraki_domain_culture;Dothraki Domain;Domaine dothraki;;;Dominio Dothraki ;;;;;;;;;x
county_of_dothraki_domain_culture;Dothraki Domain of;Domaine dothraki de;;;Dominio Dothraki de;;;;;;;;;x
city_baron_dothraki_domain_culture;Dothraki Domain;Domaine dothraki;;;Dominio Dothraki ;;;;;;;;;x
city_baron_foa_dothraki_domain_culture;Dothraki Domain;Domaine dothraki;;;Dominio Dothraki ;;;;;;;;;x
city_barony_dothraki_domain_culture;Dothraki Village;Village dothraki;;;Aldea Dothraki;;;;;;;;;x
city_barony_of_dothraki_domain_culture;Dothraki Village of;Village dothraki de;;;Aldea Dothraki de;;;;;;;;;x
baron_dothraki_domain_culture;Dothraki Domain;Domaine dothraki;;;Dominio Dothraki ;;;;;;;;;x
baron_foa_dothraki_domain_culture;Dothraki Domain;Domaine dothraki;;;Dominio Dothraki ;;;;;;;;;x
barony_dothraki_domain_culture;Dothraki Camp;Camp dothraki;;;Campamento Dothraki ;;;;;;;;;x
barony_of_dothraki_domain_culture;Dothraki Camp of;Camp dothraki de;;;Campamento Dothraki de;;;;;;;;;x
dothraki_domain;Dothraki Domain;Domaine dothraki;;;Dominio Dothraki ;;;;;;;;;x
temple_baron_dothraki_domain_culture;Dothraki Domain;Domaine dothraki;;;Dominio Dothraki ;;;;;;;;;x
temple_baron_foa_dothraki_domain_culture;Dothraki Domain;Domaine dothraki;;;Dominio Dothraki ;;;;;;;;;x
temple_barony_dothraki_domain_culture;Dothraki Shrine;Lieu saint dothraki;;;Santuario Dothraki ;;;;;;;;;x
temple_barony_of_dothraki_domain_culture;Dothraki Shrine of;Lieu saint dothraki de;;;Santuario Dothraki de;;;;;;;;;x
opinion_bloodrider;Bloodrider;Sang-coureur;;;Jinete de Sangre;;;;;;;;;x
d_vaes_dothrak;Vaes Dothrak;Vaes Dothrak;;;Vaes Dothrak;;;;;;;;;x
c_vaes_dothrak;Vaes Dothrak;Vaes Dothrak;;;Vaes Dothrak;;;;;;;;;x
b_vaes_dothrak;Vaes Dothrak;Vaes Dothrak;;;Vaes Dothrak;;;;;;;;;x
b_vaes_dothrak2;Vaes Dothrak;Vaes Dothrak;;;Vaes Dothrak;;;;;;;;;x
b_vaes_dothrak3;Vaes Dothrak;Vaes Dothrak;;;Vaes Dothrak;;;;;;;;;x
b_vaes_dothrak4;Vaes Dothrak;Vaes Dothrak;;;Vaes Dothrak;;;;;;;;;x
b_vaes_dothrak5;Vaes Dothrak;Vaes Dothrak;;;Vaes Dothrak;;;;;;;;;x
b_vaes_dothrak6;Vaes Dothrak;Vaes Dothrak;;;Vaes Dothrak;;;;;;;;;x
c_rhaesh_karlinat;Rhaesh Karlinat;Rhaesh Karlinat;;;Rhaesh Karlinat;;;;;;;;;x
b_rhaesh_karlinat;Rhaesh Karlinat;Rhaesh Karlinat;;;Rhaesh Karlinat;;;;;;;;;x
b_rhaesh_karlinat2;Rhaesh Karlinat;Rhaesh Karlinat;;;Rhaesh Karlinat;;;;;;;;;x
b_rhaesh_karlinat3;Rhaesh Karlinat;Rhaesh Karlinat;;;Rhaesh Karlinat;;;;;;;;;x
b_rhaesh_karlinat4;Rhaesh Karlinat;Rhaesh Karlinat;;;Rhaesh Karlinat;;;;;;;;;x
c_rhaesh_tehin;Rhaesh Tehin;Rhaesh Tehin;;;Rhaesh Tehin;;;;;;;;;x
b_rhaesh_tehin;Rhaesh Tehin;Rhaesh Tehin;;;Rhaesh Tehin;;;;;;;;;x
b_rhaesh_tehin2;Rhaesh Tehin;Rhaesh Tehin;;;Rhaesh Tehin;;;;;;;;;x
b_rhaesh_tehin3;Rhaesh Tehin;Rhaesh Tehin;;;Rhaesh Tehin;;;;;;;;;x
b_rhaesh_tehin4;Rhaesh Tehin;Rhaesh Tehin;;;Rhaesh Tehin;;;;;;;;;x
d_northern_steppe;Northern Steppe;Steppe Septentrionale;;;Estepa Norte;;;;;;;;;x
c_vaes_lotar;Vaes Lotar;Vaes Lotar;;;Vaes Lotar;;;;;;;;;x
b_vaes_lotar;Vaes Lotar;Vaes Lotar;;;Vaes Lotar;;;;;;;;;x
b_vaes_lotar2;Vaes Lotar;Vaes Lotar;;;Vaes Lotar;;;;;;;;;x
b_vaes_lotar3;Vaes Lotar;Vaes Lotar;;;Vaes Lotar;;;;;;;;;x
c_rhaesh_eveth;Rhaesh Eveth;Rhaesh Eveth;;;Rhaesh Eveth;;;;;;;;;x
b_rhaesh_eveth;Rhaesh Eveth;Rhaesh Eveth;;;Rhaesh Eveth;;;;;;;;;x
b_rhaesh_eveth2;Rhaesh Eveth;Rhaesh Eveth;;;Rhaesh Eveth;;;;;;;;;x
b_rhaesh_eveth3;Rhaesh Eveth;Rhaesh Eveth;;;Rhaesh Eveth;;;;;;;;;x
b_rhaesh_eveth4;Rhaesh Eveth;Rhaesh Eveth;;;Rhaesh Eveth;;;;;;;;;x
c_rhaesh_negwin;Rhaesh Negwin;Rhaesh Negwin;;;Rhaesh Negwin;;;;;;;;;x
b_rhaesh_negwin;Rhaesh Negwin;Rhaesh Negwin;;;Rhaesh Negwin;;;;;;;;;x
b_rhaesh_negwin2;Rhaesh Negwin;Rhaesh Negwin;;;Rhaesh Negwin;;;;;;;;;x
b_rhaesh_negwin3;Rhaesh Negwin;Rhaesh Negwin;;;Rhaesh Negwin;;;;;;;;;x
b_rhaesh_negwin4;Rhaesh Negwin;Rhaesh Negwin;;;Rhaesh Negwin;;;;;;;;;x
d_krazaaj_zasque;Krazaaj Zasqa;Krazaaj Zasqa;;;Krazaaj Zasqa;;;;;;;;;x
c_vaes_krazaaj;Vaes Krazaaj;Vaes Krazaaj;;;Vaes Krazaaj;;;;;;;;;x
b_vaes_krazaaj;Vaes Krazaaj;Vaes Krazaaj;;;Vaes Krazaaj;;;;;;;;;x
b_vaes_krazaaj2;Vaes Krazaaj;Vaes Krazaaj;;;Vaes Krazaaj;;;;;;;;;x
b_vaes_krazaaj3;Vaes Krazaaj;Vaes Krazaaj;;;Vaes Krazaaj;;;;;;;;;x
c_vaes_tawakof;Vaes Tawakof;Vaes Tawakof;;;Vaes Tawakof;;;;;;;;;x
b_vaes_tawakof;Vaes Tawakof;Vaes Tawakof;;;Vaes Tawakof;;;;;;;;;x
b_vaes_tawakof2;Vaes Tawakof;Vaes Tawakof;;;Vaes Tawakof;;;;;;;;;x
b_vaes_tawakof3;Vaes Tawakof;Vaes Tawakof;;;Vaes Tawakof;;;;;;;;;x
d_krazaaj_niqe;Krazaaj Niqe;Krazaaj Niqe;;;Krazaaj Niqe;;;;;;;;;x
c_krazaaj_niqe;Krazaaj Niqe;Krazaaj Niqe;;;Krazaaj Niqe;;;;;;;;;x
b_krazaaj_niqe;Krazaaj Niqe;Krazaaj Niqe;;;Krazaaj Niqe;;;;;;;;;x
b_krazaaj_niqe2;Krazaaj Niqe;Krazaaj Niqe;;;Krazaaj Niqe;;;;;;;;;x
b_krazaaj_niqe3;Krazaaj Niqe;Krazaaj Niqe;;;Krazaaj Niqe;;;;;;;;;x
c_olta_vizhadi;Olta Vizhadi;Olta Vizhadi;;;Olta Vizhadi;;;;;;;;;x
b_olta_vizhadi;Olta Vizhadi;Olta Vizhadi;;;Olta Vizhadi;;;;;;;;;x
b_olta_vizhadi2;Olta Vizhadi;Olta Vizhadi;;;Olta Vizhadi;;;;;;;;;x
b_olta_vizhadi3;Olta Vizhadi;Olta Vizhadi;;;Olta Vizhadi;;;;;;;;;x
d_southern_steppe;Southern Steppe;Steppe Méridionale;;;Estepa Sur;;;;;;;;;x
c_rhaesh_najaheya;Rhaesh Najahheya;Rhaesh Najahheya;;;Rhaesh Najahheya;;;;;;;;;x
b_rhaesh_najaheya;Rhaesh Najahheya;Rhaesh Najahheya;;;Rhaesh Najahheya;;;;;;;;;x
b_rhaesh_najaheya2;Rhaesh Najahheya;Rhaesh Najahheya;;;Rhaesh Najahheya;;;;;;;;;x
b_rhaesh_najaheya3;Rhaesh Najahheya;Rhaesh Najahheya;;;Rhaesh Najahheya;;;;;;;;;x
c_rhaesh_cheyao;Rhaesh Cheyao;Rhaesh Cheyao;;;Rhaesh Cheyao;;;;;;;;;x
b_rhaesh_cheyao;Rhaesh Cheyao;Rhaesh Cheyao;;;Rhaesh Cheyao;;;;;;;;;x
b_rhaesh_cheyao2;Rhaesh Cheyao;Rhaesh Cheyao;;;Rhaesh Cheyao;;;;;;;;;x
b_rhaesh_cheyao3;Rhaesh Cheyao;Rhaesh Cheyao;;;Rhaesh Cheyao;;;;;;;;;x
c_rhaesh_lame;Rhaesh Lame;Rhaesh Lame;;;Rhaesh Lame;;;;;;;;;x
b_rhaesh_lame;Rhaesh Lame;Rhaesh Lame;;;Rhaesh Lame;;;;;;;;;x
b_rhaesh_lame2;Rhaesh Lame;Rhaesh Lame;;;Rhaesh Lame;;;;;;;;;x
b_rhaesh_lame3;Rhaesh Lame;Rhaesh Lame;;;Rhaesh Lame;;;;;;;;;x
d_rhaesh_jim;Rhaesh Jim;Rhaesh Jim;;;Rhaesh Jim;;;;;;;;;x
c_rhaesh_jano;Rhaesh Jano;Rhaesh Jano;;;Rhaesh Jano;;;;;;;;;x
b_rhaesh_jano;Rhaesh Jano;Rhaesh Jano;;;Rhaesh Jano;;;;;;;;;x
b_rhaesh_jano2;Rhaesh Jano;Rhaesh Jano;;;Rhaesh Jano;;;;;;;;;x
b_rhaesh_jano3;Rhaesh Jano;Rhaesh Jano;;;Rhaesh Jano;;;;;;;;;x
b_rhaesh_jano4;Rhaesh Jano;Rhaesh Jano;;;Rhaesh Jano;;;;;;;;;x
c_rhaesh_dalfe;Rhaesh Dalfe;Rhaesh Dalfe;;;Rhaesh Dalfe;;;;;;;;;x
b_rhaesh_dalfe;Rhaesh Dalfe;Rhaesh Dalfe;;;Rhaesh Dalfe;;;;;;;;;x
b_rhaesh_dalfe2;Rhaesh Dalfe;Rhaesh Dalfe;;;Rhaesh Dalfe;;;;;;;;;x
b_rhaesh_dalfe3;Rhaesh Dalfe;Rhaesh Dalfe;;;Rhaesh Dalfe;;;;;;;;;x
b_rhaesh_dalfe4;Rhaesh Dalfe;Rhaesh Dalfe;;;Rhaesh Dalfe;;;;;;;;;x
c_rhaesh_jim;Rhaesh Jim;Rhaesh Jim;;;Rhaesh Jim;;;;;;;;;x
b_rhaesh_jim;Rhaesh Jim;Rhaesh Jim;;;Rhaesh Jim;;;;;;;;;x
b_rhaesh_jim2;Rhaesh Jim;Rhaesh Jim;;;Rhaesh Jim;;;;;;;;;x
b_rhaesh_jim3;Rhaesh Jim;Rhaesh Jim;;;Rhaesh Jim;;;;;;;;;x
d_rhaesh_evronee;Rhaesh Evronee;Rhaesh Evronee;;;Rhaesh Evronee;;;;;;;;;x
c_rhaesh_os;Rhaesh Os;Rhaesh Os;;;Rhaesh Os;;;;;;;;;x
b_rhaesh_os;Rhaesh Os;Rhaesh Os;;;Rhaesh Os;;;;;;;;;x
b_rhaesh_os2;Rhaesh Os;Rhaesh Os;;;Rhaesh Os;;;;;;;;;x
b_rhaesh_os3;Rhaesh Os;Rhaesh Os;;;Rhaesh Os;;;;;;;;;x
c_rhaesh_hranna;Rhaesh Hranna;Rhaesh Hranna;;;Rhaesh Hranna;;;;;;;;;x
b_rhaesh_hranna;Rhaesh Hranna;Rhaesh Hranna;;;Rhaesh Hranna;;;;;;;;;x
b_rhaesh_hranna2;Rhaesh Hranna;Rhaesh Hranna;;;Rhaesh Hranna;;;;;;;;;x
b_rhaesh_hranna3;Rhaesh Hranna;Rhaesh Hranna;;;Rhaesh Hranna;;;;;;;;;x
c_vaes_evronee;Vaes Evronee;Vaes Evronee;;;Vaes Evronee;;;;;;;;;x
b_vaes_evronee;Vaes Evronee;Vaes Evronee;;;Vaes Evronee;;;;;;;;;x
b_vaes_evronee2;Vaes Evronee;Vaes Evronee;;;Vaes Evronee;;;;;;;;;x
b_vaes_evronee3;Vaes Evronee;Vaes Evronee;;;Vaes Evronee;;;;;;;;;x
b_vaes_evronee4;Vaes Evronee;Vaes Evronee;;;Vaes Evronee;;;;;;;;;x
d_vaes_leisi;Vaes Leisi;Vaes Leisi;;;Vaes Leisi;;;;;;;;;x
c_vaes_leisi;Vaes Leisi;Vaes Leisi;;;Vaes Leisi;;;;;;;;;x
b_vaes_leisi;Vaes Leisi;Vaes Leisi;;;Vaes Leisi;;;;;;;;;x
b_vaes_leisi1;Vaes Leisi;Vaes Leisi;;;Vaes Leisi;;;;;;;;;x
b_vaes_leisi2;Vaes Leisi;Vaes Leisi;;;Vaes Leisi;;;;;;;;;x
b_vaes_leisi3;Vaes Leisi;Vaes Leisi;;;Vaes Leisi;;;;;;;;;x
b_vaes_leisi4;Vaes Leisi;Vaes Leisi;;;Vaes Leisi;;;;;;;;;x
c_dofahkar;Dofahkar;Dofahkar;;;Dofahkar;;;;;;;;;x
b_dofahkar;Dofahkar;Dofahkar;;;Dofahkar;;;;;;;;;x
b_dofahkar1;Dofahkar;Dofahkar;;;Dofahkar;;;;;;;;;x
b_dofahkar2;Dofahkar;Dofahkar;;;Dofahkar;;;;;;;;;x
c_arfahkar;Arfahkar;Arfahkar;;;Arfahkar;;;;;;;;;x
b_arfahkar;Arfahkar;Arfahkar;;;Arfahkar;;;;;;;;;x
b_arfahkar1;Arfahkar;Arfahkar;;;Arfahkar;;;;;;;;;x
b_arfahkar2;Arfahkar;Arfahkar;;;Arfahkar;;;;;;;;;x
d_west_ifeqevron;West Ifeqevron;Ifeqevron Ouest;;;Ifequevron Oeste;;;;;;;;;x
c_chevrak;Chevrak;Chevrak;;;Chevrak;;;;;;;;;x
b_chevrak;Chevrak;Chevrak;;;Chevrak;;;;;;;;;x
b_chevrak1;Chevrak;Chevrak;;;Chevrak;;;;;;;;;x
b_chevrak2;Chevrak;Chevrak;;;Chevrak;;;;;;;;;x
c_walrus_point;Walrus Point;Pointe Morse;;;Punta Morsa;;;;;;;;;x
b_walrus_point;Walrus Point;Pointe Morse;;;Punta Morsa;;;;;;;;;x
b_walrus_point1;Walrus Point;Pointe Morse;;;Punta Morsa;;;;;;;;;x
b_walrus_point2;Walrus Point;Pointe Morse;;;Punta Morsa;;;;;;;;;x
d_east_ifeqevron;East Ifeqevron;Ifeqevron Est;;;Ifequevron Este;;;;;;;;;x
c_qevrak;Qevrak;Qevrak;;;Qevrak;;;;;;;;;x
b_qevrak;Qevrak;Qevrak;;;Qevrak;;;;;;;;;x
b_qevrak1;Qevrak;Qevrak;;;Qevrak;;;;;;;;;x
b_qevrak2;Qevrak;Qevrak;;;Qevrak;;;;;;;;;x
c_vaerakar;Vaerakar;Vaerakar;;;Vaerakar;;;;;;;;;x
b_vaerakar;Vaerakar;Vaerakar;;;Vaerakar;;;;;;;;;x
b_vaerakar1;Vaerakar;Vaerakar;;;Vaerakar;;;;;;;;;x
b_vaerakar2;Vaerakar;Vaerakar;;;Vaerakar;;;;;;;;;x
d_south_ifeqevron;South Ifeqevron;Ifeqevron Sud;;;Ifequevron Sur;;;;;;;;;x
c_maerakar;Maerakar;Maerakar;;;Maerakar;;;;;;;;;x
b_maerakar;Maerakar;Maerakar;;;Maerakar;;;;;;;;;x
b_maerakar1;Maerakar;Maerakar;;;Maerakar;;;;;;;;;x
b_maerakar2;Maerakar;Maerakar;;;Maerakar;;;;;;;;;x
c_qerr;Qerr;Qerr;;;Qerr;;;;;;;;;x
b_qerr;Qerr;Qerr;;;Qerr;;;;;;;;;x
b_qerr1;Qerr;Qerr;;;Qerr;;;;;;;;;x
b_qerr2;Qerr;Qerr;;;Qerr;;;;;;;;;x
CUSTOM_KHALASAR;[Root.GetFirstName] [Root.PrimaryTitle.GetTier];[Root.GetFirstName] [Root.PrimaryTitle.GetTier];;;[Root.GetFirstName] [Root.PrimaryTitle.GetTier];;;;;;;;;x
k_khalasar_1;The Dothraki;Les Dothrakis;;;Los Dothrakis;;;;;;;;;x
k_khalasar_2;The Dothraki;Les Dothrakis;;;Los Dothrakis;;;;;;;;;x
k_khalasar_3;The Dothraki;Les Dothrakis;;;Los Dothrakis;;;;;;;;;x
k_khalasar_4;The Dothraki;Les Dothrakis;;;Los Dothrakis;;;;;;;;;x
k_khalasar_5;The Dothraki;Les Dothrakis;;;Los Dothrakis;;;;;;;;;x
k_khalasar_6;The Dothraki;Les Dothrakis;;;Los Dothrakis;;;;;;;;;x
k_khalasar_7;The Dothraki;Les Dothrakis;;;Los Dothrakis;;;;;;;;;x
d_kha_1;The Dothraki;Les Dothrakis;;;Los Dothrakis;;;;;;;;;x
d_kha_2;The Dothraki;Les Dothrakis;;;Los Dothrakis;;;;;;;;;x
d_kha_3;The Dothraki;Les Dothrakis;;;Los Dothrakis;;;;;;;;;x
d_kha_4;The Dothraki;Les Dothrakis;;;Los Dothrakis;;;;;;;;;x
d_kha_5;The Dothraki;Les Dothrakis;;;Los Dothrakis;;;;;;;;;x
d_kha_6;The Dothraki;Les Dothrakis;;;Los Dothrakis;;;;;;;;;x
d_kha_7;The Dothraki;Les Dothrakis;;;Los Dothrakis;;;;;;;;;x
d_kha_8;The Dothraki;Les Dothrakis;;;Los Dothrakis;;;;;;;;;x
d_kha_9;The Dothraki;Les Dothrakis;;;Los Dothrakis;;;;;;;;;x
d_kha_10;The Dothraki;Les Dothrakis;;;Los Dothrakis;;;;;;;;;x
d_kha_11;The Dothraki;Les Dothrakis;;;Los Dothrakis;;;;;;;;;x
d_kha_12;The Dothraki;Les Dothrakis;;;Los Dothrakis;;;;;;;;;x
d_kha_13;The Dothraki;Les Dothrakis;;;Los Dothrakis;;;;;;;;;x
d_kha_14;The Dothraki;Les Dothrakis;;;Los Dothrakis;;;;;;;;;x
d_kha_15;The Dothraki;Les Dothrakis;;;Los Dothrakis;;;;;;;;;x
d_kha_16;The Dothraki;Les Dothrakis;;;Los Dothrakis;;;;;;;;;x
d_kha_17;The Dothraki;Les Dothrakis;;;Los Dothrakis;;;;;;;;;x
d_kha_18;The Dothraki;Les Dothrakis;;;Los Dothrakis;;;;;;;;;x
d_kha_19;The Dothraki;Les Dothrakis;;;Los Dothrakis;;;;;;;;;x
d_kha_20;The Dothraki;Les Dothrakis;;;Los Dothrakis;;;;;;;;;x
d_kha_21;The Dothraki;Les Dothrakis;;;Los Dothrakis;;;;;;;;;x
d_kha_22;The Dothraki;Les Dothrakis;;;Los Dothrakis;;;;;;;;;x
d_kha_23;The Dothraki;Les Dothrakis;;;Los Dothrakis;;;;;;;;;x
d_kha_24;The Dothraki;Les Dothrakis;;;Los Dothrakis;;;;;;;;;x
d_kha_25;The Dothraki;Les Dothrakis;;;Los Dothrakis;;;;;;;;;x
d_kha_26;The Dothraki;Les Dothrakis;;;Los Dothrakis;;;;;;;;;x
d_kha_27;The Dothraki;Les Dothrakis;;;Los Dothrakis;;;;;;;;;x
d_kha_28;The Dothraki;Les Dothrakis;;;Los Dothrakis;;;;;;;;;x
d_kha_29;The Dothraki;Les Dothrakis;;;Los Dothrakis;;;;;;;;;x
d_kha_30;The Dothraki;Les Dothrakis;;;Los Dothrakis;;;;;;;;;x
acquire_grazing_lands;Acquire Grazing Lands;Acquérir pâturage;;;Adquirir Pastizales;;;;;;;;;x
acquire_grazing_lands_desc;A Horde need lands so that the horses can graze, move your followers into the province of §Y$TITLE$§! So that we can graze them there.;Une horde a besoin de terres pour que les chevaux puissent brouter. Déplacez votre peuple jusqu'à la province de §Y$TITLE$§! pour qu'ils puisse se nourrir. ;;;Un Khalasar necesita tierras para que los caballos puedan pastar, mueve a tus seguidores a la provincia de §Y$TITLE$§! Allí podremos pastar.;;;;;;;;;x
CB_NAME_ACQUIRE_LANDS;Acquire Lands in [Title.GetName];Acquérir des terres à [Title.GetName];;;Adquirir Tierras en [Title.GetName];;;;;;;;;x
WAR_NAME_ACQUIRE_LANDS;$CLAIMANT$'s$ORDER$ Migration to $OTHER_TITLE$;$ORDER$$FIRST_ADJ$ de $CLAIMANT$ $ORDER$ Migration de $OTHER_TITLE$ en $SECOND$;;;$ORDER$$FIRST_ADJ$ de $CLAIMANT$ $ORDER$ Adquisición de $OTHER_TITLE$ en $SECOND$;;;;;;;;;x
dothraki_invasion;Nomad Invasion;Invasion nomade;;;Invasión nómada ;;;;;;;;;x
dothraki_invasion_desc;This Casus Belli can be used by the Nomad Horselord §Y$CLAIMANT$§! to claim the lands §Y$TITLE$§! for their own.;Ce Casus Belli peut être utilisé par le seigneur du cheval nomade §Y$CLAIMANT$§! pour revendiquer les terres de §Y$TITLE$§! .;;;Este Casus Belli puede ser utilizado por §Y$CLAIMANT$§! para reclamar las tierras de §Y$TITLE$§! para si mismo.;;;;;;;;;x
CB_NAME_DOTHRAKI_INVASION;Nomad Invasion of [Title.GetName];Raid sur [Title.GetName];;;Incursión en [Title.GetName];;;;;;;;;x
WAR_NAME_DOTHRAKI_INVASION;$CLAIMANT$'s$ORDER$ War Against $DEFENDER$;$CLAIMANT$ de $ORDER$ Guerre contre $SECOND$;;;$CLAIMANT$ de $ORDER$ Guerra contra $SECOND$;;;;;;;;;x
dothraki_raid;Nomad Raid;Raid nomade;;;Incursión nómada;;;;;;;;;x
dothraki_raid_desc;Nomads must raid their neighbors to sustain themselves, so why not launch a raid on the province of §Y$TITLE$§!, sacking its cities and taking its people as slaves?;Les nomades doivent organiser des raids contre leurs voisins pour vivre, alors pourquoi ne pas lancer un raid contre la province de §Y$TITLE$§!, pour saccager ses cités et asservir sa population ?;;;Los nómadas deben robar a sus vecinos para mantenerse a sí mismos, así que ¿por qué no lanzar una incursión a la provincia de §Y$TITLE$§!, saqueando sus ciudades y tomando a su gente como esclavos?;;;;;;;;;x
CB_NAME_DOTHRAKI_RAID;Raid on [Title.GetName];Raid sur [Title.GetName];;;Incursión en [Title.GetName];;;;;;;;;x
WAR_NAME_DOTHRAKI_RAID;$CLAIMANT$'s$ORDER$ Raid of $OTHER_TITLE$;$ORDER$$FIRST_ADJ$ de $CLAIMANT$ $ORDER$ raid de $OTHER_TITLE$ sur $SECOND$;;;$ORDER$$FIRST_ADJ$ de $CLAIMANT$ $ORDER$ incursión de $OTHER_TITLE$ sur $SECOND$;;;;;;;;;x
dothraki_upgrade_to_khal;Declare Yourself Khal;Vous autoproclamer Khal;;;Autoproclamarse Khal;;;;;;;;;x
dothraki_upgrade_to_khal_desc;You have acquired enough lands and prestige to declare yourself Khal;Vous avez acquis assez de terres et de prestige pour prendre le titre de Khal;;;Has adquirido suficientes tierras y prestigio para declararte Khal;;;;;;;;;x
TOOLTIPdothraki_upgrade_to_khal;Your title will be upgraded to Khal tier\n;Votre titre passera au rang de Khal\n;;;Tu título será actualizado a nivel de Khal\n;;;;;;;;;x
dothraki_upgrade_to_khal_king;Declare Yourself Great Khal;Vous autoproclamer Grand Khal;;;Autoproclamarse Gran Khal;;;;;;;;;x
dothraki_upgrade_to_khal_king_desc;You have acquired enough lands and prestige to declare yourself to be a Great Khal;Vous avez acquis assez de terres et de prestige pour prendre le titre de Grand Khal;;;Has adquirido suficientes tierras y prestigio para declararte como Gran Khal;;;;;;;;;x
TOOLTIPdothraki_upgrade_to_khal_king;Your title's tier will be upgraded\n;Le rang de votre titre augmentera\n;;;Tu título será actualizado a nivel de Gran Khal\n;;;;;;;;;x
dothraki_internal_migrate;Migrate to Liege's Lands;Migrer vers les terres de votre seigneur;;;Migrar a Tierras de tu vasallo;;;;;;;;;x
dothraki_internal_migrate_desc;As you lack grazing lands of your own you can move into your liege's grazing lands;Puisque vous manquez de pâturages, vous pouvez migrer vers ceux de votre seigneur;;;Como careces de tierras de pastoreo propias puedes migrar a las tierras de pastoreo de tu Señor;;;;;;;;;x
TOOLTIPdothraki_internal_migrate;[Root.PrimaryTitle.GetFullName] will migrate to [This.GetName];[Root.PrimaryTitle.GetFullName] va migrer vers [This.GetName];;;[Root.PrimaryTitle.GetFullName] migrará a [This.GetName];;;;;;;;;x
send_tribute_to_dosh_kaleen;Send Spoils of War to Dosh Kaleen;Envoyer le butin de guerre au Dosh khaleen;;;Enviar botín de guerra al Dosh Kaleen;;;;;;;;;x
send_tribute_to_dosh_kaleen_desc;Traditionally the plunder gained from the Dothraki's wars are sent to the great city of Vaes Dothrak, where they may serve as testament to the might of the Dothraki.;Traditionnellement, le butin remporté lors des guerres dothrakies est envoyé à la grande cité de Vaes Dothrak, où il peut servir de preuve de la puissance des dothrakis.;;;Tradicionalmente, el botín obtenido en las guerras de los Dothraki, se envía a la gran ciudad de Vaes Dothrak, donde sirven de testimonio del poderío Dothraki.;;;;;;;;;x
dothraki_dosh_kaleen_tribute;Sent Tribute to Vaes Dothrak;Envoyer un tribut à Vaes Dothrak;;;Enviar un tributo a Vaes Dothrak;;;;;;;;;x
dothraki;Dothraki;Dothraki;;;Dothraki;;;;;;;;;x
dothraki_desc;This character is a Dothraki, a culture of nomadic warriors.;Ce personnage est un dothraki, une culture de guerriers nomades.;;;Este personaje es un Dothraki, una cultura de guerreros nómadas.;;;;;;;;;x
dosh_khaleen;Dosh Khaleen;Dosh Khaleen;;;Dosh Khaleen;;;;;;;;;x
dosh_khaleen_desc;This character is a former Khaleesi, widow to a great Khal. She was sent to Vaes Dothrak upon her husbands death to serve in the Dosh Khaleen.;Ce personnage est une ancienne khaleesi, veuve d'un grand khal. Elle a été envoyée à Vaes Dothrak après la mort de son mari pour servir le Dosh Khaleen.;;;Este personaje fue una Khaleesi, viuda de un gran Khal. Fue enviada a Vaes Dothrak cuando murío su marido para servir al Dosh Khaleen.;;;;;;;;;x
EVTDESCDOTHRAKI100;The [Root.PrimaryTitle.GetFullName] has no riders or followers, you are a [Root.GetTitle] in name only.;Le [Root.PrimaryTitle.GetFullName] n'a ni chevaucheurs, ni femmes, ni enfants ou esclaves, vous n'avez de [Root.GetTitle] que le nom.;;;El [Root.PrimaryTitle.GetFullName] no tiene ni jinetes ni seguidores, eres un [Root.GetTitle] únicamente por el nombre.;;;;;;;;;x
EVTOPTADOTHRAKI100;[Root.Religion.GetRandomGodNameCap] does not favour me;[Root.Religion.GetRandomGodNameCap] n'est pas de mon côté.;;;[Root.Religion.GetRandomGodNameCap] no está de mi lado;;;;;;;;;x
EVTTOOLTIPDOTHRAKI101;[This.GetTitledFirstName] will lose all their lands;[This.GetTitledFirstName] va perdre toutes ses terres;;;[This.GetTitledFirstName] perderá todas sus tierras;;;;;;;;;x
EVTOPTBDOTHRAKI100;My [Root.Liege.GetTitle] will surely grant me men to lead;Mon [Root.Liege.GetTitle] va sûrement m'offrir un khas à diriger;;;Mi [Root.Liege.GetTitle] seguramente me otorgue un khas para dirigirlo;;;;;;;;;x
EVTTOOLTIPDOTHRAKI103;will consider your request;va considérer votre requête;;;considerará tu solicitud;;;;;;;;;x
EVTDESCDOTHRAKI101;You have a lost your final band of riders, you can no longer defend or keep your lands;Vous avez perdu votre dernière bande de cavaliers, vous ne pouvez plus défendre ou conserver vos terres;;;Has perdido tu último grupo de jinetes, ya no puedes defender o mantener tus tierras;;;;;;;;;x
EVTOPTADOTHRAKI101;The shame...;Quelle honte…;;;Que vergüenza...;;;;;;;;;x
dothraki.101TOOLTIP;Your lands will become unoccupied domains;Vos terres vont devenir des domaines inoccupés;;;Tus tierras se convertirán en dominios no ocupados;;;;;;;;;x
EVTDESCDOTHRAKI102;[From.GetTitledFirstName] has lost [From.GetHerHis] riders, the [From.PrimaryTitle.GetFullName] is empty.;[From.GetTitledFirstName] a perdu ses cavaliers il n'y a plus personne dans son [From.PrimaryTitle.GetFullName].;;;[From.GetTitledFirstName] ha perdido sus jinetes, el [From.PrimaryTitle.GetFullName] esta vacío.;;;;;;;;;x
EVTOPTADOTHRAKI102;[From.GetSheHeCap] is a disgrace;[From.GetSheHeCap] connaît le déshonneur;;;[From.GetSheHeCap] es una deshonra;;;;;;;;;x
EVTDESCDOTHRAKI103;[From.GetFirstName], one of your [From.GetTitle]s, currently holds grazing lands but has no riders to lead. [From.GetSheHeCap] will need to be granted riders to keep these lands.;[From.GetFirstName], l'un(e) de vos [From.GetTitle]s, détient actuellement des pâturages mais n'a aucun cavalier à mener. [From.GetSheHeCap] a besoin qu'on lui octroie des chevaucheurs pour pouvoir conserver ses terres.;;;[From.GetFirstName], uno de tus [From.GetTitle], actualmente ocupa unas tierras de pastoreo, pero no tiene jinetes para cabalgar por ellas.  Necesita que le concedamos jinetes para mantener estas tierras.;;;;;;;;;x
EVTOPTADOTHRAKI103;Yes, [From.GetSheHe] will honour me;Oui, [From.GetSheHe] m'en sera reconnaissant(e);;;Si, [From.GetSheHe] me honrará;;;;;;;;;x
EVTOPTBDOTHRAKI103;No, [From.GetSheHe] cannot lead;Non, [From.GetSheHe] ne peut pas diriger;;;No, [From.GetSheHe] no sabría liderarlos;;;;;;;;;x
EVTTOOLTIPDOTHRAKI1;[This.GetTitledFirstName] will lose one Khalasar level;[This.GetTitledFirstName] va perdre un niveau de  khalasar;;;[This.GetTitledFirstName] perderá un nivel del Khalasar;;;;;;;;;x
EVTTOOLTIPDOTHRAKI0;[This.GetTitledFirstName] will gain one Khalasar level;[This.GetTitledFirstName] va gagner un niveau de  khalasar;;;[This.GetTitledFirstName] ganará un nivel del Khalasar;;;;;;;;;x
EVTDESCDOTHRAKI200;I am now a [Root.GetTitle] in my own right, no longer obliged to follow any man but myself. I will ride wherever I choose.;Je suis désormais un [Root.GetTitle], je n'ai plus de compte à rendre à personne et je ne suis plus obligé de suivre qui que ce soit. Je chevaucherai là où je veux.;;;Ahora soy un [Root.GetTitle] por derecho propio, ya no estoy obligado a seguir a ningún hombre, sino a mí mismo. Cabalgaré donde yo quiera.;;;;;;;;;x
EVTOPTADOTHRAKI200;My name will be feared;Mon nom sera craint.;;;Mi nombre será temido;;;;;;;;;x
TOOLTIPdothraki.200A;Your Khalasar and family name will be named after you, [Root.GetTitledFirstName]\n;Votre Khalasar et votre nom famille seront nommés d'après vous, [Root.GetTitledFirstName]\n;;;Tu Khalasar y tu apellido llevarán tu nombre, [Root.GetTitledFirstName]\n;;;;;;;;;x
EVTOPTBDOTHRAKI200;I will honour my father's name;J'honorerai le nom de mon père;;;Honraré el nombre de mi padre;;;;;;;;;x
TOOLTIPdothraki.200B;Your Khalasar and family name will stay named for [Root.GetOnlyDynastyName]\n;Votre khalasar et votre nom de famille resteront nommés [Root.GetOnlyDynastyName]\n;;;Tu Khalasar y tu apellido llevarán el nombre de [Root.GetOnlyDynastyName]\n;;;;;;;;;x
EVTDESCDOTHRAKI201;Your kinsman [From.GetTitledFirstName] has acquired many followers, the [From.PrimaryTitle.GetFullName] now ride under [From.GetHerHis] name.;Votre parent [From.GetTitledFirstName] a rassemblé de nombreux guerriers avec leurs familles et esclave, le [Root.PrimaryTitle.GetFullName] chevauche désormais sous son propre nom.;;;Tu pariente [From.GetTitledFirstName] ha reunido muchos guerreros con sus familias y esclavos, el [Root.PrimaryTitle.GetFullName] ahora cabalga con su nombre.;;;;;;;;;x
EVTDESCDOTHRAKI300;[Root.Capital.GetName] has become overgrazed;[Root.Capital.GetName] a été surpâturée;;;[Root.GetName] ha pastoreado en exceso;;;;;;;;;x
EVTOPTADOTHRAKI300;Perhaps we should ride to better pastures...;Peut-être devrions-nous chevaucher vers de meilleurs pâturages…;;;Tal vez deberíamos ir a mejores pastos...;;;;;;;;;x
asoiaf_overgrazed;Overgrazed;Surpâturage;;;Sobrepastoreo;;;;;;;;;x
EVTDESCDOTHRAKI400;My name and deeds are becoming highly spoken of throughout the [Root.Culture.GetName] Sea, more and more warriors are joining the [Root.PrimaryTitle.GetFullName].;Mon nom et mes exploits sont devenus fameux à travers toute la mer [Root.Culture.GetName], de plus en plus de guerriers rejoignent le [Root.PrimaryTitle.GetFullName].;;;Mi nombre y mis hazañas se están haciendo famosas por todo el mar [Root.Culture.GetName], más y más guerreros se unen al [Root.PrimaryTitle.GetFullName].;;;;;;;;;x
EVTOPTADOTHRAKI400;All shall submit to me;Tous devront se soumettre à moi.;;;Todos deberán someterse a mí.;;;;;;;;;x
asoiaf_emerging_khalasar;Emerging Khalasar;Khalasar émergent;;;Khalasar Emergente;;;;;;;;;x
EVTDESCDOTHRAKI402;Your [From.GetRootRelation] [From.GetFirstName] has become angry and disillusioned with your leadership, and has taken a band of like minded riders from your [Root.PrimaryTitle.GetTier] and founded [From.GetHerHis] own.;Votre [From.GetRootRelation] [From.GetFirstName] est déçu par la façon dont vous mener vos hommes.  En colère, il a réuni un groupe de cavaliers qui partagent son avis et a quitté votre [Root.PrimaryTitle.GetTier] pour fonder le sien.;;;Tu [From.GetRootRelation] [From.GetFirstName] está decepcionado por la forma en que diriges a tus hombres.  Enfadado, ha reunido un grupo de jinetes que comparten su opinión y ha dejado tu [Root.PrimaryTitle.GetTier] para fundar el suyo.;;;;;;;;;x
TOOLTIPdothraki.402;[This.GetTitledFirstName] takes a band of your riders and founds their own army\n;[This.GetTitledFirstName] prend une partie de vos cavalier et fonde sa propre armée\n;;;[This.GetTitledFirstName] se lleva una parte de tus jinetes y funda su propio Khalasar\n;;;;;;;;;x
DOTHRAKI_ADVENTURE;[PrevPrev.GetFirstName]'s [Root.TopLiege.PrimaryTitle.GetTier];[Root.TopLiege.PrimaryTitle.GetTier] de [PrevPrev.GetFirstName];;;[Root.TopLiege.PrimaryTitle.GetTier] de [PrevPrev.GetFirstName];;;;;;;;;x
EVTDESCDOTHRAKI403;The [Root.PrimaryTitle.GetFullName] is starving!;Le [Root.PrimaryTitle.GetFullName] est en train de mourir de faim !;;;El [Root.PrimaryTitle.GetFullName] está hambriento!;;;;;;;;;x
EVTOPTADOTHRAKI403;My riders must have their rations cut;Mes cavaliers vont voir leurs rations réduites;;;Mis jinetes deberán reducir sus raciones;;;;;;;;;x
EVTOPTBDOTHRAKI403;The slaves are expendable;Les esclaves ne sont pas essentiels;;;Los esclavos son prescindibles;;;;;;;;;x
EVTTOOLTIPSLAVERY1001DOTH403;You will lose two levels of slave camp;Vous allez perdre deux niveaux de camp d'esclaves;;;Perderás dos niveles del Campo de Esclavos;;;;;;;;;x
EVTDESCDOTHRAKI404;Many of your vassals and riders have become agitated with the lack of grazing lands for the horses and feel we should try and find better lands.;Beaucoup de vos vassaux et de vos chevaucheurs sont inquiets du manque de pâturage pour les chevaux et pensent que nous devrions chercher de meilleures terres.;;;Muchos de tus jinetes están inquietos por la falta de tierras de pastoreo para los caballos y piensan que deberíamos tratar de encontrar mejores tierras.;;;;;;;;;x
EVTOPTADOTHRAKI404;I'll inspire them with fierce words;Je vais les motiver avec un discours;;;Los inspiraré con un discurso feroz.;;;;;;;;;x
EVTOPTBDOTHRAKI404;I'll appease them with gifts;Je vais les apaiser avec des présents;;;Los apaciguaré con regalos.;;;;;;;;;x
EVTOPTCDOTHRAKI404;What can I do?;Qu'est-ce que je peux faire ?;;;Qué puedo hacer?;;;;;;;;;x
opinion_khal_overgraze;Liege Cannot Find Grazing Lands;Le seigneur ne peut pas trouver de pâturages;;;El señor no puede encontrar pastizales;;;;;;;;;x
EVTOPTDDOTHRAKI404;I will prove myself with my Arakh!;Mon arakh prouvera ma valeur !;;;mi Arakh demostrará mi valor!;;;;;;;;;x
TOOLTIPdothraki.405;You will duel [This.GetTitledFirstName] to prove yourself a capable leader;Vous allez provoquer en duel [This.GetTitledFirstName] pour prouver à tous que vous êtes capable de diriger;;;Combatirás en duelo contra [This.GetTitledFirstName] para demostrar que eres un líder capaz;;;;;;;;;x
EVTDESCDOTHRAKI500;You decided that the [Root.PrimaryTitle.GetFullName] should move on to new pastures so that our horses remain well fed, and now we have finally arrived at your chosen destination.;Vous avez décidé que le [Root.PrimaryTitle.GetFullName] devait se déplacer vers de nouveaux pâturages pour que vos chevaux continuent à être bien nourris, et nous venons enfin d'arriver là où nous voulions nous rendre.;;;Decidiste que el [Root.PrimaryTitle.GetFullName] se desplazase a nuevos pastos para que los caballos permanezcan alimentados, y por fin hemos llegado al destino elegido.;;;;;;;;;x
TOOLTIPMOVECAMP;The [Root.PrimaryTitle.GetFullName] moves to [This.GetName];Le [Root.PrimaryTitle.GetFullName] s'installe à [This.GetName];;;El [Root.PrimaryTitle.GetFullName] se desplaza a [This.GetName];;;;;;;;;x
EVTDESCDOTHRAKI501;The [Root.PrimaryTitle.GetFullName] must all follow you in the same province;Le [Root.PrimaryTitle.GetFullName] doit vous suivre dans une seule et même province;;;El [Root.PrimaryTitle.GetFullName] tiene que seguir en la misma provincia;;;;;;;;;x
EVTDESCDOTHRAKI601;[Root.PrimaryTitle.GetFOA], a brave rider has founded a their own Khalasar near your lands in [From.GetName].;[Root.PrimaryTitle.GetFOA], un brave cavalier a fondé son propre khalasar près de vos terres à [From.GetName].;;;[Root.PrimaryTitle.GetFOA], un valiente jinete ha fundado su propio Khalasar cerca de sus tierras en [From.GetName].;;;;;;;;;x
EVTDESCdothraki.603;Our riders have finally arrived in the unclaimed pastures of [From.GetName], adding these lands to your domain.;Nos cavaliers sont enfin arrivés sur les pâturages non revendiqués de [From.GetName], ajoutant ainsi ses terres à notre domaine.;;;Nuestros jinetes han llegado finalmente a los pastos no reclamados de [From.GetName], añadiremos estas tierras a nuestro dominio.;;;;;;;;;x
EVTDESCdothraki.607;The [From.Culture.GetName] horselord [From.GetTitledFirstName] has launched a raid on our lands. But if it's plunder they seek perhaps we can try and placate them with a tribute?;Le seigneur du cheval [From.Culture.GetName] [From.GetTitledFirstName] a lancé un raid sur nos terres. Mais si les dothrakis cherchent du butin, peut-être arriverons nous à les détourner en leur offrant un tribut ?;;;El [From.Culture.GetName] [From.GetTitledFirstName] ha lanzado una incursión a nuestras tierras. Pero si es saqueo lo único que buscan, tal vez podamos tratar de aplacarlos con un tributo?;;;;;;;;;x
EVTOPTAdothraki.607;Yes, offer them great gifts;Oui, offrez leur un grand présent.;;;Sí, ofrecerles grandes regalos.;;;;;;;;;x
TOOLTIPdothraki.608;Will consider your offer of tribute;Va réfléchir à votre offre de tribut;;;Considerará tu oferta de tributo.;;;;;;;;;x
EVTOPTBdothraki.607;No, I will drive these savages from the realm!;Non, je vais repousser ces sauvages !;;;No, echaré a estos salvajes del Reino!;;;;;;;;;x
EVTOPTCdothraki.607;Yes, they like exchanging slaves for gifts;Oui, ils aiment échanger des esclaves contre des présents.;;;Sí, les gusta el intercambio de esclavos por regalos.;;;;;;;;;x
EVTOPTDdothraki.607;I will offer him a fair [Root.GetOnlyDynastyName] maiden;;;;Le ofreceré una doncella [Root.GetOnlyDynastyName];;;;;;;;;x
TOOLTIPdothraki.607DAUGHTER;[This.GetTitledFirstName] is offered to [From.GetTitledFirstName]. If [From.GetTitledFirstName] is already married she will merely become his concubine.;;;;[This.GetTitledFirstName] es ofrecida a [From.GetTitledFirstName]. Si [From.GetTitledFirstName] ya está casado ella se convertirá en su concubina.;;;;;;;;;x
TOOLTIPdothraki.1011;Will consider your offer of tribute in return for slaves;va réfléchir à votre proposition de tribut contre des esclaves.;;;considerará tu oferta de tributo a cambio de esclavos.;;;;;;;;;x
EVTDESCdothraki.608;[Root.PrimaryTitle.GetFOA], We the people of [From.PrimaryTitle.GetName] do not desire conflict with you and your mighty [Root.Culture.GetName] horde. We hearby offer a handsome gift, and only ask that in return you leave our lands unmolested.\n\nYours Humbly\n[From.GetTitledFirstName];[Root.PrimaryTitle.GetFOA], nous, le peuple de [From.PrimaryTitle.GetName], ne désirons par entrer en conflit avec vous et votre puissante horde [Root.Culture.GetName]. Aussi nous vous offrons un grand présent et, en échange, nous demandons simplement que vous quittiez nos terres sans les dévaster.\n\nVotre humble serviteur\n[From.GetTitledFirstName];;;[Root.PrimaryTitle.GetFOA], Nosotros, el pueblo de [From.PrimaryTitle.GetName] no deseamos ningún conflicto contra vos y vuestra poderosa horda [Root.Culture.GetName]. Así, os ofrecemos un hermoso regalo, y sólo pedimos que a cambio abandonéis nuestras tierras sin devastarlas.\n\nVuestro humilde servidor\n[From.GetTitledFirstName];;;;;;;;;x
EVTDESCdothraki.608B;[Root.PrimaryTitle.GetFOA], We the people of [From.PrimaryTitle.GetName] do not desire conflict with you and your mighty [Root.Culture.GetName] horde. I hearby offer you my maiden relative [tribute_daughter_offer.GetTitledFirstName] along with a handsome dowry, and only ask that in return you leave our lands unmolested.\n\nYours Humbly\n[From.GetTitledFirstName];;;;[Root.PrimaryTitle.GetFOA], Nosotros, el pueblo de [From.PrimaryTitle.GetName] no deseamos ningún conflicto contra vos y vuestra poderosa horda [Root.Culture.GetName]. Así, os ofrezco a mi doncella [tribute_daughter_offer.GetTitledFirstName] junto con una cuantiosa dote, y sólo pedimos que a cambio abandonéis nuestras tierras sin devastarlas.\n\nVuestro humilde servidor\n[From.GetTitledFirstName];;;;;;;;;x
EVTOPTAdothraki.608;I accept this tribute;J'accepte le tribut;;;Acepto el tributo;;;;;;;;;x
EVTOPTBdothraki.608;No, we will ride and take it by force;Non, nous allons chevaucher et tout prendre par la force;;;No, cabalgaremos y lo tomaremos por la fuerza;;;;;;;;;x
EVTDESCdothraki.609;[Root.PrimaryTitle.GetFOA], Our envoys have returned from the camp of [From.GetTitledFirstName] with good news. [From.GetTitledFirstName] accepted your offer of tribute, and has agreed to leave [Root.PrimaryTitle.GetName] unharmed.;[Root.PrimaryTitle.GetFOA], votre émissaire est revenu du camp de [From.GetTitledFirstName] avec de bonnes nouveles. [From.GetTitledFirstName] a accepté votre offre de tribut et est d'accord pour quitter [Root.PrimaryTitle.GetName].;;;[Root.PrimaryTitle.GetFOA], Nuestros emisarios han regresado del campamento de [From.GetTitledFirstName] con buenas noticias. [From.GetTitledFirstName] ha aceptado tu oferta de tributo, y se ha comprometido a abandonar [Root.PrimaryTitle.GetName].;;;;;;;;;x
EVTOPTAdothraki.609;Thank [Root.Religion.GetRandomGodName];[Root.Religion.GetRandomGodName] ! Merci !;;;Gracias, [Root.Religion.GetRandomGodName];;;;;;;;;x
EVTDESCdothraki.1010;Grave news [Root.PrimaryTitle.GetFOA], It seems [From.GetTitledFirstName] has rejected our offer of tribute, for [From.GetHerHis] only reply was to send us back the heads of our envoys. We must prepare to do battle.;Terrible nouvelle [Root.PrimaryTitle.GetFOA], il semble que [From.GetTitledFirstName] a rejeté votre offre de tribut. Sa seule réponse a été de nous renvoyer la tête de votre émissaire. Nous devons nous préparer à la guerre.;;;Terribles noticias [Root.PrimaryTitle.GetFOA], parece que [From.GetTitledFirstName] ha rechazado nuestra oferta de tributo. Han devuelto las cabezas de nuestros emisarios. Debemos prepararnos para la guerra.;;;;;;;;;x
EVTOPTAdothraki.1010;The savage will pay;Ces sauvages vont le payer !;;;Estos salvajes lo pagarán!;;;;;;;;;x
EVTDESCdothraki.1011;[Root.PrimaryTitle.GetFOA], We the people of [From.PrimaryTitle.GetName] do not desire conflict with you and your mighty [Root.Culture.GetName] horde. We greatly desire slaves, and think it would be beneficial for all concerned if we could agree to exchange your slaves for our gifts.\n\nYours Humbly\n[From.GetTitledFirstName];[Root.PrimaryTitle.GetFOA], nous le peuple de [From.PrimaryTitle.GetName] ne souhaitons pas entrer en conflit avec vous et votre puissante horde [Root.Culture.GetName]. Nous cherchons des esclaves, aussi pourrions-nous trouver un terrain d'entente si vous acceptiez d'échanger vos esclaves contre nos présents.\n\nHumblement\n[From.GetTitledFirstName];;;[Root.PrimaryTitle.GetFOA], Nosotros, el pueblo de [From.PrimaryTitle.GetName] no deseamos ningún conflicto contra vos y vuestra poderosa horda [Root.Culture.GetName]. Deseamos enormemente esclavos, y creemos que sería beneficioso para ambos si nos ponemos de acuerdo para intercambiar vuestros esclavos por nuestros presentes.\n\nHumildemente sincero\n[From.GetTitledFirstName];;;;;;;;;x
ca_asoiaf_move_camp;Migrate the Khalasar Here;Déplacer le Khalasar ici;;;Desplazar el Khalasar aquí;;;;;;;;;x
ca_asoiaf_khalasar_0;Tiny Nomadic Horde;Très petite horde nomade;;;Minúscula Horda Nómada;;;;;;;;;x
ca_asoiaf_khalasar_1;Small Nomadic Horde;Petite horde nomade;;;Pequeña Horda Nómada;;;;;;;;;x
ca_asoiaf_khalasar_2;Medium Nomadic Horde;Horde nomade de taille moyenne;;;Mediana Horda Nómada;;;;;;;;;x
ca_asoiaf_khalasar_3;Large Nomadic Horde;Grande horde nomade;;;Gran Horda Nómada;;;;;;;;;x
ca_asoiaf_khalasar_4;Vast Nomadic Horde;Immense horde nomade;;;Enorme Horda Nómada;;;;;;;;;x
ca_asoiaf_riders_camp_0;Tiny Riders' Camp;Minuscule camp de cavaliers;;;Minúsculo Campamento de Jinetes;;;;;;;;;x
ca_asoiaf_riders_camp_1;Small Riders' Camp;Petit camp de cavaliers;;;Pequeño Campamento de Jinetes;;;;;;;;;x
ca_asoiaf_riders_camp_2;Medium Riders' Camp;Camp de cavaliers de taille moyenne;;;Mediano Campamento de Jinetes;;;;;;;;;x
ca_asoiaf_riders_camp_3;Large Riders' Camp;Grand camp de cavaliers;;;Gran Campamento de Jinetes;;;;;;;;;x
ca_asoiaf_riders_camp_4;Vast Riders' Camp;Immense camp de cavaliers;;;Enorme Campamento de Jinetes;;;;;;;;;x
ca_asoiaf_archers_camp_0;Tiny Archers' Camp;Minuscule camp d'archers;;;Minúsculo Campamento de Arqueros;;;;;;;;;x
ca_asoiaf_archers_camp_1;Small Archers' Camp;Petit camp d'archers;;;Pequeño Campamento de Arqueros;;;;;;;;;x
ca_asoiaf_archers_camp_2;Medium Archers' Camp;Camp de d'archers de taille moyenne;;;Mediano Campamento de Arqueros;;;;;;;;;x
ca_asoiaf_archers_camp_3;Large Archers' Camp;Grand camp d'archers;;;Gran Campamento de Arqueros;;;;;;;;;x
ca_asoiaf_archers_camp_4;Vast Archers' Camp;Immense camp d'archers;;;Enorme Campamento de Arqueros;;;;;;;;;x
ca_asoiaf_camp_stakes_0;Camp Stakes;Pieux pour camp;;;Campo de Estacas;;;;;;;;;x
ca_asoiaf_camp_stakes_1;Camp Ditches;Fossés pour camp;;;Campo de Zanjas;;;;;;;;;x
ca_asoiaf_camp_stakes_2;Modest Camp Defenses;Modestes défenses pour camp;;;Defensas de Campamento Básicas;;;;;;;;;x
ca_asoiaf_camp_stakes_3;Defensive Ramparts;Remparts défensifs;;;Murallas Defensivas;;;;;;;;;x
ca_asoiaf_camp_stakes_4;Extensive Camp Defenses;Défenses pour camp renforcées;;;Defensas de Campamento Reforzadas;;;;;;;;;x
dothraki_demesne_modifier;Nomad;Nomade;;;Nómada;;;;;;;;;x
dothraki_demesne_modifier_desc;Nomadic leaders can rule more land than conventional sedentary lords.\n\n(This modifier is intended to increase their demesne limit);Les chefs nomades peuvent détenir plus de terres que les lords sédentaires.\n\n(Ce modificateur vise à accroître leur limite de domaine);;;Los líderes nómadas pueden gobernar más tierra que los señores sedentarios convencionales.\n\n(Este modificador está destinado a aumentar su límite de heredad);;;;;;;;;x
dothraki_raid_truce;Raid Truce;Trêve de raid;;;Incursión en tregua;;;;;;;;;x
dothraki_child_khal;Child Khal;Enfant khal;;;Niño Khal;;;;;;;;;x
dothraki_child_khal_desc;The Dothraki do not suffer a child Khal;Les dothrakis n'acceptent pas un enfant comme khal;;;Los Dothraki no aceptan a un niño como Khal;;;;;;;;;x
dothraki_female_khal;Female Khal;Femme khal;;;Mujer Khal;;;;;;;;;x
dothraki_weak_khal;Weak Khal;Faible khal;;;Khal débil;;;;;;;;;x
dothraki_weak_khal_desc;A Khal who cannot ride is no Khal'\nThe Dothraki only respect a strong leader, who must be a ruthless and cunning warrior who can deal with any who challenge his authority. Your Khalasar do not respect you, and so question your leadership.\nA strong Khal must:\n§Y*§!Have at least §Y0 prestige§!\n§Y*§!Either have §Y10 martial§! or be a §Yskilled§! or §Yformidable§! warrior\n§Y*§!NOT be a §Yprisoner§!\n§Y*§!NOT be either\n   -Incapable\n   -Infirm\n   -Crippled\n   -Weak\n   -An Imbecile\n   - Inbred\n   -A Dwarf\n   -Clubfooted\n   -A Eunuch\n   -Blind;Un khal qui ne peut pas chevaucher n'est pas un khal\nLes dothrakis ne respectent que des chefs forts, qui doivent être d'impitoyables guerriers qui peuvent se défendre contre n'importe quel homme contestant leur autorité. Votre khalasar ne vous respecte pas et remet donc en question votre capacité à le diriger.\nUn khal fort doit:\n§Y*§!Avoir au moins §Y0 prestige§!\n§Y*§!Soit avoir au moins §Y9 martial§! ou être un guerrier §Ytalentueux§! ou §Yformidable§!\n§Y*§!Ne doit pas être un §Yprisonnier§!\n§Y*§!Ne doit pas être\n   -Incapable\n   -Infirme\n   -Paralysé\n   -Faible\n   -Un imbécile\n   - Consanguin\n   -Un nain\n   -Un Pied-bot\n   -Un eunuque\n   -aveugle;;;Un Khal que no puede cabalgar no es un Khal'\nLos Dothraki sólo respetan a un líder fuerte, que debe ser un guerrero despiadado y astuto y que pueda hacer frente a cualquiera que desafie su autoridad. Tu khalasar no te respeta, y cuestiona tu liderazgo.;;;;;;;;;x
EVTDESCDOTHRAKI700;Today is a very exciting day for you, because today is the day you become a [Root.GetManWoman]. You have overheard your [Root.Liege.GetMotherFather] talking to [Root.Liege.GetHerHis] bloodriders, and you know that [Root.Liege.GetSheHe] believes the time has finally come for you to ride your first horse, and take your first place at [Root.Liege.GetHerHis] side.;Aujourd'hui est un grand jour pour vous, car aujourd'hui est le jour où vous devenez un(e) [Root.GetManWoman]. Vous avez entendu votre [Root.Liege.GetMotherFather] parler à ses sang-coureurs et vous savez qu'[Root.Liege.GetSheHe] pense que le temps est enfin venu pour vous de monter votre premier cheval et de prendre place à ses côtés.;;;Hoy es un día muy emocionante, porque hoy es el día en que te conviertes en un [Root.GetManWoman]. Has oído a tu [Root.Liege.GetMotherFather] hablando con los jinetes de sangre, y sabes que cree que por fin te ha llegado el momento para que montes tu primer caballo, y cabalgar a su lado.;;;;;;;;;x
EVTOPTADOTHRAKI700;I wonder what kind of horse it'll be?;Je me demande quel type de cheval cela va-t-être...;;;Me pregunto qué tipo de caballo será...;;;;;;;;;x
EVTTOOLTIPDOTHRAKI701;selects your first horse.;sélectionne votre premier cheval;;;Elige tu primer caballo.;;;;;;;;;x
EVTDESCDOTHRAKI701;The time has come for your [From.GetRootRelation] [From.GetFirstName] to become a [From.GetManWoman] - [From.GetSheHe] is old enough to ride [From.GetHerHis] first horse, and take [From.GetHerHis] rightful place at your side in the khalasar. As [Root.GetTitle], you are expected to provide an appropriate horse from among your own collectio.;Le temps est venu pour votre [From.GetRootRelation] [From.GetFirstName] de devenir un(e) [From.GetManWoman] - [From.GetSheHe] est assez âgé pour chevaucher son premier cheval et prendre sa légitime place à vos côtés dans le khalasar. En tant que [Root.GetTitle], on attend de vous que vous offriez un cheval approprié pris dans votre propre collection.;;;Ha llegado la hora para que tu [From.GetRootRelation] [From.GetFirstName] se convierta en un [From.GetManWoman]. Ya es lo suficientemente mayor como para cabalgar su primer caballo, y ocupar el lugar que le corresponde a tu lado en el Khalasar. Como [Root.GetTitle], se espera que le ofrezcas un caballo apropiado de tu propia colección.;;;;;;;;;x
EVTOPTADOTHRAKI701;Only the wildest stallion will do!;Seul le plus sauvage des étalons fera l'affaire !;;;Le daré el semental más salvaje que tenga!;;;;;;;;;x
EVTOPTBDOTHRAKI701;A gentle mare, perfect for a young [From.GetLadLass].;Une douce jument, parfait pour un(e) jeune[From.GetLadLass].;;;Una yegua mansa, perfecta para su edad.;;;;;;;;;x
EVTOPTCDOTHRAKI701;A fleabitten nag.;Un canasson souffreteux. ;;;Un penco enfermizo.;;;;;;;;;x
EVTDESCDOTHRAKI704;You bring [FromFrom.GetFirstName] out into the fields alone, along with the strongest and wildest stallion in your possession. At first, [FromFrom.GetSheHe] seems terrified, and once in the saddle, the stallion instantly begins to bucks and twist, but [FromFrom.GetFirstName] clings stubbornly to the reins. Finally, the horse seems to recognize its master.;Vous menez [FromFrom.GetFirstName] dans la plaine puis vous lui présenté votre plus sauvage et plus puissant étalon en votre possession. Au début, [FromFrom.GetSheHe] semble terrifié et, une fois [FromFrom.GetFirstName] monté sur la selle, l'étalon se met instantanément à ruer. Mais [FromFrom.GetFirstName] s'accroche obstinément aux rênes. Finalement, le cheval finit par reconnaître son maître.;;;Llevas a [FromFrom.GetFirstName] a las llanuras y le presentas al semental más fuerte y salvaje de tu posesión. Al principio, parece aterrorizado, y una vez en la silla, el caballo comienza instantáneamente a dar sacudidas y a retorcerse, pero [FromFrom.GetFirstName] se aferra obstinadamente a las riendas. Finalmente, el caballo parece reconocer a su amo.;;;;;;;;;x
EVTOPTADOTHRAKI704;Today is the proudest day of my life.;Aujourd'hui est définitivement le jour où j'ai été le plus fier.;;;Hoy es el día más orgulloso de mi vida.;;;;;;;;;x
EVTTOOLTIPDOTHRAKI705;is thrilled.;est ravi.;;;está encantado.;;;;;;;;;x
EVTDESCDOTHRAKI705;Your [From.GetRootRelation] brings you out into the fields alone, along with your first horse. The mere sight of it terrifies you - it is a gigantic stallion, so wild that even your [From.GetRootRelation] seems to have difficulty restraining it. Still, you manage to climb into the saddle. The beast begins to buck, but you manage to cling to the reins and force it down. At last, the horse seems to accept its place beneath you.;Votre [From.GetRootRelation] vous amène un peu plus loin dans la plaine où on vous présente votre premier cheval. Sa vue vous terrifie, il s'agit d'un gigantesque étalon, si sauvage que votre [From.GetRootRelation] semble avoir des difficultés à le retenir. Néanmoins vous parvenez à monter sur la selle. La bête commence à ruer dans tous les sens, mais vous réussissez à vous accrochez aux rênes. Au bout d'un moment, le cheval semble accepter votre présence sur son dos.;;;Tu [From.GetRootRelation] te lleva a las llanuras y te presenta tu primer caballo. La mera visión de él te aterroriza .Es un semental enorme, tan salvaje que incluso tu [From.GetRootRelation] parece tener dificultad para retenerlo. Aún así, te las arreglas para subir a la silla de montar. La bestia comienza a dar sacudidas, pero consigues aferrarte a las riendas y forzarlo a calmarse. Finalmente, el caballo parece aceptarte.;;;;;;;;;x
EVTOPTADOTHRAKI705;I'm going to show him off to my friends!;Je vais aller le montrer à mes amis !;;;Se lo mostraré a mis amigos!;;;;;;;;;x
EVTDESCDOTHRAKI706;You bring [FromFrom.GetFirstName] out into the fields alone, along with the strongest and wildest stallion in your possession. At first, [FromFrom.GetSheHe] seems terrified, and once in the saddle, the stallion instantly begins to bucks and twist. [FromFrom.GetSheHeCap] clings desperately to the reins, but it's not enough, and [FromFrom.GetSheHe] is flung from the saddle!;Vous menez [FromFrom.GetFirstName] dans la plaine puis vous lui présentez votre plus sauvage et plus puissant étalon en votre possession. Au début, [FromFrom.GetSheHe] semble terrifié et, une fois [FromFrom.GetFirstName] monté sur la selle, l'étalon se met instantanément à ruer. [FromFrom.GetSheHeCap] s'accroche désespérément aux rênes mais ce n'est pas suffisant, et [FromFrom.GetSheHe] est ejecté de la selle !;;;Llevas a [FromFrom.GetFirstName] a las llanuras y le presentas al semental más fuerte y salvaje de tu posesión. Al principio, parece aterrorizado, y una vez en la silla, el caballo comienza instantáneamente a dar sacudidas y a retorcerse, pero [FromFrom.GetFirstName] se aferra desesperadamente a las riendas, pero no lo suficiente, y se cae de la silla!;;;;;;;;;x
EVTOPTADOTHRAKI706;[FromFrom.GetFirstName]!;[FromFrom.GetFirstName] !;;;[FromFrom.GetFirstName]!;;;;;;;;;x
EVTTOOLTIPDOTHRAKI707;is flung from the saddle!;est ejecté de la selle !;;;se cae de la silla!;;;;;;;;;x
EVTDESCDOTHRAKI707;Your [From.GetRootRelation] brings you out into the fields alone, along with your first horse. The mere sight of it terrifies you - it is a gigantic stallion, so wild that even your [From.GetRootRelation] seems to have difficulty restraining it. Still, you manage to climb into the saddle. The beast begins to buck, and you try to cling to the reins, but it's not enough, and you are thrown from the saddle!;Votre [From.GetRootRelation] vous amène un peu plus loin dans la plaine où on vous présente votre premier cheval. Sa vue vous terrifie, il s'agit d'un gigantesque étalon, si sauvage que votre [From.GetRootRelation] semble avoir des difficultés à le retenir. Néanmoins vous parvenez à monter sur la selle. La bête commence à ruer dans tous les sens, et essayez de vous accrocher aux rênes, mais cela ne suffit pas et vous êtes éjecté de la selle !;;;Tu [From.GetRootRelation] te lleva a las llanuras y te presenta tu primer caballo. La mera visión de él te aterroriza .Es un semental enorme, tan salvaje que incluso tu [From.GetRootRelation] parece tener dificultad para retenerlo. Aún así, te las arreglas para subir a la silla de montar. La bestia comienza a dar sacudidas, e intentas aferrarte a las riendas, pero no lo suficiente, y te  caes de la silla!;;;;;;;;;x
EVTOPTADOTHRAKI707;[From.GetRootRelation], help!;[From.GetRootRelation], au secours !;;;[From.GetRootRelation], ayuda!;;;;;;;;;x
EVTDESCDOTHRAKI710;You bring [FromFrom.GetFirstName] out into the fields alone, along with a sturdy but gentle mare, and help [FromFrom.GetHerHim] into the saddle. [FromFrom.GetSheHeCap] grins as the horse trots about the field, easily following the child's commands.;Vous menez [FromFrom.GetFirstName] dans la plaine puis vous lui présentez une vigoureuse mais douce jument. Vous l'aidez à monter sur la selle. [FromFrom.GetSheHeCap] sourit tandis que la jument parcoure la plaine au trot, réagissant au moindre ordre de l'enfant.;;;Traes a [FromFrom.GetFirstName] a las llanuras a solas, junto con una yegua robusta pero mansa, y le ayudas a subir a la silla. Sonríe mientras la yegua trota sobre el campo, siguiendo fácilmente las órdenes del niño.;;;;;;;;;x
EVTOPTADOTHRAKI710;Now, you are a [FromFrom.GetManWoman].;Maintenant te voilà un(e) [FromFrom.GetManWoman].;;;Ahora eres un [FromFrom.GetManWoman].;;;;;;;;;x
EVTTOOLTIPDOTHRAKI711;is proud.;est fier.;;;se enorgullece.;;;;;;;;;x
EVTDESCDOTHRAKI711;Your [From.GetRootRelation] brings you out into the fields alone, along with a sturdy mare. [From.GetSheHeCap] helps you into the saddle and gives you the reins. You try, carefully, to nudge the horse, and to your great pleasure, she obeys you almost instantly! Soon, you are trotting about the fields under your [From.GetRootRelation]'s careful guidance..;Votre [From.GetRootRelation] vous amène un peu plus loin dans la plaine où on vous présente votre premier cheval, une vigoureuse jument. [From.GetSheHeCap] vous aide à monter sur la selle puis vous essayez, prudemment, de donner des ordres à votre monture. A votre grand plaisir vous découvrez qu'elle répond au moindre de vos exigences. Très vite vous vous mettez à parcourir la plaine au trot, écoutant les conseils de votre [From.GetRootRelation]...;;;Tu [From.GetRootRelation] te lleva a las llanuras a solas, junto con una yegua robusta y te ayuda a subir a la silla y te da las riendas. Intentas, con cuidado, controlar a la yegua, y para tu gran placer, esta te obedece casi al instante! Pronto, estás trotando sobre los campos bajo la cuidadosa atención de tu [From.GetRootRelation];;;;;;;;;x
EVTOPTADOTHRAKI711;Look at me! Look at me!;Regarde moi ! Regarde moi !;;;Mírame! Mírame!;;;;;;;;;x
EVTDESCDOTHRAKI712;You bring [FromFrom.GetFirstName] out into the fields alone, along with a sturdy but gentle mare, and help [FromFrom.GetHerHim] into the saddle. At first, [FromFrom.GetSheHe] seems excited, and the horse seems cooperative, but then something goes wrong. The horse bucks unexpectedly, and [FromFrom.GetFirstName] is flung from the saddle!;Vous menez [FromFrom.GetFirstName] dans la plaine puis vous lui présenté une vigoureuse mais douce jument. Vous l'aidez à monter sur la selle. Au début, [FromFrom.GetSheHe] semble tout excité(e) et joyeux(se) tandis que la jument coopère, mais cela finit par tourner mal. La jument se met soudainement à ruer et [FromFrom.GetFirstName] est éjecté(e) de sa selle !;;;Traes a [FromFrom.GetFirstName] a las llanuras a solas, junto con una yegua robusta pero mansa, y le ayudas a subir a la silla. Al principio, parece emocionado, y la yegua parece obedecer, pero entonces algo va mal. La yegua empieza a dar sacudidas de forma inesperada, y [FromFrom.GetFirstName] se cae de la silla!;;;;;;;;;x
EVTOPTADOTHRAKI712;[FromFrom.GetFirstName]!;[FromFrom.GetFirstName] !;;;[FromFrom.GetFirstName]!;;;;;;;;;x
EVTTOOLTIPDOTHRAKI713;is humiliated.;est humilié(e).;;;está humillado.;;;;;;;;;x
EVTDESCDOTHRAKI713;Your [From.GetRootRelation] brings you out into the fields alone, along with a sturdy mare. [From.GetSheHeCap] helps you into the saddle and gives you the reins. You try, carefully, to nudge the horse, and to your great pleasure, she obeys you almost instantly! You're just starting to feel confident when the horse bucks unexpectedly, and you find yourself flung from the saddle!;Votre [From.GetRootRelation] vous amène un peu plus loin dans la plaine où on vous présente votre premier cheval, une vigoureuse jument. [From.GetSheHeCap] vous aide à monter sur la selle puis vous essayez, prudemment, de donner des ordres à votre monture. A votre grand plaisir vous découvrez qu'elle répond au moindre de vos exigences. Vous vous sentez enfin rassuré(e) lorsque la jument se met soudainement à ruer et vous êtes éjecté(e) de la selle !;;;Tu [From.GetRootRelation] te lleva a las llanuras a solas, junto con una yegua robusta y te ayuda a subir a la silla y te da las riendas. Intentas, con cuidado, controlar a la yegua, y para tu gran placer, ella te obedece casi al instante! Estás empezando a tener confianza cuando la yegua comienza a dar sacudidas de forma inesperada, y te caes de la silla!;;;;;;;;;x
EVTOPTADOTHRAKI713;I'm... I'm so sorry, [From.GetRootRelation]!;Je… je suis désolé, [From.GetRootRelation]!;;;Yo... lo siento mucho, [From.GetRootRelation]!;;;;;;;;;x
EVTTOOLTIPDOTHRAKI714;is humiliated.;est humilié(e).;;;está humillado.;;;;;;;;;x
EVTDESCDOTHRAKI714;Your [From.GetRootRelation] brings you out into the fields alone, along with one of [From.GetHerHis] horses - and for the first time in your life, you know what it feels like to be truly disappointed. The alleged 'horse' is a fleabitten nag, the oldest in your [From.GetRootRelation]'s possession, nothing near what a proud Dothraki warrior like you deserves!;"Votre [From.GetRootRelation] vous amène un peu plus loin dans la plaine où on vous présente votre premier cheval. Pour la première fois de votre vie vous savez ce que c'est de ressentir une véritable déception. Le fameux ""cheval"" est un canasson souffreteux, le plus vieux que possède votre [From.GetRootRelation]. Très loin de ce qu'un véritable guerrier dothraki comme vous mériterait d'avoir !";;;"Tu [From.GetRootRelation] te lleva a las llanuras a solas, junto con uno de sus caballos y por primera vez en tu vida, sabes lo que se siente al estar realmente decepcionado. El supuesto ""caballo"" es un rocín fámelico, el más viejo en poder de tu [From.GetRootRelation], muy lejos de lo que un orgulloso guerrero Dothraki como yo se merece!";;;;;;;;;x
EVTOPTADOTHRAKI714;This is so humiliating...;Quelle humilitation…;;;Esto es tan humillante...;;;;;;;;;x
EVTDESCDOTHRAKI715;You bring your [GetfromRelation] out into the fields alone, along with one of the oldest horses in your possession. You wish you could do better, you really do, and you can feel your [From.GetRootRelation] judging you as you present the horse, but you know that you have to make do with what you have. Perhaps, some day, [From.GetSheHe] will be able to find a real steed.;Vous menez [FromFrom.GetFirstName] dans la plaine puis vous lui présentez le plus vieux cheval qui se trouve en votre possession. Vous auriez espéré lui offrir une meilleure monture, vraiment, et vous pouvez ressentir le regard accusateur de votre [From.GetRootRelation] tandis que vous lui présentez la bête. Mais vous savez que vous devez faire avec ce que vous avez. Peut-être un jour sera-t-[From.GetSheHe] capable de trouver un véritable coursier.;;;Llevas a tu [GetfromRelation] a las llanuras a solas, junto con uno de los caballos más viejos de tu posesión. Esperabas poder ofrecerle algo mucho mejor, y puedes sentir a tu [From.GetRootRelation] juzgar al caballo decepcionado, pero sabes que él tiene que conformarse con lo que tiene. Tal vez, algún día, sea capaz de encontrar un gran semental.;;;;;;;;;x
EVTOPTADOTHRAKI715;At least it's better than nothing.;Au moins c'est mieux que rien.;;;Es mejor que nada.;;;;;;;;;x
EVTDESCDOTHRAKI751;Your newborn [From.GetRootRelation], [From.GetFirstName], was born weak and deformed. Your slave healers tell you that [From.GetSheHe] may never be able to ride, even when fully grown. Perhaps it would be better to abandon [From.GetHerHim] to die, rather than force [From.GetHerHim] to face such a terrible life.;Votre [From.GetRootRelation], [From.GetFirstName], est né(e) faible et difforme. Vos esclaves guérisseurs vous informent qu'[From.GetSheHe] pourrait ne jamais être capable de chevaucher, même à l'âge adulte. Peut-être vaudrait-il mieux l'abandonner à la mort, plutôt que de lui infliger une vie si terrible.;;;Tu [From.GetRootRelation], [From.GetFirstName], nació débil y deforme. Tus curanderos esclavos te dicen que es posible que nunca vaya a ser capaz de cabalgar, incluso cuando esté bien desarrollado. Tal vez sería mejor abandonarlo para que muera, en lugar de obligarlo a hacer frente a una vida tan terrible.;;;;;;;;;x
EVTOPTADOTHRAKI751;May [From.GetSheHe] find a better life with [Root.Religion.GetRandomGodName]...;Puisse-t-[From.GetSheHe] avoir une meilleure vie au côté du(e) [Root.Religion.GetRandomGodName]...;;;Puede que encuentre una vida mejor con el [Root.Religion.GetRandomGodName]...;;;;;;;;;x
EVTOPTBDOTHRAKI751;I will not abandon this child.;Je n'abandonnerai pas cet enfant.;;;No abandonaré a este niño.;;;;;;;;;x
EVTTOOLTIPDOTHRAKI752;reacts to your decision.;réagit à votre décision.;;;reacciona a tu decisión.;;;;;;;;;x
EVTDESCDOTHRAKI752;Your [From.GetRootRelation], [From.GetTitledFirstName], has left your [FromFrom.GetRootRelation] [FromFrom.GetFirstName] to die in the wilds of [From.Location.GetName]. [From.GetSheHeCap] says that it is the Dothraki way, that it is a mercy not to force the child to live [From.GetHerHis] life unable to ride.;Votre [From.GetRootRelation], [From.GetTitledFirstName], a laissé votre [FromFrom.GetRootRelation] [FromFrom.GetFirstName] mourir dans les espaces sauvages de [From.Location.GetName]. [From.GetSheHeCap] dit qu'il s'agit de la coutume des dothrakis, ce n'est que miséricorde que ne pas forcer un enfant à vivre une vie sans pouvoir chevaucher.;;;Tu [From.GetRootRelation], [From.GetTitledFirstName], ha dejado a tu [FromFrom.GetRootRelation] [FromFrom.GetFirstName] morir en la soledad de [From.Location.GetName]. Dice que es la costumbre Dothraki, que es misericordia para no forzar al niño a vivir una vida incapaz de cabalgar.;;;;;;;;;x
EVTOPTADOTHRAKI752;Murderer!;Meurtrier(e) !;;;Asesino!;;;;;;;;;x
EVTOPTBDOTHRAKI752;I understand.;Je comprends.;;;Lo entiendo.;;;;;;;;;x
EVTTOOLTIPDOTHRAKI753;clings to [This.GetHerHis] savage Dothraki customs.;s'accroche à ses sauvages coutumes dothrakies.;;;se aferra a las costumbres salvajes Dothraki.;;;;;;;;;x
EVTDESCDOTHRAKI753;Your [From.GetRootRelation], [From.GetFirstName], is furious with you. [From.GetSheHeCap] insists that you are a murderer for the mercy you showed your child. No matter how you try to explain, [From.GetSheHe] does not seem to understand.;Votre [From.GetRootRelation], [From.GetFirstName], est furieux(se) contre vous. [From.GetSheHeCap] continue de dire que vous êtes un(e) meurtrier(e), alors que vous n'avez fait que montrer de la miséricorde envers cet enfant. Peu importe comment vous essayez de lui expliquer, [From.GetSheHe] semble ne pas comprendre.;;;Tu [From.GetRootRelation], [From.GetFirstName], está furioso contigo. Insiste en que eres un asesino por la misericordia que mostraste a tu hijo. No importa cómo lo intentes explicar, no parece entenderlo.;;;;;;;;;x
EVTOPTADOTHRAKI753;[From.Culture.GetName] foolishness...;Sottises de [From.Culture.GetName]...;;;Necios [From.Culture.GetName]...;;;;;;;;;x
EVTTOOLTIPDOTHRAKI800;will travel to Vaes Dothrak to perform the ceremony of the stallion heart.;va voyager jusqu'à Vaes Dothrak pour accomplir la cérémonie du cœur d'étalon. ;;;viajará a Vaes Dothrak para realizar la ceremonia del corazón del semental.;;;;;;;;;x
EVTDESCDOTHRAKI802;You arrive at Vaes Dothrak, to begin the ceremony. Surrounded by the dosh khaleen, you are given the fresh heart of a stallion. You rip it apart with your hands, forcing it down your throat. It seems that the heart is endless, but your will carries you through. For a second, you feel like you might vomit. Then, at last, you force the last chunks down.;Vous arrivez à Vaes Dothrak pour participer à la cérémonie. Entourée par le dosh khaleen, vous recevez le coeur cru d'un étalon. Vous vous acharnez dessus avec vos mains et vos dents avant d'ingurgiter le coeur bout par bout. Il semble sans fin, mais vous continuez à mastiquer et à déglutir, à mastiquer et à déglutir, à mastiquer et à déglu... Pendant quelques secondes vous êtes sûre de vomir, mais vous vous reprenez et terminez la dernière bouchée.;;;Llegas a Vaes Dothrak, para comenzar la ceremonia. Rodeada por el Dosh Khaleen, te dan un corazón fresco de un semental. Lo agarras con las manos y lo masticas. Te obligas a comértelo. Parece que el corazón es interminable, pero tu voluntad es fuerte. Por un segundo, sientes que vas a vomitar. Entonces, por fin, te fuerzas a devorar los últimos trozos del corazón.;;;;;;;;;x
EVTOPTADOTHRAKI802;My child will be born strong.;Mon fils sera fort !;;;Mi hijo nacerá fuerte.;;;;;;;;;x
EVTTOOLTIPDOTHRAKI803;is proud.;est fier.;;;se enorgullece.;;;;;;;;;x
EVTDESCDOTHRAKI803;You arrive at Vaes Dothrak with [From.GetFirstName] to watch her perform the stallion heart ceremony. Surrounded by the dosh khaleen, she consumes the fresh heart of a stallion. You can't help but find yourself proud of the speed and fortitude with which she devours it.;Vous arrivez à Vaes Dothrak avec [From.GetFirstName] pour la voir participer à la cérémonie du coeur d'étalon. Entourée par le dosh khaleen, elle déchiquète et ingurgite le coeur cru de l'étalon. Vous ne pouvez vous empêcher d'être fier de la vitesse avec laquelle elle le dévore.;;;Llegas a Vaes Dothrak con [From.GetFirstName] para verla participar en la ceremonia del corazón del semental. Rodeada por el Dosh Khaleen, ella se come el corazón fresco de un semental. No la puedes ayudar pero te encuentras orgulloso al ver la velocidad y la fortaleza con la que ella devora el corazón.;;;;;;;;;x
EVTOPTADOTHRAKI803;She will bear me strong children!;Elle me donnera un fils fort !;;;Ella me dará hijos fuertes!;;;;;;;;;x
EVTOPTBDOTHRAKI803;Disgusted, but proud.;Dégoûté, mais fier.;;;Disgustado, pero orgulloso.;;;;;;;;;x
EVTDESCDOTHRAKI804;You arrive at Vaes Dothrak, to begin the ceremony. Surrounded by the dosh khaleen, you are given the fresh heart of a stallion. You rip it apart with your hands, forcing it down your throat. It seems that the heart is endless, but your will carries you through. For a moment, you think you've done it - until you feel the flesh force its way back up your throat, and you vomit over the dais.;Vous arrivez à Vaes Dothrak pour participer à la cérémonie. Entourée par le dosh khaleen, vous recevez le coeur cru d'un étalon. Vous vous acharnez dessus avec vos mains et vos dents avant d'ingurgiter le coeur bout par bout. Il semble sans fin, mais vous continuez à mastiquer et à déglutir, à mastiquer et à déglutir, à mastiquer et à déglu... à la dernière bouchée vous finissez par vomir sur le dais...;;;Llegas a Vaes Dothrak, para comenzar la ceremonia. Rodeada por el Dosh Khaleen, te dan el corazón fresco de un semental. Lo agarras con las manos y lo masticas. Te obligas a comértelo. Parece que el corazón es interminable, pero tu voluntad es fuerte. Por un momento, crees que lo has conseguido, hasta que sientes la carne del corazón de regreso hasta tu garganta y vomitas sobre la tarima.;;;;;;;;;x
EVTOPTADOTHRAKI804;It is still better than nothing...;C'est toujours mieux que rien…;;;Sigue siendo mejor que nada...;;;;;;;;;x
EVTTOOLTIPDOTHRAKI805;is disappointed.;est déçu.;;;está decepcionado.;;;;;;;;;x
EVTDESCDOTHRAKI805;You arrive at Vaes Dothrak with [From.GetFirstName] to watch her perform the stallion heart ceremony. Surrounded by the dosh khaleen, she is is given the fresh heart of a stallion to consume. She seems to be successful at first, but at the last minute, she doubles over, and vomits up the last of the flesh.;Vous arrivez à Vaes Dothrak avec [From.GetFirstName] pour la voir participer à la cérémonie du coeur d'étalon. Entourée par le dosh khaleen, elle déchiquète et ingurgite le coeur cru de l'étalon. Vous pensez d'abord qu'elle réussira l'épreuve, mais au dernier moment elle se met à vomir...;;;Llegas a Vaes Dothrak con [From.GetFirstName] para verla participar en la ceremonia del corazón del semental. Rodeada por el Dosh Khaleen, le dan un corazón fresco de un semental para que se lo coma. Ella parece tener éxito al principio, pero en el último momento, se pone a vomitar...;;;;;;;;;x
EVTOPTADOTHRAKI805;At least she made the effort.;Au moins a-t-elle fait un effort.;;;Por lo menos hizo el esfuerzo.;;;;;;;;;x
EVTOPTBDOTHRAKI805;I... think this is a bad thing? Probably?;Je… pense que c'est un mauvais signe… Enfin je crois…;;;Yo... creo que es una mala señal... o ¿tal vez no?;;;;;;;;;x
EVTDESCDOTHRAKI807;Your [From.GetRootRelation], [From.GetFirstName], is pregnant with your child. As [Root.GetTitle], you are expected to take her to Vaes Dothrak, where she will perform the stallion heart ceremony to ensure that your child will be born healthy and strong.;Votre [From.GetRootRelation], [From.GetFirstName], est enceinte de vous. En tant que [Root.GetTitle], on attend de vous que vous l'ameniez à Vaes Dothrak pour participer à la cérémonie du coeur d'étalon qui s'assurera que votre enfant sera fort et en bonne santé.;;;Tu [From.GetRootRelation], [From.GetFirstName], está embarazada de tu hijo. Como [Root.GetTitle], se espera que la lleves a Vaes Dothrak, donde se realizará la ceremonia del corazón del semental para asegurarse de que tu hijo nazca sano y fuerte.;;;;;;;;;x
EVTOPTADOTHRAKI807;Gather supplies, we ride for Vaes Dothrak!;Rassemblez les provisions, nous partons pour Vaes Dothrak !;;;Reunid los suministros, partimos hacia Vaes Dothrak!;;;;;;;;;x
EVTOPTBDOTHRAKI807;A foolish superstition, nothing more.;Une superstition imbécile, rien de plus.;;;Una estúpida superstición, nada más.;;;;;;;;;x
EVTOPTCDOTHRAKI807;We cannot afford to make the journey.;Nous ne pouvons pas nous permettre de faire le voyage.;;;No podemos permitirnos el lujo de hacer el viaje.;;;;;;;;;x
EVTDESCDOTHRAKI808;You are pregnant. The time has come to journey to Vaes Dothrak and perform the ritual of the stallion heart - if you are successful, it will bring the favor of the gods and ensure your child is born healthy and strong.;Vous êtes enceinte. Le temps est venu de voyager jusqu'à Vaes Dothrak pour participer au rituel du coeur d'étalon. Si vous parvenez à surmonter l'épreuve, cela apportera la faveur des dieux à votre enfant qui naîtra fort et en bonne santé.;;;Estás embarazada. Ha llegado el momento de viajar a Vaes Dothrak y de llevar a cabo el ritual del corazón del semental. Si tienes éxito, te traerá el favor de los dioses y te aseguraras de que tu hijo nazca sano y fuerte.;;;;;;;;;x
EVTDESCDOTHRAKI809;Your [From.GetRootRelation], [From.GetTitledFirstName], is pregnant with your child, and she has chosen to ride to the city of Vaes Dothrak to perform the ceremony of the stallion heart. If successful, it will ensure the child is born healthy and strong.;Votre [From.GetRootRelation], [From.GetTitledFirstName], est enceinte de vous et elle a choisi de chevaucher jusqu'à Vaes Dothrak pour participer à la cérémonie du coeur d'étalon. Si elle venait à surmonter l'épreuve, votre enfant naîtra fort et en bonne santé.;;;Tu [From.GetRootRelation], [From.GetTitledFirstName], está embarazada de tu hijo, y ella ha optado por cabalgar a la ciudad de Vaes Dothrak para realizar la ceremonia del corazón del semental. Si tiene éxito,  el niño nacerá sano y fuerte.;;;;;;;;;x
EVTOPTADOTHRAKI809;May she succeed!;Puisse-t-elle réussir !;;;Puede que ella lo consiga!;;;;;;;;;x
EVTOPTBDOTHRAKI809;...so just what is this ceremony, anyway?;… bien, en quoi consiste cette cérémonie au fait ?;;;...así que, ¿en qué consiste esta ceremonia, dices?;;;;;;;;;x
EVTDESCDOTHRAKI105;The Dothraki Sea and the Plains of the Jogos Nhai are immense grasslands that are practically impossible to govern properly in the civilised sense. As a consequence the lands there nominally under your control have slipped away.;La mer Dothrak et les plaines de Jogos Nhai sont d'immenses plaines herbeuses qu'il est pratiquement impossible de gouverner de manière civilisée. Par conséquent, les terres de ce type sous votre contrôle vous échappent.;;;El Mar Dothraki y las Llanuras de los Jogos Nhai son inmensas praderas prácticamente imposibles de gobernar de manera civilizada. Por lo tanto, escapan a tu control.;;;;;;;;;x
TOOLTIPdothraki.2;[This.GetName] becomes an unoccupied domain province;[This.GetName] devient une province inoccupée;;;[This.GetName] se convierte en una provincia despoblada;;;;;;;;;x
EVTDESCDOTHRAKI406;Your [From.GetRootRelation] [From.GetFirstName] was a great [From.GetTitle], well respected by the riders for [From.GetHerHis] strength. Now [From.GetSheHe] has died and has left you to lead, but you do not command such respect as [From.GetSheHe] did. Many riders have left you, so you must prove yourself worthy to win them back.;Votre [From.GetRootRelation] [From.GetFirstName] était un grand [From.GetTitle], les chevaucheurs respectaient sa force. Maintenant [From.GetSheHe] est mort et vous avez pris sa place, mais vous n'êtes pas aussi respecté que lui. De nombreux chevaucheurs vous ont quitté, il va falloir vous montrer digne de votre [From.GetRootRelation] pour espérer les récupérer.;;;Tu [From.GetRootRelation] [From.GetFirstName] fue un gran [From.GetTitle], los jineteslo respetaban mucho por su poder. Él murió y has ocupado su lugar, pero no te respetan tanto como a él. lo hizo. Muchos jinetes se han ido, por lo que debo demostrar que soy digno de recuperarlos de nuevo.;;;;;;;;;x
EVTOPTADOTHRAKI406;I vow to do so;J'en fais le vœu;;;Lo prometo;;;;;;;;;x
TOOLTIPdefectingkhal;[This.GetTitledFirstName] defects, taking some of your people with [This.GetHerHim]\n;[This.GetTitledFirstName] a fait défection, emmenant avec lui une partie de vos gens\n;;;[This.GetTitledFirstName] ha desertado, llevándose consigo una parte de tu gente\n;;;;;;;;;x
#EVTDESCDOTHRAKI407;Your riders fought bravely, but ultimately lost the battle. The [Root.PrimaryTitle.GetFullName] has been left weakened and smaller as a result.;Vos chevaucheurs se sont vaillamment battus, mais ont fini par perdre la bataille.  Le [Root.PrimaryTitle.GetFullName] est désormais grandement affaibli et bien plus petit qu'auparavant.;;;Tus jinetes lucharon valientemente, pero al final perdieron la batalla. El [Root.PrimaryTitle.GetFullName] ha quedado debilitado y más pequeño como resultado.;;;;;;;;;x
#EVTOPTADOTHRAKI407;We will rise again;Nous remonterons la pente;;;Nos levantaremos de nuevo;;;;;;;;;x
EVTDESCDOTHRAKI408;[From.GetTitledFirstName] approaches you and begins to speak, '[Root.GetFirstName], I ask your oath, that will live and die as blood of my blood, riding at my side to keep me safe from harm.'. [From.GetSheHeCap] wants to you to be [From.GetHerHis] Bloodrider, a sworn companion who dies with his [From.GetTitle].;"[From.GetTitledFirstName] vous approche et commence à vous parler ""'[Root.GetFirstName], jure de vivre et de mourir en sang de mon sang, de chevaucher près de moi pour ma sauvegarde"". [From.GetSheHeCap] veut que vous deveniez son sang-coureur, un compagnon du [From.GetTitle], qui peut mourir pour lui.";;;"[From.GetTitledFirstName] se te acerca y comienza a hablarte, '[Root.GetFirstName], ""Te pido tu juramento de que vivirás y morirás como sangre de mi sangre, de que cabalgarás a mi lado y me librarás de todo mal."" Quiere que seas su jinete de sangre, un compañero jurado que muere con su [From.GetTitle].";;;;;;;;;x
EVTOPTADOTHRAKI408;I accept, blood of my blood;J'accepte, sang de mon sang.;;;Acepto, sangre de mi sangre;;;;;;;;;x
EVTOPTBDOTHRAKI408;No, I will not be sworn to you;Non, je ne veux pas vous jurer fidélité.;;;No, no quiero jurarte fidelidad.;;;;;;;;;x
opinion_bloodrider;My Bloodrider;Mon sang-coureur;;;Mi jinete de sangre;;;;;;;;;x
opinion_rejected_bloodrider;Rejected Bloodrider Offer;A refusé la proposition de devenir sang-coureur;;;Ha rechazado la oferta de ser jinete de sangre;;;;;;;;;x
EVTDESCDOTHRAKI409;[From.GetTitledFirstName] rises and proudly says 'Blood of my blood, I give you my oath, I will live and die by your side, I will ride at your side to keep you safe from harm.';"[From.GetTitledFirstName] se redresse fièrement et dit ""Sang de mon sang, je vous jure de vivre et de mourir avec vous, de chevaucher à vos côtés pour votre sauvegarde"".";;;"[From.GetTitledFirstName] se alza y con orgullo dice: ""Sangre de mi sangre, juro que viviré y moriré junto a ti, cabalgaré a tu lado y te libraré de todo mal""";;;;;;;;;x
EVTOPTADOTHRAKI409;Blood of my blood;Sang de mon sang;;;Sangre de mi sangre;;;;;;;;;x
EVTDESCDOTHRAKI410;[From.GetTitledFirstName] smirks as you ask for [From.GetHerHis] oath. [From.GetSheHeCap] considers for a moment, but refuses to give you the oath, saying [From.GetSheHe] doesn't consider you worthy.;[From.GetTitledFirstName] sourit à votre proposition. [From.GetSheHeCap] réfléchit un moment, mais finit par refuser de vous jurer fidélité, [From.GetSheHeCap] ne vous considère pas digne.;;;[From.GetTitledFirstName] sonrió a tu propuesta de ser tu jinete de sangre. Lo consideró por un momento, pero se negó a jurar fidelidad, ya que no te considera lo suficientemente digno.;;;;;;;;;x
EVTOPTADOTHRAKI410;[From.GetSheHeCap] will regret this dishonour;[From.GetSheHeCap] regrettera de m'avoir ainsi déshonoré.;;;[From.GetSheHeCap] se arrepentirá de esta deshonra.;;;;;;;;;x
EVTDESCDOTHRAKI411;[From.GetTitledFirstName], the blood of my blood, has died. The ancient tradition of my oath compels me to die with [From.GetHerHim], that is after I escort the Khaleesi to Vaes Dothrak to join the Dosh khaleen;[From.GetTitledFirstName], le sang de mon sang, est mort. L'antique tradition et mon serment m'ordonnent de mourir avec [From.GetHerHim], après avoir escorté la Khaleesi à Vaes Dothrak pour rejoindre le Dosh khaleen;;;[From.GetTitledFirstName], la sangre de mi sangre, ha muerto. La antigua tradición y mi juramento me obliga a morir con [From.GetHerHim], pero antes acompañaré a la Khaleesi a Vaes Dothrak para que se una al Dosh Khaleen.;;;;;;;;;x
EVTOPTADOTHRAKI411;First I shall avenge [From.GetHerHim]!;Je dois d'abord le venger !;;;Primero le vengaré!;;;;;;;;;x
TOOLTIPdothraki.412;You find [This.GetTitledFirstName] and meet [This.GetHerHim] in a duel.;Vous rencontrez [This.GetTitledFirstName] et l'affrontez en duel.;;;Encuentras a [This.GetTitledFirstName] y le retas a un duelo.;;;;;;;;;x
TOOLTIPdothraki.413;You ride into the enemy, killing as many foes as possible;Vous chevauchez droit sur vos ennemis, essayant d'en emporter le plus possible.;;;Cabalgas hacia el enemigo, matando a tantos como te es posible.;;;;;;;;;x
EVTOPTBDOTHRAKI411;Yes, it is my sworn oath;Oui, tel est mon serment.;;;Sí, es mi juramento.;;;;;;;;;x
EVTDESCDOTHRAKI412;The dothraki [FromFrom.GetTitledFirstName] has died because of you, and now [From.GetTitledFirstName], one of [FromFrom.GerHerHis] Bloodriders, has sought you out to avenge [FromFrom.GerHerHis] death.;Le dothraki [FromFrom.GetTitledFirstName] est mort à cause de vous, et maintenant [From.GetTitledFirstName], l'un de ses sang-coureurs, vous a trouvé et veut venger sa mort.;;;El dothraki [FromFrom.GetTitledFirstName] murió por tu culpa, y ahora [From.GetTitledFirstName], uno de sus jinetes de sangre quiere matarte para vengar su muerte.;;;;;;;;;x
EVTOPTADOTHRAKI412;I'll just kill you to;Je vais te tuer, toi aussi.;;;Te mataré a ti también.;;;;;;;;;x
EVTDESCDOTHRAKI413;You ride forth into the enemy lines with no thought for your safety. You lay into your foes, your arakh gleaming as you slice into man after man. Your frenzy strikes fear into them all, but eventually you are overwhelmed by their numbers...;Vous chevauchez à travers les rangs ennemis sans vous soucier de votre propre personne. Vous affrontez vos adversaires tel un dément, votre arakh est couvert du sang tandis que vous les abbattez les uns après les autres. Vous finissez cependant par être débordé par leur nombre...;;;Cargas contra las líneas enemigas sin preocuparte por tu seguridad. Te abres paso ante tus enemigos con tu arakh reluciente matando un hombre tras otro. Tus golpes con frenesí atemorizan a todos ellos, pero al final te ves abrumado por sus números...;;;;;;;;;x
EVTOPTADOTHRAKI413;I die having avenged [FromFrom.GetTitledFirstName];Je meurs en ayant vengé [FromFrom.GetTitledFirstName];;;Muero habiendo vengado a [FromFrom.GetTitledFirstName];;;;;;;;;x
EVTDESCDOTHRAKI414;Vengance has been won, [FromFrom.GetTitledFirstName] has died by your arakh. Now you can finally ride to Vaes Dothrak, where you can join the blood of your blood in the afterlife.;Vous êtes parvenu à obtenir votre vengeance, votre arakh a donné la mort à [FromFrom.GetTitledFirstName]. Maintenant vous pouvez enfin vous mettre en route pour Vaes Dothrak, où vous rejoindrez le sang de votre sang dans l'autre vie.;;;Conseguí vengarme, [FromFrom.GetTitledFirstName] ha muerto por mi arakh. Ahora puedo finalmente cabalgar a Vaes Dothrak, donde podré reunirme con la sangre de mi sangre en la otra vida.;;;;;;;;;x
EVTOPTADOTHRAKI414;My oath is fulfilled;Mon serment a été honoré.;;;Mi juramento fue honrado.;;;;;;;;;x
title_bloodrider;Bloodrider;Sang-coureur;;;Jinete de Sangre;;;;;;;;;x
title_bloodrider_desc;A bloodrider is a member of a Dothraki Khal's entourage. Part guardian, brother and companion, the bloodriders guard and accompany the khal in his daily routine, they share what is his, sometimes even his wives but never his horse.;Un sang-coureur est un membre de l'entourage d'un khal dothraki. Gardes du corps, compagnons et frères, les sang-coureurs protègent et accompagnent le khal. Ce dernier partage tout avec eux, parfois même sa femme, mais jamais son cheval.;;;Un jinete de sangre es un miembro de la comitiva de un Khal Dothraki. Guardaespaldas, compañeros y hermanos, los jinetes de sangre custodian y acompañan al Khal. Lo comparten todo, a veces incluso hasta a sus esposas, pero nunca a su caballo.;;;;;;;;;x
TOOLTIPdothraki.602;[This.GetTitledFirstName] will be absorbed into the [Root.PrimaryTitle.GetFullName];[This.GetTitledFirstName] va être absorbé par le [Root.PrimaryTitle.GetFullName];;;[This.GetTitledFirstName] será absorbido en el [Root.PrimaryTitle.GetFullName];;;;;;;;;x
EVTDESCdothraki.696;With the death of your [From.GetRootRelation] [From.GetTitle] [From.GetFirstName], the [From.Culture.GetName] of your tribe have chosen not follow you and have named another as [From.GetHerHis] successor. Only a remnant of the men have remained loyal.;Après la mort de votre [From.GetRootRelation] [From.GetTitle] [From.GetFirstName], les [From.Culture.GetName] de votre tribu ont choisi de ne pas vous suivre et de nommer quelqu'un d'autre comme son successeur. Seulement une petite partie des hommes sont restés fidèles.;;;Tras la muerte de tu [From.GetRootRelation] [From.GetTitle] [From.GetFirstName], los [From.Culture.GetName] de tu tribu han optado por no seguirte y han nombrado a otro como su sucesor. Sólo una  pequeña parte de los hombres han permanecido fieles.;;;;;;;;;x
EVTOPTAdothraki.696;I will win them all back eventually;Je vais tous les regagner !;;;Los recuperaré!;;;;;;;;;x
EVTDESC63076B;The region that rules over [Root.PrimaryTitle.GetName] currently does not have a holder separate from the my leader. Perhaps I should ask my [Root.Liege.GetTitledFirstName] to make me Khal of this area?;La région de [Root.PrimaryTitle.GetName] n'a pour l'instant pas de propriétaire et est actuellement la possession de mon chef. Peut-être devrais-je demander à mon [Root.Liege.GetTitledFirstName] de me faire Khal de cette région ?;;;La región de [Root.PrimaryTitle.GetName] no tiene actualmente propietario y pertenece a mi líder. Tal vez debería pedir a mi [Root.Liege.GetTitledFirstName] que me haga Khal de esta región?;;;;;;;;;x
EVTDESC63077B;[Root.PrimaryTitle.GetFOA], my lands at [From.PrimaryTitle.GetName] currently have no Khal to rule directly. I should be Khal here, and ask that you let me lead in your name. \n\nMay the stallion give you strength,\n[From.GetTitledFirstName];[Root.PrimaryTitle.GetFOA], mes terres de [From.PrimaryTitle.GetName] n'ont pour le moment pas de Khal. Je devrais être le Khal de cette région et je vous demande de m'accorder ce titre pour que je mène son Kos en votre nom. \n\nQue l'Etalon vous donne la force,\n[From.GetTitledFirstName];;;[Root.PrimaryTitle.GetFOA], mis tierras de [From.PrimaryTitle.GetName] no tienen ningún Khal por el momento. Yo debería ser el Khal de esta región y por ello pido que me concedas este título para que yo lidere a los Kos en tu nombre. \n\nQue el Dios Caballo te de fuerzas,\n[From.GetTitledFirstName];;;;;;;;;x
EVTDESC63077D;[Root.PrimaryTitle.GetFOA], my lands at [FromFrom.PrimaryTitle.GetName] currently have no Khal to rule directly. I should be Khal here, and ask that you let me lead in [From.GetTitledFirstName]'s name. \n\nMay the stallion give you strength,\n[FromFrom.GetTitledFirstName];[Root.PrimaryTitle.GetFOA], mes terres de [From.PrimaryTitle.GetName] n'ont pour le moment pas de Khal. Je devrais être le Khal de cette région et je vous demande de m'accorder ce titre pour que je mène son Kos en votre nom. \n\nQue l'Etalon vous donne la force,\n[From.GetTitledFirstName];;;[Root.PrimaryTitle.GetFOA], mis tierras de [From.PrimaryTitle.GetName] no tienen ningún Khal por el momento. Yo debería ser el Khal de esta región y por ello pido que me concedas este título para que yo lidere a los Kos en tu nombre. \n\nQue el Dios Caballo te de fuerzas,\n[From.GetTitledFirstName];;;;;;;;;x
EVTDESC63077F;I shall use my powers as regent to name myself Khal of [FromFrom.PrimaryTitle.GetName]!;[Root.PrimaryTitle.GetFOA], mes terres de [From.PrimaryTitle.GetName] n'ont pour le moment pas de Khal. Je devrais être le Khal de cette région et je vous demande de m'accorder ce titre pour que je mène son Kos en votre nom. \n\nQue l'Etalon vous donne la force,\n[From.GetTitledFirstName];;;[Root.PrimaryTitle.GetFOA], mis tierras de [From.PrimaryTitle.GetName] no tienen ningún Khal por el momento. Yo debería ser el Khal de esta región y por ello pido que me concedas este título para que yo lidere a los Kos en tu nombre. \n\nQue el Dios Caballo te de fuerzas,\n[From.GetTitledFirstName];;;;;;;;;x
EVTDESC63078B;[Root.GetTitledFirstName], I accept your request and name you [Root.GetTitle] of [Root.PrimaryTitle.GetName]. I bid you lead the Kos of this region into battle in my name, and command that you follow my lead until my death.\n\n May the stallion give you strength,\n[From.GetTitle] [From.GetFirstName];[Root.GetTitledFirstName], j'accepte votre requête et vous nomme [Root.GetTitle] de [Root.PrimaryTitle.GetName]. J'espère que vous mennerez le Kos de cette région avec courage et vous ordonne de me suivre jusqu'à ma mort.\n\n Que l'Etalon vous donne la force,\n[From.GetTitle] [From.GetFirstName];;;[Root.GetTitledFirstName], acepto tu petición y te nombre [Root.GetTitle] de [Root.PrimaryTitle.GetName]. Espero que lideres a los Kos de esta región con valor y te ordeno que me sigas hasta la muerte.\n\n Que el Dios Caballo te de fuerzas,\n[From.GetTitle] [From.GetFirstName];;;;;;;;;x
EVTDESC63079B;[From.GetTitledFirstName] almost laughed when your request was brought before [From.GetHerHim]. Your request to be named Khal of the region was dismissed out of hand, clearly [From.GetSheHe] thinks you not worthy to lead in [From.GetHerHis] name.;[From.GetTitledFirstName] a ris de votre requête lorsqu'on le lui a présenté. Votre demande d'être nommé Khal de la région a été refusée, [From.GetSheHe] ne vous juge clairement pas digne de gouverner en son nom.;;;[From.GetTitledFirstName] se ha reído de tu petición cuando se la han presentado. Tu demanda de ser nombrado Khal de la región ha sido rechazada, no te juzga digno para liderar a los Kos en su nombre.;;;;;;;;;x
EVTDESC63080B;Great [Root.GetTitledFirstName], you are a bedrock of loyalty and strength, the cornerstone of this Khalasar! Truly, there is support for your claim in [From.Religion.GetScriptureName]. I know that [From.Religion.GetRandomGodName] will reward you in time!\n\n Yours Truly,\n[From.GetTitle] [From.GetFirstName];Grand [Root.GetTitledFirstName], vous êtes un roc de loyauté et de force, la pierre angulaire de ce Khalasar ! Vos revendications sont soutenues par [From.Religion.GetScriptureName]. Je sais que [From.Religion.GetRandomGodName] vous récompensera le temps venu !\n\n Avec grand respect,\n[From.GetTitle] [From.GetFirstName];;;Gran [Root.GetTitledFirstName], eres una roca de lealtad y fuerza, la piedra angular de este Khalasar! Tus reclamaciones son apoyadas por [From.Religion.GetScriptureName]. Sé que [From.Religion.GetRandomGodName] te recompensará a su debido tiempo!\n\n Con gran respeto,\n[From.GetTitle] [From.GetFirstName];;;;;;;;;x
EVTDESC63181B;[Root.PrimaryTitle.GetFOA], [FromFrom.GetTitle] [FromFrom.GetFirstName] has seen fit to name [From.GetFirstName] [From.GetTitle] of [From.PrimaryTitle.GetName]. [From.GetSheHeCap] has been given lead of the Kos of this region, and will command them in battle in the name of [From.Liege.GetTitle] [From.Liege.GetFirstName] until [From.GetHerHis] death.;[Root.PrimaryTitle.GetFOA], notre chef [FromFrom.GetTitle] [FromFrom.GetFirstName] a nommé [From.GetFirstName] [From.GetTitle] de [From.PrimaryTitle.GetName]. [From.GetSheHeCap] a reçu le commandement du Kos de cette région et le mènera à la bataille au nom de [From.Liege.GetTitle] [From.Liege.GetFirstName] jusqu'à sa mort.;;;[Root.PrimaryTitle.GetFOA], nuestro líder [FromFrom.GetTitle] [FromFrom.GetFirstName] ha nombrado a [From.GetFirstName] [From.GetTitle] de [From.PrimaryTitle.GetName]. Ha recibido el mando de los Kos de esta región y los liderará en nombre de [From.Liege.GetTitle] [From.Liege.GetFirstName] hasta su muerte.;;;;;;;;;x
ask_bloodrider;Ask to be Bloodrider;Demander à devenir sang-coureur;;;Solicitar ser Jinete de Sangre;;;;;;;;;x
ask_bloodrider_desc;Ask [Root.GetTitledFirstName] to be your bloodrider. A bloodrider is a member of a Dothraki Khal's entourage. Part guardian, brother and companion, the bloodriders guard and accompany the khal in his daily routine.;Demander à [Root.GetTitledFirstName] d'être votre sang-coueur. Chez les Dothrakis, un sang-coureur est un membre de l'entourage du Khal. A la fois garde du corps, frère et compagnon, les sang-coureurs gardent et accompagnent le Khal dans sa vie de tous les jours.;;;Solicitar a [Root.GetTitledFirstName] ser tu Jinete de Sangre. Un Jinete de sangre es un miembro de la comitiva de un Khal. Acompañan al Khal en su rutina diaria, comparten lo que es suyo, a veces incluso a sus esposas, pero nunca su caballo y cuando muere un Khal, sus jinetes de sangre deben morir con él.;;;;;;;;;x
TOOLTIPask_bloodriderFIVE;[From.GetTitledFirstName] does NOT have 5 bloodriders\n;[From.GetTitledFirstName] n'a pas 5 sang-coureurs\n;;;[From.GetTitledFirstName] no tiene 5 Jinetes de Sangre\n;;;;;;;;;x
TOOLTIPask_bloodriderBLOODOATH;[From.GetTitledFirstName] does NOT already have a blood oath with one of [From.GetHerHis] Khas\n;[From.GetTitledFirstName] n'a PAS déjà fait un serment de sang avec l'un de ses khas\n;;;[From.GetTitledFirstName] no ha hecho un juramento de sangre con uno de sus Khas\n;;;;;;;;;x
TOOLTIPdothraki.408;[Root.GetTitledFirstName] will respond to your offer;[Root.GetTitledFirstName] va répondre à votre offre;;;[Root.GetTitledFirstName] responderá a tu oferta;;;;;;;;;x
EVTOPTA_HL_6000_dothraki;Zhavorsa;Zhavorsa;;;Zhavorsa;;;;;;;;;x
EVTOPTB_HL_6000_dothraki;Asavva;Asavva;;;Asavva;;;;;;;;;x
EVTOPTC_HL_6000_dothraki;Loqam;Loqam;;;Loqam;;;;;;;;;x
EVTOPTD_HL_6000_dothraki;Sisi;Sisi;;;Sisi;;;;;;;;;x
EVTOPTB_HL_6020_dothraki;I must save Zhavorsa!;Je dois sauver Zhavorsa !;;;Debo salvar a Zhavorsa!;;;;;;;;;x
EVTOPTC_HL_6020_dothraki;I must save Asavva!;Je dois sauver Asavva !;;;Debo salvar a Asavva!;;;;;;;;;x
EVTOPTD_HL_6020_dothraki;I must save Loqam!;Je dois sauver Loqam !;;;Debo salvar a Loqam!;;;;;;;;;x
EVTOPTE_HL_6020_dothraki;I must save Sisi!;Je dois sauver Sisi !;;;Debo salvar a Sisi!;;;;;;;;;x
EVTOPTB_HL_6021_dothraki;Alas, I lost Zhavorsa...;Hélas, j'ai perdu Zhavorsa...;;;Maldición, he perdido a Zhavorsa...;;;;;;;;;x
EVTOPTC_HL_6021_dothraki;Alas, I lost Asavva...;Hélas, j'ai perdu  Asavva...;;;Maldición, he perdido a Asavva...;;;;;;;;;x
EVTOPTD_HL_6021_dothraki;Alas, I lost Loqam...;Hélas, j'ai perdu  Loqam...;;;Maldición, he perdido a Loqam...;;;;;;;;;x
EVTOPTE_HL_6021_dothraki;Alas, I lost Sisi...;Hélas, j'ai perdu  Sisi...;;;Maldición, he perdido a Sisi...;;;;;;;;;x
EVTDESC_HL_6500_LIGHTNING;Sisi, your favorite warhorse, has now taken [Root.GetHerHis] last gallop across the steppe and begun the eternal sleep. It is time to take your farewell of an old friend that has served you well. ;Sisi, votre destrier préféré, a galopé une dernière fois dans la steppe et s'est endormi pour l'éternité. Il est temps de faire vos adieux à ce vieil ami qui vous a fidèlement servi. ;Euer Lieblingsschlachtross Blitz hat die Augen zum ewigen Schlafe geschlossen und ist nun zum letzten Mal über die Steppe galoppiert. Es wird Zeit, Abschied zu nehmen von Eurem alten Freund, der Euch lange ein treuer Begleiter war. ;;Sisi, tu caballo de guerra favorito, ha galopado por última vez a través de la estepa y se ha sumergido en el sueño eterno. Es hora de despedirte de un viejo amigo que te ha servido bien.;;;;;;;;;x
EVTDESC_HL_6500_SKY;Asavva, your favorite warhorse, has taken [Root.GetHerHis] last gallop across the steppe and begun the eternal sleep. It is time to take your farewell of an old friend that has served you well. ;Asavva, votre destrier préféré, a galopé une dernière fois dans la steppe et s'est endormi pour l'éternité. Il est temps de faire vos adieux à ce vieil ami qui vous a fidèlement servi. ;Euer Lieblingsschlachtross Himmel hat die Augen zum ewigen Schlafe geschlossen und ist nun zum letzten Mal über die Steppe galoppiert. Es wird Zeit, Abschied zu nehmen von Eurem alten Freund, der Euch lange ein treuer Begleiter war. ;;Asavva, tu caballo de guerra favorito, ha galopado por última vez a través de la estepa y se ha sumergido en el sueño eterno. Es hora de despedirte de un viejo amigo que te ha servido bien.;;;;;;;;;x
EVTDESC_HL_6500_DRAGON;Zhavorsa, your favorite warhorse, has taken [Root.GetHerHis] last gallop across the steppe and begun the eternal sleep. It is time to take your farewell of an old friend that has served you well. ;Zhavorsa, votre destrier préféré, a galopé une dernière fois dans la steppe et s'est endormi pour l'éternité. Il est temps de faire vos adieux à ce vieil ami qui vous a fidèlement servi. ;Euer Lieblingsschlachtross Drache hat die Augen zum ewigen Schlafe geschlossen und ist nun zum letzten Mal über die Steppe galoppiert. Es wird Zeit, Abschied zu nehmen von Eurem alten Freund, der Euch lange ein treuer Begleiter war. ;;Zhavorsa, tu caballo de guerra favorito, ha galopado por última vez a través de la estepa y se ha sumergido en el sueño eterno. Es hora de despedirte de un viejo amigo que te ha servido bien.;;;;;;;;;x
EVTDESC_HL_6500_ARROW;Loqam, your favorite warhorse, has taken [Root.GetHerHis] last gallop across the steppe and begun the eternal sleep. It is time to take farewell to your steed that has served you well.;Loqam, votre destrier préféré, a galopé une dernière fois dans la steppe et s'est endormi pour l'éternité. Il est temps de faire vos adieux à ce vieil ami qui vous a fidèlement servi.;Euer Lieblingsschlachtross Pfeil hat die Augen zum ewigen Schlafe geschlossen und ist nun zum letzten Mal über die Steppe galoppiert. Es wird Zeit, Abschied zu nehmen von Eurem alten Freund, der Euch lange ein treuer Begleiter war.;;Loqam, tu caballo de guerra favorito, ha galopado por última vez a través de la estepa y se ha sumergido en el sueño eterno. Es hora de despedirte de un viejo amigo que te ha servido bien.;;;;;;;;;x
EVTDESC_HL_6512_LIGHTNING;I was just about to leave Sisi by the watering hole, when [From.GetFirstName]'s horse reached out and bit [Root.GetHerHim]!;J'étais sur le point de laisser Sisi près du point d'eau quand le cheval de [From.GetFirstName] s'est approché et l'a mordu.;Ich hatte vor, Blitz am Wasserloch trinken zu lassen, als das Pferd von [From.GetFirstName] mein Pferd zu beißen begann!;;Estaba a punto de dejar a Sisi en el abrevadero, cuando el caballo de [From.GetFirstName] llegó y le mordió!;;;;;;;;;x
EVTDESC_HL_6512_ARROW;I was just about to leave Loqam by the watering hole, when [From.GetFirstName]'s horse reached out and bit [Root.GetHerHim]!;J'étais sur le point de laisser Loqam près du point d'eau quand le cheval de [From.GetFirstName] s'est approché et l'a mordu.;Ich hatte vor, Pfeil am Wasserloch trinken zu lassen, als das Pferd von [From.GetFirstName] mein Pferd zu beißen begann!;;Estaba a punto de dejar a Loqam en el abrevadero, cuando el caballo de [From.GetFirstName] llegó y le mordió!;;;;;;;;;x
EVTDESC_HL_6512_DRAGON;I was just about to leave Zhavorsa by the watering hole, when [From.GetFirstName]'s horse reached out and bit [Root.GetHerHim]!;J'étais sur le point de laisser Zhavorsa près du point d'eau quand le cheval de [From.GetFirstName] s'est approché et l'a mordu.;Ich hatte vor, Drache am Wasserloch trinken zu lassen, als das Pferd von [From.GetFirstName] mein Pferd zu beißen begann!;;Estaba a punto de dejar a Zhavorsa en el abrevadero, cuando el caballo de [From.GetFirstName] llegó y le mordió!;;;;;;;;;x
EVTDESC_HL_6512_SKY;I was just about to leave Asavva by the watering hole, when [From.GetFirstName]'s horse reached out and bit [Root.GetHerHim]!;J'étais sur le point de laisser Asavva près du point d'eau quand le cheval de [From.GetFirstName] s'est approché et l'a mordu.;Ich hatte vor, Himmel am Wasserloch trinken zu lassen, als das Pferd von [From.GetFirstName] mein Pferd zu beißen begann!;;Estaba a punto de dejar a Asavva en el abrevadero, cuando el caballo de [From.GetFirstName] llegó y le mordió!;;;;;;;;;x
EVTOPTD_HL_6520_SKY_dothraki;I want a portrait of my magnificent horse, Asavva.;Je veux un portrait de mon magnifique cheval, Asavva.;Ich möchte ein Porträt meines edlen Rosses, Himmel.;;Quiero un retrato de mi magnífico caballo, Asavva.;;;;;;;;;x
EVTOPTD_HL_6520_LIGHTNING_dothraki;I want a portrait of my magnificent horse, Sisi.;Je veux un portrait de mon magnifique cheval, Sisi.;Ich möchte ein Porträt meines edlen Rosses, Blitz.;;Quiero un retrato de mi magnífico caballo, Sisi.;;;;;;;;;x
EVTOPTD_HL_6520_ARROW_dothraki;I want a portrait of my magnificent horse, Loqam.;Je veux un portrait de mon magnifique cheval, Loqam.;Ich möchte ein Porträt meines edlen Rosses, Pfeil.;;Quiero un retrato de mi magnífico caballo, Loqam.;;;;;;;;;x
EVTOPTD_HL_6520_DRAGON_dothraki;I want a portrait of my magnificent horse, Zhavorsa.;Je veux un portrait de mon magnifique cheval, Zhavorsa.;Ich möchte ein Porträt meines edlen Rosses, Drache.;;Quiero un retrato de mi magnífico caballo, Zhavorsa.;;;;;;;;;x
EVTDESCdothraki.830;My enemy [FromFrom.GetTitledFirstName] has been defeated at my hand, and so honour dictates I must take [FromFrom.GetHerHis] life. To show my strength and strike fear into my enemies, I have had [FromFrom.GetHerHim] fed to the flames, first cutting off [FromFrom.GetHerHis] hands, feet, and genitals, and roasting them before [FromFrom.GetHerHis] eyes, that is after first burning [FromFrom.GetHerHis] kin in the same manner.;Mon ennemi [From.GetTitledFirstName] a été vaincu, et mon honneur me dicte de prendre [From.GetHerHis] vie. Pour montrer ma force et et effrayer mes ennemis, je devrais peut-être le livrer aux flammes, après [From.GetHerHis] avoir coupé ses mains, ses pieds, et ses parties génitales et les cuire devant ses yeux, c'est après avoir brûlé tout ceci que je [From.GetHerHis] livrerai aux flammes;;;Mi enemigo [From.GetTitledFirstName] ha sido derrotado por mi mismo, y el honor dicta que debo acabar con su vida. Para mostrat mi poder y fuerza ante mis enemigos, quizás debería dárselo de comer a las llamas, cortándole primero sus manos, pies y genitales y, asarlos ante sus ojos, después de haber hecho lo mismo con sus familiares.;;;;;;;;;x
EVTDESCdothraki.830B;My enemy [FromFrom.GetTitledFirstName] has been defeated ay my hand, and so honour dictates I must take [FromFrom.GetHerHis] life. To show my strength and strike fear into my enemies, I have had [FromFrom.GetHerHim] fed to the flames, first cutting off [FromFrom.GetHerHis] hands, feet, and genitals, and roasting them before [FromFrom.GetHerHis] eyes.;Mon ennemi [From.GetTitledFirstName] a été vaincu, et mon honneur me dicte de prendre [From.GetHerHis] vie. Pour montrer ma force et et effrayer mes ennemis, je devrais peut-être le livrer aux flammes, après [From.GetHerHis] avoir coupé ses mains, ses pieds, et ses parties génitales et les cuire devant ses yeux, c'est après avoir brûlé tout ceci que je [From.GetHerHis] livrerai aux flammes.;;;Mi enemigo [From.GetTitledFirstName] ha sido derrotado por mi mismo, y el honor dicta que debo acabar con su vida. Para mostrat mi poder y fuerza ante mis enemigos, quizás debería dárselo de comer a las llamas, cortándole primero sus manos, pies y genitales y, asarlos ante sus ojos.;;;;;;;;;x
EVTOPTAdothraki.830;Burn [FromFrom.GetHerHim]!;Oui, brûlez-le(a) !;;;Sí, quemadlo!;;;;;;;;;x
EVTOPTBdothraki.830;No, I will grant [From.GetHerHim] an honourable death;Non, je lui accorderai une mort honorable;;;No, le concederé una muerte honorable;;;;;;;;;x
EVTDESCdothraki.831;Your [FromFromFrom.GetRootRelation] [FromFromFrom.GetTitledFirstName] suffered a great cruelty at the hands of [FromFromFrom.GetHerHis] enemy [From.GetTitledFirstName]. [FromFromFrom.GetSheHeCap] was executed by being burnt alive, but first having [FromFromFrom.GetHerHis] hands, feet, and genitals cut off, and roasted before [FromFromFrom.GetHerHis] eyes.;Votre [FromFrom.GetRootRelation] [FromFrom.GetTitledFirstName] a souffert d'une grande cruauté dans les mains de son ennemi [From.GetTitledFirstName]. [FromFrom.GetSheHeCap] a été exécuté en étant brûlé vif, ses mains ont d'abord été coupées, tout comme ses pieds et parties génitales, et cuites devant ses yeux.;;;Tu [FromFrom.GetRootRelation] [FromFrom.GetTitledFirstName] ha sufrido una gran crueldad a manos de su enemigo [From.GetTitledFirstName]. Fue ejecutado quemado vivo, pero antes le cortaron sus manos, pies y genitales y las quemaron ante sus ojos.;;;;;;;;;x
EVTOPTAdothraki.831;I swear vengeance!;Je jure de me venger !;;;Juro venganza!;;;;;;;;;x
EVTDESCdothraki.832;You and your [FromFromFrom.GetRootRelation] [FromFromFrom.GetTitledFirstName] suffered a great cruelty at the hands of your enemy [From.GetTitledFirstName]. Your [FromFromFrom.GetRootRelation] was executed by being burnt alive, but first having [FromFromFrom.GetHerHis] hands, feet, and genitals cut off, and roasted before [FromFromFrom.GetHerHis] eyes, that is after first burning you in the same manner!;"Vous et votre [FromFrom.GetRootRelation] [FromFrom.GetTitledFirstName] souffraient de la grande cruauté de votre ennemi[From.GetTitledFirstName]. Votre [FromFrom.GetRootRelation] a été exécuté, après s'être fait coupé mains, pieds et parties génitales; cuits sous ses yeux, c'est avant que vous brûliez de la même manière !";;;Tú y tu [FromFrom.GetRootRelation] [FromFrom.GetTitledFirstName] habéis sufrido una gran crueldad a manos de tu enemigo [From.GetTitledFirstName]. Tu [FromFrom.GetRootRelation]  Fue ejecutado quemado vivo, pero antes le cortaron sus manos, pies y genitales y las quemaron ante sus ojos, después de haber hecho lo mismo contigo.;;;;;;;;;x
EVTOPTAdothraki.832;Arghh!;Arghh !;;;Arrrghhh!;;;;;;;;;x
no_dothraki_palace_1;Vaes Dothrak Palace;Palais de Vaes Dothrak;;;Palacio de Vaes Dothrak;;;;;;;;;x
no_dothraki_palace_2;Vaes Dothrak Palace;Palais de Vaes Dothrak;;;Palacio de Vaes Dothrak;;;;;;;;;x
no_dothraki_palace_3;Vaes Dothrak Palace;Palais de Vaes Dothrak;;;Palacio de Vaes Dothrak;;;;;;;;;x
no_dothraki_palace_4;Vaes Dothrak Palace;Palais de Vaes Dothrak;;;Palacio de Vaes Dothrak;;;;;;;;;x
no_dothraki_palace_5;Vaes Dothrak Palace;Palais de Vaes Dothrak;;;Palacio de Vaes Dothrak;;;;;;;;;x
no_dothraki_palace_6;Vaes Dothrak Palace;Palais de Vaes Dothrak;;;Palacio de Vaes Dothrak;;;;;;;;;x
no_dothraki_palace_7;Vaes Dothrak Palace;Palais de Vaes Dothrak;;;Palacio de Vaes Dothrak;;;;;;;;;x
no_dothraki_palace_8;Vaes Dothrak Palace;Palais de Vaes Dothrak;;;Palacio de Vaes Dothrak;;;;;;;;;x
no_dothraki_palace_desc;Each khal has a residence in Vaes Dothrak for when they are passing through, some are as grand as palaces.;Chaque khal possède une résidence à Vaes Dothrak pour les accueillir lorsqu'ils y sont de passage, certaines sont grandes comme des palais. ;;;Cada Khal posee una residencia en Vaes Dothrak para descansar cuando están de paso, algunas son tan grandes como palacios. ;;;;;;;;;x
TOOLTIPanti_nomadSUCCESS;[This.GetTitledFirstName]'s nomadic horde is split up.\nAll women kidnapped, slaves captured and swords stolen from the subjects of [Root.GetTitle] [Root.GetFirstNameWithDynasty] by [This.GetFirstNameWithDynasty] and [This.GetHerHis] fellow looters shall be returned, along with a sum of gold in recompense.\n;La horde de [This.GetTitledFirstName] est anéantie et ses ports détruits.\nToutes les femmes kidnappées, les esclaves capturés et les lames volées aux sujets de [Root.GetTitle] [Root.GetFirstNameWithDynasty] par [This.GetFirstNameWithDynasty] et ses pillards vont revenir, ainsi qu'une forte somme d'argent.\n;;;La horda de [This.GetTitledFirstName] ha sido aniquilada.\nLas mujeres han sido secuestradas, los esclavos capturados y las armas requisadas a los súbditos de [Root.GetTitle] [Root.GetFirstNameWithDynasty] por [This.GetFirstNameWithDynasty] y sus saqueadore regresarán, con una fuerte suma de dinero como recompensa.\n;;;;;;;;;x
dothraki_invasion_succ_tip;§Y[Root.GetTitledFirstName]§! takes all occupied territory.\n§Y[Root.GetTitledFirstName]§! absorbs the [From.PrimaryTitle.GetTier] of §Y[From.GetTitledFirstName]§!.\n;§Y[Root.GetTitledFirstName]§! capture tous les territoires occupés.\n§Y[Root.GetTitledFirstName]§! annexe le [From.PrimaryTitle.GetTier] de §Y[From.GetTitledFirstName]§!.\n;§Y[Root.GetTitledFirstName]§! nimmt alles besetzte Land in Besitz.\n§Y[Root.GetTitledFirstName]§! übernimmt oder vasallisiert alle Titel in §Y[This.GetFullBaseName]§!, die zu §Y[From.GetTitledFirstName]§! gehören.\n;;§Y[Root.GetTitledFirstName]§! captura todos los territorios ocupados.\n§Y[Root.GetTitledFirstName]§! se anexiona el [From.PrimaryTitle.GetTier] de §Y[From.GetTitledFirstName]§!.\n;;;;;;;;;x
dothraki_invasion_succ_tipB;All occupied territory is sacked of gold and slaves, with all traditional nomad territory also being absorbed into §Y[Root.GetTitledFirstName]'s§! Domain.;§Y[Root.GetTitledFirstName]§! capture tous les territoires occupés.\n§Y[Root.GetTitledFirstName]§! annexe le [From.PrimaryTitle.GetTier] de §Y[From.GetTitledFirstName]§!.\n;§Y[Root.GetTitledFirstName]§! nimmt alles besetzte Land in Besitz.\n§Y[Root.GetTitledFirstName]§! übernimmt oder vasallisiert alle Titel in §Y[This.GetFullBaseName]§!, die zu §Y[From.GetTitledFirstName]§! gehören.\n;;§Y[Root.GetTitledFirstName]§! captura todos los territorios ocupados.\n§Y[Root.GetTitledFirstName]§! se anexiona el [From.PrimaryTitle.GetTier] de §Y[From.GetTitledFirstName]§!.\n;;;;;;;;;x
prestigious_khal;Prestigious Leader;Chef prestigieux;;;Líder prestigioso;;;;;;;;;x
EVTDESCDOTHRAKI815;A large trade caravan has been spotted by your scouts approaching the [Root.PrimaryTitle.GetTier], and so their leader is brought before you for an audience. He says they are from [trader_home.GetName], and they are prepared to offer handsome gifts in exchange for the traditional protection and safe passage across the grasslands of the [Root.Capital.Culture.GetName].;Une grande caravane de commerce a été repérée par vos éclaireurs, elle approche de [Root.PrimaryTitle.GetTier]. Son chef vous demande audience? Il dit qu'ils viennent de [trader_home.GetName], et qu'ils sont prêts à offrir de magnifiques présents en échange d'une protection et d'un sauf conduit pour traverser les pâturages des [Root.Capital.Culture.GetName].;;;Una gran caravana comercial ha sido descubierta por tus exploradores aproximándose a [Root.PrimaryTitle.GetTier]. Su jefe dice que vienen de [trader_home.GetName], y que están dispuestos a ofrecer magníficos presentes a cambio de protección y de un salvoconducto para atravesar las praderas [Root.Capital.Culture.GetName].;;;;;;;;;x
EVTOPTADOTHRAKI815;I accept these gifts as per our custom;J'accepte ces présents conformément à la coutume;;;Acepto estos presentes conforme a nuestras costumbres;;;;;;;;;x
EVTOPTBDOTHRAKI815;I demand slaves for safe passage;J'exige des esclaves en échange d'un sauf conduit;;;Exijo esclavos a cambio de un salvoconducto;;;;;;;;;x
TOOLTIPdothrak815SLAVES;The traders give you three slaves in return for protection\n;Les marchands vous offfrent trois esclaves en échange de votre protection\n;;;Los mercaderes ofrecen tres esclavos a cambio de tu protección\n;;;;;;;;;x
EVTOPTCDOTHRAKI815;I will take you and your wears!;Je vais vous prendre vous et vos richesses !;;;Os tomaré a todos y a vuestras riquezas!;;;;;;;;;x
TOOLTIPdothrak815KIDNAP;You seize the trader's caravan and take them as prisoners\n;Vous vous emparez de la caravane marchande et capturez les marchands\n;;;Te apoderas de la caravana y capturas a los mercaderes\n;;;;;;;;;x
nomad_traders_afraid;Afraid Traders;Marchands effrayés;;;Mercaderes asustados;;;;;;;;;x
opinion_won_nomad_war;Victorious Invasion;Invasion victorieuse;;;Invasión victoriosa;;;;;;;;;x
opinion_defeated_khal;Defeated Khal;Khal défait;;;Khal derrotado;;;;;;;;;x
EVTDESC63100B;[FromFrom.GetFirstNameWithNick] was a great [FromFrom.GetTitle], well respected by the clans for [FromFrom.GetHerHis] strength. Now [FromFrom.GetSheHe] has died and has left [From.GetFirstNameWithNick] to lead, but [From.GetSheHe] does not command such respect as [FromFrom.GetTitledFirstName] did. Perhaps I should renounce [From.GetHerHis] leadership?;[FromFrom.GetFirstNameWithNick] était un grand [FromFrom.GetTitle], très respecté par les clans pour sa force. Maintenant [FromFrom.GetSheHe] est mort et [From.GetFirstNameWithNick] a pris sa suite, mais [From.GetSheHe] n'impose pas autant le respect que [FromFrom.GetTitledFirstName]. Peut-être devrais-je renoncer ?;;;[FromFrom.GetFirstNameWithNick] fue un gran [FromFrom.GetTitle], muy respetado por todos por su fuerza. Ahora está muerto y [From.GetFirstNameWithNick] ha tomado el relevo, pero él no impone el mismo respeto que [FromFrom.GetTitledFirstName]. Tal vez debería renunciar?;;;;;;;;;x
EVTDESCDOTHRAKI407;Your [From.GetRootRelation] [From.GetFirstNameWithNick] was considered [From.GetTitle] of all the [From.Culture.GetName] people.;Votre [From.GetRootRelation] [From.GetFirstNameWithNick] a été considéré comme le [From.GetTitle] de tous les [From.Culture.GetName].;;;Tu [From.GetRootRelation] [From.GetFirstNameWithNick] es considerado como el [From.GetTitle] de todos los [From.Culture.GetName].;;;;;;;;;x
EVTOPTADOTHRAKI407;They do not consider me so...yet;Ils ne me voient pas ainsi… pour l'instant.;;;No me ven así… por ahora.;;;;;;;;;x
EVTOPTBDOTHRAKI407;And I am strong enough to claim this title also;Et je suis assez fort pour revendiquer ce titre.;;;Y soy lo suficientemente fuerte para reclamar el título.;;;;;;;;;x
EVTDESCdothraki.851;My [From.GetRootRelation] [From.GetTitledFirstName] paid yearly tribute to [old_suzerain.GetTitledFirstName] [old_suzerain.GetOnlyDynastyName] of [old_suzerain.PrimaryTitle.GetName], and so I to must continue this obligation as [From.GetHerHis] heir.;Mon(a) [From.GetRootRelation] [From.GetTitledFirstName] payait un tribut annuel à  [old_suzerain.GetTitledFirstName] [old_suzerain.GetOnlyDynastyName] de [old_suzerain.PrimaryTitle.GetName], et je dois en faire de même puisque je suis son héritièr(e).;;;Mi [From.GetRootRelation] [From.GetTitledFirstName] pagaba un tributo anual a [old_suzerain.GetTitledFirstName] [old_suzerain.GetOnlyDynastyName] de [old_suzerain.PrimaryTitle.GetName], y yo debo hacer lo mismo ya que soy su heredero.;;;;;;;;;x
EVTOPTAdothraki.851;[Root.PrimaryTitle.GetFullName] must do this;[Root.PrimaryTitle.GetFullName] doit le faire. ;;;[Root.PrimaryTitle.GetFullName] tiene que hacerlo. ;;;;;;;;;x
is_weak_khal_trigger;[This.GetTitledFirstName] Is Considered a Weak Khal\n;;;;;;;;;;;;;x
TOOLTIPbecome_genghis_khanA;Has unified all nomadic Dothraki tribes AND has realm size of at least 20;;;;;;;;;;;;;x
EVTDESCDOTHRAKI882;After your defeat on the field of battle, your vassal clans think less of your ability to lead the warriors of the [Root.Culture.GetName].;;;;;;;;;;;;;x
EVTOPTADOTHRAKI882;I must earn back their trust;;;;;;;;;;;;;x
dothraki_defeated_khal;Defeated in Battle;;;;;;;;;;;;;x
NEW_KHALASAR;[This.GetFirstName] [This.PrimaryTitle.GetTier];[Root.GetFirstName] [Root.PrimaryTitle.GetTier];;[This.GetFirstName] [This.PrimaryTitle.GetTier];[This.GetFirstName] [This.PrimaryTitle.GetTier];;;;;;;;;x
