#CODE;ENGLISH;FRENCH;GERMAN;;SPANISH;;;;;;;;;x
EVTDESCESSOS2;Over the centuries, people who have come to Naath to subjugate it's people have suffered illness and death.  The Naathi believe their gods protect them through the butterflies found on the island.;Au cours des siècles, tous ceux qui sont venus à Naath pour soumettre Naathis ont souffert de maladies. Les habitants de Naath croient que le dieux les protègent grâce aux papillons de l'île.;;;A través de los siglos, las personas que han venido hasta Naath para subyugar a su gente han sufrido la enfermedad y la muerte. Los Naatíes creen que sus dioses les protegen a través de las mariposas que se encuentran en la isla.;;;;;;;;;x
EVTDESCESSOS3;The God of Harmony has struck down our attackers.;Le Maître de l'Harmonie a repoussé nos assaillants.;;;El Dios de la Armonía ha derribado a nuestros atacantes.;;;;;;;;;x
EVTDESCESSOS4;The city of Mantarys lies closer to the Doom of Valyria than any other city.;La cité de Mantarys est la ville la plus proche du Fléau de Valyria.;;;La ciudad de Mantarys se encuentra más cerca de la Maldición de Valyria que cualquier otra ciudad.;;;;;;;;;x
EVTOPTAESSOS4;A city of monsters . . . ;Une cité de monstres…;;;La ciudad de los monstruos…;;;;;;;;;x
EVTDESCESSOS5;[shadowbinder_target.GetTitledFirstName] approachs me with a plan to help lift the siege. She claims to have knowledge of the magic of Asshai, and says our union would unleash the inert power within me and strike down [shadowbinder_siege_target.GetTitledFirstName], the enemy commander.;Un Ensorceleur d'ombres vous approche avec un plan pour en finir avec ce siège.;;;Un domador de sombras se acerca con un plan para levantar el asedio.;;;;;;;;;x
EVTOPTAESSOS5;Very well sorceress, let us couple;Bien sorcier(e), fais le !;;;Muy bien hechicero, adelante!;;;;;;;;;x
EVTOPTBESSOS5;Things are not so desperate as to resort to magic just yet;La situation n'est pas assez désespérée pour que j'ai besoin de faire appel à la magie. ;;;La situación no es tan desesperada como para usar la magia.;;;;;;;;;x
EVTDESCESSOS6;Whilst atop the battlements directing the defense of [Root.Location.GetName] I catch a glimpse of a strange shadow running at me. Before I can even react the shadow plunges a dark blade into my chest! I am overwhelmed by pain. As I lay dying the last thing I see is the shadow disappearing.;Vous apercevez une étrange ombre qui se glisse derrière vous, Avant même que vous ne puissiez réagir, la lame de l'ombre vous transperce la poitrine et vous ressentez une terrible douleur. L'ombre disparaît alors que vous pousser vos derniers râles.;;;Percibes una extraña sombra que se desliza detrás de ti, antes de que puedas reaccionar, espada de la sombra te traspasa el pecho y sientes un terrible dolor. La sombra desaparece mientras das el último suspiro.;;;;;;;;;x
EVTOPTAESSOS6;This is sorcery!;C'est de la sorcellerie !;;;;;;;;;;;;x
EVTOPTBESSOS6;Counter it with [Root.GetValyrianSwordOwned]!;Le contrer avec [Root.GetValyrianSwordOwned] !;;;;;;;;;;;;x
EVTDESCESSOS7;The local Warlocks have caused an outbreak of disease in our besiegers camps.;Les conjurateurs du lieu ont provoqué l'apparition de maladies dans les camps des assiégeants.;;;Los brujos del lugar han provocado la aparición de enfermedades en el campamento de los sitiadores.;;;;;;;;;x
EVTDESCESSOS8;Disease has spread through our camps.  The men are blaming the Warlocks.;La maladie se répand dans nos camps, les hommes accusent les conjurateurs. ;;;La enfermedad se expande por nuestro campamento, los hombres acusan a los brujos.;;;;;;;;;x
EVTDESCESSOS9;A strange woman with her face hidden behind a lacquer mask approaches me and speaks of the powers that the Shadowbinders of Asshai possess.;Une étrange femme masquée vous approche et vous parle de la puissance des Ensorceleurs d'ombres d'Asshai.;;;Una extraña mujer enmascarada se te acerca y te habla sobre el poder de los domadores de sombra de Asshai.;;;;;;;;;x
EVTOPTAESSOS9;I shall embrace this new religion!;Je devrais embrasser cette nouvelle religion !;;;Voy a abrazar esta nueva religión!;;;;;;;;;x
EVTOPTBESSOS9;Have this heretic jailed!;Mettez cet hérétique au cachot !;;;Encarcelad a este hereje!;;;;;;;;;x
EVTOPTCESSOS9;How boring;Que c'est ennuyant;;;Qué aburrido;;;;;;;;;x
EVTDESCESSOS10;One of my co-conspirators believes that a manticore may be the solution to our problem.;L'un de vos co-conspirateurs croit qu'une manticore peut-être la solution à nos problèmes.;;;Uno de nuestros conspiradores cree que una mantícora puede ser la solución a nuestros problemas.;;;;;;;;;x
EVTOPTAessos.10;Very well, they shall provide the manticore.;Très bien, qu'on m'amène une manticore alors.;;;Muy bien, que me traigan una mantícora entonces.;;;;;;;;;x
EVTOPTBessos.10;I trust no one, I will purchase the manticore.;Je ne fais confiance à personne, je vais acheter la manticore. ;;;No confío en nadie, yo compraré la mantícora.;;;;;;;;;x
EVTOPTCessos.10;I have a friend at the docks who sells captive manticores, surely he will lend one to my cause.;J'ai un ami aux docks qui vend des manticores captives, il va sûrement soutenir ma cause.;;;Tengo un amigo en los muelles que vende mantícoras cautivas, seguramente nos ayudará.;;;;;;;;;x
EVTDESCESSOS11;One of my co-conspirators believes that a manticore may be the solution to our problem.;L'un de vos co-conspirateurs croit qu'une manticore peut-être la solution à nos problèmes.;;;Uno de nuestros conspiradores cree que una mantícora puede ser la solución a nuestros problemas.;;;;;;;;;x
EVTDESCESSOS12;My co-conspirator is having diffiuclty purchasing a manitcore and has requested I provide additional funds.;Votre co-conspirateurs a des difficultés pour acheter une manticore et demande que vous fournissiez plus d'argent.;;;Tu conspirador tiene dificultades para comprar una mantícora y pide que le proporciones más dinero.;;;;;;;;;x
EVTDESCESSOS13;Very well, this had better be worth it.;Très bien, elle a intérêt à en valoir le coup.;;;Muy bien, pero haz que valga la pena.;;;;;;;;;x
EVTDESCESSOS14;Incompetent fool, he will get nothing.;Idiot incompétent. Il n'aura rien. ;;;Idiota incompetente. No tendrás nada.;;;;;;;;;x
EVTDESCESSOS15;The time has come.  One of [Root.GetFirstName]'s handmaids has been paid off to hide the manticore in [Root.GetFirstName]'s bedchambers tonight.;Le temps est venu. L'une des servantes de [Root.GetFirstName] a été payée pour cacher la manticore dans la chambre de [Root.GetFirstName].;;;Ha llegado el día. Una de las sirvientas de [Root.GetFirstName ] ha sido comprada para ocultar la matícora en la habitación de [Root.GetFirstName].;;;;;;;;;x
EVTOPTAESSOS15;Success! [Root.GetFirstName] was bitten by the manticore and succumbed to the infection within moments.;Succès ! [Root.GetFirstName] a été mordu par la manticore et a succombé peu de temps après.;;;Éxito! [Root.GetFirstName] ha sido mordido por la mantícora y ha sucumbido poco tiempo después.;;;;;;;;;x
EVTOPTBESSOS15;[Root.GetFirstName] spotted the manticore and cruched it without getting bit.;[Root.GetFirstName] a découvert la manticore et l'a écrasé sans avoir été mordu.;;;[Root.GetFirstName] ha descubierto la mantícora y la ha aplastado sin haber sido mordido.;;;;;;;;;x
EVTDESCESSOS16;As I retire for the night I notice something strange on the shelf beside my bed, it appears to be a jade green scarab.  As I reach for it, it unfolds.  I hear a loud hissing and see a vaguely human looking face and then I feel it.  Pain washes over me as I realize that I have just been bitten by a manticore.;Alors que vous vous retiriez pour la nuit vous avez remarqué quelque chose d'étrange sur l'étagère à côté de votre lit. Cela semblait être un sorte de scarabée de jade. Lorsque vous vous êtes approché la chose s'est déroulée puis vous avez entendu un sifflement et aperçu une sorte de tête humaine. La douleur qui a suivi ne vous a laissé aucun doute, vous veniez de vous faire mordre par une manticore.;;;Al retirarte a dormir por la noche notas algo extraño en la estantería al lado de la cama. Una especie de escarabajo de jade. Cuando te acercas, la cosa se desenrolla y se oye un silbido y ves lo que parece ser una cabeza humana. El dolor que notas a continuación no deja ninguna duda... Te ha picado una mantícora!;;;;;;;;;x
EVTOPTAessos.16;This is the end.;C'est la fin.;;;Es el fin.;;;;;;;;;x
EVTDESCESSOS17;As I retire for the night I notice something strange on the shelf beside my bed, it appears to be a jade green scarab.  As I reach for it, it unfolds.  I hear a loud hissing and see a vaguely human looking face and then I feel it.  Pain washes over me as I realize that I have just been bitten by a manticore.;Alors que vous vous retiriez pour la nuit vous avez remarqué quelque chose d'étrange sur l'étagère à côté de votre lit. Cela semblait être un sorte de scarabée de jade. Lorsque vous vous êtes approché la chose s'est déroulée puis vous avez entendu un sifflement et aperçu une sorte de tête humaine. La douleur qui a suivi ne vous a laissé aucun doute, vous veniez de vous faire mordre par une manticore.;;;Al retirarte a dormir por la noche notas algo extraño en la estantería al lado de la cama. Una especie de escarabajo de jade. Cuando te acercas, la cosa se desenrolla y se oye un silbido y ves lo que parece ser una cabeza humana. El dolor que notas a continuación no deja ninguna duda... Te ha picado una mantícora!;;;;;;;;;x
EVTOPTAESSOS17;This is the end.;C'est la fin.;;;Es el fin.;;;;;;;;;x
EVTDESCESSOS18;As I retire for the night I notice something strange on the shelf beside my bed, it appears to be a jade green scarab.  As I reach for it, it unfolds.  I hear a loud hissing and see a vaguely human looking face and I realize with alarm this is a manticore.  Quickly I grab the nearest thing, an empty cup and bring it down with all my strength, crushing the creature beneath.  This was no accident, someone put this manticore in my chamber.;Alors que vous vous retiriez pour la nuit vous avez remarqué quelque chose d'étrange sur l'étagère à côté de votre lit. Cela semblait être un sorte de scarabée de jade. Lorsque vous vous êtes approché la chose s'est déroulée puis vous avez entendu un sifflement et aperçu une sorte de tête humaine. Vous avez alors réalisé qu'il s'agissait d'une manticore et n'avez pas perdu de temps pour attraper l'objet le plus proche et écraser la créature. Ce n'était pas un accident, quelqu'un a mis la manticore dans votre chambre. ;;;Al retirarte a dormir por la noche notas algo extraño en la estantería al lado de la cama. Una especie de escarabajo de jade. Cuando te acercas, la cosa se desenrolla y se oye un silbido y ves lo que parece ser una cabeza humana. Te das cuenta que es una mantícora y no pierdes tiempo para coger el objeto más cercano y aplastar la criatura. No ha sido un accidente, alguien ha puesto la mantícora en tu habitación.;;;;;;;;;x
EVTOPTAESSOS19;They shall pay.;Ils le paieront.;;;Lo pagarán muy caro.;;;;;;;;;x
EVTDESCESSOS18;As I retire for the night I notice something strange on the shelf beside my bed, it appears to be a jade green scarab.  As I reach for it, it unfolds.  I hear a loud hissing and see a vaguely human looking face and I realize with alarm this is a manticore.  Quickly I grab the nearest thing, an empty cup and bring it down with all my strength, crushing the creature beneath.  This was no accident, someone put this manticore in my chamber.;Alors que vous vous retiriez pour la nuit vous avez remarqué quelque chose d'étrange sur l'étagère à côté de votre lit. Cela semblait être un sorte de scarabée de jade. Lorsque vous vous êtes approché la chose s'est déroulée puis vous avez entendu un sifflement et aperçu une sorte de tête humaine. Vous avez alors réalisé qu'il s'agissait d'une manticore et n'avez pas perdu de temps pour attraper l'objet le plus proche et écraser la créature. Ce n'était pas un accident, quelqu'un a mis la manticore dans votre chambre. ;;;Al retirarte a dormir por la noche notas algo extraño en la estantería al lado de la cama. Una especie de escarabajo de jade. Cuando te acercas, la cosa se desenrolla y se oye un silbido y ves lo que parece ser una cabeza humana. Te das cuenta que es una mantícora y no pierdes tiempo para coger el objeto más cercano y aplastar la criatura. No ha sido un accidente, alguien ha puesto la mantícora en tu habitación.;;;;;;;;;x
EVTOPTAESSOS19;They shall pay;Ils le paieront.;;;Lo pagarán muy caro.;;;;;;;;;x
EVTDESCESSOS20;My co-conspirator believes that by bribing one of [Root.GetFirstName]'s household we can have the manticore smuggled inside.;Votre co-conspirateur pense qu'en corrompant une des servantes de [Root.GetFirstName] il serait facile d'introduire la manticore dans ses appartements.;;;Tu conspirador piensa que sobornando a una de las doncellas de [Root.GetFirstName] será fácil introducir la mantícora en su habitación.;;;;;;;;;x
EVTDESCESSOS21;This sounds promising, go ahead.;Cela semble prometteur, allez-y. ;;;Parece prometedor, adelante.;;;;;;;;;x
EVTDESCESSOS22;The plan has been given the go ahead.;Le plan a été accepté.;;;El plan ha sido aceptado.;;;;;;;;;x
EVTDESCESSOS23;Although [Root.GetFirstName] was killed, the hand maiden that we bribed was captured and under interrogation has revealed my involvement.;Si [Root.GetFirstName] a bien été tué, la servante corrompue a été arrêtée et a révélé votre implication.;;;Aunque [Root.GetFirstName] ha sido eliminado, la doncella sobornada ha sido arrestada y ha revelado tu implicación.;;;;;;;;;x
EVTDESCESSOS24;The plan has worked perfecty.  [Root.GetFirstName] was killed and although they suspect murder, there is nothing leading back to me.;Le plan a fonctionné parfaitement.  [Root.GetFirstName] a été tué et bien qu'ils suspectent un meurtre, personne ne me soupçonne.;;;El plan ha funcionado a la perfección. [Root.GetFirstName] ha sido eliminado y aunque piensan que ha sido un asesinato, nadie sospecha de mí.;;;;;;;;;x
EVTOPTAessos.24;A job well done.;Du beau travail.;;;Un buen trabajo.;;;;;;;;;x
EVTDESCESSOS25;Not only did [Root.GetFirstName] avoid been bitten by the manitcore, but he captured the hand maiden we bribed and under interrogation she has revealed my involvement. ;[Root.GetFirstName] n'a pas été mordu et en plus la servante que j'avais corrompue a été arrêtée et a révélé mon implication.;;;[Root.GetFirstName] no ha sido picado y además la doncella sobornada ha estado arrestada y ha revelado mi implicación.;;;;;;;;;x
EVTOPTAESSOS25;Could it get any worse?;Est-ce que cela pourrait être pire ?;;;¿Podría haber ido peor?;;;;;;;;;x
EVTDESCESSOS26;While the plan was a failure, I can at least be thankful that my involvement has not been discovered.;Le plan s'est révélé être un échec, mais personne ne me soupçonne. ;;;El plan ha fracasado, pero nadie sospecha de mí.;;;;;;;;;x
EVTDESCESSOS27;Whilst holding court, a group of Jogos Nhai warriors was presented to you. Their leader expressed the admiration they had for you, and presented to you as a gift a young Zorse stallion, a striped black-and-white mount that the Jogos Nhai ride on the plains.;Alors que vous teniez votre cour, un groupe de guerriers Jogos Nhai vous a été présenté. Leur chef a fait part de leur admiration pour vous et vous a fait le présent d'un zéquion, un équidé avec des bandes de rayures noires et blanches qui sert de monture aux Jogos Nhai.;;;Estando en tu corte, se ha presentado un grupo de guerreros Jogos Nhai. Su jefe ha expresado su admiración hacia ti y te ha regalado un cebrallo , un equino con rayas negras y blancas que sirve de montura a los Jogos Nhai.;;;;;;;;;x
EVTOPTAESSOS27;I thank you all for this fine gift;Je vous remercie pour ce merveilleux présent.;;;Os agradezco este maravilloso regalo.;;;;;;;;;x
gift_zorse;Zorse;Détient un zéquion;;;Posee un cebrallo;;;;;;;;;x
gift_zorse_desc;This character owns a Zorse, a striped black-and-white mount that the Jogos Nhai ride on the plains.;Ce personnage possède un zéquion, un équidé avec des bandes de rayures noires et blanches qui sert de monture aux Jogos Nhai.;;;Este personaje posee un cebrallo, un equino con rayas negras y blancas que sirve de montura a los Jogos Nhai.;;;;;;;;;x
EVTOPTBESSOS27;I need men like you, please stay here in [Root.Capital.GetName];J'ai besoin d'hommes vous, acceptez donc de rester à [Root.Capital.GetName];;;Necesito hombres como vos, por favor, quedáos aquí en [Root.Capital.GetName].;;;;;;;;;x
EVTDESCESSOS28;The Zorse that was gifted has grown into a mighty stallion, and due to it's ferocity has been kept in it's own stable lest it kill the horses. The man that tames this beast and rides it into battle would surely earn the respect of Lord and peasant alike.;Le zéquion qui vous a été offert est devenu un puissant étalon. Sa férocité est telle qu'il a fallu lui donner sa propre étable pour qu'il ne tue par les chevaux. Un homme qui viendrait à apprivoiser cette bête et à le monter au combat gagnerait sûrement le respect de tous les lords et paysans...;;;El cebrallo que te regalaron se ha convertido en un potente semental. Su ferocidad es tal que lo han separado de los demás caballos para que no los mate. El hombre que lo dome y lo monte en combate se ganará el respeto de todos los señores y campesinos.;;;;;;;;;x
EVTOPTAESSOS28;I shall tame it!;Je vais tenter de l'apprivoiser !;;;Intentaré domarlo!;;;;;;;;;x
TOOLTIPessos.29;The zorse is sucessfully tamed;Le zéquion est apprivoisé;;[From.GetTitledFirstName] seemed geniun;El cebrallo ha sido domado.;;;;;;;;;x
TOOLTIPessos.30;The zorse is not tamed;Le zéquion n'est pas apprivoisé.;;;El cebrallo no ha sido domado.;;;;;;;;;x
EVTOPTBESSOS28;[Root.Heir.GetTitledFirstName] shall prove [Root.Heir.GetHerHim]self and master the beast;[Root.Heir.GetTitledFirstName] devra prouver qu'il est digne de mâter la bête.;;;[Root.Heir.GetTitledFirstName] debe probar que es digno de someter a la bestia.;;;;;;;;;x
EVTOPTCESSOS28;[Root.job_marshal.GetTitledFirstName] is the most worthy to take it on;[Root.job_marshal.GetTitledFirstName] est le plus digne candidat pour y parvenir.;;;[Root.job_marshal.GetTitledFirstName] es el candidato más digno para conseguirlo.;;;;;;;;;x
EVTOPTDESSOS28;Our esteemed Jogos Nhai guest will show us how;Nos invités Jogos Nhai vont nous montrer comment faire;;;Nuestros invitados Jogos Nhai nos mostrarán como hacerlo.;;;;;;;;;x
EVTOPTFESSOS28;One of my sons will claim this mount;L'un de mes fils va revendiquer cette monture.;;;Uno de mis hijos reclamará la montura.;;;;;;;;;x
EVTOPTEESSOS28;I think it is best left alone;Je pense qu'il est préférable de le laisser tranquille.;;;Creo que sería preferible dejarlo tranquilo.;;;;;;;;;x
EVTDESCESSOS29;As you approach the wild zorse you try to recall all you know of how to subdue a strong stallion like this. At first the beast balks at your presence, bucking and kicking fiercely. Eventually you gain it's trust however and finally mount it, galloping away to the amazement of the crowd present.;Alors que vous vous approchez du zéquion sauvage, vous essayez de vous rappeler tout ce que vous savez sur l'art d'apprivoiser de tels étalons. La bête semble d'abord incommodée par votre présence, elle rue et donne des coups de sabots. Mais vous finissez par gagner sa confiance et par la monter. Vous faîtes galoper votre nouvelle monture devant la foule ébahie.;;;Mientras te acercas al cebrallo salvaje, intentas recordar todo lo que sabes de domar caballos. La bestia parece incomodada por tu presencia, relincha y da coces. Pero acabas ganándote su confianza y lo montas. Galopas tu nueva montura delante de la asombrada multitud!;;;;;;;;;x
zorse_rider;Zorse Rider;Chevaucheur de zéquion;;;Jinete de cebrallo;;;;;;;;;x
zorse_rider_desc;This character rides a huge fierce black and white zorse, inspiring great awe in their comrades;Ce personnage chevauche un grand et puissant zéquion noir et blanc qui inspire la crainte. ;;;Este personaje monta un gran y feroz cebrallo negro y blanco que inspira terror.;;;;;;;;;x
EVTOPTAESSOS29;I shall ride you into all my battles;Je te chevaucherai lors de toutes mes batailles.;;;Te montaré en todas mis batallas.;;;;;;;;;x
EVTDESCESSOS30;You enter the pen where the zorse is held, and can immediately tell it does not like your presence. When you approach it bucks and kicks angrily, causing great pain as it hits you several times. You manage to climb aboard once, but it rears in the air throwing you off. it is clear this beast is not tamable.;Vous entrez dans le box du zéquion et vous vous rendez compte immédiatement qu'il n'apprécie pas votre présence. Lorsque vous vous approchez il se met à ruer et à donner des coups de sabots qui vous atteignent à plusieurs reprises vous causant de terribles douleurs. Vous parvenez à monter dessus une seule fois mais le zéquion vous expulse brutalement. Il est clair que la bête ne peut pas être apprivoisée. ;;;Entras en el establo del cebrallo y te das cuenta inmediatamente que no le gusta tu presencia. Cuando te acercas, relincha y te da varias coces que te producen mucho dolor. Logras montar a su grupa pero el cebrallo te lanza al suelo brutalmente. Está claro que está bestia es indomable.;;;;;;;;;x
EVTOPTAESSOS30;Useless creature;Créature inutile.;;;Criatura inútil.;;;;;;;;;x
EVTDESCESSOS31;As your [From.GetRootRelation] [From.GetTitledFirstName] approaches the wild zorse you are concerned for [From.GetHerHis] safety. At first the beast balks at [From.GetHerHis] presence, bucking and kicking fiercely. Eventually [From.GetSheHe] gains it's trust however and finally mounts it, galloping away to the amazement of the crowd present.;Alors que votre [From.GetRootRelation] [From.GetTitledFirstName] s'approche du zéquion sauvage, vous êtes inquiet pour sa sécurité. La bête semble d'abord incommodée par sa présence, elle rue et donne des coups de sabots. Mais [From.GetSheHe] finit par gagner sa confiance et par la monter. [From.GetSheHeCap] fait galoper sa nouvelle monture devant la foule ébahie.;;;Cuando tu [From.GetRootRelation] [From.GetTitledFirstName] se acerca al cebrallo salvaje, te preocupas por su seguridad. La bestia parece enseguida incómoda por su presencia, relincha y da coces. Pero [From.GetSheHe] consigue ganarse su confianza y lo monta. [From.GetSheHeCap] galopa su nueva montura delante de la asombrada multitud!;;;;;;;;;x
EVTOPTAESSOS31;How impressive!;Impressionnant !;;;Impresionante!;;;;;;;;;x
EVTDESCESSOS32;Your [From.GetRootRelation] [From.GetTitledFirstName] enters the pen where the zorse is held, and can immediately tell it does not like [From.GetHerHis] presence. When [From.GetSheHe] approaches it bucks and kicks angrily, striking [From.GetFirstName] several times. [From.GetSheHeCap] managed to climb aboard once, but it rears in the air throwing [From.GetHerHim] off. it is clear this beast is not tamable.;Votre [From.GetRootRelation] [From.GetTitledFirstName] entre dans le box du zéquion et se rend compte immédiatement qu'il n'apprécie pas sa présence. Lorsqu'[From.GetSheHe] s'approche la bête se met à ruer et à donner des coups de sabots qui l'atteignent à plusieurs reprises lui causant de terribles douleurs. [From.GetSheHeCap] parvient à monter sur le zéquion une seule fois mais celui-ci l'expulse brutalement. Il est clair que la bête ne peut pas être apprivoisée.;;;Cuando tu [From.GetRootRelation] [From.GetTitledFirstName] entra en el establo del cebrallo te das cuenta inmediatamente que no le gusta su presencia. Cuando se acerca, relincha y le da varias coces que le producen mucho dolor. Logra montar a su grupa pero el cebrallo le lanza al suelo brutalmente. Está claro que está bestia es indomable.;;;;;;;;;x
EVTDESCESSOS33;The zorse is causing much trouble according to your [Root.GetMyMarshalName] [Root.job_marshal.GetTitledFirstName]. The stable masters apparently cannot control it, having injured many of them when kicking and rearing up. The huge stallion also must be kept seperate from the horses, for it has also maimed some of them, even killing a few. [Root.job_marshal.GetTitledFirstName] says something must be done.;D'après [Root.GetMyMarshalName] [Root.job_marshal.GetTitledFirstName] le zéquion cause bien des ennuis. Le maître des écuries semble ne pas pouvoir le maîtriser et nombre de palefreniers ont été blessés par l'animal. Le grand étalon doit également être séparé des autres chevaux, il en a blessé certains et même tué l'un d'entre eux. [Root.job_marshal.GetTitledFirstName] dit qu'il faut faire quelque chose.;;;Según [Root.GetMyMarshalName] [Root.job_marshal.GetTitledFirstName] el cebrallo está causando muchos problemas. El maestro de los establos parece no poder amaestrarlo y ha herido a numerosos palafreneros. El cebrallo está separado de los demás caballos ya que ha heridos a varios e incluso ha matado a uno de ellos. [Root.job_marshal.GetTitledFirstName] dice que hay que hacer algo cuanto antes.;;;;;;;;;x
EVTOPTAESSOS33;Kill it, and then sell the meat and hide;Tuez-le, puis vendez la peau et la viande.;;;Matadlo y vended la piel y la carne.;;;;;;;;;x
EVTOPTBESSOS33;They'll just have to deal with it;Ils n'ont qu'à se débrouiller.;;;Que se las arreglen.;;;;;;;;;x
EVTOPTCESSOS33;I know how to sooth wild beasts;Je sais comment calmer les bêtes sauvages.;;;Yo sé como calmar a las bestias salvajes.;;;;;;;;;x
EVTDESCESSOS34;My [From.GetRootRelation] [From.GetTitledFirstName] recently acquired an exotic zorse as a gift from some Jogos Nhai. The wild beast has been causing much trouble in the stables, one time escaping into the herd of horses and mounting many of the mares in there, as well as kicking my prized stallion to death!;Mon [From.GetRootRelation] [From.GetTitledFirstName] a récemment acquis une bête exotique, un zéquion, offert par des Jogos Nhai. La créature sauvage a causé de nombreux problèmes dans les écuries. Il a monté de nombreuses juments et a même tué mon précieux étalon !;;;Mi [From.GetRootRelation] [From.GetTitledFirstName] ha adquirido recientemente una bestia exótica, un cebrallo, regalado por los Jogos Nhai. La criatura salvaje ha causado numerosos problemas en los establos. Montó a muchas yeguas e incluso mató a mi precioso semental!;;;;;;;;;x
EVTOPTAESSOS34;I will seek redress!;Je vais demander réparation !;;;Pediré una reparación!;;;;;;;;;x
TOOLTIPessos.35;[From.GetTitledFirstName] will respond;[From.GetTitledFirstName] va répondre.;;;[From.GetTitledFirstName] responderá.;;;;;;;;;x
EVTDESCESSOS35;The zorse you acquired has been causing much trouble. The wild stallion clearly has a lot of pent up energy, and one time escaped into the herd of horses, mounting many of the mares in there. It also kicked my [From.GetRootRelation] [From.GetTitledFirstName] prized stallion to death! Clearly it saw it as a rival. Now [From.GetTitledFirstName] seeks redress for [From.GetHerHis] loss.;Le zéquion que vous avez acquis a causé de nombreux problèmes. L'étalon sauvage déborde clairement d'énergie, il a monté de nombreuses juments et même tué le précieux étalon de [From.GetRootRelation] [From.GetTitledFirstName]. [From.GetTitledFirstName] demande réparation pour sa perte.;;;El cebrallo que has adquirido ha causado muchos problemas. El semental salvaje desborda energía, ha montado a muchas yeguas y ha matado al precioso semental de [From.GetRootRelation] [From.GetTitledFirstName]. [From.GetTitledFirstName] demanda una reparación.;;;;;;;;;x
EVTOPTAESSOS35;I'll give [From.GetHerHim] fair recompense;Je vais lui donner une belle compensation.;;;Le daré una buena compensación.;;;;;;;;;x
TOOLTIPessos.36;[From.GetTitledFirstName] is satisfied;[From.GetTitledFirstName] est satisfait.;;;[From.GetTitledFirstName] está satisfecho.;;;;;;;;;x
EVTOPTBESSOS35;It's a wild beast, what do you expect?;C'est une bête sauvage, qu'est-ce que vous attendiez ?;;;Es una bestia salvaje, Qué esperabas?;;;;;;;;;x
EVTOPTCESSOS35;Shall we talk this through over some [Root.GetAlcoholicDrink]?;Nous devrions en parler devant une coupe de vin.;;;Deberíamos hablar delante de una copa de vino.;;;;;;;;;x
TOOLTIPessos.38;[From.GetTitledFirstName] is placated;[From.GetTitledFirstName] est apaisé.;;;[From.GetTitledFirstName] se ha apaciguado.;;;;;;;;;x
EVTDESCESSOS35;[From.GetTitledFirstName] understood your grievance, and gave you enough coin and some to spare for the horse that was killed by the zorse.;Le zéquion que vous avez acquis a causé de nombreux problèmes. L'étalon sauvage déborde clairement d'énergie, il a monté de nombreuses juments et même tué le précieux étalon de [From.GetRootRelation] [From.GetTitledFirstName]. [From.GetTitledFirstName] demande réparation pour sa perte.;;;[From.GetTitledFirstName] está triste por tu pérdida y te ha ofrecido el oro suficiente para adquirir un nuevo caballo digno de reemplazar al que mató el cebrallo.;;;;;;;;;x
EVTOPTAESSOS36;We are even then;Voilà qui est réglé.;;;Arreglado.;;;;;;;;;x
EVTDESCESSOS37;[From.GetTitledFirstName] hardly seemed concerned that your stallion was trampled to death by [From.GetHerHis] zorse. [From.GetSheHeCap] dismissed your claim out of hand.;[From.GetTitledFirstName] ne semble pas très concerné par la mort de votre étalon, pourtant tué par son zéquion. [From.GetSheHeCap] n'a pas tenu compte de votre demande de compensation.;;;[From.GetTitledFirstName]no parece preocupado por la muerte de tu semental. [From.GetSheHeCap] ha rechazado la petición de reparación.;;;;;;;;;x
EVTOPTAESSOS37;This is not right;Ce n'est pas juste.;;;No es justo.;;;;;;;;;x
EVTDESCESSOS38;[From.GetTitledFirstName] seemed genuinely upset upon hearing that the zorse killed your prized stallion. [From.GetSheHeCap] invited you to [From.GetHerHis] private quarters where you discussed the situation over some [From.GetAlcoholicDrink]. You left feeling staisfied with [From.GetHerHis] explanation.;[From.GetTitledFirstName] a semblé très en colère lorsqu'il a appris que son zéquion avait tué votre étalon. [From.GetSheHeCap] vous a invité dans ses quartiers et vous avez discuté de la situation tout en buvant un bon vin. Vous l'avez quitté en étant plutôt satisfait de ses explications.;;;[From.GetTitledFirstName] parecía muy enojado cuando se enteró de que su cebrallo mató a tu semental. [From.GetSheHeCap] te ha invitado a sus dependencias y habéis discutido la situación bebiendo un muy buen vino. Has quedado satisfecho de sus explicaciones.;;;;;;;;;x
EVTOPTAESSOS38;I suppose it was only a horse;Après tout il ne s'agit que d'un cheval. ;;;Después de todo, no es más que un caballo.;;;;;;;;;x
EVTDESCessos.39;Basilisks have always roamed in the jungles of the east, but lately they have been coming in increasing numbers and growing bolder.  They are able to take down livestock animals and the dogs that are sent after them with ease, if they contiue to grow bolder they could take down a child.  Something must be done.;Des Basilics ont toujours erré dans les jungles de l'Est, mais ces derniers temps ils ont été particulièrement nombreux et se sont montrés plus hardis. Ils sont facilement capables de s'en prendre au bétail ou aux chiens, et si ils continuent ainsi ils oseront bientôt s'en prendre à des enfants. Il faut faire quelque chose.;;;Los basiliscos han vagado siempre por las junglas orientales, pero últimamente han llegado demasiados y son cada vez más atrevidos. Acaban con los animales de las granjas y con los perros qu se envían en su busca. No pasará mucho tiempo hasta que acaben con algún niño. Hay que hacer algo.;;;;;;;;;x
EVTOPTAessos.39;[Root.job_marshal.GetTitledFirstName], assemble a hunting party and deal with these basilisks.;[Root.job_marshal.GetTitledFirstName], organisez une battue et débarrassez-vous de ces basilics.;;;[Root.job_marshal.GetTitledFirstName], organiza una partida de caza y acaba con esos basiliscos.;;;;;;;;;x
EVTOPTBessos.39;I'll hunt these basilisks down myself.;Je vais me charger personnellement de ces basilics;;;Cazaré a esos basiliscos yo mismo.;;;;;;;;;x
EVTOPTCessos.39;Basilisks are an ordinary thing in these parts, I'm sure it will be fine.;Il est courant de rencontrer des basilics dans cette région, je suis sûr que tout ira bien.;;;Que haya basiliscos es normal en esas zonas, todo irá bien.;;;;;;;;;x
EVTDESCessos.40;As your party moves through the jungle, you hear a branch crack and turn around to see a large basilisk bearing down upon you.  The creature is hissing fiercely as it advances, you raise your spear and plunge it into the creature when it is close enough.  This was a close call, a basilisk bite can be fatal. ;Alors que vous vous enfoncez dans la jungle, vous entendez craquer une branche. Vous vous retournez pour tomber sur un basilic qui vous charge en sifflant. Vous levez votre lance et l'enfoncez dans le corps de la créature. C'était moins une, une seule morsure empoisonnée de basilic peut être fatale.;;;A medida que la partida avanza por la jungla, oyes una rama crujir, te das la vuelta y ves a un basilisco descendiendo hacia ti. La criatura siseaba ferozmente mientras avanzaba, levantas la lanza y la hundes en el corazón del basilisco cuando estaba muy cerca. Ha sido un aviso importante, un mordisco de basilisco puede ser mortal.;;;;;;;;;x
EVTOPTAessos.40;A close call indeed.;C'était moins une, effectivement.;;;Ha estado cerca.;;;;;;;;;x
EVTDESCessos.41;Your party has set up camp for the night.  As you prepare to retire to your tent, a large basilisk, perhaps attracted by the heat of the fire or the smell of our food, charges at you from the brush.  Acting quickly you take your sword and remove the creatures head. ;Votre groupe a installé son camp pour passer la nuit. Alors que vous vous prépariez à entrer dans votre tente, un gros basilic, peut-être attiré par la chaleur du feu ou l'odeur de la nourriture, sort d'un buisson et vous charge. Vous avez juste le temps de dégainer pour lui couper la tête.;;;La partida ha establecido un campamento para pasar la noche. Mientras te preparas para retirarte a tu tienda, un gran basilisco, quizás atraído por el calor del fuego o el olor de la comida, carga contra ti desde la maleza. Actuando con rapidez, sacas la espada y le cortas la cabeza a la criatura.;;;;;;;;;x
EVTOPTAessos.41;We will need to place extra sentrys around the camp.;Nous allons devoir augmenter le nombre de sentinelles devant le camps.;;;Tendremos que colocar más centinelas alrededor del campamento.;;;;;;;;;x
EVTDESCessos.42;Reports indicate that the basilisks are no longer plaguing our lands.;Il semble que les basilics n'infestent plus nos terres.;;;Los informes indican que los basiliscos ya no plagan nuestras tierras.;;;;;;;;;x
EVTOPTAessos.42;Just as I said, everything will be fine.;"Comme je l'avais dit, ""tout ira bien"". ";;;Como dije, todo irá bien.;;;;;;;;;x
EVTDESCessos.43;[Root.job_marshal.GetTitledFirstName] informs you that he has successfully driven the roaming basilisks out of our lands and back into the jungle.;[Root.job_marshal.GetTitledFirstName] vous informe qu'il est parvenu à repousser les basilics dans la jungle, débarrassant ainsi vos terres de leur présence.;;;[Root.job_marshal.GetTitledFirstName] te informa que ha expulsado a los basiliscos a la jungla, fuera de tus tierras.;;;;;;;;;x
EVTOPTAessos.43;This is good news indeed, well done.;Une bonne nouvelle en effet, bien joué.;;;Muy buena noticia, bien hecho.;;;;;;;;;x
plagued_by_basilisks;Plagued by basilisks;Envahie par les basilics;;;Plagado de basiliscos;;;;;;;;;x
plagued_by_basilisks_desc;This province is plagued by roaming basilisks;Cette province est envahie par de nombreux basilics;;;Esta provincia está plagada de basiliscos;;;;;;;;;x
EVTDESCessos.4699;[Root.PrimaryTitle.GetFOA], your glorious dynasty of [Root.GetOnlyDynastyName] has ascended to the throne of the Golden Empire for the first time, and as such you can choose by what name your eternal and divine line of God Emperors shall be known as.;[Root.PrimaryTitle.GetFOA], votre glorieuse dynastie de [Root.GetOnlyDynastyName] s'est élevée au trône de l'Empire Doré pour la première fois, et à ce titre vous pouvez choisir par quel nom votre éternelle et divine lignée d'Emperuer-Dieu sera connue.;;;[Root.PrimaryTitle.GetFOA], vuestra gloriosa dinastía [Root.GetOnlyDynastyName] ha ascendido al trono del Imperio Dorado por primera vez, y por ello podéis elegir con que nombre será conocido vuestro eterno y divino linaje de Dioses Emperador.;;;;;;;;;x
EVTDESCessos.46;I am the God Emperor of the Golden Empire of Yi Ti.;Je suis l'Empereur-Dieu de l'Empire Doré de Yi-Ti.;;;Soy el Dios Emperador del Imperio Dorado de Yi Ti.;;;;;;;;;x
EVTOPTAessos.46;I shall rule.;Je vais régner.;;;Voy a gobernar.;;;;;;;;;x
EVTDESCessos.47;Most sons of the Great Fathers are gelded when they reach the age of manhood. They live out their lives serving their cities as scribes, priests, scholars, servants, cooks, farmers, and craftsmen. Only the most promising males, the largest and strongest and most comely, are permitted to mature and breed and become Great Fathers themselves. I have reached manhood, and my fate must be decided.;La plupart des fils des Éminents Pères sont castrés lorsqu'ils atteignent l'âge adulte. Toute leur vie ils servent la cités comme scribes, prêtres, érudits, domestiques, cuisiniers, fermiers et artisans. Seuls les mâles les plus prometteurs, les plus grands, les plus forts et les plus beaux peuvent s'accoupler et devenir eux-mêmes des Éminents Pères. J'ai atteint l'âge adulte, et mon destin va bientôt être scellé.;;;La mayoría de los hijos de los grandes padres son castrados al llegar a la edad adulta. Sirven a las ciudades como escribas, sacerdotes, académicos, sirvientes, cocineros, granjeros y artesanos. Únicamente los chicos más prometedoress, los más grandes, fuertes y gallardos, tienen permitido procrear y convertirse en grandes padres a su vez. He llegado a la edad adulta, y mi destino debe decidirse.;;;;;;;;;x
EVTOPTAessos.47;Will I be deemed strong enough?;Serais-je considérer assez fort ?;;;Seré considerado lo bastante fuerte?;;;;;;;;;x
EVTDESCessos.48;Most sons of the Great Fathers are gelded when they reach the age of manhood. They live out their lives serving their cities as scribes, priests, scholars, servants and craftsmen. Only the most promising males, the largest and strongest and most comely, are permitted to breed and become Great Fathers themselves. Your [From.GetRootRelation] [From.GetFirstName] has reached manhood, and [From.GetHerHis] fate must be decided.;La plupart des fils des Éminents Pères sont castrés lorsqu'ils atteignent l'âge adulte. Toute leur vie ils servent la cités comme scribes, prêtres, érudits, domestiques, cuisiniers, fermiers et artisans. Seuls les mâles les plus prometteurs, les plus grands, les plus forts et les plus beaux peuvent s'accoupler et devenir eux-mêmes des Éminents Pères. Votre [From.GetRootRelation] [From.GetFirstName] a atteint l'âge adulte et son destin va bientôt être scellé.;;;La mayoría de los hijos de los grandes padres son castrados al llegar a la edad adulta. Sirven a las ciudades como escribas, sacerdotes, académicos, sirvientes, cocineros, granjeros y artesanos. Únicamente los chicos más prometedores, los más grandes, fuertes y gallardos, tienen permitido procrear y convertirse en grandes padres a su vez. Tu [From.GetRootRelation] [From.GetFirstName] ha llegado a la edad adulta y su destino será pronto decidido.;;;;;;;;;x
EVTOPTAessos.48;[From.GetSheHeCap] must be gelded;[From.GetSheHeCap] doit être castré.;;;Debe ser castrado.;;;;;;;;;x
EVTOPTAessos.48WRONGFUL;Despite [From.GetHerHis] promise, [From.GetSheHe] shall be gelded;Malgré ses aptitudes prometteuses, [From.GetSheHe] va être castré;;;A pesar de sus prometedoras actitudes, será castrado.;;;;;;;;;x
EVTOPTBessos.48STRONG;[From.GetSheHeCap] has proved [From.GetHerHim]self strong;[From.GetSheHeCap] a prouvé qu'il était fort;;;Ha demostrado que es fuerte;;;;;;;;;x
EVTOPTBessos.48TALL;[From.GetSheHeCap] has promising size;[From.GetSheHeCap] a une taille suffisante;;;Tiene el tamaño suficiente;;;;;;;;;x
EVTOPTBessos.48FAIR;[From.GetSheHeCap] is comely enough to breed;[From.GetSheHeCap] est assez beau pour se reproduire;;;Es lo suficientemente atractivo para procrear.;;;;;;;;;x
EVTDESCessos.49;Your [From.GetRootRelation] [From.GetTitledFirstName] and the Great Fathers have deemed you not promising enough to breed, and so have had you gelded and made into a eunuch.;Votre [From.GetRootRelation] [From.GetTitledFirstName] et les autres Éminents Pères ne vous ont pas jugé assez prometteur pour vous permettre de vous reproduire, aussi allez-vous être castré et deviendrez un eunuque.;;;Tu [From.GetRootRelation] [From.GetTitledFirstName] y los demás grandes padres no te han considerado lo suficientemente prometedor como para premitirte procrear, por ello serás castrado y te convertirás en un eunuco.;;;;;;;;;x
EVTOPTAessos.49;Oh;Oh.;;;Oh.;;;;;;;;;x
EVTDESCessos.50;Your [From.GetRootRelation] [From.GetTitledFirstName] and the Great Fathers have seen promise in you, and have permitted you to take a wife and breed.;Votre [From.GetRootRelation] [From.GetTitledFirstName] et les autres Éminents Pères vous ont jugé prometteur et vous permettent de prendre une femme et de vous reproduire.;;;Tu [From.GetRootRelation] [From.GetTitledFirstName] y los demás grandes padres te consideran  prometedor y te permiten tomar una mujer y procrear.;;;;;;;;;x
EVTOPTAessos.50;Thank [Root.Religion.GetHighGodName];Merci [Root.Religion.GetHighGodName];;;Gracias [Root.Religion.GetHighGodName];;;;;;;;;x
EVTDESCessos.51;I currently have no adult sons that have been deemed good enough to breed and become Great Fathers themselves. Perhaps I could adopt a son from a lesser family so my name can continue?;Je n'ai actuellement aucun fils adulte qui a été jugé digne de se reproduire et de devenir lui-même Éminent Père. Peut-être pourrais-je adopter un fils d'une famille de moindre envergure pour perpétuer mon nom ?;;;Actualmente no tengo ningún hijo adulto que haya sido considerado digno para procrear y convertirse en gran padre. Tal vez debería adoptar un hijo de una familia menor para perpetuar mi nombre?;;;;;;;;;x
EVTOPTAessos.51;Yes, I shall adopt him into the [Root.GetOnlyDynastyName] family;Oui, je vais adopter dans la famille [Root.GetOnlyDynastyName];;;Si, adoptaré en la familia [Root.GetOnlyDynastyName];;;;;;;;;x
EVTOPTBessos.51;No, only my blood can be my son;Non, seul mon sang peut être mon fils;;;No, sólo si es de mi sangre puede ser mi hijo;;;;;;;;;x
adopt_character;Adopt;Adopter;;;Adoptar;;;;;;;;;x
adopt_character_desc;The heirs to the Great Fathers of the Hyrkooni cities must be strong to be allowed to breed, the weak are simply gelded. So you can adopt [Root.GetFirstName] to continue the [From.GetOnlyDynastyName] line.;Les héritiers des Éminents Pères des Hyrkoonis doivent être forts pour qu'on leur permette de se reproduire, les faibles sont tout simplement castrés. Aussi pouvez-vous adopter [Root.GetFirstName] pour perpétrer la lignée [From.GetOnlyDynastyName].;;;Los herederos de los grandes padres hyrkuneses deben ser fuertes para que les permitan procrear, los débiles son todos castrados. Puedes adoptar a [Root.GetFirstName] para perpetuar el linaje [From.GetOnlyDynastyName].;;;;;;;;;x
TOOLTIPADOPTIONLOWBORN;[Root.GetFirstName] is lowborn\n;[Root.GetFirstName] est d'origine modeste\n;;;[Root.GetFirstName] es de origen modesto\n;;;;;;;;;x
adopted;Adopted;Adopté;;;Adoptado;;;;;;;;;x
adopted_desc;This character was adopted into their house, and so is not a blood relation.;Ce personnage a été adopté, il n'a donc pas de lien de sang avec sa maison.;;;Este personaje ha sido adoptado, no tiene ningún lazo de sangre con su casa.;;;;;;;;;x
opinion_adopted_me;Adopted Me;M'a adopté;;;Me ha adoptado;;;;;;;;;x
opinion_adopted_a_son;Adopted Another Son;A adopté un autre fils;;;Ha adoptado a otro hijo;;;;;;;;;x
hykrooni_take_concubine;Take as a Concubine;Prendre comme concubine;;;Tomar como concubina;;;;;;;;;x
hykrooni_take_concubine_desc;As is customary for the Great Fathers of the [Root.Culture.GetName] culture, women are taken as concubines to produce a worthy heir to carry on after the current Great Father dies.;Comme il est de coutume avec les Éminents Pères de la culture [Root.Culture.GetName], les femmes sont prises comme concubines par ces derniers pour produire un digne héritier capable de devenir Éminents Père à son tour.;;;Como costumbre de los grandes padres de la cultura [Root.Culture.GetName], las mujeres son tomadas como concubinas para producir un heredero capaz de convertirse en gran padre a su vez.;;;;;;;;;x
has_butterfly_fever;Has Butterfly Fever;A la Fièvre des Papillons;;;Tiene la Fiebre de las Mariposas;;;;;;;;;x
has_butterfly_fever_desc;This character has Butterfly Fever, a terrible disease native to the isle of Naath. It is believed to be transmitted by the local butterflies, particularly a large black-and-white variety with wings as big as a man's hand. Even though the Naathi themselves are immune to this sickness, all outsiders who remain too long on Naath fall prey to it. Fever is the first sign of the disease, followed by painful spasms that make the victims seem to be dancing wildly and uncontrollably. In the last stage, those afflicted sweat blood, and their flesh sloughs from their bones.;Ce personnage a la Fièvre des Papillons, une maladie terrible qui touche les étrangers accostant sur l'île de Naath. Bien que les Naathis soient immunisés à la maladie causée par les Papillons, les étrangers souffrent de spasmes douloureux les forçant à danser contre leur volonté, jusqu'à ce que la victime sue du sang et que sa chair finisse par se détacher de ses os. Le première symptôme n'est cependant qu'une simple fièvre.;;;Este personaje tiene la fiebre de las mariposas, una terrible enfermedad de la que se contagian los forasteros en la isla de Naath. A pesar de que los Naatíes son inmunes a la enfermedad causada por las mariposas, los forasteros sufren dolorosos espasmos que sacuden a las víctimas de manera salvaje e incontrolable y al final sudan sangre y la carne se les desprende de los huesos. Todo comienza como una simple fiebre.;;;;;;;;;x
has_butterfly_fever_death;of the Butterfly Fever;de la Fièvre des Papillons;;;por la Fiebre de las Mariposas;;;;;;;;;x
EVTDESCessos.55;Whilst in [Root.Location.GetName], you have caught The Butterfly Fever! You are starting to experience high fevers and painful spasms that make you seem to be dancing wildly and uncontrollably. You are told you may sweat blood, and your flesh slough from your bones! This disease stems from the native butterflies of Naath, and while the Naathi themselves are immune to the sickness all outsiders that stay for long fall prey to it.;Alors que vous êtes à [Root.Location.GetName], vous avez contracté la Fièvre des Papillons ! Cette maladie est transmise par les Papillons de Naath, les Naathis y étant immunisés, mais tous les étrangers restant durant un long séjour succombent aux douloureux spasmes, avant de suer du sang et que leur chair se détache de leurs os.;;;Mientras estabas en [Root.Location.GetName], has contraído la Fiebre de las Mariposas! Esta enfermedad la trasmiten las mariposas nativas de Naath, a pesar de que los Naatíes son inmunes a esta enfermedad, los forasteros sufren dolorosos espasmos que sacuden a las víctimas de manera salvaje e incontrolable y al final sudan sangre y la carne se les desprende de los huesos. Todo comienza como una simple fiebre.;;;;;;;;;x
EVTDESCessos.55B;It seems the affliction you caught whilst on Naath is indeed the Butterfly Fever! You are starting to experience high fevers and painful spasms that make you seem to be dancing wildly and uncontrollably. You are told you may sweat blood, and your flesh slough from your bones! This disease stems from the native butterflies of Naath, and while the Naathi themselves are immune to the sickness all outsiders that stay for long fall prey to it.;La maladie attrapée à Naath est bien la fièvre des papillons ! Vous commencez à avoir beaucoup de fièvres et des spasmes douloureux qui vous font danser sauvagement de manière incontrôlée. On vous dit que vous pourriez suer du sang et que votre chair pourrait se détacher des os. Cette maladie provient des papillons endémiques à Naath, et si les Naathi y sont immunisés, ce n'est pas le cas des étrangers qui restent trop longtemps.;;;Mientras estabas en [Root.Location.GetName], has contraído la Fiebre de las Mariposas! Esta enfermedad la trasmiten las mariposas nativas de Naath, a pesar de que los Naatíes son inmunes a esta enfermedad, los forasteros sufren dolorosos espasmos que sacuden a las víctimas de manera salvaje e incontrolable y al final sudan sangre y la carne se les desprende de los huesos. Todo comienza como una simple fiebre.;;;;;;;;;x
EVTOPTAessos.55;Aghh, this is unbearable!;Ça commence par une simple fièvre;;;Todo comienza como una fiebre;;;;;;;;;x
EVTDESCessos.56;Thankfully you did not suffer deadly effects whilst suffering from The Butterfly Fever. You have recovered after experiencing only painful spasms.;Heureusement, vous n'avez pas souffert des symptômes mortels de la Fièvre des Papillons. Vous avez guéri après avoir seulement ressenti les spasmes douloureux.;;;Milagrosamente, no has sufrido los efectos mortales de la Fiebre de las Mariposas. Te has recuperado totalmente tras experimentar dolorosos espasmos.;;;;;;;;;x
EVTOPTAessos.56;It is a miracle I survived! Thank [Root.Religion.GetHighGodName];C'est un miracle que j'ai survécu ! Merci [Root.Religion.GetHighGodName];;;Es un milagro! He sobrevivido! Gracias [Root.Religion.GetHighGodName];;;;;;;;;x
EVTDESCessos.60;Though many gods are honored on the Summer Isles, a special reverence is shown to the god and goddess of love, beauty, and fertility. The union of male and female is sacred to these deities: by joining together in this act of worship, the islanders believe, men and women give honor to the gods who made them. Be they rich or poor, male or female, of high birth or low, all Summer Islanders are expected to dwell for a time in the temples of love that dot the islands, sharing their bodies with any who might desire them.;Bien que de nombreux dieux soient vénérés dans les Îles d’Été, les dieux et déesses de l'amour, de la beauté et de la fertilité sont particulièrement respectés. L'union du féminin et du masculin est sacré pour ces divinités : les estiviens pensent que les hommes et femmes honorent les dieux qui les ont créé lorsqu'ils s'unissent. Qu'ils soient riches ou pauvres, hommes ou femmes, de haute ou de basse naissance, tous les estiviens sont sensés résider pendant un temps dans les temples de l'amour parsemés sur les îles, offrant leurs corps à quiconque les désire.;;;Aunque en las Islas del Verano se veneran tanto a deidades mayores como menores, los estiveños reverencian sobre todo al dios y la diosa del amor, la belleza y la fertilidad. La unión de hombre y mujer es sagrada ante los dioses y creen que es un acto de adoración que honra a las divinidades que los crearon. Ya sean ricos o pobres, hembras o varones, o de alta o baja cuna, todos los estiveños deben residir un tiempo en los templos del amor que salpican las islas y compartir su cuerpo con cualquiera que los desee.;;;;;;;;;x
EVTOPTAessos.60;My time has come;Mon heure est venue;;;Mi momento ha llegado;;;;;;;;;x
dwelling_temple_of_love;Dwelling in Temple of Love;Réside au Temple de l'Amour;;;Viviendo en el Templo del Amor;;;;;;;;;x
dwelling_temple_of_love_desc;All Summer Islanders are expected to dwell for a time in the temples of love that dot the islands, sharing their bodies with any who might desire them;Tous les estiviens sont sensés résider pendant un temps dans les Temples de l'Amour parsemés sur les îles, offrant leurs corps à quiconque les désire.;;;Todos los estiveños deben residir un tiempo en los templos del amor que salpican las islas y compartir su cuerpo con cualquiera que los desee.;;;;;;;;;x
EVTOPTCessos.61;I will not defile myself like that;Je ne me profanerai jamais ainsi;;;No me deshonraré a mí mismo de ese modo;;;;;;;;;x
EVTOPTAessos.61;My [From.GetRootRelation] [From.GetTitledFirstName] shall serve [From.GetHerHis] time in the temple;Mon(ma) [From.GetRootRelation] [From.GetTitledFirstName] doit servir son temps au temple;;;Mi [From.GetRootRelation] [From.GetTitledFirstName] servirá un tiempo en el Templo del Amor;;;;;;;;;x
EVTOPTBessos.61;My kin will not offer themselves so;Les miens ne s'offriront jamais ainsi;;;Mi pariente no se ofrecerá por si mismo;;;;;;;;;x
EVTDESCessos.64;Your [From.GetRootRelation] [From.GetTitledFirstName] has finished [From.GetHerHis] time in the temple of love after a year of offering [From.GetHerHis] body to all those who desired it. [From.GetSheHeCap] has been deemed beautiful, compassionate, and skilled enough to remain as a priest. [From.GetSheHeCap] will gain much esteem, for here the giving of carnal pleasure is regarded as an art as worthy of respect as music, sculpture, or dance.;Votre [From.GetRootRelation] [From.GetTitledFirstName] a terminé son service au temple de l'amour, après une année passé à offrir son corps à quiconque le désire. [From.GetSheHeCap] a été jugé(e) beau(belle), charitable, et assez doué(e) pour y rester en temps que prêtre ou prêtresse. [From.GetSheHeCap] y gagnera beaucoup de prestige, car ici le don de plaisir charnel est aussi respecté que la musique, la sculpture ou la danse.;;;Tú [From.GetRootRelation] [From.GetTitledFirstName] ha finalizado su estancia en el Templo del Amor tras un año compartiendo su cuerpo con todo aquel que lo deseara. Se ha convertido en una persona diestra, hermosa, compasiva, y con la suficiente habilidad para servir como sacerdote. Lo tendrán en alta estima, pues el arte del placer carnal es tan respetado como la música, la escultura o la danza.;;;;;;;;;x
EVTOPTAessos.64;Very good;Très bien;;;Muy bien;;;;;;;;;x
love_priest;Priest of Love;Prêtre(sse) de l'Amour;;;Sacerdote del Amor;;;;;;;;;x
love_priest_desc;This character is a priest of the Summer Islander god and goddess of love, beauty, and fertility. On The Summer Isles these priests and priestesses are much esteemed, for here the giving of carnal pleasure is regarded as an art as worthy of respect as music, sculpture, or dance.;Ce personnage est un(e) prêtre(sse) des dieux et déesses estiviens de l'amour, de la beauté et de la fertilité. Dans les Îles d’Été, ces prêtres et prêtresses sont très estimés, car le don de plaisir charnel est vu comme aussi respectable que la musique, la sculpture ou la danse.;;;Este personaje es un Sacerdote del Amor de las Islas del Verano, que venera al dios y la diosa del amor, belleza y fertilidad. En las Islas del Verano estos sacerdotes y sacerdotisas son muy estimados,  of the Summer Islander god and goddess of love, beauty, and fertility. On The Summer Isles these priests and priestesses are much esteemed, pues el arte del placer carnal es tan respetado como la música, la escultura o la danza.;;;;;;;;;x
EVTDESCessos.65;You have finished your time in the temple of love after a year of offering your body to all those who desired it. You have returned a skilled lover and with a better understanding of the gods.;Vous avez terminé votre service au Temple de l'Amour, après une année passée à offrir votre corps à quiconque le désire. Vous êtes devenu un(e) amant(e) confirmé(e) et avez désormais une meilleure compréhension des dieux.;;;Has finalizado tu estancia en el Templo del Amor tras un año compartiendo tu cuerpo con todo aquel que lo deseara. Has regresado siendo un experto amante y con un mejor conocimiento de los Dioses.;;;;;;;;;x
EVTOPTAessos.65;I understand much now;Je comprends beaucoup de choses maintenant;;;Ahora entiendo mucho;;;;;;;;;x
EVTDESCessos.66;Your [From.GetRootRelation] [From.GetTitledFirstName] has finished [From.GetHerHis] time in the temple of love after a year of offering [From.GetHerHis] body to all those who desired it. [From.GetSheHeCap] has returned a skilled lover and with a better understanding of the gods.;Votre [From.GetRootRelation] [From.GetTitledFirstName] a terminé son service au temple de l'amour, après une année passé à offrir son corps à quiconque le désire. [From.GetSheHeCap] est devenu un(e) amant(e) confirmé(e) et a désormais une meilleure compréhension des dieux.;;;Tú [From.GetRootRelation] [From.GetTitledFirstName] ha finalizado su estancia en el Templo del Amor tras un año compartiendo su cuerpo con todo aquel que lo deseara. Ha regresado siendo un experto amante y con un mejor conocimiento de los Dioses.;;;;;;;;;x
EVTDESCessos.58;The Peaceful People, we Naathi are called by seafarers, for we will not fight even in defense of our homes and persons. This is becuase Naathi do not kill, not even beasts of the field and wood: we eat fruit, not flesh, and make music, not war.;Les Pacifiques, tel que les étrangers surnomment les Naathis, ne se batteront jamais, même pour défendre leurs propres personnes et leurs domiciles. Car les Naathis ne tuent pas, pas même les bêtes des forêts et des plaines, nous mangeons des fruits et non de la chair, et nous faisons de la musique, pas la guerre.;;;El pueblo pacífico, así son llamados los naatíes por los marinos, porque se niegan a luchar aun para defender sus hogares y a sus gentes. No matan, ni siquiera a las bestias del campo y los bosques. Se alimentan de fruta, no de carne, y fomentan la música y no la guerra.;;;;;;;;;x
EVTOPTAessos.58;My war is necessary despite these beliefs;Ma guerre est nécessaire, malgré ces croyances;;;Mi guerra es necesaria a pesar de estas creencias;;;;;;;;;x
EVTDESCESSOS100;Whilst sailing the frigid northern waters of the Shivering Sea a queer sight was seen in the sky, lights of blue and green shimmering in the sky. They say they are the demon mother of the ice giants dancing eternally through the night, seeking to lure men northward to their doom...;En navigant dans les autres glacés de la Mer Grelotte, d'étranges visions furent aperçues dans le ciel : des lueurs bleues et vertes chatoyantes dans les cieux. On dit qu'il s'agit de la démonique mère des géants de glace, dansant éternellement dans la nuit, tenant de dévier les hommes vers le nord et leur perte…;;;Mientras navegas en las gélidas aguas del norte del Mar de los Escalofríos ves unas extrañas luces que titilan en el cielo. Dicen que son la madre demoniaca de los gigantes de hielo danza eternamente de noche para atraer a los hombres al norte y conducirlos a la muerte.;;;;;;;;;x
EVTOPTAESSOS100;A true wonder;Une véritable merveille;;;Una verdadera maravilla;;;;;;;;;x
EVTOPTBESSOS100;It must be a northern passage to the far side of the world!;Cela doit être un passage pour l'autre côté du monde !;;;Debe ser el pasaje septentrional hasta el otro lado del mundo!;;;;;;;;;x
TOOLTIPessos.100;You sail far to the north, searching for a passage through the ice...;Vous naviguez loin au nord, cherchant un passage à travers la glace…;;;Navegas por el lejano norte, buscando un pasaje a través del hielo...;;;;;;;;;x
EVTDESCESSOS101;For many days you sailed directly north, through the howling winds, frozen seas, and mountains of ice. You could not penentrate the frozen seas however, and have returned south again half-frozen and much chastened, yet thankfully still alive.;Pendant des jours vous avez navigué droit au nord, à travers les vents hurlants, les mers gelées et les montagnes de glace. Vous n'avez cependant pas réussi à pénétrer les mers glacées, et vous êtes retournés vers le sud à moitié gelé et assagi, mais heureusement encore en vie.;;;Navegaste durante muchos días hacia el norte, a través de vientos huracanados, mares helados y montañas de hielo pero no pudiste penetrar los mares congelados, y has vuelto al sur humillado y mediocongelado, pero afortunadamente vivo;;;;;;;;;x
EVTOPTAESSOS101;What a journey anyway;Quel voyage !;;;Menudo viaje de todos modos;;;;;;;;;x
EVTDESCESSOS102;For many days you sailed directly north, through the howling winds, frozen seas, and mountains of ice. Blizzards rage eternally and the very mountains themselves scream like madmen in the night. Eventually you realise you are lost, and many of the men are perishing from the cold. The vast, chilly, inhospitable ocean claims your ship...;Pendant des jours vous avez navigué droit au nord, à travers les vents hurlants, les mers gelées et les montagnes de glace. Les blizzards font continuellement rage et les montagnes elles-mêmes hurlent comme des forcenés dans la nuit. Vous finissez par vous apercevoir que vous êtes perdu, et beaucoup d'hommes périssent à cause du froid. L'océan vaste, frissonnant et inhospitalié réclame votre navire…;;;Navegaste durante muchos días hacia el norte, a través de vientos huracanados, mares helados y montañas de hielo y más allá todavía a través de ventiscas que arrecian sin cesar y montañas que aúllan como dementes por la noche. Con el tiempo te das cuenta que estás perdido, y muchos de tus hombres perecen por culpa del frío. El vasto, gélido, inhóspito océano reclama tu barco...;;;;;;;;;x
EVTOPTAESSOS102;This was a bad idea;C'était une mauvaise idée;;;Esto fue una mala idea;;;;;;;;;x
EVTDESCESSOS103;During the night, you were sailing the Shivering Sea when a large creature flew from over the horizon. It seems to be made of living ice, with eyes of pale blue crystal and vast translucent wings through which the moon and stars can be glimpsed as it wheels across the sky. It is an Ice Dragon! This colossal beast, many times larger than a common dragon, is making a dive for your ship!;Durant la nuit, vous naviguiez sur la Mer Grelotte lorsqu'une immense créature arriva en volant de l'horizon. Elle semble faite de glace vivante, avec des yeux de cristal bleu pâle, et de vastes ailes translucides à travers desquelles on peut apercevoir la lune et les étoiles. C'est un Dragon de Glace ! Cette bête colossale, beaucoup plus imposante d'un dragon commun, plonge vers votre navire !;;;Durante la noche, estabas navegando en el Mar de los Escalofríos cuando una criatura enorme voló desde más allá del horizonte. Parecía estar hecha de hielo vivo y tenía los ojos azul cristalino y al planear dejaba ver la luna y las estrellas a través de sus alas traslúcidas. Es un dragón de hielo! Esta colosal bestia, grande que un dragón común, intenta hundir tu barco!;;;;;;;;;x
EVTOPTAESSOS103;Men, ready for attack!;Hommes, préparez-vous à l'attaque !;;;Hombres, listos para el ataque!;;;;;;;;;x
TOOLTIPessos.103DEFEATED;The Ice Dragon mauls you and your party;Le Dragon de Glace vous met en pièce vous et votre équipage;;;El Dragón de Hielo destroza el barco;;;;;;;;;x
TOOLTIPessos.103WINS;The Ice Dragon is slain;Le Dragon de Glace a été tué;;;El Dragón de Hielo muere;;;;;;;;;x
EVTDESCESSOS104;The beast makes contact with the ship, breathing not flame, but a breathe as cold as ice, a chill so terrible that it freezes many of the men solid in half a heartbeat. The dragon is too strong, the ship is in great peril...;La bête arrive sur le navire, soufflant non pas des flammes mais un souffle glacé, un froid si terrible qu'il congela beaucoup d'hommes en l'espace d'un instant. Le dragon est trop fort, le navire est en grand danger... ;;;La bestia cae sobre el barco, exhalando no llamas sino un resuello más frío que el hielo, un frío tan terrible que congela a muchos de los hombres en un respiro. El dragón es demasiado fuerte, el barco está en grave peligro...;;;;;;;;;x
EVTOPTAESSOS104;What is this creature!?;Mais quelle est cette créature ! ?;;;Qué es esta criatura!?;;;;;;;;;x
EVTDESCESSOS105;The beast makes contact with the ship, breathing not flame, but a breathe as cold as ice, a chill so terrible that it freezes many of the men solid in half a heartbeat. As it dives again, however, you spot an opening, and bring your blade down upon its neck. The dragon is slain, its corpse melting away into the sea.;La bête arrive sur le navire, soufflant non pas des flammes mais un souffle glacé, un froid si terrible qu'il congela beaucoup d'hommes en l'espace d'un instant. Alors qu'il plonge encore, vous repérez une ouverture, et plongez votre épée à travers son cou. Le dragon est tué, et son corps fond lentement dans la mer.;;;La bestia cae sobre el barco, exhalando no llamas sino un resuello más frío que el hielo, un frío tan terrible que congela a muchos de los hombres en un respiro. Cuando cae en picado de nuevo, detectas una brecha y diriges tu espada hacia su cuello. El dragón está muerto y su cuerpo se derrite en el mar.;;;;;;;;;x
EVTOPTAESSOS105;That was close;C'était moins une !;;;Estuvo cerca;;;;;;;;;x
EVTDESCESSOS103_btw;During the night, you were hunting in [Root.Location.GetName] when a large creature flew from over the horizon. It seems to be made of living ice, with eyes of pale blue crystal and vast translucent wings through which the moon and stars can be seen as it wheels across the sky. It is an Ice Dragon! This colossal beast, much larger than a common dragon, is making a dive for you and your men!;Durant la nuit, vous chassiez à [Root.Location.GetName] avec vos hommes lorsqu'une immense créature arriva en volant de l'horizon. Elle semble faite de glace vivante, avec des yeux de cristal bleu pâle, et de vastes ailes translucides à travers desquelles on peut apercevoir la lune et les étoiles. C'est un Dragon de Glace ! Cette bête colossale, beaucoup plus imposante d'un dragon commun, plonge vers vous et vos hommes !;;;Durante la noche, tú y tus hombres cazábais en [Root.Location.GetName] cuando una criatura enorme voló desde más allá del horizonte. Parecía estar hecha de hielo vivo y tenía los ojos azul cristalino y al planear dejaba ver la luna y las estrellas a través de sus alas traslúcidas. Es un dragón de hielo! Esta colosal bestia, más grande que un dragón común, cae en picado hacia vuestra posición!;;;;;;;;;x
EVTDESCESSOS104_btw;The beast makes contact with you and your men, breathing not flame, but a breathe as cold as ice, a chill so terrible that it freezes many of the men solid in half a heartbeat. The dragon is too strong, you and your men are in great peril...;La bête arrive sur vous et vos hommes, soufflant non pas des flammes mais un souffle glacé, un froid si terrible qu'il congela beaucoup d'hommes en l'espace d'un instant. Le dragon est trop fort, vous et vos hommes êtes en grand danger... ;;;La bestia cae sobre tus hombres, exhalando no llamas sino un resuello más frío que el hielo, un frío tan terrible que congela a muchos de los hombres en un respiro. El dragón es demasiado fuerte, tú y rus hombres estáis en grave peligro...;;;;;;;;;x
EVTDESCESSOS105_btw;The beast makes contact with you and your men, breathing not flame, but a breathe as cold as ice, a chill so terrible that it freezes many of the men solid in half a heartbeat. As it dives again, however, you spot an opening, and bring your blade down upon its neck. The dragon is slain, its corpse melting away into the ground.;La bête arrive sur vous et vos hommes, soufflant non pas des flammes mais un souffle glacé, un froid si terrible qu'il congela beaucoup d'hommes en l'espace d'un instant. Alors qu'il plonge encore, vous repérez une ouverture, et plongez votre épée à travers son cou. Le dragon est tué, et son corps fond lentement sur le sol.;;;La bestia cae sobre tus hombres, breathing not flame, exhalando no llamas sino un resuello más frío que el hielo, un frío tan terrible que congela a muchos de los hombres en un respiro. Cuando cae en picado de nuevo, detectas una brecha y diriges tu espada hacia su cuello. El dragón está muerto y su cuerpo se derrite en el suelo.;;;;;;;;;x
EVTDESCessos.106;The Pearl-White Emperoros of old lived normal lives and fathered heirs until the time of their coronation when they sacrificed their manhood root and stem upon their coronation so that they could better serve the realm as God Emperor.  As the newly crowned God Emperor, should I follow their lead?;Les Empereurs Blanc perle de jadis vivaient une vie normale et concevaient des héritiers jusqu'au moment de leur couronnement, où ils sacrifiaient leur virilité pour mieux servir le royaume en tant qu'Empereur-Dieu. En tant qu'Empereur-Dieu récemment couronné, dois-je suivre leur exemple ?;;;Los emperadores blanco perla vivieron como cualquier hombre mientras fueron jóvenes príncipes, tomando esposas y concubinas y engendrando herederos, pero al ascender al trono entregaron su hombría para consagrarse al Imperio. Como recién coronado Dios Emperador, debería seguir su ejemplo?;;;;;;;;;x
EVTOPTAessos.106;I will devote myself to the realm and my people.;Je me dévouerai au royaume et à mon peuple;;;Dedicaré mi vida al Imperio y a mi pueblo;;;;;;;;;x
EVTOPTBessos.106;Hah!;Hah!;;;Ja!;;;;;;;;;x
EVTDESCessos.107;Though millions may worship the God-Emperors of Yi TI and prostrate themselves before him whenever he appears, the imperial writ extends no farther than the walls of the capital. The hundred princes of the empire rule their own realms as they please, as do the brigands, priest-kings, sorcerers, warlords, and imperial generals and tax collectors outside their domains. One such warlord by the name of [From.GetFirstNameWithDynasty] is rampaging in your lands, intent on establishing a powerbase at your expense!;Bien que des millions de personnes vénèrent l'Empereur-Dieu de Yi-Ti et se prosternent devant lui chaque fois qu'il apparaît, le pouvoir impérial s'arrête aux murs de la capitale. Les centaines de princes de l'empire dirigent leur royaume comme bon leur semble, tout comme les brigands, les prêtres-rois, les sorciers, les chefs de guerre, et les généraux impériaux et collecteurs de taxes restent à l'écart de leurs domaines. Un de ces chefs de guerre, [From.GetFirstNameWithDynasty] saccage vos terres, dans l'intention d'établir son pouvoir à vos dépends ! ;;;Aunque sean millones los que veneran a los Dioses Emperadores de Yi Ti y se postran ante ellos cuando aparecen, el mandato imperial no trasciende más allá de las murallas de la ciudad. Los cientos de príncipes gobiernan sus reinos a su antojo, y fuera de ellos rigen caudillos, forajidos, reyes sacerdote, generales imperiales y recaudadores de impuestos. Uno de estos caudillos conocido como [From.GetFirstNameWithDynasty] está arrasando tus tierras, con la intención de establecer un feudo a tu costa!;;;;;;;;;x
EVTOPTAessos.107;This brigand will not topple me;Ce brigand ne me renversera pas;;;Este forajido no me derrocará;;;;;;;;;x
EVTDESCessos.108;Though millions may worship the God-Emperors of Yi TI and prostrate themselves before him whenever he appears, the imperial writ extends no farther than the walls of the capital. The hundred princes of the empire rule their own realms as they please, as do the brigands, priest-kings, sorcerers, warlords, and imperial generals and tax collectors outside their domains. One such warlord by the name of [FromFrom.GetFirstNameWithDynasty] is rampaging in the lands of [From.GetTitledFirstNameWithDynasty], intent on establishing a powerbase at [From.GetHerHis] expense!;Bien que des millions de personnes vénèrent l'Empereur-Dieu de Yi-Ti et se prosternent devant lui chaque fois qu'il apparaît, le pouvoir impérial s'arrête aux murs de la capitale. Les centaines de princes de l'empire dirigent leur royaume comme bon leur semble, tout comme les brigands, les prêtres-rois, les sorciers, les chefs de guerre, et les généraux impériaux et collecteurs de taxes restent à l'écart de leurs domaines. Un de ces chefs de guerre, [From.GetFirstNameWithDynasty] saccage les terres de [From.GetTitledFirstNameWithDynasty], dans l'intention d'établir son pouvoir à ses dépends ! ;;;Aunque sean millones los que veneran a los Dioses Emperadores de Yi Ti y se postran ante ellos cuando aparecen, el mandato imperial no trasciende más allá de las murallas de la ciudad.  Los cientos de príncipes gobiernan sus reinos a su antojo, y fuera de ellos rigen caudillos, forajidos, reyes sacerdote, generales imperiales y recaudadores de impuestos. Uno de estos caudillos conocido como [FromFrom.GetFirstNameWithDynasty]  está arrasando las tierras de [From.GetTitledFirstNameWithDynasty], con la intención de establecer un feudo a su costa!;;;;;;;;;x
EVTOPTAessos.108;The authority of the Emperor is indeed weak;L'autorité de l'Empereur est effectivement faible;;;La autoridad del Emperador es realmente débil;;;;;;;;;x
EVTDESCessos.109;While sailing along the mighty Rhoyne notice the water beginning to ripple.  Suddenly the water parts and a giant horned turtle larger than your boat appears and lets out a thumming bellow louder than any warhorn.;Tandis que vous naviguiez sur la puissante Rhoyne, vous vous apercevez que l'eau commence à onduler. Tout à coup l'eau s'écarte et une tortue géante à corne surgit, plus grande que votre navire, et pousse un meuglement tonitruant plus assourdissant qu'une corne de guerre.;;;Mientras navegas a lo largo del imponente Rhoyne notas que el agua comienza a ondularse. De repente el agua se separa y una enorme tortuga cornuda más grande que el barco aparece y emite un gruñido más ruidoso que cualquier cuerno de guerra.;;;;;;;;;x
EVTOPTAessos.109;A truly awe inspiring sight.;Une vision absolument sidérante;;;Un espectáculo realmente imponente.;;;;;;;;;x
EVTDESCessos.110;Of the lands that lie beyond the Five Forts, we know little. Legends and lies are all that ever reach us of these far places. We hear of cities where the men soar like eagles on leathern wings, of towns made of bones, of a race of bloodless men who dwell near the Dry Deep. Whispers reach us of the Grey Waste and its cannibal sands, and of the Shrykes who live there, half-human creatures with green-scaled skin and venomous bites. Are these truly lizard-men, or men clad in the skins of lizards? Or are they no more than fables, the grumkins and snarks of the eastern deserts?;On connaît peu de choses des terres situées au-delà des Cinq Forts. Seuls des légendes et des mensonges nous sont parvenu de ces terres lointaines. On parle de cités où les hommes s'envolent comme des aigles sur des ailes de cuir, de villes faites d'os, d'une race d'hommes exsangues qui résident près de la Fosse Sèche.  Des murmures nous parviennent à propos du Désert Gris et de ses sables Cannibales, et à propos des Gryèches qui vivent là bas, êtres à moitié humains, à la peau verte écailleuse et à la morsure venimeuse. Sont-ils vraiment des hommes-lézards, ou des hommes rêvetant des peaux de lézard ? Ou sont-ils seulement des fables, comme les snarks et les tarasques des déserts de l'est ?;;;De las tierras que se encuentran más allá de los Cinco Fuertes, sabemos porco. Leyendas y embustes es todo lo que nos llega de estos lugares recónditos. Se ha oído hablar de ciudades donde los hombres planean como águilas con alas de cuero, de aldeas hechas de huesos, de una raza de hombres sin sangre que moran entre el profundo valle que llaman Piélago Seco y las montañas. Han llegado rumores del Desierto Gris y las Arenas de los Caníbales y de los shrykes que viven allí, criaturas semihumanas de escamas verdes y mordedura venenosa. ¿Son de verdad hombres lagarto o más bien hombres ataviados con pieles de lagarto, que parecería más probable? ¿O tal vez no son más que fábulas, los endriagos y tiburientes de los desiertos orientales?;;;;;;;;;x
EVTOPTAessos.110;Raiders out of the Grey Waste frequently attack the Five Forts;Des pilleurs venus du Désert Gris attaquent fréquemment les Cinq Forts;;;Asaltantes procedentes del Desierto Gris atacan frecuentemente los Cinco Fuertes.;;;;;;;;;x
TOOLTIPessos.110;A band of Grey Clansman raiders attacks The Five Forts\n;Une bande de pilleurs du Désert Gris attaque les Cinq Forts\n;;;Una horda de asaltantes del Desierto Gris ataca los Cinco Fuertes\n;;;;;;;;;x
shadowland_desc;Shadowlands Invasion;Invasion des Terres de l'Ombre;;;Invasión de las Tierras Sombrías;;;;;;;;;x
shadowland_invasion_desc;The starnge men of the Shadowlands often reave and raid the richer lands that border their dark homes.;Les étranges hommes des Terres de l'Ombre pillent souvent les terres riches qui bordent leur sombre domaine.;;;Los extraños hombres de las Tierras Sombrías a menudo asaltan y saquean las ricas tierras cercanas a sus tierras oscuras.;;;;;;;;;x
WAR_NAME_SHADOWLAND_INVASION;$CLAIMANT$'s$ORDER$ Invasion of $SECOND$;$ORDER$ de $CLAIMANT$ invasion de $SECOND$;$ORDER$$FIRST_ADJ$ Invasion von $SECOND$;;$ORDER$$FIRST_ADJ$ Invasión de $SECOND$;;;;;;;;;x
EVTDESCessos.115;You are sailing the seas to the east of Ibben, and eventually come to The Thousand Islands. These isles are sea-girt scatter of bleak and windswept rocks. Some believe they are the remnants of a drowned kingdom whose buildings were submerged by the rising sea thousands of years ago. The fish the men have caught here are oddly misshapen, with a bitter and unpleasant taste. As you pass by one island, you notice a number of natives on its beach. It is said the folk that dwell on the Thousand Islands are xenophobe, inimical to strangers. ;Vous naviguez sur les mers vers l'est d'Ibben et arrivez finalement aux Mille-Îles. Ces îles sont entourés de rochers battus par les vents. Certains pensent qu'elles sont le reste d'un royaumé noyé dont les bâtiments ont été submergés par l'eau montante, il y a des milliers d'années. Les poissons ramenés par l'équipage ont une forme étrange et un goût amer peu plaisant. Alors que vous passez à proximité d'une île, vous notez un groupe d'insulaires sur la plage. On dit que les habitants des Mille-Îles sont xénophobes.;;;;;;;;;;;;x
EVTOPTAessos.115;Leave them, few mariners land on the islands for a reason;Laissez-les, il y a bien une raison pour que si peu de marins débarquent sur les îles.;;;;;;;;;;;;x
EVTOPTBessos.115;Let us put ashore and investigate!;Débarquons et menons l'enquête !;;;;;;;;;;;;x
TOOLTIPessos.115;You land on the island to investigate the natives...;Vous débarquez sur l'île pour enquêter sur les indigènes …;;;;;;;;;;;;x
EVTDESCessos.116;As you come closer you see that the natives are hairless and have green-tinged skin, and that the females have filed their teeth into sharp points. You try to greet them, but soon they become agitated and start aggressively shouting in their own tongue. You try to placate them, but soon they launch an attack!;Comme vous vous rapprochez, vous voyez que les indigènes sont totalement glabres et ont la peau teintée de vert, et que les femelles taillent leurs dents en pointes aigües. Vous essayez de les saluer, mais bientôt ils s'agitent et commencent à crier agressivement dans leur propre langue. Vous essayez de les apaiser, mais soudain ils lancent une attaque !;;;;;;;;;;;;x
EVTOPTAessos.116;I guess they are indeed hostile to outsiders!;Je pense qu'ils sont hostiles aux étrangers !;;;;;;;;;;;;x
TOOLTIPessos.117;You and your men defeat the islanders;Vous et vos hommes êtes victorieux des insulaires.;;;;;;;;;;;;x
TOOLTIPessos.118;The islanders overwhelm you;Les insulaires vous submergent !;;;;;;;;;;;;x
EVTDESCessos.117;Though they are numerous, the islander's weapons are primitive compared to the steel you and your men carry. Most of the enemy are slain, before the rest flee back into the interior of the island.;Bien qu'ils soient nombreux, les armes des insulaires sont primitives par rapport à l'acier que vous portez, vous et vos hommes. La plupart des ennemis sont tués, avant que les autres ne fuient vers l'intérieur de l'île.;;;;;;;;;;;;x
EVTOPTAessos.117;They seem most primitive;Ils semblent des plus primitifs !;;;;;;;;;;;;x
EVTDESCessos.118;Though you and your men carry superior weaponry, their sheer numbers soon overwhlem you! You and your surviving men are forcibly disarmed and trussed up like hogs to be carried into the interior of the island. The islanders take you to a lake and set you down beside the shore. What must be a priest starts chanting in a queer tongue, and begins slicing open the throats of your men!;Bien que vous et vos hommes portent des armes supérieures, leur nombre ne cesse de vous déborder ! Vous et vos hommes survivants sont désarmés de force et saucissonnés comme des porcs pour être transportés dans l'intérieur de l'île. Les insulaires vous emmènent à un lac et vous déposent sur la rive. Ce qui doit être un prêtre commence à chanter dans une langue étrange, et commence à couper la gorge de vos hommes !;;;;;;;;;;;;x
EVTOPTAessos.118;Stop! You can't sacrifice the [Root.GetTitle] of [Root.PrimaryTitle.GetName] to some fish god!;Arrêtez ! Vous ne pouvez pas sacrifier le [Root.GetTitle] de [Root.PrimaryTitle.GetName] à un quelconque dieu poisson !;;;;;;;;;;;;x
EVTDESCessos.119;The natives are hairless and have green-tinged skin, and appear to be alarmed at your landing. Some are cowering behind trees and rocks, and what appears to be an elder comes forward with a small chest which appears to contain their wealth, as meagre as it is. The elder is gesticulating at the chest, urging you to take it, and pointing at your ship and then the sea. It seems they want you gone quickly.;Les indigènes sont dépourvus de poils, ont une peau au teint vert, et semblent être inquiets de votre débarquement. Certains se pelotonnent derrière des arbres et des rochers, et ce qui semble être un ancien se présente avec un petit coffre qui semble contenir leurs richesses, aussi maigres soient-elles. L'ancien fait des gestes vers le coffre, vous exhortant à le prendre, et pointe le doigt vers votre navire, puis vers la mer. Il semble qu'ils veulent que vous partiez au plus vite.;;;;;;;;;;;;x
EVTOPTAessos.119;Fine, lets go, these natives don't seem friendly;Bien, partons, ces indigènes ne semblent pas amicaux.;;;;;;;;;;;;x
EVTOPTBessos.119;Kil them all, there must be more treasure on this island!;Tuez-les tous, il doit y avoir plus de trésors sur cette île !;;;;;;;;;;;;x
EVTOPTCessos.119;Burn them all for the Lord of Light!;Brûlez-les tous pour le Seigneur de la Lumière !;;;;;;;;;;;;x
EVTOPTDessos.119;They may make good slaves, have them brought to the ship!;Ils peuvent faire de bons esclaves, faites-les amener sur le navire !;;;;;;;;;;;;x
EVTDESCessos.120;Before you even make the shore, the natives flee into the interior. However one young male leaps into the sea and frantically tries to reach the boat. You bring him aboard and find him to be most peculiar, hairless and green skinned, with a sliced member. He is gibbering in some queer tongue, but is humbly bowing before your feet.;Avant même que vous abordiez le rivage, les indigènes s'enfuient à l'intérieur. Cependant, un jeune homme saute dans la mer et frénétiquement tente d'atteindre le bateau. Vous l'amenez à bord et le trouvez bien étrange, glabre et à la peau verte, avec le membre circoncis. Il baragouine dans une langue étrange, mais s'incline humblement à vos pieds.;;;;;;;;;;;;x
EVTOPTAessos.120;He must be very unlike his kind to enter the sea, take him in;Il doit être très différent de ceux de son espèce pour braver la mer. Prenez-le à bord !;;;;;;;;;;;;x
EVTOPTBessos.120;I will not have this inbred heathen on my ship, throw him overboard!;Je ne garderai pas ce sauvage consanguin sur mon vaisseau, jetez-le par-dessus bord !;;;;;;;;;;;;x
EVTOPTCessos.120;Take him as a captive;Faites-le prisonnier !;;;;;;;;;;;;x
EVTTITLEessos.130;Whispers;Murmures;;;;;;;;;;;;x
EVTDESCessos.130;In my chambers and in my dreams there are Whispers. I keep looking around, but no-one is there. Even during my deepest sleep the voices are whispering. When I ask my family and friends if they hear the whispering, they only look at me with concern. What is this... what are these whispers saying?\n\n I can barely understand the words. 'Below', 'beneath', 'listen' and 'eyes'... these are the words I hear the most. Maybe someone is spying, or maybe it's nothing. Or... those filthy Warlocks? No, no... I have to focus.;"Dans mes appartements et dans mes rêves, il y a des Murmures. Je regarde autour de moi mais il n'y a personne. Même durant mon sommeil le plus profond, ces voix me chuchotent. Quand je demande à ma famille ou à mes amis si ils entendent ces chuchotements, ils ne font que me regarder avec inquiétude. Qu'est ce que c'est...que veulent dire ces Murmures ? \n\n Je peux tout juste comprendre les mots. ""Plus bas"", ""Dessous"", ""Écoute"" et ""Yeux""...ce sont les mots que j'entends le plus. Peut-être que quelqu'un m'espionne ou peut-être que ce n'est rien. Ou...ces sales sorciers? Non, non...Je dois me reprendre.";;;;;;;;;;;;x
EVTOPTAessos.130;I don't know what is happening...;Je ne sais pas ce qu'il se passe...;;;;;;;;;;;;x
EVTDESCessos.131;It happened whilst I was outside. I finally heard something... understandable. The whispers were clearer, and that voice... it was different. Calming. For a second I almost believed everything. The voices told me about [whispers_plotter.GetTitledFirstNameNoRegnal]. Involved in plot? I didn't want to believe it, but... why risk it? I sent my [Root.GetMySpymasterName ] to investigate. It was true! [whispers_plotter.GetHerHisCap] plot to [whispers_plotter.GetPlot] was real!;C'est arrivé pendant que j'étais dehors. J'ai finalement entendu quelque chose de...compréhensible. Les murmures étaient clairs, et cette voix....c'était différent. Apaisant. Pendant une seconde, j'ai presque tout cru. Ces voix me disaient à propos de [whispers_plotter.GetTitledFirstNameNoRegnal]. Impliqué dans un complot? Je ne veux pas croire ça, mais...pourquoi s'y risquer ? J'envoie mon [Root.GetMySpymasterName] enquêter. C'était vrai! [whispers_plotter.GetHerHisCap] complote à propos de[whispers_plotter.GetPlot], tout ça était vrai !;;;;;;;;;;;;x
EVTOPTAessos.131;People cannot be trusted!;On ne peut pas faire confiance aux gens !;;;;;;;;;;;;x
EVTOPTBessos.131;At least the voices can be trusted;Au moins les voix peuvent être dignes de confiance ;;;;;;;;;;;;x
EVTDESCessos.132;Finally, after so long a time, I know. I thought it was [Root.Religion.GetHighGodName] talking to me all this time, but I was wrong. All my life I've been following the way of my people, the way of the [Root.Religion.GetHighGodName]. Now, the real gods - calling themselves Old Ones, have chosen me, ME, to be their champion and their harbinger. The Old Ones keep whispering about obedience and faithful servitude in exchange for glory, wealth and power. But abandoning my gods... everything I believed in. Is this right? Is such a promise true? Or even gods are deceivers? I have to answer...;Enfin, après si longtemps, je sais. J'ai pensé que c'était [Root.Religion.GetHighGodName] qui me parler tout ce temps, mais j'avais tort. Toute ma vie j'ai suivi le chemin de mon peuple, le chemin de [Root.Religion.GetHighGodName]. Maintenant, les vrais dieux - s'appelant eux-même Les Anciens, m'ont choisi, MOI, pour être leur champion et leur prophète. Les Anciens continuent à murmurer sur l'obéissance et la servitude fidèle en échange de gloire, de richesse et de pouvoir. Mais abandonner mes dieux ... tout ce que je croyais. Est-ce vrai ? Est-ce une vraie promesse ? Les dieux sont ils trompeurs ? Je dois y répondre …;;;;;;;;;;;;x
EVTTITLEessos.132;The Old Ones;Les Anciens;;;;;;;;;;;;x
EVTOPTAessos.132;Get out of my head! I shall not be tempted by foul, false golds!;Sortez de ma tête ! Je ne serai pas tenté au péché, faux dieux !;;;;;;;;;;;;x
EVTOPTBessos.132;What have [Root.Religion.GetHighGodName] ever done for me? The Old Ones are the true power!;Qu'a fait [Root.Religion.GetHighGodName] pour moi ? Les Anciens sont le vrai pouvoir !;;;;;;;;;;;;x
EVTDESCessos.133;The Old Ones, they were just testament of my true faith. The foul whispers were sent to my head just to weaken my resolve. But now I rise stronger than ever. [Root.Religion.GetHighGodName] are the only true way!;Les Anciens, ils étaient juste le testament de ma vraie foi. Les infect murmures ont été envoyés dans ma tête juste pour affaiblir mon mental. Mais maintenant je me sens plus fort que jamais. [Root.Religion.GetHighGodName] est la seule vraie voie !;;;;;;;;;;;;x
EVTDESCessos.134;Lords, Kings and Emperors. They all shall burn, as heretic, as they were born! All are out to cast me and the Old Ones down, all out to thwart my one true purpose!;Lords, Rois et Empereurs. Ils brûleront tous, en tant qu'hérétiques, comme ils sont nés ! Tous veulent me rejeter et enterrer les Anciens, tous pour s'opposer à ma seule vrai destinée !;;;;;;;;;;;;x
EVTDESCessos.135;Even, when the voices from below whisper... clearly... I cant understand them. Sometimes I just keep talking in language of the Old. They understand me! But others don't! I don't care. Sometimes... I swear... I can feel the gods presence in my mind!;Même, quand les voix d'en-dessous murmurent ... clairement ... Je ne peux pas les comprendre. Parfois, je continue à parler dans la langue de l'Ancien. Ils me comprennent! Mais d'autres pas ! Je m'en fiche. Parfois ... Je jure ... Je peux sentir la présence des dieux dans mon esprit !;;;;;;;;;;;;x
EVTOPTAessos.135;Vaath Suuu whisper Old anthalok!;Vaath Suuu murmure un Ancien anthalok !;;;;;;;;;;;;x
EVTDESCessos.136;Kill. Kill. Offer! Blood is power!', what do my gods mean by that? Should I sacrifice someone? And if not, should I wage war? The Old Ones have never lied, never deceived me.  If they wish war they will get one. If they wish a sacrifice, they will get one. But... how? Who? Priests of R'hllor burn heretics. Some barbarians from Westeros drown people.\n\nMy advisor once found scrolls explaining the ancient lore of Leng. In the ages of the old, the Old Ones were free beneath our castles and farms. But the foolish Emperor Jar Har ordered the entrances to the ruined cities of the Old Ones be sealed. Maybe the most poetic sacrifice would be stoning someone to death. Yes, yes... that should do it. I'll order my men to collect stones from jungle ruins of Leng.;'Tue. Tue. Offre ! Le sang, c'est le pouvoir !’, Qu'est-ce que mes dieux veulent dire par là? Dois-je sacrifier quelqu'un? Et sinon, devrais-je faire la guerre? Les Anciens n'ont jamais menti, ils ne m'ont jamais trompé. S'ils veulent la guerre, ils en auront une. S'ils souhaitent un sacrifice, ils en obtiendront un. Mais comment? Qui? Les prêtres de R'hllor brûlent des hérétiques. Certains barbares de Westeros noient des gens. \n\n Mon conseiller a trouvé des parchemins expliquant l'ancienne tradition de Leng. Dans des âges reculés, les Anciens étaient libres sous nos châteaux et nos fermes. Mais le stupide Empereur Jar Har a ordonné que les entrées des villes ruinées des Anciens soient scellées. Peut-être que le sacrifice le plus poétique serait de lapider quelqu'un à mort. Oui, oui ... cela conviendra. Je vais commander à mes hommes de rassembler des pierres des ruines de la jungle de Leng.;;;;;;;;;;;;x
EVTTITLEessos.136;The Offering;L'Offrande;;;;;;;;;;;;x
EVTOPTAessos.136;[sacrifice_courtier_target.GetTitledFirstName] shall be my offering to the Old Ones;[Sacrifice_courtier_target.GetTitledFirstName] sera mon offrande aux Anciens;;;;;;;;;;;;x
EVTOPTBessos.136;Only my own blood will suffice!;Seul mon propre sang peut suffire !;;;;;;;;;;;;x
EVTOPTCessos.136;No, this isn't our way of life;Non, ce n'est pas mon style de vie.;;;;;;;;;;;;x
EVTDESCessos.137;We have had disturbing reports from [From.Capital.GetName] where [From.GetTitledFirstNameWithDynasty] has reportedly performed a blood sacrifice. [From.GetSheHeCap] has taken [From.GetHerHis] courtier [sacrifice_target.GetTitledFirstName] [sacrifice_target.GetOnlyDynastyName] to the ruined labyrinths on Leng, who was sacrificed as an offering to The Old Ones.;Nous avons eu des rapports inquiétants de [From.Capital.GetName] où [From.GetTitledFirstNameWithDynasty] aurait effectué un sacrifice de sang. [From.GetSheHeCap] a emmené le couritsan [sacrifice_target.GetTitledFirstName] [sacrifice_target.GetOnlyDynastyName] aux labyrinthes en ruines sur Leng, pour le sacrifier comme une offrande aux Anciens.;;;;;;;;;;;;x
EVTOPTAessos.137;That is worrying;C'est inquiétant;;;;;;;;;;;;x
EVTDESCessos.138;We have had disturbing reports from [From.Capital.GetName] where [From.GetTitledFirstNameWithDynasty] has reportedly performed a heinous blood sacrifice. [From.GetSheHeCap] has taken [From.GetHerHis] own kin [sacrifice_target.GetTitledFirstName] [sacrifice_target.GetOnlyDynastyName] to the ruined labyrinths on Leng, who was sacrificed as an offering to The Old Ones.;Nous avons eu des rapports inquiétants de [From.Capital.GetName] où [From.GetTitledFirstNameWithDynasty] aurait exécuté un sacrifice de sang odieux. [From.GetSheHeCap] a emmené son propre parent [sacrifice_target.GetTitledFirstName] [sacrifice_target.GetOnlyDynastyName] aux labyrinthes en ruine sur Leng, pour le sacrifier comme une offrande aux Anciens.;;;;;;;;;;;;x
EVTOPTAessos.138;That is kinslaying!;C'est du parricide !;;;;;;;;;;;;x
EVTTTILEessos.139;The Stoning;La Lapidation;;;;;;;;;;;;x
EVTDESCessos.139;The Jungle is dark and ominous... but the Old Ones must receive blood. So that we are protected. The entrances are sealed so perfectly, the Emperor was truly afraid! I order my fellow believers to stop. I'm starting to breath heavily I almost can't speak. But my men understood when I nodded, and tied [sacrifice_target.GetTitledFirstNameNoRegnal] to the stake. With a shaking hand I grabbed one of stones and looked on that face. I sighed... and cleared my mind. No single emotion shall prevent this. I MUST be strong. I lift the stone, prepare... and it's done. People hesitate... but their fear of my wrath is bigger. They start to throw the stones. One wave after another. With every wave [sacrifice_target.GetTitledFirstNameNoRegnal] screams, curses my name and shouts calls to false gods. There are only the one true gods, my dear... and they want your blood. Finally the screams stopped, leaving only a bloodied and disfigured body. All around me they whisper quietly, in fear. The Old Ones are pleased.;La Jungle est sombre et sinistre ... mais les Anciens doivent recevoir du sang. Pour que nous soyons protégés. Les entrées sont scellées si parfaitement, l'Empereur avait vraiment peur! J'ordonne à mes fidèles croyants de s'arrêter. Je commence à respirer lourdement, je ne peux presque pas parler. Mais mes hommes ont compris quand j'ai hoché la tête, et lié [sacrifice_target.GetTitledFirstNameNoRegnal] à la mise. D'une main tremblante, je saisis une des pierres et regarda ce visage. J'ai soupiré ... et vidé mon esprit. Aucune émotion normale ne peuvent empêcher ça. Je DOIS être fort. Je lève la pierre, me prépare ... et c'est fait. Les gens hésitent ... mais leur peur de ma colère est plus grande. Ils commencent à jeter les pierres. Vagues après Vagues. À chaque salve [sacrifice_target.GetTitledFirstNameNoRegnal] hurle, maudit mon nom et crie des appels aux faux dieux. Il n'y a que les seuls vrais dieux, très cher ... et ils veulent votre sang. Enfin les cris s'arrêtèrent, laissant seulement un corps ensanglanté et défiguré. Tout autour de moi ils chuchotent tranquillement, de peur. Les Anciens sont satisfaits.;;;;;;;;;;;;x
EVTOPTAessos.139;Very well done, child';Très bien joué, gamin;;;;;;;;;;;;x
TOOLTIPessos.136CRUEL;Your non-believer vassals are upset at this\n;Vos vassaux non-croyants sont bouleversés\n;;;;;;;;;;;;x
EVTTITLEessos.140;The Emperor;L'Empereur;;;;;;;;;;;;x
EVTDESCessos.140;The Old Ones continue to whisper in my ear. Pitiful fools, plots, intrigue and lies... nothing escapes the might of the Old Ones. I hear them all, and I shall listen because we have a goal ahead. The [Root.Culture.GetName] people of the [Root.PrimaryTitle.GetFullName] must be the one true power in this world, no-one can deny it. As the powers of our gods grow, we also must grow. From the bones of heretics we shall carve a bigger, stronger empire. My eyes lie on my enemies pitiful lands.. ah, soon they will tremble before the might of the Old Ones. And my powers... of course.;Les Anciens continuent de murmurer à mon oreille. Des idiots pitoyables, des complots, des intrigues et des mensonges ... rien n'échappe à la puissance des Anciens. Je les entends tous, et j'écouterai parce que nous avons une destinée. Les personnes [Root.Culture.GetName] de [Root.PrimaryTitle.GetFullName] doivent être la seule vraie puissance dans ce monde, personne ne peut le nier. Comme les puissances de nos dieux grandissent, nous devons également grandir. Des os des hérétiques, nous creuserons un empire plus grand et plus fort. Mes yeux reposent sur les terres de mes pitoyables ennemis ... ah, bientôt ils trembleront devant la puissance des Anciens. Et mes pouvoirs ... bien sûr.;;;;;;;;;;;;x
EVTOPTAessos.140;Prepare the armies!;Préparez les armées !;;;;;;;;;;;;x
EVTOPTBessos.140;I have no need for expansion and slaughter;Je n'ai pas besoin d'expansions et de massacres.;;;;;;;;;;;;x
TOOLTIPessos.140;You will gain a casus belli to launch an invasion of your choosing\nThis will upset some vassals in your realm\n;Vous gagnerez un casus belli si vous lancez une invasion de votre choix\n Ça choquera les vassaux de votre royaume\n;;;;;;;;;;;;x
EVTDESCessos.141;[Root.PrimaryTitle.GetFOA], [From.GetTitledFirstNameWithDynasty] has issued a bizarre edict from [From.Capital.GetName], claiming the [From.Culture.GetName] people of The [From.PrimaryTitle.GetFullName] to be the one true rulers of the world as ordained by The Old Ones.;[Root.PrimaryTitle.GetFOA], [From.GetTitledFirstNameWithDynasty] a publié un édit bizarre de [From.Capital.GetName], réclamant les personnes [From.Culture.GetName] de [From.PrimaryTitle.GetFullName ] Pour être les véritables dirigeants du monde comme ordonné par les Anciens.;;;;;;;;;;;;x
EVTOPTAessos.141;Does this mean conquest?;Est-ce que ça veut dire conquête ?;;;;;;;;;;;;x
EVTTITLEessos.142;The Agony;L'Agonie;;;;;;;;;;;;x
EVTDESCessos.142;No more! Stop it! STOP WHISPERING! I can barely sleep or eat... I'm almost at the brink of madness. This pain in my head... how can I make it stop? What I have done wrong?! Why are you torturing me?! Stop it! Why are you looking at me?! Mind your own business! This pain, this agony has to stop!\n\nThe Old Ones are cruel, there is no other choice. If this is how it must be I'll survive, even if wounded and bleeding. I take my dagger and stab myself right in my own thigh. Suddenly all the whispers are gone...;Pas plus! Arrêtez ça! ARRÊTEZ VOS MURMURES! Je peux à peine dormir ou manger ... Je suis presque au bord de la folie. Cette douleur dans ma tête ... comment puis-je la faire cesser? Qu'est-ce que j'ai fait de mal ?! Pourquoi me torturez-vous ?! Arrêtez ça! Pourquoi me regardes-tu?! Mêle toi de tes propres affaires! Cette douleur, cette agonie doit stopper!\n\n Les Anciens sont cruels, il n'y a pas d'autre choix. Si c'est comme ça, je vais survivre, même blessé et saignant. Je vais prendre ma dague et me poignarder dans ma propre cuisse. Soudain, tous les chuchotements sont partis ...;;;;;;;;;;;;x
EVTOPTAessos.142;Finally, silence. Sweet silence!;Finalement, le silence. Doux silence !;;;;;;;;;;;;x
TOOLTIPessos.142;You suffer additional torments...;Vous souffrez de tourments supplémentaires...;;;;;;;;;;;;x
EVTDESCessos.143;Aaaargh, this is unbearable. The pain and agony have resurfaced. I must pay a high price, even... If... no, better to be that way, than in constant agony. With shaking hands I navigate my fingers to my eyes. and slowly push my fingers against my eye sockets. The whispers are becoming less painful and maddening. There is no coming back! I quickly push my fingers, and with popping sound pull out my own eyes. The pain in my head is gone!;Aaaargh, c'est insupportable. La douleur et l'agonie ont refait surface. Je dois payer un prix élevé, même ... Si ... non, mieux vaut être comme ça, que dans cette agonie constante. En serrant les mains, je me glisse les doigts dans les yeux. Et lentement je pousse mes doigts contre mes orbites. Les chuchotements deviennent moins douloureux et délirants. Ils ne reviennent pas! Je pousse rapidement mes doigts, et avec un bruit de craquement, je sors mes propres yeux. La douleur dans ma tête est partie!;;;;;;;;;;;;x
EVTOPTAessos.143;But I can't see a single thing!;Mais je ne peux plus rien voir !;;;;;;;;;;;;x
EVTDESCessos.144;This torture, is it real? Is this the true nature of my gods?! Or are they punishing me for my sins? The pain is back, and can only be stopped with more pain. With a knife in my hand I start to cut one straight line after another into my face. Hahahaha! The pain is fading... and... so much blood. I feel weak...;Cette torture, est-elle réelle? Est-ce la vraie nature de mes dieux?! Ou me punissent-ils pour mes péchés? La douleur est de retour, et ne peut être arrêté avec plus de douleur. Avec un couteau dans ma main, je commence à couper une ligne droite après l'autre dans mon visage. Hahahaha La douleur s'estompe ... et ... tellement de sang. Je me sens faible...;;;;;;;;;;;;x
EVTOPTAessos.144;My face!;Mon visage !;;;;;;;;;;;;x
EVTTITLEessos.145;The Wrath;La Colère;;;;;;;;;;;;x
EVTDESCessos.145;The sound of steel on steel is a beloved sound and is ringing in my ears as I spar with [courtier_victim.GetTitledFirstNameNoRegnal]. With a clear head and a sharp mind I focus on my 'enemy'. We exchange some blows, but suddenly my head is filled with the whispers and my heart fills with wrath. I don't know how it happened or where from this rage came from. The only thing I remember are the words 'kill [courtier_victim.GetHerHim]', and after a very short time my head is clear again. The courtyard drowns in silence. At first I was confused, but then I understood. [courtier_victim.GetTitledFirstNameNoRegnal] lies in a pool of blood on the ground, dead at my hand.;Le son de l'acier sur l'acier est un son bien-aimé et sonne dans mes oreilles comme je me bagarre avec [courtier_victim.GetTitledFirstNameNoRegnal]. Avec une tête claire et un esprit pointu, je me concentre sur mon «ennemi». Nous échangeons quelques coups, mais soudain ma tête est remplie de murmures et mon cœur se remplit de colère. Je ne sais pas comment c'est arrivé ou d'où vient cette rage. La seule chose dont je me souvienne est la phrase «Tue [courtier_victim.GetHerHim]», et après un temps très court ma tête est à nouveau claire. La cour se noie en silence. Au début, j'étais confus, mais alors j'ai compris. [Courtier_victim.GetTitledFirstNameNoRegnal] se trouve dans un bassin de sang sur le sol, mort à ma main.;;;;;;;;;;;;x
EVTOPTAessos.145;But... I didn't wanted to kill [courtier_victim.GetHerHim];Mais ... je ne voulais pas tuer [courtier_victim.GetHerHim];;;;;;;;;;;;x
EVTDESCessos.146;Every court has its interesting figures. Some come to me for support, some just want a chance to prove their worth. Some can be trusted. And some have to be removed as soon as possible. While in my bedchambers, I keep praying to the Old Ones. To know who to trust and who to fear. Before I finish my prayer, the voices creep into my head with an answer.;Chaque cour a ses personnages intéressants. Certains viennent à moi pour du soutien, d'autres veulent juste une chance de prouver leur valeur. Certains peuvent être dignes de confiance. Et certains doivent être renvoyés dès que possible. Dans mes chambres, je continue à prier les Anciens. Pour savoir à qui faire confiance et qui il faut craindre. Avant de terminer ma prière, les voix se glissent dans ma tête avec une réponse.;;;;;;;;;;;;x
EVTOPTAessos.146;[courtier_target.GetTitledFirstNameNoRegnal] cannot be trusted!;[Courtier_target.GetTitledFirstNameNoRegnal] n'est pas fiable!;;;;;;;;;;;;x
EVTOPTBessos.146;[courtier_target.GetTitledFirstNameNoRegnal] shall be a loyal friend;[Courtier_target.GetTitledFirstNameNoRegnal] sera un ami fidèle;;;;;;;;;;;;x
EVTTITLEessos.147;Old Fury;Vielle Fureur;;;;;;;;;;;;x
EVTDESCessos.147;This world is rotting, I can smell its decaying lands! People are rotting inside their bodies and my lands are crawling with foreigners and heretics. Worst of all, my gods are sealed inside their ruined cities. Wait. Hahahaha! That's it! I hear their voices. Yes, yes, It will be done! Yes! Hahahahaha, I almost can feel the fear inside everyone's hearts. Fear and Fury will be unleashed upon this wretched world.\n\nI order thousands of true believers to venture into the jungles of Leng, to the entrances of the old ruins. Only an imbecile wouldn't admire such beauty. I admire them! My voices admire them! My ghost children admire them! My followers start their work. Stone after stone is removed and we slowly carve our way into the earth itself!;Ce monde est pourri, je peux sentir ses terres en décomposition! Les gens pourrissent à l'intérieur de leurs corps et mes terres sont rampantes avec les étrangers et les hérétiques. Le pire de tous, mes dieux sont scellés dans leurs villes ruinées. Attendez. Hahahaha C'est tout ! J'entends leurs voix. Oui, oui, ça sera fait! Oui! Hahahahaha, je peux presque sentir la peur dans le cœur de chacun. Peur et Fureur seront déchaînées sur ce monde misérable. \n\n J'ordonne des milliers de vrais croyants à s'aventurer dans les jungles de Leng, aux entrées des vieilles ruines. Seul un imbécile n'admirait pas une telle beauté. Je les admire! Mes voix les admirent ! Mes enfants fantômes les admirent ! Mes disciples commencent leur tâche. Pierre après pierre nous redessinons et nous creusons lentement notre voie dans la Terre elle-même !;;;;;;;;;;;;x
EVTOPTAessos.147;Cthulhu, the world is yours to consume! I am the harbringer of destruction!;Cthulhu, le monde est Tien à consumer ! Je suis le prophète de la destruction !;;;;;;;;;;;;x
nick_the_hand_of_chaos;the Hand of Chaos;la Main du Chaos;;;;;;;;;;;;x
EVTTITLEessos.148;The Hand of Chaos;la Main du Chaos;;;;;;;;;;;;x
EVTDESCessos.148;We have had reports from Leng that [From.GetTitledFirstNameNoRegnal] has fallen to madness, unsealing the entrances to the labyrinths of The Old Ones and taking on the names 'Harbringer of Destruction' and 'Hand of Chaos'. Since this mad [From.GetManWoman] released death and destruction incarnate, Leng has been consumed with plagues, revolts, butcher leaders and unspeakable horrors. \n\nFrom above, the Hand of Chaos looks upon madness itself. Burnt land, bloody rivers and daily sacrifices. Every sailor and adventurer sailing around Leng can feel an ominous aura around island. Many 'heroes' have tried to kill the very reason of this madness - the Hand of Chaos. All failed. There's only one solution - reseal the entrances.;Nous avons des nouvelles de Leng que [From.GetTitledFirstNameNoRegnal] a sombré dans la folie, déverrouillant les entrées des labyrinthes des Anciens et prenant les noms 'Prophète de la Destruction' et 'Main du Chaos'. Depuis que ce fou [From.GetManWoman] a libéré la mort et la destruction incarnée, Leng a été consumé par des fléaux, des révoltes, des tyrans et des horreurs inexprimables. \n\n D'en haut, la Main du Chaos regarde la folie elle-même. Des terres brûlées, des rivières sanglantes et des sacrifices quotidiens. Chaque marin et aventurier naviguant autour de Leng peut sentir une aura sinistre autour de l'île. Beaucoup de ‘héros’ ont essayé de tuer la raison même de cette folie - la Main du Chaos. Tout a échoué. Il n'y a qu'une seule solution : refermer les entrées.;;;;;;;;;;;;x
EVTOPTAessos.148;[From.GetSheHeCap] will doom us all!;[From.GetSheHeCap] nous condamnera tous !;;;;;;;;;;;;x
EVTDESCessos.149;You have the entrances to the Labyrinths on Leng re-sealed with thick stone, in much the same way Emperor Jar Har did hundreds of years ago. Very soon people report the maddening whispers to have faded. It seems The Old Ones have finally been tombed away from the world again, and their scourge of madness with it.;Vous voyez les portes des labyrinthes sur Leng re-scellées avec de la pierre épaisse, de la même manière que l'Empereur Jar Har l'avait fait, il y a des centaines d'années. Très vite les gens ont rapporté que les Murmures délirants se sont évanouis. Il semble que les Anciens ont finalement été re-fermé vis à vis du monde nouveau, et leur horrible fléau avec eux.;;;;;;;;;;;;x
EVTOPTAessos.149;The world is sane again!;Le monde est sauvé encore !;;;;;;;;;;;;x
TOOLTIPessos.149;You have the entrances to the Labyrinths on Leng re-sealed with thick stone, in much the same way Emperor Jar Har did hundreds of years ago. Very soon people report the maddening whispers to have faded, it seems The Old Ones have finally been tombed away from the world again, and their scourge of madness with it.;Vous voyez les portes des labyrinthes sur Leng re-scellées avec de la pierre épaisse, de la même manière que l'Empereur Jar Har l'avait fait, il y a des centaines d'années. Très vite les gens ont rapporté que les Murmures délirants se sont évanouis. Il semble que les Anciens ont finalement été re-fermés vis à vis du monde nouveau, et leur horrible fléau avec eux.;;;;;;;;;;;;x
old_ones_scourge;The Scourge;Le Fléau;;;;;;;;;;;;x
old_ones_scourge_desc;The Scourge is a mysterious affliction that has spread from the underground labyrinths of the Old Ones on Leng. Those affected suffer from headaches, visions and constant whispering of faceless voices. Sufferers eventually go mad, and develop xenophobic tendecies.;Le Fléau est une affliction mystérieuse qui s'est propagée des labyrinthes souterrains des Anciens sur Leng. Les infectés souffrent de maux de tête, de visions et de chuchotements constants de voix sans visage. Les malades finissent par devenir fous et développent des tendances xénophobes.;;;;;;;;;;;;x
old_ones_scourge_death;from raving the Scourge;de la propagation du Fléau;;;;;;;;;;;;x
OLD_ONES_SCOURGE_INFO;The Scourge is a mysterious affliction that has spread from the underground labyrinths of the Old Ones on Leng. Those affected suffer from headaches, visions and constant whispering of faceless voices. Sufferers eventually go mad, and develop xenophobic tendecies.;Le Fléau est une affliction mystérieuse qui s'est propagée des labyrinthes souterrains des Anciens sur Leng. Les infectés souffrent de maux de tête, de visions et de chuchotements constants de voix sans visage. Les malades finissent par devenir fous et développent des tendances xénophobes.;;;;;;;;;;;;x
EVTDESCessos.150;[Root.PrimaryTitle.GetFOA], we have had reports from Leng that [From.GetTitledFirstNameWithDynasty] has had the the entrances to the Labyrinths on Leng re-sealed with thick stone, in much the same way Emperor Jar Har did hundreds of years ago. The people have reported the maddening whispers to have faded. It seems The Old Ones have finally been tombed away from the world again, and their scourge of madness with it.;[Root.PrimaryTitle.GetFOA], nous avons eu des nouvelles de Leng, [From.GetTitledFirstNameWithDynasty] a re-scellé les entrées des labyrinthes sur Leng avec de la pierre épaisse, de la même manière que l'Empereur Jar Har l'avait fait, il y a des centaines d'années. Très vite les gens ont rapporté que les Murmures délirants se sont évanouis. Il semble que les Anciens ont finalement été re-fermésvis à vis du monde nouveau, et leur horrible fléau avec eux.;;;;;;;;;;;;x
EVTOPTAessos.150;The world will hopefully refrain from lunacy now;Le monde s'abstiendra de la folie maintenant, espérons-le !;;;;;;;;;;;;x
EVTTITLEessos.152;The Scourge;Le Fléau;;;;;;;;;;;;x
EVTDESCessos.152;The legendary Hand of Chaos, also known as the 'Bane of Sanity' or 'Child of Madness', lived a hundred years ago as ruler of Leng. It was the Hand of Chaos who unsealed the ruins of the Old Ones and released their fury upon the island. After so many years the people of Leng have consumed themselves in the madness of The Scourge that was released. Others now avoid the island by any means possible.\n\nLeng has turned into an island with thick, black-grey fog and scorched lands with piles of bones littering the island. Cities are dark and without any sign of life. But... sometimes there can be seen creatures resembling men. Skinny, long haired men consumed by rage and madness. Leng is nothing more than ruin of its former glory.;La légendaire Main du Chaos, également connue sous le nom de ‘Fléau de la Folie’ ou ‘Enfant de la Démence’, a vécu il y a cent ans comme souverain de Leng. C'était la Main du Chaos qui a ré-ouvert les ruines des Anciens et a libéré leur fureur sur l'île. Après tant d'années les gens de Leng se sont consumés dans la folie du Fléau qui a été libéré. D'autres évitent maintenant l'île par tous les moyens possibles. \n\n Leng est devenu une île avec un brouillard épais, noir-gris et des terres brûlées avec des tas d'os couvrant l'île. Les villes sont sombres et sans aucun signe de vie. Mais ... parfois on peut voir des créatures ressemblant à des hommes. Minces et aux cheveux longs, consumés par la rage et la folie. Leng n'est rien de plus que la ruine de son ancienne gloire.;;;;;;;;;;;;x
EVTOPTAessos.152;The labyrinths must be sealed lest this scourge spreads.;Les labyrinthes doivent être scellés de peur que ce fléau ne se propage.;;;;;;;;;;;;x
TOOLTIPessos.152;[Root.GetName] falls into ruin\n;[Root.GetName] tombe en ruines\n;;;;;;;;;;;;x
EVTTITLEessos.155;Spread of The Scourge;Propagation du Fléau;;;;;;;;;;;;x
EVTDESCessos.155;[Root.PrimaryTitle.GetFOA], we have had disturbing news from east. The deadly Scourge has begun to spread from the accursed island of Leng. For now it is only the Golden Empire of Yi Ti that is is infected, but the numbers of infected provinces are increasing every day. People don't know about the Scourge until its too late. First a light fever, then light amnesia... but as the Scourge progresses it gets stronger. People lose their memories and their bodies collapse. Most individuals go absolutely mad. It is said that this is the last laugh from the Hand of Chaos's grave.;[Root.PrimaryTitle.GetFOA], nous avons eu des nouvelles dérangeantes de l'est. Le fléau mortel a commencé à se propager de l'île maudite de Leng. Pour l'instant, c'est seulement l'Empire d'Or de Yi Ti qui est infecté, mais le nombre de provinces infectées augmentent chaque jour. Les gens ne sont pas au courant à propos du Fléau jusqu'à ce qu'il soit trop tard. D'abord une fièvre légère, puis une amnésie légère ... mais à mesure que le Fléau progresse, il devient plus fort. Les gens perdent leurs souvenirs et leur corps s'effondre. La plupart des gens deviennent absolument fous. On dit que c'est le dernier rire de la tombe de la Main du Chaos.;;;;;;;;;;;;x
EVTOPTAessos.155;Why were those labyrinths ever opened?;Pourquoi ces labyrinthes ont-ils jamais été ouverts ?;;;;;;;;;;;;x
TOOLTIPold_ones_scourge;[This.GetName] is afflicted by The Scourge\n;[This.GetName] est infecté par le Fléau\n;;;;;;;;;;;;x
EVTDESCessos.158;My headaches are becoming insufferable, and the whispering in my ears incessant! I feel like I am slowly losing my mind, it seems I have been afflicted by The Scourge.;Mes maux de tête deviennent insupportables, et les murmures dans mes oreilles incessants ! Je sens que je perds progressivement mon esprit, il semble que j'ai été infecté par le Fléau.;;;;;;;;;;;;x
EVTDESCessos.160;The inhabitants of [Root.GetName] have long been afflicted by The Scourge. Madness and brutal killings are rampant, and bands of feral bandits roam the land seeking the blood of foreigners and unbelievers. Mass conversions to the ways of The Old Ones, those beings that have been whispering to us all, have also taken place.;Les habitants de [Root.GetName] ont déjà été infectés par le Fléau. La folie et les meurtres brutaux sont répandus, et des bandes de bandits sauvages errent dans la terre à la recherche du sang des étrangers et des infidèles. Des conversions de masse aux voies des Anciens, ces êtres qui nous chuchotent tous, ont également eu lieu.;;;;;;;;;;;;x
EVTOPTAessos.160;What anarchy;Quelle anarchie;;;;;;;;;;;;x
EVTDESCessos.161;The whispers in my head are strong, my congress with the Old Ones complete. They constantly instruct me to have the foreigners and unbelievers in my lands removed and exterminated.;Les Murmures dans ma tête sont forts, mon intronisation avec les Anciens est faite. Ils m'ordonnent constamment que les étrangers et les infidèles dans mes terres soient chassés et exterminés.;;;;;;;;;;;;x
EVTOPTAessos.161;Yes! The [Root.Culture.GetName] people are the masters of the world!;Oui ! Les gens issu du peuple [Root.Culture.GetName] sont les maîtres du monde !;;;;;;;;;;;;x
TOOLTIPessos.161;Non-[Root.Culture.GetName] provinces in your demense have most of their populace massacred, yielding 150¤ and devastating the land for 10 years. There is a 10% chance the province will fall into ruin.\n[Root.Culture.GetName] provinces in your demense have any foreigners present massacred, yielding 75¤ and afflicting the the land for 10 years.\nAny trade posts are destroyed, yielding 50¤\n;Les provinces non-[Root.Culture.GetName] dans votre folie ont la plupart de leur population massacrée, rendant 150¤ et le territoire dévasté pendant 10 ans. Il y a 10% de chances que la province tombe en ruine. \n Les provinces [Root.Culture.GetName] dans votre folie ont massacrés tous les étrangers présents, rendant 75¤ et le territoire infecté pendant 10 ans. \nTous les postes commerciaux sont détruits, Donnant 50¤ \n;;;;;;;;;;;;x
massacred_foreigners;Province Massacred;Province massacrée;;;;;;;;;;;;x
massacred_foreigners_lite;Foreigners Massacred;Étrangers massacrés;;;;;;;;;;;;x
EVTOPTBessos.161;No, that would be barbaric;Non, ce serait barbare;;;;;;;;;;;;x
close_the_labyrinths;Seal the Labyrinths;Scellez les Labyrinthes;;;;;;;;;;;;x
close_the_labyrinths_desc;The labyrinths of The Old Ones on Leng have been opened, unleashing The Scourge upon the world. They must be resealed to end the epidemic.;Les Labyrinthes des Anciens sur Leng ont été ouverts, relâchant Le Fléau sur le monde. Ils doivent être refermés pour endiguer l'épidémie.;;;;;;;;;;;;x
TOOLTIPessos.149;The labyrinths are re-sealed, ending The Scourge throughout the world.;Les Labyrinthes sont re-scellés , mettant fin au Fléau à travers le monde.;;;;;;;;;;;;x
massacre_foreigners;Massacre Foreigners;Massacrez les Étrangers;;;;;;;;;;;;x
massacre_foreigners_desc;The Old Ones command the complete extermination of non-[Root.Culture.GetName] peoples!;Les Anciens ordonnent la complète extermination des peuples non-[Root.Culture.GetName] !;;;;;;;;;;;;x
TOOLTIPessos.161;The armies are prepared...;Les armées sont préparés...;;;;;;;;;;;;x
old_ones_scourge_cb_desc;This Casus Belli can be used by §Y$CLAIMANT$§! to scourge §Y$TITLE$§! of foreigners, as commanded by The Old Ones.;Ce Casus Belli peut être utilisé par §Y$CLAIMANT$§! pour revendiquer §Y$TITLE$§! par droit de conquête, en vertu du fait qu'il est un chevaucheur de dragon. ;;;Este Casus Belli puede ser usado por §Y$CLAIMANT$§! para reclamar §Y$TITLE$§! por derecho de conquista, por el hecho de ser un jinete de dragón.;;;;;;;;;x
old_ones_scourge_cb;Scourge;Conquête des dragons;;;Conquista del Dragón;;;;;;;;;x
CB_NAME_SCOURGE;Scourge of [Title.GetBaseName];Conquête des dragons de [Title.GetBaseName];;;Conquista del Dragón de [Title.GetBaseName];;;;;;;;;x
WAR_NAME_SCOURGE;$CLAIMANT$'s$ORDER$ Scourge of $OTHER_TITLE$;$CLAIMANT$'s $ORDER$ Conquête de $OTHER_TITLE$;;;$CLAIMANT$'s$ORDER$ Conquista de $OTHER_TITLE$;;;;;;;;;x
EVTDESC_RIP_11045_has_scourge;[From.GetTitledName] is fairly sure you are developing The Scourge. [From.GetSheHeCap] insists that you follow [From.GetHerHis] instructions.;[From.GetTitledName] a presque la certitude que vous avez le Fléau. [From.GetSheHeCap] insiste pour que vous suiviez ses instructions.;[From.GetTitledName] ist sich recht sicher, dass Ihr Anzeichen von Schwindsucht zeigt. [From.GetSheHeCap] gibt Euch Anweisungen und besteht darauf, dass Ihr sie befolgt.;;[From.GetTitledName] está bastante seguro/a que has contraído Tisis. [From.GetSheHeCap] insiste que sigas [From.GetHerHis]s instrucciones.;;;;;;;;;x
EVTDESC_RIP_11045_has_scourge_horse;[From.GetTitledName] thinks you sound rather horse and is concerned that you may be developing The Scourge. [From.GetSheHeCap] insists that you follow [From.GetHerHis] instructions.;[From.GetTitledName] dit que vous avez une fièvre de cheval et s'inquiète que vous puissiez avoir contracté le Fléau. [From.GetSheHeCap] insiste pour que vous suiviez ses instructions.;[From.GetTitledName] findet, Eure Stimme klänge heiser und befürchtet, dass Ihr Anzeichen von Schwindsucht zeigen könntet. [From.GetSheHeCap] gibt Euch Anweisungen und besteht darauf, dass Ihr sie befolgt.;;[From.GetTitledName] cree que sueno bastante ronco y le preocupa que haya contraído Tisis. [From.GetSheHeCap] insiste que sigas [From.GetHerHis]s instrucciones.;;;;;;;;;x
EVTDESC_RIP_11045_has_scourge_certain;[From.GetTitledName] states that [From.GetHerHis] extensive medical experience leads [From.GetHerHim] to the certain conclusion that you are developing The Scourge. [From.GetSheHeCap] insists that you follow [From.GetHerHis] instructions.;[From.GetTitledName] affirme que sa vaste expérience l'amène à la certitude que vous avez le Fléau. [From.GetSheHeCap] insiste pour que vous suiviez ses instructions.;[From.GetTitledName] ist sich aufgrund langjähriger medizinischer Erfahrung absolut sicher, dass Ihr Anzeichen von Schwindsucht zeigt. [From.GetSheHeCap] gibt Euch Anweisungen und besteht darauf, dass Ihr sie befolgt.;;[From.GetTitledName] expone que [From.GetHerHis]s amplia experiencia médica [From.GetHerHim] lleva a la conclusión de que has contraído Tisis. [From.GetSheHeCap] insiste que sigas [From.GetHerHis]s instrucciones.;;;;;;;;;x
EVTDESC_RIP_11045_has_scourge_sure;[From.GetTitledName] is sure you are developing The Scourge. [From.GetSheHeCap] insists that you follow [From.GetHerHis] instructions.;[From.GetTitledName] a la conviction que vous avez le Fléau. [From.GetSheHeCap] insiste pour que vous suiviez ses instructions.;[From.GetTitledName] ist sich sicher, dass Ihr Anzeichen von Schwindsucht zeigt. [From.GetSheHeCap] gibt Euch Anweisungen und besteht darauf, dass Ihr sie befolgt.;;[From.GetTitledName] está seguro/a que has contraído Tisis. [From.GetSheHeCap] insiste que sigas [From.GetHerHis]s instrucciones.;;;;;;;;;x
EVTDESC_RIP_11045_has_scourge_uncertain;[From.GetTitledName] hesitantly suggests you are probably developing The Scourge, or something like that. [From.GetSheHeCap] insists that you follow [From.GetHerHis] instructions.;[From.GetTitledName] suggère avec hésitation que vous avez probablement le Fléau, ou quelque chose du genre. [From.GetSheHeCap] insiste pour que vous suiviez ses instructions.;[From.GetTitledName] zieht zögerlich in Erwägung, dass Ihr möglicherweise Anzeichen von Schwindsucht oder etwas Ähnlichem zeigen könntet. [From.GetSheHeCap] gibt Euch Anweisungen und besteht darauf, dass Ihr sie befolgt.;;[From.GetTitledName] sugiere dudoso/a que puede que hayas contraído Tisis o algo parecido. [From.GetSheHeCap] insiste que sigas [From.GetHerHis]s instrucciones.;;;;;;;;;x
EVTDSC_RIP_5060_SCOURGE;These are dark days. My [From.GetRootRelation], [From.GetTitledFirstName], has been growing weak and increasingly erratic over the last few weeks and I have just been informed that [From.GetHerHis] affliction is indeed The Scourge.;Les temps sont durs. M[From.GetHerHis] [From.GetRootRelation] [From.GetTitledFirstName] est devenu[From.GetNoneE] de plus en plus faible ces dernières semaines et je viens d'apprendre que son affliction est en fait le Fléau.;Dies sind finstere Tage. Mein [From.GetRootRelation] [From.GetTitledFirstName] ist in den letzten Wochen zunehmend schwächer geworden, und ich habe gerade erfahren, dass es sich bei [From.GetHerHis] Krankheit fürwahr um Schwindsucht handelt.;;Son días oscuros. Mi [From.GetRootRelation], [From.GetTitledFirstName], se ha debilitado en las últimas semanas y acaban de informarme que su enfermedad es claramente el agotamiento.;;;;;;;;;x
EVTDESC_RIP_11045_has_butterfly_fever;[From.GetTitledName] is fairly sure you are developing the Butterfly Fever. [From.GetSheHeCap] insists that you follow [From.GetHerHis] instructions.;[From.GetTitledName] a presque la certitude que vous avez la Fièvre des papillons. [From.GetSheHeCap] insiste pour que vous suiviez ses instructions.;[From.GetTitledName] ist sich recht sicher, dass Ihr Anzeichen von Schwindsucht zeigt. [From.GetSheHeCap] gibt Euch Anweisungen und besteht darauf, dass Ihr sie befolgt.;;[From.GetTitledName] está bastante seguro/a que has contraído Tisis. [From.GetSheHeCap] insiste que sigas [From.GetHerHis]s instrucciones.;;;;;;;;;x
EVTDESC_RIP_11045_has_butterfly_fever_horse;[From.GetTitledName] thinks you sound rather horse and is concerned that you may be developing the Butterfly Fever. [From.GetSheHeCap] insists that you follow [From.GetHerHis] instructions.;[From.GetTitledName] dit que vous avez une fièvre de cheval et s'inquiète que vous puissiez avoir contracté la Fièvre des papillons. [From.GetSheHeCap] insiste pour que vous suiviez ses instructions.;[From.GetTitledName] findet, Eure Stimme klänge heiser und befürchtet, dass Ihr Anzeichen von Schwindsucht zeigen könntet. [From.GetSheHeCap] gibt Euch Anweisungen und besteht darauf, dass Ihr sie befolgt.;;[From.GetTitledName] cree que sueno bastante ronco y le preocupa que haya contraído Tisis. [From.GetSheHeCap] insiste que sigas [From.GetHerHis]s instrucciones.;;;;;;;;;x
EVTDESC_RIP_11045_has_butterfly_fever_certain;[From.GetTitledName] states that [From.GetHerHis] extensive medical experience leads [From.GetHerHim] to the certain conclusion that you are developing the Butterfly Fever. [From.GetSheHeCap] insists that you follow [From.GetHerHis] instructions.;[From.GetTitledName] affirme que sa vaste expérience l'amène à la certitude que vous avez la Fièvre des papillons. [From.GetSheHeCap] insiste pour que vous suiviez ses instructions.;[From.GetTitledName] ist sich aufgrund langjähriger medizinischer Erfahrung absolut sicher, dass Ihr Anzeichen von Schwindsucht zeigt. [From.GetSheHeCap] gibt Euch Anweisungen und besteht darauf, dass Ihr sie befolgt.;;[From.GetTitledName] expone que [From.GetHerHis]s amplia experiencia médica [From.GetHerHim] lleva a la conclusión de que has contraído Tisis. [From.GetSheHeCap] insiste que sigas [From.GetHerHis]s instrucciones.;;;;;;;;;x
EVTDESC_RIP_11045_has_butterfly_fever_sure;[From.GetTitledName] is sure you are developing the Butterfly Fever. [From.GetSheHeCap] insists that you follow [From.GetHerHis] instructions.;[From.GetTitledName] a la conviction que vous avez la Fièvre des papillons. [From.GetSheHeCap] insiste pour que vous suiviez ses instructions.;[From.GetTitledName] ist sich sicher, dass Ihr Anzeichen von Schwindsucht zeigt. [From.GetSheHeCap] gibt Euch Anweisungen und besteht darauf, dass Ihr sie befolgt.;;[From.GetTitledName] está seguro/a que has contraído Tisis. [From.GetSheHeCap] insiste que sigas [From.GetHerHis]s instrucciones.;;;;;;;;;x
EVTDESC_RIP_11045_has_butterfly_fever_uncertain;[From.GetTitledName] hesitantly suggests you are probably developing the Butterfly Fever, or something like that. [From.GetSheHeCap] insists that you follow [From.GetHerHis] instructions.;[From.GetTitledName] suggère avec hésitation que vous avez probablement la Fièvre des papillons, ou quelque chose du genre. [From.GetSheHeCap] insiste pour que vous suiviez ses instructions.;[From.GetTitledName] zieht zögerlich in Erwägung, dass Ihr möglicherweise Anzeichen von Schwindsucht oder etwas Ähnlichem zeigen könntet. [From.GetSheHeCap] gibt Euch Anweisungen und besteht darauf, dass Ihr sie befolgt.;;[From.GetTitledName] sugiere dudoso/a que puede que hayas contraído Tisis o algo parecido. [From.GetSheHeCap] insiste que sigas [From.GetHerHis]s instrucciones.;;;;;;;;;x
EVTDSC_RIP_5060_BUTTERFLY_FEVER;I have had grave news. My [From.GetRootRelation], [From.GetTitledFirstName], has been growing feverish over the last few weeks, and is developing painful spasms that make [From.GetHerHim] seem to dance wildly and uncontrollably. I have just been informed that [From.GetHerHis] affliction is indeed the Butterfly Fever, probably caught whilst on the island of Naath.;J’ai de mauvaises nouvelles. Mon/ma [From.GetRootRelation], [From.GetTitledFirstName], a de la fièvre depuis quelques semaines et développe des spasmes douloureux qui [From.GetHerHim] font danser violemment de manière incontrôlée. Je viens d’apprendre que sa maladie est la Fièvre des papillons, attrapée probablement lors de son séjour sur l’île de Naath.;;;;;;;;;;;;x
EVTDESCessos.5495;Today I overheard my regent [regent_target.GetTitledFirstName] discussing my upcoming manhood with the Great Fathers on the council. They say I am not showing enough promise in strength or looks, and that I may have to be gelded and removed from power in favour of someone else!;;;;;;;;;;;;;x
EVTOPTAessos.5495;I will train and prove my strength!;;;;;;;;;;;;;x
EVTOPTBessos.5495;So be it;;;;;;;;;;;;;x
TOOLTIPessos.5495SUCCESS;over the coming months you bulk yourself up through training;;;;;;;;;;;;;x
TOOLTIPessos.5495FAIL;the training fails;;;;;;;;;;;;;x
EVTDESCessos.5496;Over the past months I have been training hard everyday, with [job_marshal.GetTitledFirstName] putting me through many painful and tiring drills. It has paid off, for I am now very strong! Surely the Great Fathers wont geld me now.;;;;;;;;;;;;;x
EVTOPTAessos.5496;Thank [Root.Religion.GetHighGodName]!;;;;;;;;;;;;;x
EVTDESCessos.5497;I tried my best, I trained a lot and did quite a number of drills and excercises, but it probably won't be enough. I am not that much stronger than I was before, and my regent [regent_target.GetTitledFirstName] keeps giving me concerned glances. I am probably going to be gelded soon.;;;;;;;;;;;;;x
EVTOPTAessos.5497;But I don't want to lose my manhood!;;;;;;;;;;;;;x
EVTDESCESSOS3899;The zorse stallion that was gifted to you all those years ago has finally succumbed to old age and died.;;;;;;;;;;;;;x
EVTOPTAESSOS3899;A sad day;;;;;;;;;;;;;x
EVTDESCessos.180;[From.GetName] is nominally ruled from [king_of_sarnor.Capital.GetName] by [king_of_sarnor.GetTitledFirstNameWithDynastyAndTitle]. We must make this customary oath of fealty, even if it is a token gesture.;;;;;;;;;;;;;x
EVTOPTAessos.180;Yes, I will make due deference to the [king_of_sarnor.GetTitle];;;;;;;;;;;;;x
EVTOPTBessos.180;I renounce all oaths of loyalty to this [king_of_sarnor.GetTitle];;;;;;;;;;;;;x
EVTDESCessos.181;After acquiring [FromFrom.GetFullName], [From.GetTitledFirstNameWithDynastyAndTitle] has declined to make the customary oath of fealty to you!;;;;;;;;;;;;;x
EVTOPTAessos.181;Outrageous!;;;;;;;;;;;;;x
TOOLTIPessos.183;The authority of the High king in Sarnor is weakened;;;;;;;;;;;;;x
EVTDESCessos.183;The ever weakening of central authority of the High King in Sarnor means the realm is little more than a confederation of squabbling petty kingdoms.;;;;;;;;;;;;;x
EVTOPTAessos.183;Will I ever wield more power?;;;;;;;;;;;;;x
TRIBUTARY_SARNORI_NAME;Nominal Vassal;;;;;;;;;;;;;x
TRIBUTARY_SARNORI_PLURAL;Nominal Vassals;;;;;;;;;;;;;x
SUZERAIN_SARNORI_NAME;High King;;;;;;;;;;;;;x
favored_by_rhoyne;Favored by Mother Rhoyne;;;;;;;;;;;;;x
favored_by_rhoyne_desc;This character is favored by Mother Rhoyne;;;;;;;;;;;;;x
EVTDESCessos.184;Through prayer and devotion, I fell a connection between Mother Rhoyne and myself, the sounds of her waters are the most beautiful sound I have ever heard.;;;;;;;;;;;;;x
EVTOPTAessos.184;Mother Rhoyne smiles upon me.;;;;;;;;;;;;;x
EVTDESCessos.185;Water magic is very different from the sorceries of Valyria, which were woven of blood and fire. We can yet emerge victorious if the water wizards call up the power of the river and flood the enemy army. However, we will take some casualties as well;Utilisation de ma magie de l'eau que je peux inonder l'armée ennemie , mais je vais prendre quelques victimes ainsi;Mit meinem Wasser Magie Ich kann die feindliche Armee überschwemmen , aber werde ich einige Opfer sowie zu nehmen;;Usando mi magia de agua que puedo inundar el ejército enemigo , sin embargo voy a tomar algunas bajas , así;;;;;;;;;x
EVTNAMEessos.185;Water Magic;INUNDACIÓN DEL EJÉRCITO;Flut der ARMY;;INUNDACIÓN DEL EJÉRCITO;;;;;;;;;x
FLOOD_THEM;A few of my men is worth the battle;Quelques-uns de mes hommes est une valeur de la bataille;Ein paar meiner Männer ist der Kampf lohnt;;Algunos de mis hombres es la pena la batalla;;;;;;;;;x
not_needed;It isn't worth any men;Il ne vaut pas tous les hommes;Es lohnt sich nicht irgendwelche Männer;;No vale la pena cualquier hombre;;;;;;;;;x
EVTDESCessos.186;Thousands burn in the flame of the enemy dragons, but thousands more shelter in the shallows of the river. The wizards could raise enormous waterspouts against the foe’s dragons.;Je peux utiliser jets d'eau pour arrêter les dragons d'attaquer;Ich kann Wasserspeier zu verwenden, um die Drachen von einem Angriff zu stoppen;;Puedo utilizar chorros de agua para detener a los dragones de atacar;;;;;;;;;x
EVTNAMEessos.186;Flood the Dragons;Arrêtez les dragons;Stoppen Sie die Drachen;;Detenga los dragones;;;;;;;;;x
STOP_THEM;Lets stop them!;Permet de les arrêter;Lets stoppen;;Vamos a dejar de ellos;;;;;;;;;x
focus_on_the_men;Their army is more important;L'armée est plus important;Die Armee ist wichtiger;;El ejército es más importante;;;;;;;;;x
EVTDESCessos.187;Water magic is very different from the sorceries of Valyria, which were woven of blood and fire. We can yet emerge victorious if the water wizards call up the power of the river and flood the enemy castle.;Devrais-je inonder le château?;Sollte ich das Schloss überschwemmen ?;;¿Debo inundar el castillo?;;;;;;;;;x
EVTNAMEessos.187;Flood the Castle;INONDATION LE CHATEAU;FLOOD DAS SCHLOSS;;INUNDACIÓN DEL CASTILLO;;;;;;;;;x
FLOODTHECASTLE;Yes I should flood them;Oui je devrais les inondations;Ja ich sie überschwemmen;;Sí debo inundar ellos;;;;;;;;;x
NOT_NOW;I don't need to flood them now;Je ne dois pas les inonder maintenant;Ich brauche nicht , sie jetzt überschwemmen;;No necesito a inundar ahora;;;;;;;;;x
EVTDESCessos.188;The battle was going like normal until [From.GetBestName] used water magic to flood the field;La bataille allait comme d'habitude jusqu'à ce que [From.GetBestName] utilisé la magie de l'eau d'inonder le terrain;Die Schlacht war wie normale gehen, bis [From.GetBestName] verwendete Wasser Magie, um das Feld zu überschwemmen;;La batalla iba como normal hasta [From.GetBestName] utiliza la magia del agua para inundar el campo;;;;;;;;;x
DAMN;Damn [From.GetBestName];Merde [From.GetBestName];verdammt [From.GetBestName];;Maldita [From.GetBestName];;;;;;;;;x
EVTDESCessos.189;Thousands of the enemy burn in the flame of the our dragons, but thousands more shelter in the shallows of the river. The enemy water wizards led by [From.GetTitledFirstNameNoregnal] raised enormous waterspouts against our dragons!;[From.GetBestName] jets d'eau utilisée pour attaquer mes dragons;;[From.GetBestName] utiliza chorros de agua para atacar a mis dragones;;;;;;;;;;x
EVTDESCessos.190;[From.GetBestName] just used water magic to flood my castle;[From.GetBestName] seulement utilisé la magie de l'eau d'inonder mon château;;[From.GetBestName] simplemente usa la magia de agua para inundar mi castillo;;;;;;;;;;x
flood_the_field_dec;Flood the field;Inonder le champ;;;;;;;;;;;;x
flood_the_field_dec_desc;Flood the field;Inonder le champ;;;;;;;;;;;;x
flood_the_castle_dec;Flood the castle;Inonder le château;;;;;;;;;;;;x
flood_the_castle_dec_desc;Flood the castle;Inonder le château;;;;;;;;;;;;x
fight_dragons_dec;Shoot water at the dragons;Tirez sur l'eau aux dragons;;;;;;;;;;;;x
fight_dragons_dec_desc;Shoot water at the dragons to prevent an attack;Tirez sur l'eau à des dragons pour prévenir une attaque;;;;;;;;;;;;x
take_consort_leng_empress;Take as Consort;;;;;;;;;;;;;x
take_consort_leng_empress_desc;The Empresses of Leng have an established tradition whereby the empress takes two husbands, one each of Lengii and YiTish descent, with one commanding the island's armies and the other its fleet.;;;;;;;;;;;;;x
TOOLTIPtake_consort_leng_empressLENG;[From.GetTitledFirstName] does NOT already have a Lengii spouse/consort;;;;;;;;;;;;;x
TOOLTIPtake_consort_leng_empressYI_TI;[From.GetTitledFirstName] does NOT already have a YiTish spouse/consort;;;;;;;;;;;;;x
EVTDESCessos.200A;The Empresses of Leng have an established tradition whereby the empress takes two husbands, one each of Lengii and YiTish descent, with one commanding the island's armies and the other its fleet. Your Lengii subjects are concerned that you have not yet taken a Lengii consort.;;;;;;;;;;;;;x
EVTDESCessos.200B;The Empresses of Leng have an established tradition whereby the empress takes two husbands, one each of Lengii and YiTish descent, with one commanding the island's armies and the other its fleet. Your YiTish subjects are concerned that you have not yet taken a YiTish consort.;;;;;;;;;;;;;x
EVTDESCessos.200C;Your Lengii subjects have grown tired of waiting for you to take a Lengii consort, and are now angry that you have dishonored the established tradition.;;;;;;;;;;;;;x
EVTDESCessos.200D;Your YiTish subjects have grown tired of waiting for you to take a YiTish consort, and are now angry that you have dishonored the established tradition.;;;;;;;;;;;;;x
EVTOPTAessos.200;I see;;;;;;;;;;;;;x
TOOTLTIPessos.200LENG;You may take a Lengii consort from your realm via diplomatic interaction. You have one year to do this before your Lengii subjects get angry.;;;;;;;;;;;;;x
TOOTLTIPessos.200YI_TI;You may take a YiTish consort from your realm via diplomatic interaction. You have one year to do this before your YiTish subjects get angry.;;;;;;;;;;;;;x
EVTOPTBessos.200;I care not for tradition;;;;;;;;;;;;;x
refused_lengi_consort;Refused Lengii Consort;;;;;;;;;;;;;x
empress_refused_lengi_consort;Empress Refused Lengii Consort;;;;;;;;;;;;;x
refused_yi_ti_consort;Refused YiTish Consort;;;;;;;;;;;;;x
empress_refused_yi_ti_consort;Empress Refused YiTish Consort;;;;;;;;;;;;;x
EVTDESCessos.201;The Empresses of Leng have an established tradition whereby the empress takes two husbands, one each of Lengii and YiTish descent, with one commanding the island's armies and the other its fleet. [From.GetTitledFirstNameWithDynasty] has flouted this by refusing to take a Lengii consort.;;;;;;;;;;;;;x
EVTDESCessos.201B;The Empresses of Leng have an established tradition whereby the empress takes two husbands, one each of Lengii and YiTish descent, with one commanding the island's armies and the other its fleet. [From.GetTitledFirstNameWithDynasty] has flouted this by refusing to take a YiTish consort.;;;;;;;;;;;;;x
EVTOPTAessos.201;Controversial;;;;;;;;;;;;;x
EVTDESCessos.204;As is tradition, you have taken a [From.Culture.GetName] consort in the form of [From.GetTitledFirstNameWithDynasty]. Your [From.Culture.GetName] subjects are now satisfied.;;;;;;;;;;;;;x
EVTDESCessos.205;The Empresses of Leng have an established tradition whereby the empress takes two husbands, one each of Lengii and YiTish descent, with one commanding the island's armies and the other its fleet. [FromFrom.GetTitledFirstNameWithDynasty] has honoured this by taking the [From.Culture.GetName] [From.GetTitledFirstNameWithDynasty] as a consort.;;;;;;;;;;;;;x
EVTOPTAessos.205B;A great honour for my [From.GetRootRelation];;;;;;;;;;;;;x
c_custom_emperor_1;God;;;;;;;;;;;;;x
c_custom_emperor_2;God;;;;;;;;;;;;;x
c_custom_emperor_3;God;;;;;;;;;;;;;x
c_custom_emperor_4;God;;;;;;;;;;;;;x
EMPEROR_COLOUR_MESSAGE_LOG;Select the colour that you wish the [Root.GetOnlyDynastyName] emperors of [e_yi_ti.GetName] to be known by.;;;;;;;;;;;;;x
EVTOPTessos.4699custom;I will select my own colour;;;;;;;;;;;;;x
TOOLTIPessos.4699custom;You will be prompted to input your own choice of colour;;;;;;;;;;;;;x
custom_emperor_1_emperor;[c_custom_emperor_1.GetName] Emperor;;;;;;;;;;;;;x
