#CODE;ENGLISH;FRENCH;GERMAN;;SPANISH;;;;;;;;;x
#events;;;;;;;;;;;;;;x
EVTDESC65030;Nothing feels good, nothing feels fun nor interesting. I am in the deepest, blackest pit of sorrow and worthlessness, feeling as I will never be able to escape from it and wondering why [This.Religion.GetRandomGodName] makes us feel like this...;Rien n’a de saveur, rien ne m’amuse et rien ne m’intéresse. J’éprouve une profonde tristesse et je me sens inutile. J’ai l’impression que je ne m’en sortirai jamais et je me demande pourquoi [This.Religion.GetRandomGodName] m’impose une telle épreuve...;Nichts fühlt sich gut an, nichts macht mir Spaß oder interessiert mich. Ich sitze im tiefsten, schwärzesten Loch der Traurigkeit und Wertlosigkeit. Ich fühle mich, als ob ich ihm nie entrinnen werde. Warum lässt uns Gott derart fühlen?;;Nada me divierte ni me interesa. Estoy en un profundo foso de tristeza y vacío, sintiendo que nunca podré salir, y me pregunto por qué Dios hace que me sienta así...;;;;;;;;;x
EVTDESC65032;My [This.Religion.GetRandomGodName], why have you forsaken me? I have been cursed with a fever, a headache from Hell and now I am coughing blood. I think [Root.Religion.GetRandomGodName] must have decided to punish me for my sins!;Mon Dieu, pourquoi m’avez-vous abandonné(e) ? J’ai eu de la fièvre, un mal de tête infernal et maintenant je crache du sang. Je crois que [Root.Religion.GetRandomGodName] a décidé de me punir pour mes péchés !;Mein Gott, warum hast du mich verlassen? Erst war ich mit einem Fieber und höllischen Kopfschmerzen verflucht, jetzt huste ich Blut. [Root.Religion.GetRandomGodName] muss wohl entschieden haben, mich für meine Sünden zu bestrafen!;;Dios mío, ¿por qué me has abandonado? He sido maldecido por una fiebre, un infernal dolor de cabeza y ahora toso sangre. ¡Creo que [Root.Religion.GetRandomGodName] me está castigando por mis pecados!;;;;;;;;;x
EVTDESC65033;[This.Religion.GetRandomGodName] healed people like me, if I just was more devout and truly repented my sins He might heal me too.;[This.Religion.GetRandomGodName] a guéri des gens comme moi. Si je deviens plus fervent(e) et que je me repens vraiment de mes péchés, Il me guérira peut-être moi aussi.;[This.Religion.GetRandomGodName] hat Leute wie mich geheilt. Wäre ich frommer und würde meine Sünden wahrhaft bereuen, dann könnte Er auch mich heilen.;;[This.Religion.GetRandomGodName] curó a gente como yo, si fuera más devoto y me arrepintiese de mis pecados también me curaría.;;;;;;;;;x
EVTOPTA65033;Forgive me [This.Religion.GetRandomGodName], for I have sinned...;Pardonnez-moi [This.Religion.GetRandomGodName] parce que j’ai péché...;Vergib mir Vater, denn ich habe gesündigt.;;Perdóname [This.Religion.GetRandomGodName], porque he pecado...;;;;;;;;;x
EVTOPTB65036;I thank [This.Religion.GetRandomGodName] in private;Je rends grâce à [This.Religion.GetRandomGodName] en privé.;Ich danke dem Herrn im Stillen;;Doy gracias a [This.Religion.GetRandomGodName] en privado;;;;;;;;;x
EVTOPTC65049;[This.Religion.GetRandomGodName] will cure me!; [This.Religion.GetRandomGodName] me guérira !;Gott wird mich heilen!;;¡[This.Religion.GetRandomGodName]me curará!;;;;;;;;;x
EVTTOOLTIP65054;[This.Religion.GetRandomGodName] answers [Root.GetFirstName]'s prayers; [This.Religion.GetRandomGodName] exauce les prières de [Root.GetFirstName].;Gott antwortet auf [Root.GetFirstName]s Gebete;; [This.Religion.GetRandomGodName] responde las oraciones de [Root.GetFirstName];;;;;;;;;x
EVTOPTB65053;[This.Religion.GetRandomGodName] is punishing me rightly for my sins; [This.Religion.GetRandomGodName] me punit justement pour mes péchés.;Gott straft mich zurecht für meine Sünden;; [This.Religion.GetRandomGodName] me castiga justamente por mis pecados;;;;;;;;;x
EVTDESC65054;[This.Religion.GetRandomGodName] answered my prayers! I am cured of my illness and can atone for my sins before it is too late.; [This.Religion.GetRandomGodName] a exaucé mes prières ! Je suis guéri(e) et je peux expier mes péchés avant qu’il ne soit trop tard.;Gott hat meine Gebete beantwortet! Ich bin von meiner Krankheit geheilt und kann für meine Sünden büßen, bevor es zu spät ist.;;¡[This.Religion.GetRandomGodName] ha respondido mis oraciones! Me he curado y puedo expiar mis pecados antes de que sea tarde.;;;;;;;;;x
EVTDESC65055;Why am I sick, [From.GetRootRelation], is [This.Religion.GetRandomGodName] punishing me? I haven't done anything wrong, have I?;Pourquoi suis-je malade, [From.GetRootRelation] ? Est-ce [This.Religion.GetRandomGodName] qui me punit ? Je n’ai pourtant rien fait de mal, si ?;Warum bin ich krank, [From.GetRootRelation], ist das Gottes Strafe? Ich habe doch nichts Falsches getan, oder?;;¿Por qué estoy enfermo, [From.GetRootRelation]? ¿[This.Religion.GetRandomGodName] me está castigando? No he hecho nada malo, ¿verdad?;;;;;;;;;x
EVTOPTA65055;[This.Religion.GetRandomGodName] must be punishing me!;C’est certainement [This.Religion.GetRandomGodName] qui me punit !;Dies muss Gottes Strafe sein!;;¡[This.Religion.GetRandomGodName] me está castigando!;;;;;;;;;x
EVTDESC65056;My [From.GetRootRelation] [From.GetFirstName] is very sick. [From.GetSheHe] is delirious and have started asking if [This.Religion.GetRandomGodName] is punishing [From.GetHerHim].;Mon(Ma) [From.GetRootRelation], [From.GetFirstName], est très malade. [From.GetSheHeCap] délire et se demande si [This.Religion.GetRandomGodName] le(la) punit.;[From.GetFirstName], zu mir im Verwandtschaftsgrad [From.GetRootRelation] stehend, ist sehr krank. [From.GetSheHe] liegt im Delirium und hat zu fragen begonnen, ob Gott [From.GetHerHim] bestrafe.;;Mi [From.GetRootRelation] [From.GetFirstName] está muy grave. Tiene delirios y pregunta si [This.Religion.GetRandomGodName] lo está castigándo.;;;;;;;;;x
EVTOPTD65056;[This.Religion.GetRandomGodName] will cure you!;[This.Religion.GetRandomGodName] vous guérira !;Gott wird Euch heilen!;;¡[This.Religion.GetRandomGodName] te curará!;;;;;;;;;x
EVTDESC73010;I have been reading [Root.Religion.GetScriptureName], and it claims that death is not something a true believer should be afraid of.;Je lis [Root.Religion.GetScriptureName] qui prétend qu’un vrai croyant ne doit pas avoir peur de la mort. ;Ich habe [Root.Religion.GetScriptureName] gelesen. Dort steht, dass sich ein wahrer Gläubiger nicht vor dem Tod fürchten sollte. ;;He leído [Root.Religion.GetScriptureName], y dice que un verdadero creyente no debería temer a la muerte. ;;;;;;;;;x
#events;;;;;;;;;;;;;;x
#modifiers, traits;;;;;;;;;;;;;;x
true_knight;True Knight;Véritable chevalier;Wahrhafter Ritter;;Auténtico caballero;;;;;;;;;x
true_knight_desc;Bravery and no mortal sins gives a true knight respect from the church.;Le courage et l’absence de péchés mortels valent à un véritable chevalier le respect de l’Église.;Tapferkeit und Freisein von Todsünden bringt einem wahrhaftem Ritter den Respekt der Kirche ein.;;El valor y no cometer pecado mortal concede a un auténtico caballero el respeto de la iglesia.;;;;;;;;;x
crusader_rhllor;R'hllor Crusader;Croisé de R'hllor;R'hllor-Kreuzritter;;Paladín de R'hllor;;;;;;;;;x
crusader_rhllor_desc;This character is a veteran Crusader.;Ce personnage est un vétéran des croisades.;Dieser Charakter ist ein erfahrender Kreuzritter.;;Este personaje es un paladín del Señor de la Luz.;;;;;;;;;x
#religion names;;;;;;;;;;;;;;x
westerosi_religion;Westerosi Gods;Ouestrien;Westerosi;;Poniente;;;;;;;;;x
westerosi_religion_FEATURES;§Y*§! Is a traditional anti-slavery religion;§Y*§! Est une religion traditionnellement contre l'esclavage;;;§Y*§! Es una religión tradicionalmente opuesta al esclavismo;;;;;;;;;x
the_seven;Faith of the Seven;Foi des Sept;Glaube der Sieben;;Fe de los Siete;;;;;;;;;x
the_seven_DESC;The traditional religion of the Andals. The Seven is a single god with seven aspects - the Father, the Mother, the Warrior, the Maiden, the Smith, the Crone,and the Stranger - but is usually worshiped as thought it were seven seperate gods. Priests of the Seven are called Septons or Septas, and the gods are worshiped in seven-sided temples, called Septs.;La religion traditionnelle des Andals. Les Sept ne sont que les sept aspects d'une unique divinité -le Père, la Mère, le Guerrier, la Jouvencelle, le Ferrant, l'Aïeule et l'Etranger- mais la plupart des croyants les voient comme sept dieux différents. Les prêtres des Sept sont appellés septons ou septas, et les dieux sont honorés dans des temples à sept façades que l'on appelle des septuaires. ;;;La religión tradicional de los ándalos. Los Siete es un dios único con siete aspectos - el padre, la madre, el guerrero, la doncella, el herrero, la vieja, y el desconocido - pero por lo general es adorado como siete dioses diferentes. Los sacerdotes de los Siete se llaman septones o septas, y los dioses son adorados en templos heptagonales, llamados Septos.;;;;;;;;;x
the_seven_FEATURES;§Y*§! Can obtain and grant knighthoods, and take on squires (even if squire is a different religion)\n§Y*§! Can hold tourneys\n§Y*§! Children of concubines are considered illegitimate bastards;§Y*§! Peut obtenir et octroyer la chevalerie, prendre des écuyers (même si il est de religion différente)\n§Y*§! Peut organiser des tournois\n§Y*§! Les enfants de concubines sont considérés comme des bâtards illégitimes;;;§Y*§! Pueden obtener y conceder la caballería y tomar escuderos (aún siendo de otra religión)\n§Y*§! Pueden organizar torneos\n§Y*§! Los hijos de concubinas son considerados bastardos ilegítimos;;;;;;;;;x
GOD_FATHER;the Father;le Père;Der Vater;;el Padre;;;;;;;;;x
GOD_MOTHER;the Mother;la Mère;Die Mutter;;la Madre;;;;;;;;;x
GOD_WARRIOR;the Warrior;le Guerrier;Der Krieger;;el Guerrero;;;;;;;;;x
GOD_MAIDEN;the Maiden;la Jouvencelle;Der Jungfrau;;la Doncella;;;;;;;;;x
GOD_SMITH;the Smith;le Ferrant;Der Schmied;;el Herrero;;;;;;;;;x
GOD_CRONE;the Crone;l'Aïeule;Die Krone;;la Vieja;;;;;;;;;x
GOD_THE_STRANGER;the Stranger;l'Etranger;Der Fremde;;el Desconocido;;;;;;;;;x
GOD_SEVEN;the Seven;les Sept;the Seven;Die Sieben;los Siete;;;;;;;;;x
old_gods;Old Gods;Anciens Dieux;Alten Götter;;Los Antiguos Dioses;;;;;;;;;x
old_gods_DESC;The Old Gods are the nameless nature spirits worshiped by the First Men, and by the Children of the Forest before them. They are worshiped in sacred groves called Godswoods, with a heart tree at their center - a sacred weirwood tree into which the face of a god has been carved.;Les Anciens Dieux sont les anciennes divinités sans noms des Premiers Hommes qu'ils ont empruntées aux enfants de la forêt suite à leur installation à Westeros. Il n'y a pas de clergé dans cette religion, les seuls intercesseurs entre les hommes et les dieux sont les bois sacrés et plus particulièrement leur arbre-coeur, souvent un barral avec un visage humain sculpté sur le tronc. ;;;Los Antiguos Dioses son los espíritus de la naturaleza sin nombre adorados por los Primeros Hombres, y por los niños del bosque antes que ellos. Ellos son venerados en los bosques sagrados llamados Bosques de Dioses, con un árbol corazón en el centro - un arciano sagrado en el que la cara de un dios ha sido tallada.;;;;;;;;;x
GOD_THE_GODS;the Gods;les Dieux;the Gods;the Gods;los Dioses;;;;;;;;;x
GOD_THE_OLD_GODS;the Old Gods;les Anciens Dieux;the Old Gods;the Old Gods;los Antiguos Dioses;;;;;;;;;x
wildling_religion;Wildling Old Gods;Sauvageon;;;Salvaje;;;;;;;;;x
wildling_religion_FEATURES;§Y*§! Can sacrifice prisoners to the Gods;§Y*§! Peut sacrifier des prisonniers aux dieux;;;§Y*§! Pueden sacrificar prisioneros a los Dioses;;;;;;;;;x
beyond_wall_old_gods;Beyond the Wall Old Gods;Les Anciens Dieux d'Au-Delà du Mur;Götter auf der anderen Seite der Mauer;;Los Antiguos Dioses de Más-Allá-del-Muro;;;;;;;;;x
beyond_wall_old_gods_DESC;The Old Gods are the nameless nature spirits worshiped by the First Men, and by the Children of the Forest before them. Beyond the Wall, they are worshiped at the feet of heart trees - sacred weirwood trees into which the face of a god has been carved.;Les Anciens Dieux sont les anciennes divinités sans noms des Premiers Hommes qu'ils ont empruntées aux enfants de la forêt suite à leur installation à Westeros. Au-delà du Mur, ils sont honorés au pied des arbres-cœurs, des barrals sacrés avec le visage des dieux sculpté sur le tronc.;;;Los Antiguos Dioses son los espíritus de la naturaleza sin nombre adorados por los Primeros Hombres, y por los niños del bosque antes que ellos. Más allá del muro, se los adora a los pies de los árboles corazón, arcianos sagrados en el que la cara de un dios ha sido tallada.;;;;;;;;;x
mountain_old_gods;Old Gods of the Mountains;Anciens Dieux des Montagnes;;;Antiguos Dioses de las Montañas;;;;;;;;;x
mountain_old_gods_DESC;The Old Gods are the nameless nature spirits worshiped by the First Men, and by the Children of the Forest before them. In The Mountains of the Moon, there are clans descendend from the First Men who still worship the Old Gods.;Les Anciens Dieux sont les anciennes divinités sans noms des Premiers Hommes et des enfants de la forêt. Dans les Montagnes de la Lune, certains clans descendent des Premiers Hommes et continuent d'honorer les Anciens Dieux.;;;Los Antiguos Dioses son los espíritus de la naturaleza sin nombre adorados por los Primeros Hombres, y por los niños del bosque antes que ellos. En Las Montañas de la Luna, hay clanes descendientes de los Primeros Hombres que todavía adoran a los antiguos dioses.;;;;;;;;;x
mountain_old_gods_FEATURES;§Y*§! Can take captives as concubines;§Y*§! Peut prendre des prisonnier(e)s comme concubin(e)s;;;§Y*§! Pueden tomar prisioneras como concubinas;;;;;;;;;x
thenn_rel;Thenn;Thenn;Götter auf der anderen Seite der Mauer;;Thenn;;;;;;;;;x
thenn_rel_DESC;The Thenn consider themselves the last of the First Men, with most speaking the Old Tongue and only a few words of the Common Tongue. The Thenn are led by the Magnar, who is considered more a god than a man by his people, and because they have laws and lords in their valley, some consider the Thenns more sophisticated than other free folk. The Thenns are savage fighters, but because of their belief in the Magnar as their god they are absolutely obedient and more disciplined than other free folk. They are often better equipped than most free folk, with bronze helms, axes of bronze and a few of chipped stone, short stabbing spears with leaf-shaped heads, shirts sewn with bronze discs, and plain unadorned shields of black boiled leather with bronze rims and bosses.;Les Thenns se considèrent eux-mêmes comme les derniers des Premiers Hommes, la majorité parlant encore la Vieille Langue et seulement quelques mots de la langue commune. Les Thenns sont gouvernés par le Magnar, qui est plus considété comme un dieu que comme un homme par son peuple. Et comme ils ont des lois et des lords dans leur vallée, certains considèrent qu'ils sont plus sophistiqués que le reste du Peuple Libre. Les Thenns sont plus disciplinés que le reste des clans , et généralement mieux armés avec un équipement en bronze constitué de casques arrondis, d'armures d'écailles, de courtes piques et de haches. ;;;Los thennitas se consideran a si mismos los últimos de los Primeros Hombres, hablan la Antigua Lengua y la mayoría sólo habla algunas palabras de la Lengua Común. Están liderados por un Magnar, quien es considerado más un dios que una persona por su pueblo. Son más sofisticados y más similares a las personas al sur del Muro pues tienen leyes y señores en el valle de un modo similar a los Siete Reinos. Los thennitas son absolutamente obedientes al Magnar y mucho más disciplinados y equipados que el resto del Pueblo Libre.;;;;;;;;;x
GOD_THE_MAGNAR;The Magnar;Le Magnar;;;El Magnar;;;;;;;;;x
drowned_god_group;Ironborn Gods;Fer-né;Drowned [This.Religion.GetRandomGodName];;Hijos del Hierro;;;;;;;;;x
drowned_god;Drowned God;Le Dieu-Noyé;Drowned [This.Religion.GetRandomGodName];;El Dios Ahogado;;;;;;;;;x
drowned_god_DESC;The Ironborn worship the Drowned God, who commands them to reave and reap, and to whose halls they will go in death, to be waited on by mermaids. Worshipers of the Drowned God are baptized in a ritual drowning shortly after birth, for what is dead may never die.;Les Fer-nés croient au Dieu Noyé, ennemi juré du Dieu des Tornades. Le Dieu Noyé commande aux marées, sa demeure se trouve sous la mer et les morts festoyent avec lui, servis par des sirènes. Le culte est représenté par des prêtres prédicateurs et leurs disciplines, les noyés, qui sont baptisés par une noyade ritualisée, car ce qui est mort ne saurait mourir à nouveau.;;;Los hijos del hierro adoran al Dios Ahogado, que les ordena saquear y segar, y a cuyas salas irán cuando mueran, para ser atendidos por sirenas. Los adoradores del Dios Ahogado son bautizados en un ritual poco después del nacimiento donde se los ahoga y manifiestan que lo que está muerto no puede morir.;;;;;;;;;x
drowned_god_FEATURES;§Y*§! Can take captives as concubines (known to the Ironborn as 'Salt Wives')\n§Y*§! Children of salt wives are considered legitimate, but are excluded from succession unless designated otherwise\n§Y*§! Independent kings may be able to freely invade neighbours\n§Y*§! Can sacrifice prisoners to the Drowned God\n§Y*§! Feudal elective kingdoms determine succession via Kingsmoot;§Y*§! Peut faire de leurs captives des concubines (les femme-sels)\n§Y*§! Les enfants des femme-sels sont consédérés comme légitimes mais sont exclus de la succession sauf si ils sont désignés d'une autre façon\n§Y*§! Les rois indépendants peuvent librement envahir leurs voisins\n§Y*§! Peut sacrifier des prisoniers aux Dieu-Noyé\n§Y*§! Les royaumes avec succession élective déterminent la succession grâce aux Etats Généraux de la royauté;;;§Y*§! Pueden tomar prisioneras como concubinas (esposas de sal)\n§Y*§! Los hijos de las esposas de sal son considerados legítimos pero están excluidos de la sucesión salvo si son designados específicamente\n§Y*§! Los reyes independientes pueden invadir a los vecinos libremente\n§Y*§! Pueden sacrificar prisioneros al Dios Ahogado\n§Y*§! Los reinos con sucesión electiva determinan la sucesión mediante una Asamblea de Sucesión;;;;;;;;;x
GOD_THE_DROWNED_GOD;the Drowned God;le Dieu-Noyé;the Drowned [This.Religion.GetRandomGodName];;el Dios Ahogado;;;;;;;;;x
storm_god;Storm God;Dieu des Tornades;Gott des Sturmes;;Dios de la Tormenta;;;;;;;;;x
storm_god_DESC;In the myths of the Ironborn, the Storm God is the greatest enemy of the Drowned God. He dwells in a hall of clouds, and sends his ravens to the world below. As those who believe in the Storm God see him as their enemy, worship of him is quite rare.;Dans les mythes, le Dieu des Tornades est le plus grand ennemi du Dieu Noyé. Contrôlant les vents, il est reconnu comme celui qui sème la rage, la discorde et la division au sein du peuple fer-né. Son culte est ainsi très rare, et souvent secret. ;;;El Dios de la Tormenta es un dios de los Hombres del Hierro. Es el eterno enemigo del Dios Ahogado. Vive en salas nubladas y los cuervos son sus criaturas. Pone trampas para atraer a los hijos del hierro a su destrucción y envía las tormentas en el mar. Como aquellos que creen en el Dios de la Tormenta lo ven como su enemigo, el culto de él es bastante raro.;;;;;;;;;x
GOD_STORM_GOD;the Storm God;le Dieu des Tornades;Gott des Sturmes;;Dios de la Tormenta;;;;;;;;;x
essos_religion;Eastern;Orientale (Essos);Eastern;;Essos;;;;;;;;;x
essos_group;Eastern Gods;Orientale (Essos);Eastern;;Essos;;;;;;;;;x
valyrian_rel_group;Valyrian Gods;Valyrien;;;Valyria;;;;;;;;;x
valyrian_rel;Valyrian;Valyrien;;;Valyria;;;;;;;;;x
valyrian_rel_DESC;The ancient religion of Old Valyria, capital of the greatest empire the world has ever known. When the Doom came to that city, the faith died with it, but was preserved beyond the Narrow Sea by the House Targaryen.;L'ancienne religion de l'Antique Valyria, capitale du plus grand empire que le monde ait jamais connu. Lorsque le Fléau s'est abattu sur la ville, la foi est morte avec son empire. Mais elle fut préservée un temps, grâce à la maison Targaryen.;;;La antigua religión de la Antigua Valyria, capital del mayor imperio que el mundo haya conocido. Cuando la Maldición llegó a esa ciudad, la fe murió con ella, pero fue preservada más allá del Mar Angosto por la Casa Targaryen.;;;;;;;;;x
valyrian_rel_FEATURES;§Y*§! Can arrange marriages between close family members\n§Y*§! Have a §G+5§! opinion boost with all other religions due to their religious tolerance\n§Y*§! Can choose another religion group to be their Syncretic Faith and recieve a §G+10§! opinion boost with its members;§Y*§! Peut arranger des mariages entre des membres de la famille proche;;;§Y*§! Pueden casarse entre parientes cercanos.;;;;;;;;;x
GOD_BALERION;Balerion;Balerion;;;Balerion;;;;;;;;;x
GOD_MERAXES;Meraxes;Meraxès;;;Meraxes;;;;;;;;;x
GOD_VHAGAR;Vhagar;Vhagar;;;Vhagar;;;;;;;;;x
GOD_URRAX;Urrax;Urrax;;;Urrax;;;;;;;;;x
GOD_SYRAX;Syrax;Syrax;;;Syrax;;;;;;;;;x
rhllor;R'hllor;R'hllor;R'hllor;;R'hllor;;;;;;;;;x
rhllor_DESC;The Red Priests worship R'hllor, the Lord of Light, the Heart of Fire, the God of Flame and Shadow. His religion is the largest in the world, spreading across Essos, and his priests are said to possess miraculous powers. The faith of R'hllor forbids the worship of false gods, and waits for the day when the legendary hero Azor Ahai will be reborn and lead them against the Great Other and his servants, for the night is dark and full of terrors.;Les Prêtres Rouges servent R'hllor, le Maître de la Lumière, Coeur du Feu, Dieu de la Flamme et de l'Ombre. Sa religion est la plus importante du monde, très répandue à travers Essos, et ses prêtres sont réputés pour avoir des pouvoirs miraculeux. La foi en R'hllor interdit de croire ou d'honorer les faux dieux, et attend le retour du légendaire héros Azor Ahai qui ressucitera et mènera ses fidèles pour affronter le dieu sans nom et ses serviteurs, car la nuit est sombre et pleine de terreur. ;;;Los Sacerdotes Rojos adoran a R'hllor, el Señor de la Luz, el Corazón de Fuego, el Dios de la Llama y la Sombra es una prominente deidad en Essos, pero que tiene pocos adeptos en Poniente, donde es comúnmente conocido como el Dios Rojo. Se dice que sus sacerdotes rojos poseen poderes milagrosos. La fe de R'hllor prohíbe la adoración de falsos dioses, y esperan el día en que renazca el legendario héroe Azor Ahai y luche contra el Gran Otro y sus siervos, porque la noche es oscura y alberga horrores.;;;;;;;;;x
rhllor_FEATURES;§Y*§! Can become 'favoured' or 'chosen' by R'hllor, and so gain access to mysterious protection and healing abilities;§Y*§! Peut devenir 'favorisé' ou 'choisi' par R'hllor, et gagne ainsi accès à de mystérieuses protections et capacités de soin;the_seven_DESC;the_seven_DESC;§Y*§! Pueden convertirse en 'favorecido' o 'elegido' por R'hllor, logrando acceso a misteriosas protecciones y capacidades de curación;the_seven_DESC;the_seven_DESC;the_seven_DESC;the_seven_DESC;the_seven_DESC;the_seven_DESC;the_seven_DESC;the_seven_DESC;x
GOD_RHLLOR;R'hllor;R'hllor;R'hllor;;R'hllor;;;;;;;;;x
GOD_GOD_OF_LIGHT;the Lord of Light;le Dieu de la Lumière;Der Herr des Lichts;;el Señor de la Luz;;;;;;;;;x
GOD_THE_HOLY_FIRE;the Holy Fire;le Feu Sacré;Das Heilige Feuer;;el Fuego Sagrado;;;;;;;;;x
THE_FIRE;the Books of Fire;le Feu Sacré;Das Feuer;;el Fuego;;;;;;;;;x
black_goat;Black Goat of Qohor;Chèvre Noire de Qohor;Black Goat of Qohor;;Cabra Negra de Qohor;;;;;;;;;x
black_goat_DESC;The grim and sinister diety worhsipped by the people of Qohor.  The Black Goat is said to demand daily blood sacrifice from it's worhsippers and animals and prisones are constantly offered up at it's bloody altars.;La Chèvre Noire est une divinité vénérée à Qohor. La statuaire de la divinité semble se faire sous la forme d'une imposante chèvre à la toison broussailleuse, de la taille d'un auroch. Son culte semble jouir d'une mauvaise réputation et elle est considérée comme un avatar du dieu Multiface par les adorateurs de ce dernier.;;;La sombría y siniestra deidad que adoran las gentes de Qohor es la Cabra Negra. Se dice que exige sacrificios de sangre todos los días a sus fieles y que los animales y los presos son constantemente ofrecidos en sus sangrientos altares.;;;;;;;;;x
black_goat_FEATURES;§Y*§! Can sacrifice prisoners to the Black Goat;§Y*§! Peut sacrifier des prisonniers à la Chèvre Noire;;;§Y*§! Pueden sacrificar prisioneros a la Cabra Negra;;;;;;;;;x
GOD_THE_BLACK_GOAT;the Black Goat;Chèvre Noire de Qohor;Black Goat of Qohor;;La Cabra Negra de Qohor;;;;;;;;;x
trios;Trios;Trios;Trios;;Trios;;;;;;;;;x
trios_DESC;Trios is the three-headed god of Tyrosh.;Trios est le dieu à trois tête de Tyrosh.;;;Trios es una deidad tricéfala venerada en Essos. Hay una gran estatua de él cerca del Templo de Trios en Tyrosh. También hay una torre con tres torretas dedicada a Trios en Braavos.;;;;;;;;;x
GOD_TRIOS;The Trios;Trios;Trios;;Trios;;;;;;;;;x
GOD_THE_DRUNKEN_GOD;The Drunken God;Le Dieu Ivre;;;El Dios Borracho;;;;;;;;;x
gods_lorath;Gods of Lorath;Dieux de Lorath;;;Dioses de Lorath;;;;;;;;;x
gods_lorath_DESC;The Gods of Lorath are the gods worshipped by the peoples of the Free City of Lorath;Les Dieux de Lorath sont les dieux honorés par les habitants de la cité libre de Lorath;;;Los dioses de Lorath son los dioses adorados por los pueblos de la Ciudad Libre de Lorath.;;;;;;;;;x
GOD_LORATH;The Gods of Lorath;Les Dieux de Lorath;;;Los Dioses de Lorath;;;;;;;;;x
moonsingers;Moonsingers;Chantelunes;Moonsingers;;Cantoras Lunares;;;;;;;;;x
moonsingers_DESC;The Moonsingers are an ancient religion of western Essos, whose followers were driven out by the Valyrian Freehold, but were able to take refuge in the Free City of Braavos. As the city's founders, they have its greatest temple.;Les Chantelunes forment une ancienne religion à l'ouest d'Essos. Ils semblent que ce soient eux qui aient conduit les fondateurs de Braavos hors des Possessions de Valyria. Ayant joué un grand rôle dans les premières années de cette cité libre, c'est tout naturellement que les Chantelunes y possèdent leur plus grand temple. ;;;Las cantoras lunares son las sacerdotisas de los Jogos Nhai, una tribu nómada del Oriente Más Lejano. Sin embargo, su religión se ha extendido por Essos gracias a que varias cantoras lunares estaban entre los esclavos fugitivos que fundaron Braavos. ;;;;;;;;;x
moonsingers_FEATURES;§Y*§! Is a traditional anti-slavery religion\n§Y*§! Have a §G+5§! opinion boost with all other religions due to their religious tolerance\n§Y*§! Can choose another religion group to be their Syncretic Faith and recieve a §G+10§! opinion boost with its members;§Y*§! Est une religion traditionnellement contre l'esclavage;;;§Y*§! Es una religión tradicionalmente opuesta al esclavismo;;;;;;;;;x
GOD_MANY_FACED_GOD;the Many-Faced God;le Dieu Multiface;Gott der vielen Gesichter;;Dios de Muchos Rostros;;;;;;;;;x
bearded_priests;Bearded Priests;Prêtres à Barbe;Bearded Priests;;Clérigos Barbudos;;;;;;;;;x
bearded_priests_DESC;The Bearded Priests were originally a sect that abandoned Valyria, finding the religious tolerance of the Freehold intolerable. The Bearded Priests of Norvos worship a secret god who's name is revealed only to initates of the temple. These Bearded Priests are forbidden to cut their hair, wear only hair shirts and traditionally wed their axes.;Les Prêtres à Barbe de Norvos dirigent la cité. Des enfants sont donnés au temple. Leur entraînement dure jusqu'à au moins seize ans. À la fin de cette formation, les gardes formés « épousent » leur hallebarde qui sera leur arme pour la vie. À la fin de la cérémonie, les prêtres à barbe marquent au fer rouge le symbole d'une hallebarde sur la poitrine de l'étudiant, qui doit jurer de « servir, obéir et protéger »;;;Los Sacerdotes Barbudos de Norvos adoran a un dios cuyo nombre solo es revelado a los iniciados del templo. Los Sacerdotes Barbudos tienen prohibido cortarse el pelo y sólo visten cilicios, túnicas de tela áspera muy incómodas hechas para provocar incomodidad al que las lleva a modo de penintencia, y tradicionalmente se casan con sus hachas.;;;;;;;;;x
GOD_THE_AXE;The Axe;la Hache;The Axe;;La Alabarda;;;;;;;;;x
bearded_priest;Bearded Priest;Prêtre à Barbe;Bearded Priest;;Clérigo barbudo;;;;;;;;;x
bearded_priest_desc;This character is a Bearded Priest.;Ce personnage est un Prêtre à Barbe.;;;Este personaje es un clérigo barbudo.;;;;;;;;;x
ibben_rel;Ibbenese Gods;Ibbenese;;;Ibbenesa;;;;;;;;;x
gods_ibben;Gods of Ibben;Dieux d'Ibben;;;Dioses de Ibben;;;;;;;;;x
gods_ibben_DESC;The Gods of Ibben are the gods worshipped by the peoples of Ibben.;Les Dieux d'Ibben son les dieux honorés par les Ibbeniens;;;Los dioses de Ibben son los dioses adorados por los pueblos de Ibben.;;;;;;;;;x
GOD_IBBEN;The Gods of Ibben;Les Dieux d'Ibben;;;Los Dioses de Ibben;;;;;;;;;x
asshai_rel;Asshai'i;Asshai'i;;;Asshaíta;;;;;;;;;x
shadowbinders;Shadowbinders;Ensorceleur d'ombres;;;Domadores de Sombras;;;;;;;;;x
shadowbinders_DESC;Shadowbinders;Ensorceleur d'ombres;;;Los domadores de sombras son aquellos practicantes de la magia que emplean sombras para que hagan cumplir su voluntad. Posiblemente sean originarios de Asshai.;;;;;;;;;x
shadowbinder;Shadowbinder;Ensorceleur d'ombres;;;Domador de sombras;;;;;;;;;x
shadowbinder_desc;This character is a Shadowbinder.;Ce personnage est un ensorceleur d'ombres.;;;Este personaje es un domador de sombras;;;;;;;;;x
GOD_SHADOW;The Shadow;L'Ombre;;;La Sombra;;;;;;;;;x
ghiscar_rel;Ghiscari Gods;Ghiscari;;;Ghiscari;;;;;;;;;x
harpy;The Harpy;La Harpie;The Harpy;;La Arpía;;;;;;;;;x
harpy_DESC;The Harpy was the ancient goddess of the Ghiscari Empire, and she remains a powerful symbol for the Ghiscari people.;La Hapie était l'ancienne déesse de l'Empire Ghiscari, et reste encore un puissant symbole pour les Ghiscari. ;;;La Arpía era la antigua diosa del Imperio Ghiscari, y ella sigue siendo un poderoso símbolo para el pueblo Ghiscari.;;;;;;;;;x
GOD_HARPY;The Harpy;la Harpie;The Harpy;;La Arpía;;;;;;;;;x
sarnor_rel;Sarnori Gods;Sarnore;;;Sarnoresa;;;;;;;;;x
gods_sarnor;Gods of Sarnor;Dieux de Sarnor;;;Dioses de Sarnor;;;;;;;;;x
gods_sarnor_DESC;The Hundred Gods worshipped by the peoples of the Kingdom of Sarnor;Les Cent Dieux sont les dieux honorés par les habitants du royaume de Sarnor;;;Los dioses de Sarnor son los dioses adorados por los pueblos del Reino de Sarnor.;;;;;;;;;x
GOD_SARNOR;The Gods of Sarnor;Les Dieux de Sarnor;;;Los Dioses de Sarnor;;;;;;;;;x
sarnor_rel;Sarnori;Sarnore;;;Sarnoresa;;;;;;;;;x
bone_mountains_rel;Hyrkooni;Hyrkoon;;;Hyrkunesa;;;;;;;;;x
gods_bone_mountains;Gods of Hyrkoon;Dieux d'Hyrkoon;;;Dioses de Hyrkoon;;;;;;;;;x
gods_bone_mountains_DESC;The Gods of Hyrkoon are the gods worshipped by the peoples of the Bone Mountains;Les Dieux d'Hyrkoon sont les dieux honorés par les peuples des Montagnes des Os;;;Los dioses de Hyrkoon son los dioses adorados por los pueblos de las Montañas de los Huesos.;;;;;;;;;x
gods_bone_mountains_FEATURES;§Y*§! Can sacrifice prisoners to the Gods;§Y*§! Peut sacrifier des prisonniers aux dieux;;;§Y*§! Pueden sacrificar prisioneros a los Dioses;;;;;;;;;x
GOD_BONE_MOUNTAINS;The Gods of Hyrkoon;Les Dieux d'Hyrkoon;;;Los Dioses de Hyrkoon;;;;;;;;;x
qarth_rel;Qartheen Gods;Qarthien;;;Qarthiense;;;;;;;;;x
qarth_warlocks;Warlocks;Conjurateurs;Warlocks;;Brujos de Qarth;;;;;;;;;x
qarth_warlocks_DESC;The Warlocks of Qarth, the Blue Shadows.  Legends claim they have many strange powers and are able to see into the future and live for thousands of years thanks to the Shade of the Evening which they consume.;Les Conjurateurs de Qarth, guilde de sorciers prétendument dotée d'importants pouvoirs magiques.  Il semble que les conjurateurs passent pour détenir de nombreux savoirs occultes comme l'alchimie, le pouvoir de changer l'eau en vin et les hommes en femmes;;;Los brujos son los practicantes de la magia en la ciudad de Qarth. El centro de poder de los brujos es la Casa de los Eternos. Los brujos de Qarth son conocidos por vestir con largas túnicas. Suelen tener la piel pálida y los labios de color azul pálido, de beber color-del-ocaso.;;;;;;;;;x
GOD_UNDYING;The Undying;les Nonmourants;The Undying;;Los Eternos;;;;;;;;;x
yi_ti_rel;Yi Ti;Yitien;;;Yi Ti;;;;;;;;;x
yiti_gods;The Gods of Yi Ti;Les Dieux de Yi Ti;;;Dioses de Yi Ti;;;;;;;;;x
yiti_gods_DESC;A thousand different gods are worshipped in the Golden Empire of Yi Ti.  Chief among these is the Maiden Made of Light who was impregnated by the Lion of the Night and gave birth to the first Emperor of the Great Empire of the Dawn.;Mille Dieux différents sont honorés dans l'empire Doré de Yi Ti. Parmi les divinités principales, on trouve la Jouvencelle-de-Lumière qui fut fécondée par le Lion de la Nuit et donna naissance au Dieu-sur-Terre, premier empereur-dieu mythique du Grand Empire de l'Aube.;;;Un millar de dioses distintos son adorados en el Imperio Dorado de Yi Ti. El principal de ellos es la Doncella Hecha de Luz, que se unió al León de la Noche para dar a luz al Dios en la Tierra, el primer soberano del Gran Imperio del Amanecer.;;;;;;;;;x
GOD_MAIDEN_LIGHT;The Maiden Made of Light;Jouvencelle-de-Lumière;;;La Doncella de Luz;;;;;;;;;x
lion_night;Lion of the Night;Lion de la Nuit;;;León de la Noche;;;;;;;;;x
lion_night_DESC;The Lion of the Night;Le Lion de la Nuit;;;El León de Noche es un dios de Yi Ti. Parece ser frecuentemente representado como un hombre con cabeza de león sentado en un trono de ébano. De acuerdo a lo afirmado por los sacerdotes escribas de Yin, el León de Noche tuvo un hijo con la Doncella de Luz. Este hijo fue Dios en la Tierra, quien gobernó el Gran Imperio del Amanecer por diez mil años antes de ascender a los cielos para reunirse con sus ancestros. Los descendientes del Dios en la Tierra gobernaron el Imperio después de él, cada gobernante un tiempo más corto que el anterior, hasta que el hermano de la Emperatriz Amatista la derrocó, asesinó y se coronó como Emperador Sanguinaria, en lo que se conoció como la Traición de Sangre marcando el comienzo de la Larga Noche. Tras esto, la Doncella de Luz le dio la espalda al mundo y el León de Noche desencadenó su ira para castigar la maldad de los hombres. Algunos eruditos afirman que los Cinco Fuertes, que son anteriores al Imperio Dorado de Yi Ti, fueron edificados por el Emperador Perla para mantener al León de Noche y sus demonios lejos de los reinos de los hombres. Los Hombres sin Rostro creen que es sólo otra representación del Dios de Muchos Rostros. Hay una estatua de él en la Casa de Blanco y Negro. La estatua es frecuentemente visitada por hombres ricos. En Asshai también pueden encontrarse adoradores del León de Noche.;;;;;;;;;x
GOD_LION_NIGHT;The Lion of the Night;Le Lion de la Nuit;;;El León de la Noche;;;;;;;;;x
bakkalon;Bakkalon;Bakkalon;Bakkalon;;Bakkalon;;;;;;;;;x
bakkalon_DESC;Bakkalon, the Pale Child, is a spirit of death, often worshiped by soldiers.;Bakkalon, l'Enfant Blême, est une divinité de l'orient, souvent adoré par les guerriers et soldats.;;;Bakkalon, también conocido como El Niño Pálido, es una deidad, venerada principalmente por los soldados. Existe una estatua del dios en la Casa de Blanco y Negro en Braavos. En Asshai pueden encontrarse adoradores del Niño Pálido.;;;;;;;;;x
corsair_group;Corsair Gods;Corsaire;;;Corsario;;;;;;;;;x
corsair;Corsair;Corsaire;;;Corsario;;;;;;;;;x
corsair_DESC;Corsairs have only one god, and that is plunder.;Les corsaires n'ont qu'un dieu, le butin.;;;Los corsarios tienen un solo dios, y ese es el saqueo.;;;;;;;;;x
corsair_FEATURES;§Y*§! Can take captives as concubines\n§Y*§! Is a traditional slaver religion\n§Y*§! Vassals may renounce weak heirs;§Y*§! Peut prendre des captives comme concubines\n§Y*§! Est une religion traditionnellement esclavagiste\n§Y*§! Les vassaux peuvent démettre les héritiers faibles;;;§Y*§! Pueden tomar prisioneras como concubinas\n§Y*§! Es una religión tradicionalmente esclavista\n§Y*§! Los vasallos pueden deponer a los herederos débiles;;;;;;;;;x
pirate_group;Pirate Gods;Pirate;;;Pirata;;;;;;;;;x
pirate;Pirate;Pirate;;;Pirata;;;;;;;;;x
pirate_DESC;Pirates have only one god, and that is plunder.;Les pirates n'ont qu'un dieu, le butin have only one god.;;;Los piratas tienen un solo dios, y ese es el saqueo.;;;;;;;;;x
pirate_FEATURES;§Y*§! Can take captives as concubines\n§Y*§! Is a traditional slaver religion\n§Y*§! Vassals may renounce weak heirs;§Y*§! Peut prendre des captives comme concubines\n§Y*§! Est une religion traditionnellement esclavagiste\n§Y*§! Les vassaux peuvent démettre les héritiers faibles;;;§Y*§! Pueden tomar prisioneras como concubinas\n§Y*§! Es una religión tradicionalmente esclavista\n§Y*§! Los vasallos pueden deponer a los herederos débiles;;;;;;;;;x
GOD_BAKKALON;Bakkalon;Bakkalon;Bakkalon;;Bakkalon;;;;;;;;;x
GOD_THE_PALE_CHILD;the Pale Child;l'Enfant Blême;Das blasse Kind;;El Niño Pálido;;;;;;;;;x
THE_SOLDIER;the Soldier;le Soldat;Der Soldat;;El Soldado;;;;;;;;;x
many_faced_god;Many-Faced God;Dieu Multiface;Gott der vielen Gesichter;;Dios de Muchos Rostros;;;;;;;;;x
many_faced_god_DESC;The Faceless Men of Braavos say that there is one god worshiped by all - the god of death, who can be found behind many faces. In Qohor, he is the Black Goat. In Yi Ti, the Lion of Night. In Westeros, the Stranger. All of his faces are worshiped in their temple, the House of Black and White.;Les Sans-Visages de Braavos croient à Celui-qui-a-Maints-Visages. Le Dieu Multiface met un terme à la douleur et au besoin. A chaque naissance, il dépêche un ange qui suit la personne tout au long de sa vie. Quand péchés et souffrances deviennent trop considérables, l'ange mène le fidèle vers le dieu qui lui fait don de la mort. De nombreux autres dieux ne seraient que des avatars du dieu Multiface, c'est pourquoi ceux-ci sont également honorés à la Demeure du Noir et du Blanc. ;;;Los Hombres sin Rostro de Braavos dicen que hay un dios adorado por todos, el dios de la muerte, que se encuentra detrás de muchas caras. En Qohor, es la Cabra Negra. En Yi Ti, el León de la Noche. En Poniente, el Desconocido. Todas sus caras son veneradas en su templo, la casa de Blanco y Negro.;;;;;;;;;x
GOD_MANY_FACED_GOD;the Many-Faced God;le Dieu Multiface;Gott der vielen Gesichter;;El Dios de Muchos Rostros;;;;;;;;;x
rhoynar_pagan;Mother Rhoyne;Rivière Mère;Mutter Rhoyne;;Madre Rhoyne;;;;;;;;;x
rhoynar_pagan_DESC;The river Rhoyne is the greastest river of western Essos, whose banks gave rise to the Rhoynar people. The Rhoynar worship her as Mother Rhoyne, and say that her sons, the Crab King and the Old Man of the River, fight each other for dominion of all life beneath the sea.;Le fleuve Rhoyne est le plus grand cours d'eau à l'ouest d'Essos. C'est sur ses berges qu'apparut le peuple Rhoynar. Celui-ci l'honora sous le nom de la Rivière Mère, à la tête d'un panthéon qui comprenait ses deux fils, le Roi Crabe et le Vieil Homme du Fleuve, qui s'affrontaient pour dominer l'ensemble des créatures vivant dans l'eau des rivières.;;;La Madre Rhoyne es la diosa principal de los Rhoynar y es una personificación de su hogar ancestral, el río Rhoyne. También se la llama Madre Río. La religión tiene otros dioses menores, como el Viejo del Río, una tortuga que luchó contra el Rey Cangrejo para lograr el dominio subacuático. En Dorne, los Huérfanos del Sangreverde siguen adorando a los dioses de los Rhoynar. ;;;;;;;;;x
rhoynar_pagan_FEATURES;§Y*§! Is a traditional anti-slavery religion;§Y*§! Est une religion traditionnellement contre l'esclavage;;;§Y*§! Es una religión tradicionalmente opuesta al esclavismo;;;;;;;;;x
GOD_MOTHER_RHOYNE;Mother Rhoyne;Rivière Mère;Mutter Rhoyne;;Madre Rhoyne;;;;;;;;;x
GOD_OLD_MAN_RIVER;the Old Man of the River;Vieil Homme de la Rivière;Alter Mann des Flusses;;Viejo del Río;;;;;;;;;x
GOD_CRAB_KING;the Crab King;Roi Crabe;Krabbenkönig;;Rey Cangrejo;;;;;;;;;x
nath_pagan;God of Harmony;Maître de l'Harmonie;Gott der Harmonie;;Señor de la Armonía;;;;;;;;;x
nath_pagan_DESC;The people of Naath believe in only one god, the Lord of Harmony, who is attended by butterfly women and who created the moon, the stars, the Earth, and all the creatures that dwell upon them. Sacred butterfly spirits are said to protect Naath from all those who would do them harm.;Le peuple de Naath croit en un unique dieu créateur, le Maître de l'Harmonie. Il est servi selon cette religion par des nuées de femmes-papillons éphémères, qui protègent Naath de tous ceux qui voudraient faire du mal à ses habitants. ;;;Los habitantes de Naath creen en un solo dios, el Señor de la Armonía, que es atendido por las mujeres de la mariposa y que creó la luna, las estrellas, la Tierra, y todas las criaturas que habitan en ellas. Sagrados espíritus de las mariposas protegen Naath de todos aquellos que les quieren hacer daño.;;;;;;;;;x
nath_pagan_FEATURES;§Y*§! Is traditionally pacifist\n§Y*§! Is a traditional anti-slavery religion;§Y*§! Est une religion traditionnellement contre l'esclavage\n§Y*§! Est traditionnellement pacifiste;;;Los habitantes de Naath creen en un solo dios, el Dios de la Armonía, que es atendido por las mujeres de la mariposa y que creó la luna, las estrellas, la Tierra, y todas las criaturas que habitan en ellas. Sagrados espíritus de las mariposas protegen Naath de todos aquellos que les quieren hacer daño.;;;;;;;;;x
nath_pagan_ahimsa_tooltip;This act violates the Naathi doctrine of non-violence;Cette action viole la non violence prônée par les Naathis;;;Este acto viola las leyes de no-violencia de Naath;;;;;;;;;x
GOD_LORD_HARMONY;the Lord of Harmony;le Maître de l'Harmonie;Gott der Harmonie;;El Señor de la Armonía;;;;;;;;;x
jogos_rel_group;Jogos Nhai Gods;Jogos Nhai;;;Jogos Nhai;;;;;;;;;x
jogos_pagan;Jogos Nhai Moonsingers;Chantelunes des Jogos Nhai;;;Cantoras Lunares de los Joghos Nhai;;;;;;;;;x
jogos_pagan_DESC;A nomadic band of Jogos Nhai is commanded by a jhat, or war chief, and a moonsinger, who combines the roles of priestess, healer, and judge. Jogos Nhai bands do not make war upon one another, as the gods forbid them to shed the blood of their own people. Instead, in rituals hallowed by the gods, young men ride out to steal goats, zorses, and dogs from other bands, whilst girls go forth to abduct husbands.;Les Jogos Nhai sont des nomades vivant en bande commandée par un jhat et un chantelune qui combine les rôles de prêtrese, soigneuse et juge. Les Jogos Nhai ne se font pas la guerre entre eux et les dieux leur interdisent de verser le sang d'un des leurs. Certains jeunes hommes volent à d’autres groupes des chèvres, des chiens et des zéquions, et leurs sœurs vont enlever des maris, mais ce sont des rituels consacrés par les dieux des plaines;;;"La religión de las cantoras lunares es prominente entre los Jogos Nhai. Cada grupo está al mando de un jhat, o jefe de guerra, y de una cantora lunar, que desempeña las labores de sacerdotisa, curandera y juez. El jhat los lidera en guerras, batallas e incursiones, mientras que la cantora lunar se encarga de los demás asuntos. Aunque los jhats suelen ser hombres y las cantoras lunares mujeres, no es inaudito que haya un jhat mujer o un cantor lunar. Los extranjeros suelen no percibir esto pues una mujer que elige ser guerrero debe vestir y vivir como un hombre, de la misma manera que un hombre que elige ser cantora debe vivir y vestir como mujer. Los dioses de los jogos nhai les prohíben derramar la sangre de su propia gente. Aunque los jóvenes roban perros, cabras y cebrallos de otras bandas y las muchachas salen a secuestrar maridos, no hay derramamiento de sangre; se trata, en verdad, de rituales santificados por sus dioses. Practican, además, rituales diseñados para ayudar a las mujeres en los partos, durante los cuales se cantan cánticos mágicos. Es una religión de gran tolerancia con las creencias ajenas, así como con el origen racial y étnico de las personas debido a las circunstancias de su nacimiento.";;;;;;;;;x
jogos_pagan_FEATURES;§Y*§! Nomadic moonsingers are forbidden from making war on eachother. Only unmarried men can be kidnapped, and grazing land stolen, whilst looting\n§Y*§! Nomadic moonsinger clans can offer eachother protection diplomatically;§Y*§! Les chantelunes nomades ne peuvent pas faire la guerre entre eux. Seuls les hommes non mariés peuvent être enlevés et leurs terres volées\n§Y*§! Les clans nomades chantelunes peuvent s'offir une protection diplomatique;;;§Y*§! Les chantelunes nomades ne peuvent pas faire la guerre entre eux. Seuls les hommes non mariés peuvent être enlevés et leurs terres volées\n§Y*§! Les clans nomades chantelunes peuvent s'offir une protection diplomatique;;;;;;;;;x
GOD_JOGOS;Gods of the Jogos Nhai;Dieux des Jogos Nhai;;;Cantoras Lunares de los Joghos Nhai;;;;;;;;;x
dothraki_rel_group;Dothraki Gods;Dothraki;;;Dothraki;;;;;;;;;x
dothraki_pagan;Great Stallion;Grand Etalon;Grosse Hengst;;Dios Caballo;;;;;;;;;x
dothraki_pagan_DESC;The Dothraki believe in a Great Stallion who watches over the world. According to their legends, the first man rode out from the Womb of the World beneath the Mother of Mountains, atop the first horse. The Dothraki believe that the stars are a herd of horses galloping across the sky, and that when a dead Dothraki is burned, his spirit becomes on of them.;Les Dothrakis croient en un Grand Etalon qui surveille le monde. Selon leurs légendes, le premier homme est issu du Nombril du Monde, au-delà de la Mère des Montagnes, et montait le premier cheval. Ils pensent que les étoiles sont des chevaux de feu issus des âmes des défunts, galopant la nuit dans les prairies du firmament, et lorsqu'un dothraki meurt et est incinéré, son esprit devient l'un d'eux. ;;;Los Dothraki creen en un Gran Semental que vela por el mundo. Según sus leyendas, el primer hombre salió a caballo del Útero del Mundo debajo de la Madre de las Montañas, a lomos del primer caballo. Los Dothraki creen que las estrellas son una manada de caballos al galope a través del cielo, y que cuando un Dothraki muerto es incinerado, su espíritu se convierte en una de ellas.;;;;;;;;;x
GOD_GREAT_STALLION;the Great Stallion;le Grand Etalon;Grosse Hengst;;El Dios Caballo;;;;;;;;;x
the_other_group;The Other;L'Autre;Der Andere;;Gran Otro;;;;;;;;;x
the_other;The Other;L'Autre;Der Andere;;Gran Otro;;;;;;;;;x
the_other_DESC;The followers of R'hllor claim that there is another god, his equal and opposite, the Great Other, and that the mysterious beings that lie beyond the Wall are his servants.;Les serviteurs de R'hllor disent qu'il y a un autre dieu, le dieu sans nom, le Grand Autre, l'ennemi et l'égal de R'hllor, qui vivrait Au-delà du Mur avec ses serviteurs. ;;;El Gran Otro es el dios de la oscuridad, el frío y la muerte. Su verdadero nombre nunca es nombrado. Es considerado el enemigo de R'hllor, el Señor de la Luz. Los seguidores de R'hllor creen que sólo hay dos dioses, R'hllor y el Gran Otro, quienes se enfrascan en una guerra eterna por el destino del mundo. Todas las fuerzas de la oscuridad, el frío y la muerte son los servidores del Gran Otro.;;;;;;;;;x
GOD_THE_OTHER;the Other;l'Autre;Der Andere;;El Gran Otro;;;;;;;;;x
GOD_LORD_DARKNESS;the Lord of Darkness;le Seigneur des Ténèbres;Herr der Finsternis;;El Dios de la Oscuridad;;;;;;;;;x
GOD_ICE;the God of Ice;le Dieu de la glace;Gott des Eises;;El Dios del Hielo;;;;;;;;;x
moraq_rel;Moraqi;Moraqi;;;Moraqi;;;;;;;;;x
stone_cow;Stone Cow of Faros;Vache en pierre de Faros;;;Vaca de Piedra de Faros;;;;;;;;;x
stone_cow_DESC;The peoples of Faros worship and venerate the Stone Cow.;Les habitants de Faros croient en la Vache en pierre;;;Las Vacas de Piedra de Faros son unas vacas de piedra originarias de la ciudad de Faros, lugar donde se veneran.;;;;;;;;;x
GOD_STONE_COW;The Stone Cow;Vache en pierre de Faros;;;La Vaca de Piedra;;;;;;;;;x
nghai_rel;N'Ghai;N'Ghai;;;N'Ghai;;;;;;;;;x
gods_nghai;Gods of N'Ghai;Dieux de N'Ghai;;;Dioses de N'Ghai;;;;;;;;;x
gods_nghai_DESC;The strange gods worshipped by the peoples of N'Ghai;Les étranges dieux honorés par les habitants de N'Ghai;;;Los extraños dioses adorados por los pueblos de N'Ghai.;;;;;;;;;x
GOD_NGHAI;The Gods of Nghai;Les Dieux de Nghai;;;Dioses de N'Ghai;;;;;;;;;x
burned_peasant;Burned a Peasant;A brûlé un paysan;;;Ha quemado un campesino;;;;;;;;;x
septon;Septon;Septon;;;Septón;;;;;;;;;x
septon_desc;This character is a member of the male clergy of the Faith of the Seven;Ce personnage est membre du clergé de la Foi des Sept;;;Este personaje es un miembro del clero masculino de la Fe de los Siete;;;;;;;;;x
septa;Septa;Septa;;;Septa;;;;;;;;;x
septa_desc;This character is a member of the female clergy of the Faith of the Seven;Ce personnage est membre du clergé de la Foi des Sept;;;Este personaje es un miembro del clero femenino de la Fe de los Siete;;;;;;;;;x
title_septon;Septon;Septon;;;Septón;;;;;;;;;x
title_septon_desc;This character is a member of the male clergy of the Faith of the Seven;Ce personnage est membre du clergé de la Foi des Sept;;;Este personaje es un miembro del clero masculino de la Fe de los Siete;;;;;;;;;x
title_septa;Septa;Septa;;;Septa;;;;;;;;;x
title_septa_desc;This character is a member of the female clergy of the Faith of the Seven;Ce personnage est membre du clergé de la Foi des Sept;;;Este personaje es un miembro del clero femenino de la Fe de los Siete;;;;;;;;;x
job_spiritual;Priest;Prêtre;;;Sacerdote;;;;;;;;;x
job_spiritual_the_seven;Septon;Septon;;;Septón;;;;;;;;;x
job_spiritual_drowned_god;Drowned Man;Noyé;;;Hombre Ahogado;;;;;;;;;x
job_spiritual_storm_god;Storm Man;Prêtre de l'Orage;;;Hombre Tormenta;;;;;;;;;x
job_spiritual_rhllor;Red Priest;Prêtre Rouge;;;Sacerdote Rojo;;;;;;;;;x
job_spiritual_dothraki_pagan;Shaman;Chaman;Schamane;;Chamán;;;;;;;;;x
job_spiritual_qarth_warlocks;Warlock;Conjurateur;;;Brujo;;;;;;;;;x
job_spiritual_harpy;Grace;Grâce;;;Gracia;;;;;;;;;x
job_spiritual_shadowbinders;Shadowbinder;Ensorceleur d'ombres;;;Portador de Sombras;;;;;;;;;x
job_spiritual_valyrian;Stormsinger;Enchanteur de tornades;;;Bardo de Tormenta;;;;;;;;;x
job_spiritual_jogos_pagan;Moonsinger;Chantelune;;;Cantora Lunar;;;;;;;;;x
job_spiritual_pirate;Priest;Prêtre;;;Sacerdote;;;;;;;;;x
job_spiritual_corsair;Priest;Prêtre;;;Sacerdote;;;;;;;;;x
job_spiritual_great_shepherd;Godswife;;;;;;;;;;;;;x
city_job_spiritual_the_seven;Septon;Septon;;;Septón;;;;;;;;;x
city_job_spiritual_drowned_god;Drowned Man;Noyé;;;Hombre Ahogado;;;;;;;;;x
city_job_spiritual_storm_god;Storm Man;Prêtre de l'Orage;;;Hombre Tormenta;;;;;;;;;x
city_job_spiritual_rhllor;Red Priest;Prêtre Rouge;;;Sacerdote Rojo;;;;;;;;;x
city_job_spiritual_dothraki_pagan;Shaman;Chaman;Schamane;;Chamán;;;;;;;;;x
city_job_spiritual_qarth_warlocks;Warlock;Conjurateur;;;Brujo;;;;;;;;;x
city_job_spiritual_harpy;Grace;Grâce;;;Gracia;;;;;;;;;x
city_job_spiritual_shadowbinders;Shadowbinder;Ensorceleur d'ombres;;;Portador de sombras;;;;;;;;;x
city_job_spiritual_valyrian;Stormsinger;Enchanteur de tornades;;;Bardo de Tormenta;;;;;;;;;x
city_job_spiritual_jogos_pagan;Moonsinger;Chantelune;;;Cantora Lunar;;;;;;;;;x
LP_job_spiritual_the_seven;Septon;Septon;;;Septón;;;;;;;;;x
LP_job_spiritual_drowned_god;Drowned Man;Noyé;;;Hombre Ahogado;;;;;;;;;x
LP_job_spiritual_storm_god;Storm Man;Prêtre de l'Orage;;;Hombre Tormenta;;;;;;;;;x
LP_job_spiritual_rhllor;Red Priest;Prêtre Rouge;;;Sacerdote Rojo;;;;;;;;;x
LP_job_spiritual_dothraki_pagan;Shaman;Chaman;Schamane;;Chamán;;;;;;;;;x
LP_job_spiritual_qarth_warlocks;Warlock;Conjurateur;;;Brujo;;;;;;;;;x
LP_job_spiritual_harpy;Grace;Grâce;;;Gracia;;;;;;;;;x
LP_job_spiritual_shadowbinders;Shadowbinder;Ensorceleur d'ombres;;;Portador de sombras;;;;;;;;;x
LP_job_spiritual_valyrian;Stormsinger;Enchanteur de tornades;;;Bardo de Tormenta;;;;;;;;;x
LP_job_spiritual_jogos_pagan;Moonsinger;Chantelune;;;Cantora Lunar;;;;;;;;;x
nomadic_job_spiritual_the_seven;Septon;Septon;;;Septón;;;;;;;;;x
nomadic_job_spiritual_drowned_god;Drowned Man;Noyé;;;Hombre Ahogado;;;;;;;;;x
nomadic_job_spiritual_storm_god;Storm Man;Prêtre de l'Orage;;;Hombre Tormenta;;;;;;;;;x
nomadic_job_spiritual_rhllor;Red Priest;Prêtre Rouge;;;Sacerdote Rojo;;;;;;;;;x
nomadic_job_spiritual_dothraki_pagan;Shaman;Chaman;Schamane;;Chamán;;;;;;;;;x
nomadic_job_spiritual_qarth_warlocks;Warlock;Conjurateur;;;Brujo;;;;;;;;;x
nomadic_job_spiritual_harpy;Grace;Grâce;;;Gracia;;;;;;;;;x
nomadic_job_spiritual_shadowbinders;Shadowbinder;Ensorceleur d'ombres;;;Portador de sombras;;;;;;;;;x
nomadic_job_spiritual_valyrian;Stormsinger;Enchanteur de tornades;;;Bardo de Tormenta;;;;;;;;;x
nomadic_job_spiritual_jogos_pagan;Moonsinger;Chantelune;;;Cantora Lunar;;;;;;;;;x
tribal_job_spiritual_the_seven;Septon;Septon;;;Septón;;;;;;;;;x
tribal_job_spiritual_drowned_god;Drowned Man;Noyé;;;Hombre Ahogado;;;;;;;;;x
tribal_job_spiritual_storm_god;Storm Man;Prêtre de l'Orage;;;Hombre Tormenta;;;;;;;;;x
tribal_job_spiritual_rhllor;Red Priest;Prêtre Rouge;;;Sacerdote Rojo;;;;;;;;;x
tribal_job_spiritual_dothraki_pagan;Shaman;Chaman;Schamane;;Chamán;;;;;;;;;x
tribal_job_spiritual_qarth_warlocks;Warlock;Conjurateur;;;Brujo;;;;;;;;;x
tribal_job_spiritual_harpy;Grace;Grâce;;;Gracia;;;;;;;;;x
tribal_job_spiritual_shadowbinders;Shadowbinder;Ensorceleur d'ombres;;;Portador de sombras;;;;;;;;;x
tribal_job_spiritual_valyrian;Stormsinger;Enchanteur de tornades;;;Bardo de Tormenta;;;;;;;;;x
tribal_job_spiritual_jogos_pagan;Moonsinger;Chantelune;;;Cantora Lunar;;;;;;;;;x
NW_job_spiritual_the_seven;Septon;Septon;;;Septón;;;;;;;;;x
NW_job_spiritual_drowned_god;Drowned Man;Noyé;;;Hombre Ahogado;;;;;;;;;x
NW_job_spiritual_storm_god;Storm Man;Prêtre de l'Orage;;;Hombre Tormenta;;;;;;;;;x
NW_job_spiritual_rhllor;Red Priest;Prêtre Rouge;;;Sacerdote Rojo;;;;;;;;;x
NW_job_spiritual_dothraki_pagan;Shaman;Chaman;Schamane;;Chamán;;;;;;;;;x
NW_job_spiritual_qarth_warlocks;Warlock;Conjurateur;;;Brujo;;;;;;;;;x
NW_job_spiritual_harpy;Grace;Grâce;;;Gracia;;;;;;;;;x
NW_job_spiritual_shadowbinders;Shadowbinder;Ensorceleur d'ombres;;;Portador de sombras;;;;;;;;;x
NW_job_spiritual_valyrian;Stormsinger;Enchanteur de tornades;;;Bardo de Tormenta;;;;;;;;;x
NW_job_spiritual_jogos_pagan;Moonsinger;Chantelune;;;Cantora Lunar;;;;;;;;;x
desc_job_spiritual;The §Y$JOB$§! is your personal advisor on matters of the faith;Le §Y$JOB$§! est votre conseiller personnel en matière de foi. ;;;El §Y$JOB$§! es tu consejero personal en materia de fe.;;;;;;;;;x
EVTDESCreligious.2;I want a church career;Je veux une carrière religieuse;;;Quiero una carrera religiosa;;;;;;;;;x
EVTDESCreligious.3;[Root.PrimaryTitle.GetFOA], I, [From.GetTitledFirstName], sincerely ask that I be allowed to pursue a career as a [From.Religion.GetPriestTitle] of [From.Religion.GetName], so that I can fully dedicate myself to studying [From.Religion.GetScriptureName] and worshipping [From.Religion.GetHighGodName].;[Root.PrimaryTitle.GetFOA], moi [From.GetTitledFirstName], demande sincérement à être autorisé(e) à devenir [From.Religion.GetPriestTitle] de [From.Religion.GetName], dans l'espoir de pouvoir me concsacrer à l'étude de [From.Religion.GetScriptureName] et au culte de [From.Religion.GetHighGodName].;;;[Root.PrimaryTitle.GetFOA], Yo, [From.GetTitledFirstNameWithDynastyAndTitleNoRegnal], solicito hacer una carrera al servicio de [Root.Religion.GetName], con la esperanza de que algún día pueda formar parte de ellos.;;;;;;;;;x
TOOLTIPreligious.3TEMPLE;[From.GetTitledFirstName] leaves [Root.Capital.GetName] to study to become a [From.Religion.GetPriestTitle] of [From.Religion.GetName]\n;[From.GetTitledFirstName] quitte [Root.Capital.GetName] pour étudier et devenir un [From.Religion.GetPriestTitle] de [From.Religion.GetName]\n;;;[From.GetTitledFirstName] deja [Root.Capital.GetName] para estudiar y convertirse en un [From.Religion.GetPriestTitle] de [From.Religion.GetName]\n;;;;;;;;;x
opinion_studying_religion;Studying to Become Priest;Etudie pour devenir prêtre;;;Estudiando para convertirse en sacerdote;;;;;;;;;x
EVTDESCreligious.4;After many years of studying [Root.Religion.GetScriptureName], I have been deemed worthy to be counted as a [From.Religion.GetPriestTitle] of the [Root.Religion.GetName] faith.;Après de nombreuses années à étudier le(a)(es) [Root.Religion.GetScriptureName], j'ai été jugé(e) digne de devenir [From.Religion.GetPriestTitle] de [Root.Religion.GetName].;;;Después de muchos años de estudio de [Root.Religion.GetScriptureName], me han considerado digno de pertenecer a [Root.Religion.GetName].;;;;;;;;;x
EVTDESCreligious.5;After many years of studying [From.Religion.GetScriptureName], your [From.GetRootRelation] [From.GetFirstName] has been deemed worthy to be counted as a [From.Religion.GetPriestTitle] of the [From.Religion.GetName] faith.;Après de nombreuses années à étudier le(a)(es) [From.Religion.GetScriptureName], votre [From.GetRootRelation] [From.GetFirstName] a été jugé(e) digne d'appartenir au clergé de devenir [From.Religion.GetPriestTitle] de  [From.Religion.GetName].;;;Después de muchos años de estudio de [Root.Religion.GetScriptureName], tu [From.GetRootRelation] [From.GetFirstName] ha sido considerado digno de pertenecer a [Root.Religion.GetName].;;;;;;;;;x
EVTDESCreligious.5B;After many years of studying and training in the use of a longaxe, your [From.GetRootRelation] [From.GetFirstName] has been deemed worthy to be initiated into the Bearded Priests. The secret name of our god has been revealed to [From.GetHerHim], and [From.GetSheHe] has been branded across [From.GetHerHis] chest with an axe. [From.GetSheHeCap] is now forbidden to cut [From.GetHerHis] hair. [From.GetSheHeCap] is now also 'sworn to [From.GetHerHis] axe', and has vowed to 'Serve, Obey, Protect.';Après de nombreuses années à étudier le(a)(es) [From.Religion.GetScriptureName], votre [From.GetRootRelation] [From.GetFirstName] a été jugé(e) digne d'appartenir au clergé de devenir [From.Religion.GetPriestTitle] de  [From.Religion.GetName].;;;Después de muchos años de estudio de [Root.Religion.GetScriptureName], tu [From.GetRootRelation] [From.GetFirstName] ha sido considerado digno de pertenecer a [Root.Religion.GetName].;;;;;;;;;x
EVTDESCreligious.6;The Faith of the Seven is ruled by a council of the highest ranking clergy of the Faith called the Most Devout. The Most Devout are led by the High Septon, an office elected by the Most Devout. Although the High Septon is usually elected from among the Most Devout, this is not a requirement.;La Foi des Sept est dirigée par un concile réunissant des septons et des septas se trouvant au sommet de la hiérarchie du clergé de la Foi et que l'on appelle Leurs Saintetés. Leurs Saintetés sont menées par le Grand Septon qu'ils élisent. Bien que la plupart des Grands Septons sont élus au sein des membres du concile, cela n'est pas obligatoire.;;;La Fe de los Siete está dirigida por un consejo de septones llamados los Máximos Devotos. Los Máximos Devotos están dirigidos por el Septón Supremo, al que eligen ellos mismos. Aunque el Septón Supremo es generalmente elegido entre los Máximos Devotos, esto no es obligatorio.;;;;;;;;;x
EVTOPTAreligious.6;How many do we have?;Combien en avons-nous ?;;;Cuántos tenemos?;;;;;;;;;x
EVTDESCreligious.7;[Root.PrimaryTitle.GetFOA], a seat on the council of The Most Devout is vacant.;[Root.PrimaryTitle.GetFOA], un siège au concile de Leurs Saintetés est vacant. ;;;[Root.PrimaryTitle.GetFOA], un asiento en el consejo de los Máximos Devotos esta vacante.;;;;;;;;;x
EVTOPTAreligious.7;We must scour the realm for a worthy Septon!;Nous devons chercher dans le royaume un Septon digne de cet honneur !;;;Debemos buscar en el reino a un Septón digno!;;;;;;;;;x
EVTDESCreligious.8;I have been selected to assume a postion on the council of The Most Devout!;J'ai été choisi pour participer au concile de Leurs Saintetés !;;;He sido elegido para asumir una puesto en el consejo de los Máximos Devotos!;;;;;;;;;x
EVTDESCreligious.9;[Root.PrimaryTitle.GetFOA], I have been offered a chance to become a member of the Most Devout, the council of the highest ranking Septons of the Faith of the Seven. This is a prestigious post so I must accept. \n\nYours humbly, Septon [From.GetFirstName];[Root.PrimaryTitle.GetFOA], on m'a offert la chance de devenir un membre de Leurs Saintetés, le concile des Septons se trouvant au sommet de la hiérarchie de la Foi des Sept. C'est une position prestigieuse que je devrais accepter.\n\nVotre Très Humble Serviteur, Septon [From.GetFirstName];;;[Root.PrimaryTitle.GetFOA], me han ofrecido la oportunidad de convertirme en miembro de los Máximos Devotos, el consejo de los septones de más alto rango de la Fe de los Siete. Se trata de un puesto prestigioso que debo aceptar. \n\nHumildemente sincero, Septón [From.GetFirstName];;;;;;;;;x
EVTOPTAreligious.9;He is truly pious;Il est d'une piété indéniable;;;Él es verdaderamente piadoso;;;;;;;;;x
EVTDESCreligious.10;My time has past, now the Most Devout will select my successor;Mon temps n'est plus, leurs Saintetés vont me désigner un successeur;;;Mi tiempo ha pasado, ahora los Máximos Devotos seleccionarán a mi sucesor;;;;;;;;;x
EVTDESCreligious.11;[Root.PrimaryTitle.GetFOA], tragic news, his holiness the High Septon has passed away, the Gods losing their worldy avatar.;[Root.PrimaryTitle.GetFOA], noires ailes, noires nouvelles, sa sainteté le Grand Septon n'est plus, les Dieux ont perdu leur représentant. ;;;[Root.PrimaryTitle.GetFOA], trágicas noticias, su santidad el Septón Supremo ha fallecido, los Dioses pierden a su representante en el mundo.;;;;;;;;;x
EVTOPTAreligious.11;A successor must be selected!;Un successeur doit être désigné !;;;Un sucesor debe ser escogido!;;;;;;;;;x
TOOLTIPSELECTHIGHSEPTON;The Most Devout will convene and select a new High Septon. For three months you will be able to nominate anyone as your preferred successor via personal interaction. The Most Devout are far less likely to choose anyone who is not on the council of the Most Devout themselves.\n;Leurs Saintetés vont se réunir et désigner un nouveau Grand Septon. Durant trois mois, vous aurez la possibilité de nommer n'importe qui comme votre successeur préféré via le menu d'interaction personnelle. Leurs Saintetés sont bien moins disposées à choisir quelqu'un qui n'est pas lui-même membre du concile.\n;;;Los Máximos Devotos se reunirán y designarán a un nuevo Septón Supremo. Durante tres meses, serás capaz de nombrar a tu sucesor preferido a través de una interacción personal. Los Máximos Devotos son mucho menos propensos a elegir a alguien que no está en el Consejo de los Máximos Devotos.\n;;;;;;;;;x
EVTDESCreligious.13;The Most Devout have selected me to become the new High Septon and leader of the Faith of the Seven! I will hereby renounce my worldly name, as I am no longer a man, but an avatar of the Gods themselves!;Leurs Saintetés m'ont choisi pour devenir le nouveau Grand Septon, le chef de la Foi des Sept ! Je renonce dès maintenant à mon nom, car je ne suis plus désormais un homme mais l'incarnation des Dieux ! ;;;Los Máximos Devotos me han elegido para convertirme en el nuevo Septón Supremo y líder de la Fe de los Siete! Por la presente renuncio a mi nombre, ya que ya no soy un hombre, soy el representante de los propios Dioses!;;;;;;;;;x
EVTDESCreligious.14;[Root.PrimaryTitle.GetFOA], after much talk, the Most Devout have finally selected a new High Septon. His Holiness has renounced any worldy name, as he is no longer a man, but an avatar of the Gods themselves.;[Root.PrimaryTitle.GetFOA], après bien des débats et des discussions, Leurs Saintetés ont finalement désigné un nouveau Grand Septon. Sa Sainteté a renoncé à son nom car il n'est plus un homme désormais, mais l'incarnation des Dieux. ;;;[Root.PrimaryTitle.GetFOA], tras muchos debates y discusiones, los Máximos Devotos finalmente han designado un nuevo Septón Supremo. Su Santidad ha renunciado a cualquier nombre del viejo mundo, ya que ya no es un hombre, sino el representante de los Dioses.;;;;;;;;;x
EVTOPTAreligious.14;May his reign be blessed!;Que son règne soit béni !;;;Que su reinado sea bendito!;;;;;;;;;x
EVTOPTBreligious.14;He doesn't seem godly to me;Il ne me semble pas si divin que cela…;;;No me parece tan divino;;;;;;;;;x
EVTOPTCreligious.14;They have chosen wisely;Leur choix a été dicté par la sagesse;;;Han elegido sabiamente;;;;;;;;;x
EVTOPTDreligious.14;They will regret ignoring me;Ils regretteront de m'avoir ignoré;;;Se arrepentirán por ignorarme;;;;;;;;;x
TOOLTIPEVTOPTCreligious.14;The believers of the Faith in your realm will be displeased with you for choosing a non Septon as High Septon;Les adeptes de la Foi vivant dans votre Royaume seront mécontents d'apprendre que vous avez choisi quelqu'un qui n'est pas Septon pour devenir le prochain Grand Septon;;;Los creyentes de la Fe en el Reino se disgustarán contigo por elegir a alguien que no es Septón como Septón Supremo;;;;;;;;;x
high_septon;Nominate as High Septon;Nommer comme Grand Septon;;;Nominar como Septón Supremo;;;;;;;;;x
high_septon_desc;A new High Septon is needed, let the Most Devout know that you would prefer [Root.GetTitle] [Root.GetFirstName] to be the next High Septon.;Il faut un nouveau Grand Septon, laissez Leurs Saintetés savoir que vous avez une préférence pour [Root.GetTitle] [Root.GetFirstName].;;;Se necesita de un nuevo Septón Supremo, haced saber a los Máximos Devotos tu preferencia para que [Root.GetTitle] [Root.GetFirstName] sea el próximo Septón Supremo.;;;;;;;;;x
opinion_refused_church_career;Refused Holy Career;A refusé une Sainte Carrière;;;Ha rechazado una carrera santa;;;;;;;;;x
opinion_preferred_high_septon;Preferred High Septon;Grand Septon préféré;;;Gran Septón preferido;;;;;;;;;x
opinion_selected_non_septon;Chose Unholy High Septon;A choisi un Grand Septon impie;;;Ha elegido un Septón Supremo profano;;;;;;;;;x
opinion_not_preferred_high_septon;Ignored High Septon Nomination;A ignoré la nomination comme Grand Septon;;;Ha ignorado la nominación como Septón Supremo;;;;;;;;;x
TOOLTIPreligious.15;will consider your nomination offer;va considérer votre offre de nomination;;;considerará tu oferta de nominación;;;;;;;;;x
EVTDESCreligious.15;Should I be High Septon?;Devrais-je devenir Grand Septon ?;;;¿Debo ser el Septón Supremo?;;;;;;;;;x
EVTDESCreligious.16;[Root.PrimaryTitle.GetFOA], I am delighted to accept your most gracious offer of being your preferred High Septon.\n\nYours humbly, [From.GetTitledFirstNameWithDynastyAndTitleNoRegnal];[Root.PrimaryTitle.GetFOA], je suis enchanté d'accepter votre très gracieuse offre de soutien pour devenir Grand Septon.\n\nVotre Très Humble Serviteur, [From.GetTitledFirstNameWithDynastyAndTitleNoRegnal];;;[Root.PrimaryTitle.GetFOA], estoy encantado de aceptar tu oferta de ser vuestro Septón Supremo preferido.\n\nHumildemente suyo, [From.GetTitledFirstNameWithDynastyAndTitleNoRegnal];;;;;;;;;x
EVTOPTAreligious.16;Now the Most Devout must pick him;Maintenant Leurs Saintetés doivent le choisir;;;Ahora los Máximos Devotos deben elegirle;;;;;;;;;x
EVTDESCreligious.17;[Root.PrimaryTitle.GetFOA], your offer is generous, but I must decline. I fear I would make a poor High Septon.\n\nYours, [From.GetTitledFirstNameWithDynastyAndTitleNoRegnal];[Root.PrimaryTitle.GetFOA], votre offre est généreuse, mais je me vois dans l'obligation de la décliner. J'ai bien peur de n'être pas à la hauteur d'un tel honneur et de faire un bien piètre Grand Septon.\n\nVotre Serviteur, [From.GetTitledFirstNameWithDynastyAndTitleNoRegnal];;;[Root.PrimaryTitle.GetFOA], su oferta es generosa, pero debo declinarla. Me temo que no estaría a la altura de tal honor y sería un pobre Septón Supremo.\n\nSuyo, [From.GetTitledFirstNameWithDynastyAndTitleNoRegnal];;;;;;;;;x
EVTOPTAreligious.17;Seven hells, he would have made a good High Septon;Par les Sept Enfers, il aurait fait un bon Grand Septon;;;Por los Siete infiernos, hubiese sido un buen Septón Supremo;;;;;;;;;x
EVTDESCreligious.18;This war against the Faith has dragged on for many months, perhaps we should offer an amnesty to the High Septon and all who oppose me if they were to agree to disband the Faith Militant?;;;;;;;;;;;;;x
EVTOPTAreligious.18;We must try to reconcile;;;;;;;;;;;;;x
EVTOPTBreligious.18;Peace!? Never, I shall crush them!;;;;;;;;;;;;;x
EVTDESCreligious.19;Your Holiness, you must surely see this war has dragged on too far. If you were to agree to disband the Faith Militant and pursue peace I would see that you and your followers will be granted amnesty. Rest assured that House [From.GetOnlyDynastyName] will pledge protect the Faith in it's place.\n\nSigned,\n[From.GetTitledFirstName];;;;;;;;;;;;;x
EVTOPTAreligious.19;This is the wise course;;;;;;;;;;;;;x
EVTOPTBreligious.19;No, they must be deposed;;;;;;;;;;;;;x
EVTDESCreligious.20;Your offer is most gracious and wise. I hereby accept, I will disband the Faith Militant and urge my followers to accept you as their true [Root.GetTitle], in return for your House's eternal protection of the Faith.\n\nSigned,\nHis Holiness the High Septon;;;;;;;;;;;;;x
TOOLTIPreligious.19;If the High Septon accepts your offer you will be annointed as a follower of the Faith of Seven, converting to the religion.\n;;;;;;;;;;;;;x
TOOLTIP2002050;You will be coronated by the High Septon;;;;;;;;;;;;;x
EVTOPTBreligious.20;We are finally reconciled;;;;;;;;;;;;;x
EVTDESCreligious.21;I'm afraid the stance of the Faith stands, you are not fit to be [Root.GetTitle]. We will not disband the orders that protect the faithful, to do so would be to place ourselves at the mercy of your whims.\n\nSigned,\nHis Holiness the High Septon;;;;;;;;;;;;;x
EVTOPTBreligious.21;More bloodshed it is then;;;;;;;;;;;;;x
EVTTOOLTIPreligious.19;will recieve your offer;;;;;;;;;;;;;x
summer_rel_group;Summer Isles Gods;Dieux Estiviens;;;Dioses del Verano;;;;;;;;;x
summer_rel;Gods of the Summer Isles;Dieux Estiviens;;;Dioses del Verano;;;;;;;;;x
summer_rel_DESC;The people of the Summer Isles worship life and love. Among their deities is a fertility goddess with sixteen breasts, and the act of lovemaking is considered a sacred art.;Les Estiviens adorent la vie et l'amour. Parmi leurs divinités, il y a une déesse avec huit paires de seins, et l'acte d'amour est considéré comme un art sacré. ;;;Los habitantes de las Islas del Verano adoran la vida y el amor. Entre sus deidades esta la diosa de la fertilidad con dieciséis pechos, y el acto de hacer el amor es considerado como un arte sagrado.;;;;;;;;;x
summer_rel_FEATURES;§Y*§! Is a traditional anti-slavery religion;§Y*§! Est une religion traditionnellement contre l'esclavage;;;§Y*§! Es una religión tradicionalmente opuesta al esclavismo;;;;;;;;;x
father_of_waters;Father of Waters;Père des Eaux;Vater des Wassers;;Padre de las Aguas;;;;;;;;;x
father_of_waters_DESC;The Father of Waters is a god of Braavos. Each time he takes a new bride, his temple is destroyed and built anew.;Les Père des Eaux est un dieu de Braavos. A chacune de ses épousailles, son temple est détruit et reconstruit. ;;;El Padre de las Aguas es un dios de Braavos. Cada vez que toma una nueva esposa, su templo es destruido y construido de nuevo.;;;;;;;;;x
father_of_waters_FEATURES;§Y*§! Is a traditional anti-slavery religion;§Y*§! Est une religion traditionnellement contre l'esclavage;;;§Y*§! Es una religión tradicionalmente opuesta al esclavismo;;;;;;;;;x
GOD_FATHER_OF_WATERS;Father of Waters;Père des Eaux;Father of Waters;;El Padre de las Aguas;;;;;;;;;x
great_shepherd;Great Shepherd;Pâtre Suprême;Great Shepherd;;El Gran Pastor;;;;;;;;;x
great_shepherd_DESC;The Great Shepherd is the god of the Lhazareen people, whose priestesses are known as godswives.;Le Pâtre Surpême est le dieu des Lhazaréens. Cette divinité est uniquement servie par des prêtresses nommées épouses divines. ;;;El Gran Pastor es una deidad de Lhazar, siendo el único Dios adorado por los lhazareenos. Su nombre está relacionado con la vida pastoral del pueblo. Esta divinidad sólo es servida por sacerdotisas, llamadas Esposas del Dios. La filosofía del culto al Gran Pastor es tranquila. Enseña que todos los hombres son parte del mismo rebaño perteneciente a la deidad y que las Esposas del Dios los deben cuidar, estén donde estén.;;;;;;;;;x
great_shepherd_FEATURES;§Y*§! Is a traditional anti-slavery religion;§Y*§! Est une religion traditionnellement contre l'esclavage;;;§Y*§! Es una religión tradicionalmente opuesta al esclavismo;;;;;;;;;x
GOD_GREAT_SHEPHERD;the Great Shepherd;le Pâtre Suprême;the Great Shepherd;;El Gran Pastor;;;;;;;;;x
influenced_election;High Septon Election Influenced;Election du Grand Septon est influencée;;;Elección del Septón Supremo influenciada;;;;;;;;;x
defied_liege;Defied Liege;Suzerain défié;;;Soberano desafiado;;;;;;;;;x
authority_weakened;Authority Weakened;Autorité affaiblie;;;Autoridad debilitada;;;;;;;;;x
authority_strengthened;Authority Strengthened;Autorité renforcée;;;Autoridad reforzada;;;;;;;;;x
lhazar_rel_group;Lhazareen Gods;Lhazaréen;;;Lhazareeno;;;;;;;;;x
lady_of_spears;Lady of Spears;Dame des Piques;;;Señora de las Lanzas;;;;;;;;;x
lady_of_spears_DESC;The great goddess of the Unsullied is called by many names, including the Lady of Spears, the Bride of Battle, and the Mother of Hosts. Her true name belongs only to the ones who have burned their manhoods upon her altar.;La grande déesse des Immaculés a de nombreux noms : la Dame des Piques, l'Epouse des Batailles et la Mère des Osts. Seuls les Immaculés ayant sacrifié leur virilité sur l'autel ont le droit de connaître son nom véritable.;;;La Señora de las Lanzas, también llamada Novia de la Batalla y Madre de Ejércitos, es la diosa de los Inmaculados. El verdadero nombre de la diosa sólo lo saben aquellos Inmaculados que hayan quemado sus órganos viriles en su altar de honor. A sus fieles les está prohibido hablar sobre ella con nadie. Según las leyes de la diosa, es necesario bañarse en agua salada para purificarse.;;;;;;;;;x
LADY_OF_SPEARS;Lady of Spears;Dame des Piques;;;Señora de las Lanzas;;;;;;;;;x
GOD_THE_OTHERS;The Others;Les Autres;;;Los Otros;;;;;;;;;x
GOD_THE_GREAT_OTHER;The Great Other;L'Autre;;;El Gran Otro;;;;;;;;;x
sympathy_westerosi;Sympathy for Westerosi Gods;Sympathie pour la foi ouestrienne;;;Simpatiza por Poniente;;;;;;;;;x
sympathy_westerosi_desc;This character, though not of a Westerosi faith, has a special sympathy and understanding of the Westerosi and their gods.;Ce personnage, bien que ne partageant pas la foi des ouestriens, a une sympathie et une compréhension particulières des ouestriens et de leurs dieux.;;;Este personaje, aunque no es de una fe de Poniente, tiene una especial simpatía y comprensión de las creencias de Poniente y sus prácticas.;;;;;;;;;x
sympathy_drowned_god;Sympathy for Drowned God;Sympathie pour le Dieu Noyé;;;Simpatiza por el Dios Ahogado;;;;;;;;;x
sympathy_drowned_god_desc;This character, though not a follower of the Drowned God, has a special sympathy and understanding of the Ironborn religion and it's practitioners.;Ce personnage, bien que n'étant pas un fidèle du Dieu Noyé, a une sympathie et une compréhension particulières pour la religion Fer-né et ses adeptes.;;;Este personaje, aunque no es un seguidor del Dios Ahogado, tiene una especial simpatía y comprensión de la religión del Dios Ahogado y de sus practicantes.;;;;;;;;;x
sympathy_essos_group;Sympathy for Eastern Gods;Sympathie pour la foi des orientaux;;;Simpatiza por Oriente;;;;;;;;;x
sympathy_essos_group_desc;This character, though not of an Eastern faith, has a special sympathy and understanding of the people of The Free Cities and their beliefs.;Ce personnage, bien que ne partageant pas la foi des orientaux, a une sympathie et une compréhension particulières pour les habitants des Cités libres  et leurs croyances.;;;Este personaje, aunque no es de una fe del Este, tiene una especial simpatía y comprensión de las religiones orientales y sobre sus practicantes.;;;;;;;;;x
sympathy_ghiscar_rel;Sympathy for the Harpy;Sympathie pour la Harpie;;;Simpatiza por la Arpía;;;;;;;;;x
sympathy_ghiscar_rel_desc;This character, though not a follower of the Harpy, has a special sympathy and understanding of the Ghiscari people and their beliefs.;Ce personnage, bien que n'étant pas un fidèle de la Harpie, a une sympathie et une compréhension particulières pour les Ghiscaris et leurs croyances.;;;Este personaje, aunque no es un seguidor de la Arpía, tiene una especial simpatía y comprensión de la religión de la Arpía y de sus practicantes.;;;;;;;;;x
sympathy_valyrian_rel_group;Sympathy for Valyrian Faith;Sympathie pour la foi valyrienne;;;Simpatiza por la Fe de Valyria;;;;;;;;;x
sympathy_valyrian_rel_group_desc;This character, though not of a Valyrian faith, has a special sympathy and understanding of the people descended from Valyria and their gods.;Ce personnage, bien que ne partageant pas la foi des valyriens, a une sympathie et une compréhension particulières pour les descendants de Valyria et leurs dieux.;;;Este personaje, aunque no es de la fe Valyria, tiene una especial simpatía y comprensión de la religión valyria y de sus practicantes.;;;;;;;;;x
restore_faith_militant;Restore Faith Militant;Restaurer la Foi Militante;;;Restaurar la Fe Militante;;;;;;;;;x
restore_faith_militant_desc;The Faith Militant is restored;La Foi Militante est restaurée;;;La Fe Militante ha sido restaurada;;;;;;;;;x
TOOLTIPreligious.200;The Faith Militant is restored;La Foi Militante est restaurée;;;La Fe Militante ha sido restaurada;;;;;;;;;x
opinion_raised_faith_authority;Raised Faith Authority;Augmenter l'autorité de la Foi;;;Ha aumentado la Autoridad de la Fe;;;;;;;;;x
opinion_lowered_faith_authority;Lowered Faith Authority;Baisser l'autorité de la Foi;;;Ha bajado la Autoridad de la Fe;;;;;;;;;x
opinion_raised_faith_authority_bad;Raised High Septon Authority;Augmenter l'autorité de la Foi;;;Ha aumentado la Autoridad de la Fe;;;;;;;;;x
opinion_lowered_faith_authority_good;Lowered High Septon Authority;Baisser l'autorité de la Foi;;;Ha bajado la Autoridad de la Fe;;;;;;;;;x
EVTDESCreligious.203;[Root.GetTitledFirstNameWithDynasty], the Council of the Most Devout have convened to discuss your sins, and it has been decided by His Holiness the High Septon that you should be detained at the pleasure of the Faith in [From.Capital.GetName] until a proper judgement of guilt has been brought.\n\n Signed in Sight of the Gods,\n His Holiness the High Septon;[Root.GetTitledFirstNameWithDynasty], le concile de Leurs Saintetés s'est réuni pour traiter de vos péchés et Sa Sainteté le Grand Septon a décidé que vous seriez détenu par la Foi à [From.Capital.GetName] jusqu'au verdict établissant ou non votre culpabilité.\n\n Par la Grâce des Dieux, signé,\n Sa Sainteté le Grand Septon;;;[Root.GetTitledFirstNameWithDynasty], el Consejo de los Máximos Devotos ha sido convocado para hablar de tus pecados, y Su Santidad el Septón Supremo ha establecido que debes ser detenido por la Fe en [From.Capital.GetName] hasta que se haga un juicio adecuado.\n\n Por la Gracia de los Dioses,\n Su Santidad el Septón Supremo;;;;;;;;;x
EVTOPTAreligious.201;Yes, I will submit myself;Oui, je vais me soumettre.;;;Sí, me someteré;;;;;;;;;x
EVTOPTBreligious.201;I answer to no Septon;Je ne réponds devant aucun septon;;;Yo no respondo ante ningún septón;;;;;;;;;x
EVTDESCreligious.204;Your [From.GetRootRelation] [From.GetTitledFirstName] has fallen foul of the faith it seems, as [From.GetSheHe] has been called by the High Septon to [FromFrom.Capital.GetName] to face judgement for [From.GetHerHis] alleged sins. [From.GetFirstName] nobly agreed to this demand, and freely submitted [From.GetHerHim]self to the Faith's custody.;Votre [From.GetRootRelation] [From.GetTitledFirstName] semble s'être mis(e) à dos la Foi, [From.GetSheHe] a été sommé(e) de se rendre à [FromFrom.Capital.GetName] pour que ses pêchés présumés soient jugés. [From.GetFirstName] a noblement accepté de se soumettre, [From.GetSheHe] s'est livré(e) à la Foi.;;;Tu [From.GetRootRelation] [From.GetTitledFirstName] a caído en desgracia con la Fe y parece que ha sido llamado por el Septón Supremo a [FromFrom.Capital.GetName] para enfrentarse a un juicio por sus presuntos pecados. [From.GetFirstName] noblemente aceptó esta demanda, y libremente se somete bajo la custodia de la Fe.;;;;;;;;;x
EVTDESCreligious.205;Your [From.GetRootRelation] [From.GetTitledFirstName] has fallen foul of the faith it seems, as [From.GetSheHe] has been called by the High Septon to [FromFrom.Capital.GetName] to face judgement for [From.GetHerHis] alleged sins. In desperation, [From.GetFirstName] begs me for help and potrection from the Faith, pleading that I harbour [From.GetHerHim] here in my castle.;Votre [From.GetRootRelation] [From.GetTitledFirstName] semble s'être mis(e) à dos la Foi, [From.GetSheHe] a été sommé(e) de se rendre à [FromFrom.Capital.GetName] pour que ses pêchés présumés soient jugés. Desespéré(e), [From.GetFirstName] me supplie de l'aider et de le(a) protéger de la Foi. [From.GetSheHe] veut que je l'accueille ici, dans mon château.;;;Tu [From.GetRootRelation] [From.GetTitledFirstName] ha caído en desgracia con la Fe y parece que ha sido llamado por el Septón Supremo a [FromFrom.Capital.GetName] para enfrentarse en un juicio por sus presuntos pecados. Desesperadamente, [From.GetFirstName] te suplica que le ayudes y le protejas de la Fe, acogiéndole en mi castillo.;;;;;;;;;x
EVTOPTAreligious.205;No, you must answer to the Faith;Non, je ne dois pas froisser la Foi.;;;No, debes responder ante la Fe;;;;;;;;;x
EVTOPTBreligious.205;You will be safe here;Tu seras en sécurité ici.;;;Estarás a salvo aquí;;;;;;;;;x
EVTTITLEreligious.200;Faith Militant Restored;Foi Militante restaurée;;;Fe Militante restaurada;;;;;;;;;x
EVTDESCreligious.200;The Faith of the Seven and the High Septon historically had two military orders, collectively known as the Faith Militant, to call upon in defence of the Faith. The Warrior's Sons were made up fanatical Knights, many from noble families, who have vowed to fight enemies of the Faith. The Poor Fellows was the more humble order made up of common folk and women. These lightly armed footmen protected the pilgrims of Westeros on their travels.\n\nNow the High Septon has acquired enough authority to restore the Faith Militant once more, noble Knights are flocking to join the Warrior's Sons, [Root.GetPeasantNamePlural] are joining the Poor Fellows in their hundreds. The Faith is now truly a force to be reckoned with.;Historiquement, la Foi des Sept et la Grand Septon disposaient de deux ordres combattants, connus collectivement sous le nom de Foi Militante. Les Fils du Guerrier comprenaient des chevaliers très religieux, dont nombre d'entre eux provenaient de familles nobles. Ils faisaient voeu de combattre les ennemis de la Foi. Les Pauvres Compagnons était l'ordre le plus humble, constitué de gens du commun, hommes comme femmes. Ces fantassins légèrement armés protégeaient les pélerins de Westeros durant leurs voyages.\n\nLe Grand Septon a désormais acquis assez d'autorité pour restaurer la Foi Militante, des chevaliers nobles se pressent pour rejoindre les rangs des Fils du Guerrier, et des centaines de paysans rejoignent les Pauvres Compagnons. La Foi est désormais une véritable force avec laquelle il faut compter.;;;La Fe de los Siete y el Septón Supremo históricamente tenían dos órdenes militares, conocidas colectivamente como la Fe Militante. Los Hijos del Guerrero se componían por caballeros fanáticos, muchos de ellos de familias nobles, que se han comprometido a luchar contra los enemigos de la Fe. Los Clérigos Humildes era la orden más humilde formada por el pueblo. Estos hombres de a pie con armas ligeras protegían a los peregrinos de Poniente en sus viajes.\n\nAhora el Septón Supremo ha adquirido la suficiente autoridad para restaurar la Fe Militante, nobles caballeros se presentan para unirse a los Hijos del Guerrero, los campesinos se están uniendo a los Clérigos Humildes por cientos. La Fe es ahora verdaderamente una fuerza a tener en cuenta.;;;;;;;;;x
investiture_law_2;Medium Faith Authority;Autorité de la Foi Intermédiaire;;;Autoridad de la Fe Media;;;;;;;;;x
investiture_law_2_option;Medium;Intermédiaire;;;Media;;;;;;;;;x
investiture_law_2_desc;The High Septon has acquired powers in the realm traditionally held in centuries past, including the right to arm and conduct trials.;Cela faisait des siècles que le Grand Septon n'avait pas acquis un tel pouvoir, il peut conduire des procès et armer la Foi.;;;El Septón Supremo ha adquirido poderes en el Reino tradicionalmente detentados siglos atrás, incluyendo el derecho de armarse y celebrar juicios por la Fe.;;;;;;;;;x
investiture_law_3;High Faith Authority;Autorité de la Foi Haute;;;Autoridad de la Fe Alta;;;;;;;;;x
investiture_law_3_option;High;Haute;;;Alta;;;;;;;;;x
investiture_law_3_desc;The High Septon holds unprecedented powers, becoming one of the most powerful and important figures in the entire realm.;Le pouvoir du Grand Septon est sans précédent, il s'agit désormais d'une des plus importantes et puissantes figures du royaume.;;;El Septón Supremo tiene poderes sin precedentes, convirtiéndose en una de las figuras más poderosas e importantes de todo el reino.;;;;;;;;;x
opinion_investiture_law_0;Minimum Faith Authority;Autorité de la Foi Intermédiaire;;;Autoridad de la Fe Media;;;;;;;;;x
opinion_investiture_law_1;Low Faith Authority;Autorité de la Foi Intermédiaire;;;Autoridad de la Fe Media;;;;;;;;;x
opinion_investiture_law_3;High Faith Authority;Autorité de la Foi Haute;;;Autoridad de la Fe Alta;;;;;;;;;x
TOOLTIPreligious.290;The Faith Militant is Disbanded;La Foi Militante est dissoute;;;La Fe Militante se disuelve;;;;;;;;;x
EVTDESCreligious.290;A series of laws passed have been passed by [Root.Liege.GetTitledName] of [Root.Liege.PrimaryTitle.GetName] limiting the powers of [Root.Liege.GetHerHis] vassal the High Septon in the realm. One of these laws prohibits the Faith from arming, and so the Faith Militant, comprising of the Warrior's Sons and Poor Fellows, has been disbanded.;Une série de lois ont été promulguées par [Root.Liege.GetTitledName] de [Root.Liege.PrimaryTitle.GetName], elles limitent le pouvoir du Grand Septon au sein du royaume. L'une de ces lois interdit à la Foi de s'armer, aussi la Foi Militante, qui comprend les Fils du Guerrier et les Pauvres Compagnons, a-t-elle été dissoute.;;;Una serie de leyes han sido promulgadas por [Root.Liege.GetTitledName] de [Root.Liege.PrimaryTitle.GetName] limitando los poderes del Septón Supremo en el Reino. Una de estas leyes prohíbe que la Fe esté armada, por lo que la Fe Militante, que comprende a  los Hijos del Guerrero y a los Clérigos Humildes, se ha disuelto.;;;;;;;;;x
TOOLTIPINVEST0;-Secular lieges can appoint Septons\n-The High Septon cannot withhold blessing of his liege's rule\n-The Faith is barred from arming or holding lands\n;-Les lords peuvent nommer des septons\n-Le Grand Septon ne peut refuser de donner sa bénédiction au souverain\n-La Foi ne peut s'armer ou détenir des terres;;;Los Señores laicos pueden nombrar septones\n-El Septón Supremo no puede negarse a dar la bendición a su soberano\n-La Fe no puede armarse ni poseer tierras\n;;;;;;;;;x
TOOLTIPINVEST1;-The High Septon appoints Septons\n-The High Septon can withhold blessing of his liege's rule\n-The Faith is barred from arming or holding lands\n;-Le Grand Septon nomme les Septons\n-Le Grand Septon peut refuser de donner sa bénédiction au souverain\n-La Foi ne peut s'armer ou détenir des terres\n;;;El Septón Supremo nombra a los septones\n-El Septón Supremo puede negarse a dar su bendición a su soberano\n-La Fe no puede armarse ni poseer tierras\n;;;;;;;;;x
TOOLTIPINVEST2; -The High Septon appoints Septons\n-The High Septon can withhold blessing of his liege's rule\n-The Faith Militant is legal and allowed to arm but cannot hold lands\n-The Most Devout can call followers of the Faith for trial\n-The High Septon can declare neutrality in civil wars\n -Rulers can request excommunications from the High Septon; -Le Grand Septon nomme les Septons\n-Le Grand Septon peut refuser de donner sa bénédiction au souverain\n-La Foi Militante est légale et est autorisés à s'armer mais ne peut détenir de terres\n-Leurs Saintetés peuvent convoquer des fidèles de la Foi pour les juger\n-Le Grand Septon peut se déclarer neutre lors des guerres civiles.;;;El Septón Supremo nombra a los septones\n-El Septón Supremo puede negarse a dar su bendición a su soberano\n-La Fe Militante es legal y se le permite estar armada, pero no puede poseer tierras\n-Los Máximos Devotos pueden llamar los seguidores de la Fe para los juicios\n-El Septón Supremo puede declarar;;;;;;;;;x
TOOLTIPINVEST3; -The High Septon appoints Septons\n-The High Septon can withhold blessing of his liege's rule\n-The Faith Militant and Septons are allowed to both arm and acquire lands\n-The Most Devout can call followers of the Faith for trial\n-The High Septon can declare neutrality in civil wars\n-Excommunication wars against anathema of the faith are legal\n; -Le Grand Septon nomme les septons\n-Le Grand Septon peut refuser de donner sa bénédiction au souverain\n-La Foi Militante est légale et est autorisés à s'armer et à détenir\n-Leurs Saintetés peuvent convoquer des fidèles de la Foi pour les juger\n--Le Grand Septon peut se déclarer neutre lors des guerres civiles\n-Les guerres d'excomunication contre les anathèmes sont légales\n;;;El Septón Supremo nombra a los septones\n-El Septon Supremo puede negarse a dar la bendición a su soberano\n-La Fe Militante es legal y se le permite estar armada y los septones pueden poseer tierras\n-Los Máximos Devotos pueden llamar a los seguidores de la Fe para los juicios\n-El Septón Supremo puede declarar;;;;;;;;;x
EVTDESCreligious.301;You have given one of your extra sons to the temple..;Vous avez donné l'un de vos fils au temple…;;;Has dado a uno de tus hijos al templo...;;;;;;;;;x
EVTDESCreligious.302;Your father has decided to send you to the Temple.;Votre père a décidé de vous envoyer au temple…;;;Tu padre ha decidido enviarte al Templo...;;;;;;;;;x
EVTDESCreligious.303;You have given one of your extra sons to the temple..;Vous avez donné l'un de vos fils au temple…;;;Has dado a uno de tus hijos al templo...;;;;;;;;;x
EVTDESCreligious.304;Your father has decided to send you to the Temple.;Votre père a décidé de vous envoyer au temple…;;;Tu padre ha decidido enviarte al Templo...;;;;;;;;;x
lady_of_the_waves;Lady of the Waves;Dame des Vagues;;;Nuestra Señora de las Olas;;;;;;;;;x
lady_of_the_waves_DESC;The Lady of the Waves was a goddess of old worshiped by First Men on the Three Sisters. Sacred storms were the result of the Lady mating with the Lord of the Skies. When they worshipped her, the Sistermen were a free people ruled by local kings, who also acted as pirate kings.;La Dame des Vagues était la déesse honorée par les Premiers Hommes sur les Trois Soeurs. Les tempêtes étaient le résultat de ses accouplements avec le Seigneur des Cieux. A cette époque, les Soeurois étaient un peuple libre, dirigé par des rois locaux qui pratiquaient la piraterie.;;;Nuestra Señora de las Olas era una antigua diosa adorada por los Primeros Hombres en las Tres Hermanas. Tormentas sagradas eran el resultado del apareamiento entre la Señora de las Olas y el Señor de los Cielos. Cuando la adoraban, los hermaneños eran un pueblo libre gobernados por reyes locales, que actuaban como reyes piratas.;;;;;;;;;x
lady_of_the_waves_FEATURES;§Y*§! Can take captives as concubines\n§Y*§! Is a traditional slaver religion\n§Y*§! May freely invade neighbours if independent\n§Y*§! May be subject to anti-piracy wars;§Y*§! Peut prendre des captives comme cuncubines\n§Y*§! Est une religion traditionnellement esclavagiste\n§Y*§! Peut librement envahir ses voisins si indépendant\n§Y*§! Peut être sujet à des guerres anti-piraterie;;;\n§Y*§! Pueden sacrificar prisioneros al Dios Ahogado\--§Y*§! Pueden tomar prisioneras como concubinas\n§Y*§! Es una religión tradicionalmente esclavista\n§Y*§! Los reyes independientes pueden invadir a los vecinos libremente\n§Y*§! Pueden ser objetivo de guerras antipiratería;;;;;;;;;x
GOD_LADY_OF_THE_WAVES;The Lady of the Waves;La Dame des Vagues;;;La Señora de las Olas;;;;;;;;;x
GOD_LORD_OF_THE_SKIES;The Lord of the Skies;Le Seigneur des Cieux;;;Señor de los Cielos;;;;;;;;;x
high_faith_authority;High Faith Authority;Autorité de la Foi Haute;;;Autoridad de la Fe Alta;;;;;;;;;x
expelled_d_poor_fellows;Expelled The Poor Fellows;A expulsé les Pauvres Compagnons;;;Ha expulsado a Los Clérigos Humildes;;;;;;;;;x
expelled_d_warriors_sons;Expelled The Warrior's Sons;A expulsé les Fils du Guerrier;;;Ha expulsado a los Hijos del Guerrero;;;;;;;;;x
TOOLTIPreligious.22;The High Septon will decide who shall succeed [From.GetFirstNameWithDynasty] to the [From.PrimaryTitle.GetFullName];Le Grand Septon va choisir la personne qui va succéder à [From.GetFirstNameWithDynasty] et devenir ainsi le maître de(u) [From.PrimaryTitle.GetFullName];;;El Septón Supremo decidirá quién sucederá a [From.GetFirstNameWithDynasty] y será el nuevo [From.PrimaryTitle.GetFullName];;;;;;;;;x
EVTDESCreligious.22;[FromFrom.GetFirstNameWithDynasty] was clearly not fit to rule, the Gods scorned on [FromFrom.GetHerHis] unholy nature. Now I must decide who shall succeed [FromFrom.GetHerHim].;[FromFrom.GetFirstNameWithDynasty] n'était clairement pas fait(e) pour régner, les Dieux ont puni son impiété. Désormais je dois choisir la personne qui va lui succéder.;;;[FromFrom.GetFirstNameWithDynasty] claramente no era apto para gobernar, los Dioses lo despreciaron por su naturaleza impía. Ahora tengo que decidir quién será su sucesor.;;;;;;;;;x
EVTOPTAreligious.22;The heir, [FromFrom.Heir.GetFirstName] [FromFrom.Heir.GetOnlyDynastyName], is acceptable;L'héritier(e), [FromFrom.Heir.GetFirstName] [FromFrom.Heir.GetOnlyDynastyName], convient.;;;El heredero, [FromFrom.Heir.GetFirstName] [FromFrom.Heir.GetOnlyDynastyName], es aceptable.;;;;;;;;;x
EVTOPTBreligious.22;No, another scion of House [FromFrom.GetOnlyDynastyName] is more holy;Non, un autre membre de la maison [FromFrom.GetOnlyDynastyName] fait preuve de plus de piété.;;;No, otro heredero de la Casa [FromFrom.GetOnlyDynastyName] demuestra más piedad.;;;;;;;;;x
EVTOPTCreligious.22;Another Lord of [FromFrom.PrimaryTitle.GetName] shall rule;Un autre lord de [FromFrom.PrimaryTitle.GetName] doit régner.;;;Otro Señor del [FromFrom.PrimaryTitle.GetName] reinará;;;;;;;;;x
EVTOPTDreligious.22;The time has come to scrap this Iron Throne;Le temps est venu d'en finir avec ce trône de fer.;;;Ha llegado el momento de acabar con el Trono de Hierro.;;;;;;;;;x
EVTOPTEreligious.22;This claimant is the most suitable candidate;Ce prétendant est le meilleur candidat.;;;Este pretendiente es el candidato más adecuado.;;;;;;;;;x
EVTDESCreligious.23;[Root.PrimaryTitle.GetFOA], having deposed the previous ruler of the [Root.PrimaryTitle.GetFullName], I have deemed you most worthy to rule. I bid you protect all followers of [Root.Religion.GetName] and to rule in a just manner as [Root.GetTitle].\n\nYours,\n[FromFrom.GetTitledFirstName];[Root.PrimaryTitle.GetFOA], ayant déposé le précédent souverain de [Root.PrimaryTitle.GetFullName], je vous ai jugé digne de régner. Je vous demande de protéger les fidèles de [Root.Religion.GetName] et de vous montrer à la hauteur de votre statut de [Root.GetTitle].\n\nVotre serviteur,\nSa Sainteté, le Grand Septon;;;[Root.PrimaryTitle.GetFOA], habiendo depuesto al gobernante anterior de [Root.PrimaryTitle.GetFullName], os juzgo digno de reinar. Le pido que proteja a los fieles de la Fe y demostréis qué estáis a la altura  del título de [Root.GetTitle].\n\nSu Servidor,\nSu Santidad, el Septón Supremo;;;;;;;;;x
EVTOPTBreligious.23;I solemnly accept;J'accepte solennellement;;;Acepto solemnemente;;;;;;;;;x
EVTDESCreligious.24;[Root.GetTitledFirstName], having deposed the previous ruler of the [From.PrimaryTitle.GetFullName], I have deemed [From.GetFirstNameWithDynasty] most worthy to rule, and shall henceforth be your [From.GetTitle]. I bid you accept [From.GetHerHis] suzerainty, and to join [From.GetHerHim] in defending [From.Religion.GetName].\n\nSigned,\n[FromFromFrom.GetTitledFirstName];[Root.GetTitledFirstName], ayant déposé le précédent souverain de [Root.PrimaryTitle.GetFullName], j'ai jugé [From.GetFirstNameWithDynasty] digne de régner en tant que votre [From.GetTitle]. Je vous demande d'accepter son autorité et de le(a) rejoindre pour défendre [From.Religion.GetName].\n\nSigné,\nSa Sainteté, le Grand Septon;;;[Root.GetTitledFirstName], habiendo depuesto al gobernante anterior de [From.PrimaryTitle.GetFullName], considero a [From.GetFirstNameWithDynasty] como el más el digno para reinar, y de ahora en adelante será  [From.GetTitle]. Pido que aceptéis su soberanía y os unáis a él en la defensa de la Fe.\n\nFirmado,\nSu Santidad, el Septón Supremo;;;;;;;;;x
EVTDESCreligious.25;[Root.GetTitledFirstName], having deposed the last occupant of [Root.GetIronThroneRealmName], I have decided that no man shall have sole rule over Westeros. [Root.GetIronThroneRealmName] is hereby dissolved, with all sworn Lords relieved from their homage to it. I bid you to now live in peace and to protect the Faith.\n\nSigned,\nHis Holiness, The High Septon;[Root.GetTitledFirstName], ayant déposé le(a) dernier(e) occupant(e) du trône de fer, j'ai décidé qu'aucun homme ou femme ne devrait régner seul sur l'ensemble de Westeros. Par la présente, le trône de fer est dissous ainsi que les hommages de tous les lords envers lui. Je vous demande désormais de vivre en paix et de protéger la Foi.\n\nSigné,\nSa Sainteté, le Grand Septon;;;[Root.GetTitledFirstName], habiendo depuesto al último ocupante del Trono de Hierro, he decidido que ningún hombre será el único dominador sobre Poniente. El Trono de Hierro está disuelto así como todos los juramentos de los Señores entorno a él. Os deseo que viváis en paz y que protejáis la Fe.\n\nFirmado,\nSu Santidad, el Septón Supremo;;;;;;;;;x
EVTOPTBreligious.25;A bold move;Une initiative des plus audacieuses.;;;Una iniciativa muy audaz.;;;;;;;;;x
send_son_to_temple_rhllor;Send to the Temple of Rhllor;Envoyer au temple de R'hllor;;;Enviar a [Root.GetTitledFirstName] al Templo de R'hllor;;;;;;;;;x
send_son_to_temple_rhllor_desc;Send [Root.GetTitledFirstName] to the Temple of Rhllor, so that [Root.GetSheHe] eventually may become a Red Priest.;Envoyer [Root.GetTitledFirstName] au temple de R'hllor pour qu'[Root.GetSheHe] puisse éventuellement devenir un(e) Prêtre(sse) Rouge.;;;Enviar a [Root.GetTitledFirstName] al Templo de R'hllor, para que pueda convertirse en un Sacerdote Rojo.;;;;;;;;;x
EVTDESCreligious.305;[From.GetTitledFirstName] was clearly upset and angry at being forced to join the the priesthood of [Root.Religion.GetName], and in doing so forgoing inheritance and family. On the way to the temple, [From.GetSheHe] managed to escape [From.GetHerHis] escort, and has taken refuge in another land.;[From.GetTitledFirstName] était clairement en colère d'avoir été forcé(e) à rejoindre le clergé de [Root.Religion.GetName], le(a) privant ainsi de son héritage et de la possibilité de fonder une famille. Sur le chemin du temple, [From.GetSheHe] a réussi à échapper à son escorte et s'est réfugié sur d'autres terres.;;;[From.GetTitledFirstName] estaba realmente enfadado por haber sido obligado a unirse al Templo de R'hllor renunciando a la herencia y a tener familia. De camino al templo, ha logrado escaparse de la escolta, y se ha refugiado en otra tierra.;;;;;;;;;x
EVTOPTAreligious.305;[From.GetSheHeCap] was always too wilful;[From.GetSheHeCap] a toujours été obstiné(e);;;Siempre fue muy obstinado;;;;;;;;;x
EVTDESCreligious.50;The whores of [Root.Capital.GetName] are a blight on the holy, temptations to the weak who have no control of their base desires. To please the Gods, perhaps prostitution should outlawed, with all the whores and their children cast out?;Les prostituées souillent [Root.Capital.GetName], elles sont une tentation pour le faible qui ne peut contrôler ses bas instincts. Pour plaire aux Dieux, il serait bon d'interdire la prostitution et de bannir les putains et leurs enfants.;;;Las putas de [Root.Capital.GetName] son una plaga para los hombres santos, tentándoles constantemente con el deseo. Para complacer a los Dioses, deberíamos prohibir la prostitución, expulsando a todas las prostitutas y a sus bastardos?;;;;;;;;;x
EVTOPTAreligious.50;The Gods command it thus!;Telle est la volonté des Dieux !;;;Tal es la voluntad de los dioses!;;;;;;;;;x
prostitution_illegal;Prostitution Outlawed;Prostitution interdite;;;Prostitución Ilegal;;;;;;;;;x
opinion_outlawed_prostitution;Outlawed Prostitution;Prostitution interdite;;;Prostitución ilegalizada;;;;;;;;;x
EVTOPTBreligious.50;No, it will cause too much trouble;Non, cela va causer trop de troubles;;;No, esto causará demasiados problemas;;;;;;;;;x
EVTDESCreligious.51;[Root.GetTitledFirstName], prostitution is hereby prohibited in [From.Capital.GetName], all whores and their children to be immediately expelled. All those who partake in such sinful acts shall henceforth suffer the judgement of both me and The Gods themself.\n\nSigned in Sight of The Gods,\n[From.GetTitledFirstNameNoRegnal] of House [From.GetOnlyDynastyName], the [From.GetRegnalOrdinal] of [From.GetHerHis] name;[Root.GetTitledFirstName], la prostitution est désormais interdite à [From.Capital.GetName], toutes les putains et leurs enfants doivent être immédiatement expulsés. Tous ceux qui oseront encore s'adonner à cet abominable commerce devront affronter ma colère et celle des Dieux.\n\nA la lumière des Dieux,\n[From.GetTitledFirstNameNoRegnal] de la Maison [From.GetOnlyDynastyName], [From.GetRegnalOrdinal] du nom;;;[Root.GetTitledFirstName], la prostitución queda terminantemente prohibida en [From.Capital.GetName]. Todas las putas y sus hijos serán expulsados inmediatamente. Todos los que usen sus servicios para disfrutar de actos pecaminosos, a partir de hoy serán sometidos a mi juicio y al de los dioses.\n\nFirmado a la luz de los dioses,\n[From.GetTitledFirstName] de la Casa [From.GetOnlyDynastyName];;;;;;;;;x
EVTOPTAreligious.51;Does [From.GetSheHe] not realise the trouble this will cause?;Réalise-t-[From.GetSheHe] les troubles que cela va causer ?;;;¿No se da cuenta de que esto causará más problemas?;;;;;;;;;x
EVTDESCreligious.53;One of my predecessors outlawed prostitution in [Root.Capital.GetName], casting all of the whores out. This has led to both increased tensions and loss of revenue. Perhaps this action should be reversed?;L'un de mes prédecesseurs a interdit la prostitution à [Root.Capital.GetName], et a banni toutes les putains. Cela a accru les tensions et provoqué une baisse des revenus. Peut-être devrais-je revenir sur cette décision ?;;;Uno de mis predecesores ilegalizó las prostitución en [Root.Capital.GetName], expulsando a todas las putas. Esto ha aumentado las tensiones y ha disminuido los ingresos. ¿Quizá haya que revertir esta decisión?;One of my predecessors outlawed prostitution in [Root.Capital.GetName], casting all of the whores out. This has led to both increased tensions and loss of revenue. Perhaps this action should be reversed?;;;;;;;;x
EVTOPTAreligious.53;Yes, legalise it once more;Oui, légalisons à nouveau la prostitution.;;;Sí, legalizadla de nuevo.;;;;;;;;;x
opinion_legalised_prostitution;Legalised Prostitution;Prostitution légalisée;;;Prostitución legalizada;;;;;;;;;x
EVTOPTBreligious.53;No, it was a good idea;Non, c'était une bonne idée;;;No, fue una buena idea;;;;;;;;;x
EVTDESCreligious.54;The poorfolk of [Root.Capital.GetName] suffer greatly, struggling to eat and survive. Surely it is my duty, given by The Gods, to help them? Granting a loaf of bread daily to every man and woman would do this, and prove to The Gods my piety and worth. ;Les petites gens de [Root.Capital.GetName] souffrent grandement, luttant pour se nourrir et survivre. Il est sûrement de mon devoir de leur venir en aide ? Offrir une miche de pain à chaque homme et chaque femme pourrait mettre fin à leur souffrance et être une preuve de ma piété envers les Dieux.;;;El pueblo llano de [Root.Capital.GetName] está sufriendo mucho, luchando a diario por comer y sobrevivir. Es mi deber ayudarles? Dar a cada hombre y mujer una hogaza de pan podría poner fin a su sufrimiento y demostraría mi piedad y valor ante los Dioses.;;;;;;;;;x
EVTOPTAreligious.54;Empty the treasury! Grant them bread!;Qu'on vide les coffres ! Qu'on leur donne du pain !;;;Vaciad las arcas! Dadles pan!;;;;;;;;;x
donated_to_poor;Donations to the Poor;Dons aux pauvres;;;Donaciones para los pobres;;;;;;;;;x
opinion_excessive_donation;Excessive Donations;Dons excessifs;;;Donaciones excesivas;;;;;;;;;x
EVTOPTBreligious.54;They must fend for themselves;Ils doivent se débrouiller par eux-mêmes;;;Ellos deben valerse por sí mismos.;;;;;;;;;x
EVTDESCreligious.55;The Septons of the Faith are a model of devotion. They sacrifice their family ties, vowing to serve The Seven for a lifetime. They make my devotion look poor comparison, but the High Septon says that taking a septon’s vows would elevate me above them all...;Les septons de la Foi sont un modèle de dévotion. Ils sacrifient leurs liens familiaux, vouant leur vie au service des Sept. A côté d'eux ma dévotion semble bien pauvre, mais le Grand Septon dit que si je venais à prononcer les voeux des septons je m'élèverai au dessus de tous...;;;Los Septones de la Fe son un gran modelo de devoción. Sacrifican sus lazos familiares, comprometiéndose a servir a los Siete de por vida. Ellos hacen que mi devoción parezca escasa en comparación, pero el Septón Supremo asegura que si me uno a la Fe y me convierto en Septón, estaría por encima de todos ellos...;;;;;;;;;x
EVTOPTAreligious.55;I pledge to serve the Faith forever more;Je promets de servir la Foi par-dessus tout;;;Me comprometo a servir a la Fe para siempre.;;;;;;;;;x
opinion_took_septons_vows;Took the Vows of a Septon;A prononcé les vœux des septons;;;Ha tomado los votos de Septón;;;;;;;;;x
EVTOPTBreligious.55;A [Root.GetTitle] cannot be a septon;Un(e) [Root.GetTitle] ne peut pas être un septon;;;Un [Root.GetTitle] no puede ser un Septón;;;;;;;;;x
EVTDESCreligious.56;The lords of the realm are beginning to grow uneasy at [From.GetTitledFirstName]'s zealous and erratic actions. The [From.GetTitle] has not only sabotaged [From.GetHerHis] marriage prospects, but [From.GetSheHe] has made sure [From.GetSheHe] will never wed again by taking a septon’s vows, aided and abetted by a High Septon who is becoming increasingly influential.;Les lords du royaume commencent à se sentir mal à l'aise face au zèle de [From.GetTitledFirstName]. Le(a) [From.GetTitle] n'a pas seulement saboté ses projets de mariage, mais [From.GetSheHe] a également fait voeu de ne jamais se marier, comme un septon.  [From.GetSheHeCap] a été grandement influencé par un Grand Septon dont l'influence grandit de jour en jour.;;;Los señores del reino comienzan a inquietarse por las erráticas y fánaticas acciones de [From.GetTitledFirstName]. El [From.GetTitle] no sólo ha saboteado sus perspectivas de matrimonio, sino que ha asegurado que no se casará de nuevo tomando los votos de Septón, todo ello con la complicidad de un Septón Supremo cada vez más poderoso e influyente.;;;;;;;;;x
EVTOPTAreligious.56;[From.GetSheHeCap] seems only concerned with spiritual matters;[From.GetSheHeCap] semble seulement concerné(e) par les affaire religieuses.;;;[From.GetSheHeCap] parece sólo preocupado por los asunto espirituales;;;;;;;;;x
EVTOPTAreligious.56B;This is an insult to my family's honour!;C'est une insulte envers l'honneur de ma famille !;;;Esto es un insulto al honor de mi familia!;;;;;;;;;x
EVTDESCreligious.57;I have come up with a most pious idea for my newest edict. I shall henceforth require the Citadel to use doves, not ravens, to carry their messages. Doves are the bringers of peace, a peace they shall carry thoughout the realm on behalf of The Gods!;J'ai eu une idée des plus pieuses pour mon nouvel édit. Je vais ordonner à la Citadelle d'utiliser des colombes à la place des corbeaux pour porter leurs messages. Les colombes apportent la paix, une paix qu'elles devront apporter à tout le royaume grâce à la volonté des dieux !;;;Tengo en mente algo muy piadoso para mi próximo edicto. De ahora en adelante, pediré a la Ciudadela que usen palomas para mandar mensajes, no cuervos. Las palomas son portadoras de la paz, una paz que llevarán por todo el reino en nombre de los Dioses!;;;;;;;;;x
EVTOPTAreligious.57;The Seven will bless the realm;Les Sept vont bénir le royaume !;;;Los Siete bendecirán al reino;;;;;;;;;x
EVTDESCreligious.58;[Root.GetTitledFirstName], to enable the flow of peace and piety throughout the realm, it is hereby required that the Citadel and all my bannermen use doves, not ravens, to carry their messages.\n\nThis Holy Edict is Signed,\n[From.GetTitledFirstNameNoRegnal] of House [From.GetOnlyDynastyName], the [From.GetRegnalOrdinal] of [From.GetHerHis] name;[Root.GetTitledFirstName], pour s'assurer que la paix et la piété se répandent dans notre royaume, il est désormais demandé à la Citadelle et à mes bannerets de n'utiliser que des colombes à la place des corbeaux pour porter leurs messages.\n\nCe Saint Edit a été promulgué par,\n[From.GetTitledFirstNameNoRegnal] de la Maison [From.GetOnlyDynastyName], [From.GetRegnalOrdinal] du nom;;;[Root.GetTitledFirstName], para fomentar la paz en el reino es necesario que la Ciudadela y todos mis vasallos utilicen a partir de ahora palomos, y no cuervos, para enviar mensajes.\n\nEste Sagrado Edicto está Firmado por,\n[From.GetTitledFirstName] de la Casa [From.GetOnlyDynastyName].;;;;;;;;;x
EVTOPTAreligious.58;This is ridiculous;C'est ridicule !;;;Esto es ridículo!;;;;;;;;;x
EVTDESCreligious.59;The wanton lust and promiscuity of the women of this realm is scorned and reviled by the Gods. I could enforce chastity by force, but instead I shall encourage it by providing exemptions from taxation for those who ensure the virtue of their daughters...through the judicious use of chastity belts!;Les Dieux vomissent la luxure qui sévit dans ce royaume. Je pourrais promouvoir la chasteté par la force, mais il serait peut-être plus judicieux d'offrir des exemptions fiscales à ceux qui s'assurent de la vertu de leurs filles... par la judicieuse utilisation de ceintures de chasteté ! ;;;La lujuria desenfrenada y la promiscuidad de las mujeres del reino es despreciada por los Dioses. Podría hacer que sean castas por la fuerza, pero en vez de eso otorgaré exenciones de impuestos a aquellos padres que aseguren la virtud de sus hijas… a través del uso estricto de cinturones de castidad!;;;;;;;;;x
EVTOPTAreligious.59;We shall all be blessed;Nous serons tous bénis;;;Todos seremos bendecidos;;;;;;;;;x
EVTDESCreligious.60;[Root.GetTitledFirstName], the sinful and lustful nature of our realm's women has long been a problem. So, to encourage more pious behaviour, I hereby offer tax exemptions for those who ensure the virtue of their daughters through the strict use of chastity belts.\n\nThis Holy Edict is Signed,\n[From.GetTitledFirstNameNoRegnal] of House [From.GetOnlyDynastyName], the [From.GetRegnalOrdinal] of [From.GetHerHis] name;[Root.GetTitledFirstName], le vice et la luxure des femmes du royaume ont toujours été un problème. Aussi, pour encourager les sentiments les plus pieux, ai-je décidé d'offrir des exemptions fiscales à ceux qui s'assurent de la vertu de leurs filles en faisant usage des ceintures de chasteté.\n\nCe Saint Edit a été promulgué par,\n[From.GetTitledFirstNameNoRegnal] de la Maison [From.GetOnlyDynastyName], [From.GetRegnalOrdinal] du nom;;;[Root.GetTitledFirstName], el pecado y la lujuria de las mujeres del reino han sido durante mucho tiempo un gran problema. Por tanto, para fomentar un comportamiento más piadoso, por la presente ofrezco exenciones de impuestos a todos aquellos que aseguren la virtud de sus hijas mediante el uso estricto de cinturones de castidad.\n\nEste Sagrado Edicto está Firmado por,\n[From.GetTitledFirstName] de la Casa [From.GetOnlyDynastyName].;;;;;;;;;x
EVTOPTAreligious.60;Surely [From.GetSheHe] has more important matters to address?;N'y aurait-il pas d'affaires plus importantes et plus urgentes ?;;;¿No hay asuntos más importantes y urgentes que tratar?;;;;;;;;;x
EVTOPTBreligious.60;Well I might as well take advantage!;Voilà un édit dont je pourrai tirer avantage !;;;Bueno, puede que yo también pueda aprovecharme!;;;;;;;;;x
chastity_belt;Chastity Belt;Ceinture de chasteté;;;Cinturón de castidad;;;;;;;;;x
EVTDESCreligious.61;The maesters study their books and scrolls, full of unpious and unholy teachings. Many contain ribald and scandalous content, others sinful untruths. Septon Barth’s 'Unnatural History' in particular is full of wicked and evil blasphemies. Surely they should all be burned?!;Les mestres étudient leurs livres et leurs parchemins qui sont remplis d'enseignements impis. De nombreux ouvrages contiennent des passages scandaleux et grivois, voire de coupables mensonges. En particulier « l'Histoire surnaturelle » de septon Barth qui contient de nombreux blasphèmes démoniaques. Nous devons brûler tous ces ouvrages !;;;Los maestres estudian libros y pergaminos repletos de enseñanzas oscuras y blasfemias. Muchos contienen textos obscenos y escandalosos, y otros están llenos de falsedades pecaminosas. 'Historia antinatural', del Septón Barth, es un libro particularmente perverso y blasfemo. ¡Han de ser quemados!;;;;;;;;;x
opinion_burned_books;Burned Books;Livres brûlés;;;Libros quemados;;;;;;;;;x
EVTOPTAreligious.61;Study of them shall be made punishable by death!;L'étude de ces ouvrages devrait être puni de mort !;;;El estudio de esas blasfemias debe ser castigado con la muerte!;;;;;;;;;x
EVTOPTBreligious.61;No, destroying knowledge is a painful thing;Non, détruire le savoir est quelque chose de terrible;;;No, destruir el conocimiento escrito es un error;;;;;;;;;x
EVTDESCreligious.62;[From.GetTitledFirstName]'s zealous edicts have taken an unfortunate turn. [From.GetSheHeCap] has started burning books that [From.GetSheHe] deems blasphemous, including Maester's scrolls and other harmless ribald stories. Septon Barth’s 'Unnatural History', a work of one of the brightest minds in the Seven Kingdoms, has even been outlawed and burnt. Much lore and knowledge has been lost.;Les édits zélés de [From.GetTitledFirstName] ont pris un tour malheureux. [From.GetSheHeCap] a commencé à brûler les livres qu'[From.GetSheHe] trouve blasphématoires, y compris les parchemins des mestres et quelques d'inoffensives petites histoires grivoises. « l'Histoire surnaturelle » de septon Barth, le travail de l'un des esprits les plus brillants des Sept Couronnes, a été interdit et brûlé. Nombre de connaissances ont été perdues.;;;Los fanáticos edictos de [From.GetTitledFirstName] han tomado un giro desafortunado. Ha comenzado a quemar los libros que considerada blasfemos, incluyendo pergaminos de maestres y otras inofensivas historias obscenas. La 'Historia antinatural' del Septón Barth, una obra escrita por una de las mentes más brillantes de Poniente, también ha sido prohibida y quemada en la hoguera. Muchas tradiciones y conocimientos se han perdido para siempre.;;;;;;;;;x
EVTOPTAreligious.62;The [From.GetTitle] is clearly mad;Le(a) [From.GetTitle] est clairement fou(olle);;;El [From.GetTitle] está claramente loco.;;;;;;;;;x
send_daughter_to_silent_sisters;Send to Silent Sisters;Envoyer votre fille chez les Sœurs du Silence.;;;Enviar hija a las Hermanas Silenciosas;;;;;;;;;x
send_daughter_to_silent_sisters_desc;Send [This.GetTitledFirstNameWithDynastyAndTitleNoRegnal] to the silent sisters.;Envoyer [This.GetTitledFirstNameWithDynastyAndTitleNoRegnal] chez les Sœurs du Silence.;;;Enviar a [This.GetTitledFirstNameWithDynastyAndTitleNoRegnal] a las Hermanas Silenciosas;;;;;;;;;x
EVTDESCreligious.300;You have sent your daughter to the Silent Sisters.;Vous avez envoyé votre fille chez les Sœurs du Silence.;;;Has enviado a tu hija a las Hermanas Silenciosas;;;;;;;;;x
EVTDESC2101001;Your father has decided to send you to the Silent Sisters.;Votre père a décidé de vous envoyer chez les Sœurs du Silence.;;;Tu padre ha decidido enviarte a las Hermanas Silenciosas;;;;;;;;;x
silent_sister;Silent Sister;Sœur du Silence;;;Hermana Silenciosa;;;;;;;;;x
silent_sister_desc;This character has dedicated her life to honoring the dead and fallen.;Ce personnage a dédié sa vie aux services des morts.;;;Este personaje ha dedicado su vida a honrar a las muertos, jurando votos de silencio y castidad en honor al Desconocido.;;;;;;;;;x
EVTDESC20002;The recent conversion of [converted_province.GetName] to [Root.Religion.GetName] has caused great unrest in the unfaithful parts of your realm. Both noble and pesant alike feel threatened.;La conversion récente de [converted_province.GetName] au culte de [Root.Religion.GetName] a causé beaucoup d'agitation dans les les parties infidèles de votre royaume. Les nobles comme les paysans se sentent menacés.;;;La reciente conversión de [converted_province.GetName] a [Root.Religion.GetName] ha causado un gran malestar entre los infieles del reino. Tanto nobles como plebeyos se sienten igualmente amenazados.;;;;;;;;;x
EVTOPTA20002;They will understand eventually;Ils finiront par comprendre;;;Acabarán entendiéndolo.;;;;;;;;;x
TOOLTIPreligious_unrestREALM;All non-[Root.Religion.GetName] provinces in [Root.GetTitledFirstName]'s realm experience religious unrest for 5 years\n;Toutes les provinces ne croyant pas en [Root.Religion.GetName] au sein du royaume de [Root.GetTitledFirstName] subissent de l'agitation religieuse pour 5 ans\n;;;Todas las provincias no creyentes de [Root.Religion.GetName] en [Root.GetTitledFirstName] sufrirán malestar religioso durante los próximos 5 años\n;;;;;;;;;x
TOOLTIPreligious_unrestREALMKINGDOM;All non-[Root.Religion.GetName] provinces in [converted_province.Kingdom.GetName] controlled by [Root.GetTitledFirstName] or [From.Liege.GetTitledFirstName] experience religious unrest for 5 years\n;Toutes les provinces ne croyant pas en [Root.Religion.GetName] au sein de [converted_province.Kingdom.GetName] contrôlé par [Root.GetTitledFirstName] ou [From.Liege.GetTitledFirstName] subissent de l'agitation religieuse pour 5 ans\n;;;Todas las provincias no creyentes de [Root.Religion.GetName] en [converted_province.Kingdom.GetName] gobernadas por [Root.GetTitledFirstName] o [From.Liege.GetTitledFirstName] sufrirán malestar religioso durante los próximos 5 años\n;;;;;;;;;x
TOOLTIPreligious_unrestREALMDUCHY;All non-[Root.Religion.GetName] provinces in [converted_province.Duchy.GetName] controlled by [Root.GetTitledFirstName] or [From.Liege.GetTitledFirstName] experience religious unrest for 5 years\n;Toutes les provinces ne croyant pas en [Root.Religion.GetName] au sein de [converted_province.Duchy.GetName] contrôlé par [Root.GetTitledFirstName] ou [From.Liege.GetTitledFirstName] subissent de l'agitation religieuse pour 5 ans\n;;;Todas las provincias no creyentes de [Root.Religion.GetName] en el reino de [converted_province.Kingdom.GetName] gobernadas por [Root.GetTitledFirstName] o [From.Liege.GetTitledFirstName] sufrirán desórdenes religiosos durante los próximos 5 años\n;;;;;;;;;x
opinion_religion_threatened;Religion Threatened;Religion menacée;;;Religión amenazada;;;;;;;;;x
TOOLTIPreligious_revoltABDICATE;[This.GetTitledFirstName] abdicates to a follower of [Root.Religion.GetName] favoured by [Root.GetTitledFirstName]\n;[This.GetTitledFirstName] abdique en faveur d'un croyant de [Root.Religion.GetName] favorisé par [Root.GetTitledFirstName]\n;;;[This.GetTitledFirstName] ha abdicado en favor de un seguidor de [Root.Religion.GetName] escogido por [Root.GetTitledFirstName]\n;;;;;;;;;x
crushed_religious_revolt;Crushed Religious Revolt;Révolte religieuse écrasée;;;Revuelta religiosa aplastada;;;;;;;;;x
islands_rel;Islander Gods;Habitant des Mille-Îles;;;Milisleño;;;;;;;;;x
fish_gods;Fish Gods;Dieux poissons;;;Dioses Pescado;;;;;;;;;x
fish_gods_DESC;The bizare fish headed gods worshipped by the strange peoples of the Thousand Islands;Les divinités bizarres à tête de poisson sont honorés par les peuples étranges des Mille-Îles;;;Los dioses de extrañas cabezas de pescado adorados por las gentes de las Mil Islas.;;;;;;;;;x
GOD_FISH_GODS;The Fish Gods;Les Dieux poissons;;;Los Dioses Pescado;;;;;;;;;x
boash;Boash'i;Boash;;;Boash;;;;;;;;;x
boash_DESC;"Boash, the Blind God, is a deity that was once worshiped in the Valyrian Freehold and the one deity of the Valyrians who settled on Lorath.\n\nRejecting all other deities, the followers of Boash ate no flesh, drank no wine, and walked barefoot through the world, clad only in hair shirts and hides. Their eunuch priests wore eyeless hoods in honor of their god; only in darkness, they believed, would their third eye open, allowing them to see the 'higher truths' of creation that lay concealed behind the world’s illusions. The worshippers of Boash believed that all life was sacred and eternal, that men and women were equal, that lords and peasants, rich and poor, slave and master, man and beast were all alike, all equally worthy, all creatures of god.";Boash, le dieu Aveugle, est une divinité qui fut autrefois vénérée dans les possessions valyriennes et était la divinité des Valyriens établis à Lorath.\n\nRefusant toute autre religion, ils étaient végétariens, ne buvaient pas d'alcool, marchaient pieds nus et se vêtaient de peaux. Les prêtres eunuques portaient des capuches sans yeux en honneur de leur dieu. Ils pensaient que, dans l'obscurité,  le « troisième oeil » s'ouvrirait, leur permettant de voir les grandes vérités de la création qui sont cachées derrière les illusions du monde. Les fidèles de Boash pensaient que toute vie était sacrée et éternelle, que les hommes et les femmes étaient égaux, que lords et paysans, riches et pauvres, maitre et esclave, homme et bête étaient semblables, d'égale valeur et créatures de dieu.;;;"Boash, el Dios Ciego, es una diedad originada en Valyria y Lorath por los colonos que se asentaron en las islas.\n\nRechazando al resto de dioses, los seguidores de Boash no comían carne, no bebían vino, iban andado descalzos y vestían solo con cilicios y cueros. Sus sacerdotes eunucos llevaban capuchas que les tapaban los ojos en honor a su dios; según ellos sería su tercer ojo el que les permitiría ver las verdades superiores de la creación que yacían ocultas tras las ilusiones mundanas. Los adoradores de Boash creían que toda la vida era sagrada y eterna, que los hombres y las mujeres eran iguales, que señores y campesinos, los ricos y los pobres, los esclavos y los amos, los hombres y las bestias: todos semejantes, todos igualmente dignos , todos criaturas de Dios.";;;;;;;;;x
GOD_BOASH;Boash;Boash;;;Boash;;;;;;;;;x
GOD_THE_BLIND_GOD;The Blind God;Le dieu Aveugle;;;El Dios Ciego;;;;;;;;;x
EVTOPTDreligious.3;I will not have my kin waste their talents like that;Je ne veux pas que quelqu'un de mon sang gâche son talent avec ça;;;No quiero que mis parientes desperdicien su talento de esa forma.;;;;;;;;;x
starry_rel;The Church of Starry Wisdom;L’Église de la Sagesse étoilée;;;Iglesia de la Sabiduría Estelar;;;;;;;;;x
starry_wisdom;Starry Wisdom;Sagesse étoilée;;;Sabiduría Estelar;;;;;;;;;x
starry_wisdom_DESC;The Church of Starry Wisdom.  Believed to have been founded long ago during the Golden Empire of the Dawn by the Bloodstone Emperor, who began worshipping a black monolith which fell from the heavens.;L’Église de la Sagesse étoilée.  On pense qu'elle fut fondée par l’empereur de Jaspe de Sang, neuvième et dernier empereur-dieu du mythique Grand Empire de l'Aube de Yi Ti. On dit qu’il jeta à bas les dieux yitiens pour adorer une pierre noire tombée du ciel.;;;Se cree que la Iglesia de la Sabiduría Estelar fue fundada hace miles de años por el Emperador Sanguina del Gran Imperio del Amanecer, que comenzó a adorar a una piedra negra caída del cielo.;;;;;;;;;x
leng_rel;Lengi;Lengii;;;Lenguita;;;;;;;;;x
old_ones;Old Ones;Anciens de Leng;;;Antiguos;;;;;;;;;x
old_ones_DESC;The native Lengi worshipped the Old Ones who they believed inhabited the labyrinths beneath the strange ruins on the island.  From time to time the Old Ones would command the God Empress to make sacrifices to them.;The habitants de Leng vénéraient les Anciens qui d'après eux habitaient les tunnels labyrinthiques situés sous les étranges ruines de l'île.  Parfois, les Anciens demandaient à l'empereur-dieu de leur faire un sacrifice.;;;En el pasado, los lenguitas adoraban a los Antiguos, que creían habitaban los laberintos que recorren las extrañas ruinas de la isla. De vez en cuando los Antiguos mandaban a la Diosa Emperatriz que hiciera sacrificios para ellos.;;;;;;;;;x
GOD_OLD_ONES;The Old Ones;Les Anciens de Leng;;;Los Antiguos;;;;;;;;;x
sothoryos_rel_group;Sothoryi Gods;Sothoryien;;;Sothorí;;;;;;;;;x
sothoryos_rel;The Dark Gods;Les Dieux Sombres;;;Dioses Oscuros;;;;;;;;;x
sothoryos_rel_DESC;The brindled skin of the Sothoryi is thick, often in patterns of brown and white. They are big-boned and massively muscled, with long arms, sloped foreheads, huge square teeth, heavy jaws and coarse black hair. Their broad, flat noses suggest snouts. Sothoryi women are said to be unable to breed with men from Essos or Westeros, only bringing forth stillbirths or malformed offspring.\n\nThe Sothoryi mostly known to the corsairs of the neighbouring Basilisk Isles are those who dwell closest to the sea on the Northern shore, who have learned the Trade Talk. The Ghiscari consider them to be slow of wit but fierce fighters that make good slaves. Farther south, the Sothoryi from these regions are more savage, known for cannibalism and worshiping dark gods with obscene rites. There are also unproven reports of other races and forgotten peoples that were driven out, destroyed, or devoured by the Brindled Men, as well lizard men and eyeless cave-dwellers.;Les Sothoryiens sont surnommés les Hommes Bringés en raison de leur peau mouchetée de blanc et de brun. Ils sont très charpentés, les muscles massifs, les bras longs, le front incliné, de fortes dents carrées, de lourdes mâchoires et de raides cheveux noirs. Leur large nez plat semble un museau, leur peau épaisse, bringée de motifs blanc et brun, évoque le pourceau plus que l’homme. Les Sothoryiennes n’enfantent qu’avec leurs propres hommes, l’union avec ceux d’Essos ou Westeros ne donne que des mort-nés, souvent affreusement difformes.\n\nLes Sothoryiens les plus connus habitent près de la mer et ont appris la langue du commerce. Les Ghiscaris les jugent trop lents d’esprit pour être bons esclaves, mais ce sont de féroces combattants. Plus au sud, les Hommes Bringés sont toujours plus sauvages et barbares. Ils adorent de sombres dieux et sont cannibales. On dit qu’il y eut ici d’autres races (hommes-lézards ou troglodytes sans yeux) mais ce n'est pas prouvé. ;;;"Los índigenas sothoríes son descritos como corpulentos y musculosos, de brazos largos, frente prominente, pelo negro e hirsuto, dientes cuadrados y grandes y mandíbula firme; su nariz chata y ancha que recuerda a un hocico, y su piel gruesa con motas blancas y marrones, características más propias de cerdos que de humanos, son lo que hace que sean conocidos llamados hombres pintos. Las mujeres sothoríes solo son fértiles con varones de su raza; cuando se aparean con hombres extranjeros alumbran a fetos muertos, muchos de ellos deformes..\n\nLos sothoríes que viven en la costa han aprendido a hablar la lengua del comercio. Los ghiscaris los consideran torpes para servir como esclavos, pero bravos luchadores, por lo que los usan como gladiadores en los reñideros. Más al sur desaparece cualquier pequeño vestigio de civilización y los hombres pintos se vuelven aún más bárbaros y salvajes. Estos sothoríes adoran a dioses oscuros en ritos obscenos. Muchos de ellos son caníbales; cuando no pueden alimentarse de enemigos y forasteros, se comen a sus propios muertos. Se cree que antaño hubo otras razas que poblaron el continente, pueblos olvidados a lo que los hombres pintos destruyeron, devoraron o ahuyentaron. Circulan historias sobre hombres lagarto, ciudades perdidas y cavernarios sin ojos, pero no hay pruebas de su existencia.";;;;;;;;;x
restore_high_priest_in_volantis;Restore High Priest to the Red Temple;Restaurer Grand Prêtre au Temple du Maître de la Lumière;;;Restaurar al Sumo Sacerdote del Templo Rojo;;;;;;;;;x
restore_high_priest_in_volantis_desc;The High Priest of R'hllor does not currently own their traditional seat at the Red Temple of Volantis. Restoring him to the temple would please followers of the Lord of Light.;Le Grand Prêtre de R'hllor n'est actuellement pas sur son siège dans le Temple du Maître de la Lumière à Volantis. Le restaurer plaira aux adeptes de R'hllor.;;;El Sumo Sacerdote de R'hllor no posee su tradicional asiento del Templo Rojo de Volantis. Restaurarlo complacerá a los adeptos de R'hllor.;;;;;;;;;x
opinion_restored_high_priest;Restored High Priest's Seat;A restaurer le siège du Grand Prêtre;;;Ha restaurado el asiento del Sumo Sacerdote;;;;;;;;;x
tp_weirwood_tree;Weirwood Tree;Barral;;;Arciano;;;;;;;;;x
tp_weirwood_tree_desc;All you can manage is this single Weirwood.;Tout ce que vous avez est cet unique barral.;;;Sólamente cuentas con un único arciano.;;;;;;;;;x
tp_small_godswood;Small Godswood;Petit bois sacré;;;Pequeño Bosque de Dioses;;;;;;;;;x
tp_small_godswood_desc;Your Weirwood has grown and you've added several to the garden.;Votre barral a grandi et a vous en avez planté quelques autres dans le jardin.;;;Tu arciano ha crecido y has plantado algunos más en el jardín.;;;;;;;;;x
tp_godswood;Godswood;Bois sacré;;;Bosque de Dioses;;;;;;;;;x
tp_godswood_desc;Several sproutlings have grown and your Weirwood garden is becoming a woodlands.;Plusieurs pousses ont grandi et votre bois sacré est presque devenu une petite forêt.;;;Varios brotes han crecido y tu Bosque de Dioses se ha convertido en un pequeño bosque.;;;;;;;;;x
tp_large_godswood;Large Godswood;Grand bois sacré;;;Gran Bosque de Dioses;;;;;;;;;x
tp_large_godswood_desc;You have a nutured your Godswood and now have a great many Weirwood Trees.;Vous vous êtes bien occupé de votre bois et sacré et vous avez désormais de nombreux grands barrals.;;;Te has ocupado muy bien del Bosque de Dioses que ya cuenta con muchos grandes arcianos.;;;;;;;;;x
tp_godswood_forest;Godswood Forest;Immense bois sacré;;;Inmenso Bosque de Dioses;;;;;;;;;x
tp_godswood_forest_desc;Your Godswood is now a self-sustaining forest, the Gods' eyes are numerous and widespread.;Votre bois sacré est devenu une véritable forêt et les Dieux y sont omniprésents.;;;Tu Bosque de Dioses se ha convertido en un verdadero bosque y los ojos de los Dioses son omnipresentes.;;;;;;;;;x
EVTDESCreligious.64;[Root.PrimaryTitle.GetFOA],\nThe Weirwoods in [target_weirwood_holding.GetName] are growing ever larger and are truly a sight to behold, recently they have gotten even bigger a great testament to the Gods!;[Root.PrimaryTitle.GetFOA],\nLes barrals de [target_weirwood_holding.GetName] sont de plus en plus grands, c'est une vision magnifique, une véritable offrande aux Dieux !;;;;;;;;;;;;x
EVTOPTAreligious.64;That is wonderful!;C'est magnifique !;;;Magnífico!;;;;;;;;;x
EVTOPTBreligious.64;I do not care to be informed of such things;Je ne me fiche de tout cela. ;;;No quiero ser informado de ese tipo de cosas;;;;;;;;;x
weeping_lady;The Weeping Lady;La Dame éplorée;Trios;;Trios;;;;;;;;;x
weeping_lady_DESC;The Weeping Lady of Lys is a goddess worshipped by the Lyseni. She is a love goddess worshipped by many Lyseni, snd graces the Lysene coinage.;La Dame éplorée est la déesse vénérée par les Lysiens. C'est une déesse de l'amour qui apparaît également sur certaines pièces de monnaie.;;;Trios es el dios de tres cabezas de Tyrosh.;;;;;;;;;x
GOD_THE_WEEPING_LADY;The Weeping Lady;La Dame éplorée;Trios;;Trios;;;;;;;;;x
GOD_THE_LOVE_GODDESS;The Love Goddess;La déesse de l'Amour;;;La Diosa del Amor;;;;;;;;;x
far_east_group;Far Eastern Gods;L'Orient lointain;;;Dioses del Lejano Oriente;;;;;;;;;x
sympathy_wildling_religion;Wildling Sympathiser;Sympathie pour les croyances des Sauvageons;;;Simpatiza por Poniente;;;;;;;;;x
sympathy_wildling_religion_desc;This character, though not a wildling themselves, has a special sympathy and understanding of the 'Free Folk' and their beliefs.;Ce personnage, bien qu'il ne soit pas lui-même un sauvageon, a une sympathie et une compréhension particulières pour le 'Peuple libre' et ses croyances.;;;Este personaje, aunque no es de una fe de Poniente, tiene una especial simpatía y comprensión de las creencias de Poniente y sus prácticas.;;;;;;;;;x
sympathy_sarnor_rel;Sympathy for Sarnori Gods;Sympathie pour les Sarnores;;;Simpatiza por Poniente;;;;;;;;;x
sympathy_sarnor_rel_desc;This character, though not a follower of the Sarnori gods, has a special sympathy and understanding of the Sarnori and their beliefs.;Ce personnage, bien qu'il ne soit pas un adepte des dieux Sarnores, a une sympathie et une compréhension particulières pour les Sarnores et leurs croyances.;;;Este personaje, aunque no es de una fe de Poniente, tiene una especial simpatía y comprensión de las creencias de Poniente y sus prácticas.;;;;;;;;;x
sympathy_qarth_rel;Sympathy for Qartheen Gods;Sympathie pour les quarthiens;;;Simpatiza por Poniente;;;;;;;;;x
sympathy_qarth_rel_desc;This character, though not a follower of the Qartheen gods, has a special sympathy and understanding of the Qartheen and their warlocks.;Ce personnage, bien qu'il ne soit pas un adepte des dieux de Qarth, a une sympathie et une compréhension particulières pour les quartiens et leurs sorciers.;;;Este personaje, aunque no es de una fe de Poniente, tiene una especial simpatía y comprensión de las creencias de Poniente y sus prácticas.;;;;;;;;;x
sympathy_far_east_group;Sympathy for Far Eastern Gods;Sympathie pour les habitants de l'Orient lointain;;;Simpatiza por Poniente;;;;;;;;;x
sympathy_far_east_group_desc;This character, though not of a Far Eastern faith, has a special sympathy and understanding of the people of the Jade Sea and and their beliefs.;Ce personnage, bien que ne partageant pas la foi de ceux de l'Orient lointain, a une sympathie et une compréhension particulières pour les habitants de la mer de Jade et leurs croyances .;;;Este personaje, aunque no es de una fe de Poniente, tiene una especial simpatía y comprensión de las creencias de Poniente y sus prácticas.;;;;;;;;;x
sympathy_ibben_rel;Sympathy for Ibbenese Gods;Sympathie pour les Ibbéniens;;;Simpatiza por Poniente;;;;;;;;;x
sympathy_ibben_rel_desc;This character, though not a follower of the  Ibbenese gods, has a special sympathy and understanding of the  Ibbenese and their beliefs.;Ce personnage, bien qu'il ne soit pas un adepte des dieux Ibbéniens, a une sympathie et une compréhension particulières pour les Ibbéniens et leurs croyances.;;;Este personaje, aunque no es de una fe de Poniente, tiene una especial simpatía y comprensión de las creencias de Poniente y sus prácticas.;;;;;;;;;x
sympathy_dothraki_rel_group;Sympathy for Dothraki Gods;Sympathie pour les Dothrakis;;;Simpatiza por Poniente;;;;;;;;;x
sympathy_dothraki_rel_group_desc;This character, though not a Dothraki themselves, has a special sympathy and understanding of the Dothraki and their beliefs.;Ce personnage, bien qu'il ne soit pas lui-même un dothraki, a une sympathie et une compréhension particulières pour les dothrakis et leurs croyances.;;;Este personaje, aunque no es de una fe de Poniente, tiene una especial simpatía y comprensión de las creencias de Poniente y sus prácticas.;;;;;;;;;x
sympathy_jogos_rel_group;Sympathy for Jogos Nhai Gods;Sympathie pour les  Jogos Nhai;;;Simpatiza por Poniente;;;;;;;;;x
sympathy_jogos_rel_group_desc;This character, though not a follower of the Jogos Nhai gods, has a special sympathy and understanding of the Jogos Nhai and their beliefs.;Ce personnage, bien qu'il ne soit pas un adepte des dieux des Jogos Nhai, a une sympathie et une compréhension particulières pour les Jogos Nhai et leurs croyances.;;;Este personaje, aunque no es de una fe de Poniente, tiene una especial simpatía y comprensión de las creencias de Poniente y sus prácticas.;;;;;;;;;x
sympathy_lhazar_rel_group;Sympathy for Lhazareen Gods;Sympathie pour les Lhazaréens;;;Simpatiza por Poniente;;;;;;;;;x
sympathy_lhazar_rel_group;This character, though not a follower of the Great Shepherd, has a special sympathy and understanding of the Lhazareen and their beliefs.;Sympathie pour les Lhazaréens;;;Este personaje, aunque no es de una fe de Poniente, tiene una especial simpatía y comprensión de las creencias de Poniente y sus prácticas.;;;;;;;;;x
sympathy_summer_rel_group;Sympathy for Summer Isles Gods;Sympathie pour les dieux de la mer d'Été;;;Simpatiza por Poniente;;;;;;;;;x
sympathy_summer_rel_group_desc;This character, though not of those faiths, has a special sympathy and understanding of the people of the Summer Sea and and their beliefs.;Ce personnage, bien qu'il ne soit pas un adepte de ces religions, a une sympathie et une compréhension particulières des habitants de la mer d'Été et leurs croyances.;;;Este personaje, aunque no es de una fe de Poniente, tiene una especial simpatía y comprensión de las creencias de Poniente y sus prácticas.;;;;;;;;;x
sympathy_sothoryos_rel_group;Sympathy for Sothoryi Gods;Sympathie pour les Sothoryis;;;Simpatiza por Poniente;;;;;;;;;x
sympathy_sothoryos_rel_group_desc;This character, though not a follower of the their gods, has a special sympathy and understanding of the Sothoryi and their dark gods.;Ce personnage, bien qu'il ne soit pas un adepte de ces religions, a une sympathie et une compréhension particulières des Sothoryis et leurs sombres dieux.;;;Este personaje, aunque no es de una fe de Poniente, tiene una especial simpatía y comprensión de las creencias de Poniente y sus prácticas.;;;;;;;;;x
sympathy_pirate_group;Pirate Sympathiser;Sympathie pour les pirates;;;Simpatiza por Poniente;;;;;;;;;x
sympathy_pirate_group_desc;This character, though not a pirate themselves, has a special sympathy for and understanding of pirates and their practices.;Ce personnage, bien qu'il ne soit pas lui-même un pirate, a une sympathie et une compréhension particulières pour les pirates et leurs pratiques.;;;Este personaje, aunque no es de una fe de Poniente, tiene una especial simpatía y comprensión de las creencias de Poniente y sus prácticas.;;;;;;;;;x
GOD_MERLIN_KING;The Merlin King;Le Roi Triton;;;El Rey Tritón;;;;;;;;;x
GOD_AQUAN;Aquan;Aquan;;;;;;;;;;;;x
GOD_HOODED_WAYFARER;The Hooded Wayfarer;Le Voyageur Encapuchonné;;;El Viajero Encapuchado;;;;;;;;;x
GOD_MOONPALE_MAIDEN;The Moon-Pale Maiden;La Jouvencelle-au-teint-lunaire;;;La Doncella Lunar;;;;;;;;;x
GOD_SEMOSH;Semosh;Semosh;;;;;;;;;;;;x
GOD_SELLOSO;Selloso;Selloso;;;;;;;;;;;;x
GOD_SILENT_GOD;The Silent God;le dieu de Silence;;;El Dios Silencioso;;;;;;;;;x
GOD_THE_DEMONS;The Demons;Les Démons;;;Los Demonios;;;;;;;;;x
GOD_DARK_SPIRITS;Dark Spirits;Esprits sombres;;;Espíritus Oscuros;;;;;;;;;x
String_The_Great_Other;The Great Other;;;;El Gran Otro;;;;;;;;;x
String_Lord_of_Darkness;The Lord of Darkness;;;;El señor de la Oscuridad;;;;;;;;;x
String_Heart_of_Cold;The Heart of Cold;;;;El Corazón del Frío;;;;;;;;;x
String_God_of_Death;The God of Death;;;;El Dios de la Muerte;;;;;;;;;x
GOD_Nyarlathotep;Nyarlathotep;;;;;;;;;;;;;x
westerosi_religion_opinion;Westerosi Gods Opinion;;;;Opinión mejorada con La Fe de los Siete y Los Antiguos Dioses (Poniente);;;;;;;;;x
the_seven_opinion;Faith of the Seven Opinion;;;;Opinion Fe de los Siete;;;;;;;;;x
old_gods_opinion;Old Gods Opinion;;;;Opinión Dioses de Mas Allá del Muro;;;;;;;;;x
wildling_religion_opinion;Wildling Old Gods Opinion;;;;Opinión mejorada de los seguidores los Los Antiguos Dioses;;;;;;;;;x
beyond_wall_old_gods_opinion;Beyond the Wall Old Gods Opinion;;;;Opinión mejorada de los seguidores de Dioses de Mas Allá del Muro (Salvajes);;;;;;;;;x
mountain_old_gods_opinion;Mountain Old Gods Opinion;;;;;;;;;;;;;x
thenn_rel_opinion;Thenn Religion Opinion;;;;Opinion Thenn;;;;;;;;;x
drowned_god_group_opinion;Ironborn Gods Opinion;;;;Opinión mejorada de El Dios Ahogado (Hijos del Hierro);;;;;;;;;x
drowned_god_opinion;Drowned God Opinion;;;;Opinión mejorada de los seguidores de El Dios Ahogado;;;;;;;;;x
storm_god_opinion;Storm God;;;;;;;;;;;;;x
essos_group_opinion;Eastern Gods Opinion;;;;Opinión mejorada de Dioses Orientales (R'hllor, Trios, Madre, Clérigos barbudos ect..);;;;;;;;;x
rhllor_opinion;R'hllor Opinion;;;;Opinión mejorada de los seguidores de R'hllor;;;;;;;;;x
black_goat_opinion;Black Goat Opinion;;;;Opinión mejorada de los seguidores de la Cabra negra;;;;;;;;;x
gods_lorath_opinion;Gods of Lorath Opinion;;;;Opinión mejorada de los seguidores de Dioses de Lorath;;;;;;;;;x
moonsingers_opinion;Moonsingers Opinion;;;;Opinión mejorada de los seguidores de las Cantoras Lunares;;;;;;;;;x
trios_opinion;Trios Opinion;;;;Opinión mejorada de los seguidores de Trios;;;;;;;;;x
bearded_priests_opinion;Bearded Priests Opinion;;;;Opinión mejorada de los seguidores de los Clérigos barbudos;;;;;;;;;x
bakkalon_opinion;Bakkalon Opinion;;;;Opinión mejorada de los seguidores de Bakkalon;;;;;;;;;x
many_faced_god_opinion;Many-Faced Gods Opinion;;;;Opinión mejorada de los seguidores del Dios de Muchos Rostros;;;;;;;;;x
father_of_waters_opinion;Father of Waters Opinion;;;;Opinión mejorada de los seguidores del Padre de las Aguas;;;;;;;;;x
rhoynar_pagan_opinion;Mother Rhoyne Opinion;;;;Opinión mejorada de los seguidores de la Madre Rhoyne;;;;;;;;;x
boash_opinion;Boash Opinion;;;;;;;;;;;;;x
weeping_lady_opinion;Weeping Lady Opinion;;;;Opinión mejorada de los seguidores de la Dama Doliente de Lys;;;;;;;;;x
valyrian_rel_group_opinion;Valyrian Gods Opinion;;;;Opinión mejorada de Dioses Valyrios (Antigua religion Valyria);;;;;;;;;x
valyrian_rel_opinion;Valyrian Religion Opinion;;;;Opinión mejorada de los seguidores de los Dioses Valyrios;;;;;;;;;x
dragon_rel_opinion;Dragon Religion Opinion;;;;Opinión de Dragon;;;;;;;;;x
sarnor_rel_opinion;Sarnori Gods Opinion;;;;Opinión mejorada de Dioses de Sarnor (Sarnoresa);;;;;;;;;x
gods_sarnor_opinion;Gods of Sarnor Opinion;;;;Opinión mejorada de los seguidores de los Dioses de Sarnor;;;;;;;;;x
qarth_rel_opinion;Qartheen Gods Opinion;;;;Opinión mejorada de Brujos de Qarth (Quarthiense);;;;;;;;;x
qarth_warlocks_opinion;Warlocks Opinion;;;;Opinión mejorada de los seguidores de los Brujos;;;;;;;;;x
ghiscar_rel_opinion;Ghiscari Gods Opinion;;;;Opinión mejorada de Dios Ghiscari (La Arpia);;;;;;;;;x
harpy_opinion;The Harpy Opinion;;;;Opinión mejorada de los seguidores de La Arpia;;;;;;;;;x
lady_of_spears_opinion;Lady of Spears Opinion;;;;Opinión mejorada de los seguidores de La Señora de las Lanzas;;;;;;;;;x
far_east_group_opinion;Far Eastern Gods Opinion;;;;Opinión mejorada de Dioses del Lejano Este (Dioses de YI TI, Domadores de Sombras, etc..);;;;;;;;;x
yiti_gods_opinion;The Gods of Yi Ti Opinion;;;;Opinión mejorada de los seguidores de los Dioses de Yi Ti;;;;;;;;;x
lion_night_opinion;Lion of the Night Opinion;;;;Opinión mejorada de los seguidores del León de Noche;;;;;;;;;x
starry_wisdom_opinion;Starry Wisdom Opinion;;;;Opinión mejorada de los seguidores de la Iglesia de la Sabiduría Estelar;;;;;;;;;x
old_ones_opinion;Old Ones Opinion;;;;Opinión mejorada de los seguidores de Los viejos;;;;;;;;;x
shadowbinders_opinion;Shadowbinder Opinion;;;;Opinión mejorada de los seguidores de los Domadores de Sombras;;;;;;;;;x
gods_bone_mountains_opinion;Gods of Hyrkoon Opinion;;;;Opinión mejorada de los seguidores de los Dioses de Hyrkoon;;;;;;;;;x
gods_nghai_opinion;Gods of N'Ghai Opinion;;;;Opinión mejorada de los seguidores de los Dioses de N'Ghai;;;;;;;;;x
stone_cow_opinion;Stone Cow of Faros Opinion;;;;Opinión mejorada de los seguidores de la Vaca de Piedra de Faros;;;;;;;;;x
ibben_rel_opinion;Ibbenese Gods Opinion;;;;Opinión mejorada de Dioses de Ibben (Ibbenesa);;;;;;;;;x
gods_ibben_opinion;Gods of Ibben Opinion;;;;Opinión mejorada de los seguidores de los Dioses de Ibben;;;;;;;;;x
dothraki_rel_group_opinion;Dothraki Gods Opinion;;;;Opinión mejorada de Dios Dothraki (Dios del Caballo);;;;;;;;;x
dothraki_pagan_opinion;Great Stallion Opinion;;;;Opinión mejorada de los seguidores del Dios del Caballo;;;;;;;;;x
jogos_rel_group_opinion;Jogos Nhai Gods Opinion;;;;Opinión mejorada de Cantoras Lunares de los joghos Nhai (Jogos Nhai);;;;;;;;;x
jogos_pagan_opinion;Jogos Nhai Moonsingers Opinion;;;;;Opinión mejorada de los seguidores de las Cantoras Lunares de los joghos Nhai;;;;;;;;x
lhazar_rel_group_opinion;Lhazareen Gods Opinion;;;;Opinión mejorada de Dios El Gran Pastor (Lhazareeno);;;;;;;;;x
great_shepherd_opinion;Great Shepherd Opinion;;;;Opinión mejorada de los seguidores del Gran Pastor;;;;;;;;;x
summer_rel_group_opinion;Summer Isles Gods Opinion;;;;Opinión mejorada de Dioses del Verano (Islas del Verano);;;;;;;;;x
summer_rel_opinion;Gods of the Summer Isles Opinion;;;;Opinión mejorada de los seguidores de los Dioses de las Islas del Verano;;;;;;;;;x
nath_pagan_opinion;God of Harmony Opinion;;;;Opinión mejorada de los seguidores del Señor de la Armonía;;;;;;;;;x
pirate_group_opinion;Pirate Gods Opinion;;;;Opinión mejorada de Piratas (Peldaños de Piedra);;;;;;;;;x
pirate_opinion;Pirate Opinion;;;;Opinión mejorada de los seguidores de los Piratas;;;;;;;;;x
lady_of_the_waves_opinion;Lady of the Waves Opinion;;;;Opinión mejorada de los seguidores de la Dama de las olas;;;;;;;;;x
corsair_group_opinion;Corsair Gods Opinion;;;;Opinión mejorada de Corsarios (Peldaños de Piedra);;;;;;;;;x
corsair_opinion;Corsair Opinion;;;;Opinión mejorada de los seguidores de los Corsario;;;;;;;;;x
unoccupied_rel_group_opinion;Unoccupied Opinion Opinion;;;;Opinión mejorada de Desocupado;;;;;;;;;x
ruin_rel_opinion;Ruin Opinion Opinion;;;;Opinión mejorada de Ruina;;;;;;;;;x
winter_religion_opinion;Winter Opinion;;;;Opinión mejorada de Invierno;;;;;;;;;x
cold_gods_opinion;Cold Gods Opinion;;;;Opinión mejorada de los seguidores de los Dioses Fríos;;;;;;;;;x
islands_rel_opinion;Islander Gods Opinion;;;;Opinión mejorada de los seguidores de los Dioses Isleños;;;;;;;;;x
fish_gods_opinion;Fish Gods Opinion;;;;Opinión mejorada de los seguidores de los Dioses Peces;;;;;;;;;x
sothoryos_rel_group_opinion;Sothoryi Gods Opinion;;;;Opinión mejorada de Dioses Oscuros (Sothori);;;;;;;;;x
sothoryos_rel_opinion;The Dark Gods Opinion;;;;Opinión mejorada de los seguidores de los Dioses Oscuros;;;;;;;;;x
choose_syncretic_faith;Choose Syncretic Faith;;;;Elija una fe sincrética;;;;;;;;;x
choose_syncretic_faith_desc;The [Root.Religion.GetName] faith is very tolerant of other religions. Because of this you can choose a syncretic faith that you highly accept, alongside your true [Root.Religion.GetName] beliefs, to improve your standing with it's members.;;;;La fe [Root.Religion.GetName] es muy tolerante con otras religiones. Debido a esto, puedes elegir una fe sincrética que aceptes altamente para mejorar tu posición con sus miembros, junto con tu verdadera creencia [Root.Religion.GetName].;;;;;;;;;x
TOOLTIPhas_chosen_syncretic_faith;Has already chosen a syncretic faith\n;;;;Ya ha elegido una fe sincrética\n;;;;;;;;;x
EVTDESCreligious.65;Choose your syncretic faith;;;;Elige tu fe sincrética;;;;;;;;;x
EVTOPTAreligious.65;More religions;;;;Más religiones;;;;;;;;;x
EVTOPTBreligious.65;Westerosi Gods;;;;Dioses de La Fe de los Siete y Los Antiguos Dioses (Poniente);;;;;;;;;x
EVTOPTCreligious.65;Wildling Gods;;;;Los Antiguos Dioses de Mas Allá del Muro (Salvajes);;;;;;;;;x
EVTOPTDreligious.65;Ironborn Gods;;;;El Dios Ahogado (Hijos del Hierro);;;;;;;;;x
EVTOPTEreligious.65;Eastern Gods;;;;Dioses Orientales(R'hllor, Trios, Madre, Clérigos barbudos ect..);;;;;;;;;x
EVTOPTFreligious.65;Sarnori Gods;;;;Dioses de Sarnor (Sarnoresa);;;;;;;;;x
EVTOPTGreligious.65;Qartheen Gods;;;;Brujos de Qarth (Quarthiense);;;;;;;;;x
EVTOPTHreligious.65;Ghiscari Gods;;;;Dios Ghiscari (La Arpia);;;;;;;;;x
EVTOPTIreligious.65;Far Eastern Gods;;;;Dioses del Lejano Este (YI TI, Domadores de Sombras, ect..);;;;;;;;;x
EVTOPTJreligious.65;Ibbenese Gods;;;;Dioses de Ibben (Ibbenesa);;;;;;;;;x
EVTOPTKreligious.65;Dothraki Gods;;;;Dios Dothraki (Dios del Caballo);;;;;;;;;x
EVTOPTLreligious.65;Jogos Nhai Gods;;;;Cantoras Lunares de los joghos Nhai (Jogos Nhai);;;;;;;;;x
EVTOPTMreligious.65;Lhazareen Gods;;;;Dios El Gran Pastor (Lhazareeno);;;;;;;;;x
EVTOPTNreligious.65;Summer Isles Gods;;;;Dioses del Verano (Islas del Verano);;;;;;;;;x
EVTOPTOreligious.65;Pirate Gods;;;;Dios Pirata (Peldaños de Piedra);;;;;;;;;x
EVTOPTPreligious.65;Islander Gods;;;;Dioses isleños;;;;;;;;;x
EVTOPTQreligious.65;Sothoryi Gods;;;;Dioses Oscuros (Sothori);;;;;;;;;x
EVTOPTRreligious.65;Pagan Gods;;;;Dioses Paganos;;;;;;;;;x
EVTOPTSreligious.65;Valyrian Gods;;;;Dioses Valyrios (Antigua religion Valyria);;;;;;;;;x
syncretic_faith_westerosi_religion;Syncretic Faith - Westerosi Gods;;;;Fe sincrética de - Dioses de La Fe de los Siete y Los Antiguos Dioses (Poniente);;;;;;;;;x
syncretic_faith_wildling_religion;Syncretic Faith - Wildling Old Gods;;;;Fe sincrética de - Los Antiguos Dioses de Mas Allá del Muro (Salvajes);;;;;;;;;x
syncretic_faith_drowned_god_group;Syncretic Faith - Ironborn Gods;;;;Fe sincrética de - El Dios Ahogado (Hijos del Hierro);;;;;;;;;x
syncretic_faith_essos_group;Syncretic Faith - Eastern Gods;;;;Fe sincrética - Dioses Orientales (R'hllor, Trios, Madre, Clérigos barbudos ect..);;;;;;;;;x
syncretic_faith_sarnor_rel;Syncretic Faith - Sarnori Gods;;;;Fe sincrética - Dioses de Sarnor (Sarnoresa);;;;;;;;;x
syncretic_faith_qarth_rel;Syncretic Faith - Qartheen Gods;;;;Fe sincrética - Brujos de Qarth (Quarthiense;;;;;;;;;x
syncretic_faith_ghiscar_rel;Syncretic Faith - Ghiscari Gods;;;;Fe sincrética - Dios Ghiscari (La Arpia);;;;;;;;;x
syncretic_faith_far_east_group;Syncretic Faith - Far Eastern Gods;;;;Fe sincrética - Dioses del Lejano Este (Dioses de YI TI, Domadores de Sombras, ect..);;;;;;;;;x
syncretic_faith_ibben_rel;Syncretic Faith - Ibbenese Gods;;;;Fe sincrética - Dioses de Ibben (Ibbenesa);;;;;;;;;x
syncretic_faith_dothraki_rel_group;Syncretic Faith - Dothraki Gods;;;;Fe sincrética - Dios Dothraki (Dios del Caballo);;;;;;;;;x
syncretic_faith_jogos_rel_group;Syncretic Faith - Jogos Nhai Gods;;;;Fe sincrética - Cantoras Lunares de los joghos Nhai (Jogos Nhai);;;;;;;;;x
syncretic_faith_lhazar_rel_group;Syncretic Faith - Lhazareen Gods;;;;Fe sincrética - Dios El Gran Pastor (Lhazareeno);;;;;;;;;x
syncretic_faith_summer_rel_group;Syncretic Faith - Summer Isles Gods;;;;Fe sincrética - Dioses del Verano (Islas del Verano);;;;;;;;;x
syncretic_faith_pirate_group;Syncretic Faith - Pirate Gods;;;;Fe sincrética - Dios Pirata (Peldaños de Piedra);;;;;;;;;x
syncretic_faith_islands_rel;Syncretic Faith - Islander Gods;;;;Fe sincrética - Dioses Isleños;;;;;;;;;x
syncretic_faith_sothoryos_rel_group;Syncretic Faith - Sothoryi Gods;;;;Fe sincrética - Dioses Oscuros (Sothori);;;;;;;;;x
syncretic_faith_pagan_group;Syncretic Faith - Pagan Gods;;;;Fe sincrética - Dioses Paganos;;;;;;;;;x
syncretic_faith_valyrian_rel_group;Syncretic Faith - Valyrian Gods;;;;Fe sincrética - Dioses Valyrios (Antigua religion Valyria);;;;;;;;;x
opinion_executed_religion_head;Executed my Religion's Leader;;;;Ejecutar al líder de mi religión;;;;;;;;;x
opinion_murdered_religion_head;Murdered my Religion's Leader;;;;Asesinar al líder de mi religión;;;;;;;;;x
EVTDESCreligious.80;Many of the followers of [From.Religion.GetName] are displeased with your ruthless execution of [From.GetTitledFirstName], the leader of the religion.;;;;Muchos de los seguidores de [From.Religion.GetName] están disgustados con tu ejecución despiadada de [From.GetTitledFirstName], el líder de la religión.;;;;;;;;;x
EVTDESCreligious.80B;Many of the followers of the Faith of The Seven are displeased with your ruthless execution of the High Septon, the leader of the religion.;;;;Muchos de los seguidores de la Fe de los Siete están descontentos con tu implacable ejecución del Supremo Septon, el líder de la religión.;;;;;;;;;x
EVTOPTAreligious.80;Well [From.GetSheHe] shouldn't of crossed me!;;;;¡Bueno [From.GetSheHe] no debería de haberme enfadado!;;;;;;;;;x
TOOLTIPreligious.80;Many other [From.Religion.GetName] followers in your court, in your realm and abroad are also displeased (zealous, honorable or septon).;;;;Muchos otros seguidores de [From.Religion.GetName] en su corte, en su reino y en el extranjero también están descontentos (celosos, honorables y septónes);;;;;;;;;x
EVTOPTAreligious.5;Good for [From.GetHerHim];;;;Bueno para [From.GetHerHim];;;;;;;;;x
EVTOPTBreligious.5;I'd be glad not to see that [GetRootFromInsult] again;;;;Me alegraría no volver a ver a [GetRootFromInsult];;;;;;;;;x
EVTDESCreligious.30;The High Septon has declared an anathema upon me for my supposed sins, excommunicating me from the Faith.;J'ai été excommunié pour le péché d'un meurtre déshonorable.;Ich bin für die Sünde des unehrenhaften Mords exkommuniziert worden.;;He sido excomulgado por el pecado de un asesinato sin honor.;;;;El Supremo Septon me ha declarado un anatema por mis supuestos pecados, excomulgándome de la Fe.;;;;;x
EVTOPTAreligious.30;Curses!;Malédictions !;Verflucht!;;Maldición!;;;;;;;;;x
EVTDESCreligious.31;The High Septon has declared an anathema upon your [excommunicated_character.GetRootRelation] [excommunicated_character.GetTitledFirstNameWithDynasty] for [excommunicated_character.GetHerHis] supposed sins, excommunicating [excommunicated_character.GetHerHim] from the Faith.;;;;El Alto Septon ha declarado un anatema sobre tu [excommunicated_character.GetRootRelation] [excommunicated_character.GetTitledFirstNameWithDynasty] para [excommunicated_character.GetHerHis] supuestos pecados, excomulgando [excommunicated_character.GetHerHim] de la Fe.;;;;;;;;;x
EVTOPTAreligious.31;This is a grave situation for [excommunicated_character.GetHerHim];;;;Esta es una situación grave para [excommunicated_character.GetHerHim];;;;;;;;;x
THE_SCRIPTURES;the Scriptures;;;;Las Escrituras;;;;;;;;;x
THE_SCRIPTURES_GOAT;the Scriptures of the Black Goat;;;;Las escrituras de la Cabra Negra;;;;;;;;;x
THE_MOON_BOOKS;the Moon Books;;;;Los libros de la Luna;;;;;;;;;x
THE_TESTAMENTS_OF_TRIOS;the Testaments of the Trios;;;;Los testamentos de los Tríos;;;;;;;;;x
THE_HOLY_BOOK_AXE;the Holy Book of the Axe;;;;El Libro Sagrado del Hacha;;;;;;;;;x
THE_BOOK_OF_FACES;the Book of Many Faces;;;;El libro de muchas Caras;;;;;;;;;x
THE_EYE;the Eye;;;;El ojo;;;;;;;;;x
THE_SHADE_TEXTS;the Shade Texts;;;;Los Textos de Sombra;;;;;;;;;x
THE_GOLDEN_BOOKS;the Golden Books;;;;Los libros Dorados;;;;;;;;;x
THE_NIGHT_TEXTS;the Night Texts;;;;Los textos Nocturnos;;;;;;;;;x
THE_BOOK_OF_WISDOM;the Book of Wisdom;;;;El libro de la Sabiduría;;;;;;;;;x
GOD_CTHULHU;Cthulhu;;;;;;;;;;;;;x
THE_TESTAMENTS_OF_CTHULHU;the Testaments of Cthulhu;;;;Los testamentos de Cthulhu;;;;;;;;;x
THE_SHADOW;the Shadow;;;;La sombra;;;;;;;;;x
THE_HOLY_COW;the Holy Cow;;;;La santa vaca;;;;;;;;;x
THE_TEXTS_OF_LOVE;the Texts of Love;;;;Los textos de Amor;;;;;;;;;x
GOD_Azathoth;Azathoth;;;;;;;;;;;;;x
GOD_Yog-Sothoth;Yog-Sothoth;;;;;;;;;;;;;x
THE_DRAGON_GODS;the Dragon Gods;;;;Los dioses del Dragón;;;;;;;;;x
GODSWIFE;Godswife;;;;Esposa de Dios;;;;;;;;;x
PRIEST_female;Priestess;;;;Sacerdotisa;;;;;;;;;x
GOD_THE_SECRET_GOD;The Secret God;;;;;;;;;;;;;x
send_child_to_temple_generic;Send to the [Root.GetHouseOfWorshipCap] of [Root.Religion.GetName];;;;;;;;;;;;;x
send_child_to_temple_generic_desc;Send [Root.GetTitledFirstName] to the [Root.GetHouseOfWorshipCap] of [Root.Religion.GetName], so that [Root.GetSheHe] eventually may become a [Root.Religion.GetPriestTitle].;;;;;;;;;;;;;x
TOOLTIPsend_child_to_temple_generic;[Root.GetTitledFirstName] is sent to a random [Root.GetHouseOfWorship] in the realm;;;;;;;;;;;;;x
TOOLTIPsend_child_to_temple_genericA;Does NOT already have 2 children sent to the [Root.GetHouseOfWorship]s;;;;;;;;;;;;;x
ask_to_excommunicate;Request Excommunication;Demander l'excommunication;Exkommunikation ersuchen;;Solicitar excomunión;;;;;;;;;x
ask_to_excommunicate_desc;Send a request to the High Septon that [Root.GetTitledFirstNameWithDynasty] be declared an anathema of the faith, and excommunicating [Root.GetHerHim].;;;;;;;;;;;;;x
TOOLTIPask_to_excommunicateONGOING;Is NOT currently sending an excommunication request;;;;;;;;;;;;;x
TOOLTIPask_to_excommunicateRECENT;Has NOT recently had an excommunication lifted;;;;;;;;;;;;;x
TOOLTIPdiplomatic.240;An Excommunication request is sent to the High Septon;;;;;;;;;;;;;x
REASON_excommunicate_NO_MOTIVE;The High Septon has no reason to declare excommunication;;;;;;;;;;;;;x
REASON_excommunicate_TARGET_VASSAL;The High Septon is [Root.GetTitledFirstName]'s vassal;;;;;;;;;;;;;x
REASON_excommunicate_HIGH_SEPTON_LIKE;The High Septon likes [Root.GetTitledFirstName];;;;;;;;;;;;;x
REASON_excommunicate_HIGH_SEPTON_DISLIKE;The High Septon dislikes [Root.GetTitledFirstName];;;;;;;;;;;;;x
REASON_excommunicate_DISHONORABLE;[Root.GetTitledFirstName] is dishonorable;;;;;;;;;;;;;x
REASON_excommunicate_HIGH_PIETY;[Root.GetTitledFirstName] has high piety;;;;;;;;;;;;;x
REASON_excommunicate_LOW_PIETY;[Root.GetTitledFirstName] has low piety;;;;;;;;;;;;;x
REASON_excommunicate_ACTOR_VASSAL;The High Septon is your vassal;;;;;;;;;;;;;x
REASON_excommunicate_HIGH_SEPTON_LIKE_ACTOR;The High Septon likes you;;;;;;;;;;;;;x
REASON_excommunicate_HIGH_SEPTON_DISLIKE_ACTOR;The High Septon dislikes you;;;;;;;;;;;;;x
REASON_excommunicate_HIGH_SEPTON_ZEALOUS;The High Septon is zealous;;;;;;;;;;;;;x
REASON_excommunicate_HIGH_SEPTON_CYNICAL;The High Septon is cynical;;;;;;;;;;;;;x
EVTDESCdiplomatic.240;Your Holiness, [From.GetTitledFirstNameWithDynasty] is clearly not fit to be regarded a pious and true believer of the faith. I request that [From.GetSheHe] be declared an anathema of the faith, and excommunicated.\n\nYours humbly,\n[FromFrom.GetTitledFirstNameWithDynasty];;;;;;;;;;;;;x
EVTOPTAdiplomatic.240;I agree, it shall be done;;;;;;;;;;;;;x
opinion_excommunicated_me;Excommunicated Me;;;;;;;;;;;;;x
opinion_accepted_excom_request;Accepted Excommunication Request ;;;;;;;;;;;;;x
EVTOPTCdiplomatic.240;No, [From.GetTitledFirstName] does not deserve that;;;;;;;;;;;;;x
opinion_rejected_excom_request;Rejected Excommunication Request ;;;;;;;;;;;;;x
EVTDESCdiplomatic.241;[Root.GetTitledFirstName], after listening to the sound advice of [FromFrom.GetTitledFirstNameWithDynasty], it has become clear that you are wicked and unpious. I therefore declare you an anathema of the faith, and excommunicated.\n\nSigned in the sight of the Seven,\n[From.GetHerHisCap] Holiness, The High Septon;;;;;;;;;;;;;x
EVTDESCdiplomatic.241B;[Root.GetTitledFirstName], after observing your actions for sometime, it has become clear to me that you are wicked and unpious. I therefore declare you an anathema of the faith, and excommunicated.\n\nSigned in the sight of the Seven,\n[From.GetHerHisCap] Holiness, The High Septon;;;;;;;;;;;;;x
EVTOPTAdiplomatic.241;How dare that [GetRootFromFromInsult] conspire against me!;;;;;;;;;;;;;x
EVTDESCdiplomatic.242;To the [GetFromRootCompliment] [Root.GetTitledFirstName], the vile excesses of [FromFrom.GetTitledFirstNameWithDynasty] can no longer be tolerated! I agree that [FromFrom.GetSheHe] should be declared an anathema of the faith and be excommunicated!\n\nSigned in the sight of the Seven,\n[From.GetHerHisCap] Holiness, The High Septon;;;;;;;;;;;;;x
opinion_had_me_excom;Had me Excommunicated;;;;;;;;;;;;;x
EVTDESCdiplomatic.243;[Root.GetTitledFirstName], I do not agree with your request, and so refuse to declare an anathema on the gentle and pious [FromFrom.GetTitledFirstName].\n\nSigned in the sight of the Seven,\n[From.GetHerHisCap] Holiness, The High Septon;;;;;;;;;;;;;x
opinion_tried_to_have_me_excom;Tried to Have me Excommunicated;;;;;;;;;;;;;x
REASON_excommunicate_KINSLAYER;[Root.GetTitledFirstName] is a kinslayer;;;;;;;;;;;;;x
craft_a_weirwood_weapon;Craft a Weirwood Weapon;;;;Elabora un arma Weirwood;;;;;;;;;x
craft_a_weirwood_weapon_desc;Commission a weapon be crafted from weirwood to show your devotion to the gods.;;;;Comisiona un arma hecha con madera para mostrar tu devoción a los dioses.;;;;;;;;;x
craft_a_weirwood_weapontt;Decide what type of weapon to craft. The full cost will be dependent on its type.;;;;Decida qué tipo de arma para fabricar. El costo total dependerá de su tipo.;;;;;;;;;x
EVTDESCreligious.88;Your men have gathered an ample supply of weirwood from the nearby Godswood and are awaiting your orders. They wish to know what type of weapon you want crafted.;;;;Tus hombres han reunido una gran cantidad de leña del cercano Godswood y están esperando tus órdenes. Quieren saber qué tipo de arma quieres que sea hecha a mano.;;;;;;;;;x
EVTOPTAreligious.88;A bow capable of raining death on my enemies.;;;;Un arco capaz de llover la muerte sobre mis enemigos.;;;;;;;;;x
EVTOPTBreligious.88;A reliable spear will suit my needs.;;;;Una lanza confiable se adaptará a mis necesidades.;;;;;;;;;x
EVTOPTCreligious.88;I've changed my mind about this.;;;;He cambiado de opinión sobre esto.;;;;;;;;;x
REASON_excommunicate_TARGET_VASSAL_RELATION;The High Septon is the vassal of [Root.GetTitledFirstName]'s relative;;;;;;;;;;;;;x
REASON_excommunicate_HIGH_SEPTON_LIKE_KIN;[Root.GetTitledFirstName] is a child, and the High Septon likes their kin;;;;;;;;;;;;;x
REASON_excommunicate_HIGH_SEPTON_DISLIKE_KIN;[Root.GetTitledFirstName] is a child, and the High Septon dislikes their kin;;;;;;;;;;;;;x
REASON_excommunicate_CHILD;[Root.GetTitledFirstName] is a child;;;;;;;;;;;;;x
old_gods_reformed;Old Gods;Anciens Dieux;Alten Götter;;Los Antiguos Dioses;;;;;;;;;x
old_gods_reformed_DESC;The Old Gods are the nameless nature spirits worshiped by the First Men, and by the Children of the Forest before them. They are worshiped in sacred groves called Godswoods, with a heart tree at their center - a sacred weirwood tree into which the face of a god has been carved.;Les Anciens Dieux sont les anciennes divinités sans noms des Premiers Hommes qu'ils ont empruntées aux enfants de la forêt suite à leur installation à Westeros. Il n'y a pas de clergé dans cette religion, les seuls intercesseurs entre les hommes et les dieux sont les bois sacrés et plus particulièrement leur arbre-coeur, souvent un barral avec un visage humain sculpté sur le tronc. ;;;Los Antiguos Dioses son los espíritus de la naturaleza sin nombre adorados por los Primeros Hombres, y por los niños del bosque antes que ellos. Ellos son venerados en los bosques sagrados llamados Bosques de Dioses, con un árbol corazón en el centro - un arciano sagrado en el que la cara de un dios ha sido tallada.;;;;;;;;;x
beyond_wall_old_gods_reformed;True Old Gods;Les Anciens Dieux d'Au-Delà du Mur;Götter auf der anderen Seite der Mauer;;Los Antiguos Dioses de Más-Allá-del-Muro;;;;;;;;;x
beyond_wall_old_gods_reformed_DESC;The Old Gods are the nameless nature spirits worshiped by the First Men, and by the Children of the Forest before them. Beyond the Wall, they are worshiped at the feet of heart trees - sacred weirwood trees into which the face of a god has been carved.;Les Anciens Dieux sont les anciennes divinités sans noms des Premiers Hommes qu'ils ont empruntées aux enfants de la forêt suite à leur installation à Westeros. Au-delà du Mur, ils sont honorés au pied des arbres-cœurs, des barrals sacrés avec le visage des dieux sculpté sur le tronc.;;;Los Antiguos Dioses son los espíritus de la naturaleza sin nombre adorados por los Primeros Hombres, y por los niños del bosque antes que ellos. Más allá del muro, se los adora a los pies de los árboles corazón, arcianos sagrados en el que la cara de un dios ha sido tallada.;;;;;;;;;x
drowned_god_reformed;Drowned God;Le Dieu-Noyé;Drowned [This.Religion.GetRandomGodName];;El Dios Ahogado;;;;;;;;;x
drowned_god_reformed_DESC;The Ironborn worship the Drowned God, who commands them to reave and reap, and to whose halls they will go in death, to be waited on by mermaids. Worshipers of the Drowned God are baptized in a ritual drowning shortly after birth, for what is dead may never die.;Les Fer-nés croient au Dieu Noyé, ennemi juré du Dieu des Tornades. Le Dieu Noyé commande aux marées, sa demeure se trouve sous la mer et les morts festoyent avec lui, servis par des sirènes. Le culte est représenté par des prêtres prédicateurs et leurs disciplines, les noyés, qui sont baptisés par une noyade ritualisée, car ce qui est mort ne saurait mourir à nouveau.;;;Los hijos del hierro adoran al Dios Ahogado, que les ordena saquear y segar, y a cuyas salas irán cuando mueran, para ser atendidos por sirenas. Los adoradores del Dios Ahogado son bautizados en un ritual poco después del nacimiento donde se los ahoga y manifiestan que lo que está muerto no puede morir.;;;;;;;;;x
drowned_god_reformed_FEATURES;§Y*§! Children of salt wives are considered legitimate, but are excluded from succession unless designated otherwise;§Y*§! Peut faire de leurs captives des concubines (les femme-sels)\n§Y*§! Les enfants des femme-sels sont consédérés comme légitimes mais sont exclus de la succession sauf si ils sont désignés d'une autre façon\n§Y*§! Les rois indépendants peuvent librement envahir leurs voisins\n§Y*§! Peut sacrifier des prisoniers aux Dieu-Noyé\n§Y*§! Les royaumes avec succession élective déterminent la succession grâce aux Etats Généraux de la royauté;;;§Y*§! Pueden tomar prisioneras como concubinas (esposas de sal)\n§Y*§! Los hijos de las esposas de sal son considerados legítimos pero están excluidos de la sucesión salvo si son designados específicamente\n§Y*§! Los reyes independientes pueden invadir a los vecinos libremente\n§Y*§! Pueden sacrificar prisioneros al Dios Ahogado\n§Y*§! Los reinos con sucesión electiva determinan la sucesión mediante una Asamblea de Sucesión;;;;;;;;;x
black_goat_reformed;Black Goat of Qohor;Chèvre Noire de Qohor;Black Goat of Qohor;;Cabra Negra de Qohor;;;;;;;;;x
black_goat_reformed_DESC;The grim and sinister diety worhsipped by the people of Qohor.  The Black Goat is said to demand daily blood sacrifice from it's worhsippers and animals and prisones are constantly offered up at it's bloody altars.;La Chèvre Noire est une divinité vénérée à Qohor. La statuaire de la divinité semble se faire sous la forme d'une imposante chèvre à la toison broussailleuse, de la taille d'un auroch. Son culte semble jouir d'une mauvaise réputation et elle est considérée comme un avatar du dieu Multiface par les adorateurs de ce dernier.;;;La sombría y siniestra deidad que adoran las gentes de Qohor es la Cabra Negra. Se dice que exige sacrificios de sangre todos los días a sus fieles y que los animales y los presos son constantemente ofrecidos en sus sangrientos altares.;;;;;;;;;x
trios_reformed;Trios;Trios;Trios;;Trios;;;;;;;;;x
trios_reformed_DESC;Trios is the three-headed god of Tyrosh.;Trios est le dieu à trois tête de Tyrosh.;;;Trios es una deidad tricéfala venerada en Essos. Hay una gran estatua de él cerca del Templo de Trios en Tyrosh. También hay una torre con tres torretas dedicada a Trios en Braavos.;;;;;;;;;x
gods_lorath_reformed;Gods of Lorath;Dieux de Lorath;;;Dioses de Lorath;;;;;;;;;x
gods_lorath_reformed_DESC;The Gods of Lorath are the gods worshipped by the peoples of the Free City of Lorath;Les Dieux de Lorath sont les dieux honorés par les habitants de la cité libre de Lorath;;;Los dioses de Lorath son los dioses adorados por los pueblos de la Ciudad Libre de Lorath.;;;;;;;;;x
moonsingers_reformed;Moonsingers;Chantelunes;Moonsingers;;Cantoras Lunares;;;;;;;;;x
moonsingers_reformed_DESC;The Moonsingers are an ancient religion of western Essos, whose followers were driven out by the Valyrian Freehold, but were able to take refuge in the Free City of Braavos. As the city's founders, they have its greatest temple.;Les Chantelunes forment une ancienne religion à l'ouest d'Essos. Ils semblent que ce soient eux qui aient conduit les fondateurs de Braavos hors des Possessions de Valyria. Ayant joué un grand rôle dans les premières années de cette cité libre, c'est tout naturellement que les Chantelunes y possèdent leur plus grand temple. ;;;Las cantoras lunares son las sacerdotisas de los Jogos Nhai, una tribu nómada del Oriente Más Lejano. Sin embargo, su religión se ha extendido por Essos gracias a que varias cantoras lunares estaban entre los esclavos fugitivos que fundaron Braavos. ;;;;;;;;;x
shadowbinders_reformed;Shadowbinders;Ensorceleur d'ombres;;;Domadores de Sombras;;;;;;;;;x
shadowbinders_reformed_DESC;Shadowbinders;Ensorceleur d'ombres;;;Los domadores de sombras son aquellos practicantes de la magia que emplean sombras para que hagan cumplir su voluntad. Posiblemente sean originarios de Asshai.;;;;;;;;;x
harpy_reformed;The Harpy;La Harpie;The Harpy;;La Arpía;;;;;;;;;x
harpy_reformed_DESC;The Harpy was the ancient goddess of the Ghiscari Empire, and she remains a powerful symbol for the Ghiscari people.;La Hapie était l'ancienne déesse de l'Empire Ghiscari, et reste encore un puissant symbole pour les Ghiscari. ;;;La Arpía era la antigua diosa del Imperio Ghiscari, y ella sigue siendo un poderoso símbolo para el pueblo Ghiscari.;;;;;;;;;x
gods_sarnor_reformed;Gods of Sarnor;Dieux de Sarnor;;;Dioses de Sarnor;;;;;;;;;x
gods_sarnor_reformed_DESC;The Hundred Gods worshipped by the peoples of the Kingdom of Sarnor;Les Cent Dieux sont les dieux honorés par les habitants du royaume de Sarnor;;;Los dioses de Sarnor son los dioses adorados por los pueblos del Reino de Sarnor.;;;;;;;;;x
gods_bone_mountains_reformed;Gods of Hyrkoon;Dieux d'Hyrkoon;;;Dioses de Hyrkoon;;;;;;;;;x
gods_bone_mountains_reformed_DESC;The Gods of Hyrkoon are the gods worshipped by the peoples of the Bone Mountains;Les Dieux d'Hyrkoon sont les dieux honorés par les peuples des Montagnes des Os;;;Los dioses de Hyrkoon son los dioses adorados por los pueblos de las Montañas de los Huesos.;;;;;;;;;x
yiti_gods_reformed;The Gods of Yi Ti;Les Dieux de Yi Ti;;;Dioses de Yi Ti;;;;;;;;;x
yiti_gods_reformed_DESC;A thousand different gods are worshipped in the Golden Empire of Yi Ti.  Chief among these is the Maiden Made of Light who was impregnated by the Lion of the Night and gave birth to the first Emperor of the Great Empire of the Dawn.;Mille Dieux différents sont honorés dans l'empire Doré de Yi Ti. Parmi les divinités principales, on trouve la Jouvencelle-de-Lumière qui fut fécondée par le Lion de la Nuit et donna naissance au Dieu-sur-Terre, premier empereur-dieu mythique du Grand Empire de l'Aube.;;;Un millar de dioses distintos son adorados en el Imperio Dorado de Yi Ti. El principal de ellos es la Doncella Hecha de Luz, que se unió al León de la Noche para dar a luz al Dios en la Tierra, el primer soberano del Gran Imperio del Amanecer.;;;;;;;;;x
lion_night_reformed;Lion of the Night;Lion de la Nuit;;;León de la Noche;;;;;;;;;x
lion_night_reformed_DESC;The Lion of the Night;Le Lion de la Nuit;;;El León de Noche es un dios de Yi Ti. Parece ser frecuentemente representado como un hombre con cabeza de león sentado en un trono de ébano. De acuerdo a lo afirmado por los sacerdotes escribas de Yin, el León de Noche tuvo un hijo con la Doncella de Luz. Este hijo fue Dios en la Tierra, quien gobernó el Gran Imperio del Amanecer por diez mil años antes de ascender a los cielos para reunirse con sus ancestros. Los descendientes del Dios en la Tierra gobernaron el Imperio después de él, cada gobernante un tiempo más corto que el anterior, hasta que el hermano de la Emperatriz Amatista la derrocó, asesinó y se coronó como Emperador Sanguinaria, en lo que se conoció como la Traición de Sangre marcando el comienzo de la Larga Noche. Tras esto, la Doncella de Luz le dio la espalda al mundo y el León de Noche desencadenó su ira para castigar la maldad de los hombres. Algunos eruditos afirman que los Cinco Fuertes, que son anteriores al Imperio Dorado de Yi Ti, fueron edificados por el Emperador Perla para mantener al León de Noche y sus demonios lejos de los reinos de los hombres. Los Hombres sin Rostro creen que es sólo otra representación del Dios de Muchos Rostros. Hay una estatua de él en la Casa de Blanco y Negro. La estatua es frecuentemente visitada por hombres ricos. En Asshai también pueden encontrarse adoradores del León de Noche.;;;;;;;;;x
bakkalon_reformed;Bakkalon;Bakkalon;Bakkalon;;Bakkalon;;;;;;;;;x
bakkalon_reformed_DESC;Bakkalon, the Pale Child, is a spirit of death, often worshiped by soldiers.;Bakkalon, l'Enfant Blême, est une divinité de l'orient, souvent adoré par les guerriers et soldats.;;;Bakkalon, también conocido como El Niño Pálido, es una deidad, venerada principalmente por los soldados. Existe una estatua del dios en la Casa de Blanco y Negro en Braavos. En Asshai pueden encontrarse adoradores del Niño Pálido.;;;;;;;;;x
rhoynar_pagan_reformed;Mother Rhoyne;Rivière Mère;Mutter Rhoyne;;Madre Rhoyne;;;;;;;;;x
rhoynar_pagan_reformed_DESC;The river Rhoyne is the greastest river of western Essos, whose banks gave rise to the Rhoynar people. The Rhoynar worship her as Mother Rhoyne, and say that her sons, the Crab King and the Old Man of the River, fight each other for dominion of all life beneath the sea.;Le fleuve Rhoyne est le plus grand cours d'eau à l'ouest d'Essos. C'est sur ses berges qu'apparut le peuple Rhoynar. Celui-ci l'honora sous le nom de la Rivière Mère, à la tête d'un panthéon qui comprenait ses deux fils, le Roi Crabe et le Vieil Homme du Fleuve, qui s'affrontaient pour dominer l'ensemble des créatures vivant dans l'eau des rivières.;;;La Madre Rhoyne es la diosa principal de los Rhoynar y es una personificación de su hogar ancestral, el río Rhoyne. También se la llama Madre Río. La religión tiene otros dioses menores, como el Viejo del Río, una tortuga que luchó contra el Rey Cangrejo para lograr el dominio subacuático. En Dorne, los Huérfanos del Sangreverde siguen adorando a los dioses de los Rhoynar. ;;;;;;;;;x
nath_pagan_reformed ;God of Harmony;Maître de l'Harmonie;Gott der Harmonie;;Señor de la Armonía;;;;;;;;;x
nath_pagan_reformed _DESC;The people of Naath believe in only one god, the Lord of Harmony, who is attended by butterfly women and who created the moon, the stars, the Earth, and all the creatures that dwell upon them. Sacred butterfly spirits are said to protect Naath from all those who would do them harm.;Le peuple de Naath croit en un unique dieu créateur, le Maître de l'Harmonie. Il est servi selon cette religion par des nuées de femmes-papillons éphémères, qui protègent Naath de tous ceux qui voudraient faire du mal à ses habitants. ;;;Los habitantes de Naath creen en un solo dios, el Señor de la Armonía, que es atendido por las mujeres de la mariposa y que creó la luna, las estrellas, la Tierra, y todas las criaturas que habitan en ellas. Sagrados espíritus de las mariposas protegen Naath de todos aquellos que les quieren hacer daño.;;;;;;;;;x
jogos_pagan_reformed;Jogos Nhai Moonsingers;Chantelunes des Jogos Nhai;;;Cantoras Lunares de los Joghos Nhai;;;;;;;;;x
jogos_pagan_reformed_DESC;A nomadic band of Jogos Nhai is commanded by a jhat, or war chief, and a moonsinger, who combines the roles of priestess, healer, and judge. Jogos Nhai bands do not make war upon one another, as the gods forbid them to shed the blood of their own people. Instead, in rituals hallowed by the gods, young men ride out to steal goats, zorses, and dogs from other bands, whilst girls go forth to abduct husbands.;Les Jogos Nhai sont des nomades vivant en bande commandée par un jhat et un chantelune qui combine les rôles de prêtrese, soigneuse et juge. Les Jogos Nhai ne se font pas la guerre entre eux et les dieux leur interdisent de verser le sang d'un des leurs. Certains jeunes hommes volent à d’autres groupes des chèvres, des chiens et des zéquions, et leurs sœurs vont enlever des maris, mais ce sont des rituels consacrés par les dieux des plaines;;;"La religión de las cantoras lunares es prominente entre los Jogos Nhai. Cada grupo está al mando de un jhat, o jefe de guerra, y de una cantora lunar, que desempeña las labores de sacerdotisa, curandera y juez. El jhat los lidera en guerras, batallas e incursiones, mientras que la cantora lunar se encarga de los demás asuntos. Aunque los jhats suelen ser hombres y las cantoras lunares mujeres, no es inaudito que haya un jhat mujer o un cantor lunar. Los extranjeros suelen no percibir esto pues una mujer que elige ser guerrero debe vestir y vivir como un hombre, de la misma manera que un hombre que elige ser cantora debe vivir y vestir como mujer. Los dioses de los jogos nhai les prohíben derramar la sangre de su propia gente. Aunque los jóvenes roban perros, cabras y cebrallos de otras bandas y las muchachas salen a secuestrar maridos, no hay derramamiento de sangre; se trata, en verdad, de rituales santificados por sus dioses. Practican, además, rituales diseñados para ayudar a las mujeres en los partos, durante los cuales se cantan cánticos mágicos. Es una religión de gran tolerancia con las creencias ajenas, así como con el origen racial y étnico de las personas debido a las circunstancias de su nacimiento.";;;;;;;;;x
dothraki_pagan_reformed;Great Stallion;Grand Etalon;Grosse Hengst;;Dios Caballo;;;;;;;;;x
dothraki_pagan_reformed_DESC;The Dothraki believe in a Great Stallion who watches over the world. According to their legends, the first man rode out from the Womb of the World beneath the Mother of Mountains, atop the first horse. The Dothraki believe that the stars are a herd of horses galloping across the sky, and that when a dead Dothraki is burned, his spirit becomes on of them.;Les Dothrakis croient en un Grand Etalon qui surveille le monde. Selon leurs légendes, le premier homme est issu du Nombril du Monde, au-delà de la Mère des Montagnes, et montait le premier cheval. Ils pensent que les étoiles sont des chevaux de feu issus des âmes des défunts, galopant la nuit dans les prairies du firmament, et lorsqu'un dothraki meurt et est incinéré, son esprit devient l'un d'eux. ;;;Los Dothraki creen en un Gran Semental que vela por el mundo. Según sus leyendas, el primer hombre salió a caballo del Útero del Mundo debajo de la Madre de las Montañas, a lomos del primer caballo. Los Dothraki creen que las estrellas son una manada de caballos al galope a través del cielo, y que cuando un Dothraki muerto es incinerado, su espíritu se convierte en una de ellas.;;;;;;;;;x
stone_cow_reformed;Stone Cow of Faros;Vache en pierre de Faros;;;Vaca de Piedra de Faros;;;;;;;;;x
stone_cow_reformed_DESC;The peoples of Faros worship and venerate the Stone Cow.;Les habitants de Faros croient en la Vache en pierre;;;Las Vacas de Piedra de Faros son unas vacas de piedra originarias de la ciudad de Faros, lugar donde se veneran.;;;;;;;;;x
gods_nghai_reformed;Gods of N'Ghai;Dieux de N'Ghai;;;Dioses de N'Ghai;;;;;;;;;x
gods_nghai_reformed_DESC;The strange gods worshipped by the peoples of N'Ghai;Les étranges dieux honorés par les habitants de N'Ghai;;;Los extraños dioses adorados por los pueblos de N'Ghai.;;;;;;;;;x
summer_rel_reformed;Gods of the Summer Isles;Dieux Estiviens;;;Dioses del Verano;;;;;;;;;x
summer_rel_reformed_DESC;The people of the Summer Isles worship life and love. Among their deities is a fertility goddess with sixteen breasts, and the act of lovemaking is considered a sacred art.;Les Estiviens adorent la vie et l'amour. Parmi leurs divinités, il y a une déesse avec huit paires de seins, et l'acte d'amour est considéré comme un art sacré. ;;;Los habitantes de las Islas del Verano adoran la vida y el amor. Entre sus deidades esta la diosa de la fertilidad con dieciséis pechos, y el acto de hacer el amor es considerado como un arte sagrado.;;;;;;;;;x
father_of_waters_reformed;Father of Waters;Père des Eaux;Vater des Wassers;;Padre de las Aguas;;;;;;;;;x
father_of_waters_reformed_DESC;The Father of Waters is a god of Braavos. Each time he takes a new bride, his temple is destroyed and built anew.;Les Père des Eaux est un dieu de Braavos. A chacune de ses épousailles, son temple est détruit et reconstruit. ;;;El Padre de las Aguas es un dios de Braavos. Cada vez que toma una nueva esposa, su templo es destruido y construido de nuevo.;;;;;;;;;x
great_shepherd_reformed;Great Shepherd;Pâtre Suprême;Great Shepherd;;El Gran Pastor;;;;;;;;;x
great_shepherd_reformed_DESC;The Great Shepherd is the god of the Lhazareen people, whose priestesses are known as godswives.;Le Pâtre Surpême est le dieu des Lhazaréens. Cette divinité est uniquement servie par des prêtresses nommées épouses divines. ;;;El Gran Pastor es una deidad de Lhazar, siendo el único Dios adorado por los lhazareenos. Su nombre está relacionado con la vida pastoral del pueblo. Esta divinidad sólo es servida por sacerdotisas, llamadas Esposas del Dios. La filosofía del culto al Gran Pastor es tranquila. Enseña que todos los hombres son parte del mismo rebaño perteneciente a la deidad y que las Esposas del Dios los deben cuidar, estén donde estén.;;;;;;;;;x
boash_reformed;Boash'i;Boash;;;Boash;;;;;;;;;x
boash_reformed_DESC;"Boash, the Blind God, is a deity that was once worshiped in the Valyrian Freehold and the one deity of the Valyrians who settled on Lorath.\n\nRejecting all other deities, the followers of Boash ate no flesh, drank no wine, and walked barefoot through the world, clad only in hair shirts and hides. Their eunuch priests wore eyeless hoods in honor of their god; only in darkness, they believed, would their third eye open, allowing them to see the 'higher truths' of creation that lay concealed behind the world’s illusions. The worshippers of Boash believed that all life was sacred and eternal, that men and women were equal, that lords and peasants, rich and poor, slave and master, man and beast were all alike, all equally worthy, all creatures of god.";Boash, le dieu Aveugle, est une divinité qui fut autrefois vénérée dans les possessions valyriennes et était la divinité des Valyriens établis à Lorath.\n\nRefusant toute autre religion, ils étaient végétariens, ne buvaient pas d'alcool, marchaient pieds nus et se vêtaient de peaux. Les prêtres eunuques portaient des capuches sans yeux en honneur de leur dieu. Ils pensaient que, dans l'obscurité,  le « troisième oeil » s'ouvrirait, leur permettant de voir les grandes vérités de la création qui sont cachées derrière les illusions du monde. Les fidèles de Boash pensaient que toute vie était sacrée et éternelle, que les hommes et les femmes étaient égaux, que lords et paysans, riches et pauvres, maitre et esclave, homme et bête étaient semblables, d'égale valeur et créatures de dieu.;;;"Boash, el Dios Ciego, es una diedad originada en Valyria y Lorath por los colonos que se asentaron en las islas.\n\nRechazando al resto de dioses, los seguidores de Boash no comían carne, no bebían vino, iban andado descalzos y vestían solo con cilicios y cueros. Sus sacerdotes eunucos llevaban capuchas que les tapaban los ojos en honor a su dios; según ellos sería su tercer ojo el que les permitiría ver las verdades superiores de la creación que yacían ocultas tras las ilusiones mundanas. Los adoradores de Boash creían que toda la vida era sagrada y eterna, que los hombres y las mujeres eran iguales, que señores y campesinos, los ricos y los pobres, los esclavos y los amos, los hombres y las bestias: todos semejantes, todos igualmente dignos , todos criaturas de Dios.";;;;;;;;;x
weeping_lady_reformed;The Weeping Lady;La Dame éplorée;Trios;;Trios;;;;;;;;;x
weeping_lady_reformed_DESC;The Weeping Lady of Lys is a goddess worshipped by the Lyseni. She is a love goddess worshipped by many Lyseni, snd graces the Lysene coinage.;La Dame éplorée est la déesse vénérée par les Lysiens. C'est une déesse de l'amour qui apparaît également sur certaines pièces de monnaie.;;;Trios es el dios de tres cabezas de Tyrosh.;;;;;;;;;x
valyrian_rel_reformed;Valyrian;Valyrien;;;Valyria;;;;;;;;;x
valyrian_rel_reformed_DESC;The ancient religion of Old Valyria, capital of the greatest empire the world has ever known. When the Doom came to that city, the faith died with it, but was preserved beyond the Narrow Sea by the House Targaryen.;L'ancienne religion de l'Antique Valyria, capitale du plus grand empire que le monde ait jamais connu. Lorsque le Fléau s'est abattu sur la ville, la foi est morte avec son empire. Mais elle fut préservée un temps, grâce à la maison Targaryen.;;;La antigua religión de la Antigua Valyria, capital del mayor imperio que el mundo haya conocido. Cuando la Maldición llegó a esa ciudad, la fe murió con ella, pero fue preservada más allá del Mar Angosto por la Casa Targaryen.;;;;;;;;;x
lady_of_the_waves_reformed;Lady of the Waves;Dame des Vagues;;;Nuestra Señora de las Olas;;;;;;;;;x
lady_of_the_waves_reformed_DESC;The Lady of the Waves was a goddess of old worshiped by First Men on the Three Sisters. Sacred storms were the result of the Lady mating with the Lord of the Skies. When they worshipped her, the Sistermen were a free people ruled by local kings, who also acted as pirate kings.;La Dame des Vagues était la déesse honorée par les Premiers Hommes sur les Trois Soeurs. Les tempêtes étaient le résultat de ses accouplements avec le Seigneur des Cieux. A cette époque, les Soeurois étaient un peuple libre, dirigé par des rois locaux qui pratiquaient la piraterie.;;;Nuestra Señora de las Olas era una antigua diosa adorada por los Primeros Hombres en las Tres Hermanas. Tormentas sagradas eran el resultado del apareamiento entre la Señora de las Olas y el Señor de los Cielos. Cuando la adoraban, los hermaneños eran un pueblo libre gobernados por reyes locales, que actuaban como reyes piratas.;;;;;;;;;x
cosmopolitan_RELIGION;Religious Tolerance;;;;;;;;;;;;;x
peaceful_RELIGION;Peaceful Religion;;;;;;;;;;;;;x
tooltip_religion_feature_ironborn_invasion;§GMay declare invasions of coastal duchies/high lordships§!;;;;;;;;;;;;;x
religion_feature_the_seven;Worship of The Seven;;;;;;;;;;;;;x
religion_feature_the_seven_desc;The Faith of the Seven has a strong influence on this religion, with the seven aspects of the one deity being accepted to be among the gods.;;;;;;;;;;;;;x
religion_feature_the_seven_feature;The Seven are accepted amongst the gods;;;;;;;;;;;;;x
TOOLTIPreligion_feature_the_sevenNEIGHBOR;Any liege or vassal worships The Seven;;;;;;;;;;;;;x
tooltip_religion_feature_the_seven;§GCan freely intermarry with characters who worship The Seven\nRelations with characters who worship The Seven increased by +5\nHas access to the tradition of Knighthood and tournies§!;;;;;;;;;;;;;x
the_seven_RELIGION;Venerates The Seven;;;;;;;;;;;;;x
religion_cutthroat;Cut-throat;;;;;;;;;;;;;x
religion_cutthroat_desc;The honourable man more often than not dies before the ruthless one. Only through cunning play of the Game of Thrones will our religion survive.;;;;;;;;;;;;;x
religion_cutthroat_feature;The religion is more ruthless and morally flexible;;;;;;;;;;;;;x
tooltip_religion_feature_no_kinslaying;§GKinslaying is NOT seen as taboo§!;;;;;;;;;;;;;x
tooltip_religion_feature_moral_murder;§GKnown murderers are not morally shunned with dishonour§!;;;;;;;;;;;;;x
tooltip_religion_feature_more_plotting;§RRulers are more likely to start plots and factions, including against their own children§!;;;;;;;;;;;;;x
tooltip_religion_feature_prisoner_torture;§GCan mistreat prisoners regardless of traits§!;;;;;;;;;;;;;x
religion_feature_elective;Elective;;;;;;;;;;;;;x
religion_feature_elective_desc;The selection of kings should not be decided by birth, rather the Gods decree that our rulers must be elected from all of noble birth;;;;;;;;;;;;;x
religion_feature_elective_feature;Elective succession of kings and emperors is customary;;;;;;;;;;;;;x
tooltip_religion_feature_elective;§GElective selection of feudal kings and emperors is considered traditional§!;;;;;;;;;;;;;x
tooltip_religion_feature_opinion_boost;§GOpinion with all foreign religion groups is increase by +5, and realm province revolt risk is reduced§!;;;;;;;;;;;;;x
tooltip_religion_feature_revolt_risk;§GRealm province revolt risk is reduced§!;;;;;;;;;;;;;x
religion_feature_pro_slavery;Slaver;;;;;;;;;;;;;x
religion_feature_pro_slavery_desc;The gods decree that men may be treated as property to be bought and sold, and forced to work for the benefit of our religion.;;;;;;;;;;;;;x
religion_feature_pro_slavery_feature;The religion is pro-slavery;;;;;;;;;;;;;x
tooltip_religion_feature_pro_slavery;§GSlavery is considered traditional§!\n§GZealous rulers may spend piety to declare wars of enslavement§!;;;;;;;;;;;;;x
religion_feature_anti_slavery;Anti-Slavery;;;;;;;;;;;;;x
religion_feature_anti_slavery_desc;Slavery is abhorred by the gods and must be strictly forbidden.;;;;;;;;;;;;;x
religion_feature_anti_slavery_feature;The religion is anti-slavery;;;;;;;;;;;;;x
tooltip_religion_feature_anti_slavery;§GSlavery is opposed by the religion§!\n§GZealous rulers may spend piety to declare wars of liberation§!;;;;;;;;;;;;;x
religion_adoption;Adoption;;;;;;;;;;;;;x
religion_adoption_desc;Blood ties need not be the sole requirement for rulership, being adopted into a family is also sufficient in the eyes of the Gods.;;;;;;;;;;;;;x
religion_adoption_feature;The religion allows adoption;;;;;;;;;;;;;x
tooltip_religion_feature_adoption;Rulers may adopt lowborn characters as children;;;;;;;;;;;;;x
religion_god_king_head;God King Worship;;;;;;;;;;;;;x
religion_god_king_head_desc;Our ruler walks as a god among us and must be worshipped as such.;;;;;;;;;;;;;x
religion_god_king_head_feature;The head of the religion is worshipped as a God;;;;;;;;;;;;;x
tooltip_religion_feature_god_king_head;§GThe reformer will become the new head of the religion and be worshipped as a god\nThis will radicalise followers between supporters and opponents of this§!;;;;;;;;;;;;;x
god_king;Worshipped as a God;;;;;;;;;;;;;x
opinion_god_king_good;Worships as True God;;;;;;;;;;;;;x
opinion_god_king_bad;Scornful of God Worship;;;;;;;;;;;;;x
String_blood_magic;blood magic;;;;;;;;;;;;;x
tooltip_religion_feature_blood_magic;§GWhen magic is strong in the world, dark powers can be wielded§!;;;;;;;;;;;;;x
tooltip_religion_feature_rhllor_magic;§GAllows access to powers of healing§!;;;;;;;;;;;;;x
religion_feature_valyrian_rel;Valyrian Blood;;;;;;;;;;;;;x
religion_feature_valyrian_rel_desc;The Valyrian nobility values purity of blood, we are truly gods walking among lesser men;;;;;;;;;;;;;x
religion_feature_valyrian_rel_feature;Valyrian divine families, syncretic faiths and blood magic are practiced by this religion;;;;;;;;;;;;;x
grant_purity_of_blood;Grant Pure Blood Status;;;;;;;;;;;;;x
grant_purity_of_blood_desc;There is no doubt [Root.GetTitledFirstNameWithDynasty] can claim to descend from the blood of Valyria. As leader of the valyrian rite I can grant House [Root.GetOnlyDynastyName] official pure blood status.;;;;;;;;;;;;;x
TOOLTIP_grant_purity_of_blood;House [This.GetOnlyDynastyName] becomes a high valyrian dynasty that can practice divine blood marriages, experiencing 'coin flip' effects.;;;;;;;;;;;;;x
opinion_made_pure_blood;Granted me Pure Blood Status;;;;;;;;;;;;;x
EVTDESChigh_valyrian.70;In recognition of your faith and your unquestioned purity of blood, [From.GetTitledFirstName] has granted House [Root.GetOnlyDynastyName] divine status, making you one of the most powerful high valyrian families in the realm.;;;;;;;;;;;;;x
EVTOPTAhigh_valyrian.70;None can question my lineage;;;;;;;;;;;;;x
religion_feature_moonsingers;Moonsinger Values;;;;;;;;;;;;;x
religion_feature_moonsingers_desc;The first Braavosi moonsingers were escaped slaves from Valyria who abhorred slavery and welcomed all refugees. We must continue those values.;;;;;;;;;;;;;x
religion_feature_moonsingers_feature;This religion has the braavosi moonsinger tradition of anti-slavery and syncreticism;;;;;;;;;;;;;x
religion_feature_rhoynar_pagan;Rhoynar Traditions;;;;;;;;;;;;;x
religion_feature_rhoynar_pagan_desc;We are a river people, opposed to Valyria and believe in equal rights for women. We must protect these values.;;;;;;;;;;;;;x
religion_feature_rhoynar_pagan_feature;This religion has the rhoynar tradition of anti-slavery, seafaring and equal inheritance rights;;;;;;;;;;;;;x
tooltip_jogos_pagan_reformed_WARLIKE;War between Jogos Nhai is no longer forbidden;;;;;;;;;;;;;x
religion_feature_nath_pagan;Naathi Harmony;;;;;;;;;;;;;x
religion_feature_nath_pagan_desc;We are called the Peaceful People. We make music rather than war and kill nothing, not even animals, eating only fruit and never flesh.;;;;;;;;;;;;;x
religion_feature_nath_pagan_feature;This religion has the Naathi tradition of pacifism and harmony;;;;;;;;;;;;;x
GOD_PANTERA;Pantera;;;;;;;;;;;;;x
GOD_YNDROS;Yndros;;;;;;;;;;;;;x
GOD_YNDROS_OF_THE_TWILIGHT;Yndros of the Twilight;;;;;;;;;;;;;x
GOD_SAAGAEL;Saagael;;;;;;;;;;;;;x
old_gods_reformed_opinion;Old Gods (Reformed) Opinion;;;;Opinión Dioses de Mas Allá del Muro;;;;;;;;;x
beyond_wall_old_gods_reformed_opinion;Beyond the Wall Old Gods (Reformed) Opinion;;;;Opinión mejorada de los seguidores de Dioses de Mas Allá del Muro (Salvajes);;;;;;;;;x
drowned_god_reformed_opinion;Drowned God (Reformed) Opinion;;;;Opinión mejorada de los seguidores de El Dios Ahogado;;;;;;;;;x
black_goat_reformed_opinion;Black Goat (Reformed) Opinion;;;;Opinión mejorada de los seguidores de la Cabra negra;;;;;;;;;x
gods_lorath_reformed_opinion;Gods of Lorath (Reformed) Opinion;;;;Opinión mejorada de los seguidores de Dioses de Lorath;;;;;;;;;x
moonsingers_reformed_opinion;Moonsingers (Reformed) Opinion;;;;Opinión mejorada de los seguidores de las Cantoras Lunares;;;;;;;;;x
trios_reformed_opinion;Trios (Reformed) Opinion;;;;Opinión mejorada de los seguidores de Trios;;;;;;;;;x
father_of_waters_reformed_opinion;Father of Waters (Reformed) Opinion;;;;Opinión mejorada de los seguidores del Padre de las Aguas;;;;;;;;;x
rhoynar_pagan_reformed_opinion;Mother Rhoyne (Reformed) Opinion;;;;Opinión mejorada de los seguidores de la Madre Rhoyne;;;;;;;;;x
boash_reformed_opinion;Boash (Reformed) Opinion;;;;;;;;;;;;;x
weeping_lady_reformed_opinion;Weeping Lady (Reformed) Opinion;;;;Opinión mejorada de los seguidores de la Dama Doliente de Lys;;;;;;;;;x
valyrian_rel_reformed_opinion;Valyrian Religion (Reformed) Opinion;;;;Opinión mejorada de los seguidores de los Dioses Valyrios;;;;;;;;;x
gods_sarnor_reformed_opinion;Gods of Sarnor (Reformed) Opinion;;;;Opinión mejorada de los seguidores de los Dioses de Sarnor;;;;;;;;;x
harpy_reformed_opinion;The Harpy (Reformed) Opinion;;;;Opinión mejorada de los seguidores de La Arpia;;;;;;;;;x
yiti_gods_reformed_opinion;The Gods of Yi Ti (Reformed) Opinion;;;;Opinión mejorada de los seguidores de los Dioses de Yi Ti;;;;;;;;;x
lion_night_reformed_opinion;Lion of the Night (Reformed) Opinion;;;;Opinión mejorada de los seguidores del León de Noche;;;;;;;;;x
shadowbinders_reformed_opinion;Shadowbinder (Reformed) Opinion;;;;Opinión mejorada de los seguidores de los Domadores de Sombras;;;;;;;;;x
gods_bone_mountains_reformed_opinion;Gods of Hyrkoon (Reformed) Opinion;;;;Opinión mejorada de los seguidores de los Dioses de Hyrkoon;;;;;;;;;x
gods_nghai_reformed_opinion;Gods of N'Ghai (Reformed) Opinion;;;;Opinión mejorada de los seguidores de los Dioses de N'Ghai;;;;;;;;;x
stone_cow_reformed_opinion;Stone Cow of Faros (Reformed) Opinion;;;;Opinión mejorada de los seguidores de la Vaca de Piedra de Faros;;;;;;;;;x
jogos_pagan_reformed_opinion;Jogos Nhai Moonsingers (Reformed) Opinion;;;;;Opinión mejorada de los seguidores de las Cantoras Lunares de los joghos Nhai;;;;;;;;x
great_shepherd_reformed_opinion;Great Shepherd (Reformed) Opinion;;;;Opinión mejorada de los seguidores del Gran Pastor;;;;;;;;;x
summer_rel_reformed_opinion;Gods of the Summer Isles (Reformed) Opinion;;;;Opinión mejorada de los seguidores de los Dioses de las Islas del Verano;;;;;;;;;x
nath_pagan_reformed_opinion;God of Harmony (Reformed) Opinion;;;;Opinión mejorada de los seguidores del Señor de la Armonía;;;;;;;;;x
lady_of_the_waves_reformed_opinion;Lady of the Waves (Reformed) Opinion;;;;Opinión mejorada de los seguidores de la Dama de las olas;;;;;;;;;x
defeated_others;Defeated the Others;;;;;;;;;;;;;x
liberated_realm;Liberated a Realm;;;;;;;;;;;;;x
emancipated_realm;Emancipated a Realm;;;;;;;;;;;;;x
enslaved_realm;Enslaved a Realm;;;;;;;;;;;;;x
liberated_realm_lost;Realm was Liberated;;;;;;;;;;;;;x
emancipated_realm_lost;Realm was Emancipated;;;;;;;;;;;;;x
enslaved_realm_lost;Realm was Enslaved;;;;;;;;;;;;;x
won_major_war;Won a Major War;;;;;;;;;;;;;x
lost_major_war;Lost a Major War;;;;;;;;;;;;;x
won_minor_war;Won a Minor War;;;;;;;;;;;;;x
lost_minor_war;Lost a Minor War;;;;;;;;;;;;;x
rules_empire;Controls a Large Empire;;;;;;;;;;;;;x
