#CODE;ENGLISH;FRENCH;GERMAN;;SPANISH;;;;;;;;;x
EVTDESC250800;While you were hunting in the woods, a group of poachers dared to ambush and kidnap you!;Alors que vous chassiez dans les bois, vous avez été capturé par des braconniers !;;;¡Unos malditos furtivos se han atrevido a capturarte mientras cazabas en el bosque! ¡A tí!;;;;;;;;;x
EVTOPTA250800;My family will ransom me: bring them my sigil, at once!;Prévenez ma famille ! Elle paiera la rançon !;;;Mi familia pagará el rescate, llevadle mi sello!;;;;;;;;;x
EVTDESC250801;While hunting in the forest, your [From.GetRootRelation] [From.GetFirstName] came across some poachers who kidnapped [From.GetHerHim]. The vile scoundrels are now threatening [From.GetHerHis] life, asking a large sum of money to free [From.GetHerHim]!;Alors qu'il chassait dans la forêt, votre [From.GetRootRelation] [From.GetFirstName] a rencontré des braconniers qui l'ont enlevé. Ils menacent de le tuer si vous ne payez pas une forte somme d'argent !;;;Mientras cazaba en el bosque, tu hijo [From.GetFullName] fue secuestrado por unos furtivos. Demandan un gran cantidad de oro a cambio de su vida.;;;;;;;;;x
EVTOPTA250801;I shall pay... and may the gods curse them!;Je vais payer… Qu'ils soient maudits !;;;Los Otros se los lleven. Pagaremos.;;;;;;;;;x
EVTOPTB250801;I shall hunt them down myself!;Je vais m'en occuper moi-même !;;;¡Yo mismo daré caza a esos perros!;;;;;;;;;x
EVTOPTC250801;My master-at-arms will bring my [From.GetRootRelation] back to me.;Mon maître-d'armes va me le(a) ramener.;;;Mi maestro de armas me traerá a mi [From.GetRootRelation] de vuelta.;;;;;;;;;x
EVTDESC250803;Your [From.GetRootRelation] [From.GetFirstName] was viciously killed by the poachers!;Les braconniers ont tué votre [From.GetRootRelation] [From.GetFirstName] !;;;¡Los furtivos han matado a tu [From.GetRootRelation] [From.GetFirstName]!;;;;;;;;;x
EVTDESC250804;Whilst trying to rescue [FromFrom.GetFirstName] from the poachers you were killed!;Vous avez trouvé la mort en tentant de secourir [FromFrom.GetFirstName] !;;;Los furtivos te han matado mientras intentabas rescatar a [FromFrom.GetFirstName]!;;;;;;;;;x
EVTDESC250805;Your master-at-arms [Root.job_marshal.GetTitledFirstName] got killed by the poachers while attempting to rescue your kin!;Les braconniers ont tué votre maître d'armes [Root.job_marshal.GetTitledFirstName] alors qu'il secourait votre parent !;;;Los furtivos han asesinado a tu maestro de armas [Root.job_marshal.GetTitledFirstName] mientras intentaba rescatar a tu hijo.;;;;;;;;;x
EVTDESC250806;Rejoice! Your [FromFrom.GetRootRelation] is back, safe and sound!;Réjouissez-vous ! Votre [FromFrom.GetRootRelation] est rentré sain et sauf !;;;Tu hijo regresa sano y salvo a casa!;;;;;;;;;x
EVTDESCflavour_events.200;My son and heir, [Root.Heir.GetFirstName], is weak and interested all things soft, like books and fine clothing. He is a poor soldier and, to make matters worse, he is craven! What shall be done with him?;Mon fils et héritier, [Root.Heir.GetFirstName], est faible et doux en toutes choses, il aime les livres et les belles parures. C'est un mauvais soldat et pour ne rien arranger c'est un lâche ! Que faire de lui?;;;Mi hijo y heredero, [Root.Heir.GetFirstName], es débil y se ha dejado llevar por la flojedad de los libros y las prendas lujosas. Tiene poca capacidad como soldado y lo que es peor, ¡es un cobarde! ¿Qué deberíamos hacer con él?;;;;;;;;;x
EVTOPTAflavour_events.200;He may be craven, but he is my son.;C'est peut-être un lâche mais c'est mon fils.;;;Será un cobarde, pero es mi hijo;;;;;;;;;x
EVTOPTBflavour_events.200;I will teach him to be a proper heir.;Je lui enseignerai à être un bon héritier.;;;Le enseñaré a ser un heredero apropiado.;;;;;;;;;x
EVTOPTCflavour_events.200;Beat the fear out of him!;Extirper la terreur qui est en lui !;;;¡Quitémosle el miedo a palos!;;;;;;;;;x
EVTOPTDflavour_events.200;I will see that he has an 'accident' if he does not take the black.;Je m'arrangerai pour qu'il ait un « accident » dans le cas où il refuserait de prendre le noir.;;;Procuremos que vista el Negro... o sufra un terrible accidente.;;;;;;;;;x
EVTTOOLTIPflavour_events.200;Will be forced to choose between his life or the Night's Watch.;Je le forcerai à choisir entre sa vie et la Garde de Nuit. ;;;Será forzado a tomar una decisión entre su vida o la Guardia de la Noche.;;;;;;;;;x
EVTDESCflavour_events.201;My father has said I must join the Night's Watch or he will have me killed in an 'accident'.;Mon père m'a dit que je devais rejoindre la Garde de Nuit ou il s'arrangerait pour que je meure dans un « accident ». ;;;Mi padre me ha dicho que debo unirme a la Guardia de la Noche o se asegurará de que moriré por 'accidente'.;;;;;;;;;x
EVTOPTAflavour_events.201;The murderous bastard, I have no choice but to take the black!;Chien de meurtrier, je n'ai d'autre choix que de prendre le noir !;;;¡Maldito bastardo! No queda otra, debo vestir el Negro.;;;;;;;;;x
EVTOPTBflavour_events.201;Surely he will not go through with his threats? I will refuse...;Il n'ira sûrement pas au bout de ses menaces. Je vais refuser…;;;No se atreverá. No pienso aceptar.;;;;;;;;;x
EVTOPTCflavour_events.201;I must flee for my life!;Je dois fuir pour sauver ma vie !;;;¡Escaparé muy lejos!;;;;;;;;;x
EVTDESCflavour_events.202;[From.GetFirstName] has refused my demand for him to take the black! Perhaps he should join me on a hunting trip then...;[From.GetFirstName] a refusé de prendre le noir malgré mon exigence ! Peut-etre devrait-il m'accompagner à une petite partie de chasse…;;;[From.GetFirstName] ha rechazado mis exigencias acerca de vestir el negro! Tal vez deberíamos irnos de caza...;;;;;;;;;x
EVTOPTAflavour_events.202;Yes, accidents happen.;Oui, les accidents, ça arrive.;;;Sí, los accidentes suelen ocurrir.;;;;;;;;;x
EVTOPTBflavour_events.202;Prison will suffice.;La prison suffira.;;;La prisión será suficiente.;;;;;;;;;x
EVTOPTCflavour_events.202;If he has the courage to refuse me, perhaps he will serve.;S'il a le courage de refuser, peut-être qu'il servira.;;;Uhm, si tiene el valor para oponérseme, quizá no sea tan inútil, después de todo...;;;;;;;;;x
EVTDESCflavour_events.203;Your murder of your own son has been discovered, kinslayer!;Le meurtre de votre propre fils a été découvert, assassin de votre propre sang !;;;¡El asesinato de vuestro heredero ha sido descubierto!;;;;;;;;;x
EVTOPTAflavour_events.203;The kinslayer is accursed...;L'assassin de son propre sang est maudit…;;;La maldición del Matasangre se cierne sobre ti...;;;;;;;;;x
EVTDESCflavour_events.204;[From.GetFirstName], alarmed at your demands, has been caught trying to flee. What shall be done with him?;[From.GetFirstName], alarmé par vos exigences, a tenté de s'enfuir. Que faire de lui?;;;[From.GetFirstName], alertado por vuestras exigencias ha sido capturado cuando trataba de escapar. ¿Qué queréis que hagamos con él?;;;;;;;;;x
EVTOPTAflavour_events.204;Dungeons are dangerous...;Les oubliettes sont dangeureuses…;;;Las mazmorras son peligrosas...;;;;;;;;;x
EVTOPTCflavour_events.204;Let him rot!;Laissez-le pourrir !;;;¡Qué se pudra!;;;;;;;;;x
EVTDESCflavour_events.205;Your heir has fled your court after hearing of your demands.;Votre héritier a fui votre cour après avoir entendu vos exigences.;;;Tu heredero escapó de la corte tras escuchar vuestras exigencias.;;;;;;;;;x
EVTOPTAflavour_events.205;Blast!;Malédiction !;;;¡Maldición!;;;;;;;;;x
EVTDESCflavour_events.206;[From.GetFirstName] has seen the wisdom in your ultimatum and has agreed to take the black.;[From.GetFirstName] a fini par réaliser le sérieux de votre ultimatum et a accepté de prendre le noir.;;;[From.GetFirstName]  está de acuerdo en tomar el negro.;;;;;;;;;x
EVTOPTAflavour_events.206;Excellent.;Excellent. ;;;Excelente.;;;;;;;;;x
EVTTOOLTIPflavour_events.203;Murder will be discovered;Le meurtre sera découvert;;;El homidicio será descubierto.;;;;;;;;;x
opinion_beaten;Beaten;Battu;;;Superado.;;;;;;;;;x
opinion_forced_take_black;Forced to take the black;Forcé à prendre le noir;;;Forzado a vestir el negro;;;;;;;;;x
EVTDESCtrait_notification.1;Inflicting misery on those around me no longer pleases me, I have lost the cruel trait.;Faire souffrir mon entourage ne me plaît plus, j'ai perdu le trait « Cruel ».;;;Infligir miseria en todos aquellos que me rodean ya no me satisface. He perdido el rasgo de Cruel.;;;;;;;;;x
EVTDESC38196;My son is no longer soft and afraid, he has lost the craven trait.;Mon fils n'est plus doux et effrayé, il a perdu le trait « Lâche ».;;;Mi hijo ya no es un blando ni le teme a nada. Ha perdido el rasgo de Cobarde.;;;;;;;;;x
EVTDESC250900;[From.GetFullName] offers to teach you a game called cyvasse that [From.GetSheHe] learned from some merchants at the inn.;[From.GetFullName] vous offre de vous enseigner les règles d’un jeu qu’[From.GetSheHe] a appris auprès de marchands natifs d’Essos rencontrés au détour d’une auberge;;;[From.GetFullName] se ofrece a enseñarme a jugar un extraño juego llamado Sitrang, que ha aprendido de un comerciante de Essos en una posada.;;;;;;;;;x
EVTOPTA250900;[From.GetSheHeCap]'s spending too much time with foreigners. [From.GetSheHeCap] should know better.;[From.GetSheHeCap] passe bien trop de temps en compagnie d’étrangers. [From.GetSheHeCap] devrait prendre garde;;;Pasa demasiado tiempo con extranjeros. A saber qué hace.;;;;;;;;;x
EVTOPTB250900;I'd be delighted to test my wits in this game.;Rien ne me plairait d’avantage que d’éprouver mon esprit sur ce jeu;;;Será un placer probar mi ingenio con ese juego.;;;;;;;;;x
EVTOPTC250900;I'll go to the inn and study this game in secret.;Je vais me rendre à l’auberge pour étudier discrètement ce jeu;;;Iré a la posada y aprenderé por mi cuenta.;;;;;;;;;x
EVTDESC250901;You think you're starting to get the hang of cyvasse. [From.GetFirstName] wants to challenge you to a game.;Après quelques coups d’essai, vous pensez avoir finalement saisi les règles du cyvosse. [From.GetFirstName] vous propose une partie.;;;He aprendido las reglas del Sitrang y [From.GetFirstName] me ha retado.;;;;;;;;;x
EVTOPTA250901;I'll play circles around [From.GetHerHim]!;Je vais l’encercler ! ;;;Lo rodearé!;;;;;;;;;x
EVTOPTB250901;I'll get a pretty young girl to distract [From.GetHerHim] and ensure I win.;Je devrais engager une jolie jeune fille pour distraire [From.GetFullName] et m'assurer la victoire.;;;Debería intentar que [From.GetFullName] se distrajera con cierta jovencita para asegurar mi victoria.;;;;;;;;;x
EVTOPTC250901;I'll get a pretty young boy to distract [From.GetHerHim] and ensure I win.;Je devrais engager un charmant jeune homme pour distraire [From.GetFullName] et m'assurer la victoire.;;;Debería intentar que [From.GetFullName] se distrajera con algún jovencito para asegurar mi victoria.;;;;;;;;;x
EVTDESC250904;You should have known better than to play cyvasse against the [FromFrom.GetManWoman] who taught you everything you knew. [FromFrom.GetFirstName] crushed you completely.;Vous auriez dû vous douter que défier la personne qui vous a tout enseigné du cyvosse n’était pas une bonne idée. [FromFrom.GetFirstName] vous a écrasé(e) !;;;Deberías haber sido más inteligente. Desafiar a quien te ha enseñado a jugar ha sido un grave error. [FromFrom.GetFirstName] te ha destrozado.;;;;;;;;;x
EVTOPTA250904;It was a good game.;Ce fut une bonne partie;;;Ha sido una partida gloriosa.;;;;;;;;;x
EVTOPTB250904;Kick the table in anger.;Renverser la table avec colère;;;Golpear el tablero con rabia.;;;;;;;;;x
EVTDESC250905;You were sure that [FromFrom.GetFirstName] was luring you into a trap. It seemed impossible that [FromFrom.GetSheHe] hadn't seen the hole in [FromFrom.GetHerHis] defenses. But you struck, and it won you the game.;Vous étiez certain(e) que [FromFrom.GetFirstName] tentait de vous attirer dans un piège. Il était impossible qu’[FromFrom.GetSheHe] n’ait pas vu la brèche dans ses défenses. Mais vous avez quand même joué votre coup, et avez ainsi remporté la partie.;;;Increíble, parecía que [FromFrom.GetFirstName] te estaba conduciendo a una trampa. Era imposible que no hubiera visto semejante brecha en su defensa. Mas cuando golpeaste, la partida fue tuya.;;;;;;;;;x
EVTOPTA250905;It was a good game.;Ce fut une bonne partie;;;Ha sido una gran partida.;;;;;;;;;x
EVTOPTB250905;In your FACE!;Prends ça !;;;Toma esa!;;;;;;;;;x
EVTDESC250906;The distraction failed. No matter what that pretty little thing did, [FromFrom.GetFirstName] stayed focused on the game.;Cette tentative de distraction s‘est soldée par un cuisant échec. Malgré tous les efforts déployés par ce charmant minois pour capturer son attention, [FromFrom.GetFirstName] n’a pas levé les yeux du plateau de cyvosse. ;;;La distracción falló. Es increíble, pero [FromFrom.GetFirstName] ni ha pestañeado pese a tener a ese encanto tan cerca...;;;;;;;;;x
EVTOPTA250906;I should have let my Master of Whisperers come up with a plan to win.;J’aurais plutôt dû laisser mon maître des chuchoteurs réfléchir à un meilleur plan ;;;Debería haber dejado que mi Consejero de los Rumores urdiera un plan mejor...;;;;;;;;;x
EVTOPTB250906;The [cyvasse_distraction.GetLadLass] will pay for this failure.;La fille va payer pour cet échec;;;La [cyvasse_distraction.GetLadLass] pagará por su fracaso.;;;;;;;;;x
EVTOPTC250906;The boy will pay for this failure.;Le garçon va payer pour cet échec;;;El joven pagará por su fracaso.;;;;;;;;;x
EVTDESC250907;[FromFrom.GetFirstName] spent the entire game in a lustful haze. Beating [FromFrom.GetHerHim] was simplicity itself.;[FromFrom.GetFirstName] a passé toute la partie dans un état second. Ma victoire a été totale;;;[FromFrom.GetFirstName] se ha pasado toda la partida con las manos ocupadas... Ganar no ha sido desafío alguno.;;;;;;;;;x
EVTOPTA250907;It's fascinating how far you can go when you bend the rules;Il est fascinant de voir les résultats que peuvent donner quelques petites magouilles;;;Es maravilloso cómo algo tan simple te puede llevar tan lejos.;;;;;;;;;x
EVTOPTB250907;The [cyvasse_distraction.GetLadLass] did her job well. Maybe I should get to know her better.;La fille a très bien fait son travail, peut-être devrais-je tenter de mieux faire connaissance;;;La [cyvasse_distraction.GetLadLass] hizo un trabajo excelente, debería conocerla más de cerca...;;;;;;;;;x
EVTOPTC250907;The boy did his job well. Maybe I should get to know him better.;Le garçon a très bien fait son travail, peut-être devrais-je tenter de mieux faire connaissance;;;El muchacho ha hecho un trabajo excelente, debería conocerlo más de cerca...;;;;;;;;;x
EVTDESC250902;You watched the merchants playing in the common room at the inn. One of them used a devious trick to outwit the other and win the game. That same trick worked perfectly on [FromFrom.GetFirstName].;Vous avez observé le jeu des marchands dans la salle commune de l’auberge. L’un d’entre eux a remporté la partie grâce à un coup fourré qui vous a assuré la victoire lorsque vous l’avez reproduit contre [FromFrom.GetFirstName];;;Fui a la posada de incógnito y vi a los hombres jugar. Aprendí un par de trucos que dejaron sin opciones a [FromFrom.GetFirstName].;;;;;;;;;x
EVTOPTA250902;A [Root.GetManWoman] can learn much by skulking in the shadows.;C’est fou ce que l’on peut apprendre en se cachant dans les ombres… ;;;Lo que se puede aprender en las sombras...;;;;;;;;;x
EVTDESC250903;You watched the merchants playing in the common room at the inn. Things were going well until one accused the other of cheating. A fight broke out, and you barely managed to escape with your life and dignity!;Vous avez observé le jeu des marchands dans la salle commune de l’auberge. Tout se passait pour le mieux jusqu’à ce que l’un accuse l’autre de tricher. Une bagarre a éclaté et vous avez eu de la chance d’en réchapper en vie et avec votre dignité intacte !;;;Fui a la posada a ver cómo jugaban. Todo iba bien hasta que estalló una maldita pelea. Tras unos cuantos golpes, pude reunir lo que quedaba de mi dignidad y salir de allí.;;;;;;;;;x
EVTOPTA250903;Worst of all, I lost to [FromFrom.GetFirstName] in cyvasse!;Et pour couronner le tout, [FromFrom.GetFirstName] m’a écrasé(e) au cyvosse ! ;;;Y encima perdí contra [FromFrom.GetFirstName];;;;;;;;;x
opinion_dead_men_cynical;Ignored Superstitious Rumors;Ne pas prêter attention aux rumeurs sur des morts marchant.;;;Hizo oídos sordos a los rumores supersticiosos;;;;;;;;;x
opinion_dead_men_scholar;Displayed Knowleding and Wisdom;Montrer de l'intérêt pour les rumeurs sur des morts marchant.;;;Demostró conocimiento y sabiduría;;;;;;;;;x
opinion_dead_men_paranoid;Heeded Warnings of Dead Men Walking;Prendre des mesures de sécurité après ces rumeurs sur des morts marchant.;;;Prestó atención a las advertencias sobre los Caminantes Blancos;;;;;;;;;x
opinion_dead_men_cynical_neg;Listened to Superstitious Rumors;Surréagir quant aux rumeurs sur des morts marchant.;;;Escuchó los rumores supersticiosos;;;;;;;;;x
opinion_dead_men_scholar_neg;Listened to Superstitious Rumors;Surréagir quant aux rumeurs sur des morts marchant.;;;Escuchó los rumores supersticiosos;;;;;;;;;x
opinion_dead_men_paranoid_neg;Ignored Warnings of Dead Men Walking;Ne pas prêter attention aux rumeurs sur des morts marchant.;;;Ignoró las advertencias sobre los Caminantes Blancos;;;;;;;;;x
opinion_sent_to_wall;Showed Mercy to a Deserter;Montrer de la clémence pour un déserteur de la Garde de la Nuit.;;;Mostró clemencia con un desertor de la Guardia de la Noche;;;;;;;;;x
opinion_sent_to_wall_neg;Let a Deserter Go Unpunished;Laisser un déserteur de la Garde de Nuit regagner le Mur.;;;Dejó marchar a un desertor de la Guardia de la Noche sin castigo;;;;;;;;;x
opinion_swinged_the_sword;Upheld the Old Way;L'homme qui condamne se doit de tenir l'épée !;;;Mantuvo la antigua tradición de justicia;;;;;;;;;x
opinion_swinged_the_sword_neg;Executed a Prisoner!;Exécuter le prisonnier !;;;Ejecutó un prisionero!;;;;;;;;;x
EVTDESCflavour_events.210;A man stumbles in from the cold, his eyes wild. He claims to have seen dead men walking.;Un homme trébuche dans le froid, le regard vide. Il dit avoir vu des morts se relever.;;;Un hombre se tambalea con el frío con ojos como platos. Afirma que ha visto caminantes blancos.;;;;;;;;;x
EVTOPTAflavour_events.210;Dead men walking? Ridiculous! Give this man more mead.;Des morts qui marchent ? Ridicule !;;;¿Caminantes blancos? Ridículo! Dad a este hombre más aguamiel!;;;;;;;;;x
EVTOPTBflavour_events.210;Dead men have not walked for thousands of years.;Cela fait des milliers d'années que l'on a pas vu les morts se relever.;;;Durante miles de años no ha habido caminantes blancos.;;;;;;;;;x
EVTOPTCflavour_events.210;Double the guard, and distribute torches! I'll have no dead men disturbing my rest.;Doublez la garde, que chaque homme porte une torche ! Les morts ne dérangeront pas la paix du Roi!;;;Doblad las guardias, traed antorchas! Ningún muerto perturbará la paz del rey.;;;;;;;;;x
EVTDESCflavour_events.211;After abandoning his post, a brother of the Night's Watch has been caught fleeing through your lands. This man has broken his oath and forsaken all honor.;Après avoir abandonné son poste, un frère de la Garde de Nuit a été capturé sur vos terres. Cet homme a brisé son serment et s'est déshonnoré.;;;Hemos capturado a un desertor de la Guardia de la Noche vagando por nuestras tierras. Este hombre ha roto su juramento y perdido todo honor.;;;;;;;;;x
EVTOPTAflavour_events.211;Send for my executioner.;Envoyer chercher mon bourreau.;;;Haced venir al verdugo.;;;;;;;;;x
EVTOPTBflavour_events.211;The man who passes the sentence should swing the sword.;Envoyer chercher mon épée.;;;El hombre que dicta la sentencia debe blandir la espada;;;;;;;;;x
EVTOPTCflavour_events.211;Escort him back to the Wall.;L'escorter jusqu'au Mur;;;Escoltadle de vuelta al Muro;;;;;;;;;x
EVTOPTDflavour_events.211;Let the man go free. I'd flee the Wall too, if I were him!.;Relâchez-le. Je m'échapperais aussi du Mur si j'étais lui.;;;Dejadle ir. Yo también huiría del Muro si fuera él.;;;;;;;;;x
EVTDESCforeign_training.1;There are rumors that a skilled [foreign_trainer.Culture.GetName] swordsman is passing through a nearby town.;Il y a des rumeurs concernant la présence d'un talentueux épéiste Braavien dans une ville voisine.;;;Se dice que un maestro de armas braavosi está visitando una ciudad cercana;;;;;;;;;x
EVTDESCforeign_training.2;A [foreign_trainer.Culture.GetName] who claims to be a master bladesman approached me and offered his services in teaching my ward.;Un Braavien qui se dit maître épéiste m'a approché et m'a offert ses services pour enseigner mon(a) pupille. ;;;Un Braavosi que proclama ser muy bueno con la espada te ofrece sus servicios como profesor de esgrima;;;;;;;;;x
EVTOPTAforeign_training.2;Away with you [foreign_trainer.Culture.GetName]!;Loin de moi ! Vous n'empoisonnerez pas l'esprit de mon(a) pupille avec vos balivernes !;;;¡Aléjate! No envenenarás los oídos de mi pupilo con tus blasfemias;;;;;;;;;x
EVTOPTBforeign_training.2;I will pay your price, I hope you are as good as you claim!;Je paierai volontiers votre prix, mais j'espère que vous êtes aussi doué que vous le prétendez !;;;Con mucho gusto te pagaré, pero espero que seas tan bueno cómo dices ser!;;;;;;;;;x
EVTDESCforeign_training.3;I am so disappointed, my guardian has chosen not to hire the [foreign_trainer.Culture.GetName] blademaster to teach me.;Je suis si déçu(e), mon tuteur n'a pas voulu engager l'étranger pour qu'il s'occupe de mon enseignement.;;;Estoy decepcionado, mi tutor no ha querido contratar al extranjero para que me enseñe;;;;;;;;;x
EVTDESCforeign_training.4;I am so happy, my guardian chose to hire the [foreign_trainer.Culture.GetName] to serve me as a tutor!;Je suis si heureux(euse), mon tuteur a décidé d'engager un maître-lame Braavien pour me servir d'enseignant !;;;Estoy tan contento. Mi tutor ha decidido que un maestro de armas braavosi me de clases de esgrima;;;;;;;;;x
EVTDESCforeign_training.5;There is a rumor that a former [foreign_trainer.Culture.GetName] magistrate is passing through a nearby town.;Il y a des rumeurs concernant la présence d'un ancien magistrat des Cités Libres dans une ville voisine.;;;Se dice que un antiguo magistrado pentosí está visitando una ciudad cercana;;;;;;;;;x
EVTDESCforeign_training.6;A former [foreign_trainer.Culture.GetName] magistrate  has offered to tutor my ward… for a price, of course.;Un ancien magistrat des Cités Libres m'a offert ses services pour former mon(a) pupille… pour un certain prix, bien entendu. ;;;Un antiguo magíster de las Ciudades Libres me ha ofrecido sus servicios para formar a mi pupilo... Por un precio, claro está.;;;;;;;;;x
EVTDESCforeign_training.7;There is a rumor that a former [foreign_trainer.Culture.GetName] diplomat is passing through a nearby town.;Il y a des rumeurs concernant la présence d'un ancien diplomate des Cités Libres dans une ville voisine. ;;;Hay rumores acerca de la presencia de un antiguo diplomático de las Ciudades Libres en una villa cercana.;;;;;;;;;x
EVTDESCforeign_training.8;A former [foreign_trainer.Culture.GetName] diplomat has approached me, offering to tutor my ward… for a price, of course...;Un ancien diplomate des Cités Libres m'a offert ses services pour former mon(a) pupille… pour un certain prix, bien entendu. ;;;Un antiguo diplomático de las Ciudades Libres me ha ofrecido sus servicios para formar a mi pupilo... Por un precio, claro está.;;;;;;;;;x
EVTDESCforeign_training.9;Your daily Braavosian training might actually pay off... ;Votre entrainement Braavien quotidien pourrait payer...;;;Tu entrenamiento diario al estilo braavosi está llegando a su fin...;;;;;;;;;x
EVTDESC5550000;Victory is at hand! You strike hard and true!;La victoire est à vous ! Vous frappez fort et juste !;;;La victoria está en nuestra mano. ¡Has golpeado duro de verdad!;;;;;;;;;x
EVTOPTA5550000;Victory!;Victoire !;;;¡Victoria!;;;;;;;;;x
EVTTOOLTIP5550001;is slain!;est tué !;;;está muerto;;;;;;;;;x
EVTDESC5550001;A sudden strike, and then, darkness.;Un coup violent et inattendu, puis l'obscurité.;;;Un golpe súbito y después todo oscuridad;;;;;;;;;x
EVTOPTA5550001;It all happened so fast!;Tout s'est passé si vite !;;;¡Todo ocurrió tan deprisa!;;;;;;;;;x
EVTTOOLTIP5550002;is victorious!;est victorieux !;;;sale victorioso;;;;;;;;;x
EVTDESC5550002;It is done. [From.GetTitledFirstName] lies still, dead at your hands.;C'est fait. [From.GetTitledFirstName] gît, mort de vos mains.;;;Está hecho. Has matado a [From.GetTitledFirstName].;;;;;;;;;x
EVTOPTA5550002;Valar morghulis.;Valar morghulis.;;;Valar morghulis.;;;;;;;;;x
EVTDESC5550003;You are victorious, though your opponent was not slain by your hand.;Vous êtes victorieux, bien que votre adversaire ne soit pas mort de votre main.;;;Sales victorioso a pesar de que tu oponente no ha sido derrotado bajo tus manos.;;;;;;;;;x
EVTOPTA5550003;Victory!;Victoire!;;;Victoria!;;;;;;;;;x
EVTDESC5550200;You see an enemy noble across the field.;Vous apercevez un ennemi noble sur le champ de bataille.;;;Ves a un noble enemigo en el campo de batalla;;;;;;;;;x
EVTOPTA5550200;Charge!;Charger !;;;A la carga!;;;;;;;;;x
EVTOPTB5550200;I'm needed more elsewhere.;On a besoin de moi ailleurs.;;;Me necesitan más en otros lugares.;;;;;;;;;x
EVTDESC5550201;You see the enemy leader. You could end the war, here and now!;Vous voyez le chef ennemi. Vous pourriez terminer la guerre ici et maintenant !;;;Visualizas al líder enemigo. ¡Podrías acabar la guerra aquí y ahora!;;;;;;;;;x
EVTOPTA5550201;Charge!;Charger !;;;A la carga!;;;;;;;;;x
EVTOPTB5550201;I'm needed more elsewhere.;On a besoin de moi ailleurs.;;;Me necesitan más en otros lugares.;;;;;;;;;x
EVTTOOLTIP5550202;meets you in battle!;vous rencontre en pleine bataille !;;;se encuentra contigo en la batalla;;;;;;;;;x
EVTDESC5550202;As you fight your way across the field, [From.GetTitledName] breaks through the ranks and charges you!;Alors que vous vous frayez un chemin sur le champ de bataille, [From.GetTitledName] sort du rang et charge dans votre direction ! ;;;Mientras luchas en el campo de batalla junto a tus tropas, [From.GetTitledName] es capaz de romper algunas líneas y cargar contra ti.;;;;;;;;;x
EVTOPTA5550202;[From.GetSheHeCap] will learn to fear my blade.;[From.GetSheHeCap] va apprendre à craindre mon épée.;;;[From.GetSheHeCap] aprenderá a temer mi acero.;;;;;;;;;x
EVTDESC5550203;You stand victorious.;Vous en sortez victorieux.;;;Sales victorioso;;;;;;;;;x
EVTOPTA5550203;Plunder and glory!;Gloire et pillage !;;;¡Saqueo y gloria!;;;;;;;;;x
EVTDESC5550204;You lie defeated.;Vous avez été défait…;;;Has sido derrotado...;;;;;;;;;x
EVTOPTA5550204;Curse you, [From.GetFirstName]!;Maudit sois-tu, [From.GetFirstName] !;;;¡Maldito seas [From.GetFirstName]!;;;;;;;;;x
EVTDESC74060;The honey you put in your hair to catch a man is working, just like your mother said it would! A tall fellow with hair all black and brown and a deep rumbling voice approaches you. You can barely understand him, but perhaps he would make a good escort to the festivities!;Les artifices utilisés pour attirer un homme ont fonctionné, exactement comme votre mère avait dit ! Un grand gaillard aux cheveux bruns et noirs s'approche de vous et vous parle avec des roulements dans la voix. Vous arrivez à peine à comprendre ce qu'il dit mais peut-être qu'il sera un bon compagnon pour vous escorter à la fête.;;;La miel que pones en tu cabello para atraer a un hombre está funcionando, como tu madre dijo que lo haría! Un hombre alto con el pelo negro y marrón y una profunda voz retumbante se te acerca. Apenas lo conoces, pero tal vez sería un buen acompañante para la fiesta!;;;;;;;;;x
EVTOPTA74060;Oh, come to the fair!;Oh, venez à la fête !;;;Oh, vamos a la feria!;;;;;;;;;x
EVTOPTB74060;But you are a bear!;Mais vous êtes un ours !;;;Pero eres un oso!;;;;;;;;;x
EVTDESC74061;My son, it is time for you to learn the secret of our family...;Mon fils, il est temps pour toi d'apprendre le secret de notre famille…;;;Hijo mío, es el momento para que aprendas el secreto de nuestra familia...;;;;;;;;;x
EVTOPTA74061;No one must know you are a actually a bear;Personne ne doit savoir que tu es en fait un ours.;;;Nadie tiene que saber que eres realmente un oso;;;;;;;;;x
not_a_bear;Not a Bear;Pas un ours;;;No es un oso;;;;;;;;;x
not_a_bear_desc;Was that a--No. No. It couldn't have been. This is strong wine, my lord.;Qu'est ce que… Non, non. Ce n'est pas possible. Ce vin est fort, messire.;;;¿Fue una….No. No, esto no es posible. Este es un vino fuerte, mi señor.;;;;;;;;;x
EVTDESC74062;During your summer fair one of your courtiers abruptly asks you if they can sit on your dragon;Lors de votre foire d'été, l'un de vos courtisans vous abruptement demandé s'il pouvait s'asseoir sur votre dragon. ;;;Durante tu feria de verano uno de tus cortesanos pregunta abruptamente si puede sentarse en tu dragón;;;;;;;;;x
EVTOPTA74062;In the spirit of the fair I will allow it.;En accord avec l'esprit de la foire, je le permets.;;;Con el espíritu de la feria lo voy a permitir.;;;;;;;;;x
EVTOPTB74062;You drunken wretch, be gone.;Va-t-en, ivrogne.;;;Tú, desgraciado borracho, vete de aquí.;;;;;;;;;x
CUSTOMTOOLTIPeatenbydragon;Your courtier will be eaten by your dragon;Votre courtisan va être mangé par votre dragon.;;;Tu cortesano será comido por tu dragón;;;;;;;;;x
EVTDESCflavour_events.1;After a long night of drinking and interesting companionship, you awaken next to your new lover feeling not only refreshed, but vaguely apprehensive. You roll over to shake her awake...;Après une longue nuit à boire en bonne compagnie, vous vous réveillez à côté de votre nouvel(le) amant(e). Vous ressentez une certaine appréhension et vous vous retournez pour le/la réveiller…;;;Después de una larga noche bebiendo en buena compañía, despiertas al lado de tu nuevo amante, notas una ligera preocupación y te das la vuelta para despertala...;;;;;;;;;x
EVTOPTAflavour_events.1;That's no woman.;Ce n'est pas une femme.;;;Esto no es una mujer.;;;;;;;;;x
EVTOPTBflavour_events.1;That's no woman.;Ce n'est pas une femme.;;;Esto no es una mujer.;;;;;;;;;x
nick_the_sheep_lover;The Sheep Shagger;le Baiseur de Moutons;;;El Follaovejas;;;;;;;;;x
EVTDESCflavour_events.2;I am sick of my life here in the North, there is little to do and all that happens for a girl like me is the seasons pass and one day I am to be married to some noble! Not for me I say! I will get honour and respect by proving myself at the Night's Watch!;Je n'en peux plus de ma vie ici, dans le Nord. Il n'y a rien à faire à part attendre que l'on me marie avec un noble ! Ce n'est pas une vie pour moi ! Je vais gagner honneur et respect en prouvant ma valeur dans la Garde de Nuit !;;;No soporto mi vida aquí en el Norte. No hay nada que hacer excepto esperar hasta que me casen con un noble! ¡No es vida para mí! ¡Ganaré honor y respeto probando mi valía en la Guardia de la Noche!;;;;;;;;;x
EVTOPTAflavour_events.2;I will make my name!;Je vais me faire un nom !;;;Conocerán mi nombre!;;;;;;;;;x
EVTDESCflavour_events.3;Missing! She is missing! Your daughter [From.GetTitledFirstName] is missing and nobody has seen her for days! Whilst searching for her, you walk into her room and see a note on her bed... and as you open it up you immediately recognise her writing! She says that she has left [Root.Capital.GetName] to try and earn honour for herself, but cannot say where she has gone.;Disparu ! Elle a disparu ! Votre fille [From.GetTitledFirstName] n'est plus là et personne ne l'a vu depuis des jours ! En la recherchant vous êtes tombé sur un message écrit de sa main ! Dans cette lettre elle explique comment elle a quitté [Root.Capital.GetName] pour obtenir honneur et respect par elle-même !;;;Desaparecida! Ha desaparecido! Tu hija [From.GetTitledFirstName] se ha ido y nadie la ha visto desde hace días! Al buscar por su habitación ves una nota en su cama escrita de su mano. En esta carta describe cómo se fue a [Root.Capital.GetName] para obtener honor y respeto por sí misma!;;;;;;;;;x
EVTOPTAflavour_events.3;Send out a search party;Lancer des recherches;;;Enviar un grupo de búsqueda;;;;;;;;;x
EVTOPTBflavour_events.3;If that is what she wishes;Si c'est ce qu'elle veut…;;;Si esto es lo que ella quiere...;;;;;;;;;x
TOOLTIPflavour_events.4;The search succeeds;;;;;;;;;;;;;x
TOOLTIPflavour_events.5;The search fails;;;;;;;;;;;;;x
EVTDESCflavour_events.4;The search party has managed to find your daughter and has brought her back to you! You will have to discipline her for this in some way.;Vos hommes ont retrouvé votre fille et l'ont ramenée ! Vous allez devoir lui apprendre la discipline.;;;El equipo de búsqueda ha logrado encontrar a tu hija y la han traído de nuevo! Deberías disciplinarla por esto de alguna manera.;;;;;;;;;x
EVTOPTAflavour_events.4;The important thing is she is safe;L'important c'est qu'elle aille bien.;;;Lo importante es que ella está a salvo;;;;;;;;;x
EVTDESCflavour_events.5;The search party has failed to find your daughter. Any trails she may have left behind will be long gone by now, and those knowing anything will have already have forgotten.;Vos hommes ne sont pas parvenus à trouver votre fille, il est trop tard pour la retrouver.;;;El equipo de búsqueda no ha podido encontrar a tu hija, ya es demasiado tarde para encontrarla.;;;;;;;;;x
EVTOPTAflavour_events.5;This is utterly terrible!;Une terrible nouvelle !;;;Esto es absolutamente terrible!;;;;;;;;;x
EVTDESCAflavour_events.6;Even though I had been very careful in my actions to make sure I wouldn't be discovered as a woman, yet the worst happened and I was... he saw me changing and instantly knew I was a woman.;Bien que j'ai bien fait attention à ce que mon véritable sexe ne soit pas découvert, le pire est arrivé... il m'a vu me changer et sait que je suis une femme.;;;A pesar de haber sido muy cuidadosa a que mi verdadero sexo no fuera descubierto, el momento ha llegado… él me ha visto cambiarme y sabe que soy una mujer.;;;;;;;;;x
EVTDESCBflavour_events.6;Even though I had been very careful in my actions to make sure I wouldn't be discovered as a woman, yet the worst happened and I was... he saw me changing and instantly knew I was a woman. Yet he did not harm me, instead he spoke to me and instantly I fell in love with him thanks to his kindness to me. That night we decided to risk it all and leave together with a few of his fellow brothers.;Bien que j'ai bien fait attention à ce que mon véritable sexe ne soit pas découvert, le pire est arrivé... il m'a vu me changer et sait que je suis une femme. Mais il ne m'a pas fait de mal et est venu me parler. Je suis instantanément tombée amoureuse de lui et de sa gentillesse. Cette nuit, nous avons décidé de prendre la fuite avec quelques-uns de ses frères. ;;;A pesar de haber sido muy cuidadosa a que mi verdadero sexo no fuera descubierto, el momento ha llegado… él me ha visto cambiarme y sabe que soy una mujer. Se acercó a mi para hablar y yo me enamoré al instante de él y de su gentileza. Esa noche decidimos escaparnos junto algunos de sus hermanos juramentados.;;;;;;;;;x
EVTDESCCflavour_events.6;I have succeeded in being careful and allowing nobody to discover my true identity, they have all still fallen for my ruse and treat me as one of their own brothers. Getting changed has been an interesting to avoid detection but I have managed regardless. I love it here, I am treated well and can earn true honour!;J'ai réussi à ce que personne ne découvre ma véritable identité et ils sont tous tombés dans le panneau en me traitant comme l'un de leurs frères. Me changer est toujours aussi un défi que j'affectionne et réussis avec succès. J'aime être ici, je suis bien traitée et je suis respectée pour ce que je suis véritablement ! ;;;He logrado que nadie descubra mi verdadera identidad, todos ellos creen que soy un hermano más. Cambiarme todos los días es arriesgado pero me encanta estar aquí, me tratan bien y me respetanha sido lo más difícil, pero lo he logrado de algún modo. ¡Me encanta estar aquí, me tratan bien y puedo ganar verdadero honor!;;;;;;;;;x
EVTOPTAflavour_events.6;He used me and then killed me;Il m'a violée puis tuée.;;;Me violó y luego me mató;;;;;;;;;x
EVTOPTBflavour_events.6;He used me and I will have his bastard;Il m'a violée et je porte son bâtard.;;;Me violó y ahora llevo dentro a su bastardo;;;;;;;;;x
EVTOPTCflavour_events.6;He used me and I barely managed to escape;Il m'a violée et je suis parvenue à lui échapper.;;;Me violó y logré escapar;;;;;;;;;x
EVTOPTDflavour_events.6;He beat me bloody and had his way;Il m'a frappée jusqu'au sang puis violée;;;Me golpeó hasta que se salió con la suya;;;;;;;;;x
EVTOPTEflavour_events.6;We will live together in freedom;Nous allons vivre ensemble, libres !;;;Viviremos juntos, libres!;;;;;;;;;x
EVTOPTFflavour_events.6;One day I may even be the 'Lord' Commander;Un jour, je serais peut-être même 'lord' commandant.;;;Un día, quizás llegue a ser el 'Lord Comandante'.;;;;;;;;;x
EVTDESCAflavour_events.7;My sweet daughter [From.GetFirstName] has been found...found used by those filthy pigs of the Night's Watch... used and killed for what?! Wanting to live freely with her own honour! I hope they all burn and die like the animals they are!;Ma douce [From.GetTitledFirstNameWithDynastyAndTitleNoRegnal]... Violée par ces porcs de la Garde de Nuit… Violée et tuée pour quelle raison ?! Pour avoir rêvé de vivre libre ? J'espère qu'ils vont tous mourir et brûler comme les animaux qu'ils sont !;;;Mi dulce [From.GetTitledFirstNameWithDynastyAndTitleNoRegnal]... violada por los cerdos de la Guardia de la Noche. ¿Violada y asesinada por qué razón? ¿Por querer vivir libre? Espero que todos mueran y ardan como los animales que son!;;;;;;;;;x
EVTDESCBflavour_events.7;My sweet daughter [From.GetFirstName] has been found... found used by those filthy pigs of the Night's Watch... used and now she carries the bastard child of one of them, for what?! Wanting to live freely with her own honour! I hope they all burn and die like the animals they are!;Ma douce [From.GetTitledFirstNameWithDynastyAndTitleNoRegnal]... Violée par ces porcs de la Garde de Nuit… Violée et maintenant elle porte le bâtard de l'un d'entre eux. Pour quelle raison ? Pour avoir rêvé de vivre libre ? J'espère qu'ils vont tous mourir et brûler comme les animaux qu'ils sont !;;;Mi dulce [From.GetTitledFirstNameWithDynastyAndTitleNoRegnal]... violada por los cerdos de la Guardia de la Noche. Violada y ahora lleva dentro al bastardo de uno de ellos. ¿Por qué razón? ¿Por querer vivir libre? Espero que todos mueran y ardan como los animales que son!;;;;;;;;;x
EVTDESCCflavour_events.7;My sweet daughter [From.GetFirstName] has been found... used by those filthy pigs of the Night's Watch... used and now she barely even says a word, for what?! Wanting to live freely with her own honour! I hope they all burn and die like the animals they are!;Ma douce [From.GetTitledFirstNameWithDynastyAndTitleNoRegnal]... Violée par ces porcs de la Garde de Nuit… Violée et maintenant elle ne dit plus un mot ?! Pour quelle raison ? Pour avoir rêvé de vivre libre ? J'espère qu'ils vont tous mourir et brûler comme les animaux qu'ils sont !;;;Mi dulce [From.GetTitledFirstNameWithDynastyAndTitleNoRegnal]... violada por los cerdos de la Guardia de la Noche. Violada y ahora apenas logra decir una palabra! ¿Por qué razón? ¿Por querer vivir libre? Espero que todos mueran y ardan como los animales que son!;;;;;;;;;x
EVTDESCDflavour_events.7;My sweet daughter [From.GetFirstName] has been found... found used by those filthy pigs of the Night's Watch... used and her pretty face beaten bloody, for what?! Wanting to live freely with her own honour! I hope they all burn and die like the animals they are!;Ma douce [From.GetTitledFirstNameWithDynastyAndTitleNoRegnal]... Violée par ces porcs de la Garde de Nuit… Violée et battue jusqu'au sang, pour quelle raison ? Pour avoir rêvé de vivre libre ? J'espère qu'ils vont tous mourir et brûler comme les animaux qu'ils sont !;;;Mi dulce [From.GetTitledFirstNameWithDynastyAndTitleNoRegnal]... violada por los cerdos de la Guardia de la Noche. Violada y apalizada, ¿por qué razón? ¿Por querer vivir libre? Espero que todos mueran y ardan como los animales que son!;;;;;;;;;x
EVTDESCEflavour_events.7;My sweet daughter [From.GetFirstName] has been found...found corrupted by one of the men of the Night's Watch only for both of them to desert... she claims they are in love and want to live together in happiness, and that I shouldn't worry. Not only did she leave for the Wall but now this?!;Ma douce [From.GetTitledFirstNameWithDynastyAndTitleNoRegnal]... corrompue par l'un des hommes de la Garde de Nuit, un déserteur en plus ! Elle dit qu'ils sont amoureux et qu'ils veulent vivre dans le bonheur et que je n'ai pas à m'inquiéter. Elle a fui pour le Mur, et maintenant ça ?!;;;Mi dulce [From.GetTitledFirstNameWithDynastyAndTitleNoRegnal]... embaucada por un hombre de la Guardia de la Noche para desertar juntos... Ella dice que están enamorados y quieren vivir libres y felices y que no me preocupe. Huyó al Muro, y ahora esto!;;;;;;;;;x
EVTDESCFflavour_events.7;My sweet daughter [From.GetFirstName]... nothing has been hear of her for so long, perhaps she has survived on the Wall and has managed to blend in as a brother of the Night's Watch. She is happy and has earned honour but at what cost?;Ma douce [From.GetTitledFirstNameWithDynastyAndTitleNoRegnal]... Aucune nouvelle depuis tellement de temps. Peut-être a-t-elle survécu sur le Mur et est parvenue à se faire passer pour un frère de la Garde de Nuit. Peut-être est-elle heureuse et a obtenu une certaine reconnaissance... mais à quel prix ?;;;Mi dulce [From.GetTitledFirstNameWithDynastyAndTitleNoRegnal]... Sin noticias desde mucho tiempo. Quizás sobrevivió en el Muro y se las arregló para hacerse pasar por un hermano de la Guardia de la Noche. Podrá ser feliz y tener un cierto reconocimiento... pero ¿a qué precio?;;;;;;;;;x
EVTOPTAflavour_events.7;I will make them pay;Je vais les faire payer.;;;Pagarán por ello.;;;;;;;;;x
EVTOPTBflavour_events.7;They are the lowest of the low;Les plus vils des vils.;;;Son la escoria de la escoria;;;;;;;;;x
EVTOPTCflavour_events.7;She is no daughter of mine!;Ce n'est pas ma fille !;;;Ella no es hija mía!;;;;;;;;;x
EVTOPTDflavour_events.7;By the [Root.GetRandomGodNameCap] I hope she will be safe;Par [Root.GetRandomGodNameCap] j'espère qu'elle est en sécurité.;;;Por [Root.GetRandomGodNameCap] espero que ella esté a salvo;;;;;;;;;x
EVTDESCAflavour_events.799;[From.GetFirstName], [parent.GetTitledFirstNameWithDynastyAndTitleNoRegnal]'s daughter, has been found on The Wall! She had been disguised as a brother of The Watch these past months, but was discovered by some of the men who used and killed her.;;;;;;;;;;;;;x
EVTDESCBflavour_events.799;[From.GetFirstName], [parent.GetTitledFirstNameWithDynastyAndTitleNoRegnal]'s daughter, has been found on The Wall! She had been disguised as a brother of The Watch these past months, but was discovered by some of the men who used her and left her with a bastard.;;;;;;;;;;;;;x
EVTDESCCflavour_events.799;[From.GetFirstName], [parent.GetTitledFirstNameWithDynastyAndTitleNoRegnal]'s daughter, has been found on The Wall! She had been disguised as a brother of The Watch these past months, but was discovered by some of the men who used her and broke her spirit.;;;;;;;;;;;;;x
EVTDESCDflavour_events.799;[From.GetFirstName], [parent.GetTitledFirstNameWithDynastyAndTitleNoRegnal]'s daughter, has been found on The Wall! She had been disguised as a brother of The Watch these past months, but was discovered by some of the men who used and beat her.;;;;;;;;;;;;;x
EVTDESCEflavour_events.799;[From.GetFirstName], [parent.GetTitledFirstNameWithDynastyAndTitleNoRegnal]'s daughter, has been found on The Wall! She had been disguised as a brother of The Watch these past months, but was seduced by a rogue black brother. They have both fled north of The Wall.;;;;;;;;;;;;;x
EVTOPTAflavour_events.799;I will see that they are made to answer for this;;;;;;;;;;;;;x
EVTOPTBflavour_events.799;They are the lowest of the low;Les plus vils des vils.;;;Son la escoria de la escoria;;;;;;;;;x
EVTOPTCflavour_events.799;This is shocking;Ce n'est pas ma fille !;;;Ella no es hija mía!;;;;;;;;;x
EVTDESCdynasty.47;A rich merchant from [Root.Capital.GetName] has come seeking an audience. He is offering you his maiden daughter's hand in marriage, and is promising a very large dowry if you accept. Needless to say your vassals would be upset if you married such a lowborn commoner.;Un riche marchand venant de [Root.Capital.GetName] demande à vous voir. Il vous offre la main de sa fille et promet une magnifique dot si vous l'acceptez. Bien entendu, vos vassaux seraient courroucés de vous voir épouser une personne de si basse extraction. ;;;Un rico comerciante de [Root.Capital.GetName] ha venido buscando una audiencia. Te ofrece la mano de su hija en matrimonio, y promete una gran dote si aceptas. Huelga decir que tus vasallos estarán molestos si te casas con una plebeya de baja cuna.;;;;;;;;;x
EVTDESCdynasty.47B;A wealthy noble [noble_marriage_target.GetManWoman] by the name of [noble_marriage_target.GetTitledFirstNameNoRegnal] [noble_marriage_target.GetOnlyDynastyName] has come to [Root.Capital.GetName] seeking an audience. [noble_marriage_target.GetSheHeCap] is offering you [noble_marriage_target.GetHerHis] maiden daughter's hand in marriage, and is promising a large dowry if you accept.;Un(e) riche noble [noble_marriage_target.GetManWoman] du nom de [noble_marriage_target.GetTitledFirstNameNoRegnal] [noble_marriage_target.GetOnlyDynastyName] a fait son apparition à [Root.Capital.GetName] et sollicite une audience. [noble_marriage_target.GetSheHeCap] vous offre la main de sa fille encore vierge en mariage, et promet une magnifique dot si vous acceptez.;;;Un rico comerciante de [Root.Capital.GetName] ha venido buscando una audiencia. Él os está ofreciendo la mano de su hija soltera en matrimonio, y promete una gran dote si aceptáis. Huelga decir que vuestros vasallos estarán molestos si os casáis con un plebeyo de baja cuna.;;;;;;;;;x
EVTDESCdynasty.47C;A wealthy noble [noble_marriage_target.GetManWoman] by the name of [noble_marriage_target.GetTitledFirstNameNoRegnal] [noble_marriage_target.GetOnlyDynastyName] has come to [Root.Capital.GetName] seeking an audience. [noble_marriage_target.GetSheHeCap] is offering you [noble_marriage_target.GetHerHis] own hand in marriage, and is promising a large dowry if you accept.;Un(e) riche noble [noble_marriage_target.GetManWoman] du nom de [noble_marriage_target.GetTitledFirstNameNoRegnal] [noble_marriage_target.GetOnlyDynastyName] a fait son apparition à [Root.Capital.GetName] et sollicite une audience. [noble_marriage_target.GetSheHeCap] vous offre sa propre main en mariage, et promet une magnifique dot si vous acceptez.;;;Un rico comerciante de [Root.Capital.GetName] ha venido buscando una audiencia. Él os está ofreciendo la mano de su hija soltera en matrimonio, y promete una gran dote si aceptáis. Huelga decir que vuestros vasallos estarán molestos si os casáis con un plebeyo de baja cuna.;;;;;;;;;x
EVTOPTAdynasty.47;What is a name really?;Le patronyme n'a pas d'importance;;;¿Qué es un nombre en realidad?;;;;;;;;;x
EVTOPTAdynasty.47B;My [noble_marriage_target.GetLordLady], I accept your offer;Cher/chère [noble_marriage_target.GetLordLady], j'accepte votre offre;;;¿Qué es un nombre en verdad?;;;;;;;;;x
TOOLTIPdynasty.47YES;[Root.GetTitledFirstNameNoRegnal] marries the daughter of a lowborn [Root.Capital.Culture.GetName] merchant\n;[Root.GetTitledFirstNameNoRegnal] épouse la fille du marchand roturier [Root.Capital.Culture.GetName]\n;;;[Root.GetTitledFirstNameNoRegnal] se casa con la hija de un mercader de baja cuna de [Root.Capital.Culture.GetName] \ n;;;;;;;;;x
married_a_lowborn;Married a Commoner;A épousé une roturière;;;Casado con un plebeyo;;;;;;;;;x
EVTOPTBdynasty.47;No, I will not marry beneath myself;Non, je refuse d'épouser quelqu'un d'un niveau social inférieur au mien;;;No, no voy a casarme con alguien inferior a mí;;;;;;;;;x
EVTDESCdynasty.49;Your [From.GetRootRelation] [From.GetTitledFirstNameNoRegnal] has sent word to the realm that [From.GetSheHe] is to finally marry, but not to a maid of noble birth as expected. Apparently [From.GetSheHe] has agreed to marry the maiden daughter of a rich [From.Capital.GetName] merchant, in exchange for a significant dowry.;Votre [From.GetRootRelation] [From.GetTitledFirstNameNoRegnal] a envoyé des messages dans tout le royaume pour annoncer qu'[From.GetSheHe] va finalement se marier, mais pas avec une jeune fille de noble naissance comme prévu. Apparemment [From.GetSheHe] a donné son accord pour épouser la fille d'un riche marchand de [From.Capital.GetName] en échange d'une importante dot.;;;Tu [From.GetRootRelation] [From.GetTitledFirstNameNoRegnal] ha enviado el mensaje al reino de que finalmente va a casarse, pero no con una dama de noble cuna como se esperaba. Al parecer [From.GetSheHe] ha aceptado casarse con la hija doncella de un rico mercader de [From.Capital.GetName], a cambio de una dote significativa.;;;;;;;;;x
EVTOPTAdynasty.49;[From.GetSheHeCap] married a commoner?!;[From.GetSheHeCap] a épousé une roturière ?!;;;¿¡[From.GetSheHeCap] se ha casado con una plebeya?!;;;;;;;;;x
EVTTITLE_WoL_5001_lemur;The Silver Lemur;Le petit valyrien;Der Weiße Löwe;;El Lémur Plateado;;;;;;;;;x
EVTDESC_WoL_5001_lemur;Lately, you have heard persistent rumors from [Root.GetPeasantNamePlural] and travellers in the wilds that a strange, mythical beast has been sighted in your realm. It's a silver lemur, quick and elusive. The common folk call it a 'little valyrian', and claim it comes from another world and that the hunter who claims it will be imbued with divine power.;Ces derniers temps, les paysans et les voyageurs font courir le bruit qu'une bête mythique a été aperçue dans votre royaume. C'est un lion blanc, puissant et insaisissable. Le peuple dit que cette créature vient d'un autre monde et que le chasseur qui abattra l'animal recevra un pouvoir divin.;Seit Kurzem verbreitet sich unter Bauern und Reisenden das Gerücht, dass ein seltsames, mythisches Tier in Eurem Reich gesichtet wurde. Es handelt sich um einen weißen Löwen, mächtig und scheu. Das gemeine Volk behauptet, er stamme aus einer anderen Welt und wer ihn erlegte, der werde von göttlicher Macht erfüllt.;;"Últimamente, se han escuchado rumores persistentes de campesinos y viajeros de los bosques que han visto una extraña y mítica bestia en vuestro reino. Se trata de un lémur plateado, rápido y evasivo. El común lo llama ""pequeño valyrio"" y afirman que proviene de otro mundo y que el cazador que lo reclame será imbuido de poder divino.";;;;;;;;;x
EVTDESC_WoL_5004_lemur;Good news, [Root.PrimaryTitle.GetFOA]! We have received credible reports of a recent sighting of the silver lemur in the province of [From.GetName].;Bonne nouvelle, [Root.PrimaryTitle.GetFOA] ! Des personnes dignes de confiance nous disent avoir récemment croisé le grand lion blanc dans la province de [From.GetName].;Gute Nachrichten, oh [Root.GetLordLady]! Wir haben glaubwürdige Berichte erhalten, dass ein großer weißer Löwe vor kurzem in der Provinz [From.GetName] gesichtet wurde.;;Buenas noticias, mi [Root.GetLordLady]! Hemos recibido informes creíbles de un avistamiento reciente del lémur plateado en la provincia de [From.GetName].;;;;;;;;;x
EVTDESC_WoL_5007_lemur;On the hunt, you get separated from your party in the wilderness. As you are roaming around and trying to find your bearings, you glimpse something strange in the distance... you ride closer and see a majestic silver lemur! As you cautiously approach, it sees you and runs away. You try to follow but are unable to catch up in the difficult terrain.\n\nAs you get back to your party, you find you can't stop thinking about this strange animal.;Pendant la chasse, vous perdez votre groupe de vue et vous vous retrouvez seul dans la nature. Alors que vous essayez de vous repérer, vous entrevoyez quelque chose d'étrange au loin... Vous chevauchez dans sa direction et découvrez un majestueux petit valyrien ! Vous vous approchez doucement, mais la bête vous aperçoit et s'enfuit. Vous tentez de la suivre mais le terrain accidenté vous empêche de la rattraper.\n\nVous rejoignez votre groupe de chasse sans parvenir à chasser l'étrange animal de votre mémoire.;Als Ihr auf der Jagd in der Wildnis von Eurer Jagdgesellschaft getrennt. Beim Versuch die Gruppe wiederzufinden erblickt Ihr in der Ferne etwas Seltsames... Es scheint sich um einen majestätischen weißen Löwen zu handeln! Doch dann, beim Versuch sich ihm zu nähern, wird er auf Euch aufmerksam und ergreift die Flucht. Ihr versucht, ihn zu verfolgen, könnt ihn aber aufgrund des schwierigen Geländes nicht einholen.\n\nWährend Ihr zur Jagdgesellschaft zurückkehrt, müsst Ihr ständig an dieses seltsame Tier denken.;;Durante la caza, te separas de la partida en la espesura. Mientras das vueltas y tratas de regresar, vislumbras algo extraño en la distancia… Cablagas hacia allí y ves un majestuoso lémur plateado! Mientras te aproximas cautelosamente hacia él, te ve y se escapa. Tratas de seguirlo pero eres incapaz de alcanzarlo en este terreno abrupto.\n\nAl volver con el resto del grupo, no puedes dejar de pensar en este extraño animal.;;;;;;;;;x
EVTDESC_WoL_5010_lemur;You have gathered your followers and your hunting dogs, you have saddled your horse and prepared your weapons. You are ready to set out to hunt the silver lemur.;Vous avez rassemblé votre suite et vos chiens de chasse, fait seller vos chevaux et préparer vos armes. Vous êtes maintenant prêt à chasser le petit valyrien.;Ihr habt Eure Getreuen und Eure Jagdhunde versammelt, das Pferd gesattelt und die Waffen vorbereitet. Nun seid Ihr bereit, die Jagd auf den weißen Löwen zu beginnen.;;Reúnes a tus compañeros y a los perros de caza, ensillas el caballo y preparas las armas. Estas listo para cazar al lémur plateado. ;;;;;;;;;x
EVTDESC_WoL_5030_lemur;After many days of hard hunting and tracking, you have finally managed to trap the silver lemur in a cul-de-sac between two rocks. The great animal is at your mercy - it looks at you with intelligent eyes, and you are suddenly struck by its great beauty...;Après plusieurs jours de rude traque, vous parvenez à acculer le petit valyrien entre deux rochers. Le bel animal est à votre merci. Il vous regarde de ses yeux intelligents et, soudain, sa grande beauté vous frappe.;Jagd und Aufspüren des Tieres erweisen sich als schwierig und langwierig. Doch nach zwei Tagen schafft Ihr es schließlich, den weißen Löwen in einer Sackgasse zwischen zwei Felsen in die Enge zu treiben. Das große Tier ist Euch ausgeliefert und es sieht Euch mit klugen Augen an. Plötzlich werdet Ihr seiner enormen Schönheit gewahr...;;Después de muchos días de difícil caza y rastreo, por fin logras atrapar al lémur plateado en un atolladero entre dos rocas. El gran animal está a tu merced... Te mira con ojos inteligentes y de repente te sientes impresionado por su gran belleza... ;;;;;;;;;x
hunting_white_lemur;The silver lemur eludes me...;Le petit valyrien m'échappe...;Ich kann den Weißen Löwen einfach nicht erlegen...;;El lémur plateado me elude...;;;;;;;;;x
EVTDESC_WoL_5035_lemur;During your hunt, you come to a deep gorge. Right on the other side is the silver lemur, staring at you! You are so close, yet cannot reach it. As it runs away, you realize that you must return home without a victory this time.;Au cours de la chasse, vous atteignez une profonde gorge. De l'autre côté de la faille, c'est le petit valyrien qui vous regarde ! Vous en êtes si proche et si loin à la fois... Il s'enfuit soudain et vous comprenez qu'une fois de plus, vous rentrerez bredouille.;Während der Jagd gelangt Ihr an eine tiefe Schlucht. Genau auf der anderen Seite befindet sich der weiße Löwe und starrt Euch an! Ihr seid ihm so nah und doch könnt Ihr ihn nicht erreichen. Als er wegläuft, wird Euch klar, dass Ihr dieses Mal keinen Sieg davontragen werdet.;;Durante la caza, llegas a un profundo barranco. Justo al otro lado está el lémur plateado, mirándote fijamente! Está tan cerca, pero no puedes alcanzarlo. Al escaparse, te das cuenta que volverás a casa sin ningún trofeo.;;;;;;;;;x
TOOLTIP40030;[This.GetTitledFirstNameNoRegnal] may command one of [This.GetHerHis] vassals to enforce a peace against you;;;;;;;;;;;;;x
EVTDESC40030;[From.GetTitledFirstNameWithDynastyNoRegnal] has evaded capture, and is refusing to come to [Root.Capital.GetName] to answer for [From.GetHerHis] crimes. [From.GetSheHeCap] has now raised [From.GetHerHis] banners in rebellion!;[From.GetTitledFirstNameWithDynastyNoRegnal] a échappé à la capture, et refuse de se rendre à [Root.Capital.GetName] pour répondre de ses crimes. Il (elle) a levé les bannières de la rébellion !;;;[FromFrom.GetTitledFirstNameWithDynastyNoRegnal] ha evadido su arresto, y se niega a venir a [Root.Capital.GetName] a responder por sus crímenes. ¡Además [FromFrom.GetSheHeCap] ahora se ha alzado en rebelión!;;;;;;;;;x
EVTOPTA40030;[vassal_enforcer.GetTitledFirstNameNoRegnal] [vassal_enforcer.GetOnlyDynastyName] will be sent to quash this uprising;[vassal_enforcer.GetTitledFirstNameNoRegnal] [vassal_enforcer.GetOnlyDynastyName] va être envoyé(e) pour mater ce soulèvement;;;[From.GetTitledFirstNameWithDynastyNoRegnal] será enviado a aplastar este levantamiento.;;;;;;;;;x
EVTOPTB40030;Leave [From.GetHerHim] free for now;Laissez [From.GetHerHim] libre pour l'instant;;;[From.GetTitledFirstNameWithDynastyNoRegnal] será enviado a aplastar este levantamiento.;;;;;;;;;x
EVTDESC40031;[Root.GetTitledFirstNameWithDynastyNoRegnal], for failing to present [FromFrom.GetHerHim]self at [From.Capital.GetName] to answer for [FromFrom.GetHerHis] crimes, I hereby name [FromFrom.GetFirstNameWithDynasty] a traitor and enemy of the realm. I charge you with the task of bringing [FromFrom.GetHerHim] to justice.\n\nSigned,\n[From.GetTitledFirstName] of [From.GetOnlyDynastyName].;[Root.GetTitledFirstNameWithDynastyNoRegnal], pour avoir failli à se présenter à [From.Capital.GetName] et répondre de ses crimes, je déclare par la présente [FromFrom.GetFirstNameWithDynasty], coupable de trahison et ennemi(e) du royaume. Je vous charge de [FromFrom.GetHerHim] livrer à la justice.\n\nSigné,\n[From.GetTitledFirstName] de [From.GetOnlyDynastyName].;;;[Root.GetTitledFirstNameWithDynastyNoRegnal], por negarse a presentarse en [From.Capital.GetName] para responder por sus crímenes, por la presente nombro a [From.GetFirstNameWithDynasty] traidor y enemigo del Reino. Como su señor, os encargo traerlo ante la justicia.\n\nFirmado,\n[FromFrom.GetTitledFirstName] de la Casa [FromFrom.GetOnlyDynastyName].;;;;;;;;;x
EVTOPTA40031;I will do my duty;Je ferai mon devoir;;;Cumpliré con mi deber;;;;;;;;;x
opinion_sorting_rebellion;Dealing With Liege's Rebellion;S'occuper de la rébellion;;;Lidiando con la Rebelión;;;;;;;;;x
EVTDESC40032;[Root.PrimaryTitle.GetFOA], I have successfully crushed the rebellion led by the traitor [captured_vassal.GetFirstName] [captured_vassal.GetOnlyDynastyName], and hereby turn [captured_vassal.GetHerHim] over to you for your judgement.\n\nYours\n[enforcer.GetTitledFirstName] of House [enforcer.GetOnlyDynastyName];[Root.PrimaryTitle.GetFOA], j'ai réussi à éradiquer la rébellion menée par le traitre [captured_vassal.GetFirstName] [captured_vassal.GetOnlyDynastyName], et vous [captured_vassal.GetHerHim] remets en vue de son jugement.\n\nVotre\n[enforcer.GetTitledFirstName] de la Maison [enforcer.GetOnlyDynastyName];;;[Root.PrimaryTitle.GetFOA], he aplastado con éxito la rebelión liderada por el traidor [From.GetFirstNameWithDynasty], y por la presente os lo entrego para que lo juzguéis por sus crímenes.\n\nVuestro\n[FromFrom.GetTitledFirstName] de la Casa [FromFrom.GetOnlyDynastyName].;;;;;;;;;x
EVTOPTA40032;[enforcer.PrimaryTitle.GetFOA], I thank you for you loyal service;[enforcer.PrimaryTitle.GetFOA], je vous remercie pour votre loyauté;;;[FromFrom.PrimaryTitle.GetFOA], os doy las gracias por vuestro leal servicio.;;;;;;;;;x
EVTDESC40033;[Root.GetTitledFirstNameWithDynastyNoRegnal], your diligence in apprehending the traitor and renegade [captured_vassal.GetFirstName] [captured_vassal.GetOnlyDynastyName] is appreciated by both me and my council. I trust we count your service again in the future.\n\nSigned,\n[From.GetTitledFirstName] of House [From.GetOnlyDynastyName];[Root.GetTitledFirstNameWithDynastyNoRegnal], votre application dans l'arrestation du traître et renégat [captured_vassal.GetFirstName][captured_vassal.GetOnlyDynastyName] est appréciée à sa juste valeur par ma personne ainsi que par mon conseil. J'espère pouvoir compter à nouveau sur vos services dans le futur. \n\nSigné,\n[From.GetTitledFirstName] de la Maison [From.GetOnlyDynastyName];;;[Root.GetTitledFirstNameWithDynastyNoRegnal], vuestra diligencia en la detención del traidor y renegado [FromFrom.GetFirstNameWithDynasty] es apreciada por los miembros de mi consejo. Confío en que podamos contar con vuestros servicios de nuevo en el futuro.\n\nFirmado,\n[From.GetTitledFirstName] de la Casa [From.GetOnlyDynastyName];;;;;;;;;x
EVTOPTA40033;Thank you [From.PrimaryTitle.GetFOA];Merci [From.PrimaryTitle.GetFOA];;;Gracias [From.PrimaryTitle.GetFOA].;;;;;;;;;x
EVTDESC40034;[FromFrom.GetTitledFirstNameNoRegnal] has named me traitor and enemy of the realm, and has tasked [From.GetTitledFirstNameWithDynastyNoRegnal] with arresting me by force of arms!;[FromFrom.GetTitledFirstNameNoRegnal] m'a désigné comme traitre et ennemi de la couronne, et a chargé [From.GetTitledFirstNameWithDynastyNoRegnal] de m'arrêter par la force des armes !;;;;;;;;;;;;x
EVTOPTA40034;I will prevail against this tyranny!;Je l'emporterai contre cette tyrannie;;;;;;;;;;;;x
EVTDESC40035;We have had concerning reports from [captured_vassal.PrimaryTitle.GetName] that [enforcer.GetTitledFirstNameNoRegnal] [enforcer.GetOnlyDynastyName] has failed in [enforcer.GetHerHis] mission to bring the renegade [captured_vassal.GetFirstName] [captured_vassal.GetOnlyDynastyName] to justice by force of arms. Apparently the traitor defeated [enforcer.GetTitledFirstNameNoRegnal]'s forces in the field of battle and is still at large.;J'ai reçu des rapports inquiétants sur [captured_vassal.PrimaryTitle.GetName] que [enforcer.GetTitledFirstNameNoRegnal] [enforcer.GetOnlyDynastyName] a échoué dans sa mission de conduire le renégat [captured_vassal.GetFirstName] [captured_vassal.GetOnlyDynastyName] à la justice par la force des armes. Aparemment, le traître a défait les forces de [enforcer.GetTitledFirstNameNoRegnal] sur le champ de bataille et est toujours en fuite.;;;;;;;;;;;;x
EVTOPTA40035;This traitor must be dealt with!;Ce traitre doit être arrêté;;;;;;;;;;;;x
opinion_sorted_rebellion;Quashed Rebellion;Rébellion éradiquée;;;Rebelión Aplastada;;;;;;;;;x
CB_NAME_ENFORCE_JUSTICE;Enforce Justice;Rendre la justice;;;;;;;;;;;;x
WAR_NAME_ENFORCE_JUSTICE;$CLAIMANT$'s $ORDER$War to Enforce Justice Against $DEFENDER$; $ORDER$ guerre de $CLAIMANT$ pour rendre la justice contre $DEFENDER$;;;;;;;;;;;;x
enforce_justice_desc;$CLAIMANT$ has been tasked to enforce justice against $TARGET$ by force of arms;$CLAIMANT$ a été chargé d'appliquer la justice contre $TARGET$ par la force des armes;;;;;;;;;;;;x
enforce_justice;Enforce Justice;Appliquer la justice;;;;;;;;;;;;x
buidling_summerhall;Building Summer House;Construction d'un pavillon d'été;;;Construyendo una Casa de Verano;;;;;;;;;x
summerhall_stage1;Summer House Partially Completed;Pavillon d'été en cours de construction;;;Casa de Verano parcialmente completada;;;;;;;;;x
summerhall_stage2;Summer House Mostly Completed;Pavillon d'été bien commencé;;;Casa de Verano completada en la mayor parte;;;;;;;;;x
summerhall_stage3;Summer House Almost Completed;Pavillon d'été presque terminé;;;Casa de Verano casi completada;;;;;;;;;x
summerhall_complete;Summer House Complete;Pavillon d'été terminé;;;Casa de Verano completada;;;;;;;;;x
summerhall_ore_found;Ore Vein Found;Veine de minerai découverte;;;Veta de oro encontrada;;;;;;;;;x
summerhall_trader_investment;Traders Investment;Investissement de marchands;;;Inversión de comerciantes;;;;;;;;;x
build_summerhall;Build a Summer House;Construire un pavillon d'été;;;Construir una Casa de Verano;;;;;;;;;x
build_summerhall_desc;Build a summer house for your family in Blackheart;Construire un pavillon d'été pour votre famille;;;Construir una Casa de Verano para nuestra familia en Corazónegro;;;;;;;;;x
TOOLTIPbuild_summerhall;The construction of a summer house will begin.;La construction du pavillon d'été va commencer.;;;La construcción de una casa de verano comenzará.;;;;;;;;;x
EVTDESCiron_throne.10;You have deicded that a summer house should be built in Blackheart so you and your family can spend the warmer times there as opposed to the crowded halls of the Red Keep and streets of King's Landing.;Vous avez décidé de faire bâtir un pavillon d'été à Noircœur pour que votre famille puisse y séjourner pendant les grosses chaleurs au lieu des espaces surpeuplés du Donjon Rouge et des rues de Port-Réal. ;;;Decides que una casa de verano será construida en Corazónegro para que tu familia pueda pasar el caluroso verano allí en vez de en las atestadas salas de la Fortaleza Roja y en las bulliciosas calles de Desembarco del Rey.;;;;;;;;;x
EVTOPTAiron_throne.10;This will truly be a great summer home!;Ce pavillon d'été sera magnifique;;;Será una magnífica casa de verano!;;;;;;;;;x
EVTDESCiron_throne.11;For this grand project I will need someone skilled in craftsmanship to lead workers to build a summer house for you and your family. There best craftsman are known to be from across the seas in Essos but there are skilled locals that are also good, if worst comes to worst then any old peasant can do the job.;Pour mener à bien ce grand projet, j'aurais besoin d'un architecte pour guider les bâtisseurs du pavillon d'été familial. Les meilleurs maître d'oeuvre viennent d'Essos, au-delà des mers mais il existe aussi de bons artisans dans les environs. Au pire, n'importe quel vieux paysan fera l'affaire.;;;Para este gran proyecto necesitarás a alguien experto que lidere los trabajos en la construcción de la casa de verano de tu familia. Los mejores artesanos conocidos se encuentran al otro lado del mar en Essos, pero también hay lugareños cualificados que son buenos artesanos. En el peor de los casos cualquier viejo campesino puede hacer el trabajo.;;;;;;;;;x
EVTOPTAiron_throne.11;I will hire a Braavosi craftsman from across the Narrow Sea;Je vais recruter un maître d'œuvre braavosi d'au-delà le Détroit;;;Contrataré un artesano Braavosi del otro lado del Mar Angosto;;;;;;;;;x
EVTOPTBiron_throne.11;There are good locals that can do the job;Il existe de bons artisans dans la région;;;Hay buenos lugareños que pueden hacer el trabajo;;;;;;;;;x
EVTOPTCiron_throne.11;I just need it done, get any old peasant;Pour ce travail, n'importe quel vieux paysan fera l'affaire;;;Solo necesito que se haga, coged a cualquier viejo campesino;;;;;;;;;x
EVTDESCiron_throne.12;[summerhall_craftsman.GetFirstName] has laid out plans to build a summer house and has started to recruit many workers to start on the project very soon and hope to finish the summer house soon!;[summerhall_craftsman.GetFirstName] a établi les plans de construction du pavillon d'été et a commencé à recruter beaucoup d'ouvriers pour commencer le projet au plus. Il espère finir prochainement le pavillon d'été !;;;[summerhall_craftsman.GetFirstName] ha trazado los planes para construir la casa de verano y ha empezado a reclutar muchos trabajadores para empezar el proyecto pronto y terminar la casa de verano cuanto antes.;;;;;;;;;x
EVTOPTAiron_throne.12;Brilliant! I cannot wait!;Excellent, je suis impatient !;;;Brillante! No puedo esperar!;;;;;;;;;x
EVTDESCiron_throne.13;The first stage of construction has been completed. [summerhall_craftsman.GetFirstName] has gathered workers and has been provided with materials, the basic foundations have been set and work is proceeding at a good rate.;La première partie de la construction est terminée. [summerhall_craftsman.GetFirstName] a rassemblé des travailleurs et leur a donné les matières premières. Les fondations sont achevées et le travail avance à un bon rythme.;;;La primera etapa de la construcción ha sido completada. [summerhall_craftsman.GetFirstName] ha reunido a los trabajadores y ha sido provisto con materiales para la obra, los cimientos fundamentales se han creado y se está trabajando a buen ritmo.;;;;;;;;;x
EVTOPTAiron_throne.13;Soon it will be finished;Ce sera bientôt fini;;;Pronto estará terminada;;;;;;;;;x
EVTDESCiron_throne.14;Whilst digging up room to have a natural spring flow through the workers have discovered an ore vein of precious metals. [summerhall_craftsman.GetFirstName] has asked what you wish to do with it?;En creusant le sol pour mettre en valeur une source d'eau naturelle, les travailleurs ont trouvé une veine de minerai précieux. [summerhall_craftsman.GetFirstName] vous demande ce qu'il doit en faire.;;;Mientras se excababa la habitación de los baños de manantial los trabajadores han descubierto una veta de mineral de metales preciosos. [summerhall_craftsman.GetFirstName] pregunta qué deseas que hagan con ellos.;;;;;;;;;x
EVTOPTAiron_throne.14;Use the money we can earn from it to increase building speed;Utiliser l'argent que l'on peut en retirer pour accélérer la construction;;;Usad el dinero que podamos ganar para acelerar la construcción.;;;;;;;;;x
EVTOPTBiron_throne.14;I want the money straight in my treasury;Mettre l'argent dans mes coffres;;;Quiero que el dinero vaya directamente a mi tesorería.;;;;;;;;;x
EVTDESCiron_throne.15;You have been informed that [merchant_republic_investor.GetTitledFirstName] a [merchant_republic_investor.Culture.GetName] trader has offered to give you an investment into building your summer house as a sign of good faith between the two of you to possibly try and be the start of an alliance.;Vous venez d'apprendre que [merchant_republic_investor.GetTitledFirstName] un marchand [merchant_republic_investor.Culture.GetName] a proposé de financer une partie de la construction de votre pavillon d'été comme preuve de bonne foi entre vous deux et peut-être le début d'une alliance entre vos familles.;;;Te informan de que [merchant_republic_investor.GetTitledFirstName], un mercader [merchant_republic_investor.Culture.GetName], se ha ofrecido a ayudar inviertiendo dinero en la construcción de la casa de verano como signo de buena fe entre los dos para posiblemente intentar que sea el comienzo de una alianza.;;;;;;;;;x
EVTOPTAiron_throne.15;I accept his offer graciously and will use it to aid in the construction;J'accepte son offre avec joie et j'utilise cet argent pour la construction;;;Acepto cortésmente su ofrecimiento y lo usaré para ayudar en la construcción.;;;;;;;;;x
EVTOPTBiron_throne.15;All I need is [merchant_republic_investor.GetHerHis] money, nothing else;Je n'ai besoin que de l'argent de [merchant_republic_investor.GetHerHis], le reste ne m'importe pas;;;Lo único que necesito es su dinero, nada más;;;;;;;;;x
EVTDESCAiron_throne.16;The second stage of construction has been completed. [summerhall_craftsman.GetFirstName] has finished building the walls of your summer house and as started to plan out which rooms will be which and has made sure there are plenty of rooms for you and the rest of your family.;La deuxième partie de la construction est terminée. [summerhall_craftsman.GetFirstName] a fini de monter les murs de votre pavillon d'été et a commencé à faire le plan des chambres. Il a tenu à faire en sorte qu'il y ait beaucoup d'espace pour vous et votre famille.;;;La segunda etapa de la construcción ha sido completada. [summerhall_craftsman.GetFirstName] ha terminado de construir las paredes de la casa de verano y ha empezado a a plantear las funciones de las habitaciones, asegurándose de que haya muchas habitaciones para toda la familia.;;;;;;;;;x
EVTDESCBiron_throne.16;The third stage of construction has been completed. [summerhall_craftsman.GetFirstName] has completed all of the rooms structurly but all are still bare at this moment, furnishings have been imported from across the Narrow Sea but have not yet arrived.;La troisième partie de la construction est terminée. [summerhall_craftsman.GetFirstName] a terminé toutes les chambres, encore vides pour le moment. Des meubles en provenance d'au delà du Détroit sont en cours d'acheminement.;;;La tercera etapa de la construcción ha sido completada. [summerhall_craftsman.GetFirstName] ha terminado la estructura de todas las habitaciones pero falta el mobiliario. Los muebles han sido importados desde el otro lado del Mar Angosto, pero aún no han llegado.;;;;;;;;;x
EVTDESCCiron_throne.16;The final stage of construction has been completed. [summerhall_craftsman.GetFirstName] has completed the construction of your summer house in all of its glory. The finest silks fromt the Free Cities have been used to furnish the beds and the most skilfully crafted wooded tables through the great main hall, your family all look on in awe and look forward to the summer so you can all enjoy staying there.;L'ultime partie de la construction est achevée. [summerhall_craftsman.GetFirstName] a terminé la construction de votre pavillon d'été flambant neuf. Les soies les plus fines en provenance des Cités Libres ont été utilisées pour garnir les lits et les tables finement ouvragées sont dans la salle principale. Votre famille et vous-même attendez avec impatience le prochain été pour profiter de tout cela.;;;La etapa final de la construcción ha sido completada. [summerhall_craftsman.GetFirstName] ha terminado de construir la casa de verano en toda su gloria. Las más finas sedas de las Ciudades Libres serán las sábanas de las camas y las mesas más habilidosamente talladas ocuparán el salón principal, tu familia mira con asombro y espera la llegada del verano para poder disfrutar de su estancia allí.;;;;;;;;;x
EVTOPTAiron_throne.16;Progress is moving along very nicely;Vous appréciez cet avancement rapide;;;El progreso está avanzando muy bien;;;;;;;;;x
EVTTITLEiron_throne.17;Summerhall Completed;Lestival terminé;;;Refugio Estival Completado;;;;;;;;;x
EVTDESCiron_throne.17;After lots of hard work and much gold being invested your summer house in Blackheart has finally been completed. It is a homely castle for you to take your family to so you can enjoy the summer away from the prying eyes of King's Landing.\nInside there are fine silks and skilfully made wooden furnishing crafted extremely ornately with images of dragons and fire. The banner of House Targaryen flies high to honour you and your ancestors.\nThis new castle needs a new fitting name to replace Blackheart, what do you suggest?;Après énormément de labeur et des investissements coûteux, votre pavillon d'été à Noircœur est enfin prêt. Il s'agit d'un château confortable pour que vous et votre famille puissiez profiter de l'été loin des regards persistants des gens de Port-Réal.\nA l'intérieur se trouvent des soies dines et des meubles en bois ouvragés, ornés d'images de dragons et de feu. La bannière de la Maison Targaryen flotte au vent honorant par là même vous même et vos ancêtres.\nCe nouveau château a besoin d'un nom approproé pour remplacer Noircœur, que suggérez-vous ?;;;Después de mucho trabajo y mucho oro invertido la casa de verano en Corazónegro ha sido finalmente completada. Es un castillo familiar para que la familia pueda disfrutar del verano lejos de las miradas indiscretas de Desembarco del Rey.\nEn su interior hay finas sedas y muebles de madera hábilmente hechos a mano, extremadamente ornamentados con imágenes de dragones y fuego. El estandarte de la Casa Targaryen ondea alto para honrar a vuestros ancestros.\nEste nuevo castillo necesita un nuevo nombre apropiado que reemplace el de Corazónegro. ¿Qué sugieres?;;;;;;;;;x
EVTOPTAiron_throne.17;It shall be known as 'Summerhall';Je le nommerai « Lestival »;;;Será conocida como 'Refugio Estival';;;;;;;;;x
ca_summerhall;Summerhall;Lestival;;;Refugio Estival;;;;;;;;;x
ca_summerhall_desc;Summerhall is the summer house of the Targaryen family built in the province formerly known as Blackheart. Not a heavily fortified location such as King's Landing but one of the favourite locations of many of the Targaryens to spend the warm summers.;Lestival est la résidence d'été de la famille Targaryen construite dans la province anciennement nommée Noircœur. Ce n'est pas une place forte comme Port-Réal mais cela reste un des endroits favoris des Targaryens pour passer l'été.;;;Refugio Estival es la casa de verano que la familia Targaryen construyó en la provincia anteriormente conocida como Corazónegro. No tan fortificada como Desembarco del Rey pero uno de los lugares favoritos de muchos Targaryen para pasar los cálidos veranos.;;;;;;;;;x
TOOLTIPbuild_summerhall_treasurer;Have [Root.job_treasurer.GetTitledFirstName] §YOversee Construction§! in Blackheart to §Gincrease§! the speed of construction;Charger [Root.job_treasurer.GetTitledFirstName] §YOversee Construction§! à Noircœur pour §Gincrease§! la vitesse de construction;;;Tener a [Root.job_treasurer.GetTitledFirstName] §Ysupervisando la construcción§! en Corazónegro para §Gincrementar§! la velocidad de la construccion.;;;;;;;;;x
EVTDESC22099;I would be willing to accept the [Root.GetBoyGirl] [Root.GetTitledFirstName] here in [From.Capital.GetName] as a ward of [New.GetTitledFirstName] [New.GetOnlyDynastyName], but only if a payment of coin is provided to cover the expense of having [Root.GetHerHim] here. Else, there would be no value to having [Root.GetHerHim] in my court.;Je suis prêt à accepter la venue de [Root.GetBoyGirl] [Root.GetTitledFirstName] ici à [From.Capital.GetName] en tant que pupille de [New.GetTitledFirstName] [New.GetOnlyDynastyName], à condition de recevoir un paiement en compensation des frais générés. Sinon, je n'ai aucun intérêt à l'avoir à ma cour.;;;Yo estaría dispuesto a aceptar a [Root.GetTitledFirstName] aquí en [From.Capital.GetName] como pupilo de [New.GetTitledFirstName] [New.GetOnlyDynastyName], pero solo si se me provee de un pago en oro para cubrir los gastos que genera tenerle aquí. Si no, tenerle en mi corte no tendria ningún valor;;;;;;;;;x
EVTOPTA22099;That is reasonable;C'est raisonnable;;;Eso es razonable;;;;;;;;;x
EVTOPTB22099;I'm not paying for this;Je ne paierai pas pour cela;;;No voy a pagar por esto;;;;;;;;;x
EVTDESCinterregnum.1;[From.GetTitledFirstNameWithDynasty] left no blood relatives as heir to [From.PrimaryTitle.GetName], and so the succession is now unclear. You have been named as [Root.GetLordLady] Protector during this period of interregnum, and will oversee governance of the realm until a great council is called to determine who should be crowned.;[From.GetTitledFirstNameWithDynasty] n'a laissé aucun parent pour hériter de [From.PrimaryTitle.GetName], et la succession est ouverte. Vous avez été nommé(e) comme [Root.GetLordLady] Protecteur pendant la période d'interrègne et vous allez gérer la gouvernance du royaume jusqu'à ce qu'un grand concile soit appelé pour déterminer qui doit être couronné.;;;[From.GetTitledFirstNameWithDynasty] no ha dejado familiares de sangre como herederos de [From.PrimaryTitle.GetName], y la sucesión no está clara. Has sido nombrado como [Root.GetLordLady] Protector durante este periodo de interregno, y supervisarás la gobernanza del Reino hasta que un Gran Consejo sea llamado para determinar quién debe ser coronado.;;;;;;;;;x
EVTDESCinterregnum.1B;[From.GetFirstNameWithDynasty] no longer reigns over [Root.PrimaryTitle.GetName], and so the succession is now unclear. You have been named as [Root.GetLordLady] Protector during this period of interregnum, and will oversee governance of the realm until a great council is called to determine who should be crowned.;[From.GetFirstNameWithDynasty] ne règne plus sur [Root.PrimaryTitle.GetName], et actuellement la succession n'est pas claire. Vous avez été nommé(e) comme [Root.GetLordLady] Protecteur (trice) pendant la période d'interrègne et vous allez gérer la gouvernance du royaume jusqu'à ce qu'un grand concile soit appelé pour déterminer qui doit être couronné.;;;;;;;;;;;;x
EVTDESCinterregnum.1C;The interregnum of [Root.PrimaryTitle.GetName] continues with you ruling as [Root.GetTitle]. The lords and nobles of the realm expect a great council to determine the heir to be held soon...;L'interrègne de [Root.PrimaryTitle.GetName] continue, avec vous à la tête de [Root.GetTitle]. Les lords et les nobles du royaume attendent la réunion prochaine d'un grand concile pour déterminer qui est l'héritier...;;;;;;;;;;;;x
EVTDESCinterregnum.1D;Due to [From.GetHerHis] incapacity to lead, [From.GetTitledFirstNameWithDynasty] has been removed as [From.GetLordLady] Protector of [Root.PrimaryTitle.GetName]. You have been named as the new [Root.GetLordLady] Protector during this period of interregnum and uncertainty, and will oversee governance of the realm until a great council is called to determine who should be crowned.;A cause de son incapacité à diriger, [From.GetTitledFirstNameWithDynasty] a été déchu de la charge de [From.GetLordLady] Protecteur (trice) de [Root.PrimaryTitle.GetName]. Vous avez été nommé(e) comme [Root.GetLordLady] Protecteur pendant cette période d'interrègne et d'incertitude, et vous allez gérer la gouvernance du royaume jusqu'à ce qu'un grand concile soit appelé pour déterminer qui doit être couronné.;;;;;;;;;;;;x
EVTOPTAinterregnum.1;Yes, a great council must be held immediately;En effet, un grand concile doit être réuni immédiatement;;;Sí, un Gran Consejo debería convocarse inmediatamente;;;;;;;;;x
TOOLTIPinterregnum.1COUNCIL;All important lords and nobles of [Root.PrimaryTitle.GetName] shall convene in [Root.Capital.GetName] to decide who should inherit the [Root.PrimaryTitle.GetTier]\n;Tous les lords et nobles importants de [Root.PrimaryTitle.GetName] sont convoqués à [Root.Capital.GetName] pour décider qui héritera du titre de [Root.PrimaryTitle.GetTier]\n;;;Todos los Señores y nobles importantes de [Root.PrimaryTitle.GetName] se reunirán en [Root.Capital.GetName] para decidir quién debe heredar el [Root.PrimaryTitle.GetTier]\n;;;;;;;;;x
EVTOPTBinterregnum.1;No, I shall crown myself!;Non, je me couronnerai moi-même !;;;No, me coronaré a mí mismo!;;;;;;;;;x
TOOLTIPinterregnum.1USURP;[Root.GetTitledFirstName] has [Root.GetHerHim]self crowned\n;[Root.GetTitledFirstName] s'[Root.GetHerHim] couronné(e) lui/elle-même\n;;;[Root.GetTitledFirstName] se ha coronado a sí mismo\n;;;;;;;;;x
EVTOPTCinterregnum.1;Now is not the right time;C'est le bon moment;;;Ahora no es el momento adecuado;;;;;;;;;x
EVTOPTDinterregnum.1;I am incapable of holding this office, it must pass to another;Je suis incapable de remplir cet office, je dois passer la main à quelqu'un d'autre;;;;;;;;;;;;x
opinion_suspended_council;Suspended Great Council;Grand concile suspendu;;;Gran Consejo Suspendido;;;;;;;;;x
EVTDESCinterregnum.2;Word has spread about the great council to be held in [Root.Capital.GetName], and all those who with a claim to [Root.PrimaryTitle.GetName] have made their case to the council. The leading candidates shall be considered when all have arrived.;La nouvelle du grand concile à venir en ville de [Root.Capital.GetName] s'est répandue. Les personnes revendiquant le titre de [Root.PrimaryTitle.GetName] ont présenté leur cas devant le concile. Les candidatures les plus intéressantes seront bientôt examinées.;;;Ha corrido la voz sobre el Gran Consejo que tendrá lugar en [Root.Capital.GetName], y todos los que reclaman el [Root.PrimaryTitle.GetName] se lo han hecho saber al consejo. Los principales candidatos serán considerados cuando lleguen todos.;;;;;;;;;x
EVTOPTAinterregnum.2;I hope it will be peaceful;J'espère que tout se passera bien;;;Espero que sea pacífico;;;;;;;;;x
TOOLTIPinterregnumcandidate;[This.GetTitledFirstNameWithDynasty] is one of the leading candidates\n;[This.GetTitledFirstNameWithDynasty] est un des candidats les plus en vue\n;;;[This.GetTitledFirstNameWithDynasty] es uno de los candidatos principales\n;;;;;;;;;x
EVTDESCinterregnum.3;[Root.GetTitledFirstNameWithDynastyNoRegnal], as [FromFromFrom.GetTitledFirstNameWithDynasty] left no blood relatives as heir to [From.PrimaryTitle.GetName], a great council must be held to determine who shall inherit the [From.PrimaryTitle.GetTier]. I bid you join us in [From.Capital.GetName] so we can vote for a new sovereign.\n\nSigned,\n[From.GetFirstNameoftheHouse], [From.GetTitle] of [From.PrimaryTitle.GetName];[Root.GetTitledFirstNameWithDynastyNoRegnal], en tant que [FromFromFrom.GetTitledFirstNameWithDynasty] n'a laissé aucun parent pour hériter de [From.PrimaryTitle.GetName]. Un grand concile doit se réunir pour déterminer qui héritera de [From.PrimaryTitle.GetTier]. Je vous prie de bien vouloir nous retrouver à [From.Capital.GetName] pour que nous élisions un nouveau souverain.\n\nSigné,\n[From.GetFirstName] de la Maison [From.GetOnlyDynastyName], [From.GetTitle] de [From.PrimaryTitle.GetName];;;[Root.GetTitledFirstNameWithDynastyNoRegnal], como [FromFromFrom.GetTitledFirstNameWithDynasty] no ha dejado familiares de sangre como herederos de [From.PrimaryTitle.GetName], un Gran Consejo debe convocarse para determinar quién debe heredar el [From.PrimaryTitle.GetTier]. Ruego que os unáis a nosotros en [From.Capital.GetName] para votar a un nuevo soberano.\n\nFirmado,\n[From.GetFirstName] de la Casa [From.GetOnlyDynastyName], [From.GetTitle] de [From.PrimaryTitle.GetName];;;;;;;;;x
EVTDESCinterregnum.3B;[Root.GetTitledFirstNameWithDynastyNoRegnal], [FromFromFrom.GetTitledFirstNameWithDynasty] no longer rules over [From.PrimaryTitle.GetName], and so a great council must be held to determine who shall inherit the [From.PrimaryTitle.GetTier]. I bid you join us in [From.Capital.GetName] so we can vote for a new sovereign.\n\nSigned,\n[From.GetFirstNameoftheHouse], [From.GetTitle] of [From.PrimaryTitle.GetName];[Root.GetTitledFirstNameWithDynastyNoRegnal], en tant que [FromFromFrom.GetTitledFirstNameWithDynasty] n'a laissé aucun parent pour hériter de [From.PrimaryTitle.GetName]. Un grand concile doit se réunir pour déterminer qui héritera de [From.PrimaryTitle.GetTier]. Je vous prie de bien vouloir nous retrouver à [From.Capital.GetName] pour que nous élisions un nouveau souverain.\n\nSigné,\n[From.GetFirstName] de la Maison [From.GetOnlyDynastyName], [From.GetTitle] de [From.PrimaryTitle.GetName];;;[Root.GetTitledFirstNameWithDynastyNoRegnal], como [FromFromFrom.GetTitledFirstNameWithDynasty] no ha dejado familiares de sangre como herederos de [From.PrimaryTitle.GetName], un Gran Consejo debe convocarse para determinar quién debe heredar el [From.PrimaryTitle.GetTier]. Ruego que os unáis a nosotros en [From.Capital.GetName] para votar a un nuevo soberano.\n\nFirmado,\n[From.GetFirstName] de la Casa [From.GetOnlyDynastyName], [From.GetTitle] de [From.PrimaryTitle.GetName];;;;;;;;;x
EVTDESCinterregnum.3C;[Root.GetTitledFirstNameWithDynastyNoRegnal], the inheritance of [From.PrimaryTitle.GetName] has been thrown into question, and so a great council must be held to determine who shall inherit the [From.PrimaryTitle.GetTier]. I bid you join us in [From.Capital.GetName] so we can vote for a new sovereign.\n\nSigned,\n[From.GetFirstNameoftheHouse], [From.GetTitle] of [From.PrimaryTitle.GetName];[Root.GetTitledFirstNameWithDynastyNoRegnal], en tant que [FromFromFrom.GetTitledFirstNameWithDynasty] n'a laissé aucun parent pour hériter de [From.PrimaryTitle.GetName]. Un grand concile doit se réunir pour déterminer qui héritera de [From.PrimaryTitle.GetTier]. Je vous prie de bien vouloir nous retrouver à [From.Capital.GetName] pour que nous élisions un nouveau souverain.\n\nSigné,\n[From.GetFirstName] de la Maison [From.GetOnlyDynastyName], [From.GetTitle] de [From.PrimaryTitle.GetName];;;[Root.GetTitledFirstNameWithDynastyNoRegnal], como [FromFromFrom.GetTitledFirstNameWithDynasty] no ha dejado familiares de sangre como herederos de [From.PrimaryTitle.GetName], un Gran Consejo debe convocarse para determinar quién debe heredar el [From.PrimaryTitle.GetTier]. Ruego que os unáis a nosotros en [From.Capital.GetName] para votar a un nuevo soberano.\n\nFirmado,\n[From.GetFirstName] de la Casa [From.GetOnlyDynastyName], [From.GetTitle] de [From.PrimaryTitle.GetName];;;;;;;;;x
EVTDESCinterregnum.3D;To all my subjects, the inheritance of [From.PrimaryTitle.GetName] has been thrown into question, and so a great council must be held to determine who shall inherit the [From.PrimaryTitle.GetTier]. All shall gather in [From.Capital.GetName] so we can vote for a new sovereign.\n\nSigned,\n[From.GetFirstNameoftheHouse], [From.GetTitle] of [From.PrimaryTitle.GetName];[Root.GetTitledFirstNameWithDynastyNoRegnal], en tant que [FromFromFrom.GetTitledFirstNameWithDynasty] n'a laissé aucun parent pour hériter de [From.PrimaryTitle.GetName]. Un grand concile doit se réunir pour déterminer qui héritera de [From.PrimaryTitle.GetTier]. Je vous prie de bien vouloir nous retrouver à [From.Capital.GetName] pour que nous élisions un nouveau souverain.\n\nSigné,\n[From.GetFirstName] de la Maison [From.GetOnlyDynastyName], [From.GetTitle] de [From.PrimaryTitle.GetName];;;[Root.GetTitledFirstNameWithDynastyNoRegnal], como [FromFromFrom.GetTitledFirstNameWithDynasty] no ha dejado familiares de sangre como herederos de [From.PrimaryTitle.GetName], un Gran Consejo debe convocarse para determinar quién debe heredar el [From.PrimaryTitle.GetTier]. Ruego que os unáis a nosotros en [From.Capital.GetName] para votar a un nuevo soberano.\n\nFirmado,\n[From.GetFirstName] de la Casa [From.GetOnlyDynastyName], [From.GetTitle] de [From.PrimaryTitle.GetName];;;;;;;;;x
EVTOPTAinterregnum.3;I will travel at once;Je me rendrai sur place;;;Tendré que viajar;;;;;;;;;x
EVTOPTAinterregnum.3B;Interesting;;;;Interesante;;;;;;;;;x
EVTDESCinterregnum.4;[Root.GetTitledFirstNameWithDynastyNoRegnal], as [FromFromFrom.GetTitledFirstNameWithDynasty] left no blood relatives as heir to [From.PrimaryTitle.GetName], a great council must be held to determine who shall inherit the [From.PrimaryTitle.GetTier]. You have been deemed by the council to have one of the strongest claims, and so we urge you to come to [From.Capital.GetName] to make your case.\nSigned,\n[From.GetFirstNameoftheHouse], [From.GetTitle] of [From.PrimaryTitle.GetName];[Root.GetTitledFirstNameWithDynastyNoRegnal], en tant que [FromFromFrom.GetTitledFirstNameWithDynasty] n'a laissé aucun parent pour hériter de [From.PrimaryTitle.GetName]. Un grand concile doit se réunir pour déterminer qui héritera de [From.PrimaryTitle.GetTier]. Le concile a établi que votre revendication fait partie des plus fortes, aussi nous vous prions de venir au plus vite à [From.Capital.GetName] pour plaider votre cas.\nSigné,\n[From.GetFirstName] de la Maison [From.GetOnlyDynastyName], [From.GetTitle] de [From.PrimaryTitle.GetName];;;[Root.GetTitledFirstNameWithDynastyNoRegnal], como [FromFromFrom.GetTitledFirstNameWithDynasty] no ha dejado familiares de sangre como herederos de [From.PrimaryTitle.GetName], un Gran Consejo debe convocarse para determinar quién debe heredar el [From.PrimaryTitle.GetTier]. Vuestra reclamación es considerada por el consejo como una de las más fuertes, y por ello le insto a que acudáis a [From.Capital.GetName] para argumentar vuestra reclamación.\nFirmado,\n[From.GetFirstName] de la Casa [From.GetOnlyDynastyName], [From.GetTitle] de [From.PrimaryTitle.GetName];;;;;;;;;x
EVTOPTAinterregnum.4;The throne will be mine;Le trône sera à moi;;;El trono será mío;;;;;;;;;x
EVTDESCinterregnum.5;[Root.GetTitledFirstNameNoRegnal], [FromFromFrom.GetTitledFirstNameWithDynasty] left no blood relatives as heir to [From.PrimaryTitle.GetName], leaving the succession unclear. Therefore I have decided to use my powers as [From.GetLordLady] Protector to crown myself, and so demand fealty as your new [From.GetTitle].\n\nSigned,\n[From.GetFirstNameoftheHouse], the [From.GetRegnalOrdinal] of [From.GetHerHis] name;[Root.GetTitledFirstNameNoRegnal], [FromFromFrom.GetTitledFirstNameWithDynasty] n'a laissé aucun parent de son sang pour hériter de [From.PrimaryTitle.GetName], laissant une succession compliquée. Toutefois, j'ai décidé d'utiliser mes pouvoirs de [From.GetLordLady] Protecteur (trice) pour me couronner moi-même, et j'exige que vous me reconnaissez comme étant votre nouveau (lle) [From.GetTitle].\n\nSigné,\n[From.GetFirstName] de la Maison [From.GetOnlyDynastyName], [From.GetRegnalOrdinal] de son nom;;;[Root.GetTitledFirstNameNoRegnal], [FromFromFtr.GetTitledFirstNameWithDynasty] no dejó parientes consanguíneos como heredero de [From.PrimaryTitle.GetName], lo que deja la sucesión poco clara. Por lo tanto, he decidido usar mis poderes como Protector [From.GetLordLady] para coronarme a mí mismo, y así exigir lealtad como su nuevo [From.GetTitle].\n\nFirmado,\n[From.GetFirstName] de la Casa [De. GetOnlyDynastyName], el [From.GetRegnalOrdinal] de su nombre;;;;;;;;;x
EVTDESCinterregnum.5A;To all my subjects, no blood relatives of the past sovereigns stand as the obvious heir to [From.PrimaryTitle.GetName], leaving the succession unclear. Therefore I have decided to use my powers as [From.GetLordLady] Protector to crown myself, and so demand fealty of the nobles of the realm as the new [From.GetTitle].\n\nSigned,\n[From.GetFirstNameoftheHouse], the [From.GetRegnalOrdinal] of [From.GetHerHis] name;[Root.GetTitledFirstNameNoRegnal], [FromFromFrom.GetTitledFirstNameWithDynasty] n'a laissé aucun parent de son sang pour hériter de [From.PrimaryTitle.GetName], laissant une succession compliquée. Toutefois, j'ai décidé d'utiliser mes pouvoirs de [From.GetLordLady] Protecteur (trice) pour me couronner moi-même, et j'exige que vous me reconnaissez comme étant votre nouveau (lle) [From.GetTitle].\n\nSigné,\n[From.GetFirstName] de la Maison [From.GetOnlyDynastyName], [From.GetRegnalOrdinal] de son nom;;;Para todos mis súbditos, ningún pariente consanguíneo de los antiguos soberanos es el heredero obvio de [From.PrimaryTitle.GetName], dejando la sucesión poco clara. Por lo tanto, he decidido usar mis poderes como Protector [From.GetLordLady] para coronarme a mí mismo, y así exigir lealtad a los nobles del reino como el nuevo [From.GetTitle].\n\nFirmado,\n[[From.GetFirstName] de la Casa [From.GetOnlyDynastyName], el [From.GetRegnalOrdinal] de su nombre.;;;;;;;;;x
EVTOPTAinterregnum.5;Outrageous! A council should have been held!;Honteux ! Un concile aurait dû avoir lieu !;;;¡Indignante! ¡Un consejo debería haberse celebrado!;;;;;;;;;x
EVTOPTAinterregnum.5A;A bold move;;;;Un movimiento audaz;;;;;;;;;x
EVTDESCinterregnum.6;All the lords and nobles have arrived in [From.Capital.GetName] for the great council. The leading candidates for the throne of [From.PrimaryTitle.GetName] have had their say and have been discussed at length. Now all those present will choose their sides...;Tous les lords et les nobles sont arrivés à [From.Capital.GetName] pour assister au grand concile. Les candidats les plus en vue pour le trône de [From.PrimaryTitle.GetName] ont eu leur mot à dire et ont discuté longuement. Maintenant, tous les participants doivent choisir un camp...;;;Todos los señores y nobles han llegado a [From.Capital.GetName] para el Gran Consejo. Los principales candidatos para el trono de [From.Primary Title.GetName] han dado su opinión y se ha discutido extensamente. Ahora todos los presentes elegirán...;;;;;;;;;x
EVTDESCinterregnum.6B;After many days of debate there is deadlock between two candidates, and so as [From.GetTitle] it falls you to cast the deciding vote.;Après de nombreux jours de débat, la situation est bloquée entre deux candidats et il vous incombe, en tant que [From.GetTitle] d'avoir le vote décisif.;;;Después de muchos días de debate se ha llegado a un punto muerto entre dos candidatos, así que [From.GetTitle] deberá emitir el voto decisivo.;;;;;;;;;x
EVTOPTAinterregnum.6;I should be crowned!;Je serai couronné !;;;Debería ser coronado!;;;;;;;;;x
EVTOPTBinterregnum.6;I back [interregnum_claimant_1.GetTitledFirstName] [interregnum_claimant_1.GetOnlyDynastyName];Je soutiens [interregnum_claimant_1.GetTitledFirstName] [interregnum_claimant_1.GetOnlyDynastyName];;;Respaldo a [interregnum_claimant_1.GetTitledFirstName] [interregnum_claimant_1.GetOnlyDynastyName];;;;;;;;;x
EVTOPTCinterregnum.6;[interregnum_claimant_2.GetTitledFirstName] [interregnum_claimant_2.GetOnlyDynastyName] should have the throne;[interregnum_claimant_2.GetTitledFirstName] [interregnum_claimant_2.GetOnlyDynastyName] doit être couronné;;;[interregnum_claimant_2.GetTitledFirstName] [interregnum_claimant_2.GetOnlyDynastyName] debe tener el trono;;;;;;;;;x
EVTOPTDinterregnum.6;The [From.PrimaryTitle.GetTier] should go to [interregnum_claimant_3.GetTitledFirstName] [interregnum_claimant_3.GetOnlyDynastyName];Le [From.PrimaryTitle.GetTier] doit aller à [interregnum_claimant_3.GetTitledFirstName] [interregnum_claimant_3.GetOnlyDynastyName];;;El [From.PrimaryTitle.GetTier] debería ser para [interregnum_claimant_3.GetTitledFirstName] [interregnum_claimant_3.GetOnlyDynastyName];;;;;;;;;x
EVTOPTEinterregnum.6;[interregnum_claimant_4.GetTitledFirstName] [interregnum_claimant_4.GetOnlyDynastyName] will receive my vote;[interregnum_claimant_4.GetTitledFirstName] [interregnum_claimant_4.GetOnlyDynastyName] recevra ma voix;;;[interregnum_claimant_4.GetTitledFirstName] [interregnum_claimant_4.GetOnlyDynastyName] recibirá mi voto;;;;;;;;;x
EVTDESCinterregnum.8;The great council of the nobles of [interregnum_title.GetName] has concluded, and you have been backed as the heir to the [interregnum_title.GetTier]! You are promptly crowned in [interregnum_capital.Capital.GetName]'s throne room before all those assembled.;Le grand conseil des nobles de [Root.PrimaryTitle.GetName] s'est achevé et vous avez été soutenu pour devenir l'héritier de [root.PrimaryTitle.GetTier] ! Vous êtes aussitôt couronné dans la salle du trône de [Root.Capital.Capital.GetName] devant toutes les personnes rassemblées.;;;;;;;;;;;;x
EVTOPTAinterregnum.8;I promise to rule justly;Je promets de régner de manière juste;;;Prometo reinar con justicia;;;;;;;;;x
EVTDESCinterregnum.9;The great council of the nobles of [interregnum_title.GetName] has concluded, and [From.GetTitledFirstNameWithDynastyNoRegnal] has been backed as the heir to the [interregnum_title.GetTier]! [From.GetSheHeCap] is promptly crowned in [interregnum_capital.Capital.GetName]'s throne room before all those assembled.;Le grand conseil des nobles de [Root.PrimaryTitle.GetName] s'est achevé et [From.GetTitledFirstNameWithDynastyNoRegnal] a été soutenu(e) pour hériter de [Root.PrimaryTitle.GetTier] ! [From.GetSheHeCap] est aussitôt couronné(e) dans la salle du trône de [Root.Capital.Capital.GetName] devant toutes les personnes rassemblées.;;;El Gran Consejo de nobles de [Root.PrimaryTitle.GetName] ha concluido, y [From.GetTitledFirstNameWithDynastyNoRegnal] ha sido respaldado como heredero al [Root.PrimaryTitle.GetTier]! Será coronado de inmediato en la sala del trono de [Root.Capital.GetName] ante todos los reunidos.;;;;;;;;;x
EVTOPTAinterregnum.9;May [From.GetHerHis] reign be prosperous;Que son règne soit prospère;;;Que su reinado sea próspero;;;;;;;;;x
EVTDESCinterregnum.10;The great council of the nobles of [interregnum_title.PrimaryTitle.GetName] has concluded, and [FromFrom.GetFirstNameWithDynasty] has been backed as the heir to the [interregnum_title.GetTier]! [FromFrom.GetSheHeCap] is promptly crowned as [FromFrom.GetTitle] in [interregnum_capital.Capital.GetName]'s throne room before all those assembled.;Le grand conseil des nobles de [FromFrom.PrimaryTitle.GetName] s'est achevé et [FromFrom.GetFirstNameWithDynasty] a été soutenu(e) pour hériter de [FromFrom.PrimaryTitle.GetTier] ! [FromFrom.GetSheHeCap] est aussitôt couronné(e) en tant que [FromFrom.GetTitle] dans la salle du trône de [FromFrom.Capital.Capital.GetName] devant toutes les personnes rassemblées.;;;El Gran Consejo de nobles de [From.PrimaryTitle.GetName] ha concluido, y [FromFrom.GetTitledFirstNameWithDynastyNoRegnal] ha sido respaldado como heredero al [From.PrimaryTitle.GetTier]! [FromFrom.GetSheHeCap] será coronado de inmediato en la sala del trono de [From.Capital.GetName] ante todos los reunidos.;;;;;;;;;x
EVTDESCinterregnum.10A;[interregnum_title.GetName] recently fell into a period of interregnum, with a great council of the nobles of being called to determine the heir. [FromFrom.GetFirstNameWithDynasty] has been backed as the heir to the [interregnum_title.GetTier] by this council, and has been crowned as [FromFrom.GetTitle].;Le grand conseil des nobles de [FromFrom.PrimaryTitle.GetName] s'est achevé et [FromFrom.GetFirstNameWithDynasty] a été soutenu(e) pour hériter de [FromFrom.PrimaryTitle.GetTier] ! [FromFrom.GetSheHeCap] est aussitôt couronné(e) en tant que [FromFrom.GetTitle] dans la salle du trône de [FromFrom.Capital.Capital.GetName] devant toutes les personnes rassemblées.;;;El Gran Consejo de nobles de [From.PrimaryTitle.GetName] ha concluido, y [FromFrom.GetTitledFirstNameWithDynastyNoRegnal] ha sido respaldado como heredero al [From.PrimaryTitle.GetTier]! [FromFrom.GetSheHeCap] será coronado de inmediato en la sala del trono de [From.Capital.GetName] ante todos los reunidos.;;;;;;;;;x
EVTOPTAinterregnum.10;May [FromFrom.GetHerHis] reign be prosperous;Que son règne soit prospère;;;Que su reinado sea próspero;;;;;;;;;x
EVTDESCinterregnum.11;[Root.GetTitledFirstNameWithDynastyNoRegnal], [FromFromFrom.GetTitledFirstNameWithDynasty] has passed, leaving no blood relatives as heir to [From.PrimaryTitle.GetName]. I assure the realm a great council will be held to determine who shall inherit the [From.PrimaryTitle.GetTier], but I deem now not to be the right time.\n\nSigned,\n[From.GetFirstNameoftheHouse], [From.GetTitle] of [From.PrimaryTitle.GetName];[Root.GetTitledFirstNameWithDynastyNoRegnal], [FromFromFrom.GetTitledFirstNameWithDynasty] est mort(e), ne laissant aucun parent pour hériter de [From.PrimaryTitle.GetName]. J'ai promis au royaume qu'un grand conseil se tiendra pour déterminer qui héritera de [From.PrimaryTitle.GetTier], mais pour l'instant, ce n'est pas le bon moment.\n\nSigné,\n[From.GetFirstName] de la Maison [From.GetOnlyDynastyName], [From.GetTitle] de [From.PrimaryTitle.GetName];;;[Root.GetTitledFirstNameWithDynastyNoRegnal], [FromFromFrom.GetTitledFirstNameWithDynasty] ha fallecido sin dejar familiares de sangre como heredero de [From.PrimaryTitle.GetName]. Garantizo al Reino que se convocará un Gran Consejo para determinar quién debe heredar el [From.PrimaryTitle.GetTier], pero considero que no es el momento adecuado para ello.\n\nFirmado,\n[From.GetFirstName] de la Casa [From.GetOnlyDynastyName], [From.GetTitle] de [From.PrimaryTitle.GetName];;;;;;;;;x
EVTOPTAinterregnum.11;The council better be held soon;Le conseil a intérêt à être convoqué prochainement;;;El Gran Consejo se celebrará pronto;;;;;;;;;x
TOOLTIPinterregnum.8;[Root.GetFirstNameWithDynasty] is crowned. [Root.GetSheHeCap] obtained [Root.great_council_votes.GetValue] votes\n;[Root.GetFirstNameWithDynasty] est couronné(e). [Root.GetSheHeCap] a obtenu [Root.great_council_votes.GetValue] votes\n;;;[From.GetTitledFirstNameWithDynasty] ha sido coronado. Ha obtenido [From.great_council_votes.GetValue] votos\n;;;;;;;;;x
TOOLTIPinterregnum.9;[From.GetTitledFirstNameWithDynasty] is crowned. [From.GetSheHeCap] obtained [From.great_council_votes.GetValue] votes\n;[From.GetTitledFirstNameWithDynasty] est couronné(e). [From.GetSheHeCap] a obtenu [From.great_council_votes.GetValue] votes\n;;;[This.GetTitledFirstNameWithDynasty] ha obtenido [This.great_council_votes.GetValue] votos\n;;;;;;;;;x
TOOLTIPinterregnum.9B;[This.GetTitledFirstNameWithDynasty] obtained [This.great_council_votes.GetValue] votes\n;[This.GetTitledFirstNameWithDynasty] a obtenu [This.great_council_votes.GetValue] votes\n;;;[This.GetTitledFirstNameWithDynasty] ha obtenido [This.great_council_votes.GetValue] votos\n;;;;;;;;;x
call_a_great_council_interregnum;Call a Great Council;Réunir un Grand Conseil;;;Reunir un Gran Consejo;;;;;;;;;x
call_a_great_council_interregnum_desc;The interregnum of [Root.PrimaryTitle.GetName] continues with you ruling as [Root.GetTitle]. The lords and nobles of the realm expect a great council to determine the heir to be held soon...;L'interrègne de [Root.PrimaryTitle.GetName] continue avec vous gouvernant comme [Root.GetTitle]. Le lords et nobles du royaume attendent qu'un grand conseil soit réuni pour désigner l'héritier…;;;El interregno de [Root.PrimaryTitle.GetName] continúa contigo como [Root.GetTitle]. Los Señores y nobles del reino esperan que un Gran Consejo sea reunido para designar al heredero…;;;;;;;;;x
EVTDESC22098;[This.PrimaryTitle.GetFOA], [Root.GetTitledFirstName] cannot be the ward of a [New.Culture.GetName]!;[This.PrimaryTitle.GetFOA], [Root.GetTitledFirstName] ne peut pas être le tuteur d'un(e) [New.Culture.GetName] !;;;[This.PrimaryTitle.GetFOA], [Root.GetTitledFirstName] no puede ser el tutor de un [New.Culture.GetName]!;;;;;;;;;x
EVTOPTA22098;I see;Je vois;;;Ya veo;;;;;;;;;x
EVTDESC_WOL_10650;One of the local brothel-keepers in [Root.Capital.GetName] has recently died, leaving his his business available for purchase. Many of the brothels need renovating and improving, but acquring these whore houses could prove to be a profitable investment.;L'un des propriétaires de bordels de [Root.Capital.GetName] est récemment mort et son affaire peut être acquise. Beaucoup de bordels doivent être rénovés et agrandis, mais ces maisons de catons pourraient être un investissement rentable. ;;;Un propietario de burdeles de [Root.Capital.GetName] ha muerto recientemente y su negocio puede ser adquirido. Muchos de los burdeles deben ser renovados y ampliados, pero estas casas de mancebía podrían ser una inversión rentable. ;;;;;;;;;x
EVTDESC_WOL_10650B;One of the local brothel-keepers in [Root.Liege.Capital.GetName] has recently died, leaving his his business available for purchase. Many of the brothels need renovating and improving, but acquring these whore-houses could prove to be a profitable investment.;L'un des propriétaires de bordels de [Root.Liege.Capital.GetName] est récemment mort et son affaire peut être acquise. Beaucoup de bordels doivent être rénovés et agrandis, mais ces maisons de catons pourraient être un investissement rentable. ;;;Un propietario de burdeles de [Root.Liege.Capital.GetName] ha muerto recientemente y su negocio puede ser adquirido. Muchos de los burdeles deben ser renovados y ampliados, pero estas casas de mancebía podrían ser una inversión rentable. ;;;;;;;;;x
EVTOPTA_WOL_10650;I will buy them;Je vais les acheter;;;Los compraré;;;;;;;;;x
owns_a_brothel;Brothel Owner;Propriétaire de bordel;;;Propietario de burdel;;;;;;;;;x
EVTOPTB_WOL_10650;No, I will not lower myself to the level of brothel-keeper;Non, je ne vais pas me rabaisser au rang de proxénète;;;No, no me rebajaré al nivel de un proxeneta;;;;;;;;;x
EVTDESC_WOL_10651;You were inspecting one of your brothels when you noticed one particular young girl. She is an extremely attractive whore, and very tempting...;Vous inspectez l'un de vos bordels lorsque vous remarquez une jeune fille. C'est une putain particulièrement attirante... tentante même.;;;Inspeccionas uno de tus burdeles cuando te fijas en una chica joven. Es una puta particularmente atractiva...y tentadora...;;;;;;;;;x
EVTDESC_WOL_10651B;You were inspecting one of your brothels when you noticed one particular young man. He is an extremely handsome and comely whore, and very tempting...;Vous inspectez l'un de vos bordels lorsque vous remarquez un jeune homme. C'est un prostitué particulièrement beau et attirant... ;;;Inspeccionas uno de tus burdeles cuando te fijas en un chico joven. Es un puto particularmente atractivo...y tentador...;;;;;;;;;x
EVTOPTA_WOL_10651;I shall bed them!;Je vais coucher avec !;;;Nos acostaremos!;;;;;;;;;x
TOOLTIPWOL_10651;You become enamoured with the whore and take them into your court\n;Vous tombé amoureux(se) du(e la) prostitué(e) et le(a) faite entrer à la cour\n;;;Te enamoras de la prostituta y la haces entrar a la corte\n;;;;;;;;;x
EVTOPTB_WOL_10651;It will not do to bed my own employees;Je ne vais pas coucher avec mes employés.;;;No me acostaré con mis empleados.;;;;;;;;;x
EVTDESC_WOL_10652;A wealthy man from [rich_brothel_client.Liege.Capital.GetName] by the name of [rich_brothel_client.GetTitledFirstName] [rich_brothel_client.GetOnlyDynastyName] has arrived in [Root.Capital.GetName], and is seeking entertainment at one of your brothels. He has very...exotic tastes, and promises to pay handsomely for your hospitality in statisfying them.;Un homme riche originaire de [rich_brothel_client.Liege.Capital.GetName] portant le nom [rich_brothel_client.GetTitledFirstName] [rich_brothel_client.GetOnlyDynastyName] est arrivé à [Root.Capital.GetName], et cherche à se passer du bon temps dans l'un de vos bordels. Il a des goûts très... exotiques et vous promet de vous payer grassement si vous le satisfaisez.;;;Un hombre rico originario de [rich_brothel_client.Liege.Capital.GetName] llamado [rich_brothel_client.GetTitledFirstName] [rich_brothel_client.GetOnlyDynastyName] ha llegado a [Root.Capital.GetName], y busca pasar un buen rato en uno de tus burdeles. Tiene gustos muy... exóticos y te promete que pagará generosamente si le satisfaces.;;;;;;;;;x
EVTDESC_WOL_10652B;A wealthy man from [rich_brothel_client.Liege.Capital.GetName] by the name of [rich_brothel_client.GetTitledFirstName] [rich_brothel_client.GetOnlyDynastyName] has arrived in [Root.Liege.Capital.GetName], and is seeking entertainment at one of your brothels. He has very...exotic tastes, and promises to pay handsomely for your hospitality in statisfying them.;Un homme riche originaire de [rich_brothel_client.Liege.Capital.GetName] portant le nom [rich_brothel_client.GetTitledFirstName] [rich_brothel_client.GetOnlyDynastyName] est arrivé à [Root.Liege.Capital.GetName], et cherche à se passer du bon temps dans l'un de vos bordels. Il a des goûts très... exotiques et vous promet de vous payer grassement si vous le satisfaisez.;;;Un hombre rico originario de [rich_brothel_client.Liege.Capital.GetName] llamado [rich_brothel_client.GetTitledFirstName] [rich_brothel_client.GetOnlyDynastyName] ha llegado a [Root.Liege.Capital.GetName], y busca pasar un buen rato en uno de tus burdeles. Tiene gustos muy... exóticos y te promete que pagará generosamente si le satisfaces.;;;;;;;;;x
EVTOPTA_WOL_10652;Welcome my esteemed [rich_brothel_client.Culture.GetName] friend!;Bienvenue mon estimé ami [rich_brothel_client.Culture.GetName] !;;;Bienvenido, mi estimado amigo [rich_brothel_client.Culture.GetName]!;;;;;;;;;x
EVTDESC_WOL_10653;A terrible fire has swept through the nieghbourhood of [Root.Capital.GetName] where many of your brothels are located! Most of them have been severely damaged, some burnt completely to ash. Rebuilding will be a costly affair.;Un terrible incendie a éclaté dans des quartiers de [Root.Capital.GetName] où sont situés beaucoup de vos bordels ! La plupart ont été sévèrement endommagés et certains ont même brûlé complètement. Reconstruire va coûter cher. ;;;Un terrible incendio ha estallado en el barrio de [Root.Capital.GetName] donde están situados muchos de tus burdeles! La mayoría han sido gravemente dañados y algunos han ardido por completo. La reconstrucción será cara. ;;;;;;;;;x
EVTDESC_WOL_10653B;A terrible fire has swept through the nieghbourhood of [Root.Liege.Capital.GetName] where many of your brothels are located! Most of them have been severely damaged, some burnt completely to ash. Rebuilding will be a costly affair.;Un terrible incendie a éclaté dans des quartiers de [Root.Liege.Capital.GetName] où sont situés beaucoup de vos bordels ! La plupart ont été sévèrement endommagés et certains ont même brûlé complètement. Reconstruire va coûter cher. ;;;Un terrible incendio ha estallado en el barrio de [Root.Liege.Capital.GetName] donde están situados muchos de tus burdeles! La mayoría han sido gravemente dañados y algunos han ardido por completo. La reconstrucción será cara. ;;;;;;;;;x
EVTOPTA_WOL_10653;It must be done;Cela doit être fait;;;Debe hacerse;;;;;;;;;x
EVTOPTB_WOL_10653;I give up this brothel keeping business;J'abandonne ce commerce;;;Abandono el negocio de los burdeles;;;;;;;;;x
EVTDESC_WOL_10654;You have received word from one of your brothels that a client has been detained by your men after murdering one of the whores. You arrive to find it is [WoL_10654_courtier.GetTitledFirstName] [WoL_10654_courtier.GetOnlyDynastyName] who did the deed! [WoL_10654_courtier.GetSheHeCap] is apologising profusely and offers compensation...;Vous apprenez qu'un client d'un de vos bordels a été arrêté par vos hommes après avoir tué l'une de vos putains. Vous rendant sur place, vous découvrez qu'il s'agit de [WoL_10654_courtier.GetTitledFirstName] [WoL_10654_courtier.GetOnlyDynastyName] ! [WoL_10654_courtier.GetSheHeCap] s'excuse et offre réparation...;;;Te enteras de que un cliente de uno de tus burdeles ha sido arrestado por tus hombres tras haber matado a una de tus putas. Una vez allí, descubres que se trata de [WoL_10654_courtier.GetTitledFirstName] [WoL_10654_courtier.GetOnlyDynastyName]! [WoL_10654_courtier.GetSheHeCap] se excusa y te ofrece reparación...;;;;;;;;;x
EVTOPTA_WOL_10654;These things happen, I accept your offer;Ces choses arrivent, j'accepte votre offre;;;Estas cosas pasan, acepto tu oferta;;;;;;;;;x
EVTOPTB_WOL_10654;Arrest this murderous [WoL_10654_courtier.GetManWoman] ;Arrêter ce(tte) meurtrier(e);;;Arrestar a este asesino;;;;;;;;;x
EVTOPTC_WOL_10654;Slit [WoL_10654_courtier.GetHerHis] throat and throw the body in the river!;Coupez lui la gorge et balancez son corp dans le fleuve !;;;Cortadle la garganta y echad su cuerpo al río!;;;;;;;;;x
EVTDESCfamily.105;Some of your kin are unhappy that you granted the [FromFromFrom.GetFullName] to [From.GetTitledFirstNameWithDynastyNoRegnal], as they were expecting to be granted the title themselves!;Certains de vos parents ne sont pas contents que vous ayez octroyé [FromFromFrom.GetFullName] à [From.GetTitledFirstNameWithDynastyNoRegnal], car ils pensaient le recevoir !;;;Algunos de tus familiares no están contentos de que hayas otorgado [FromFromFrom.GetFullName] a [From.GetTitledFirstNameWithDynastyNoRegnal], pensaban que lo recibirían ellos!;;;;;;;;;x
EVTOPTAfamily.105;I will grant titles to whoever I like thank you;J'octrois les titres à qui je le souhaite;;;Otorgo los títulos a quien quiero;;;;;;;;;x
opinion_did_not_give_me_title;Did Not Give Me Title;Ne m'a pas donné de titres;;;No me otorgó un título;;;;;;;;;x
EVTDESCbattle.750;[Root.PrimaryTitle.GetFOA], news from the battle of [FromFromFrom.Location.GetName]. We have reports that your [From.GetRootRelation] [From.GetTitledFirstNameWithDynastyNoRegnal] has been killed whilst leading troops in the battle!;[Root.PrimaryTitle.GetFOA], nous avons reçu des nouvelles de la bataille de [FromFromFrom.Location.GetName]. Il semble que votre [From.GetRootRelation] [From.GetTitledFirstNameWithDynastyNoRegnal] a été tué !;;;[Root.PrimaryTitle.GetFOA], hemos recibido noticias de la batalla de [FromFromFrom.Location.GetName]. Parece que vuestro [From.GetRootRelation] [From.GetTitledFirstNameWithDynastyNoRegnal] ha muerto!;;;;;;;;;x
EVTOPTAbattle.750;This is indeed grievous news;Une triste nouvelle !;;;Tristes noticias!;;;;;;;;;x
EVTDESCbattle.751;Your [From.GetRootRelation] [From.GetTitledFirstNameWithDynastyNoRegnal] has returned from the battle of [FromFromFrom.Location.GetName] alive, but has suffered a very gruesome and horrific injury.;Votre [From.GetRootRelation] [From.GetTitledFirstNameWithDynastyNoRegnal] est revenu en vie de la bataille de [FromFromFrom.Location.GetName], mais semble souffrir d'une terrible blessure.;;;Tu [From.GetRootRelation] [From.GetTitledFirstNameWithDynastyNoRegnal] ha regresado vivo de la batalla de [FromFromFrom.Location.GetName], pero parece sufrir una terrible lesión.;;;;;;;;;x
EVTOPTAbattle.751;At least [From.GetSheHe] is alive;Au moins [From.GetSheHe] est vivant(e);;;Al menos está vivo;;;;;;;;;x
EVTDESCbattle.752;[Root.PrimaryTitle.GetFOA], we have have word from the battle of [FromFromFrom.Location.GetName] that your [From.GetRootRelation] [From.GetTitledFirstNameWithDynastyNoRegnal] has fallen. [From.GetSheHeCap] is alive, but is now apparently comatose and incapable of waking up.;[Root.PrimaryTitle.GetFOA], nous avons reçu des nouvelles de la bataille de [FromFromFrom.Location.GetName]. Il semble que votre [From.GetRootRelation] [From.GetTitledFirstNameNoRegnal] soit tombé. [From.GetSheHeCap] est en vie mais dans le coma.;;;[Root.PrimaryTitle.GetFOA], recibimos noticias de la batalla de [FromFromFrom.Location.GetName]. Parece que vuestro [From.GetRootRelation] [From.GetTitledFirstNameNoRegnal] cayó. Está vivo pero en estado de coma.;;;;;;;;;x
EVTOPTAbattle.752;How tragic;Quelle tragédie !;;;Qué tragedia!;;;;;;;;;x
EVTDESC301B;It seems my amorous adventures have resulted in a child - but alas little [From.GetFirstName] did not survive the birth. How shall [From.GetSheHe] be remembered?;Apparemment, j’ai engendré un enfant illégitime. Mais malheureusement le(a) petit(e) [From.GetFirstName] n'a pas survécu. Quel portait-[From.GetSheHe] ?;Es scheint, dass meine Liebensabenteuer zu einem Kind geführt haben - [From.GetFirstName] ist mir wie aus dem Gesicht geschnitten.;;Parece que mis amoríos han dado lugar a un niño. Por desgracia, el pequeño [From.GetFirstName] no ha sobrevivido al nacimiento. Cómo será recordado?;;;;;;;;;x
EVTDESCZE.8115;There are many ways to gain favors with your fellow councillors. Thankfully you have been born a woman, and that provides you with certain qualities that would appeal to most men... perhaps [rumpy_pumpy_target.GetTitledFirstNameNoRegnal] would be easily manipulated if you subtly made a proposition?;Il y a de nombreuses façons de gagner les faveurs des conseillers. Heureusement vous êtes née femme et cela vous offre une arme supplémentaure... Il se trouve justement que l'un des conseillers, [rumpy_pumpy_target.GetTitledFirstName], pourra facilement être manipulé si vous en faîtes la proposition.;;;Hay muchas formas de ganarse los favores de los consejeros. Afortunadamente, eres una mujer por lo que cuentas con un arma suplementaria... Opinas que uno de los consejeros, [rumpy_pumpy_target.GetTitledFirstName], podrá fácilmente ser manipulado si le haces una proposición.;;;;;;;;;x
EVTOPTA1ZE.8115;If it is the only way...;C'est le seul moyen…;;;Es el único modo...;;;;;;;;;x
EVTOPTA2ZE.8115;This should be easy;Cela devrait être facile;;;Debería ser fácil;;;;;;;;;x
EVTOPTA3ZE.8115;Ohhhhh I will enjoy this;Ohhhhh je vais adorer ça !;;;Ohhhhhh voy a disfrutar con esto!;;;;;;;;;x
TOOLTIPZE.8115;You will visit [rumpy_pumpy_target.GetTitledFirstName]'s chambers in the night to 'discuss some important council work'.;Vous rendez visite à [rumpy_pumpy_target.GetTitledFirstName] dans ses quartiers au milieu de la nuit pour 'discuter d'importants dossiers en rapport avec le conseil';;;Visitas a [rumpy_pumpy_target.GetTitledFirstName] por la noche en sus cámaras para 'discutir de importantes asuntos relacionados con el Consejo';;;;;;;;;x
EVTOPTB1ZE.8115;I would never stoop so low!;Je ne me rabaisserai jamais à ce niveau !;;;No me rebajaré a ese nivel!;;;;;;;;;x
EVTOPTB2ZE.8115;I don't think this is the best idea;Je ne pense que ce soit la meilleure des idées;;;No creo que sea la mejor de las ideas;;;;;;;;;x
EVTOPTB3ZE.8115;Even I couldn't do that with [rumpy_pumpy_target.GetTitledFirstName]!;Je ne pourrais jamais faire ça avec [rumpy_pumpy_target.GetTitledFirstName] !;;;Jamás podría hacer eso con [rumpy_pumpy_target.GetTitledFirstName] !;;;;;;;;;x
EVTDESCZE.8116;It is late in the night and you hear a knock on your door, you open it to see [From.GetTitledFirstNameNoRegnal] in your doorway sultrily looking at you. She asks if she can come in and 'discuss some important council work' with you, as she walks in you swear you see her wink at you...;La nuit est déjà bien avancée lorsque vous entendez quelqu'un frapper à votre porte. Vous ouvrez et découvrez [From.GetTitledFirstName]. Elle demande si elle peut rentrer pour 'discuter de dossiers importants cocnernant le conseil'. Vous aurez jurer apercevoir un clin d'oeil...;;;La noche estaba muy avanzada cuando escuchas que alguien llama a la puerta. Abres y descubres a [From.GetTitledFirstName]. Ella te pregunta si puede pasar para 'discutir de importantes asuntos relacionados con el Consejo'. Jurarías haber detectado un guiño de ojo...;;;;;;;;;x
EVTOPTAZE.8116;What a wonderful idea, I am sure we can help each other out...;Quelle bonne idée ! C'est tellement plsu agréable de travailler à deux…;;;Muy buena idea! Es más agradable trabajar juntos…;;;;;;;;;x
TOOLTIPAZE.8116;You and [This.GetTitledFirstName] will 'discuss some important council work'.;Vous et [This.GetTitledFirstName] allez 'discuter de dossier importants concernant le conseil'.;;;Tú y [This.GetTitledFirstName] vais a 'discutir de importantes asuntos relacionados con el Consejo'.;;;;;;;;;x
EVTOPTBZE.8116;Uhhhh yes ummm there are many important matters to discuss;Euuuuh oui, il y a énormément de choses importantes dont nous devons discuter;;;Euuuuh sí, hay un montón de cosas importantes que debemos discutir;;;;;;;;;x
TOOLTIPBZE.8116;You and [This.GetTitledFirstName] will discuss some important council work.;Vous et [This.GetTitledFirstName] allez discuter de dossier importants concernant le conseil.;;;Tú y [This.GetTitledFirstName] vais a discutir de importantes asuntos relacionados con el Consejo.;;;;;;;;;x
EVTOPTCZE.8116;Never! Get out of my sight you harlot, the whole court shall hear of this!;Jamais ! Allez-vous-en débauchée, la cour entendra parler de cete histoire !;;;Nunca! Fuera de mi vista ramera! Toda la corte se enterará de esto!;;;;;;;;;x
TOOLTIPCZE.8116;You kick [This.GetTitledFirstName] out and will tell the court about her.;Vous mettez [This.GetTitledFirstName] à la porte et racontez tout à la cour.;;;Echas a [This.GetTitledFirstName] y le cuentas a la corte lo sucedido.;;;;;;;;;x
EVTDESCZE.8117;[From.GetTitledFirstName] eagerly accepted your invitation and helped you out with your 'council work' until the wee hours of the morning. After you walked back to your room knowing that you gave [From.GetHerHim] a night [From.GetSheHe] will never forget...;[From.GetTitledFirstName] a accepté avec enthousiasme votre invitation et vous a aidé dans votre 'travail au conseil' jusqu'à l'aube. En rentrant dans vos quartiers vous savez que vous lui avez donné une nuit qu'[From.GetSheHe] n'est pas prêt d'oublier...;;;[From.GetTitledFirstName] ha aceptado con entusiamo tu invitación y te ayudó con vuestro 'trabajo en el Consejo' hasta el amanecer. Al regresar a tus aposentos sabes que le has dado una noche que no olvidará...;;;;;;;;;x
EVTOPTAZE.8117;I have [From.GetHerHim] wrapped around my finger;Je l'ai entre mes mains;;;Lo tengo dominado;;;;;;;;;x
EVTDESCZE.8118;[From.GetTitledFirstName] flushed a bit and mumbled before proceeding to actually discuss many important council matters... the sound of [From.GetHerHis] voice was like a nail on glass by the end of it. It wasn't exactly what you had hoped to get out of your time, in fact it was a total waste.;[From.GetTitledFirstName] a semblé reougir avant de se mettre à discuter vraiment d'affaires du conseil pendant des heures... Vous ne vous êtes rarement autant ennuyée. C'était clairement une perte de temps.;;;[From.GetTitledFirstName] pareció ruborizarse un poco antes de ponerse a discutir de verdad sobre asuntos del Consejo durante horas... No era lo que habías esperado. Ha sido una completa pérdida de tiempo.;;;;;;;;;x
EVTOPTAZE.8118;Pha! [From.GetSheHe] should have taken the opportunity;[From.GetSheHeCap] aurait pu saisir cette opportunité;;;[From.GetSheHeCap] podría haber aprovechado esta oportunidad;;;;;;;;;x
EVTDESCZE.8119;[From.GetTitledFirstName] kicked you of of [From.GetHerHis] room whilst shouting a variety of insults. [From.GetSheHeCap] said [From.GetSheHe] would be informing the court of your behaviour!;[From.GetTitledFirstName] vous a mis à la porte de ses quartiers tout en vous insultant de putain et de dévergondée et vous menacant de tout révéler à la cour.;;;[From.GetTitledFirstName] te echó de sus aposentos mientras te llamaba puta y desvergonzada y amenazaba con contarlo todo a la corte.;;;;;;;;;x
EVTOPTAZE.8119;There goes my reputation... [From.GetTitledFirstName] will pay for this!;Et c'en est fait de ma réputation... [From.GetTitledFirstName] va payer pour ça !;;;Ahí va mi reputación... [From.GetTitledFirstName] pagará por esto!;;;;;;;;;x
attempted_rumpy_pumpy;Attempted Council Seduction;A tenté de séduire un conseiller;;;Intentó seducir a un Consejero;;;;;;;;;x
attempted_rumpy_pumpy_desc;This character has attempted to use their feminine charm to seduce a fellow councillor of their liege in order to gain their favor.;Ce personnage a tenté d'utiliser ses charmes féminins pour séduire un conseiller de son suzerain pour en obtenir les faveurs.;;;Este personaje intentó utilizar sus encantos femeninos para seducir a un Consejero y obtener favores.;;;;;;;;;x
TOOLTIPZE.8119;[This.GetTitledFirstName] will have been informed of your unfaithfulness.;[This.GetTitledFirstName] sera informé(e) de votre infidélité.;;;[This.GetTitledFirstName] será informado de tu infidelidad;;;;;;;;;x
EVTDESCZE.8120;You along with the rest of the court have been informed by [FromFrom.GetTitledFirstName] that your wife [From.GetTitledFirstName] attempted to seduce [FromFrom.GetHerHim] in exchange for [FromFrom.GetHerHis] council support but [FromFrom.GetSheHe] rejected your wife's advances.;Vous et la cour apprenez par [FromFrom.GetTitledFirstName] que votre femme [From.GetTitledFirstName] a tenté de le séduire en échange de son soutien au conseil, mais [FromFrom.GetSheHe] a rejeté les avances de votre femme.;;;Te has enterado, al igual que el Consejo, por [FromFrom.GetTitledFirstName] que tu esposa [From.GetTitledFirstName] ha intentado seducirle a cambio de su apoyo en el Consejo, pero él rechazó las insinuaciones de tu esposa.;;;;;;;;;x
EVTOPTAZE.8120;How could she do this to me;Comment a-t-elle pu faire ça à moi ?;;;Cómo ha podido hacerme eso?;;;;;;;;;x
EVTDESC1059;I no longer carry myself with that great air authority, and people are starting to take less notice of what I say.;J'use de moins en moins de mon air autoritaire et les gens écoutent de moins en moins ce que j'ai à dire.;;;Cada vez uso menos mi aire autoritario y los demás cada vez hacen menos caso de lo que digo.;;;;;;;;;x
EVTOPTA1059;I am no longer authoritative;Je ne fais plus autorité;;;Ya no soy autoritario;;;;;;;;;x
EVTDESC1060;I have come to realise my abrupt and rude nature is not endearing myself to people, I will endeavor to be polite from now.;Je viens de réaliser que ma nature abrupte et impolie ne me gagne pas les cœurs des gens, je vais faire montre de plus de politesse à partir de maintenant.;;;Me he dado cuenta de que mi naturaleza abrupta y maleducada hace que no me gane el corazón de las personas, mostraré más educación a partir de ahora.;;;;;;;;;x
EVTOPTA1060;I will remember my courtesies;Je vais me souvenir de mes bonnes manières;;;Recordaré mis buenos modales;;;;;;;;;x
EVTDESC1061;Perhaps putting my family above all else is not the right thing to do? Perhaps I should be less nepotistic in my actions?;Peut-être que mettre les intérêts de ma famille au-dessus de tout n'était pas la bonne chose à faire ? Peut-être devrais-je être moins népotique.;;;Tal vez poner los intereses de mi familia por delante de todo no sea bueno? Tal vez debería ser menos familiar.;;;;;;;;;x
EVTOPTA1061;I will do right by all, not just [Root.GetOnlyDynastyName]s;Je vais faire de mieux pour tout le monde désormais, pas seulement pour les [Root.GetOnlyDynastyName]s;;;Intentaré hacer lo mejor para todos, no sólo para los [Root.GetOnlyDynastyName];;;;;;;;;x
EVTDESC1062;All my life I have been worried only by own personal gains and worries, but now I feel I should be more considerate of others.;Toute ma vie je n'ai pensé qu'à moi, mais désormais je pense que je devrais également me soucier des autres.;;;En toda mi vida no he pensado en nadie más que en mi mismo, pero ahora creo que debería preocuparme también de los demás.;;;;;;;;;x
EVTOPTA1062;I will be selfish no more;Je ne serai plus égoïste;;;Ya no soy egoísta;;;;;;;;;x
EVTDESC1063;I always thought my convinctions and views were right, but have come to realise that to not to change your attitudes in face of the truth is just plain stubbornness.;J'ai toujours pensé que mes convictions et mes opinions étaient bonnes, mais je viens de réaliser que ne pas changer d'attitude en face de la réalité c'est simplement être entêté.;;;Siempre pensé que mis convicciones y opiniones eran las buenas, pero me he dado cuenta de que no cambiar nunca de opinión en contra de la realidad es ser simplemente un terco.;;;;;;;;;x
EVTOPTA1063;I will open my mind more;Je vais un peu ouvrir mon esprit;;;Abriré más mi mente;;;;;;;;;x
EVTDESC1064;My lack of mercy or pity towards my enemies has long instilled fear in people, but I've come to think that this ruthlessness is not a strength, but a weakness.;Mon manque de pitié envers mes ennemis a depuis longtemps inspiré la peur aux gens, mais j'en viens à penser que la cruauté n'est pas un force mais une faiblesse.;;;Mi falta de piedad contra mis enemigos ha inspirado miedo a la gente, pero ahora creo que la crueldad no es una fortaleza, sino una debilidad.;;;;;;;;;x
EVTOPTA1064;Yes, I will be more compassionate from now on;Oui, je vais faire montre de plus de compassions à partir de maintent;;;Sí, mostraré más compasión a partir de ahora;;;;;;;;;x
EVTDESC1065;I have long had a strong sense of right and wrong, always doing the moral thing even if caused me loss. I now know that this sense honour only makes me naive and weak.;Pendant longtemps j'ai eu une opinion très tranchée sur le bien et le mal, et j'ai toujours tenté de choisir les solutions les plus morales, même lorsqu'elles me causaient du tort. Je sais désormais mais que ce sens de l'honneur me rend simplement naïf(ve) et faible.;;;Durante mucho tiempo he tenido un fuerte sentido del bien y el mal, y siempre intentaba elegir las soluciones más morales, aunque me causaran dolor. Ahora se que ese sentido del honor me vuelve ingenuo y débil.;;;;;;;;;x
EVTOPTA1065;I will be pragmatic from now on;Je vais être plus pragmatique à partir de maintenant;;;Seré más pragmático a partir de ahora;;;;;;;;;x
EVTDESC1066;In my youth I spent much of my time learning about foreign cultures, religions and philosophies, accumlating much knowledge. Lately, however, I have not had time to read on the world, and so have lost my erudite nature.;Dans ma jeunesse j'ai pas beaucoup de temps à me renseigner sur les cultures étrangères, sur leur religion ou leur philosophie, accumulant un énorme savoir. Ces derniers temps cependant, je n'ai pas eu le temps de lire ou de m'informer et j'ai perdu ma nature érudite.;;;En mi juventud pasé mucho tiempo estudiando las culturas extranjeras, sobre sus religiones o su filosofía, acumulando un enorme saber. Estos últimos tiempos sin embargo, no he tenido tiempo de leer o informarme y he perdido mi naturaleza erudita.;;;;;;;;;x
EVTOPTA1066;It was useless knowledge anyway;C'étaient des connaissances inutiles de toute façon;;;Eran conocimientos inútiles de todos modos;;;;;;;;;x
EVTDESC45370;You have managed to defeat the forces of [depose_liege_target.GetFirstName] [depose_liege_target.GetOnlyDynastyName], and so are now left with the choice on what to do with the rule of [depose_liege_target.PrimaryTitle.GetName].;Vous êtes parvenu à défaire les forces de [FromFrom.GetFirstNameWithDynasty], et vous avez maintenant le choix sur ce qu'il faut faire avec [FromFrom.PrimaryTitle.GetName].;;;Has sido capaz de derrotar a las fuerzas de [FromFrom.GetFirstNameWithDynasty], y ahora tienes la posibilidad de elegir que hacer con [FromFrom.PrimaryTitle.GetName].;;;;;;;;;x
EVTOPTA45370;I will force [depose_liege_target.GetHerHim] to abdicate to [depose_liege_target.Heir.GetTitledFirstName];Je vais le forcer à abdiquer en faveur de [FromFrom.Heir.GetTitledFirstName];;;Le forzaré a abdicar en favor de [FromFrom.Heir.GetTitledFirstName];;;;;;;;;x
EVTOPTA45370B;[depose_liege_target.GetSheHeCap] must abdicate to [depose_liege_target.Heir.GetTitledFirstName] as agreed;[FromFrom.GetSheHeCap] doit abdiquer en faveur de [FromFrom.Heir.GetTitledFirstName] comme c'était convenu;;;[FromFrom.GetSheHeCap] debe abdicar en favor de [FromFrom.Heir.GetTitledFirstName] como se acordó;;;;;;;;;x
EVTOPTB45370;[depose_liege_target.PrimaryTitle.GetName] is mine by right;[FromFrom.PrimaryTitle.GetName] est mien de droit;;;[FromFrom.PrimaryTitle.GetName] es mío por derecho;;;;;;;;;x
EVTOPTC45370;I will rule in the [depose_liege_target.GetTitle]'s stead as [Root.GetLordLady] Regent;Je vais diriger [depose_liege_target.GetTitle] en tant [Root.GetLordLady] Régent;;;Yo gobernaré en lugar de [depose_liege_target.GetTitle] como [Root.GetLordLady] Regente;;;;;;;;;x
EVTOPTD45370;A Great Council must be held in [depose_liege_target.Capital.GetName];Un Grand Conseil va être réuni à [FromFrom.Capital.GetName];;;Un Gran Consejo se reunirá en [FromFrom.Capital.GetName];;;;;;;;;x
TOOLTIPEVTOPTD45370;A Great Council of Lords is held to determine who should rule [This.PrimaryTitle.GetName].\n [great_council_leader.GetTitledFirstNameWithDynasty] shall rule as [great_council_leader.GetLordLady] Protector in the interim.\n;Un Grand Conseil de lords est réuni pour désigner le souverain de [This.PrimaryTitle.GetName].\n [Root.GetTitledFirstName] doit gouverner en tant que [Root.GetLordLady] Protecteur/trice pendant en attendant.\n;;;Un Gran Consejo se ha reunido para designar al soberano de [This.PrimaryTitle.GetName].\n [Root.GetTitledFirstName] debe gobernar como Protector durante la espera.\n;;;;;;;;;x
EVTOPTE45370;Leave the [depose_liege_target.GetTitle] ro rule in [depose_liege_target.Capital.GetName], my point is made;Laisser [FromFrom.GetTitle] gouverner à [FromFrom.Capital.GetName], voilà mon point de vue;;;Dejar el [FromFrom.GetTitle] para gobernar en [FromFrom.Capital.GetName], ese era mi objetivo;;;;;;;;;x
EVTDESC45371;[Root.PrimaryTitle.GetFOA], [depose_liege_target.GetFirstName] [depose_liege_target.GetOnlyDynastyName] has been defeated, [depose_liege_target.GetHerHis] reign of misrule has come to end and stability has been brought to [Root.Capital.GetName]. [Root.GetTitledFirstNameWithDynasty], [depose_liege_target.GetHerHis] heir, shall henceforth rule [Root.PrimaryTitle.GetName] as [Root.GetTitle].\nSigned\n[From.GetTitledFirstNameoftheHouse];[Root.PrimaryTitle.GetFOA], [FromFromFrom.GetFirstNameWithDynasty] a été défait(e), son règne catastrophique a pris fin et la stabilité a été restaurée à [Root.Capital.GetName]. [Root.GetTitledFirstNameWithDynasty], son héritier(e), doit désormais gouverner [Root.PrimaryTitle.GetName] en tant que [Root.GetTitle].\nSigné\n[From.GetTitledFirstName] de la Maison [From.GetOnlyDynastyName];;;[Root.PrimaryTitle.GetFOA], [FromFromFrom.GetFirstNameWithDynasty] ha sido derrotado, su desastroso reinado ha llegado a su fin y la estabilidad ha sido restaurada en [Root.Capital.GetName]. [Root.GetTitledFirstNameWithDynasty], su heredero, deberá gobernar [Root.PrimaryTitle.GetName] como [Root.GetTitle].\nFirmado\n[From.GetTitledFirstName] de la casa [From.GetOnlyDynastyName];;;;;;;;;x
EVTOPTA45371;How opportune!;Quelle opportunité !;;;Qué oportunidad!;;;;;;;;;x
EVTDESC45372;[Root.PrimaryTitle.GetFOA], [depose_liege_target.GetFirstName] [depose_liege_target.GetOnlyDynastyName] has been defeated, [depose_liege_target.GetHerHis] reign of misrule has come to end and stability has been brought to [From.Capital.GetName]. [From.GetTitledFirstNameWithDynasty], [depose_liege_target.GetHerHis] heir, shall henceforth rule [From.PrimaryTitle.GetName] as your [From.GetTitle].\nSigned\n[FromFrom.GetTitledFirstNameoftheHouse];[Root.PrimaryTitle.GetFOA], [FromFromFromFrom.GetFirstNameWithDynasty] a été défait(e), son règne catastrophique a pris fin et la stabilité a été restaurée à [From.Capital.GetName]. [From.GetTitledFirstNameWithDynasty], son héritier(e), doit désormais gouverner [From.PrimaryTitle.GetName] en tant que votre [From.GetTitle].\nSigné\n[FromFrom.GetTitledFirstName] de la Maison [FromFrom.GetOnlyDynastyName];;;[Root.PrimaryTitle.GetFOA], [FromFromFromFrom.GetFirstNameWithDynasty] ha sido derrotado, su desastroso reinado ha llegado a su fin y la estabilidad ha sido restaurada en [From.Capital.GetName]. [From.GetTitledFirstNameWithDynasty], su heredero, deberá gobernar [From.PrimaryTitle.GetName] como tu [From.GetTitle].\nFirmado\n[FromFrom.GetTitledFirstName] de la casa [FromFrom.GetOnlyDynastyName];;;;;;;;;x
EVTDESC45373;[Root.PrimaryTitle.GetFOA], [depose_liege_target.GetFirstName] [depose_liege_target.GetOnlyDynastyName] has been defeated, [depose_liege_target.GetHerHis] reign of misrule has come to end and stability has been brought to [From.Capital.GetName]. The council has named myself as [depose_liege_target.GetHerHis] heir, and shall henceforth rule [From.PrimaryTitle.GetName] as your [From.GetTitle].\nSigned\n[From.GetFirstNameoftheHouse], the [From.GetRegnalOrdinal] of [From.GetHerHis] name;[Root.PrimaryTitle.GetFOA], [FromFromFrom.GetFirstNameWithDynasty] a été défait(e), son règne catastrophique a pris fin et la stabilité a été restaurée à [From.Capital.GetName]. Le conseil m'a désigné comme son héritier(e), et je dois donc gouverner [From.PrimaryTitle.GetName] en tant que votre [From.GetTitle].\nSigné\n[From.GetFirstName] de la Maison [From.GetOnlyDynastyName], [From.GetRegnalOrdinal] de son nom;;;[Root.PrimaryTitle.GetFOA], [depose_liege_target.GetFirstName] [depose_liege_target.GetOnlyDynastyName] ha sido derrotado, [depose_liege_target.GetHerHis] reina y el mal gobierno y la estabilidad se ha trasladado a [From.Capital.GetName]. El consejo me ha nombrado como el heredero de [depose_liege_target.GetHerHis] y, en adelante, regire [From.PrimaryTitle.GetName] como su [From.GetTitle].\nFirmado\n[[From.GetFirstName] de la Casa [From.GetOnlyDynastyName], el [From.GetRegnalOrdinal] su nombre.;;;;;;;;;x
EVTDESC45374;[Root.PrimaryTitle.GetFOA], [depose_liege_target.GetFirstName] [depose_liege_target.GetOnlyDynastyName] has been defeated, [depose_liege_target.GetHerHis] reign of misrule has come to end. To ensure the future stability of [depose_liege_target.PrimaryTitle.GetName], the council have appointed me as [From.GetLordLady] Regent.\nSigned\n[From.GetTitledFirstNameoftheHouse];[Root.PrimaryTitle.GetFOA], [FromFromFrom.GetFirstNameWithDynasty] a été défait(e), son règne catastrophique a pris fin. Pour assurer la stabilité de [FromFromFrom.PrimaryTitle.GetName], le conseil m'a désigné comme [From.GetLordLady] Régent(e).\nSigné\n[From.GetTitledFirstName] de la Maison [From.GetOnlyDynastyName];;;[Root.PrimaryTitle.GetFOA], [FromFromFrom.GetFirstNameWithDynasty] ha sido derrotado, su desastroso reinado ha llegado a su fin. Para asegurar la estabilidad de [FromFromFrom.PrimaryTitle.GetName], el Consejo me ha designado como Regente.\nFirmado\n[From.GetTitledFirstName] de la casa [From.GetOnlyDynastyName];;;;;;;;;x
EVTOPTA45374;How dare [From.GetSheHe]!;Comment ose-t-[From.GetSheHe] !;;;Cómo se atreve!;;;;;;;;;x
EVTDESC45376;[Root.PrimaryTitle.GetFOA], despite your period of mis-rule and subsequent defeat at the hands of my forces, I have decided that my point has been made and that you should be left to rule in [Root.Capital.GetName]. I trust peace and stability can be maintained henceforth.\nSigned\n[From.GetTitledFirstNameoftheHouse];[Root.PrimaryTitle.GetFOA], malgré votre gouvernement catastrophique et votre défaite face à mes forces, j'ai décidé que vous devriez continuer de gouverner à [Root.Capital.GetName]. Je suis sûr que la paix et la stabilité règneront désormais.\nSigné\n[From.GetTitledFirstName]de la Maison [From.GetOnlyDynastyName];;;[Root.PrimaryTitle.GetFOA], a pesar de vuestro mal gobierno y la derrota contra mis fuerzas, he decidido que debéis continuar gobernando en [Root.Capital.GetName]. Estoy seguro de que la paz y la estabilidad reinarán.\nFirmado\n[From.GetTitledFirstName] de la Casa [From.GetOnlyDynastyName];;;;;;;;;x
EVTOPTA45376;There will be peace...for now;Il y aura la paix… pour le moment;;;Habrá paz...por el momento;;;;;;;;;x
EVTDESC45377;[Root.PrimaryTitle.GetFOA], despite [depose_liege_target.GetFirstName] [depose_liege_target.GetOnlyDynastyName]'s period of mis-rule and subsequent defeat at the hands of my forces, I have decided that my point has been made and that [depose_liege_target.GetSheHe] should be left to rule in [depose_liege_target.Capital.GetName]. I trust peace and stability can be maintained henceforth.\nSigned\n[From.GetTitledFirstNameoftheHouse];[Root.PrimaryTitle.GetFOA], malgré le gouvernement catastrophique de [FromFromFrom.GetFirstNameWithDynasty] et sa défaite face à mes forces, j'ai décidé qu'[FromFromFrom.GetSheHe] devrait continuer de gouverner à [FromFromFrom.Capital.GetName]. Je suis sûr que la paix et la stabilité règneront désormais.\nSigné\n[From.GetTitledFirstName] de la Maison [From.GetOnlyDynastyName];;;[Root.PrimaryTitle.GetFOA], a pesar del mal gobierno de [FromFromFrom.GetFirstNameWithDynasty] y de su derrota contra mis fuerzas, he decidido que debe continuar gobernando en [FromFromFrom.Capital.GetName]. estoy seguro de que la paz y la estabilidad reinarán.\nFirmado\n[From.GetTitledFirstName] de la casa [From.GetOnlyDynastyName];;;;;;;;;x
TOOLTIP45370;[Root.GetTitledFirstName] decides whether to depose [From.GetTitledFirstName]  in favour of [From.Heir.GetTitledFirstName]\n ;[Root.GetTitledFirstName] décide si [From.GetTitledFirstName] doit être déposé en faveur de [From.Heir.GetTitledFirstName]\n ;;;[Root.GetTitledFirstName] decide si [From.GetTitledFirstName] debe ser depuesto en favor de [From.Heir.GetTitledFirstName]\n ;;;;;;;;;x
TOOLTIP45370B;[From.GetTitledFirstName] decides whether to depose [Root.GetTitledFirstName]  in favour of [Root.Heir.GetTitledFirstName]\n ;[Root.GetTitledFirstName] décide si [From.GetTitledFirstName] doit être déposé en faveur de [From.Heir.GetTitledFirstName]\n ;;;[Root.GetTitledFirstName] decide si [From.GetTitledFirstName] debe ser depuesto en favor de [From.Heir.GetTitledFirstName]\n ;;;;;;;;;x
EVTDESC45378;[Root.PrimaryTitle.GetFOA], [depose_liege_target.GetFirstName] [depose_liege_target.GetOnlyDynastyName] has been defeated, [depose_liege_target.GetHerHis] reign of misrule has come to end and stability has been brought to [From.Capital.GetName]. The council has determined that I should rule as [From.GetTitle] of [From.PrimaryTitle.GetName], that is until such a time a Great Council can be held in [From.Capital.GetName] to determine our new ruler.\nSigned\n[From.GetTitledFirstNameoftheHouse];[Root.PrimaryTitle.GetFOA], [FromFromFrom.GetFirstNameWithDynasty] a été défait(e), son règne catastrophique a pris fin et la stabilité a été restaurée à [From.Capital.GetName]. Le conseil m'a désigné pour gouverner comme [From.GetTitle] de [From.PrimaryTitle.GetName] jusqu'à la réunion d'un Grand Conseil à [From.Capital.GetName] pour désigner un nouveau dirigeant.\nSigné\n[From.GetTitledFirstName] de la Maison [From.GetOnlyDynastyName];;;[Root.PrimaryTitle.GetFOA], [FromFromFrom.GetFirstNameWithDynasty] ha sido derrotado, su mal gobierno ha llegado a su fin y la estabilidad ha sido restaurada en [From.Capital.GetName]. El Consejo me ha designado para gobernar como [From.GetTitle] de [From.PrimaryTitle.GetName] hasta que se reúna el Gran Consejo en [From.Capital.GetName] para designar a un nuevo dirigente.\nFirmado\n[From.GetTitledFirstName] de la casa [From.GetOnlyDynastyName];;;;;;;;;x
EVTDESCfeast.100;You commited much gold to this extravagant feast, in particular the guests were impressed with the large centre-piece on the dais table. It represented a green lawn, surrounded with large peacocks' feathers and green branches, to which were tied violets and other sweet-smelling flowers. In the middle of this a fortress was placed, covered with silver. The fortress was hollow, and formed a sort of cage, in which several live birds were shut up, their tufts and feet being gilt. On its tower, which was gilt, the banners of House [Root.GetOnlyDynastyName] were placed.;Vous avez dépensé énormément d'or pour ce banquet extravagant, les invités ont particulièrement été impressionnés par l'énorme immense pièce qui se tenait sur la table du dais. On y avait planté de l'herbe verte et des violettes et toutes sortes de fleurs au parfum envoûtant. Des plumes de paon et des branches d'arbres entouraient la pièce. En son centre on avait construit une petite forteresse en argent, creuse pour recevoir une cage qui contenait des oiseaux vivants dont le plumage avait été doré à la feuille d'or. A ses tours flottaient de petites bannières de la Maison [Root.GetOnlyDynastyName].;;;Has gastado una enorme cantidad de oro para este extravagante banquete, los invitados fueron gratamente impresionados por la enorme sala donde estaba la mesa del dosel. Se plantó hierba verde y violetas y toda suerte de flores de perfume envolvente. Plumas de pavo real y ramas de árboles rodeaban la sala. En el centro se construyó una pequeña fortaleza de plata, hueca para que entrase un pastel que contenía pájaros vivos con plumas doradas. En las torres flotaban pequeñas banderas de la casa [Root.GetOnlyDynastyName].;;;;;;;;;x
EVTOPTAfeast.100;It was worth the coin!;Cela valait le coût !;;;Valió la pena el gasto!;;;;;;;;;x
EVTDESCfeast.101;[From.GetTitledFirstNameNoRegnal] commited much gold to [From.GetHerHis] extravagant feast, in particular I was impressed with the large centre-piece on the dais table. It represented a green lawn, surrounded with large peacocks' feathers and green branches, to which were tied violets and other sweet-smelling flowers. In the middle of this a fortress was placed, covered with silver. The fortress was hollow, and formed a sort of cage, in which several live birds were shut up, their tufts and feet being gilt. On its tower, which was gilt, the banners of House [From.GetOnlyDynastyName] were placed.;[From.GetTitledFirstNameNoRegnal] a dépensé énormément d'or pour ce banquet extravagant, j'ai été particulièrement impressionné par l'énorme immense pièce qui se tenait sur la table du dais. On y avait planté de l'herbe verte et des violettes et toutes sortes de fleurs au parfum envoûtant. Des plumes de paon et des branches d'arbres entouraient la pièce. En son centre on avait construit une petite forteresse en argent, creuse pour recevoir une cage qui contenait des oiseaux vivants dont le plumage avait été doré à la feuille d'or. A ses tours flottaient de petites bannières de la Maison [From.GetOnlyDynastyName].;;;[From.GetTitledFirstNameNoRegnal] ha gastado una enorme cantidad de oro para este extravagante banquete, me impresionó enormemente la enorme sala donde estaba la mesa del dosel. Se plantó hierba verde y violetas y toda suerte de flores de perfume envolvente. Plumas de pavo real y ramas de árboles rodeaban la sala. En el centro se construyó una pequeña fortaleza de plata, hueca para que entrase un pastel que contenía pájaros vivos con plumas doradas. En las torres flotaban pequeñas banderas de la casa [Root.GetOnlyDynastyName].;;;;;;;;;x
EVTOPTAfeast.101;How impressive;Impressionnant !;;;Impresionante!;;;;;;;;;x
EVTDESCfeast.102;The feasting has begun, and the endless courses you ordered are impressing the guests. The pinnacle of these is an enormous pie, surmounted with smaller pies, forming a crown. The crust of the large pies are silvered all round and gilt at the top. Each pie contains a whole roe-deer, a gosling, three capons, six chickens, ten pigeons, one young rabbit, and, no doubt to serve as seasoning or stuffing, a minced loin of veal, two pounds of fat, and twenty-six hard-boiled eggs, covered with saffron and flavoured with cloves.;Le banquet a commencé et la danse ininterrompue des plats impressionnent vos invités. Le point d'orgue du repas est atteint avec une immense tourte surmontée de plus petites qui forment une couronne. La croûte des grandes tourtes sont ornées de motifs en or et en argent. Chaque tourte contient un cerf entier, trois chapons, six poulets, dix pigeons, un jeune lapin et en guise de garniture du veau, du beurre et vingt et six oeufs au safran.;;;El banquete ha comenzado y el baile ininterrumpido de los platos impresiona a los invitados. El punto álgido de la comida llegó con una inmensa tarta sobremontada de otras más pequeñas formando una corona. El exterior de la tarta está decorado con motivos de oro y plata. Cada tarta contiene un cirvo entero, tres capones, seis pollos, diez palomas, un joven conejo y guarnición de ternera, mantequilla y veintiseis huevos con azafrán.;;;;;;;;;x
EVTOPTAfeast.102;Please dig in my lords!;Servez-vous mes amis !;;;Servíos amigos!;;;;;;;;;x
EVTDESCfeast.103;The feasting has begun, and the endless courses [From.GetTitledFirstNameNoRegnal] ordered are impressing the guests. The pinnacle of these is an enormous pie, surmounted with smaller pies, forming a crown. The crust of the large pies are silvered all round and gilt at the top. Each pie contains a whole roe-deer, a gosling, three capons, six chickens, ten pigeons, one young rabbit, and, no doubt to serve as seasoning or stuffing, a minced loin of veal, two pounds of fat, and twenty-six hard-boiled eggs, covered with saffron and flavoured with cloves.;Le banquet a commencé et la danse ininterrompue des plats commandés par [From.GetTitledFirstNameNoRegnal]impressionnent les invités. Le point d'orgue du repas est atteint avec une immense tourte surmontée de plus petites qui forment une couronne. La croûte des grandes tourtes sont ornées de motifs en or et en argent. Chaque tourte contient un cerf entier, trois chapons, six poulets, dix pigeons, un jeune lapin et en guise de garniture du veau, du beurre et vingt et six oeufs au safran.;;;El banquete ha comenzado y el baile ininterrumpido de los platos ordenado por [From.GetTitledFirstNameNoRegnal] impresiona a los invitados. El punto álgido de la comida llegó con una inmensa tarta sobremontada de otras más pequeñas formando una corona. El exterior de la tarta está decorado con motivos de oro y plata. Cada tarta contiene un cirvo entero, tres capones, seis pollos, diez palomas, un joven conejo y guarnición de ternera, mantequilla y veintiseis huevos con azafrán.;;;;;;;;;x
EVTOPTAfeast.103;This is vaguely ridiculous!;C'en est presque ridicule !;;;Es casi ridículo!;;;;;;;;;x
EVTDESCfeast.104;Summer is nearly at an end, and so autumn and the harvest is upon us. The feasting shall celebrate this time, with food from throughout [Root.PrimaryTitle.GetName], including boar, goose-in-berries, salmon, and lobster, brought to [Root.Capital.GetName]. As part of this you must decide how much of the harvest is set aside for winter.;L'été arrive à sa fin, l'automne arrive et les récoltes avec lui. Un banquet doit être tenu pour célébrer ce moment. De la nourriture en provenance de tout le(es) [Root.PrimaryTitle.GetName] pourra être dégusté, comme du sangliser, de l'oie, du saumon et du homard qui seront transportés à [Root.Capital.GetName]. Vous devez décider quelle part des récoltes seront mis de côté pour l'hiver. ;;;El verano llega a su fin, el otoño llega y con él las cosechas. Un banquete se celebrará para festejar este momento. Alimentos provenientos de todo [Root.PrimaryTitle.GetName] podrán ser degustados, como jabalíes, ocas, salmones y bogavantes que serán transportados a [Root.Capital.GetName]. Debes decidir que parte de las cosechas reservas para el invierno.;;;;;;;;;x
EVTOPTAfeast.104;A large portion must be set aside, just in case;Une grande part, au cas où.;;;Una gran parte, por si acaso.;;;;;;;;;x
large_winter_reserve;Large Winter Reserves;Grande réserve hivernale;;;Gran reserva invernal;;;;;;;;;x
EVTOPTBfeast.104;The usual reserves will suffice;La part habituelle devrait suffir;;;La parte habitual deberá bastar;;;;;;;;;x
EVTOPTCfeast.104;We need this harvest now!;Nous avons besoin de ces récoltes maintenant !;;;!Necesitamos estas cosechas ahora!;;;;;;;;;x
small_winter_reserve;Small Winter Reserves;Petite réserver hivernale;;;Pequeña reserva invernal;;;;;;;;;x
EVTDESCfeast.105;A minor merchant from [feast_host.Capital.GetName] is present at the feast, and has taken the opportunity to bring a petition before you. He says that [merchant_debtor.GetTitledFirstNameNoRegnal] [merchant_debtor.GetOnlyDynastyName] owes him a debt that has gone unpaid, whilst [merchant_debtor.GetTitledFirstNameNoRegnal] [merchant_debtor.GetHerHim]self claims that this debt is no longer valid and urges you to declare the debt cancelled.;Un petit marchand de [Root.Capital.GetName] se présente au banquet, il en profite pour obtenir une audience avec vous. Il dit que [merchant_debtor.GetTitledFirstNameNoRegnal] [merchant_debtor.GetOnlyDynastyName] lui doit de l'argent, mais [merchant_debtor.GetTitledFirstNameNoRegnal] répond que sa dette n'a plus lieu d'être et vous demande de l'annuler.;;;Un pequeño comerciante de [Root.Capital.GetName] se presenta al banquete, y lo aprovechó para obtener una audiencia contigo. Dice que [merchant_debtor.GetTitledFirstNameNoRegnal] [merchant_debtor.GetOnlyDynastyName] le debe dinero, pero [merchant_debtor.GetTitledFirstNameNoRegnal] responde que su deuda no tiene razón de ser y te pide que la canceles.;;;;;;;;;x
EVTOPTAfeast.105;This debt stands, the merchant must be paid;La dette doit être payée;;;La deuda se mantiene, el mercader deberá pagar;;;;;;;;;x
EVTOPTBfeast.105;I agree with [merchant_debtor.GetTitledFirstNameNoRegnal], this debt is not owed;Je suis d'accord avec [merchant_debtor.GetTitledFirstNameNoRegnal], cette dette n'existe plus;;;Estoy de acuerdo con [merchant_debtor.GetTitledFirstNameNoRegnal], esta deuda ya no existe;;;;;;;;;x
EVTDESCfeast.106;Two courtiers at the feast have brought a dispute before you to settle. The inheritance of some small property in [feast_host.Capital.GetName] is unclear, and [property_dispute_1.GetTitledFirstNameNoRegnal] [property_dispute_1.GetOnlyDynastyName] and [property_dispute_2.GetTitledFirstNameNoRegnal] [property_dispute_2.GetOnlyDynastyName] both claim it as theirs. It is left to you to settle who shall be declared heir to this land.;Deux de vos courtisans au banquet vous demande audience pour mettre fin à leur dispute. Une succession comprenant une petite propriété à [Root.Capital.GetName] n'est pas très claire, et [property_dispute_1.GetTitledFirstNameNoRegnal] [property_dispute_1.GetOnlyDynastyName] comme [property_dispute_2.GetTitledFirstNameNoRegnal] [property_dispute_2.GetOnlyDynastyName] revendiquent la propriété. C'est à vous de décider qui héritera.;;;Dos de tus cortesano del banquete te piden audiencia para poner fin a su disputa. Una sucesión que incluye una pequeña propiedad en [Root.Capital.GetName] no está muy clara, y tanto [property_dispute_1.GetTitledFirstNameNoRegnal] [property_dispute_1.GetOnlyDynastyName] como [property_dispute_2.GetTitledFirstNameNoRegnal] [property_dispute_2.GetOnlyDynastyName] reclaman esa propiedad. Debes decidir quien la heredará.;;;;;;;;;x
EVTOPTAfeast.106;I find in favour of [property_dispute_1.GetTitledFirstNameNoRegnal];Je suis en faveur de [property_dispute_1.GetTitledFirstNameNoRegnal];;;Estoy a favor de [property_dispute_1.GetTitledFirstNameNoRegnal];;;;;;;;;x
EVTOPTBfeast.106;I find in favour of [property_dispute_2.GetTitledFirstNameNoRegnal];Je suis en faveur de [property_dispute_2.GetTitledFirstNameNoRegnal];;;Estoy a favor de [property_dispute_2.GetTitledFirstNameNoRegnal];;;;;;;;;x
EVTOPTCfeast.106;It is clear this property legally reverts to [Root.Capital.GetName];Cette propriété doit légalement retourner à [Root.Capital.GetName];;;Que la propiedad revierta a [Root.Capital.GetName];;;;;;;;;x
EVTDESCfeast.107;The crime and banditry in [feast_host.Capital.GetName] is rampant, and a group minor local nobles have attended your feast to complain of this. They petition you to use your powers and coin to eradicate the menace plaguing the area.;Les criminels et les bandits prospèrent à [Root.Capital.GetName] et un groupe de nobles est venu à votre banquet pour s'en plaindre. Ils vous demandent d'utiliser votre pouvoir et votre argent pour en finir avec eux.;;;Los criminales y bandidos prosperan en [Root.Capital.GetName] y un grupo de nobles ha venido al banquete para quejarse. Te piden que utilices tu poder y dinero para poner fin a la plaga que amenaza la zona.;;;;;;;;;x
EVTOPTAfeast.107;Yes, I will send [Root.job_marshal.GetTitledFirstNameNoRegnal] to deal with the problem;Oui, je vais envoyer [Root.job_marshal.GetTitledFirstNameNoRegnal] pour régler le problème;;;Sí, enviaré a [Root.job_marshal.GetTitledFirstNameNoRegnal] para arreglar el problema;;;;;;;;;x
TOOLTIPfeast.108;[Root.job_marshal.GetTitledFirstNameNoRegnal] solves the problem;[Root.job_marshal.GetTitledFirstNameNoRegnal] règle le problème;;;[Root.job_marshal.GetTitledFirstNameNoRegnal] arregla el problema;;;;;;;;;x
TOOLTIPfeast.109;[Root.job_marshal.GetTitledFirstNameNoRegnal] fails to reduce the crime;[Root.job_marshal.GetTitledFirstNameNoRegnal] échoue à régler le problème;;;[Root.job_marshal.GetTitledFirstNameNoRegnal] fracasa al arreglar el problema;;;;;;;;;x
EVTOPTBfeast.107;The problem is not as bad as they say;Ce n'est pas un problème aussi important que ça;;;El problema no es tan malo como dicen;;;;;;;;;x
province_neglect;Neglected Province;A négligé la province;;;Provincia desatendida;;;;;;;;;x
EVTDESCfeast.108;[Root.job_marshal.GetTitledFirstNameNoRegnal] organised a group of men to tackle the bandits and rogues in [feast_host.Capital.GetName]. [Root.job_marshal.GetSheHeCap] successfully captured or killed many prominent criminals, and publicly hanged them as an example to others. The problem has now be stamped out, and the local nobles are satisfied.;[Root.job_marshal.GetTitledFirstNameNoRegnal] a réuni un groupe d'hommes pour se débarasser des bandits et des criminels de [Root.Capital.GetName]. [Root.job_marshal.GetSheHeCap] a réussi à capturer et tuer nombre d'entre eux et les a publiquement pendu pour faire un exemple. Le problème est résolu et les nobles sont satisfaits.;;;[Root.job_marshal.GetTitledFirstNameNoRegnal] ha reunido a un grupo de hombres para deshacerse de los bandidos y criminales de [Root.Capital.GetName]. [Root.job_marshal.GetSheHeCap] ha conseguido capturar y matar a muchos de ellos y los ha colgado públicamente para dar ejemplo. El problema está solucionado y los nobles están satisfechos.;;;;;;;;;x
EVTOPTAfeast.108;Good work;Bon travail;;;Buen trabajo;;;;;;;;;x
EVTDESCfeast.109;The scale of the banditry and crime in [feast_host.Capital.GetName] was too much for [Root.job_marshal.GetTitledFirstNameNoRegnal] to handle. Despite being granted many men and much gold, [Root.job_marshal.GetSheHe] could not capture the most prominent and cunning of the bandits and rogues. In one armed confrontation [Root.job_marshal.GetTitledFirstNameNoRegnal] and [Root.job_marshal.GetHerHis] men came off much worse...;Les bandits et les criminels de [Root.Capital.GetName] se sont révélés trop forts pour [Root.job_marshal.GetTitledFirstNameNoRegnal]. Malgré les hommes et l'or qu'[Root.job_marshal.GetSheHe] a reçu [Root.job_marshal.GetSheHe] n'est pas parvenu à capturer ces vermines. Lors d'une confrontation [Root.job_marshal.GetTitledFirstNameNoRegnal] et ses hommes se sont fait battre...;;;Los bandidos y criminales de [Root.Capital.GetName] han demostrado ser demasiado fuertes para [Root.job_marshal.GetTitledFirstNameNoRegnal]. A pesar de los hombres y el oro que recibió no ha conseguido capturara a estas alimañas. Durante una confrontación, [Root.job_marshal.GetTitledFirstNameNoRegnal] y sus hombres fueron derrotados...;;;;;;;;;x
EVTOPTAfeast.109;At least I tried;Au moins ai-je essayé;;;Al menos lo he intentado;;;;;;;;;x
EVTDESCfriends_rivals.6;My dear [From.GetFirstName] is set on [From.Heir.GetTitledFirstName] as [From.GetHerHis] heir, a [From.Heir.GetSon Daughter] not of my own blood! [From.Heir.GetSheHeCap] and [From.Heir.GetHerHis] supporters do irk me so... ;Mon(a) cher(e) [From.GetFirstName] a [From.Heir.GetTitledFirstName] comme héritier(e), un(e) [From.Heir.GetSon Daughter] qui n'est pas de mon sang ! [From.Heir.GetSheHeCap] et ses soutiens m'agacent...;;;Mi querido [From.GetFirstName] tiene a [From.Heir.GetTitledFirstName] como heredero, un [From.Heir.GetSon Daughter] que no es de mi sangre! [From.Heir.GetSheHeCap] y sus partidarios me molestan...;;;;;;;;;x
EVTOPTAfriends_rivals.6;My own progeny should take [From.PrimaryTitle.GetName]!;Ma progéniture devrait recevoir [From.PrimaryTitle.GetName]!;;;Mi propia progenitura debe recibir [From.PrimaryTitle.GetName]!;;;;;;;;;x
EVTOPTBfriends_rivals.6;Unfortunately [From.Heir.GetTitledFirstName] is the true heir;Malheureusement [From.Heir.GetTitledFirstName] est le(a) véritable héritier(e);;;Desgraciadamente [From.Heir.GetTitledFirstName] es el verdadero heredero;;;;;;;;;x
EVTDESCfriends_rivals.7;A great discord has arisen in the [Root.Capital.GetName] court. My spouse [From.GetTitledFirstName] has taken a great disliking to my heir [Root.Heir.GetTitledFirstName], and there is now a worry the two opposing factions will disrupt the peace of the court.;Une grande discorde a éclaté à la cour de [Root.Capital.GetName]. Mon époux(se) [From.GetTitledFirstName] n'apprécie pas mon héritier(e) [Root.Heir.GetTitledFirstName], et il y a maintenant un risque que les deux factions brisent la paix de la cour.;;;Una gran discordia ha estallado en la corte de [Root.Capital.GetName]. A mi cónyuge [From.GetTitledFirstName] no le gusta mi heredero [Root.Heir.GetTitledFirstName], y ahora hay un gran riesgo de que las dos facciones rompan la paz en la corte.;;;;;;;;;x
EVTOPTAfriends_rivals.7;Why can't they just get along?;Pourquoi ne peuvent-ils pas s'entendre ?;;;Por qué no pueden llevarse bien?;;;;;;;;;x
EVTDESCfriends_rivals.8;I am the rightful heir of my [FromFrom.GetRootRelation], yet [FromFrom.GetHerHis] spouse [From.GetTitledFirstName] does not see it so. A great enmity has arisen between us, and we now each have our own party supporters, both opposed to the other.;Je suis l'héritier(e) légitime de mon(a) [FromFrom.GetRootRelation], mais son époux(se) [From.GetTitledFirstName] ne le voit pas ainsi. Une grande innimitié a éclaté entre nous deux et désormais nous sommes les chefs de deux factions qui s'opposent. ;;;Soy el heredero legítimo de mi [FromFrom.GetRootRelation], pero su cónyuge [From.GetTitledFirstName] no lo ve así. Una gran enemistad ha estallado entre nosotros y ahora somos los jefes de dos facciones opuestas.;;;;;;;;;x
EVTOPTAfriends_rivals.8;That [GetRootFromInsult]'s spawn will never take [FromFrom.PrimaryTitle.GetName]!;Cette progéniture de [GetRootFromInsult] ne mettra jamais la main sur [FromFrom.PrimaryTitle.GetName]!;;;La descendencia de este [GetRootFromInsult] nunca tomará [FromFrom.PrimaryTitle.GetName]!;;;;;;;;;x
EVTDESCfriends_rivals.9;My dear [FromFrom.Heir.GetTitledFirstName] is the rightful heir to the [FromFrom.PrimaryTitle.GetTier], yet my [FromFrom.GetRootRelation]'s spouse [From.GetTitledFirstName] does not see it so. A great enmity has arisen between them, and now each have their own party supporters, both opposed to the other.;Mon(a) cher(e) [FromFrom.Heir.GetTitledFirstName] est l'héritier(e) légitime de [FromFrom.PrimaryTitle.GetTier], mais l'époux(se) de mon [FromFrom.GetRootRelation] [From.GetTitledFirstName] ne le voit pas ainsi. Une grande innimitié a éclaté entre eux et désormais ils sont les chefs de deux factions qui s'opposent. ;;;Mi querido [FromFrom.Heir.GetTitledFirstName] es el heredero legítimo de [FromFrom.PrimaryTitle.GetTier], pero el cónyuge de mi [FromFrom.GetRootRelation] [From.GetTitledFirstName] no lo ve así. Una gran enemistad ha estallado entre ellos y ahora son los jefes de dos facciones opuestas.;;;;;;;;;x
EVTDESCfriends_rivals.10;My [From.GetRootRelation] has triggered a deep divide in the court of [FromFrom.Capital.GetName]. [From.GetSheHeCap] has become bitterly opposed to my [FromFrom.GetRootRelation]'s heir [FromFrom.Heir.GetTitledFirstName], and now each have their own party supporters, both opposed to the other.;Mon(a) [From.GetRootRelation] a provoqué une division au sein de la cour de [FromFrom.Capital.GetName]. [From.GetSheHeCap] s'oppose à l'héritier(e) de mon(a) [FromFrom.GetRootRelation], prétendant à [FromFrom.Heir.GetTitledFirstName], et il y a maintenant un risque que les deux factions s'opposent violemment.;;;Mi [From.GetRootRelation] ha provocado una división en el seno de la corte de [FromFrom.Capital.GetName]. [From.GetSheHeCap] se opone al heredero de mi [FromFrom.GetRootRelation], pretendiente a [FromFrom.Heir.GetTitledFirstName], y hay un gran reisgo de que las dos facciones se enfrente violentamente.;;;;;;;;;x
EVTOPTAfriends_rivals.10;[From.GetRootRelation] is correct, we must oppose them!;[From.GetRootRelation] a raison, ous devons nous y opposer !;;;[From.GetRootRelation] tiene razón, debemos oponernos!;;;;;;;;;x
EVTDESCfeast.120;[grievance_petition_target.GetTitledFirstNameNoRegnal] [grievance_petition_target.GetOnlyDynastyName] has wronged me deeply, but alas my ability to exact vengeance is limited. Perhaps I could use my attendance at [FromFrom.GetTitledFirstNameNoRegnal]'s feast in [FromFrom.Capital.GetName] to present a petition seeking justice for this grievance.;[grievance_petition_target.GetTitledFirstNameNoRegnal] [grievance_petition_target.GetOnlyDynastyName] m'a fait du tort, mais malheureusement mes possibilités de me venger sont limitéees. Peut-être pourrais-je profiter de mon invitation au banquet de [FromFrom.GetTitledFirstNameNoRegnal] à [FromFrom.Capital.GetName] pour demander justice ?;;;[grievance_petition_target.GetTitledFirstNameNoRegnal] [grievance_petition_target.GetOnlyDynastyName] me ha hecho daño, y mis posibilidades de vengarme son limitadas. Tal ve podría aprovecharme de mi invitación al banquete de [FromFrom.GetTitledFirstNameNoRegnal] en [FromFrom.Capital.GetName] para demandar justicia?;;;;;;;;;x
EVTOPTAfeast.120;Yes, I will seek redress;Oui, je vais demander réparation.;;;Sí, pediré reparación.;;;;;;;;;x
TOOLTIPfeast.121;will hear your petition, and decide on a course of action.;va recevoir votre requête et va prendre une décision;;;recibirá tu solicitud y tomará una decisión;;;;;;;;;x
EVTOPTBfeast.120;No, I will rectify this myself;Non, je vais m'en occuper moi-même.;;;No, me ocuparé yo mismo;;;;;;;;;x
EVTDESCfeast.121;[From.GetTitledFirstNameWithDynastyNoRegnal] has used [From.GetHerHis] attendance of the feast in [feast_host.Capital.GetName] to a present a petition for justice before the court. [Root.GetFeastPetitionSubject];[From.GetTitledFirstNameWithDynastyNoRegnal] a profité de son invitation au banquet à [Root.Capital.GetName] pour demander justice devant la cour. [From.GetSheHeCap] dit que [grievance_petition_target.GetTitledFirstNameNoRegnal] [grievance_petition_target.GetOnlyDynastyName] a attenté à sa vie et exige qu'[grievance_petition_target.GetSheHe] soit jugé(e) pour tentative de meurtre.;;;[From.GetTitledFirstNameWithDynastyNoRegnal] ha aprovechado su invitación al banquete en [Root.Capital.GetName] para demandar justicia ante la corte. [From.GetSheHeCap] dice que [grievance_petition_target.GetTitledFirstNameNoRegnal] [grievance_petition_target.GetOnlyDynastyName] ha atentado contra su vida y exige que sea juzgado por tentativa de asesinato.;;;;;;;;;x
GetFeastPetitionSubject_attempted_murder;[From.GetSheHeCap] claims that [grievance_petition_target.GetTitledFirstNameNoRegnal] [grievance_petition_target.GetOnlyDynastyName] made an attempt on [From.GetHerHis] life, and demands that [grievance_petition_target.GetSheHe] is brought to justice for attempted murder.;;;;;;;;;;;;;
GetFeastPetitionSubject_attempted_murder_relative;[From.GetSheHeCap] claims that [grievance_petition_target.GetTitledFirstNameNoRegnal] [grievance_petition_target.GetOnlyDynastyName] made an attempt on the life of one of [From.GetHerHis] kinsmen, and demands that [grievance_petition_target.GetSheHe] is brought to justice for attempted murder.;[From.GetTitledFirstNameWithDynastyNoRegnal] a profité de son invitation au banquet à [Root.Capital.GetName] pour demander justice devant la cour. [From.GetSheHeCap] dit que [grievance_petition_target.GetTitledFirstNameNoRegnal] [grievance_petition_target.GetOnlyDynastyName] a attenté à la vie de l'un de ses parents et exige qu'[grievance_petition_target.GetSheHe] soit jugé(e) pour tentative de meurtre.;;;;;;;;;;;;x
GetFeastPetitionSubject_cuckolded;[From.GetSheHeCap] claims that [grievance_petition_target.GetTitledFirstNameNoRegnal] [grievance_petition_target.GetOnlyDynastyName] sullied [From.GetHerHis] honour by having illicit relations with [From.GetHerHis] [From.GetHusbandWifeOpp] behind [From.GetHerHis] back, and demands recompense for this slight.;[From.GetTitledFirstNameWithDynastyNoRegnal] a profité de son invitation au banquet à [Root.Capital.GetName] pour demander justice devant la cour. [From.GetSheHeCap] dit que [grievance_petition_target.GetTitledFirstNameNoRegnal] [grievance_petition_target.GetOnlyDynastyName] a sali son honneur en ayant des relations illicites avec son(a) [From.GetHusbandWifeOpp], et exige réparation pour cet affront.;;;[From.GetTitledFirstNameWithDynastyNoRegnal] ha aprovechado su invitación al banquete en [Root.Capital.GetName] para demandar justicia ante la corte. [From.GetSheHeCap] dice que [grievance_petition_target.GetTitledFirstNameNoRegnal] [grievance_petition_target.GetOnlyDynastyName] ha mancillado su honor teniendo relaciones ilícitas con su [From.GetHusbandWifeOpp], y exige reparación por esta afrenta.;;;;;;;;;x
GetFeastPetitionSubject_murder_generic;[From.GetSheHeCap] claims that [grievance_petition_target.GetTitledFirstNameNoRegnal] [grievance_petition_target.GetOnlyDynastyName] had one of [From.GetHerHis] kinsman murdered, and demands that [grievance_petition_target.GetSheHe] is brought to justice for this outrageous crime.;[From.GetTitledFirstNameWithDynastyNoRegnal] a profité de son invitation au banquet à [Root.Capital.GetName] pour demander justice devant la cour. [From.GetSheHeCap] dit que [grievance_petition_target.GetTitledFirstNameNoRegnal] [grievance_petition_target.GetOnlyDynastyName] a assassiné l'un de ses parents, et exige qu'[grievance_petition_target.GetSheHe] soit jugé(e) pour meurtre.;;;[From.GetTitledFirstNameWithDynastyNoRegnal] ha aprovechado su invitación al banquete en [Root.Capital.GetName] para demandar justicia ante la corte. [From.GetSheHeCap] dice que [grievance_petition_target.GetTitledFirstNameNoRegnal] [grievance_petition_target.GetOnlyDynastyName] ha asesinado a uno de sus parientes, y exige que sea juzgado por asesinato.;;;;;;;;;x
GetFeastPetitionSubject_murder_known;[From.GetSheHeCap] claims that [grievance_petition_target.GetTitledFirstNameNoRegnal] [grievance_petition_target.GetOnlyDynastyName] had [From.GetHerHis] kinsman [grievance_petition_murdered_kin.GetTitledFirstNameNoRegnal] [grievance_petition_murdered_kin.GetOnlyDynastyName] murdered, and demands that [grievance_petition_target.GetSheHe] is brought to justice for this outrageous crime.;[From.GetTitledFirstNameWithDynastyNoRegnal] a profité de son invitation au banquet à [Root.Capital.GetName] pour demander justice devant la cour. [From.GetSheHeCap] dit que [grievance_petition_target.GetTitledFirstNameNoRegnal] [grievance_petition_target.GetOnlyDynastyName] a assassiné son(a) parent(e) [grievance_petition_murdered_kin.GetTitledFirstNameNoRegnal] [grievance_petition_murdered_kin.GetOnlyDynastyName], et exige qu'[grievance_petition_target.GetSheHe] soit jugé(e) pour meurtre.;;;[From.GetTitledFirstNameWithDynastyNoRegnal] ha aprovechado su invitación al banquete en [Root.Capital.GetName] para demandar justicia ante la corte. [From.GetSheHeCap] dice que [grievance_petition_target.GetTitledFirstNameNoRegnal] [grievance_petition_target.GetOnlyDynastyName] ha asesinado a su pariente [grievance_petition_murdered_kin.GetTitledFirstNameNoRegnal] [grievance_petition_murdered_kin.GetOnlyDynastyName], y exige que sea juzgado por asesinato.;;;;;;;;;x
GetFeastPetitionSubject_murder_graphic;[From.GetSheHeCap] claims that [grievance_petition_target.GetTitledFirstNameNoRegnal] [grievance_petition_target.GetOnlyDynastyName] had [From.GetHerHis] kinsman [grievance_petition_murdered_kin.GetTitledFirstNameNoRegnal] [grievance_petition_murdered_kin.GetOnlyDynastyName] brutally and unlawfully executed, and demands that [grievance_petition_target.GetSheHe] is brought to justice for this outrageous crime.;[From.GetTitledFirstNameWithDynastyNoRegnal] a profité de son invitation au banquet à [Root.Capital.GetName] pour demander justice devant la cour. [From.GetSheHeCap] dit que [grievance_petition_target.GetTitledFirstNameNoRegnal] [grievance_petition_target.GetOnlyDynastyName] a assassiné son(a) parent(e) [grievance_petition_murdered_kin.GetTitledFirstNameNoRegnal] [grievance_petition_murdered_kin.GetOnlyDynastyName], et exige qu'[grievance_petition_target.GetSheHe] soit jugé(e) pour meurtre.;;;[From.GetTitledFirstNameWithDynastyNoRegnal] ha aprovechado su invitación al banquete en [Root.Capital.GetName] para demandar justicia ante la corte. [From.GetSheHeCap] dice que [grievance_petition_target.GetTitledFirstNameNoRegnal] [grievance_petition_target.GetOnlyDynastyName] ha asesinado a su pariente [grievance_petition_murdered_kin.GetTitledFirstNameNoRegnal] [grievance_petition_murdered_kin.GetOnlyDynastyName], y exige que sea juzgado por asesinato.;;;;;;;;;x
GetFeastPetitionSubject_execution_graphic;[From.GetSheHeCap] claims that [grievance_petition_target.GetTitledFirstNameNoRegnal] [grievance_petition_target.GetOnlyDynastyName] had [From.GetHerHis] kinsman [grievance_petition_murdered_kin.GetTitledFirstNameNoRegnal] [grievance_petition_murdered_kin.GetOnlyDynastyName] brutally executed, and demands that [grievance_petition_target.GetSheHe] is brought to justice for this outrageous crime.;[From.GetTitledFirstNameWithDynastyNoRegnal] a profité de son invitation au banquet à [Root.Capital.GetName] pour demander justice devant la cour. [From.GetSheHeCap] dit que [grievance_petition_target.GetTitledFirstNameNoRegnal] [grievance_petition_target.GetOnlyDynastyName] a assassiné son(a) parent(e) [grievance_petition_murdered_kin.GetTitledFirstNameNoRegnal] [grievance_petition_murdered_kin.GetOnlyDynastyName], et exige qu'[grievance_petition_target.GetSheHe] soit jugé(e) pour meurtre.;;;[From.GetTitledFirstNameWithDynastyNoRegnal] ha aprovechado su invitación al banquete en [Root.Capital.GetName] para demandar justicia ante la corte. [From.GetSheHeCap] dice que [grievance_petition_target.GetTitledFirstNameNoRegnal] [grievance_petition_target.GetOnlyDynastyName] ha asesinado a su pariente [grievance_petition_murdered_kin.GetTitledFirstNameNoRegnal] [grievance_petition_murdered_kin.GetOnlyDynastyName], y exige que sea juzgado por asesinato.;;;;;;;;;x
GetFeastPetitionSubject_kidnap;[From.GetSheHeCap] claims that [grievance_petition_target.GetTitledFirstNameNoRegnal] [grievance_petition_target.GetOnlyDynastyName] had [From.GetHerHim] unjustly kidnapped and then detained in [grievance_petition_target.Capital.GetName], and demands that [grievance_petition_target.GetSheHe] is made to answer for this shocking abuse of [From.GetHerHis] rights.;[From.GetTitledFirstNameWithDynastyNoRegnal] a profité de son invitation au banquet à [Root.Capital.GetName] pour demander justice devant la cour. [From.GetSheHeCap] dit que [grievance_petition_target.GetTitledFirstNameNoRegnal] [grievance_petition_target.GetOnlyDynastyName] l'a enlevé(e) et injustement retenu à [grievance_petition_target.Capital.GetName], et exige qu'[grievance_petition_target.GetSheHe] réponde de cet abus de pouvoir.;;;[From.GetTitledFirstNameWithDynastyNoRegnal] ha aprovechado su invitación al banquete en [Root.Capital.GetName] para demandar justicia ante la corte. [From.GetSheHeCap] dice que [grievance_petition_target.GetTitledFirstNameNoRegnal] [grievance_petition_target.GetOnlyDynastyName] lo secuestró y retuvo injustamente en [grievance_petition_target.Capital.GetName], y exige que responda ante este abuso de poder.;;;;;;;;;x
GetFeastPetitionSubject_looted;[From.GetSheHeCap] claims that raiders under the command of [grievance_petition_target.GetTitledFirstNameNoRegnal] [grievance_petition_target.GetOnlyDynastyName] have been raiding and looting [From.GetHerHis] lands, and demands just recompense for this molestation of [From.GetHerHis] domain.;[From.GetTitledFirstNameWithDynastyNoRegnal] a profité de son invitation au banquet à [Root.Capital.GetName] pour demander justice devant la cour. [From.GetSheHeCap] dit que les pillards sous le commadement de [grievance_petition_target.GetTitledFirstNameNoRegnal] [grievance_petition_target.GetOnlyDynastyName] ont ravagé ses terres, et exige des réparations.;;;[From.GetTitledFirstNameWithDynastyNoRegnal] ha aprovechado su invitación al banquete en [Root.Capital.GetName] para demandar justicia ante la corte. [From.GetSheHeCap] dice que los saqueadores al mando de [grievance_petition_target.GetTitledFirstNameNoRegnal] [grievance_petition_target.GetOnlyDynastyName] arrasaron sus tierras, y exige reparación.;;;;;;;;;x
GetFeastPetitionSubject_blackmail;[From.GetSheHeCap] claims that [grievance_petition_target.GetTitledFirstNameNoRegnal] [grievance_petition_target.GetOnlyDynastyName] has subjected [From.GetHerHim] to unwarranted and false blackmail, and demands justice and recompense for this slight on [From.GetHerHis] honour.;[From.GetTitledFirstNameWithDynastyNoRegnal] a profité de son invitation au banquet à [Root.Capital.GetName] pour demander justice devant la cour. [From.GetSheHeCap] dit que [grievance_petition_target.GetTitledFirstNameNoRegnal] [grievance_petition_target.GetOnlyDynastyName] a tenté de le(a) faire chanter, et exige réparations pour cet affront à son honneur.;;;[From.GetTitledFirstNameWithDynastyNoRegnal] ha aprovechado su invitación al banquete en [Root.Capital.GetName] para demandar justicia ante la corte. [From.GetSheHeCap] dice que [grievance_petition_target.GetTitledFirstNameNoRegnal] [grievance_petition_target.GetOnlyDynastyName] ha intentado chantajearlo, y exige reparación para esta afronta a su honor.;;;;;;;;;x
GetFeastPetitionSubject_mutilation;[From.GetSheHeCap] claims that whilst [From.GetSheHe] was detained by [grievance_petition_target.GetTitledFirstNameNoRegnal] [grievance_petition_target.GetOnlyDynastyName] [From.GetSheHe] was barbarically tortured and mutilated. [From.GetSheHeCap] demands justice and redress for this abuse of [From.GetHerHis] person.;[From.GetTitledFirstNameWithDynastyNoRegnal] a profité de son invitation au banquet à [Root.Capital.GetName] pour demander justice devant la cour. [From.GetSheHeCap] dit que pendant qu'[From.GetSheHe] était détenu(e) par [grievance_petition_target.GetTitledFirstNameNoRegnal] [grievance_petition_target.GetOnlyDynastyName] [From.GetSheHe] a été torturé(e) et mutilé(e). [From.GetSheHeCap] demande désormais justice et réparations pour ces actes barbares sur sa personne.;;;[From.GetTitledFirstNameWithDynastyNoRegnal] ha utilizado su asistencia a la fiesta en [Root.Capital.GetName] para presentar una petición de justicia ante el tribunal. [From.GetSheHeCap] afirma que mientras fue detenido por [agravance_petition_target.GetTitledFirstNameNoRegnal] [agravance_petition_target.GetOnlyDynastyName] fue bárbaramente torturado y mutilado. [From.GetSheHeCap] exige justicia y reparación por este abuso.;;;;;;;;;x
GetFeastPetitionSubject_mutilated_relative;[From.GetSheHeCap] claims that [grievance_petition_target.GetTitledFirstNameNoRegnal] [grievance_petition_target.GetOnlyDynastyName] had [From.GetHerHis] kinsman [grievance_petition_murdered_kin.GetTitledFirstNameNoRegnal] [grievance_petition_murdered_kin.GetOnlyDynastyName] barbarically tortured and mutilated, and demands that [grievance_petition_target.GetSheHe] is brought to justice for this abuse of [From.GetHerHis] relative.;[From.GetTitledFirstNameWithDynastyNoRegnal] a profité de son invitation au banquet à [Root.Capital.GetName] pour demander justice devant la cour. [From.GetSheHeCap] dit que [grievance_petition_target.GetTitledFirstNameNoRegnal] [grievance_petition_target.GetOnlyDynastyName] a assassiné son(a) parent(e) [grievance_petition_murdered_kin.GetTitledFirstNameNoRegnal] [grievance_petition_murdered_kin.GetOnlyDynastyName], et exige qu'[grievance_petition_target.GetSheHe] soit jugé(e) pour meurtre.;;;[From.GetTitledFirstNameWithDynastyNoRegnal] ha aprovechado su invitación al banquete en [Root.Capital.GetName] para demandar justicia ante la corte. [From.GetSheHeCap] dice que [grievance_petition_target.GetTitledFirstNameNoRegnal] [grievance_petition_target.GetOnlyDynastyName] ha asesinado a su pariente [grievance_petition_murdered_kin.GetTitledFirstNameNoRegnal] [grievance_petition_murdered_kin.GetOnlyDynastyName], y exige que sea juzgado por asesinato.;;;;;;;;;x
GetFeastPetitionSubject_rape;[From.GetTitledFirstNameWithDynastyNoRegnal] has used [From.GetHerHis] attendance of the feast in [Root.Capital.GetName] to a present a petition for justice before the court. [From.GetSheHeCap] claims that whilst [From.GetSheHe] was detained by [grievance_petition_target.GetTitledFirstNameNoRegnal] [grievance_petition_target.GetOnlyDynastyName] [From.GetSheHe] was forced upon and tortured. [From.GetSheHeCap] demands justice and redress for this abuse of [From.GetHerHis] person.;[From.GetTitledFirstNameWithDynastyNoRegnal] a profité de son invitation au banquet à [Root.Capital.GetName] pour demander justice devant la cour. [From.GetSheHeCap] dit que pendant qu'[From.GetSheHe] était détenu(e) par [grievance_petition_target.GetTitledFirstNameNoRegnal] [grievance_petition_target.GetOnlyDynastyName] [From.GetSheHe] a été violé(e) et torturé(e). [From.GetSheHeCap] demande désormais justice et réparations pour ces actes d'abus sur sa personne. ;;;[From.GetTitledFirstNameWithDynastyNoRegnal] ha utilizado la asistencia a la fiesta en [Root.Capital.GetName] para presentar una petición de justicia ante el tribunal. [From.GetSheHeCap] afirma que mientras fue detenido por [agravance_petition_target.GetTitledFirstNameNoRegnal] [agravance_petition_target.GetOnlyDynastyName] fue forzado y torturado. [From.GetSheHeCap] exige justicia y reparación por este abuso.;;;;;;;;;x
GetFeastPetitionSubject_enslavement;[From.GetSheHeCap] claims that [grievance_petition_target.GetTitledFirstNameNoRegnal] [grievance_petition_target.GetOnlyDynastyName] had [From.GetHerHim] unjustly imprisoned and then enslaved in [grievance_petition_target.Capital.GetName], and demands that [grievance_petition_target.GetSheHe] is made to answer for this shocking abuse of [From.GetHerHis] rights.;[From.GetTitledFirstNameWithDynastyNoRegnal] a profité de son invitation au banquet à [Root.Capital.GetName] pour demander justice devant la cour. [From.GetSheHeCap] dit que [grievance_petition_target.GetTitledFirstNameNoRegnal] [grievance_petition_target.GetOnlyDynastyName] a tenté de le(a) faire chanter, et exige réparations pour cet affront à son honneur.;;;[From.GetTitledFirstNameWithDynastyNoRegnal] ha aprovechado su invitación al banquete en [Root.Capital.GetName] para demandar justicia ante la corte. [From.GetSheHeCap] dice que [grievance_petition_target.GetTitledFirstNameNoRegnal] [grievance_petition_target.GetOnlyDynastyName] ha intentado chantajearlo, y exige reparación para esta afronta a su honor.;;;;;;;;;x
GetFeastPetitionSubject_defamation;[From.GetSheHeCap] claims that [grievance_petition_target.GetTitledFirstNameNoRegnal] [grievance_petition_target.GetOnlyDynastyName] has sullied [From.GetHerHis] reputation through defamation and libel, and demands justice and recompense for this slight on [From.GetHerHis] honour.;[From.GetTitledFirstNameWithDynastyNoRegnal] a profité de son invitation au banquet à [Root.Capital.GetName] pour demander justice devant la cour. [From.GetSheHeCap] dit que [grievance_petition_target.GetTitledFirstNameNoRegnal] [grievance_petition_target.GetOnlyDynastyName] a tenté de le(a) faire chanter, et exige réparations pour cet affront à son honneur.;;;[From.GetTitledFirstNameWithDynastyNoRegnal] ha aprovechado su invitación al banquete en [Root.Capital.GetName] para demandar justicia ante la corte. [From.GetSheHeCap] dice que [grievance_petition_target.GetTitledFirstNameNoRegnal] [grievance_petition_target.GetOnlyDynastyName] ha intentado chantajearlo, y exige reparación para esta afronta a su honor.;;;;;;;;;x
EVTOPTAfeast.121;[grievance_petition_target.GetTitledFirstNameNoRegnal] must be arrested and made to answer for this;[grievance_petition_target.GetTitledFirstNameNoRegnal] doit être arrêté(e) et répondre de ses actes;;;[grievance_petition_target.GetTitledFirstNameNoRegnal] debe ser arrestado y responderá a sus actos;;;;;;;;;x
EVTOPTBfeast.121;I will order [grievance_petition_target.GetTitledFirstNameNoRegnal] to pay just recompense;Je vais ordonné à [grievance_petition_target.GetTitledFirstNameNoRegnal] d'offrir des réparations;;;Ordenaré a [grievance_petition_target.GetTitledFirstNameNoRegnal] ofrecer reparación;;;;;;;;;x
EVTOPTCfeast.121;[grievance_petition_target.GetTitledFirstNameNoRegnal] is clearly not guilty of these accusations;[grievance_petition_target.GetTitledFirstNameNoRegnal] n'est clairement pas coupable de ces accusations;;;[grievance_petition_target.GetTitledFirstNameNoRegnal] es claramente no culpable de estas acusaciones;;;;;;;;;x
opinion_granted_redress;Granted Redress for Grievance;M'a octroyé des réparations;;;Me concedió reparación;;;;;;;;;x
opinion_forced_compensation;Forced to Compensate;A forcé à payé des réparations;;;Forzó a pagar reparación;;;;;;;;;x
opinion_denied_redress;Denied Redress for Grievance;A refusé de m'octroyer des réparations;;;Rechazó concederme reparación;;;;;;;;;x
opinion_did_not_prosecute;Did Not Prosecute Me;Ne m'a pas persécuté;;;No me persiguió;;;;;;;;;x
opinion_sought_liege_redress;Sought Redress for Grievance;A demandé des réparations;;;Demandó reparación;;;;;;;;;x
EVTDESCfeast.122;After presenting your petition to the court before the feast at [From.Capital.GetName], [From.GetTitledFirstNameWithDynastyNoRegnal] found in your favour and ordered [grievance_petition_target.GetTitledFirstNameNoRegnal] [grievance_petition_target.GetOnlyDynastyName]'s arrest. [grievance_petition_target.GetSheHeCap] is now in the dungeons of [From.Capital.Capital.GetName] awaiting justice.;Peu avant le banquet de [From.Capital.GetName], vous avez présenté votre pétition à [From.GetTitledFirstNameWithDynastyNoRegnal] qui vous a soutenu et a ordonné l'arrestation de [grievance_petition_target.GetTitledFirstNameNoRegnal] [grievance_petition_target.GetOnlyDynastyName]. [grievance_petition_target.GetSheHeCap] croupit désormais dans les cahots [From.Capital.Capital.GetName], attendant son jugement.;;;Poco antes del banquete de [From.Capital.GetName], presentaste tu petición a [From.GetTitledFirstNameWithDynastyNoRegnal] que te ha apoyado y ha ordenado el arresto de [grievance_petition_target.GetTitledFirstNameNoRegnal] [grievance_petition_target.GetOnlyDynastyName]. Ahora [grievance_petition_target.GetSheHeCap] se pudre en las mazmorras de [From.Capital.Capital.GetName], esperando su juicio.;;;;;;;;;x
EVTDESCfeast.122B;After presenting your petition to the court before the feast at [From.Capital.GetName], [From.GetTitledFirstNameWithDynastyNoRegnal] found in your favour and ordered [grievance_petition_target.GetTitledFirstNameNoRegnal] [grievance_petition_target.GetOnlyDynastyName]'s arrest. [grievance_petition_target.GetSheHeCap] managed to evade capture however, and in doing so dishonourably avoids answering for [grievance_petition_target.GetHerHis] crimes.;Peu avant le banquet de [From.Capital.GetName], vous avez présenté votre pétition à [From.GetTitledFirstNameWithDynastyNoRegnal] qui vous a soutenu et a ordonné l'arrestation de [grievance_petition_target.GetTitledFirstNameNoRegnal] [grievance_petition_target.GetOnlyDynastyName]. [grievance_petition_target.GetSheHeCap] est néanmoins parvenu(e) à s'échapper et a pu éviter de répondre de ses crimes.;;;Poco antes del banquete de [From.Capital.GetName], presentaste tu petición a [From.GetTitledFirstNameWithDynastyNoRegnal] que te ha apoyado y ha ordenado el arresto de [grievance_petition_target.GetTitledFirstNameNoRegnal] [grievance_petition_target.GetOnlyDynastyName]. Sin embargo, [grievance_petition_target.GetSheHeCap] ha logrado escapar y evitar responder de sus crímenes.;;;;;;;;;x
EVTOPTAfeast.122;I will get my justice!;Je vais me faire justice !;;;Consiguiré mi justicia!;;;;;;;;;x
EVTDESCfeast.123;[From.GetTitledFirstNameWithDynastyNoRegnal] has used [From.GetHerHis] attendance of a feast in [FromFrom.Capital.GetName] to a present a petition for justice before [FromFrom.GetTitledFirstNameNoRegnal]'s court. [From.GetSheHeCap] demanded justice for your supposed crimes against [From.GetHerHim], a demand which [FromFrom.GetTitledFirstNameNoRegnal] agreed to! You now sit in the dungeons [FromFrom.Capital.Capital.GetName] awaiting judgment.;[From.GetTitledFirstNameWithDynastyNoRegnal] a profité de son invitation au banquet à [Root.Capital.GetName] pour demander justice devant la cour de [FromFrom.GetTitledFirstNameNoRegnal]. [From.GetSheHeCap] a demandé justice pour vos soi-disant crimes contre [From.GetHerHim], une demande que [FromFrom.GetTitledFirstNameNoRegnal] a accepté ! Vous croupissez désormais dans les cachots de [FromFrom.Capital.Capital.GetName], attendant votre jugement.;;;[From.GetTitledFirstNameWithDynastyNoRegnal] ha aprovechado su invitación al banquete de [Root.Capital.GetName] para demandar justicia ante la corte de [FromFrom.GetTitledFirstNameNoRegnal]. [From.GetSheHeCap] ha demandado justicia por tus supuestos crímenes contra [From.GetHerHim], una demanda que [FromFrom.GetTitledFirstNameNoRegnal] ha aceptado! Ahora, te pudres en las mazmorras de [FromFrom.Capital.Capital.GetName], esperando tu juicio.;;;;;;;;;x
EVTDESCfeast.123B;[From.GetTitledFirstNameWithDynastyNoRegnal] has used [From.GetHerHis] attendance of a feast in [FromFrom.Capital.GetName] to a present a petition for justice before [FromFrom.GetTitledFirstNameNoRegnal]'s court. [From.GetSheHeCap] demanded justice for your supposed crimes against [From.GetHerHim], a demand which [FromFrom.GetTitledFirstNameNoRegnal] agreed to! You evaded capture however, and now must fight to save yourself from this clear tyranny.;[From.GetTitledFirstNameWithDynastyNoRegnal] a profité de son invitation au banquet à [Root.Capital.GetName] pour demander justice devant la cour de [FromFrom.GetTitledFirstNameNoRegnal]. [From.GetSheHeCap] a demandé justice pour vos soi-disant crimes contre [From.GetHerHim], une demande que [FromFrom.GetTitledFirstNameNoRegnal] a accepté ! Vous êtes néanmoins parvenu à vous échapper et vous devez désormais vous battre pour vous protéger contre cet acte injuste et tyrannique.;;;[From.GetTitledFirstNameWithDynastyNoRegnal] ha aprovechado su invitación al banquete de [Root.Capital.GetName] para demandar justicia ante la corte de [FromFrom.GetTitledFirstNameNoRegnal]. [From.GetSheHeCap] ha demandado justicia por tus supuestos crímenes contra [From.GetHerHim], una demanda que [FromFrom.GetTitledFirstNameNoRegnal] ha aceptado! Sin embargo, consigues escapar y ahora debes pelear para protegerte contra este acto injusto y tiránico.;;;;;;;;;x
EVTOPTAfeast.123;I am clearly innocent of these accusations!;Je suis clairement innocent(e) !;;;Soy claramente inocente!;;;;;;;;;x
EVTDESCfeast.124;After presenting your petition to the court before the feast at [From.Capital.GetName], [From.GetTitledFirstNameWithDynastyNoRegnal] found in your favour and ordered [grievance_petition_target.GetTitledFirstNameNoRegnal] [grievance_petition_target.GetOnlyDynastyName] to pay you sufficient recompense in gold for [grievance_petition_target.GetHerHis] crimes against you.;Peu avant le banquet de [From.Capital.GetName], vous avez présenté votre pétition à [From.GetTitledFirstNameWithDynastyNoRegnal] qui vous a soutenu et a ordonné à [grievance_petition_target.GetTitledFirstNameNoRegnal] [grievance_petition_target.GetOnlyDynastyName] de vous payer des réparations.;;;Poco antes del banquete de [From.Capital.GetName], presentaste tu petición a [From.GetTitledFirstNameWithDynastyNoRegnal] que te ha apoyado y ha ordenado a [grievance_petition_target.GetTitledFirstNameNoRegnal] [grievance_petition_target.GetOnlyDynastyName] a pagar reparación.;;;;;;;;;x
EVTOPTAfeast.124;I am satisfied;Je suis satisfait(e);;;Estoy satisfecho;;;;;;;;;x
EVTOPTAfeast.124B;Coin is not enough to satisfy me!;Quelques piecettes ne constituent pas une réparation suffisante !;;;Unas pocas monedas no son reparación suficiente!;;;;;;;;;x
EVTDESCfeast.125;[From.GetTitledFirstNameWithDynastyNoRegnal] has used [From.GetHerHis] attendance of a feast in [FromFrom.Capital.GetName] to a present a petition for justice before [FromFrom.GetTitledFirstNameNoRegnal]'s court. [From.GetSheHeCap] demanded justice for your supposed crimes against [From.GetHerHim], a demand which [FromFrom.GetTitledFirstNameNoRegnal] agreed to! You have been ordered to pay recompense in gold for your supposed crimes against [From.GetTitledFirstNameNoRegnal].;[From.GetTitledFirstNameWithDynastyNoRegnal] a profité de son invitation au banquet à [Root.Capital.GetName] pour demander justice devant la cour de [FromFrom.GetTitledFirstNameNoRegnal]. [From.GetSheHeCap] a demandé justice pour vos soi-disant crimes contre [From.GetHerHim], une demande que [FromFrom.GetTitledFirstNameNoRegnal] a accepté ! Vous avez été obligé de lui payer des réparations.;;;[From.GetTitledFirstNameWithDynastyNoRegnal] ha aprovechado su invitación al banquete de [Root.Capital.GetName] para demandar justicia ante la corte de [FromFrom.GetTitledFirstNameNoRegnal]. [From.GetSheHeCap] ha demandado justicia por tus supuestos crímenes contra [From.GetHerHim], una demanda que [FromFrom.GetTitledFirstNameNoRegnal] ha aceptado! Has sido obligado a pagar reparación.;;;;;;;;;x
EVTOPTAfeast.125;Fine, if it will rid me of these accusations;Bien, cela me débarassera de ces accusations;;;Bien, así me desharé de esas acusaciones;;;;;;;;;x
EVTDESCfeast.126;After presenting your petition to the court before the feast at [From.Capital.GetName], [From.GetTitledFirstNameWithDynastyNoRegnal] did not  find in your favour, instead [From.GetSheHe] believed [grievance_petition_target.GetTitledFirstNameNoRegnal] [grievance_petition_target.GetOnlyDynastyName]'s testimony, this is despite [grievance_petition_target.GetHerHis] clear guilt!;Peu avant le banquet de [From.Capital.GetName], vous avez présenté votre pétition à [From.GetTitledFirstNameWithDynastyNoRegnal] qui ne vous a pas soutenu. [From.GetSheHeCap] a cru la version de [grievance_petition_target.GetTitledFirstNameNoRegnal] [grievance_petition_target.GetOnlyDynastyName], et cela malgré son évidente culpabilité !;;;Poco antes del banquete de [From.Capital.GetName], presentaste tu petición a [From.GetTitledFirstNameWithDynastyNoRegnal] que no te ha apoyado. [From.GetSheHeCap] ha creído la versión de [grievance_petition_target.GetTitledFirstNameNoRegnal] [grievance_petition_target.GetOnlyDynastyName], a pesar de su evidente culpabilidad!;;;;;;;;;x
EVTOPTAfeast.126;Well I will find my satisfaction some other way then!;Bien, je vais obtenir réparations par d'autres moyens !;;;Bueno, conseguiré justicia por otros medios!;;;;;;;;;x
EVTDESCfeast.127;[From.GetTitledFirstNameWithDynastyNoRegnal] has used [From.GetHerHis] attendance of a feast in [FromFrom.Capital.GetName] to a present a petition for justice before [FromFrom.GetTitledFirstNameNoRegnal]'s court. [From.GetSheHeCap] demanded justice for your supposed crimes against [From.GetHerHim], but [FromFrom.GetTitledFirstNameNoRegnal] saw through these thin accusations. [FromFrom.GetTitledFirstNameNoRegnal] believed your testimony and declared you innocent.;[From.GetTitledFirstNameWithDynastyNoRegnal] a profité de son invitation au banquet à [Root.Capital.GetName] pour demander justice devant la cour de [FromFrom.GetTitledFirstNameNoRegnal]. [From.GetSheHeCap] a demandé justice pour vos soi-disant crimes contre [From.GetHerHim], mais [FromFrom.GetTitledFirstNameNoRegnal] a clairement décelé la nature diffamatoire et mensongère de ces accusations. [FromFrom.GetTitledFirstNameNoRegnal] a cru à votre version et vous a déclaré innocent(e).;;;[From.GetTitledFirstNameWithDynastyNoRegnal] ha aprovechado su invitación al banquete de [Root.Capital.GetName] para demandar justicia ante la corte de [FromFrom.GetTitledFirstNameNoRegnal]. [From.GetSheHeCap] ha demandado justicia por tus supuestos crímenes contra [From.GetHerHim], pero [FromFrom.GetTitledFirstNameNoRegnal] detectó rápidamente la falsedad de esas acusaciones. [FromFrom.GetTitledFirstNameNoRegnal] ha creído tu versión y te ha declarado inocente!;;;;;;;;;x
EVTOPTAfeast.127;[FromFrom.PrimaryTitle.GetFOA] is wise and just;[FromFrom.PrimaryTitle.GetFOA] est sage et juste;;;[FromFrom.PrimaryTitle.GetFOA] es sabio y justo;;;;;;;;;x
EVTDESCfeast.140;[Root.Capital.GetName] is suffering from a very serious problem of crime and banditry, with my sheriffs unable to control the area. Although it would make me look somewhat weak, perhaps I could use my attendance at the feast in [FromFrom.Capital.GetName] to ask [FromFrom.GetTitledFirstNameNoRegnal] for aid?;[Root.Capital.GetName] souffre d'un très sérieux problème de criminalité, et mes hommes sont clairement incapables de contrôler la situation. Peut-être que je passerais pour faible, mais je pourrais profiter de mon invitation au banquet à [FromFrom.Capital.GetName] pour demander de l'aide à [FromFrom.GetTitledFirstNameNoRegnal] ?;;;[Root.Capital.GetName] sufre un gran problema con la criminalidad, y mis hombres son incapaces de controlar la situación. Tal vez pase por débil, pero podría aprovechar mi invitación al banquete de [FromFrom.Capital.GetName] para pedir ayuda a [FromFrom.GetTitledFirstNameNoRegnal]?;;;;;;;;;x
EVTOPTAfeast.140;We need help;Nous avons besoin d'aide;;;Necesitamos ayuda;;;;;;;;;x
TOOLTIPfeast.141;[This.GetTitledFirstNameNoRegnal] is petitioned to send help to [Root.Capital.GetName];[This.GetTitledFirstNameNoRegnal] se voit demandé d'envoyer de l'aide à [Root.Capital.GetName];;;Se le pedirá a [This.GetTitledFirstNameNoRegnal] que envíe ayuda a [Root.Capital.GetName];;;;;;;;;x
EVTOPTBfeast.140;I will deal with this myself;Je vais m'en occuper moi-même.;;;Me ocuparé yo mismo.;;;;;;;;;x
EVTDESCfeast.141;As the feast begins [From.GetTitledFirstNameWithDynastyNoRegnal] presented a petition before the court. [From.GetSheHeCap] says that crime and banditry in [From.Capital.GetName] is an increasing threat, and that the local sheriffs cannot contain the problem. [From.GetSheHeCap] petitions that you send men and coin to eradicate the menace plaguing the area.;Alors que le banquet commencait, [From.GetTitledFirstNameWithDynastyNoRegnal] a présenté une pétition devant la cour. [From.GetSheHeCap] dit que la ciriminalité à [From.Capital.GetName] a augmenté et que ses hommes n'arrivent pas à controler la situation. [From.GetSheHeCap] vous demande d'envoyer des hommes et de l'argent pour régler le problème.;;;Al inicio del banquete, [From.GetTitledFirstNameWithDynastyNoRegnal] presentó una petición ante la corte. Dice que la criminalidad en [From.Capital.GetName] ha aumentado y que sus hombres no son capaces de controlar la situación. Solicita que envíes hombres y oro para arreglar el problema.;;;;;;;;;x
EVTOPTAfeast.141;Fine, I will send [Root.job_marshal.GetTitledFirstNameNoRegnal] to deal with the problem;Bien, je vais envoyer [Root.job_marshal.GetTitledFirstNameNoRegnal] pour régler le problème;;;Bien, enviaré a [Root.job_marshal.GetTitledFirstNameNoRegnal] para arreglar el problema;;;;;;;;;x
EVTOPTBfeast.141;[From.GetTitledFirstNameNoRegnal] must deal with problems in [From.GetHerHis] domain;[From.GetTitledFirstNameNoRegnal] doit régler les problèmes de ses domaines;;;[From.GetTitledFirstNameNoRegnal] debe arreglar los problemas de sus tierras;;;;;;;;;x
EVTDESCfeast.142;[Root.job_marshal.GetTitledFirstNameNoRegnal] organised a group of men to tackle the bandits and rogues in [FromFrom.Capital.GetName]. [Root.job_marshal.GetSheHeCap] successfully captured or killed many prominent criminals, and publicly hanged them as an example to others. The problem has now be stamped out, and [FromFrom.GetTitledFirstNameNoRegnal] is satisfied.;[Root.job_marshal.GetTitledFirstNameNoRegnal] a réuni des hommes pour se débarasser des bandits et des criminels de [FromFrom.Capital.GetName]. [Root.job_marshal.GetSheHeCap] a réussi à tué nombre d'entre eux et a pendu publiquement ses captifs en guise d'exemple. Le problème est désormais réglé et [FromFrom.GetTitledFirstNameNoRegnal] est satisfait(e).;;;[Root.job_marshal.GetTitledFirstNameNoRegnal] ha reunido hombres para deshacerse de los bandidos y criminales de [FromFrom.Capital.GetName]. Ha conseguido acabar con muchos de ellos y ha colgado públicamente a los cautivos a modo de ejemplo. El problema está arreglado y [FromFrom.GetTitledFirstNameNoRegnal] está contento.;;;;;;;;;x
EVTOPTAfeast.142;Good work;Bon travail;;;Buen trabajo;;;;;;;;;x
EVTDESCfeast.143;The scale of the banditry and crime in [FromFrom.Capital.GetName] was too much for [Root.job_marshal.GetTitledFirstNameNoRegnal] to handle. Despite being granted many men and much gold, [Root.job_marshal.GetSheHe] could not capture the most prominent and cunning of the bandits and rogues. In one armed confrontation [Root.job_marshal.GetTitledFirstNameNoRegnal] and [Root.job_marshal.GetHerHis] men came off much worse...;Les bandits et criminels de [FromFrom.Capital.GetName] se sont révélés trop forts pour [Root.job_marshal.GetTitledFirstNameNoRegnal]. Malgré les hommes et l'or qu'[Root.job_marshal.GetSheHe] a reçu [Root.job_marshal.GetSheHe] n'est pas parvenu à capturer le plus visible et astucieux de ces bandits et fripouilles . Lors d'une confrontation armée [Root.job_marshal.GetTitledFirstNameNoRegnal] et ses hommes se sont fait battre...;;;Los bandidos y criminales de [FromFrom.Capital.GetName] han demostrado ser demasiado fuertes para [Root.job_marshal.GetTitledFirstNameNoRegnal]. A pesar de los hombres y el oro que recibió no ha conseguido capturara a estas alimañas. Durante una confrontación, [Root.job_marshal.GetTitledFirstNameNoRegnal] y sus hombres fueron derrotados...;;;;;;;;;x
EVTOPTAfeast.143;At least I tried;Au moins ai-je essayé;;;Al menos lo he intentado;;;;;;;;;x
EVTDESCfeast.144;[From.GetTitledFirstNameNoRegnal] agreed to send aid, and sent [From.job_marshal.GetTitledFirstNameNoRegnal] to organise a group of men to tackle the bandits and rogues in [Root.Capital.GetName]. [From.job_marshal.GetSheHeCap] successfully captured or killed many prominent criminals, and publicly hanged them as an example to others. The problem has now be stamped out in the area.;[From.GetTitledFirstNameNoRegnal] a accepté et a envoyé [From.job_marshal.GetTitledFirstNameNoRegnal] à la tête d'une petite troupe pour se débarasser des bandits et des criminels de [Root.Capital.GetName]. [From.job_marshal.GetSheHeCap] a réussi à tué nombre d'entre eux et a pendu publiquement ses captifs en guise d'exemple. Le problème est désormais réglé.;;;[From.GetTitledFirstNameNoRegnal] aceptó y ha enviado a [From.job_marshal.GetTitledFirstNameNoRegnal] al frente de una pequeña tropa de hombres para deshacerse de los bandidos y criminales de [Root.Capital.GetName]. Ha conseguido acabar con muchos de ellos y ha colgado públicamente a los cautivos a modo de ejemplo. El problema está arreglado;;;;;;;;;x
EVTOPTAfeast.144;Thank you, [From.PrimaryTitle.GetFOA];Merci, [From.PrimaryTitle.GetFOA];;;Merci, [From.PrimaryTitle.GetFOA];;;;;;;;;x
EVTDESCfeast.145;[From.GetTitledFirstNameNoRegnal] agreed to send aid, and sent [From.job_marshal.GetTitledFirstNameNoRegnal] to tackle the bandits and rogues in [Root.Capital.GetName]. The scale of the problem was too much for [From.job_marshal.GetTitledFirstNameNoRegnal] to handle however. Despite being granted many men and much gold, [From.job_marshal.GetSheHe] could not capture the most prominent and cunning of the bandits and rogues. In one armed confrontation [From.job_marshal.GetTitledFirstNameNoRegnal] and [From.job_marshal.GetHerHis] men came off much worse...;[From.GetTitledFirstNameNoRegnal] a accepté et a envoyé [From.job_marshal.GetTitledFirstNameNoRegnal] à la tête d'une petite troupe pour se débarasser des bandits et des criminels de [FromFrom.Capital.GetName]. Malgré les hommes et l'or qu'[From.job_marshal.GetSheHe] a reçu [From.job_marshal.GetSheHe] n'est pas parvenu à capturer ces vermines. Lors d'une confrontation [From.job_marshal.GetTitledFirstNameNoRegnal] et ses hommes se sont fait battre...;;;[From.GetTitledFirstNameNoRegnal] aceptó y ha enviado a [From.job_marshal.GetTitledFirstNameNoRegnal] al frente de una pequeña tropa de hombres para deshacerse de los bandidos y criminales de [FromFrom.Capital.GetName]. A pesar de los hombres y el oro que recibió no ha conseguido capturara a estas alimañas. Durante una confrontación, [From.job_marshal.GetTitledFirstNameNoRegnal] y sus hombres fueron derrotados...;;;;;;;;;x
EVTOPTAfeast.145;I didn't ask for this!;Je n'ai pas demandé ça !;;;No pedí esto!;;;;;;;;;x
EVTDESCfeast.146;[From.GetTitledFirstNameNoRegnal] considered your petition for aid in [Root.Capital.GetName], but decided to reject it. [From.GetSheHeCap] determined that keeping the peace in vassal domains is not the responsibility of the [From.GetTitle] in [From.Capital.GetName], but the responsibility of the subjects sworn to rule in said domains.;[From.GetTitledFirstNameNoRegnal] a décidé de rejeter votre demande d'aide pour [Root.Capital.GetName]. [From.GetSheHeCap] dit que préserver la paix dans les domaines des vassaux n'est pas de la responsabilité du(e la) [From.GetTitle] de [From.Capital.GetName], mais cette tâche incombe aux sujets qui ont dirigent lesdits domaines.;;;[From.GetTitledFirstNameNoRegnal] ha decidido rechazar tu petición de ayuda para [Root.Capital.GetName]. Dice que preservar la paz en los dominios de sus vasallos no es responsabilidad del [From.GetTitle] de [From.Capital.GetName], esa tarea recae en el Señor que dirige dichas tierras.;;;;;;;;;x
EVTOPTAfeast.146;I humbly disagree!;Je ne suis pas d'accord;;;No estoy de acuerdo;;;;;;;;;x
EVTTOOLTIPlovers.600;[From.GetTitledFirstNameNoRegnal] breaks up with [Root.GetTitledFirstNameNoRegnal];[From.GetTitledFirstNameNoRegnal] rompt avec [Root.GetTitledFirstNameNoRegnal];;;[From.GetTitledFirstNameNoRegnal] rompe con [Root.GetTitledFirstNameNoRegnal];;;;;;;;;x
EVTDESClovers.600;[FromFrom.GetTitledFirstNameNoRegnal] has had enough of our love affair it seems, as [From.GetSheHe] has told me [From.GetSheHe] wants to break it off!;Il semble que [FromFrom.GetTitledFirstNameNoRegnal] en a assez de notre relation, puisqu'[From.GetSheHe] m'a dit qu'[From.GetSheHe] voulait rompre !;;;Parece que [FromFrom.GetTitledFirstNameNoRegnal] se ha cansado de nuestra relación, ya que me ha dicho que quiere romper!;;;;;;;;;x
EVTOPTAlovers.600;But why?;Mais pourquoi ?;;;Pero por qué?;;;;;;;;;x
EVTDESCA_ZE_22910;It is evidently clear to all of the visiting vassals that [introduced_heir.GetTitledFirstName] has been infatuated with [vassal_parent.GetTitledFirstName]'s child, [vassal_child.GetTitledFirstName]. While harmless, [introduced_heir.GetFirstName] is still following her around like a dog. [vassal_parent.GetFirstName] does not seem to be amused.;Il semble évident à tous les bannerets que [introduced_heir.GetTitledFirstName] s'est épris de l'enfant de [vassal_parent.GetTitledFirstName], [vassal_child.GetTitledFirstName]. Bien que cette amourette soit innoffensive, [introduced_heir.GetFirstName] continue de la suivre comme un chien et cela ne semble pas amuser [vassal_parent.GetFirstName].;;;A todos los vasallos les parece evidente que [introduced_heir.GetTitledFirstName] se ha encaprichado de la hija de [vassal_parent.GetTitledFirstName], [vassal_child.GetTitledFirstName]. A pesar de ser inofensivo, [introduced_heir.GetFirstName] continúa persiguiéndola como un perrito y no parece gustarle nada a [vassal_parent.GetFirstName].;;;;;;;;;x
EVTDESCB_ZE_22910;It is evidently clear to all of the visiting vassals that [introduced_heir.GetTitledFirstName] has been infatuated with [vassal_parent.GetTitledFirstName]'s child, [vassal_child.GetTitledFirstName]. [vassal_child.GetTitledFirstName] seems to share similar feelings to [introduced_heir.GetFirstName] and they have both spent lots of time talking to each other, much to the annoyance of [vassal_parent.GetFirstName].;Il semble évident à tous les bannerets que [introduced_heir.GetTitledFirstName] s'est épris de l'enfant de [vassal_parent.GetTitledFirstName], [vassal_child.GetTitledFirstName]. [vassal_child.GetTitledFirstName] semble partager les mêmes sentiments pour [introduced_heir.GetFirstName] et ils ont passé pas mal de temps à discuter ensemble pour le plus grand déplaisir de [vassal_parent.GetFirstName].;;;A todos los vasallos les parece evidente que [introduced_heir.GetTitledFirstName] se ha encaprichado de la hija de [vassal_parent.GetTitledFirstName], [vassal_child.GetTitledFirstName]. [vassal_child.GetTitledFirstName] parece compartir los mismos sentimientos hacia [introduced_heir.GetFirstName] y han pasado mucho tiempo hablando entre ellos, para gran disgusto de [vassal_parent.GetFirstName].;;;;;;;;;x
EVTOPTA_ZE_22910;Sweet... but not what we are here for;Très bien… mais nous ne sommes pas ici pour ça;;;Muy bien… pero no estamos aquí para eso;;;;;;;;;x
EVTDESCLoR.8310;[Root.PrimaryTitle.GetFOA], we have received word from [FromFrom.Capital.GetName] that your [From.GetRootRelation] [From.GetTitledFirstNameWithDynastyNoRegnal] has suffered a grave mutilation at the hands of [From.GetHerHis] captor [FromFrom.GetTitledFirstNameWithDynastyNoRegnal], who had the unfortunate [From.GetTitledFirstNameNoRegnal] blinded!;[Root.PrimaryTitle.GetFOA], nous avons reçu des nouvelles de [FromFrom.Capital.GetName], il semble que votre [From.GetRootRelation] [From.GetTitledFirstNameWithDynastyNoRegnal] a souffert de graves mutilations infligées par [FromFrom.GetTitledFirstNameWithDynastyNoRegnal] qui le(a) retient. [From.GetTitledFirstNameNoRegnal] a été aveuglé(e) !;;;[Root.PrimaryTitle.GetFOA], hemos recibido noticias de [FromFrom.Capital.GetName], parece que vuestro [From.GetRootRelation] [From.GetTitledFirstNameWithDynastyNoRegnal] ha sufrido grandes mutilaciones infligidas por su captor [FromFrom.GetTitledFirstNameWithDynastyNoRegnal]. [From.GetTitledFirstNameNoRegnal] ha sido cegado!;;;;;;;;;x
EVTOPTALoR.8310;What shocking brutality!;Quelle brutalité !;;;Qué brutalidad!;;;;;;;;;x
EVTDESCLoR.8340;[Root.PrimaryTitle.GetFOA], we have received word from [FromFrom.Capital.GetName] that your [From.GetRootRelation] [From.GetTitledFirstNameWithDynastyNoRegnal] has suffered a grave mutilation at the hands of [From.GetHerHis] captor [FromFrom.GetTitledFirstNameWithDynastyNoRegnal], who had the unfortunate [From.GetTitledFirstNameNoRegnal] castrated!;[Root.PrimaryTitle.GetFOA], nous avons reçu des nouvelles de [FromFrom.Capital.GetName], il semble que votre [From.GetRootRelation] [From.GetTitledFirstNameWithDynastyNoRegnal] a souffert de graves mutilations infligées par [FromFrom.GetTitledFirstNameWithDynastyNoRegnal] qui le retient. [From.GetTitledFirstNameNoRegnal] a été castré !;;;[Root.PrimaryTitle.GetFOA], hemos recibido noticias de [FromFrom.Capital.GetName], parece que vuestro [From.GetRootRelation] [From.GetTitledFirstNameWithDynastyNoRegnal] ha sufrido grandes mutilaciones infligidas por su captor [FromFrom.GetTitledFirstNameWithDynastyNoRegnal]. [From.GetTitledFirstNameNoRegnal] ha sido castrado!;;;;;;;;;x
EVTOPTALoR.8340;That is most cruel;Quelle cruauté !;;;Qué crueldad!;;;;;;;;;x
EVTDESC50053;[Root.PrimaryTitle.GetFOA], we have heard reports from [FromFrom.Capital.GetName] that your [From.GetRootRelation] [From.GetTitledFirstNameWithDynastyNoRegnal] is suffering greatly in the captivity of [FromFrom.GetTitledFirstNameWithDynastyNoRegnal]. Apparently the unfortunate [From.GetTitledFirstNameNoRegnal] is being routinely tortured by [From.GetHerHis] captives!;[Root.PrimaryTitle.GetFOA], nous avons reçu des nouvelles de [FromFrom.Capital.GetName], il semble que votre [From.GetRootRelation] [From.GetTitledFirstNameWithDynastyNoRegnal] souffre énormément aux mains de [FromFrom.GetTitledFirstNameWithDynastyNoRegnal] qui le(a) retient. Apparemment le(a) malheureux(se) [From.GetTitledFirstNameNoRegnal] est régulièrement torturé(e) !;;;[Root.PrimaryTitle.GetFOA], hemos recibido noticias de [FromFrom.Capital.GetName], parece que vuestro [From.GetRootRelation] [From.GetTitledFirstNameWithDynastyNoRegnal] sufre enormemente a manos de su captor [FromFrom.GetTitledFirstNameWithDynastyNoRegnal]. Parece que [From.GetTitledFirstNameNoRegnal] es regularmente torturado!;;;;;;;;;x
EVTOPTA50053;This surely an abuse of [From.GetHerHis] rights!?;Il s'agit d'un abus de ses droits !;;;Es un abuso de sus derecho!;;;;;;;;;x
EVT_DESC_50062;Your jailors have taken you from your cell to your captor [force_marriage_actor.GetTitledFirstNameWithDynastyNoRegnal]. There, before [force_marriage_actor.GetHerHis] court, you learn that you are to be forcibly married to [forced_spouse.GetTitledFirstNameWithDynastyNoRegnal]!;Vos geôliers vous ont fait sortir de votre cellule et vous ont mené de force à [FromFrom.GetTitledFirstNameWithDynastyNoRegnal]. C'est là, devant sa cour, que vous apprenez que vous allez être marié(e) de force avec [FromFrom.GetHerHim] !;;;Los carceleros te hacen salir y te conducen ante [FromFrom.GetTitledFirstNameWithDynastyNoRegnal]. Es allí, delante de su corte, donde descubres que te van a casar a la fuerza con [FromFrom.GetHerHim]!;;;;;;;;;x
EVT_OPTA_50062;I have no choice it seems;Il semble que je n'ai pas le choix;;;Parece que no tengo elección;;;;;;;;;x
EVTDESC50063;[Root.PrimaryTitle.GetFOA], word has been sent from [force_marriage_actor.Capital.GetName] where your [From.GetRootRelation] [From.GetTitledFirstNameWithDynastyNoRegnal] is being held captive. [From.GetSheHeCap] has apparently agreed to marry [forced_spouse.GetTitledFirstNameWithDynastyNoRegnal], but it is clear this wedding is being forced under duress.;[Root.PrimaryTitle.GetFOA], nous avons reçu des nouvelles de [FromFrom.Capital.GetName]où votre [From.GetRootRelation] [From.GetTitledFirstNameWithDynastyNoRegnal] est retenu(e) captif(ve). [From.GetSheHeCap] semble apparemment avoir accepté de se marier avec [FromFrom.GetTitledFirstNameWithDynastyNoRegnal] qui le(a) retient, mais il y a de fortes chances pour qu'il s'agisse d'un mariage forcé.;;;[Root.PrimaryTitle.GetFOA], hemos recibido noticias de [FromFrom.Capital.GetName] donde vuestra [From.GetRootRelation] [From.GetTitledFirstNameWithDynastyNoRegnal] está cautiva. Parece haber aceptado casarse con su captor [FromFrom.GetTitledFirstNameWithDynastyNoRegnal], pero todo indica a que se trata de un matrimonio forzado.;;;;;;;;;x
EVTOPTA50063;This would seem like treachery;Cela ressemble à une trahison.;;;Esto suena a traición.;;;;;;;;;x
EVTDESCiron_throne.30;Whilst holding court in the throne room of The Red Keep, you felt a sudden sharp pain. You have cut yourself on one of the blades on the Iron Throne!;Alors que vous donniez audience dans la salle du trône du Donjon rouge, vous avez soudain senti une douleur aiguë. Vous vous êtes coupé sur une des lames du Trône de fer !;;;Mientras se encontraba en la sala del trono en la Fortaleza Roja, sintió un repentino dolor agudo. ¡Te has cortado con una de las cuchillas del Trono de Hierro!;;;;;;;;;x
EVTOPTAiron_throne.30;Ouch!;Aïe !;;;¡Ay!;;;;;;;;;x
EVTDESCiron_throne.30B;Whilst they were talking and doing other boring stuff, the council had me sit on the big metal chair to watch. I got more and more tired and restless, and eventually cut myself on the nasty chair!;Pendant qu'ils parlaient et faisaient d'autres choses ennuyeuses, le conseil m'a assis sur la grande chaise en métal pour regarder. Je devins de plus en plus fatigué et mal à l'aise, et finalement je me suis coupé sur cette saleté de chaise !;;;Mientras estaban hablando y haciendo cosas aburridas, el consejo me hizo sentarme en ek trono de hierro. Me puse cada vez más cansado e inquieto, ¡y finalmente me corté con el sucio trono!;;;;;;;;;x
EVTDESCiron_throne.30C;For some reason, the regency council thought it would present a strong image to have your person seated on the Iron Throne whilst holding court. In your gibbering stupour, however, you cut yourself on the throne, and the council wisely kept you away from it from then on.;Pour quelque raison, le conseil de régence a pensé que cela présenterait une image forte d'avoir votre personne assise sur le Trône de fer en recevant la cour. Dans votre stupeur agitée, cependant, vous vous êtes coupé sur le trône, et le conseil sagement vous a désormais éloigné de lui.;;;Por alguna razón, el consejo de regencia pensó que presentaría una imagen fuerte de su persona sentada en el Trono de Hierro mientras se encuentra en la corte. Sin embargo su estupor balbuceante,, hizo que se cortara con el trono, y el consejo sabiamente lo mantuvo alejado de allí de ahora en adelante.;;;;;;;;;x
EVTDESCiron_throne.30D;I got to sit on the Iron Throne today! I dispensed justice and everyone said how clever my decisions were! Although in my excitement I cut myself on it.;Je me suis assis sur le Trône de fer aujourd'hui ! J'ai rendu la justice et chacun s'exprimait sur l'ingéniosité de mes décisions. Cependant, dans mon exitation, je me suis coupé sur lui.;;;¡Me sente en el Trono de Hierro hoy! ¡Dispensé justicia y todos dijeron cuán inteligentes eran mis decisiones! Aunque en mi emoción me corté en él.;;;;;;;;;x
EVTDESCiron_throne.30E;Whilst hearing petitions in the throne room of The Red Keep, a furious rage took hold of me! Amidst my anger and loud shouting I accidentally cut myself on the Iron Throne!;Pendant que j'écoutais les requêtes dans la salle du trône du Donjon Rouge, une rage furieuse s'empara de moi ! Dans ma colère, et mes coups furieux, je me suis coupé accidentellement sur le Trône de fer.;;;¡Mientras escuchaba peticiones en la sala del trono en la Fortaleza Roja, una rabia furiosa me invadió! En medio de mi ira y fuertes gritos, ¡accidentalmente me corté en el Trono de Hierro!;;;;;;;;;x
EVTDESCiron_throne.30F;I just cant sit still whilst holding court, with the court all around me, listening to my rapturous wisdom! During one of my more ingenious monologues, I gesticulated wildly and cut myself on the Iron Throne.;Je ne peux pas m'asseoir tranquillement en recevant la cour, avec la cour tout autour de moi, à l'écoute de ma sagesse ravissante ! Pendant l'un de mes plus ingénieux monologues, je me mis à gesticuler de façon désordonnée et me coupai sur le Trône de fer.;;;Simplemente no puedo quedarme quieto mientras estoy en el trono, con la gente a mi alrededor, escuchando mi magnifica sabiduría. Durante uno de mis monólogos más ingeniosos, gesticulé violentamente y me corté en el Trono de Hierro.;;;;;;;;;x
EVTDESCiron_throne.30G;Although I find it wearisome and tedious, my council insisted that I hold court in the throne room of The Red Keep for once. Begrudingly I agreed, but I eventually I fell asleep and cut myself on the Iron Throne whilst in my slumber!;Bien que je trouve cela fatigant et fastidieux, mon conseil insista pour que je tienne ma cour dans la salle du trône du Donjon Rouge pour cette fois. J'acceptai de mauvaise grâce, mais finalement je m'endormis et me coupai sur le Trône de fer dans mon sommeil;;;Aunque me parece tedioso, mi consejo insistió en que comparezca ante el tribunal en el salón del trono de la Fortaleza Roja por una vez. De mala gana, acepté, pero finalmente me quedé dormido y me corté en el Trono de Hierro mientras dormía.;;;;;;;;;x
EVTDESCiron_throne.30H;Despite my illness, I was determined to hold court in the throne room of The Red Keep from atop the Iron Throne. Perhaps it would of been if I hadn't however, for I cut myself on it whilst struggling to keep alive and awake!;En dépit de ma maladie, j'étais déterminé à tenir ma cour dans la salle du trône du Donjon Rouge du haut du Trône de fer. Cela aurait pu être ainsi s'il ne m'était arrivé que je me coupe dessus tout en luttant pour rester en vie et éveillé.;;;A pesar de mi enfermedad, estaba decidido a mantener la corte en la sala del trono de la Fortaleza Roja desde el Trono de Hierro. ¡Tal vez no tendria que haberlo hecho, porque me corté mientras luchaba por mantenerme vivo y despierto!;;;;;;;;;x
EVTDESCiron_throne.30I;My injuries make it very difficult to move, let alone climb up to the seat atop the Iron Throne. Perhaps it is not surprising I cut myself on it whilst trying to do so!;Mes blessures font que je me déplace avec difficulté, et que j'ai encore plus de mal à grimper sur le siège au sommet du Trône de fer. Peut-être n'est-il pas surprenant que je me coupe dessus en essayant de le faire!;;;Mis lesiones hacen que me sea muy difícil moverme, y mucho menos subir al asiento encima del Trono de Hierro. ¡No es sorprendente que me corte mientras trato de hacerlo!;;;;;;;;;x
EVTDESCiron_throne.30J;This morning you are were due to hold court in the throne room of the Red Keep. You stagger into the room in a drunken stupour and, as the court watches on, you clumsily clamber up to the top of the Iron Throne. In your dizziness you slip, and cut yourself on it!;Ce matin, vous deviez tenir la cour dans la salle du trône du Donjon Rouge. Vous avez chancelé dans la pièce, dans une torpeur d'ivrogne et, comme la cour vous regardait, vous avez grimpé maladroitement jusqu'au sommet du Trône de fer. Dans votre étourdissement vous avez glissé, et vous êtes coupé dessus !;;;Esta mañana decidiste celebrar la corte en la sala del trono de la Fortaleza Roja. Te tambaleas dentro de la habitación en un estupor ebrio y, mientras el tribunal observa, te subes torpemente a la cima del Trono de Hierro. ¡En tu mareo te resbalas y te cortas en él!;;;;;;;;;x
EVTDESCiron_throne.30K;It is time to hold court in the throne room of The Red Keep, and so you must carry your rotund frame up the sharp steps to the top of the Iron Throne. You are sweating and panting by the time you reach the seat, and when you sit with an ungraceful thump you catch yourself on one of the barbs!;C'est le moment de tenir la cour dans la salle du trône du Donjon Rouge, et vous devez hisser votre corps replet sur les marches pointues au sommet du Trône de fer. Vous êtes en sueur et haletant au moment où vous atteignez le siège, et quand vous vous asseyez en vous laissant tomber de façon disgracieuse, vous saisissez une de ses piques;;;Es hora de mantener el consejo en la sala del trono de La Fortaleza Roja, por lo que debes ir por los escalones hacia la parte superior del Trono de Hierro. Estás sudando y jadeando para cuando llegas al asiento, y cuando te sientas con un golpe desgarbado, te pones en una de las púas;;;;;;;;;x
EVTDESCiron_throne.30L;Without your sight, climbing the steps to the top of the Iron Throne to hold court is most hazardous. Despite careful guidance from your retainers, you cut yourself on one of its sharp blades!;Sans votre vue, monter les marches jusqu'au sommet du Trône de fer pour tenir la cour est très dangereux. Malgré les conseils avisés  de vos serviteurs, vous vous coupez sur une de ses lames tranchantes!;;;Sin su vista, subir los escalones hasta la parte superior del Trono de Hierro es muy peligroso. ¡A pesar de la guía cuidadosa de sus retenedores, se cortó con una de sus afiladas cuchillas!;;;;;;;;;x
EVTDESCiron_throne.31;In an ironic twist of fate, it is reported [From.GetTitledFirstNameWithDynasty] was killed whilst sitting on the Iron Throne itself, cut open by its blades!;Dans un coup ironique du sort, il est rapporté que [From.GetTitledFirstNameWithDynasty] a été tué alors qu'il s'était assis sur le Trône de fer, ouvert par ses lames!;;;En un giro irónico del destino, se informa que [From.GetTitledFirstNameWithDynasty] fue asesinado mientras estaba sentado en el Trono de Hierro, cortado por sus cuchillas.;;;;;;;;;x
EVTOPTAiron_throne.31;Perhaps the throne rejected [From.GetHerHim]?;Peut-être que le trône l'a rejeté ?;;;¿Tal vez el trono lo rechazó?;;;;;;;;;x
cut_on_iron_throne;Was Cut on the Iron Throne;S'est coupé sur le Trône de fer;;;Se corto con el trono de hierro;;;;;;;;;x
EVTDESCflavour_events.8;Spending time your [Root.Spouse.GetHusbandWife] [Root.Spouse.GetTitledFirstName] you have also come to get to know [Root.Spouse.GetHerHis] mother quite well, you can tell there is definitely a mutual attraction between yourself and [Root.Spouse.Mother.GetTitledFirstName]. One night [Root.Spouse.Mother.GetFirstName] comes into your chambers when your [Root.Spouse.GetHusbandWife] is not there and disrobes for you... she wants you... but do you want her enough to risk your marriage?;En passant du temps avec votre [Root.Spouse.GetHusbandWife] [Root.Spouse.GetTitledFirstName] vous avez également fait assez bien connaissance de sa mère, et vous pouvez dire qu'il y a certainement une attraction mutuelle entre vous et [Root.Spouse.Mother.GetTitledFirstName]. Une nuit [Root.Spouse.Mother.GetFirstName] est venue dans votre chambre lorsque votre [Root.Spouse.GetHusbandWife] n'était pas là et se déshabilla pour vous ... elle vous veut ... mais voulez-vous assez d'elle pour risquer votre mariage ?;;;Pasando el tiempo con [Root.Spouse.GetHusbandWife] [Root.Spouse.GetTitledFirstName] has llegado a conocer bastante bien a su madre, puedes ver que definitivamente hay una atracción mutua entre ti y [Root .Spouse.Mother.GetTitledFirstName]. Una noche [Root.Spouse.Mother.GetFirstName] entra en tus cámaras cuando tu [Root.Spouse.GetHusbandWife] no está allí y se desviste por ti...ella te quiere...pero ¿la quieres lo suficiente como para arriesgar tu matrimonio?;;;;;;;;;x
EVTOPTAflavour_events.8;[Root.Spouse.GetFirstName]'s mum has got it going on!;La mère de [Root.Spouse.GetFirstName] est allée plus avant !;;;La madre de [Root.Spouse.GetFirstName] ha ido más allá.;;;;;;;;;x
EVTOPTBflavour_events.8;I could never do that my [Root.Spouse.GetHusbandWife];Je ne pourrais jamais faire cela à mon [Root.Spouse.GetHusbandWife];;;nunca podría hacerle eso a [Root.Spouse.GetHusbandWife];;;;;;;;;x
TOOLTIPflavour_events.9;Your [Root.Spouse.GetHusbandWife] discovers what you did to [Root.Spouse.GetHerHis] mother.;Votre [Root.Spouse.GetHusbandWife] a découvert ce que vous avez fait avec sa mère.;;;Tu [Root.Spouse.GetHusbandWife] descubrió lo que hiciste con su madre.;;;;;;;;;x
EVTDESCflavour_events.9;It seems a servant saw what you and [Root.Spouse.Mother.GetTitledFirstName] were getting up to a few nights ago, she has informed your [Root.Spouse.GetHusbandWife] and [Root.Spouse.GetSheHe] is very displeased...;Il semble qu'un domestique a vu ce que vous et [Root.Spouse.Mother.GetTitledFirstName] vous êtes levé(e)s il y a quelques nuits, elle a informé votre [Root.Spouse.GetHusbandWife] et [Root.Spouse.GetSheHe] est très mécontent(e)...;;;Parece que un servidor vio lo que tú y [Root.Spouse.Mother.GetTitledFirstName] estaban haciendo hace algunas noches, ella ha informado a [Root.Spouse.GetHusbandWife] y [Root.Spouse.GetSheHe] está muy disgustado...;;;;;;;;;x
EVTOPTAflavour_events.9;Oh dear...;Oh !;;;;Oh querido...¡Oh!;;;;;;;;x
EVTDESC_ZE_22101;[From.GetTitledFirstNameNoRegnal] gratefully received the donation, solidifying our friendship.;[From.GetTitledFirstNameNoRegnal] a reçu avec reconnaissance le don, fortifiant ainsi notre amitié.;;;[From.GetTitledFirstNameNoRegnal] con gratitud recibió la donación, solidificando nuestra amistad.;;;;;;;;;x
EVTDESCAcourt.55;Your wife approached you in the afternoon and asked you if you would request that [handmaiden_candidate.GetTitledFirstName] be invited to your court to serve as her handmaiden, her and [handmaiden_candidate.GetFirstName] are close friends so they would get along very well.;Votre épouse vous a contacté dans l'après-midi et vous a demandé si vous acceptiez que [handmaiden_candidate.GetTitledFirstName] soit invitée à votre cour pour servir comme sa servante, elle et [handmaiden_candidate.GetFirstName] sont des amies proches et elles s'entendront très bien.;;;Su esposa se acercó a usted por la tarde y le preguntó si solicitaría que [handmaiden_candidate.GetTitledFirstName] sea invitada a su corte para que sirva como su sirvienta, ella y [handmaiden_candidate.GetFirstName] son amigos cercanos parecen que se llevan bien.;;;;;;;;;x
EVTDESCBcourt.55;Your wife approached you in the afternoon and asked you if you would request that [handmaiden_candidate.GetTitledFirstName] be invited to your court to serve as her handmaiden, her and [handmaiden_candidate.GetFirstName] are close relatives so they would get along very well.;Votre femme vous a contacté dans l'après-midi et vous a demandé si vous acceptiez que [handmaiden_candidate.GetTitledFirstName] soit invitée à votre cour pour servir comme sa servante, elle et [handmaiden_candidate.GetFirstName] sont parentes et elles s'entendront très bien.;;;Su esposa se acercó a usted por la tarde y le preguntó si solicitaría que [handmaiden_candidate.GetTitledFirstName] sea invitada a su corte para que sirva como su doncella, ella y [handmaiden_candidate.GetFirstName] son parientes cercanos parece que se llevan bien.;;;;;;;;;x
EVTOPTAcourt.55;I will enquire with her liege;Je vais demander à son lige;;;Preguntaré cual es su señor;;;;;;;;;x
EVTOPTBcourt.55;Be content with your current handmaidens;Êtes satisfait de vos servantes actuelles;;;Contente con tus doncellas actuales;;;;;;;;;x
EVTDESCcourt.56;Dear [Root.GetTitledFirstName],\nMy wife has recently asked me to invite your courtier [handmaiden_candidate.GetTitledFirstName] to be her handmaiden, do you consent to this offer?;Cher [Root.GetTitledFirstName],\n Mon épouse m'a récemment demandé d'inviter votre dame de cour [handmaiden candidate.GetTitledFirstName] pour être sa servante, consentez-vous à cette offre ?;;;;;;;;;;;;x
EVTOPTAcourt.56;I see no reason why not to;Je ne vois pas de raison contre cela;;;;;;;;;;;;x
EVTOPTBcourt.56;She is a valuable couriter, maybe for some gold;C'est une dame de cour précieuse, peut-être pour un peu d'or;;;;;;;;;;;;x
EVTOPTCcourt.56;I shall let you have her for a favour;Je vous la cède contre une faveur;;;;;;;;;;;;x
EVTOPTDcourt.56;I am sorry but she must stay;Je suis désolé, mais elle doit rester;;;;;;;;;;;;x
EVTDESCcourt.57;Dear [Root.GetTitledFirstName],\nThat sounds like a wonderful idead, I hope [handmaiden_candidate.GetTitledFirstName] serves your wife well as her handmaiden!;Cher [Root.GetTitledFirst Name],\n Cela sonne comme une idée merveilleuse, j'espère que [handmaiden_candidate.GetTitledFirstName] serve votre femme ainsi que sa servante!;;;;;;;;;;;;x
EVTOPTAcourt.57;Wonderful! Welcome to your new home [handmaiden_candidate.GetFirstName];Merveilleux ! Bienvenue dans votre nouveau foyer, [handmaiden_candidate.GetFirstName];;;;;;;;;;;;x
EVTDESCcourt.58;Dear [Root.GetTitledFirstName],\n[handmaiden_candidate.GetTitledFirstName] is a valuable courtier, to have her you must send me some gold for my troubles.;Cher [Root.GetTitledFirstName], \n [handmaiden_candidate.GetTitledFirstName] est une précieuse courtisane, pour l'avoir vous devez m'envoyer un peu d'or pour le dérangement.;;;;;;;;;;;;x
EVTOPTAcourt.58;That sounds a reasonable price! Welcome to your new home [handmaiden_candidate.GetFirstName];Cela semble un prix raisonnable ! Bienvenue dans votre nouveau foyer, [handmaiden_candidate.GetFirstName];;;;;;;;;;;;x
EVTOPTBcourt.58;Sorry but that is out of the question;Désolé, mais c'est hors de question;;;;;;;;;;;;x
EVTDESCcourt.59;Dear [Root.GetTitledFirstName],\n[handmaiden_candidate.GetTitledFirstName] is a valuable courtier, to have her we should say that you owe me a favour.;Cher [Root.GetTitledFirstName],\n [handmaiden_candidate.GetTitledFirstName] est une précieuse dame de cour pour l'avoir, nous devrions dire que vous me devez une faveur.;;;;;;;;;;;;x
EVTOPTAcourt.59;Let us say I owe you then! Welcome to your new home [handmaiden_candidate.GetFirstName];D'accord, je vous en dois une ! Bienvenue dans votre nouveau foyer, [handmaiden_candidate.GetFirstName];;;;;;;;;;;;x
EVTDESCcourt.60;Dear [Root.GetTitledFirstName],\nThat sounds like a reasonable request and i agree to your terms! I promise you that [handmaiden_candidate.GetTitledFirstName] shall be treated well.;Cher [Root.GetTitledFirst Name],\nCela semble une requête raisonnable et j'accepte vos termes ! Je vous promets que [handmaiden candidate.GetTitledFirstName] sera bien traitée.;;;;;;;;;;;;x
EVTOPTAcourt.60;Wonderful news!;De bonnes nouvelles !;;;;;;;;;;;;x
EVTDESCcourt.61;Dear [Root.GetTitledFirstName],\nI just cannot agree to your request, no handmaiden is worth that much to me.;Cher [Root.GetTitledFirstName],\nJe ne peux simplement pas accepter votre demande, aucune servante ne vaut autant pour moi.;;;;;;;;;;;;x
EVTOPTAcourt.61;Be that way then!;Qu'il en soit ainsi !;;;;;;;;;;;;x
EVTDESCcourt.62;Dear [Root.GetTitledFirstName],\nI just cannot agree to your request, [handmaiden_candidate] is just too valuable a courtier for me to give to you.;Cher [Root.GetTitledFirstName],\nJe ne peux simplement pas accepter votre demande, [handmaiden_candidate] est justement une dame de cour trop précieuse pour moi pour vous la donner.;;;;;;;;;;;;x
EVTOPTAcourt.62;Well that is annoying;Comme c'est agaçant !;;;;;;;;;;;;x
EVTDESCcourt.63;One afternoon your wife comes over to you and begs a private word, she asks that you allow her to take one of the serving girls as her handmaiden. She says that she has become very fond of her and believes she would serve well and the two of them would get along wonderfully.;Un après-midi, votre femme s'approche de vous et demande un mot en privé, elle vous demande de lui permettre de prendre une des domestiques comme sa servante. Elle dit qu'elle est devenue très affectueuse avec elle et croit qu'elle servirait bien et qu'elles s'entendraient merveilleusement bien toutes les deux .;;;;;;;;;;;;x
EVTOPTAcourt.63;If you both get along then why not...;Si vous vous entendez bien, pourquoi pas... ;;;;;;;;;;;;x
EVTOPTBcourt.63;She is but a peasant, she cannot be your handmaiden;Elle n'est qu'une paysanne, elle ne peut pas être votre servante;;;;;;;;;;;;x
EVTDESCtrait_notification.19;The study of the lore of ancient magic fascinates me, I have become a mystic.;L'étude des traditions de la magie antique me fascine, je suis devenu un mystique.;;;El estudio de la magia antigua me fascina, me he convertido en un místico.;;;;;;;;;x
EVTNAMEjob_chancellor.2;Reputation Repaired;Réputation réparée;;;;;;;;;;;;x
EVTDESCjob_chancellor.2;In an attempt to improve my liege's unfortunate reputation, I have spent the past months sending ravens and meeting important nobles throughout the realm. I have successfully managed to quash certain rumours about [Root.Liege.GetTitledFirstNameNoRegnal], and explain away some of [Root.Liege.GetHerHis] other purported actions.;Dans une tentative d'améliorer la réputation malheureuse de mon lige, j'ai passé les derniers mois en envoyant des corbeaux et en rencontrant des nobles importants dans tout le royaume. J'ai réussi à annuler certaines rumeurs au sujet de [Root.Liege.GetTitledFirstNameNoRegnal], et expliquer certaines de ses autres prétendues actions.;;;;;;;;;;;;x
EVTOPTAjob_chancellor.2;I merely told the 'truth';J'ai simplement dit la 'vérité';;;;;;;;;;;;x
EVTDESCjob_chancellor.3;[Root.PrimaryTitle.GetFOA], I have spent the past months trying to improving your good reputation. I have sent many ravens and met with the more notable nobles of the realm, and have successfully managed to quash certain rumours about your person.\n\nYours,\n[From.GetTitledFirstNameWithDynastyNoRegnal];[Root.PrimaryTitle.GetFOA], j'ai passé les derniers mois à essayer d'améliorer votre bonne réputation. J'ai envoyé beaucoup de corbeaux et rencontré les plus notables nobles du royaume, et j'ai réussi à annuler certaines rumeurs au sujet de votre personne.\n\nVotre,\n[From.GetTitledFirstNameWithDynastyNoRegnal];;;;;;;;;;;;x
EVTOPTAjob_chancellor.3;Excellent work [From.GetTitledFirstNameNoRegnal];Excellent travail [From.GetTitledFirstNameNoRegnal];;;;;;;;;;;;x
EVTNAMEjob_chancellor.5;Reputation Tarnished;Réputation ternie;;;;;;;;;;;;x
EVTDESCjob_chancellor.5;Despite my best efforts to improve my liege's reputation, it seems I have only made things worse. Most of the lords and ladys I spoke with treated my words with scorn and suspicion, and my attempts to explain [Root.Liege.GetTitledFirstNameNoRegnal]'s actions mostly fell on deaf ears.;Malgré tous mes efforts pour améliorer la réputation de mon lige, il semble que je n'ai fait qu'empirer les choses. La plupart des seigneurs et des dames avec qui j'ai parlé ont traité mes paroles avec mépris et suspicion, et mes tentatives d'expliquer les actions de [Root.Liege.GetTitledFirstNameNoRegnal] sont tombées dans l'oreille d'un sourd.;;;;;;;;;;;;x
EVTOPTAjob_chancellor.5;[Root.Liege.GetTitledFirstNameNoRegnal] name is too far gone it seems;Il semble que le nom de [Root.Liege.GetTitledFirstNameNoRegnal] soit allé trop loin;;;;;;;;;;;;x
reputation_damaged;Reputation Tarnished;Réputation ternie;;;;;;;;;;;;x
EVTDESCjob_chancellor.6;[Root.PrimaryTitle.GetFOA], despite my best efforts to try and improve your wrongly tarnished reputation, it seems your standing in the realm has lessened. The ravens I sent were merely greated with scorn and scepticism, whilst the nobles I met did not believe the explanations I provided for your just actions.\n\nYours,\n[From.GetTitledFirstNameWithDynastyNoRegnal];[Root.PrimaryTitle.GetFOA], malgré mes grands efforts pour essayer d'améliorer votre mauvaise réputation ternie, il semble que votre position dans le royaume a diminué. Les corbeaux que j'avais envoyés ont été accueillis avec mépris et scepticisme, tandis que les nobles que j'ai rencontrés ne croyaient pas les explications que j'ai fournies pour vos actions justes.\n\nVotre,\n[From.GetTitledFirstNameWithDynastyNoRegnal];;;;;;;;;;;;x
EVTOPTAjob_chancellor.6;The fool has only made things worse!;Cet idiot n'a fait qu'empirer les choses!;;;;;;;;;;;;x
EVTDESCtrait_notification.20;The voices in my head have gone, I feel calm again. I am no longer possessed!;Les voix dans ma tête ont disparu, je me sens calme à nouveau. Je ne suis plus possédé !;;;;;;;;;;;;x
EVTOPTB_RIP_29301;My friend will surely train with me;Mon ami va sûrement s'entraîner avec moi;;;;;;;;;;;;x
TOOLTIPRIP.29350;You ask [This.GetTitledFirstNameNoRegnal] to train with you;Vous demandez à [This.GetTitledFirstNameNoRegnal] de s'entrainer avec vous;;;;;;;;;;;;x
EVTOPTC_RIP_29301;I will assign one of my courtiers to train with me;Je vais ordonner à un de mes courtisans de s'entraîner avec moi;;;;;;;;;;;;x
TOOLTIPRIP.29350;You order [This.GetTitledFirstNameNoRegnal] to train with you;Vous demandez à [This.GetTitledFirstNameNoRegnal] de s'entrainer avec vous;;;;;;;;;;;;x
EVTOPTD_RIP_29301;There is no point;Cela ne sert à rien;;;;;;;;;;;;x
EVTOPTE_RIP_29301;I am not bothered;Je ne suis pas inquiet;;;;;;;;;;;;x
EVTDSC_RIP_29302B;It has taken many months of hard training, but it was worth it! Thanks to [FromFrom.GetTitledFirstNameNoRegnal] and my own perseverance I can now wield my weapon almost as well in my remaining hand as I could with the one I lost.;Cela a pris de nombreux mois d'entraînement difficiles, mais cela valait la peine ! Grâce à [FromFrom.GetTitledFirstNameNoRegnal] et à ma propre persévérance, je peux manier une arme presque aussi bien de ma main restante que je le faisais avec celle que j'ai perdue.;Es hat viele Monate gedauert, aber es war die Mühe wert! Dank eines fähigen Ausbilders und der eigenen Beharrlichkeit kann ich nun mit der mir verbliebenen, schwächeren Hand eine Waffe fast ebenso gut führen wie mit der Hand, die ich verloren habe.;;¡Me ha llevado muchos meses de duro entrenamiento, pero ha valido la pena! Gracias a un maestro talentoso y mi perseverancia ahora puedo empuñar el arma en la mano que me queda casi tan bien como en la que perdí.;;;;;;;;;x
EVTDSC_RIP_29303B;I kept at it for many months, but the improvements were disappointingly small, especially compared to all the effort I put in. Over time I have visited the sparring ring and trained with [FromFrom.GetTitledFirstNameNoRegnal] less and less often. Today it has been over a fortnight since last I practiced.;J'ai travaillé pendant de nombreux mois, mais les progrès furent désespérément petits, spécialement en comparaison de tous mes efforts. Avec le temps, je vais de moins en moins souvent m'entraîner avec [FromFrom.GetTitledFirstNameNoRegnal]. Aujourd'hui cela fait plus de deux semaines que je n'ai pas pratiqué.;Ich hielt viele Monate durch, aber die Fortschritte standen in keinem Verhältnis zum betriebenen Aufwand. Eine deprimierende Erfahrung! Mit der Zeit wurden meine Besuche auf dem Übungsgelände immer seltener. Am heutigen Tage liegt mein letztes Training schon mehr als zwei Wochen zurück.;;He seguido durante muchos meses, pero las mejoras fueron decepcionantemente pequeñas, especialmente en comparación con todo el esfuerzo en que lo he puesto. Con el tiempo he ido visitando ring cada vez menos. Hoy hace casi quince días desde que entrené por última vez.;;;;;;;;;x
EVTDSC_RIP_29304B;I am not blind. I could tell that [FromFrom.GetTitledFirstNameNoRegnal] had started to lose faith in me, but I kept at it, refusing to give up. Today I paid the price for my pigheadedness when I messed up a parry yet again. [FromFrom.GetTitledFirstNameNoRegnal] was not quick enough to save me this time...;Je ne suis pas aveugle, je peux dire que [FromFrom.GetTitledFirstNameNoRegnal] a commencé a perdre foi en moi, mais je persiste et refuse d'abandonner. Aujourd'hui, je paie le prix pour mon obstination en ratant une parade une fois encore. [FromFrom.GetTitledFirstNameNoRegnal] n'a pas été assez rapide pour me sauver cette fois...;Ich bin nicht blind und konnte durchaus erkennen, dass mein Lehrer den Glauben an mich verloren hat. Trotzdem hielt ich durch, denn aufzugeben kommt niemals in Frage. Den Preis für meine Sturheit musste ich zahlen, als eine Parade – mal wieder – misslang ... und dieses Mal konnte mein Sparringspartner meinen Fehler nicht mehr ausbügeln ...;;No soy ciego. Me di cuenta de que mi maestro había comenzado a perder la fe en mí, pero seguí adelante, rechazando rendirme. Hoy he pagado el precio por mi cabezonería cuando volví a fallar una parada. Esta vez mi compañero de duelo no fue lo suficientemente rápido como para salvarme...;;;;;;;;;x
EVTDSC_RIP_29350;My [From.GetRootRelation] [From.GetTitledFirstNameWithDynastyNoRegnal] recently lost [From.GetHerHis] sword hand, and is requesting that I train with [From.GetHerHim] in an attempt to regain some of [From.GetHerHis] lost martial ability.;Mon [From.GetRootRelation] [From.GetTitledFirstNameWithDynastyNoRegnal] a récemment perdu sa main d'épée, et demande que je m'entraîne avec [From.GetHerHim] dans une tentative de récupérer une partie de sa capacité martiale perdue.;;;;;;;;;;;;x
EVTDSC_RIP_29350B;My good friend [From.GetTitledFirstNameWithDynastyNoRegnal] recently lost [From.GetHerHis] sword hand, and is requesting that over the next few months I train with [From.GetHerHim] in an attempt to regain some of [From.GetHerHis] lost martial ability.;Mon bon camarade [From.GetTitledFirstNameWithDynastyNoRegnal] a récemment perdu sa main d'épée, et demande que dans les prochains mois je m'entraîne avec [From.GetHerHim] dans une tentative de récupérer perdu sa main d'épée, et demande que je m'entraîne avec [From.GetHerHim] dans une tentative de récupérer une partie de sa capacité martiale perdue.;;;;;;;;;;;;x
EVTOPTA_RIP_29350;I will of course help you!;Bien sûr, je vais vous aider !;;;;;;;;;;;;x
EVTOPTB_RIP_29350;I am afraid I have not the time;Je suis désolé(e), je n'ai pas le temps;;;;;;;;;;;;x
opinion_refused_duel_retraining;Refused to Help Train;a refusé d'aider à s'entrainer;;;;;;;;;;;;x
EVTDSC_RIP_29351;[From.GetTitledFirstNameNoRegnal] agreed to my request, and so over the coming months we will train and spar together. The training will be difficult, but [From.GetTitledFirstNameNoRegnal] should make a good teacher.;[From.GetTitledFirstNameNoRegnal] a accepté ma demande, et ainsi dans les mois à venir nous nous entrainerons et croiserons le fer ensemble. La formation sera difficile, mais [From.GetTitledFirstNameNoRegnal] devrait faire un bon professeur.;;;;;;;;;;;;x
EVTDSC_RIP_29351B;My good friend [From.GetTitledFirstNameNoRegnal] agreed to my request, and so over the coming months we will train and spar together. The training will be difficult, but [From.GetTitledFirstNameNoRegnal] should make a good teacher.;Mon bon camarade [From.GetTitledFirstNameNoRegnal] a accepté ma demande, et ainsi dans les mois à venir nous nous entrainerons et croiserons le fer ensemble. La formation sera difficile, mais [From.GetTitledFirstNameNoRegnal] devrait faire un bon professeur.;;;;;;;;;;;;x
EVTOPTA_RIP_29351;Lets get to it!;Allons-y !;;;;;;;;;;;;x
EVTDSC_RIP_29352;[From.GetTitledFirstNameNoRegnal] refused my request, fobbing me off with some excuse about being too busy.;[From.GetTitledFirstNameNoRegnal] refusa ma demande, tentant de me tromper avec une excuse comme celle d'être trop occupé.;;;;;;;;;;;;x
EVTOPTA_RIP_29352;But I need the help!;Mais j'ai besoin d'aide !;;;;;;;;;;;;x
EVTDSC_RIP_29353;It has taken many months of hard training, but it was worth it! Thanks to my help and [From.GetHerHis] own perseverance, [From.GetTitledFirstNameNoRegnal] can now wield a weapon almost as well in [From.GetHerHis] remaining hand as [From.GetSheHe] could with the one [From.GetSheHe] lost.;Cela a pris plusieurs mois de dur entraînement, mais ça en valait la peine! Grâce à mon aide et à sa propre persévérance, [From.GetTitledFirstNameNoRegnal] peut maintenant brandir une arme presque aussi bien dans sa main restante que avec celle qu'[From.GetSheHe] a perdue.;;;;;;;;;;;;x
EVTOPTA_RIP_29353;I am a good teacher;Je suis un bon professeur;;;;;;;;;;;;x
opinion_duel_retraining_success;Successfully Trained Me;M'entraine avec succès;;;;;;;;;;;;x
EVTDSC_RIP_29354;We kept at it for many months, but [From.GetTitledFirstNameNoRegnal]'s improvements were disappointingly small, especially compared to all the effort we put in. Over time we have visited the sparring ring and trained less and less often. Today it has been over a fortnight since last we practiced.;Nous avons gardé cela pendant plusieurs mois, mais les améliorations de [From.GetTitledFirstNameNoRegnal] ont été décevantes, surtout par rapport à tous les efforts que nous y avons mis. Au fil du temps, nous avons visité l'aire d'entrainement de moins en moins souvent. Aujourd'hui, une quinzaine de jours sont passés depuis la dernière fois que nous avons pratiqué.;;;;;;;;;;;;x
EVTOPTA_RIP_29303;It is not meant to be;Ce n'est pas destiné à s'accomplir;;;;;;;;;;;;x
opinion_duel_retraining_fail;Failed to Train Me;Impossible de me former;;;;;;;;;;;;x
EVTDSC_RIP_29355;[From.GetTitledFirstNameNoRegnal] had made little progress with [From.GetHerHis] duel training, I was starting to think this is not possible. [From.GetTitledFirstNameNoRegnal] was determined to keep trying. Today [From.GetSheHe] paid the price for [From.GetHerHis] pigheadedness when [From.GetSheHe] messed up a parry yet again. I could not prevent [From.GetHerHim] from suffering a serious injury.;[From.GetTitledFirstNameNoRegnal] avait fait peu de progrès avec son entrainement au duel, je commençais à penser que ce n'étais pas possible. [From.GetTitledFirstNameNoRegnal] était déterminé à continuer à essayer. Aujourd'hui [From.GetSheHe] a payé le prix pour son entêtement quand [From.GetSheHe] manqua encore une parade. Je n'ai pas pu l'empêcher de subir une blessure grave.;;;;;;;;;;;;x
EVTOPTA_RIP_29304;I am sorry, but you knew the risks;Je suis désolé, mais vous connaissiez les risques;;;;;;;;;;;;x
EVTDESCflavour_events.25;Whilst going for a walk through the castle of Winterfell, I've discovered some very special flowers blooming in the glass gardens behind the godswood. They are beautiful blue winter roses, the same flowers told in the legends of Bael the Bard.;Alors que je me promenais dans le château de Winterfell, j’ai découvert des fleurs très particulières écloses dans les jardins d’hiver derrière le Bois sacré. Ce sont de belles roses bleues d’hiver, les mêmes fleurs que narre la légende de Bael le barde.;;;;;;;;;;;;x
EVTOPTAflavour_events.25;They look truly amazing;Cela a l’air fascinant;;;;;;;;;;;;x
EVTOPTBflavour_events.25;I will trample them for having this strange color;A cause de cette couleur étrange, je m’en vais les piétiner;;;;;;;;;;;;x
EVTOPTCflavour_events.25;I should pluck some and take them home with me;Je devrais en cueillir quelques unes et les rapporter chez moi;;;;;;;;;;;;x
TOOLTIPflavour_events.26;You decide what to do with the plucked blue winter roses;Vous décidez l’action à prendre avec les roses bleues d’hiver que vous avez cueillies;;;;;;;;;;;;x
EVTDESCflavour_events.26;I plucked some of the blue winter roses from the glass gardens of Winterfell. What should I do with them?;J’ai cueilli quelques roses bleues d’hiver des jardins d’hiver de Winterfell. Que dois-je en faire ?;;;;;;;;;;;;x
EVTOPTAflavour_events.26;I should plant them in my own garden at home;Je devrais les planter dans mon propre jardin;;;;;;;;;;;;x
EVTOPTBflavour_events.26;I will look magnificent wearing them in my hair;Elles seraient magnifiques si je les mettais dans mes cheveux;;;;;;;;;;;;x
EVTOPTCflavour_events.26;What a wonderful gift for my wife;Quel merveilleux cadeau pour ma femme;;;;;;;;;;;;x
EVTOPTDflavour_events.26;This is the perfect gift for my lover;Quel merveilleux cadeau pour mon amante;;;;;;;;;;;;x
EVTDESCflavour_events.30;Whilst sailing through [Root.Location.GetName], an enormous grey shadow is suddenly spotted in the water near the ship, emerging from the depths of the sea. A sailor near you calls it a leviathan and assures you that it won't attack the ship.;Alors que vous naviguiez vers [Root.Location.GetName], une énorme ombre grise émergeant des profondeurs de la mer est repérée dans l’eau près du bateau. Un marin à proximité dit que c’est un léviathan et qu’il n’attaquera pas le bateau.;;;;;;;;;;;;x
EVTOPTAflavour_events.30;What a stunning creature, I will watch it longer;Quelle étonnante créature, je vais l’observer de plus près;;;;;;;;;;;;x
EVTOPTBflavour_events.30;It has to be amazing to kill something this big;Cela doit être fantastique de tuer quelque chose d’aussi gros;;;;;;;;;;;;x
EVTOPTCflavour_events.30;Get the ship away from this monster!;Eloignez le vaisseau de ce monstre !;;;;;;;;;;;;x
EVTOPTDflavour_events.30;There's a dragon in the water, I will tame it!;Il y a un dragon dans l’eau, je vais l’apprivoiser;;;;;;;;;;;;x
TOOLTIPflavour_events.31;You jump in the water and try to tame the 'dragon';Vous sautez dans l’eau et tentez d’apprivoiser le ‘dragon’;;;;;;;;;;;;x
EVTDESCflavour_events.31;I jumped into the freezing cold water to tame the dragon. The sailors are calling my name and are trying to rescue me, but all I can see is the huge dragon directly before me.;Je saute dans l’eau froide pour dompter le dragon. Les marins m’appellent et tentent de me secourir mais mes yeux sont rivés sur le dragon en face de moi.;;;;;;;;;;;;x
EVTOPTAflavour_events.31;I have to speak dragon language with it!;Je dois utiliser la langue des dragons avec lui !;;;;;;;;;;;;x
EVTOPTBflavour_events.31;I have to pat its belly to tame it!;Je dois lui frotter le ventre pour l’apprivoiser !;;;;;;;;;;;;x
EVTOPTCflavour_events.31;Brrr, the water is way to cold, get me back on the ship;Brr, l’eau est trop froide, ramenez moi à bord !;;;;;;;;;;;;x
EVTDESCprovince.1;[Root.GetName] has benefitted greatly from being the capital of a prosperous realm that is The [Root.County.Holder.PrimaryTitle.GetFullName]. Immigrants are flocking to the city and traders frequently visit the markets. If this population boom is to made permanent, a plan of expanded fortifications for the city needs to be made.;[Root.GetName] a grandement bénéficié d’être la capitale d’un domaine prospère à savoir le [Root.County.Holder.PrimaryTitle.GetFullName]. Des immigrants arrivent en masse en ville et des négociants visitent fréquemment le marché. Si la croissance de la population devait être permanente, un plan d’extension des fortifications serait à prévoir. ;;;;;;;;;;;;x
EVTOPTAprovince.1;Yes, my people need more room to live;Oui, mon peuple a besoin de plus de place pour vivre;;;;;;;;;;;;x
EVTOPTBprovince.1;No, the [Root.GetPeasantNamePlural] can stick to their overcrowded slums;Non, les paysans peuvent rester entassés dans leur bidonville;;;;;;;;;;;;x
overcrowding;Overcrowding;Surpopulation;;;;;;;;;;;;x
EVTDESCinterregnum.16;[Root.PrimaryTitle.GetName] has been embroiled in armed conflict with [From.GetTitledFirstNameWithDynastyNoRegnal] these past few months. [From.GetSheHeCap] is a claimant to [Root.PrimaryTitle.GetName], so perhaps [From.GetSheHe] may accept peace terms if we were to promise to allow [From.GetHerHim] to make [From.GetHerHis] case at a Great Council?;Ces derniers mois, [Root.PrimaryTitle.GetName] est embourbé dans un conflit armé avec [From.GetTitledFirstNameWithDynastyNoRegnal]. [From.GetSheHeCap] revendique le titre de [Root.PrimaryTitle.GetName], aussi accepterait-[From.GetSheHe] la paix si nous lui promettons de plaider sa cause devant le Grand Concile ?;;;;;;;;;;;;x
EVTOPTAinterregnum.16;Yes, we shall offer these terms;Oui, faisons-lui cette proposition;;;;;;;;;;;;x
EVTTOOLTIPinterregnum.17;[This.GetTitledFirstNameNoRegnal] is offered a white peace, on condition of a Great Council being held;Une paix blanche est proposée à [This.GetTitledFirstNameNoRegnal], sous condition de la tenue d’un Grand concile;;;;;;;;;;;;x
EVTOPTBinterregnum.16;No, [From.GetTitledFirstNameNoRegnal] is a traitor and must be defeated;Non, [From.GetTitledFirstNameNoRegnal] est un traître et doit être battu;;;;;;;;;;;;x
EVTDESCinterregnum.17;[Root.GetTitledFirstNameWithDynastyNoRegnal], I understand your grievances at the previous occupant of [From.PrimaryTitle.GetName], but rest assured I only want a peaceful resolution to the ongoing conflict. I urge you to agree to a peace, so that you can make the case for your claim at a Great Council of nobles of the realm.\nSigned,\n[From.GetFirstNameoftheHouse], [From.GetTitle] of [From.PrimaryTitle.GetName];[Root.GetTitledFirstNameWithDynastyNoRegnal], je comprends vos griefs envers l’occupant précédent de [From.PrimaryTitle.GetName], mais soyez assuré que je ne veux qu’un règlement pacifique du conflit en cours. Je vous prie urgemment de bien vouloir accéder à cette demande de paix pour que vous puissiez évoquer votre situation devant le Grand Concile des nobles du royaume.\nSigné,\n[From.GetFirstName] de la Maison [From.GetOnlyDynastyName], [From.GetTitle] de [From.PrimaryTitle.GetName];;;;;;;;;;;;x
EVTOPTAinterregnum.17;Yes, I agree to this;Oui, j’y consens;;;;;;;;;;;;x
EVTTOOLTIPinterregnum.18;[Root.GetTitledFirstNameNoRegnal] will stop hostilities against [This.PrimaryTitle.GetName] and will take up arms against its enemies.\n[Root.GetTitledFirstNameNoRegnal] will be given priority to make their case at the upcoming Great Council;[Root.GetTitledFirstNameNoRegnal] mettra fin aux hostilités envers [This.PrimaryTitle.GetName] et prendra les armes contre ses ennemis.\n[Root.GetTitledFirstNameNoRegnal] aura la priorité pour présenter son cas devant le Grand Concile.;;;;;;;;;;;;x
EVTOPTBinterregnum.17;No, I will forcibly claim what is mine by right!;Non, j’obtiendrais ma légitime revendication par la force;;;;;;;;;;;;x
EVTDESCinterregnum.18;[Root.PrimaryTitle.GetFOA], I find your terms reasonable, and so agree to a cessation of hostilities. I will attend the upcoming Great Council and make the case for my claim in good faith.\n\nYours\n[From.GetTitledFirstName] of House [From.GetOnlyDynastyName];[Root.PrimaryTitle.GetFOA], votre proposition est raisonnable et je consens à une cessation des hostilités. J’assisterai au prochain Grand Concile et aborderai ma revendication avec toute ma bonne foi.\n\nCordialement\n[From.GetTitledFirstName] de la Maison [From.GetOnlyDynastyName];;;;;;;;;;;;x
EVTDESCinterregnum.19;[Root.PrimaryTitle.GetFOA], I will not subject myself to your unlawful council. I am the rightful claimant to [Root.PrimaryTitle.GetName], and will take what is mine by force.\n\nSigned\n[From.GetTitledFirstName] of House [From.GetOnlyDynastyName];[Root.PrimaryTitle.GetFOA], je ne reconnais pas votre vil conseil. Je revendique légitimement [Root.PrimaryTitle.GetName], et récupérerai mon territoire par la force.\n\nSigné\n[From.GetTitledFirstName] de la Maison [From.GetOnlyDynastyName];;;;;;;;;;;;x
EVTOPTAinterregnum.19;[From.GetSheHeCap] will regret this;[From.GetSheHeCap] regrettera cela;;;;;;;;;;;;x
EVTDESC50006;My prisoner, [From.GetTitledFirstNameWithDynastyNoRegnal], is complaining about [From.GetHerHis] dark cell in the dungeon, and is asking for more suitable accommodations that would befit [From.GetHerHis] rank.;[From.GetTitledFirstNameWithDynastyAndTitleNoRegnal], que j'ai fait[From.GetNoneE] enfermer, se plaint de sa cellule, apparemment trop sombre, et réclame de meilleures conditions de détention...;[From.GetTitledFirstNameWithDynastyAndTitleNoRegnal] beschwert sich aus dem Kerker über [From.GetHerHis] dunkle Zelle und bittet um eine angemessenere Unterkunft ...;;Mi prisionero, [From.GetTitledFirstNameWithDynastyAndTitleNoRegnal], se queja de su oscura celda y pide un alojamiento más adecuado...;;;;;;;;;x
EVTDESC50006B;My prisoner, [From.GetTitledFirstNameNoRegnal], is complaining about [From.GetHerHis] dark cell in the dungeon, asking for more suitable accommodations...;;;;;;;;;;;;;x
EVTDESC50006C;[From.GetTitledFirstNameWithDynastyNoRegnal] is currently in my captivity in the dungeon, and there have been mutterings amongst my courtiers that perhaps more comfortable confinement would be suitable for such a highborn [From.GetBoyGirl].;;;;;;;;;;;;;x
EVTDESC50006D;[From.GetTitledFirstNameNoRegnal] is currently in my captivity in the dungeon, and there have been mutterings amongst my courtiers that perhaps more comfortable confinement would be suitable for the [From.GetBoyGirl].;;;;;;;;;;;;;x
EVTDESC50006E;My prisoner [From.GetTitledFirstNameWithDynastyNoRegnal] is currently in the dungeon, but is incapable of speaking for [From.GetHerHim]self. Some have suggested that more comfortable quarters would be suitable for the poor [From.GetManWoman].;;;;;;;;;;;;;x
TOOLTIPimprisoned.250;Mercy is asked for your [This.GetRootRelation] [This.GetTitledFirstNameWithDynastyNoRegnal];;;;;;;;;;;;;x
EVTDESCimprisoned.250;My prisoner, [From.GetTitledFirstNameWithDynastyNoRegnal], is complaining about the dark cells in the dungeon that [From.GetSheHe] and [From.GetHerHis] family are occupying, and is asking for more suitable accommodations that would befit their rank.;[From.GetTitledFirstNameWithDynastyAndTitleNoRegnal], que j'ai fait[From.GetNoneE] enfermer, se plaint de sa cellule, apparemment trop sombre, et réclame de meilleures conditions de détention...;[From.GetTitledFirstNameWithDynastyAndTitleNoRegnal] beschwert sich aus dem Kerker über [From.GetHerHis] dunkle Zelle und bittet um eine angemessenere Unterkunft ...;;Mi prisionero, [From.GetTitledFirstNameWithDynastyAndTitleNoRegnal], se queja de su oscura celda y pide un alojamiento más adecuado...;;;;;;;;;x
EVTOPTAimprisoned.250;No, you [From.GetOnlyDynastyName]s can stay where you are;;;No, [From.GetOnlyDynastyName] se quedara donde está;;;;;;;;;;x
EVTOPTAimprisoned.250B;No, you can all stay where you are;;;;No, todos pueden quedarse donde usted está;;;;;;;;;x
EVTOPTBimprisoned.250;A reasonable request, granted;;;;Una solicitud razonable, concedida;;;;;;;;;x
EVTOPTCimprisoned.250;The oubliette will suit your needs!;;;;¡La mazmorra se adaptará a tus necesidades!;;;;;;;;;x
TOOLTIPimprisoned.250A;[This.GetTitledFirstNameWithDynasty] is also moved into house arrest;;;;[This.GetTitledFirstNameWithDynasty] sera movido al arresto domiciliario;;;;;;;;;x
opinion_oubilette_me;Put Me in The Oubilette;;;;Ponlo en la mazmorra secreta;;;;;;;;;x
opinion_oubilette_kin;Put my Kin in The Oubilette;;;;Poner a mi pariente en la mazmorra secreta;;;;;;;;;x
opinion_oubilette_friend;Put my Friend in The Oubilette;;;;Poner a mi amigo (a) en la mazmorra secreta;;;;;;;;;x
opinion_oubilette_lover;Put my Lover in The Oubilette;;;;Poner a mi Amante en la mazmorra secreta;;;;;;;;;x
EVTDESCimprisoned.300;We have received rumours from [FromFrom.Capital.GetName] that your [From.GetRootRelation] has been thrown in the oubliette by [From.GetHerHis] captor [FromFrom.GetTitledFirstNameWithDynastyNoRegnal]! [From.GetSheHeCap] is being held in a dirty pitch black cell, day and night, with barely any food or water!;;;;Hemos recibido rumores de [FromFrom.Capital.GetName] de que su [From.GetRootRelation] ha sido arrojada en la mazmorra por su captor [FromFrom.GetTitledFirstNameWithDynastyNoRegnal]! [From.GetSheHeCap] esta en una oscura y sucia celda, día y noche, ¡con apenas comida o agua!;;;;;;;;;x
EVTOPTAimprisoned.300;This is unacceptable!;;;;¡Esto es inaceptable!;;;;;;;;;x
EVTDESCplot_event.650;Through a covert conspiracy, my [From.GetRootRelation] [From.GetTitledFirstNameWithDynastyNoRegnal] has acquired a claim on the [plot_title.GetFullBaseName]!;;;;!A través de una conspiración encubierta, mi [From.GetRootRelation] [From.GetTitledFirstNameWithDynastyNoRegnal] ha adquirido un reclamo sobre [plot_title.GetFullBaseName]!;;;;;;;;;x
EVTOPTAplot_event.650;This is a thin claim indeed;;;;Esta es una afirmación debil de hecho;;;;;;;;;x
EVTDESCplot_event.651;It has come to my attention that my [From.GetRootRelation] [From.GetTitledFirstNameWithDynastyNoRegnal] has been plotting in a conspiracy to gain a claim on [plot_title.GetFullBaseName]. [From.GetHerHisCap] attempts at forgery and conspiracy have thankfully failed, no one believes [From.GetHerHis] trumped up claim.;;;;Me ha llamado la atención que mi [From.GetRootRelation] [From.GetTitledFirstNameWithDynastyNoRegnal] haya estado tramando en una conspiración para obtener un reclamo sobre [plot_title.GetFullBaseName]. [From.GetHerHisCap] los intentos de falsificación y conspiración han fracasado afortunadamente, nadie le cree ya que hizo un reclamo falso.;;;;;;;;;x
EVTOPTAplot_event.651;Some would say this is sedition!;;;;¡Algunos dirían que esto es sedición!;;;;;;;;;x
EVTDESCvassal_request.20;[vassal_to_transfer.GetTitledFirstNameNoRegnal] [vassal_to_transfer.GetOnlyDynastyName] of [vassal_to_transfer.PrimaryTitle.GetName] is clearly my vassal, at least by lawful tradition. [vassal_to_transfer.Liege.GetTitledFirstNameNoRegnal] [vassal_to_transfer.Liege.GetOnlyDynastyName] of [vassal_to_transfer.Liege.PrimaryTitle.GetName] effectively controls these lands however! Perhaps I should petition [Root.Liege.GetTitledFirstNameNoRegnal] in [Root.Liege.Capital.GetName] to transfer these lands to my domain...;;;;[vassal_to_transfer.GetTitledFirstNameNoRegnal] [vassal_to_transfer.GetOnlyDynastyName] de [vassal_to_transfer.PrimaryTitle.GetName] es claramente mi vasallo, al menos según la tradición legal. [vassal_to_transfer.Liege.GetTitledFirstNameNoRegnal] [vassal_to_transfer.Liege.GetOnlyDynastyName] de [vassal_to_transfer.Liege.PrimaryTitle.GetName] efectivamente controla estas tierras! Tal vez debería solicitar a [Root.Liege.GetTitledFirstNameNoRegnal] en [Root.Liege.Capital.GetName] para que transfiera estos terrenos a mi dominio...;;;;;;;;;x
EVTOPTAvassal_request.20;Yes, I am the rightful overlord of [vassal_to_transfer.PrimaryTitle.GetName]!;;;;!Sí, soy el legítimo señor de [vassal_to_transfer.PrimaryTitle.GetName]!;;;;;;;;;x
EVTTOOLTIPvassal_request.21;You petition [Root.Liege.GetTitledFirstNameNoRegnal] that [Root.Liege.GetSheHe] command [vassal_to_transfer.Liege.GetTitledFirstNameNoRegnal] to transfer control of [vassal_to_transfer.PrimaryTitle.GetName] to [Root.PrimaryTitle.GetName];;;;Solicita a [Root.Liege.GetTitledFirstNameNoRegnal] que [Root.Liege.GetSheHe] ordene a [vassal_to_transfer.Liege.GetTitledFirstNameNoRegnal] para transfiera el control de [vassal_to_transfer.PrimaryTitle.GetName] a [Root.PrimaryTitle.GetName];;;;;;;;;x
TOOLTIPvassal_value_300;If an agreement is reached, 300W¤ will be due to [vassal_to_transfer.Liege.GetTitledFirstNameNoRegnal] as recompense\n;;;;Si se llega a un acuerdo, se le dara 300W¤ a [vassal_to_transfer.Liege.GetTitledFirstNameNoRegnal] como recompensa\n;;;;;;;;;x
TOOLTIPvassal_value_200;If an agreement is reached, 200W¤ will be due to [vassal_to_transfer.Liege.GetTitledFirstNameNoRegnal] as recompense\n;;;;Si se llega a un acuerdo, se le dara 200W¤ a [vassal_to_transfer.Liege.GetTitledFirstNameNoRegnal] como recompensa\n;;;;;;;;;x
TOOLTIPvassal_value_150;If an agreement is reached, 150W¤ will be due to [vassal_to_transfer.Liege.GetTitledFirstNameNoRegnal] as recompense\n;;;;Si se llega a un acuerdo, se le dara 150W¤ a [vassal_to_transfer.Liege.GetTitledFirstNameNoRegnal] como recompensa\n;;;;;;;;;x
TOOLTIPvassal_value_100;If an agreement is reached, 100W¤ will be due to [vassal_to_transfer.Liege.GetTitledFirstNameNoRegnal] as recompense\n;;;;Si se llega a un acuerdo, se le dara 100W¤ a [vassal_to_transfer.Liege.GetTitledFirstNameNoRegnal] como recompensa\n;;;;;;;;;x
EVTOPTCvassal_request.20;I am [Root.GetLordLady] Regent, and so will issue the command myself ;;;;Soy [Root.GetLordLady] el Regente, por lo que emitiré la orden yo mismo;;;;;;;;;x
EVTTOOLTIPvassal_request.21B;You issue a command  to [vassal_to_transfer.Liege.GetTitledFirstNameNoRegnal] on behalf of [Root.Liege.GetTitledFirstNameNoRegnal] to transfer control of [vassal_to_transfer.PrimaryTitle.GetName] to [Root.PrimaryTitle.GetName];;;;Usted emite una orden a [vassal_to_transfer.Liege.GetTitledFirstNameNoRegnal] en nombre de [Root.Liege.GetTitledFirstNameNoRegnal] para transferir el control de [vassal_to_transfer.PrimaryTitle.GetName] a [Root.PrimaryTitle.GetName];;;;;;;;;x
EVTOPTBvassal_request.20;No, I will not ask now;;;;No, no preguntaré ahora;;;;;;;;;x
EVTOPTDvassal_request.20;Do not bother me about this for the time being;;;;No me molestes por esto por el momento;;;;;;;;;x
EVTDESCvassal_request.21;[Root.PrimaryTitle.GetFOA], [vassal_to_transfer.GetTitledFirstNameNoRegnal] [vassal_to_transfer.GetOnlyDynastyName] of [vassal_to_transfer.PrimaryTitle.GetName] is clearly my vassal, at least by lawful tradition. Therefore I hereby request that you command [vassal_to_transfer.Liege.GetTitledFirstNameNoRegnal] [vassal_to_transfer.Liege.GetOnlyDynastyName] to transfer effective control of these lands to my domain.\n\nSigned\n[From.GetTitledFirstName] of House [From.GetOnlyDynastyName];;;;[Root.PrimaryTitle.GetFOA], [vassal_to_transfer.GetTitledFirstNameNoRegnal] [vassal_to_transfer.GetOnlyDynastyName] de [vassal_to_transfer.PrimaryTitle.GetName] es claramente mi vasallo, al menos según la tradición legal. Por lo tanto, solicito que ordene a [vassal_to_transfer.Liege.GetTitledFirstNameNoRegnal] [vassal_to_transfer.Liege.GetOnlyDynastyName] que transfiera el control efectivo de estas tierras a mi dominio.\n\nFirmado\n[From.GetTitledFirstName] de la Casa [From.GetOnlyDynastyName];;;;;;;;;x
EVTOPTAvassal_request.21;This would seem just;;;;Esto parece justo;;;;;;;;;x
EVTTOOLTIPvassal_request.22;You command [vassal_to_transfer.Liege.GetTitledFirstNameNoRegnal] to transfer control of [vassal_to_transfer.PrimaryTitle.GetName] to [From.GetTitledFirstNameNoRegnal];;;;Usted ordena a [vassal_to_transfer.Liege.GetTitledFirstNameNoRegnal] transferir el control de [vassal_to_transfer.PrimaryTitle.GetName] a [From.GetTitledFirstNameNoRegnal];;;;;;;;;x
EVTOPTEvassal_request.21;[From.GetTitledFirstNameNoRegnal] is my regent and will issue the command anyway;;;;[From.GetTitledFirstNameNoRegnal] es mi regente y emitirá la orden de todos modos;;;;;;;;;x
EVTOPTBvassal_request.21;No, [vassal_to_transfer.Liege.GetTitledFirstNameNoRegnal] is clearly the rightful suzerain of these lands;;;;No, [vassal_to_transfer.Liege.GetTitledFirstNameNoRegnal] es claramente el soberano legítimo de estas tierras;;;;;;;;;x
EVTOPTDvassal_request.21;Placate [From.GetTitledFirstNameNoRegnal] with vague promises and platitudes;;;;Apláca a [From.GetTitledFirstNameNoRegnal] con promesas vagas y tópicas;;;;;;;;;x
EVTDESCvassal_request.22;[Root.GetTitledFirstNameNoRegnal], by lawful tradition, [vassal_to_transfer.GetTitledFirstNameNoRegnal] [vassal_to_transfer.GetOnlyDynastyName] of [vassal_to_transfer.PrimaryTitle.GetName] is legally the vassal of [FromFrom.GetTitledFirstNameWithDynastyNoRegnal]. Therefore I hereby command that you transfer effective control of these lands to [FromFrom.GetHerHis] dominion in exchange for just recompense.\n\nSigned\n[From.GetTitledFirstName] of House [From.GetOnlyDynastyName];;;;[Root.GetTitledFirstNameNoRegnal], por tradición legal, [vassal_to_transfer.GetTitledFirstNameNoRegnal] [vassal_to_transfer.GetOnlyDynastyName] de [vassal_to_transfer.PrimaryTitle.GetName] es legalmente el vasallo de [FromFrom.GetTitledFirstNameWithDynastyNoRegnal]. Por lo tanto, le ordeno que transfiera el control efectivo de estas tierras a su dominio a cambio de una recompensa.\n\nFirmado\n[From.GetTitledFirstName] de la Casa [From.GetOnlyDynastyName];;;;;;;;;x
EVTOPTAvassal_request.22;As you command [From.PrimaryTitle.GetFOA];;;;Como ordene [From.PrimaryTitle.GetFOA];;;;;;;;;x
EVTOPTBvassal_request.22;No, these lands are rightfuly mine!;;;;!No, estas tierras son legítimamente mías!;;;;;;;;;x
EVTDESCvassal_request.23;[Root.GetTitledFirstNameNoRegnal], I do not agree that [vassal_to_transfer.PrimaryTitle.GetName] should be transferred to your dominion. I believe these lands are better served under the continued effective control of [vassal_to_transfer.Liege.GetTitledFirstNameNoRegnal] [vassal_to_transfer.Liege.GetOnlyDynastyName], and hereby reaffirm [vassal_to_transfer.Liege.GetHerHis] right to retain them.\n\nSigned\n[From.GetTitledFirstName] of House [From.GetOnlyDynastyName];;;;[Root.GetTitledFirstNameNoRegnal], no estoy de acuerdo en que [vassal_to_transfer.PrimaryTitle.GetName] deba transferirse a su dominio. Creo que estas tierras están mejor servidas bajo el control efectivo continuo de [vassal_to_transfer.Liege.GetTitledFirstNameNoRegnal] [vassal_to_transfer.Liege.GetOnlyDynastyName], y por este medio reafirmo [vassal_to_transfer.Liege.GetHerHis] los derechos para retenerlas.\n\nFirmado\n[ From.GetTitledFirstName] de la Casa [From.GetOnlyDynastyName];;;;;;;;;x
EVTOPTAvassal_request.23;Perhaps I should resort to other means then!;;;;!Quizás debería recurrir a otros medios!;;;;;;;;;x
EVTDESCvassal_request.24;[Root.PrimaryTitle.GetFOA], you indeed make a strong case to be overlord of [vassal_to_transfer.PrimaryTitle.GetName]! I strongly believe you would make an effective overlord of these lands, and rest assured that me and my council will look favourably upon you when the time comes.\n\nSigned\n[From.GetTitledFirstName] of House [From.GetOnlyDynastyName];;;;[Root.PrimaryTitle.GetFOA], de hecho eres un buen gobernante para ser el señor de [vassal_to_transfer.PrimaryTitle.GetName]! Creo firmemente que usted sería un señor efectivo de estas tierras, y tenga la seguridad de que mi consejo y yo lo veremos favorablemente cuando llegue el momento.\n\nFirmado\n[[From.GetTitledFirstName] de la Casa [From.GetOnlyDynastyName];;;;;;;;;x
EVTOPTAvassal_request.24;I guess this is good?;;;;¿Supongo que esto es bueno?;;;;;;;;;x
EVTDESCvassal_request.25;[Root.GetTitledFirstNameNoRegnal], me and my council have decided that [vassal_to_transfer.PrimaryTitle.GetName] should indeed be transferred to your dominion. [vassal_to_transfer.Liege.GetTitledFirstNameNoRegnal] [vassal_to_transfer.Liege.GetOnlyDynastyName] has agreed to the transfer of these lands in return for adequate recompense, and so I hereby authorise this new arrangement.\n\nSigned\n[FromFromFrom.GetTitledFirstName] of House [FromFromFrom.GetOnlyDynastyName];;;;[Root.GetTitledFirstNameNoRegnal], mi consejo y yo decidimos que [vassal_to_transfer.PrimaryTitle.GetName] debería ser transferido a su dominio. [vassal_to_transfer.Liege.GetTitledFirstNameNoRegnal] [vassal_to_transfer.Liege.GetOnlyDynastyName] ha aceptado la transferencia de estas tierras a cambio de una recompensa adecuada, por lo que autorizo este nuevo acuerdo.\n\nFirmado\n[[FromFromFet.GetTitledFirstName] de la Casa [FromFromFrom.GetOnlyDynastyName];;;;;;;;;x
EVTOPTAvassal_request.25;Thank you, [FromFromFrom.PrimaryTitle.GetFOA];;;;Gracias, [FromFromFrom.PrimaryTitle.GetFOA];;;;;;;;;x
EVTDESCvassal_request.26;[Root.GetTitledFirstNameNoRegnal], after considering a petition from [FromFromFrom.GetTitledFirstName], I have decided that your lands in [Root.PrimaryTitle.GetName] should be transferred to [FromFromFrom.GetHerHis] dominion, by reason of [FromFromFrom.GetHerHim] being your lawful traditional overlord.\n\nSigned\n[FromFrom.GetTitledFirstName] of House [FromFrom.GetOnlyDynastyName];;;;[Root.GetTitledFirstNameNoRegnal], después de considerar una petición de [FromFromFrom.GetTitledFirstName], he decidido que tus tierras en [Root.PrimaryTitle.GetName] deberían transferirse a su dominio convitiendose en tu legítimo señor tradicional.\n\nFirmado\n[FromFrom.GetTitledFirstName] de la Casa [FromFrom.GetOnlyDynastyName];;;;;;;;;x
EVTOPTAvassal_request.26;Very well;;;;Muy bien;;;;;;;;;x
EVTDESCvassal_request.27;[Root.PrimaryTitle.GetFOA], I humbly accept your command, and will hereby transfer effective control of [vassal_to_transfer.PrimaryTitle.GetName] to [FromFromFrom.GetTitledFirstNameWithDynasty] in exchange for the recompense agreed.\n\nSigned\n[From.GetTitledFirstName] of House [From.GetOnlyDynastyName];;;;[Root.PrimaryTitle.GetFOA], acepto humildemente su orden y por este medio, transferiré el control efectivo de [vassal_to_transfer.PrimaryTitle.GetName] a [FromFromFtr.GetTitledFirstNameWithDynasty] a cambio de la recompensa acordada.\n\nFirmado\n[From. GetTitledFirstName] de la Casa [From.GetOnlyDynastyName];;;;;;;;;x
EVTOPTAvassal_request.27;The realm is now more organised;;;;El reino ahora está más organizado;;;;;;;;;x
EVTDESCvassal_request.28;[Root.PrimaryTitle.GetFOA], I am afraid I do not agree that [vassal_to_transfer.PrimaryTitle.GetName] should be under [FromFromFrom.GetTitledFirstNameWithDynasty]'s dominion. Despite supposed tradition, I believe my continued control of these lands to be best for the realm.\n\nSigned\n[From.GetTitledFirstName] of House [From.GetOnlyDynastyName];;;;[Root.PrimaryTitle.GetFOA], me temo que no estoy de acuerdo con que [vassal_to_transfer.PrimaryTitle.GetName] deba estar bajo el dominio [FromFromFrom.GetTitledFirstNameWithDynasty]. A pesar de la supuesta tradición, creo que mi control continuo de estas tierras es lo mejor para el reino.\n\nFirmado\n[From.GetTitledFirstName] de la Casa [From.GetOnlyDynastyName];;;;;;;;;x
EVTOPTAvassal_request.28;But I commanded it!;;;;¡Pero yo lo ordene!;;;;;;;;;x
EVTDESCvassal_request.29;[Root.GetTitledFirstNameNoRegnal], whilst me and my council have decided that [vassal_to_transfer.PrimaryTitle.GetName] should indeed be transferred to your dominion, [vassal_to_transfer.Liege.GetTitledFirstNameNoRegnal] [vassal_to_transfer.Liege.GetOnlyDynastyName] has rejected my command to  transfer these lands. I implore you to keep the peace whilst this dispute is resolved.\n\nSigned\n[FromFromFrom.GetTitledFirstName] of House [FromFromFrom.GetOnlyDynastyName];;;;[Root.GetTitledFirstNameNoRegnal], mientras que mi consejo y yo hemos decidido que [vassal_to_transfer.PrimaryTitle.GetName] de hecho debe ser transferido a su dominio, [vassal_to_transfer.Liege.GetTitledFirstNameNoRegnal] [vassal_to_transfer.Liege.GetOnlyDynastyName] ha rechazado mi orden para transferir estas tierras. Le imploro que mantenga la paz mientras se resuelve esta disputa.\n\nFirmado\n[FromFromFet.GetTitledFirstName] de la Casa [FromFromFet.GetOnlyDynastyName];;;;;;;;;x
EVTOPTAvassal_request.29;Peace may not last much longer!;;;;!La paz no durara mucho más!;;;;;;;;;x
EVTDESC500994;[Root.PrimaryTitle.GetFOA], I am afraid I cannot proceed with the agreed marriage, a scion of House [From.GetOnlyDynastyName] cannot marry an uncivilised savage.\n\nSigned\n[From.GetTitledFirstName] of House [From.GetOnlyDynastyName];;;;[Root.PrimaryTitle.GetFOA], me temo que no puedo continuar con el matrimonio acordado, un vástago de la Casa [From.GetOnlyDynastyName] no puede casarse con un salvaje incivilizado.\n\nFirmado\n[From.GetTitledFirstName] of House [From. GetOnlyDynastyName];;;;;;;;;x
EVTOPTA500994;Savage?!;;;;!¿Salvaje?!;;;;;;;;;x
EVTDESC500994B;To the renegade [Root.GetFirstNameWithDynasty], I am afraid I cannot proceed with this proposed marriage, a scion of House [From.GetOnlyDynastyName] will not wed a deserter and traitor.\n\nSigned\n[From.GetTitledFirstName] of House [From.GetOnlyDynastyName];;;;Para el renegado [Root.GetFirstNameWithDynasty], me temo que no puedo continuar con este propuesto matrimonio, un vástago de la Casa [From.GetOnlyDynastyName] no se casará con un desertor y un traidor.\n\nFirmado\n[From.GetTitledFirstName] de la Casa [From.GetOnlyDynastyName];;;;;;;;;x
EVTDESC500994C;[Root.GetFirstNameWithDynasty] of [Root.PrimaryTitle.GetName], I am afraid I cannot proceed with this proposed marriage, a scion of House [From.GetOnlyDynastyName] will not wed someone who is barely human and incapable of siring a child.\n\nSigned\n[From.GetTitledFirstName] of House [From.GetOnlyDynastyName];;;;Para el renegado [Root.GetFirstNameWithDynasty], me temo que no puedo continuar con este propuesto matrimonio, un vástago de la Casa [From.GetOnlyDynastyName] no se casará con un desertor y un traidor.\n\nFirmado\n[From.GetTitledFirstName] de la Casa [From.GetOnlyDynastyName];;;;;;;;;x
EVTOPTB500994;Traitor?!;;;;¿Traidor?;;;;;;;;;x
EVTOPTC500994;This is an insult!;;;;¿Traidor?;;;;;;;;;x
undead;Silent Monster;;;;Monstruo silencioso;;;;;;;;;x
undead_desc;This character never shows their face, hiding it constantly under a helm or mask. They apparently have no physiological necessities, consuming neither food nor drink, and is never heard to speak. Many people have suspicions about the identity of this person.;;;;Este personaje nunca muestra su cara, ocultándola constantemente bajo un yelmo o máscara. Aparentemente no tiene necesidades fisiológicas, no consume comida ni bebida, y nunca se les escucha hablar. Mucha gente tiene sospechas sobre la identidad de esta persona.;;;;;;;;;x
EVTDESCbattle.50;Whilst leading the armies of [Root.Liege.GetTitledFirstName] [Root.Liege.GetOnlyDynastyName] we won the Battle of [Root.Location.GetName] against [From.GetTitledFirstNameWithDynasty].;;;;Mientras lideraba los ejércitos de [Root.Liege.GetTitledFirstName] [Root.Liege.GetOnlyDynastyName] ganamos la batalla de [Root.Location.GetName] contra [From.GetTitledFirstNameWithDynasty].;;;;;;;;;x
EVTDESCbattle.51;Whilst leading the armies of [Root.Liege.GetTitledFirstName] [Root.Liege.GetOnlyDynastyName] we lost the Battle of [Root.Location.GetName] against [From.GetTitledFirstNameWithDynasty].;;;;Mientras lideraba los ejércitos de [Root.Liege.GetTitledFirstName] [Root.Liege.GetOnlyDynastyName], perdimos la batalla de [Root.Location.GetName] contra [From.GetTitledFirstNameWithDynasty].;;;;;;;;;x
EVTDESCsiege_agot.40;Whilst leading the armies of [Root.Liege.GetTitledFirstName] [Root.Liege.GetOnlyDynastyName] we won the Siege of [Root.Location.GetName].;;;;Mientras lideraba los ejércitos de [Root.Liege.GetTitledFirstName] [Root.Liege.GetOnlyDynastyName] ganamos el Asedio de [Root.Location.GetName].;;;;;;;;;x
tooltip_info_wroth_ruthless;This option is available because you are either §Ywroth§! or §Yruthless§!;;;;Esta opción está disponible porque usted es §YIracundo§! or §Ydespiadado§!;;;;;;;;;x
tooltip_info_wroth_ruthless_cruel;This option is available because you are either  §Ycruel§!, §Ywroth§! or §Yruthless§!;;;;Esta opción está disponible porque usted es  §Ycruel§!, §Ywroth§! or §Ydespiadado§!;;;;;;;;;x
EVTDESC45420;After seizing [From.GetFullName], you have also captured the treasury of the deposed [FromFrom.GetTitledFirstNameWithDynasty].;;;;Después de tomar [From.GetFullName], también ha capturado el tesoro del depuesto [FromFrom.GetTitledFirstNameWithDynasty].;;;;;;;;;x
EVTDSC_RIP_13950_BloodyFlux;Grave news [Root.County.Holder.PrimaryTitle.GetFOA], bloody flux has broken out in [Root.GetName]!;;;;!Noticias graves de [Root.County.Holder.PrimaryTitle.GetFOA], un sangriento combate ha estallado en [Root.GetName]!;;;;;;;;;x
EVTDSC_RIP_13950_WinterFever;Grave news [Root.County.Holder.PrimaryTitle.GetFOA], winter fever has broken out in [Root.GetName]!;;;;!Noticias graves de [Root.County.Holder.PrimaryTitle.GetFOA], la fiebre del invierno ha aparecido en [Root.GetName]!;;;;;;;;;x
EVTDSC_RIP_13950_GreyPlague;Grave news [Root.County.Holder.PrimaryTitle.GetFOA], grey plague has broken out in [Root.GetName]!;;;;!Noticias graves de [Root.County.Holder.PrimaryTitle.GetFOA], la peste gris ha estallado en [Root.GetName]!;;;;;;;;;x
EVTDSC_RIP_13950_GreatSickness;Grave news [Root.County.Holder.PrimaryTitle.GetFOA], the dreaded great sickness has broken out in [Root.GetName]!;;;;!Noticias graves de [Root.County.Holder.PrimaryTitle.GetFOA], la temida gran enfermedad ha aparecido en [Root.GetName]!;;;;;;;;;x
EVTDSC_RIP_13950_Pox;Grave news [Root.County.Holder.PrimaryTitle.GetFOA], a pox has broken out in [Root.GetName]!;;;;!Graves noticia de [Root.County.Holder.PrimaryTitle.GetFOA], una viruela ha estallado en [Root.GetName]!;;;;;;;;;x
EVTDSC_RIP_13950_DancingPlague;Grave news [Root.County.Holder.PrimaryTitle.GetFOA], dancing plague has broken out in [Root.GetName]!;;;;!Noticias graves de [Root.County.Holder.PrimaryTitle.GetFOA], la plaga del baile ha estallado en [Root.GetName]!;;;;;;;;;x
EVTDSC_RIP_13950_Scourge;Grave news [Root.County.Holder.PrimaryTitle.GetFOA], the accursed scourge has broken out in [Root.GetName]!;;;;!Graves noticias de [Root.County.Holder.PrimaryTitle.GetFOA], el maldito azote ha estallado en [Root.GetName]!;;;;;;;;;x
EVTDSC_RIP_13950_RedDeath;Grave news [Root.County.Holder.PrimaryTitle.GetFOA], the red death has broken out in [Root.GetName]!;;;;!Graves noticias de [Root.County.Holder.PrimaryTitle.GetFOA], la muerte roja ha estallado en [Root.GetName]!;;;;;;;;;x
EVTOPTA_RIP_13950;[Root.County.Holder.Religion.GetHighGodName] help us;;;;[Root.County.Holder.Religion.GetHighGodName] ayúdanos;;;;;;;;;x
tooltip_info_combat_rating;This option is available because your high §Ycombat§! skill;;;;Esta opción está disponible por su alta habilidad de §Ycombate§!;;;;;;;;;x
EVTDESCiron_throne.40;[Root.PrimaryTitle.GetFOA], would you like a new crown forged to celebrate your dominion of The Seven Kingdoms?;;;;[Root.PrimaryTitle.GetFOA], ¿le gustaría una nueva corona forjada para celebrar tu reinado sobre Los Siete Reinos?;;;;;;;;;x
EVTDESCiron_throne.40B;[Root.PrimaryTitle.GetFOA], would you like a new crown forged to celebrate your dominion over [Root.PrimaryTitle.GetName]?;;;;;;;;;;;;;x
EVTOPTAiron_throne.40;No, I have no need for a new crown;;;;No, no necesito una nueva corona;;;;;;;;;x
EVTOPTBiron_throne.40;A crown of Valyrian steel, set with big square-cut rubies;;;;Una corona de acero Valyrio, con grandes rubíes de corte cuadrado;;;;;;;;;x
EVTOPTCiron_throne.40;A crown of gold, elaborate and large and very ornate;;;;Una corona elaborada de oro, grande y muy adornada;;;;;;;;;x
EVTOPTDiron_throne.40;A gold band, set with seven gemstones of different colors;;;;Una banda de oro, con siete piedras preciosas de diferentes colores;;;;;;;;;x
EVTOPTEiron_throne.40;A slender gold band, a simple circlet, unornamented;;;;Una banda de oro esbelta, con un anillo simple, sin ornamentos;;;;;;;;;x
EVTOPTFiron_throne.40;A crown made of flowers and vines;;;;Una corona hecha de flores y vides;;;;;;;;;x
EVTOPTGiron_throne.40;A huge crown made of red gold, each of its points a dragon head;;;;Una enorme corona hecha de oro rojo, en cada uno de sus puntos una cabeza de dragón;;;;;;;;;x
EVTOPTHiron_throne.40;A warlike crown with sharp black iron points in a band of red gold;;;;Una corona guerrera con puntas de hierro negro en una banda de oro rojo;;;;;;;;;x
TOOLTIPiron_throne.40ADDCROWN;§Y[Root.GetTitledFirstName]'s Crown§! Is added to [Root.GetTitledFirstNameWithDynasty] treasury;;;;§Y[Root.GetTitledFirstName]' Corona§! Se agrega a la tesorería de [Root.GetTitledFirstNameWithDynasty];;;;;;;;;x
GetDynamicCrownName;[This.GetTitledFirstName]'s Crown;;;;Corona de [This.GetTitledFirstName];;;;;;;;;x
EVTDESC500993;[Root.PrimaryTitle.GetFOA], as a high ranking heir of House [FromFromFrom.GetOnlyDynastyName], I do not see it wise to give up my family name to marry [old_spouse.GetTitledFirstNameWithDynasty]. So I must regretfully decline to come to [Root.Capital.GetName] to fulfil this marriage.\n\nSigned,\n[FromFromFrom.GetTitledFirstNameWithDynasty];;;;;;;;;;;;;x
EVTDESC500993B;[Root.PrimaryTitle.GetFOA], as a dragon rider of great renown, I do not see it in my own self interest to marry [old_spouse.GetTitledFirstNameWithDynasty]. So I must regretfully decline to come to [Root.Capital.GetName] to fulfil this marriage.\n\nSigned,\n[FromFromFrom.GetTitledFirstNameWithDynasty];;;;;;;;;;;;;x
EVTDESC500993C;[Root.PrimaryTitle.GetFOA], as a high ranking heir of House [FromFromFrom.GetOnlyDynastyName], I do not see it wise to give up my family name to marry [old_spouse.GetTitledFirstNameWithDynasty]. So I must regretfully decline to fulfil this marriage.\n\nSigned,\n[FromFromFrom.GetTitledFirstNameWithDynasty];;;;;;;;;;;;;x
EVTDESC500993D;[Root.PrimaryTitle.GetFOA], as a dragon rider of great renown, I do not see it in my own self interest to marry [old_spouse.GetTitledFirstNameWithDynasty]. So I must regretfully decline to fulfil this marriage.\n\nSigned,\n[FromFromFrom.GetTitledFirstNameWithDynasty];;;;;;;;;;;;;x
EVTOPTA500993;But this was agreed!;;;;;;;;;;;;;x
EVTOPTB500993;Fine, you may keep your family name;;;;;;;;;;;;;x
EVTOPTC500993;I command you to wed [spouse_to_evaluate.GetTitledFirstName]!;;;;;;;;;;;;;x
TOOLTIP500993A;The marriage between [FromFromFrom.GetTitledFirstNameWithDynasty] and [spouse_to_evaluate.GetTitledFirstNameWithDynasty] is §Rconverted to a normal non-matrilineal marriage§!;;;;;;;;;;;;;x
TOOLTIP500993B;The marriage between [FromFromFrom.GetTitledFirstNameWithDynasty] and [spouse_to_evaluate.GetTitledFirstNameWithDynasty] is §Rconverted to a matrilineal marriage§!;;;;;;;;;;;;;x
TOOLTIP500993C;You force the marriage between [FromFromFrom.GetTitledFirstNameWithDynasty] and [spouse_to_evaluate.GetTitledFirstNameWithDynasty] to go ahead;;;;;;;;;;;;;x
EVTDESCcritical.1;A man has arrived in [Root.Capital.GetName], and is seeking an audience. He introduces himself as George of the House Martin, and claims to be a renowned author of epic tales. He says today is his name day, and he is looking for patronage for his latest work.;;;;;;;;;;;;;x
EVTOPTAcritical.1;Well, we must hold a feast for your name day first!;;;;;;;;;;;;;x
EVTOPTBcritical.1;Yes, I will comission a book;;;;;;;;;;;;;x
EVTOPTCcritical.1;Ha, an author I'm sure! Be gone.;;;;;;;;;;;;;x
EVTDESCcritical.2;George Martin was introduced to all the guests present, and he capitivated his audience with his wonderous tales and lewd jokes. As a thank you for your hospitality on his name day he has presented you with one of his finest works.;;;;;;;;;;;;;x
EVTOPTAcritical.2;How generous!;;;;;;;;;;;;;x
EVTDESCcritical.3;After seeking news on the progress of the book you comissioned, George Martin claims it has been delayed. He says other works and projects have got in the way, but insists it will be with you soon!;;;;;;;;;;;;;x
EVTOPTAcritical.3;But I want it now!;;;;;;;;;;;;;x
EVTDESCcritical.4;Finally, after many months, George Martin has finished the book you comissioned! You spend many nights reading it, and it truly is a fine tale that was worth waiting for.;;;;;;;;;;;;;x
EVTOPTAcritical.4;This is indeed a good read;;;;;;;;;;;;;x
TOOLTIPcritical.2;A feast is held for George's name day;;;;;;;;;;;;;x
TOOLTIPcritical.3;A book is comissioned that will take several months;;;;;;;;;;;;;x
critical_book_1;Tales of Dunk and Egg;;;;;;;;;;;;;x
critical_book_1_desc;A series of novellas by George R. R. Martin. They follow the adventures of 'Dunk' and 'Egg'.;;;;;;;;;;;;;x
critical_book_2;The Winds of Winter;;;;;;;;;;;;;x
critical_book_2_desc;The Winds of Winter is the sixth novel in the epic fantasy series 'A Song of Ice and Fire' by George R. R. Martin.;;;;;;;;;;;;;x
EVTDESCcritical.6;[Root.PrimaryTitle.GetFOA], a most unusual company has arrived in [Root.Capital.GetName] seeking an audience. They are thirteen dwarves, plus one slightly taller fellow. They say they are on an important quest at the behest of their patron, a famed writer and poet, whose name day it is today. They are seeking shelter for the night.;;;;;;;;;;;;;x
EVTOPTAcritical.6;This is unusual, but lets have a feast!;;;;;;;;;;;;;x
TOOLTIPcritical.6;[This.GetTitledFirstNameWithNickAndDynasty] stays the night;;;;;;;;;;;;;x
EVTOPTBcritical.6;I will not have a bunch of dwarves staying in my [Root.GetCapitalHolding]!;;;;;;;;;;;;;x
EVTDESCcritical.7;Thorin's company really enlivened the feast, captivating everyone present with tales of fantasy and humour, as well performing light-hearted songs. The dwarves seemed most content with your hospitality, and have presented you with one of the works of their patron as a gift of thanks.;;;;;;;;;;;;;x
EVTOPTAcritical.7;Thank you my friends! I hope you find success in your quest;;;;;;;;;;;;;x
critical_book_3;The Lord of the Rings;;;;;;;;;;;;;x
critical_book_3_desc;An epic high-fantasy novel written by author J. R. R. Tolkien.;;;;;;;;;;;;;x
EVTDESCcritical.50;You have been approached by a local craftsman who calls himself [PDS_dev.GetTitledFirstNameWithDynasty], he offers to let you purchase and play his new game known as 'Crusader Kings'. It seems to be quite a complicated and in depth game, but you are intrigued by it...;;;;;;;;;;;;;x
EVTOPTAcritical.50;I do like the sound of being a so called 'Crusader King';;;;;;;;;;;;;x
EVTOPTBcritical.50;What kind of fool do you take me for!;;;;;;;;;;;;;x
ck2_dlcs;Expansions Purchased;;;;;;;;;;;;;x
EVTDESCcritical.51;[PDS_dev.GetTitledFirstNameWithDynasty] has approached you with joyous news! He has created an expansion for Crusader Kings which has added plenty of new content for you to enjoy! He just needs a small amount of gold in return...;;;;;;;;;;;;;x
EVTOPTAcritical.51;Very well I shall indulge in this some more;;;;;;;;;;;;;x
EVTOPTBcritical.51;No! I have put enough money into this already!;;;;;;;;;;;;;x
EVTDESCcritical.52;Every waking hour of every single day all I can think about is that game... Nothing else gets me through the day. All I live for is [PDS_dev.GetTitledFirstNameWithDynasty]'s game 'Crusader Kings';;;;;;;;;;;;;x
EVTOPTAcritical.52;How could I let this happen to my life...;;;;;;;;;;;;;x
EVTDESCcritical.53;After playing [PDS_dev.GetTitledFirstNameWithDynasty]'s game 'Crusader Kings' for so long you have decided to make something of your own! You have used his game as a base and created your own modification that takes place in a fantastical land full of drama and intrigue! However, [PDS_dev.GetFirstName] says that you are not allowed to sell yours as it is not original... which is fair...;;;;;;;;;;;;;x
EVTOPTAcritical.53;I hope everyone likes it!;;;;;;;;;;;;;x
EVTDESCcritical.10;[Root.PrimaryTitle.GetFOA], a man has arrived in [Root.Capital.GetName] seeking an audience. He goes by the name of Conan the Barbarian, a towering giant with black hair and piercing blue eyes, and muscled like a maiden's fantasy. He says he is here on behalf of his master, whose name day it is today, who wishes to offer you the opportuinity to purchase a high quality warhammer.;;;;;;;;;;;;;x
EVTOPTAcritical.10;That looks a fine weapon, I shall have it!;;;;;;;;;;;;;x
EVTOPTBcritical.10;No thanks;;;;;;;;;;;;;x
critical_weapon_1;Warhammer;;;;;;;;;;;;;x
critical_weapon_1_desc;A spiked iron warhammer, purchased from Robert E. Howard.;;;;;;;;;;;;;x
EVTDESCcritical.13;Whilst holding court in [Root.Capital.GetName], a wise looking man is brought before you. He claims to be famed writer by the name of Thomas B. Costayne, and is on the way to The Citadel and is seeking shelter for the night, on this day which happens to be his name day.;;;;;;;;;;;;;x
EVTOPTAcritical.13;Please stay, we shall have a feast to celebrate!;;;;;;;;;;;;;x
EVTOPTBcritical.13;You may shelter here, but stay out of the way;;;;;;;;;;;;;x
EVTDESCcritical.14;The writer Thomas of House Costayne made fine company at the feast. He told many epic tales rooted in history, one about the making of a legendary silver chalice was particularly captivating. At the end of the feast he presented you with a copy of this work as a thank you for your hospitality.;;;;;;;;;;;;;x
EVTOPTAcritical.14;This is much appreciated;;;;;;;;;;;;;x
TOOLTIPcritical.14;A feast is held;;;;;;;;;;;;;x
critical_book_4;The Silver Chalice;;;;;;;;;;;;;x
critical_book_4_desc;A historical fiction story about the making of a silver chalice by Thomas B. Costain;;;;;;;;;;;;;x
EVTDESCcritical.16;[Root.PrimaryTitle.GetFOA], a man has arrived in [Root.Capital.GetName] seeking an audience. He goes by the name of Roger Zelazny, a renowned writer of legends about the Lord of Light. He bears a peculiar coat of arms featuring nine unicorns circling a maze, and is claiming today is his name day.;;;;;;;;;;;;;x
EVTOPTAcritical.16;We must hold a feast for such an esteemed guest!;;;;;;;;;;;;;x
EVTOPTBcritical.16;I will not have tales of a 'Lord of Light' told here;;;;;;;;;;;;;x
EVTDESCcritical.17;The scholar and writer Roger Zelazny was presented as guest of honour at the feast, taking a seat in the high table. He entertained everyone with tales of the Lord of Light, unicorns and strange mazes, and overall made good company. At his departing from [Root.Capital.GetName] after the feast he presented you with a gift as thanks for your hospitality.;;;;;;;;;;;;;x
EVTOPTAcritical.17;This is a generous gift my friend;;;;;;;;;;;;;x
critical_book_5;The Chronicles of Amber;;;;;;;;;;;;;x
critical_book_5_desc;A series of fantasy novels written by the writer Roger Zelazny.;;;;;;;;;;;;;x
EVTDESCcritical.19;[Root.PrimaryTitle.GetFOA], a rather bizarre looking fellow has arrived in [Root.Capital.GetName]. He is a dwarf by the name of Woland, a rather ugly and mishapen dwarf at that with one green eye and one black one. He claims to be here on behalf of his patron, a famed writer whose name day it is today, looking to sell his works.;;;;;;;;;;;;;x
EVTOPTAcritical.19;Yes, I am looking for something new to read;;;;;;;;;;;;;x
critical_book_6;The Master and Margarita;;;;;;;;;;;;;x
critical_book_6_desc;A story concerning a visit by the devil, written by Mikhail Bulgakov;;;;;;;;;;;;;x
EVTOPTBcritical.19;You seem a witty dwarf, how about I employ you into my service?;;;;;;;;;;;;;x
EVTOPTCcritical.19;Not interested;;;;;;;;;;;;;x
EVTDESC63001B;My liege's vassal, [FromFrom.GetTitledFirstNameWithDynasty], has requested that [vassal_to_transfer.GetTitledFirstNameWithDynastyAndTitleNoRegnal] should be sworn to [FromFrom.GetObjectPronoun] rather than the [From.GetTitle] directly...;Mon vassal, [From.GetTitledName][From.GetOnlyDynastyName], souhaite que [vassal_to_transfer.GetTitledFirstName] [vassal_to_transfer.GetOnlyDynastyName] de [vassal_to_transfer.PrimaryTitle.GetName], actuellement à mon service, passe sous son autorité…;Mein Vasall [From.GetTitledName] hat gefordert, dass ein Vasall von niedrigerem Range eher [From.GetObjectPronoun] dienen sollte, als mir direkt zu unterstehen ...;;Mi vasallo, [From.GetTitledFirstNameWithDynasty], ha solicitado que [vassal_to_transfer.GetTitledFirstName] [vassal_to_transfer.GetOnlyDynastyName] de [vassal_to_transfer.PrimaryTitle.GetName] le sirva a él y no directamente a mí...;;;;;;;;;x
EVTDESC63001C;My liege's vassal, [vassal_to_transfer.GetTitledFirstNameWithDynastyAndTitleNoRegnal], should be sworn to me rather than the [From.GetTitle] directly...;;;;;;;;;;;;;x
EVTDESCvassal_request.451;My regent, [From.GetTitledFirstNameWithDynasty], has agreed to the request of [FromFromFrom.GetTitledFirstNameWithDynastyAndTitleNoRegnal] that [vassal_to_transfer.GetTitledFirstNameWithDynastyAndTitleNoRegnal] should be sworn to [FromFromFrom.GetHerHim] directly. The vassal contract has now been formally transferred on your behalf.;;;;;;;;;;;;;x
EVTDESCvassal_request.452;My regent, [From.GetTitledFirstNameWithDynasty], has refused the request of [FromFromFrom.GetTitledFirstNameWithDynastyAndTitleNoRegnal] that [vassal_to_transfer.GetTitledFirstNameWithDynastyAndTitleNoRegnal] should be sworn to [FromFromFrom.GetHerHim] directly.;;;;;;;;;;;;;x
EVTDESCcritical.20;A mysterious man has arrived in [Root.Capital.GetName] seeking an audience. He names himself as Lord Dagon, and says he has journeyed here all the way from K'Dath in the further east at the behest of his liege, whose nameday he says it is today. He wants to sell you a book written by his master, a book he says that will reveal the true nature of the gods.;;;;;;;;;;;;;x
EVTOPTAcritical.20;Intriguing, I will purchase this book!;;;;;;;;;;;;;x
EVTOPTbcritical.20;No, be gone;;;;;;;;;;;;;x
critical_book_7;Cthulhu Mythos;;;;;;;;;;;;;x
critical_book_7_desc;The Cthulhu Mythos is a series of works based on the work of the famed writer H. P. Lovecraft.;;;;;;;;;;;;;x
EVTDESCcritical.21;Ever since I started reading that book Lord Dagon sold to me, I have been hearing whispers day and night. I keep looking around, but no-one is there. Even during my deepest sleep the voices are whispering. When I ask my family and friends if they hear the whispering, they only look at me with concern. What is this... what are these whispers saying?\n\n I can barely understand the words. 'Below', 'beneath', 'listen' and 'eyes'... these are the words I hear the most. Maybe someone is spying, or maybe it's nothing. Or... those filthy Warlocks? No, no... I have to focus.;"Dans mes appartements et dans mes rêves, il y a des Murmures. Je regarde autour de moi mais il n'y a personne. Même durant mon sommeil le plus profond, ces voix me chuchotent. Quand je demande à ma famille ou à mes amis si ils entendent ces chuchotements, ils ne font que me regarder avec inquiétude. Qu'est ce que c'est...que veulent dire ces Murmures ? \n\n Je peux tout juste comprendre les mots. ""Plus bas"", ""Dessous"", ""Écoute"" et ""Yeux""...ce sont les mots que j'entends le plus. Peut-être que quelqu'un m'espionne ou peut-être que ce n'est rien. Ou...ces sales sorciers? Non, non...Je dois me reprendre.";;;;;;;;;;;;x
EVTOPTAcritical.21;I don't know what is happening...;Je ne sais pas ce qu'il se passe...;;;;;;;;;;;;x
EVTDESC_TOG_1276;[Root.PrimaryTitle.GetFOA], I have decided to press my claim on [mega_war_liege.PrimaryTitle.GetName] by force of arms, and have declared war against [mega_war_liege.GetFirstNameWithDynasty]. As one of the loyal supporters of this claim, I urge you to rise up and help me take what is justly mine.\n\nSigned,\n[From.GetFirstNameWithDynasty];;;;;;;;;;;;;x
EVTOPTA_TOG_1276;Yes, call the banners!;;;;;;;;;;;;;x
EVTOPTB_TOG_1276;Now is not the right time;;;;;;;;;;;;;x
EVTDESC_TOG_1278;The faction of disloyal [Root.GetNobleName]s led by [From.GetTitledFirstNameWithDynasty] has risen up in support of [FromFrom.GetFirstNameWithDynasty]'s claim!;;;;;;;;;;;;;x
EVTOPTA_TOG_1278;Traitors all of them;;;;;;;;;;;;;x
EVTDESChigh_valyrian.50;For the first time in recent memory, your glass candle has started burning. The tall and twisted obsidian candle is giving off an unpleasantly bright light. It is claimed that when the glass candles burn the sorcerers can see across mountains, seas and deserts, give men visions and dreams and communicate with one another half a world apart.;;;;;;;;;;;;;x
EVTOPTAhigh_valyrian.50;Perhaps its power can now be utilised?;;;;;;;;;;;;;x
glass_candle_reveal_plots;Divine From Glass Candle;;;;Usar Vela de vidrio para la adivinación;;;;;;;;;x
glass_candle_reveal_plots_desc;You can use the power of the burning glass candle to reveal hostile plots;;;;Puede usar el poder de la Vela de vidrio para revelar tramas hostiles y ocultas;;;;;;;;;x
glass_candle_reveal_plots_timer;Divined From Glass Candle;;;;Usar Vela de vidrio para la adivinación;;;;;;;;;x
EVTDESChigh_valyrian.51;Using your knowledge of sorcery and the higher mysteries, you have divined some useful knowledge from the glass candle. Amongst the bright shimmering light and dark shadows you have determined that [glass_candle_plotter_reveal.GetTitledFirstNameWithDynasty] seeks to [glass_candle_plotter_reveal.GetPlot]!;;;;Usando su conocimiento de la hechicería y los misterios superiores, has adivinado algunos conocimientos útiles de la Vela de vidrio. Entre las brillantes sombras brillantes y oscuras, has determinado que [glass_candle_plotter_reveal.GetTitledFirstNameWithDynasty] busca [glass_candle_plotter_reveal.GetPlot]!;;;;;;;;;x
EVTOPTAhigh_valyrian.51;The treachery is revealed!;;;;¡La traición se revela!;;;;;;;;;x
EVTDESChigh_valyrian.52;You spent may hours trying to harness and divine the light of the glass candle. The unpleasantly bright light started to do strange things to colors, with white becoming as bright as fresh fallen snow, yellow shining like gold, reds turning to flame, and shadows became so black that they looked like holes in the world. It yielded nothing but madness however.;;;;Pasaste horas tratando de adivinar como usar la Vela de vidrio. La luz desagradablemente brillante comenzó a hacer cosas extrañas en sus colores, con el blanco volviéndose tan brillante como la nieve recién caída, el amarillo brillando como el oro, el rojo convirtiéndose en llamas, y las sombras se volvieron tan negras que parecían agujeros en el mundo. Sin embargo, no vi más que locura.;;;;;;;;;x
EVTOPTAhigh_valyrian.52;I do not understand this;;;;no entiendo esto;;;;;;;;;x
EVTDESChigh_valyrian.53;In your dreams you were were suddenly befallen with an unpleasantly bright, and an uncomfortably vivid vision of [From.GetTitledFirstNameWithDynasty] gazing down upon you....;;;;En tus sueños fuiste repentinamente golpeado con una visión desagradablemente brillante y incómodamente vívida de [From.GetTitledFirstNameWithDynasty] mirándote fijamente...;;;;;;;;;x
EVTOPTAhigh_valyrian.53;Surely [From.GetSheHe] can't know of my plot?;;;;¿Se habrá enterado de la trama?;;;;;;;;;x
glass_candle_visions;Manipulate Dreams;;;;Manipular sueños;;;;;;;;;x
glass_candle_visions_desc;You can use your burning glass candle to give [Root.GetTitledFirstNameWithDynasty] disturbing visions and dreams...;;;;Puedes usar tu Vela de vidrio para darle a [Root.GetTitledFirstNameWithDynasty] visiones y sueños perturbadores....;;;;;;;;;x
TOOLTIPglass_candle_visionsSUCCESS;You successfully manipulate [Root.GetTitledFirstName]'s dreams, giving them negative effects;;;;Manipulas con éxito los sueños de [Root.GetTitledFirstName], dándoles efectos negativos;;;;;;;;;x
TOOLTIPglass_candle_visionsFAIL;You fail to manipulate [Root.GetTitledFirstName]'s dreams;;;;No logras manipular los sueños de [Root.GetTitledFirstName];;;;;;;;;x
glass_candle_visions_timer;Manipulated Dreams;;;;Manipular sueños;;;;;;;;;x
EVTDESChigh_valyrian.54;You have mastered the art of manipulating the glass candle, using it to divine events and thoughts across the world. Tonight as you gazed into the bright light, you communicated with [glass_candle_victim.GetTitledFirstNameWithDynasty]'s thoughts and dreams, and changed them into the most hellish nightmares and visions.;;;;Has dominado el arte de manipular la Vela de vidrio, usándola para adivinar eventos y pensamientos en todo el mundo. Esta noche, mientras contemplabas la luz brillante, se comunica con los pensamientos y sueños de [glass_candle_victim.GetTitledFirstNameWithDynasty], y los cambia a las pesadillas y visiones más infernales;;;;;;;;;x
EVTOPTAhigh_valyrian.54;A neccessary evil;;;;Un mal necesario;;;;;;;;;x
EVTDESChigh_valyrian.55;The ability to sabotage and manipulate a person's thoughts is both powerful and dangerous. As you tried to communicate with [glass_candle_victim.GetTitledFirstNameWithDynasty]'s mind the light of the glass candle shimmered madly, giving off intense and painfully bright light. You couldn't make the connection, and instead only drove your own mind to the brink of madness.;;;;La capacidad de sabotear y manipular los pensamientos de una persona es poderosa y peligrosa. Cuando intentaste comunicarte con [glass_candle_victim.GetTitledFirstNameWithDynasty], la luz de la vela de cristal brilló con furia, emitiendo una luz intensa y dolorosamente brillante. No podías hacer la conexión, y en cambio solo llevabaste a tu propia mente al borde de la locura;;;;;;;;;x
EVTOPTAhigh_valyrian.55;My eyes!;;;;¡Mis ojos!;;;;;;;;;x
EVTDESChigh_valyrian.56;As you drifted off to sleep you were suddenly beset by a blindingly bright light. White became as bright as fresh fallen snow, yellow shined like gold, reds turned to flame, and shadows became so black that they looked like holes in the world. They all merged into the most terrible visions and nightmares that drive you almost to madness.;;;;Cuando te dormiste, de pronto te asaltó una luz deslumbrantemente brillante. Las blanca luz se volvio tan brillantes como la nieve recién caída, el amarillo brilló como el oro, el rojo se convirtio en llamas, y las sombras se volvieron tan negras que parecían agujeros en el mundo. Todos se fusionaron con las visiones y pesadillas más terribles que te llevan casi a la locura.;;;;;;;;;x
EVTOPTAhigh_valyrian.56;Make it stop!;;;;¡Haz que paren!;;;;;;;;;x
take_polygamous_spouse;Take as Polygamous Spouse;;;;;;;;;;;;;x
take_polygamous_spouse_desc;In Valyria, the dragonlords and sorcerer princes took more than one wife when it pleased them.;;;;;;;;;;;;;x
EVT_DESC_high_valyrian_21;In Valyria, the dragonlords and sorcerer princes took more than one wife when it pleased them. As a descendent of these dragonlords, and of pure high valyrian blood, I have taken my [From.GetRootRelation] [From.GetTitledFirstNameWithDynasty] as an extra wife. Although, the Faith of the Seven does not permit polygamy and considers it a sin...;;;;;;;;;;;;;x
EVTOPTAhigh_valyrian.21;I will wed her, it is [Root.GetOnlyDynastyName] tradition;;;;;;;;;;;;;x
TOOLTIPhigh_valyrian.21REALM;Many people in your realm will not like this;;;;;;;;;;;;;x
opinion_polygamous_marriage;Polygamous Marriage;;;;;;;;;;;;;x
EVTOPTBhigh_valyrian.21;No, I will not risk angering the Faith;;;;;;;;;;;;;x
EVT_DESC_high_valyrian_22;Your [FromFrom.GetRootRelation] [FromFrom.GetTitledFirstNameWithDynastyNoRegnal] has taken an interest in the old valyrian tradition of polygamy, taking [From.GetTitledFirstNameWithDynasty] as an extra wife! Needlessly to say this has angered the Faith, which does not permit polygamy and considers it a sin.;;;;;;;;;;;;;x
EVTOPTAhigh_valyrian.22;This is shocking;;;;;;;;;;;;;x
EVTOPTAhigh_valyrian.22B;My [polygamy_target.GetRootRelation] had no choice;;;;;;;;;;;;;x
EVTDESCcritical.25;[Root.PrimaryTitle.GetFOA], a peculiar man has arrived in [Root.Capital.GetName] seeking an audience. He claims to be a Lord Titus Groan, travelling the realm in search of new freedoms and adventures. He says today is his name day, and is seeking shelter for the night.;;;;;;;;;;;;;x
EVTOPTAcritical.25;Well let the man in and lets have a feast!;;;;;;;;;;;;;x
EVTOPTBcritical.25;No, be gone;;;;;;;;;;;;;x
EVTDESCcritical.26;The strange Lord Titus Groan was presented as guest of honour at the feast, taking a seat in the high table. He seemed of an odd highly-strung nature - sullen and excitable by turns, and talked of his yearning for freedom and the romance of being an ordinary person. At his departing from [Root.Capital.GetName] after the feast, he presented you with a gift as thanks for your hospitality.;;;;;;;;;;;;;x
EVTOPTAcritical.26;Have a safe journey my lord;;;;;;;;;;;;;x
critical_book_8;Gormenghast Trilogy;;;;;;;;;;;;;x
critical_book_8_desc;Gormenghast is a series of tales by the author Mervyn Peake about the inhabitants of Castle Gormenghast, a sprawling, decaying, gothic-like structure.;;;;;;;;;;;;;x
EVTDESCcritical.30;[Root.PrimaryTitle.GetFOA], an old man has arrived at the gates of [Root.Capital.GetName] seeking shelter. Apparently he is a famed scholar and writer by the name of Jack Vance, and he says today is his name day.;;;;;;;;;;;;;x
EVTOPTAcritical.30;Please, come in and feast;;;;;;;;;;;;;x
EVTOPTBcritical.30;I have no room for you here;;;;;;;;;;;;;x
EVTDESCcritical.31;You had the old Jack Vance seated with you at the high table during the feast. He beguiled all those present with many tales of a distant future, at a point when the sun is almost exhausted and magic has asserted itself as a dominant force. At the end of the feast and before he departs, the old man presents you with a gift, a collection of his best works.;;;;;;;;;;;;;x
EVTOPTAcritical.31;This is most appreciated;;;;;;;;;;;;;x
critical_book_9;Dying Earth;;;;;;;;;;;;;x
critical_book_9_desc;Dying Earth is a series of tales by the author Jack Vance, comprising four books;;;;;;;;;;;;;x
EVTDESCcritical.35;[Root.PrimaryTitle.GetFOA], a rather bizarre company of people has arrived in [Root.Capital.GetName]. They claim to have been exiled from a far away land much like our own. They say their former lieges, Benioff and Weiss, the rulers of their land, banished them. Today is particularly hallowed day in their land apparently.;;;;;;;;;;;;;x
EVTOPTAcritical.35;In that case, come in and feast!;;;;;;;;;;;;;x
EVTOPTBcritical.35;Go back to your 'Game of Thrones';;;;;;;;;;;;;x
EVTDESCcritical.36;The company of men and women from the far away land provided much entertainment and curiosity at the feast. Apparently their land is very similar to ours, but different in many subtle and strange ways. They have to leave now, but [new_GoT_courtier.GetTitledFirstNameWithDynasty] has decided to stay here and serve you instead.;;;;;;;;;;;;;x
EVTOPTAcritical.36;Yes, you could be useful;;;;;;;;;;;;;x
EVTOPTBcritical.36;I don't need you here;;;;;;;;;;;;;x
EVTDESCflavour_events.35;Whilst in your quarters drinking a large quantity of [Root.GetAlcoholicDrink], you thought to yourself how convenient it would be to have a cellar dedicated to stocking it, along with other rare wines and beverages. Perhaps I should have one built in [Root.Capital.GetName]?;;;;;;;;;;;;;x
EVTDESCflavour_events.35B;Whilst in your quarters drinking a large quantity of [Root.GetAlcoholicDrink], you realised that the supplies of it are running dangerously low, and even the other rare wines and beverages that you stock are nearly depleted! Perhaps I should order fresh stocks for the wine cellar?;;;;;;;;;;;;;x
EVTOPTAflavour_events.35;Yes, *hick*, build it at once!;;;;;;;;;;;;;x
EVTOPTAflavour_events.35B;Yes, *hick*, bring me more [Root.GetAlcoholicDrink]!;;;;;;;;;;;;;x
wine_cellar;Has a Wine Cellar;;;;;;;;;;;;;x
EVTOPTBflavour_events.35;That would be too much;;;;;;;;;;;;;x
EVTDESCvassal_request.40;Command of my liege's armies should be reserved for those of high status, and that the likes of [commander_to_replace.GetTitledFirstNameWithDynastyNoRegnal] enjoys this privilege whilst I do not is surely an insult?;;;;;;;;;;;;;x
EVTOPTAvassal_request.40;I will petition [Root.Liege.GetTitledFirstNameNoRegnal] to give me command!;;;;;;;;;;;;;x
EVTTOOLTIPvassal_request.41;You ask [commander_to_replace.GetTitledFirstNameWithDynastyNoRegnal] be removed from command and you take [commander_to_replace.GetHerHis] place;;;;;;;;;;;;;x
EVTOPTCvassal_request.40;I am [Root.Liege.GetTitledFirstNameNoRegnal]'s regent, and so will grant myself command;;;;;;;;;;;;;x
EVTTOOLTIPvassal_request.41B;[commander_to_replace.GetTitledFirstNameWithDynastyNoRegnal] is removed from command and you take [commander_to_replace.GetHerHis] place;;;;;;;;;;;;;x
EVTOPTBvassal_request.40;I am satisfied that [commander_to_replace.GetTitledFirstNameNoRegnal] is an able leader;;;;;;;;;;;;;x
EVTDESCvassal_request.41;[Root.PrimaryTitle.GetFOA], I write to express my consternation at the fact [commander_to_replace.GetTitledFirstNameWithDynastyNoRegnal] enjoys command of your amies, when someone of higher status would clearly be more appropriate. I petition that [commander_to_replace.GetSheHe] be removed from command and that I take [commander_to_replace.GetHerHis] place.\n\nSigned\n[From.GetTitledFirstNameNoRegnal] of House [From.GetOnlyDynastyName];;;;;;;;;;;;;x
EVTOPTAvassal_request.41;[From.PrimaryTitle.GetFOA], you make a good point;;;;;;;;;;;;;x
EVTOPTBvassal_request.41;[From.GetSheHeCap] is regent, so I must accept;;;;;;;;;;;;;x
EVTOPTCvassal_request.41;[commander_to_replace.GetTitledFirstNameNoRegnal] is doing a fine job thank you;;;;;;;;;;;;;x
EVTOPTDvassal_request.41;I know just how to smooth this over;;;;;;;;;;;;;x
EVTDESCvassal_request.42;[Root.GetTitledFirstNameNoRegnal], whilst you have been doing an able job as commander of my armies, I am afraid I must relieve you of your command in favour of someone of higher rank. [FromFrom.GetTitledFirstNameWithDynastyNoRegnal] has been assigned to assume your duties.\n\nSigned\n[From.GetTitledFirstName] of House [From.GetOnlyDynastyName];;;;;;;;;;;;;x
EVTOPTAvassal_request.42;That [GetRootFromFromInsult] must of put [From.GetTitledFirstNameNoRegnal] up to this!;;;;;;;;;;;;;x
EVTDESCvassal_request.43;[Root.GetTitledFirstNameNoRegnal], I see the merit in your argument, and so I hereby relieve [commander_to_replace.GetTitledFirstNameWithDynastyNoRegnal] of [commander_to_replace.GetHerHis] command and appoint you to assume [commander_to_replace.GetHerHis] duties.\n\nSigned\n[From.GetTitledFirstName] of House [From.GetOnlyDynastyName];;;;;;;;;;;;;x
EVTOPTAvassal_request.43;[From.PrimaryTitle.GetFOA], I thank you;;;;;;;;;;;;;x
EVTDESCvassal_request.44;[Root.GetTitledFirstNameNoRegnal], I must reject your petition, [commander_to_replace.GetTitledFirstNameWithDynastyNoRegnal] is a fine and able commander, and mere rank should not dictate who should lead my armies.\n\nSigned\n[From.GetTitledFirstName] of House [From.GetOnlyDynastyName];;;;;;;;;;;;;x
EVTOPTAvassal_request.44;But it is my right!;;;;;;;;;;;;;x
EVTDESCvassal_request.45;[Root.GetTitledFirstNameNoRegnal], whilst I respect your abilities to command armies, I am afraid it is simply not possible to recall [commander_to_replace.GetTitledFirstNameWithDynastyNoRegnal] at this time. I will call upon you when the time comes, and command that you stay ready and alert.\n\nYours,\n[From.GetTitledFirstName] of House [From.GetOnlyDynastyName];;;;;;;;;;;;;x
EVTOPTAvassal_request.45;I guess that is reasonable!;;;;;;;;;;;;;x
EVTDESCvassal_request.46;[From.GetTitledFirstNameWithDynastyNoRegnal] is upset that you removed [From.GetHerHis] command when [From.GetSheHe] was only just recently granted it.;;;;;;;;;;;;;x
EVTOPTAvassal_request.46;[From.GetSheHeCap] will get over it;;;;;;;;;;;;;x
EVTDESC_WoL_6552;A merchant specialising in rare books and scrolls has arrived in [Root.Location.GetName] seeking an audience. He has learnt of your enthusiasm for reading and other learned persuits, and is offering you the chance to purchase one of his wares.;;;;;;;;;;;;;x
EVTOPTA_WoL_6552;Yes I will buy it!;;;;;;;;;;;;;x
EVTOPTB_WoL_6552;Not interested;;;;;;;;;;;;;x
EVTOPTBdynasty.4;No, [From.GetTitledFirstNameNoRegnal] decreed that my [female_heir.GetRootRelation] should have the throne;;;;;;;;;;;;;x
EVTDESCtrait_notification.21;My prowess in the arts of personal combat have improved!;;;;;;;;;;;;;x
EVTDESCtrait_notification.22;My [ward_fighter.GetRootRelation] [ward_fighter.GetTitledFirstNameNoRegnal] has improved [ward_fighter.GetHerHis] prowess in the arts of personal combat!;;;;;;;;;;;;;x
EVTDESCmaintenance.69;Your [Root.job_treasurer.GetJobTitle], [Root.job_treasurer.GetTitledFirstNameNoRegnal], has presented the mercenary companies accounts for the past months.;;;;;;;;;;;;;x
TOOLTIPmaintenance.69EXPENSES;Expenses incurred: §Y[Root.expenses.GetValue]§!W¤;;;;Gastos incurridos: §Y[Root.expenses.GetValue]§!W¤;;;;;;;;;x
TOOLTIPmaintenance.69SHARES;Number of shares due to the members of the company: §Y[Root.merc_courtier.GetValue]§!\nValue of 1 share: §Y[Root.current_wealth.GetValue]§!W¤\nShares to be distributed as follows:\n-[Root.GetTitledFirstNameWithDynasty]: §Y8§! Shares\n-[Root.GetMyMarshalName]: §Y4§! Shares\n-[Root.GetMyCastellanName]: §Y4§! Shares\n-Other councillors: §Y3§! Shares\n-Commanders: §Y2§! Shares\n-Others: §Y1§! Share;;;;Número de acciones debido a los miembros de la empresa: §Y[Root.merc_courtier.GetValue]§!\nValor de 1 recurso compartido: §Y[Root.current_wealth.GetValue]§!W¤\nLas acciones se distribuirán de la siguiente manera:\n-[Root.GetTitledFirstNameWithDynasty]: §Y8§! Comparte\n-[Root.GetMyMarshalName]: §Y4§! Comparte\n-[Root.GetMyCastellanName]: §Y4§! Comparte\n-Otros consejeros: §Y3§! Comparte\n-Comandantes: §Y2§! Comparte\n-Otros: §Y1§! Comparte;;;;;;;;;x
ask_to_embargo;Ask to Embargo;Demander un embargo;Zum Embargo auffordern;;Pedir un embargo;;;;;;;;;x
ask_to_embargo_desc;Ask §Y[Root.GetTitledFirstNameWithDynastyAndTitle]§! to declare an Embargo War against a rival Merchant Republic.;Demander à §Y[From.GetTitledFirstNameWithDynastyAndTitle]§! de mettre sous embargo une république marchande rivale.;Fordret §Y[From.GetTitledFirstNameWithDynastyAndTitle]§! auf, einen Embargokrieg gegen eine rivalisierende Handelsrepublik zu erklären.;;Pregunta a §Y[Root.GetTitledFirstNameWithDynastyAndTitle]§! para declarar una Guerra de Embargo contra una República Mercante rival.;;;;;;;;;x
TOOLTIPdiplomatic.210;Propose §Y[Root.GetTitledFirstName]§! declare an Embargo War on §Y[FromFrom.GetTitledFirstNameWithDynastyAndTitle]§! together with you. §RIf you lose the war, you will pay the war reparations.§!;Demander à §Y[From.GetTitledFirstName]§! de mettre conjointement à vous, §Y[FromFrom.GetTitledFirstNameWithDynastyAndTitle]§! sous embargo. Appuyer votre requête avec §Y$GOLD$§!¤. §RSi vous perdez cette guerre, vous serez tenu de payer les réparations de guerre.§!; Lasst §Y[From.GetTitledFirstName]§! zusammen mit Euch einen Handelskrieg gegen §Y[FromFrom.GetTitledFirstNameWithDynastyAndTitle]§! führen. Biete §Y$GOLD$§!¤, um das Angebot zu versüßen. §RFalls Ihr den Krieg verliert, müsst Ihr die Reparationszahlungen leisten.§! ;;Proponer a §Y[Root.GetTitledFirstName]§! declarar una guerra de Embargo a §Y[FromFrom.GetTitledFirstNameWithDynastyAndTitle]§! junto contigo. §Si pierde la guerra, pagará las reparaciones de guerra.§!.;;;;;;;;;x
EVTDESCdiplomatic.210;To the [GetFromFromRootCompliment] [Root.GetTitledFirstNameNoRegnal], The insidious [FromFromFrom.PrimaryTitle.GetAdjective] traders must be expelled from your lands. If you agree to declare an Embargo War on [FromFromFrom.GetTitledFirstNameWithDynastyAndTitle], we will not only join the war on your side but will also offer coin up front to fund the war effort. Should we fail, [FromFrom.PrimaryTitle.GetName] will pay any war reparations.\n\nSigned\n[FromFrom.GetTitledFirstNameWithDynastyAndTitleNoRegnal];Les insidieux commerçants [ThirdPartyCharacter.PrimaryTitle.GetAdjective] doivent être boutés hors de vos terres. Si vous êtes d'accord pour imposer un embargo à [ThirdPartyCharacter.GetTitledName], non seulement nous nous joindrons à vous dans cette guerre mais nous vous offrons également la coquette somme de $COST$¤. Quand bien même nous échouerions, [Actor.PrimaryTitle.GetName] couvrira les dépenses de guerre.;Die heimtückischen [ThirdPartyCharacter.PrimaryTitle.GetAdjective] Händler müssen von Eurem Land entfernt werden. Falls Ihr einwilligt, einen Embargokrieg gegen [ThirdPartyCharacter.GetTitledName] zu erklären, werden Wir nicht nur an deiner Seite kämpfen, sondern Euch auch $COST$¤ überreichen. Sollten wir verlieren, wird [Actor.PrimaryTitle.GetName] alle Reparationszahlungen leisten.;;Para [GetFromFromRootCompliment] [Root.GetTitledFirstNameNoRegnal], los codicioso comerciantes de [FromFromFrom.PrimaryTitle.GetAdjective] deben ser echados ??de sus tierras. Si acepta declarar una Guerra de Embargo, no solo nos uniremos a la guerra a su lado, sino que también ofreceremos una modesta cantidad de dinero por adelantado para financiar el esfuerzo de la guerra. Si fallamos, [FromFrom.PrimaryTitle.GetName] pagará las reparaciones de guerra.\n\nFirmado\n[FromFrom.GetTitledFirstNameWithDynastyAndTitleNoRegnal].;;;;;;;;;x
EVTOPTAdiplomatic.210;Yes, the [FromFromFrom.PrimaryTitle.GetAdjective] must be removed;;;;;;;;;;;;;x
EVTOPTBdiplomatic.210;No, I will not take sides;;;;;;;;;;;;;x
EVTDESCdiplomatic.211;To the [GetFromRootCompliment] [Root.GetTitledFirstNameNoRegnal], After careful consideration, I have decided to accept your suggestion. Together, we shall force the [embargo_target.PrimaryTitle.GetAdjective] traders out of [From.PrimaryTitle.GetName]!\n\nSigned\n[From.GetTitledFirstNameWithDynastyAndTitleNoRegnal];Après un examen attentif, j'ai décidé de satisfaire à votre requête. Ensemble, nous forcerons les marchands [Root.PrimaryTitle.GetAdjective] à abandonner [From.PrimaryTitle.GetName]!\n\n[From.GetTitledFirstName];Nach sorgfältigem Überlegen habe ich mich entschlossen, Euren Vorschlag anzunehmen. Vereint werden wir die [Root.PrimaryTitle.GetAdjective] Händler aus [From.PrimaryTitle.GetName] vertreiben!\n\n[From.GetTitledFirstName];;Después de pensarlo mucho, he decidido aceptar tu sugerencia. Juntos podremos expulsar a los mercaderes [Root.PrimaryTitle.GetAdjective] de [From.PrimaryTitle.GetName]!\n\n[From.GetTitledFirstName];;;;;;;;;x
EVTDESCdiplomatic.212;[Root.GetTitledFirstNameNoRegnal], Honestly, I find your embargo suggestion against [embargo_target.PrimaryTitle.GetName] rather ludicrous. Why should I favor one money-grubbing merchant city over another?\n\nSigned\n[From.GetTitledFirstNameWithDynastyAndTitleNoRegnal];En fin de compte, je trouve votre suggestion d'embargo contre [Root.PrimaryTitle.GetName] tout à fait risible. Pourquoi devrais-je favoriser une des républiques assoiffées d'or plutôt qu'une autre ?\n\n[From.GetTitledFirstName];Um ehrlich zu sein, finde ich Euren Vorschlag des Embargos gegen [Root.PrimaryTitle.GetName] lächerlich. Warum sollte ich eine gierige Republik einer anderen bevorzugen?\n\n[From.GetTitledFirstName];;Sinceramente, encuentro tu sugerencia de embargar a [Root.PrimaryTitle.GetName] bastante absurda. ¿Por qué debería favorecer a una avariciosa república sobre otra?\n\n[From.GetTitledFirstName];;;;;;;;;x
TOOLTIPask_to_embargoCOST_100;§Y100§!¤ is offered to sweeten the deal.;;;;;;;;;;;;;x
TOOLTIPask_to_embargoCOST_200;§Y200§!¤ is offered to sweeten the deal.;;;;;;;;;;;;;x
TOOLTIPask_to_embargoCOST_300;§Y300§!¤ is offered to sweeten the deal.;;;;;;;;;;;;;x
TOOLTIPask_to_embargoCOST_400;§Y400§!¤ is offered to sweeten the deal.;;;;;;;;;;;;;x
TOOLTIPask_to_embargoCOST_500;§Y500§!¤ is offered to sweeten the deal.;;;;;;;;;;;;;x
TOOLTIPask_to_embargoTRADEPOSTS;[FromFrom.PrimaryTitle.GetName] has trade posts present in [Root.PrimaryTitle.GetName];;;;;;;;;;;;;x
TOOLTIPask_to_embargoAI_WESTEROS;Westerosi rulers will not consider embargo wars across The Narrow Sea;;;;;;;;;;;;;x
TOOLTIPask_to_embargoONGOING;Is NOT already negotiating an embargo;;;;;;;;;;;;;x
REASON_EMBARGO_POWER;[FromFrom.PrimaryTitle.GetName] is too powerful;;;;;;;;;;;;;x
REASON_EMBARGO_OPINION_DIFF;Does not like you well enough compared to [FromFrom.GetTitledFirstName];;;;;;;;;;;;;x
EVTDESCdiplomatic.213;[From.GetTitledFirstNameWithDynastyAndTitleNoRegnal] has declared an embargo against our traders! This war is no doubt being prompted and funded by [FromFromFrom.PrimaryTitle.GetFullName]...;;;;;;;;;;;;;x
EVTOPTAdiplomatic.213;This treachery will not go unanswered!;;;;;;;;;;;;;x
EVTDESC45425;We have successfully seized the [title_to_usurp.GetFullName] after defeating [FromFrom.GetTitledFirstNameWithDynastyAndTitleNoRegnal]. Shall this territory be attached to the personal domains of [Root.Capital.GetName]? Or shall [title_to_usurp_holder.GetTitledFirstNameWithDynastyNoRegnal] be confirmed as its rightful holder to ensure stability?;;;;;;;;;;;;;x
EVTOPTA45425;[title_to_usurp_holder.GetTitledFirstNameNoRegnal] can swear fealty to me;;;;;;;;;;;;;x
opinion_usurped_vassal_title;Usurped Vassal Title;;;;;;;;;;;;;x
opinion_confirmed_title;Confirmed My Title;;;;;;;;;;;;;x
opinion_confirmed_vassal_title;Confirmed a Vassals Title;;;;;;;;;;;;;x
EVTOPTB45425;I will take it for myself;;;;;;;;;;;;;x
TOOLTIP45425;[This.GetTitledFirstNameNoRegnal] can choose either to usurp or vassalise the [Prev.GetFullName];;;;;;;;;;;;;x
EVTDESCmourning.20;Despite the constant presence of my court, I have begun to feel a keen sense of loneliness. My [Root.GetHusbandWifeOpp] has passed away, and all my children and friends are no longer present in [Root.Capital.GetName]. I feel alone and old...;;;;A pesar de la presencia constante de mi corte, he comenzado a sentir una gran sensación de soledad. Mi [Root.GetHusbandWifeOpp] ha fallecido, y todos mis hijos y amigos ya no están presentes en [Root.Capital.GetName]. Me siento solo y viejo...;;;;;;;;;x
EVTOPTAmourning.20;This makes me feel sad;;;;Esto me hace sentir triste;;;;;;;;;x
EVTOPTBmourning.20;I need a new flame in my life!;;;;¡Necesito una nueva llama en mi vida!;;;;;;;;;x
EVTOPTCmourning.20;[Root.GetAlcoholicDrink] can help with this;;;;[Root.GetAlcoholicDrink] me puede ayudar con esto;;;;;;;;;x
EVTOPTDmourning.20;I'll take up reading;;;;Empezaré a leer;;;;;;;;;x
EVTOPTEmourning.20;I shouldn't care about this;;;;No me debería importar esto;;;;;;;;;x
EVTOPTFmourning.20;I'll make new friends!;;;;¡Haré nuevos amigos!;;;;;;;;;x
EVTOPTGmourning.20;A feast will make me feel less alone;;;;Una fiesta me hará sentir menos solo;;;;;;;;;x
EVTOPTHmourning.20;*runs around screaming*;;;;* corre alrededor gritando *;;;;;;;;;x
EVTOPTImourning.20A;More wild parties are needed!;;;;¡Se necesitan fiestas más salvajes!;;;;;;;;;x
EVTOPTImourning.20B;I'll spend more time reading;;;;Pasaré más tiempo leyendo;;;;;;;;;x
EVTOPTImourning.20C;I'll spend more time in my gardens;;;;Pasaré más tiempo en mis jardines;;;;;;;;;x
EVTOPTImourning.20D;Immerse myself in the esoteric mysteries;;;;Estudiar los misterios esotéricos;;;;;;;;;x
EVTOPTImourning.20E;Spend more time in the dungeons...;;;;Pasa más tiempo en las mazmorras...;;;;;;;;;x
EVTOPTImourning.20F;I'll dedicate more time to practicing in the yard;;;;Dedicaré más tiempo a practicar en el patio;;;;;;;;;x
EVTOPTImourning.20G;I'll go on more hunts!;;;;¡Iré a más cazas!;;;;;;;;;x
EVTOPTImourning.20H;Bring more poets and bards to court;;;;Trae a más poetas y bardos a la corte;;;;;;;;;x
EVTOPTImourning.20I;I'll spend more time falconing;;;;Pasaré más tiempo de cetrería;;;;;;;;;x
EVTOPTImourning.20J;I'll practice the arts of seduction more;;;;Practicaré las artes de la seducción;;;;;;;;;x
EVTOPTImourning.20K;Immerse myself in the running of [Root.PrimaryTitle.GetName];;;;Sumergirme en la ejecuccion de [Root.PrimaryTitle.GetName];;;;;;;;;x
EVTOPTImourning.20L;Spend more time planning [Root.Capital.GetName];;;;Dedique más tiempo a planear [Root.Capital.GetName];;;;;;;;;x
EVTOPTImourning.20M;Devote more time to devising war strategies;;;;Dedique más tiempo a la elaboración de estrategias de guerra;;;;;;;;;x
EVTOPTImourning.20N;Spend more time holding court in [Root.Capital.Capital.GetName];;;;Pase más tiempo celebrando los juicios en [Root.Capital.Capital.GetName];;;;;;;;;x
EVTOPTImourning.20O;I'll spend more time playing the court against eachother!;;;;¡Pasaré más tiempo jugando en la cancha uno contra el otro!;;;;;;;;;x
EVTOPTImourning.20P;Immerse myself in the worship of [Root.Religion.GetHighGodName];;;;Sumergirme en la adoración de [Root.Religion.GetHighGodName];;;;;;;;;x
EVTOPTImourning.20Q;Spend more time playing games;;;;Pase más tiempo jugando juegos;;;;;;;;;x
spending_more_time_on_hobbies;Spending more time on hobbies;;;;Pasar más tiempo en pasatiempos;;;;;;;;;x
EVTOPTJmourning.20;A donation to the poor will make me feel better;;;;Una donación a los pobres me hará sentir mejor;;;;;;;;;x
EVTOPTKmourning.20;I'm so angry I could break something!;;;;¡Estoy tan enojado que podría romper algo!;;;;;;;;;x
EVTOPTLmourning.20;Pray to [Root.Religion.GetHighGodName];;;;Ora a [Root.Religion.GetHighGodName];;;;;;;;;x
EVTOPTLmourning.20B;I'll meditate in the godswood;;;;Meditaré en los Arciano;;;;;;;;;x
spending_time_in_prayer;Spending more time in prayer;;;;Pasar más tiempo en oración;;;;;;;;;x
EVTOPTMmourning.20;Ride and relax with my dragon for comfort;;;;Viajare y me relájalare con mi dragón para mayor comodidad;;;;;;;;;x
spending_time_with_dragon;Spending more time with dragon;;;;Pasar más tiempo con dragón;;;;;;;;;x
EVTOPTNmourning.20;A new set of fine clothes will make me feel better;;;;Un nuevo conjunto de ropa fina me hará sentir mejor;;;;;;;;;x
EVTOPTOmourning.20;Burn their clothes, burn everything!;;;;¡Quemar mis ropas, quemalo todo!;;;;;;;;;x
EVTOPTPmourning.20;That's it, i'm going travelling;;;;Eso es todo, voy a viajar;;;;;;;;;x
EVTDESC_REP_921;House [From.GetOnlyDynastyName] was once one of the most powerful and respected families in the [From.Liege.PrimaryTitle.GetFullName]. However their prestige and wealth has waned, and [From.GetTitledFirstNameWithDynasty] is in dire need of coin. [From.GetSheHeCap] is offering to sell what little remains of [From.GetHerHis] trade interests and personal property in [From.Liege.Capital.GetName].;;;;La Casa [From.GetOnlyDynastyName] alguna vez fue una de las familias más poderosas y respetadas en [From.Liege.PrimaryTitle.GetFullName]. Sin embargo, su prestigio y riqueza han disminuido, y [From.GetTitledFirstNameWithDynasty] necesita dinero. [From.GetSheHeCap] te ofrece venderte lo poco que le queda de sus intereses comerciales y propiedades personales en [From.Liege.Capital.GetName].;;;;;;;;;x
EVTOPTA_REP_921;House [Root.GetOnlyDynastyName] will be one of the leading families in the [From.Liege.PrimaryTitle.GetFullName];;;;La Casa [Root.GetOnlyDynastyName] será una de las familias líderes en [From.Liege.PrimaryTitle.GetFullName];;;;;;;;;x
EVTOPTB_REP_921;I have no interest in this;;;;No tengo ningún interés en esto;;;;;;;;;x
EVTDESC_REP_922;House [FromFrom.GetOnlyDynastyName] was once one of the most powerful and respected families in the [FromFrom.Liege.PrimaryTitle.GetFullName]. However their prestige and wealth has waned. As a consequence [FromFrom.GetTitledFirstNameWithDynasty], in dire need of coin, has sold what little remains of [FromFrom.GetHerHis] trade interests and personal property in the [FromFrom.Liege.Capital.GetName] to [From.GetTitledFirstNameWithDynasty].;;;;La Casa [FromFrom.GetOnlyDynastyName] fue una vez una de las familias más poderosas y respetadas en [FromFrom.Liege.PrimaryTitle.GetFullName]. Sin embargo, su prestigio y riqueza han disminuido. Como consecuencia [FromFrom.GetTitledFirstNameWithDynasty], con necesidad urgente de dinero, ha vendido lo poco que quedaba de sus intereses comerciales y propiedades personales en [FromFrom.Liege.Capital.GetName] a [From.GetTitledFirstNameWithDynasty].;;;;;;;;;x
EVTOPTA_REP_922;House [From.GetOnlyDynastyName] will be one of the leading families in the [From.Liege.PrimaryTitle.GetFullName];;;;La Casa [From.GetOnlyDynastyName] será una de las familias líderes en [From.Liege.PrimaryTitle.GetFullName];;;;;;;;;x
TOOLTIPREP.921;[Root.GetTitledFirstNameWithDynasty] acquires the family palace and trade posts owned by House [From.GetOnlyDynastyName], also taking their patrician status;;;;[Root.GetTitledFirstNameWithDynasty] adquiere el palacio familiar y los puestos de comercio propiedad de la Casa [From.GetOnlyDynastyName], también tomando su estado patricio;;;;;;;;;x
TOOLTIPfeast.104LARGE;You set aside a §Ylarge§! reserve of grain and food for the winter. This makes starvation in [Root.Capital.GetName] during a harsh winter §G4 times§! less likely.;;;;¡Depositas una §YAmplia§! reserva de cereales y alimentos para el invierno. Esto hace que el hambre en [Root.Capital.GetName] durante un duro invierno sean §G4 menos probable.;;;;;;;;;x
TOOLTIPfeast.104MEDIUM;You set aside the §Ystandard§! reserves of grain and food for the winter.;;;;¡Dejas una cantidad §Ynormal§! de reservas de cereales y alimentos para el invierno.;;;;;;;;;x
TOOLTIPfeast.104SMALL;You set aside a §Ysmall§! reserve of grain and food for the winter. This makes starvation in [Root.Capital.GetName] during a harsh OR normal winter §R3 times§! more likely.;;;;Dejas una cantidad §Ypequeña§! en la reserva de cereales y alimentos para el invierno. Esto causara inanición en [Root.Capital.GetName] durante un invierno severo O normal y sera §R3 veces§! mas probable que cause inanición.;;;;;;;;;x
EVTDESCfeast.150;A minor landholder of [feast_host.Capital.GetName] has come to court seeking justice. He claims that your [accused.GetRootRelation] [accused.GetTitledFirstNameWithDynastyNoRegnal] trepassed on his lands, despoiling his property and causing great loss. He presents evidence and witnesses to this effect.;;;;;;;;;;;;;x
EVTDESCfeast.150B;A small business owner of [feast_host.Capital.GetName] has come to court seeking justice. He accuses your [accused.GetRootRelation] [accused.GetTitledFirstNameWithDynastyNoRegnal] of theft, and presents evidence and witnesses to this alleged crime.;;;;;;;;;;;;;x
EVTDESCfeast.150C;A young noble visiting [feast_host.Capital.GetName] has come to court seeking justice. He accuses your [accused.GetRootRelation] [accused.GetTitledFirstNameWithDynastyNoRegnal] of viciously assaulting him without due provocation, and claims to have the witnesses to prove his guilt.;;;;;;;;;;;;;x
EVTDESCfeast.150D;A minor property owner of [feast_host.Capital.GetName] has come to court seeking justice. He accuses your [accused.GetRootRelation] [accused.GetTitledFirstNameWithDynastyNoRegnal] of arson, burning down one of his buildings without any provocation.;;;;;;;;;;;;;x
EVTDESCfeast.150E;A [Root.Religion.GetPriestTitle] from a [Root.GetHouseOfWorship] in [feast_host.Capital.GetName] has come to court seeking justice. He claims that your [accused.GetRootRelation] [accused.GetTitledFirstNameWithDynastyNoRegnal] has been defaming [Root.Religion.GetHighGodName], and demands [accused.GetSheHe] be made to answer for these blasphemies.;;;;;;;;;;;;;x
EVTDESCfeast.150F;A minor merchant of [feast_host.Capital.GetName] has come to court seeking justice. He claims that your [accused.GetRootRelation] [accused.GetTitledFirstNameWithDynastyNoRegnal] raped his daughter, and has the witnesses to prove it.;;;;;;;;;;;;;x
EVTOPTAfeast.150;Guards, arrest [accused.GetHerHim]!;;;;;;;;;;;;;x
opinion_accused_trespass;Accused of Trepass;;;;;;;;;;;;;x
opinion_accused_assault;Accused of Assault;;;;;;;;;;;;;x
opinion_accused_arson;Accused of Arson;;;;;;;;;;;;;x
EVTOPTBfeast.150;I will make [accused.GetHerHim] pay recompense;;;;;;;;;;;;;x
EVTOPTCfeast.150;These 'witnesses' and 'evidence' are not enough;;;;;;;;;;;;;x
EVTDESCfeast.151;[tax_relief_town.GetName] has recently been destroyed by a coastal storm, and the people of the town, who pay a fee for customs levied at the port, request that the [Root.GetTitle] in [Root.Capital.GetName] discharge the petitioners from their fees, for they are unable to receive vessels into the port.;;;;;;;;;;;;;x
EVTDESCfeast.151B;A bridge in [tax_relief_town.GetName] has recently been destroyed by a storm, and the people of the town, who pay a fee for tolls levied on the bridge, request that the [Root.GetTitle] in [Root.Capital.GetName] discharge the petitioners from their fees until the bridge has been repaired.;;;;;;;;;;;;;x
EVTOPTAfeast.151;Yes, I forgive these fees;;;;;;;;;;;;;x
storm_hit_a;Storm Hit;;;;;;;;;;;;;x
EVTOPTBfeast.151;No, the fees must be paid as agreed;;;;;;;;;;;;;x
storm_hit_b;Storm Hit;;;;;;;;;;;;;x
EVTOPTCfeast.151;I'm sure we can reach a compromise;;;;;;;;;;;;;x
EVTDESCfeast.152;A minor noble by the name of [feast_152_target.GetTitledFirstNameWithDynastyNoRegnal] requests remedy as [feast_152_target.GetSheHe] recently received land near [feast_host.Capital.GetName] by writ of the [feast_host.GetTitle], but when [feast_152_target.GetSheHe] came to occupy the land there were already armed men present who assaulted [feast_152_target.GetHerHim], carried off [feast_152_target.GetHerHis] goods and ousted [feast_152_target.GetHerHis] from her land.;;;;;;;;;;;;;x
EVTDESCfeast.152B;A petitioner by the name of by the name of [feast_152_target.GetTitledFirstNameWithDynastyNoRegnal] requests remedy, stating that [feast_152_target.GetSheHe] has been dispossesed of [feast_152_target.GetHerHis] lands by armed thugs, and that part of [feast_152_target.GetHerHis] demesnes have been sold. [feast_152_target.GetSheHeCap] claims the men came in force and ploughed [feast_152_target.GetHerHis] land, claiming it to be part of their liberty. [feast_152_target.GetSheHeCap] claims now to have nothing, where [feast_152_target.GetSheHe] was once accustomed to serve the [Root.GetTitle] with loyalty.;;;;;;;;;;;;;x
EVTOPTAfeast.152;I will send some men to restore order and peace;;;;;;;;;;;;;x
EVTOPTBfeast.152;I can only but grant you refuge for now;;;;;;;;;;;;;x
EVTOPTCfeast.152;And you want me to do what exactly?;;;;;;;;;;;;;x
EVTDESCfeast.153;[tax_claim_priest.GetTitledFirstName] has presented a petition for remedy to the court, claiming that the [tax_claim_priest.GetHouseOfWorship] was forced to pay a tax by a sheriff, this is despite their bills of exemption.;;;;;;;;;;;;;x
EVTOPTAfeast.153;Please accept my apologies and recompense;;;;;;;;;;;;;x
EVTOPTBfeast.153;The tax is neccessary!;;;;;;;;;;;;;x
EVTOPTCfeast.153;This is just a misunderstanidng;;;;;;;;;;;;;x
EVTDESCfeast.154;Your [flagship_petitioner.GetRootRelation] [flagship_petitioner.GetTitledFirstNameWithDynastyNoRegnal] has presented a petition requesting a commission to press sailors into the service of '[my_flagship.GetName]' and the [Root.GetTitle]'s other ships, as well as the petitioner's own barges.;;;;;;;;;;;;;x
EVTOPTAfeast.154;Agreed, you will have your commission;;;;;;;;;;;;;x
mariners_recruited;Sailors Recruited;;;;;;;;;;;;;x
EVTOPTBfeast.154;This is not neccessary;;;;;;;;;;;;;x
EVTDESCfeast.155;The [feast_host.GetMyTreasurerName] of [feast_host.Capital.GetName] has presented to the court a list of damages caused by a weir built by the people of [tax_loss_town.GetName] on the river to your demesnes, which has caused a great loss of coin to the treasury.;;;;;;;;;;;;;x
EVTOPTAfeast.155;We can bear the losses;;;;;;;;;;;;;x
EVTOPTBfeast.155;An extra tax will have to be levied on them!;;;;;;;;;;;;;x
extra_tax_levied;Extra Tax Levy;;;;;;;;;;;;;x
EVTDESCfeast.156;A petitioner by the name of [feast_156_target.GetTitledFirstNameWithDynastyNoRegnal] has sent a request that [feast_156_target.GetSheHe] may have entry into [feast_156_target.GetHerHis] lands at [feast_156_province.GetName], and delay [feast_156_target.GetHerHis] homage until [feast_156_target.GetSheHe] can next travel to [feast_host.Capital.GetName]. [feast_156_target.GetSheHeCap] states that the lands were detained following [feast_156_target.GetHerHis] brother's death, and although an inquest has been returned, [feast_156_target.GetSheHe] has not been allowed entry until [feast_156_target.GetSheHe] pays homage.;;;;;;;;;;;;;x
EVTOPTAfeast.156;I hereby grant you access;;;;;;;;;;;;;x
EVTOPTBfeast.156;No, I demand that you pay homage first!;;;;;;;;;;;;;x
EVTDESCfeast.157;The people of [feast_157_province.GetName] have sent a petition requesting exemptions be given, allowing the merchants trading in [feast_157_owner.PrimaryTitle.GetName] and elsewhere who are driven to [Root.PrimaryTitle.GetName] by bad weather should not pay customs except on any goods sold in [Root.TopLiege.PrimaryTitle.GetName].;;;;;;;;;;;;;x
EVTOPTAfeast.157;This sounds agreeable;;;;;;;;;;;;;x
foreign_customs_relief;Foreign Customs Relief;;;;;;;;;;;;;x
EVTOPTBfeast.157;And how would you prove 'bad weather' exactly?;;;;;;;;;;;;;x
EVTOPTCfeast.157;I have just the compromise for this;;;;;;;;;;;;;x
EVTDESCfeast.158;A petitioner by the name of [feast_158_target.GetTitledFirstNameWithDynastyNoRegnal] requests a small grant of coin and lands, for he claims to have served loyally in the war against [war_target.PrimaryTitle.GetName] and has suffered great losses as a result.;;;;;;;;;;;;;x
EVTOPTAfeast.158;That would seem just;;;;;;;;;;;;;x
EVTOPTBfeast.158;I can't give coin to every beggar soldier who asks!;;;;;;;;;;;;;x
EVTDESCdynastic_loyalty.1;I have chosen to back [potential_loyalty_target.GetTitledFirstNameWithDynastyNoRegnal] in their war against [potential_loyalty_targets_enemy.GetTitledFirstNameWithDynastyNoRegnal]. Perhaps I should declare my unwavering loyalty to House [potential_loyalty_target.GetOnlyDynastyName] for all of time?;;;;;;;;;;;;;x
EVTOPTAdynastic_loyalty.1;Yes, I will forever remain faithful to House [potential_loyalty_target.GetOnlyDynastyName];;;;;;;;;;;;;x
opinion_dynasty_loyalist;[From.GetOnlyDynastyName] Loyalist;;;;;;;;;;;;;x
opinion_my_loyalist;[Root.GetOnlyDynastyName] Loyalist;;;;;;;;;;;;;x
TOOLTIPdynastic_loyalty.1;You declare unconditional loyalty to House [potential_loyalty_target.GetOnlyDynastyName]. Not backing this house in future conflicts will be seen as dishonourable.;;;;;;;;;;;;;x
EVTOPTBdynastic_loyalty.1;No, I won't go that far;;;;;;;;;;;;;x
EVTDESCdynastic_loyalty.2;Not only has [From.GetTitledFirstNameWithDynastyNoRegnal] chosen to support me in the war against [potential_loyalty_targets_enemy.GetTitledFirstNameWithDynastyNoRegnal], [From.GetSheHe] has pledged eternal loyalty to House [Root.GetOnlyDynastyName] on behalf of House [From.GetOnlyDynastyName].;;;;;;;;;;;;;x
EVTOPTAdynastic_loyalty.2;I am grateful for your loyalty [From.PrimaryTitle.GetFOA];;;;;;;;;;;;;x
EVTDESCdynastic_loyalty.3;[From.GetTitledFirstNameWithDynastyNoRegnal] has chosen to oppose me in the war against [potential_loyalty_target.GetTitledFirstNameWithDynastyNoRegnal], and has even pledged eternal loyalty to House [potential_loyalty_target.GetOnlyDynastyName]!;;;;;;;;;;;;;x
EVTOPTAdynastic_loyalty.3;They have chosen the wrong side;;;;;;;;;;;;;x
EVTDESCdynastic_loyalty.5;The relationship between Houses [Root.GetOnlyDynastyName] and [loyalty_removal_target.GetOnlyDynastyName] has become strained, our loyalty to them has been put into question.;;;;;;;;;;;;;x
EVTOPTAdynastic_loyalty.5;We can longer support them;;;;;;;;;;;;;x
TOOLTIPdynastic_loyalty.5;Your loyalty to House [loyalty_removal_target.GetOnlyDynastyName] ends;;;;;;;;;;;;;x
EVTOPTBdynastic_loyalty.5;I will remain faithful despite this;;;;;;;;;;;;;x
EVTDESCdynastic_loyalty.6;Relations between Houses [Root.GetOnlyDynastyName] and [From.GetOnlyDynastyName] have been strained for a while now, so much so that [From.GetTitledFirstNameWithDynastyNoRegnal] no longer considers [From.GetHerHim]self a loyalist to your house.;;;;;;;;;;;;;x
EVTOPTAdynastic_loyalty.6;This is regretful;;;;;;;;;;;;;x
EVTDESC100410;For too long I have ignored the constant affronts from my rival [duel_rival.GetTitledFirstNameWithDynastyNoRegnal], my honor demands that I ask my liege [Root.Liege.GetTitledFirstNameNoRegnal] for permission to challenge [duel_rival.GetHerHim] to a duel.;Pendant trop longtemps, j'ai ignoré les affronts permanents de m[Root.GetOnA] rival[Root.GetNoneE], mais mon honneur exige que je demande à m[Root.Liege.GetOnA] [Root.Liege.GetLordLady] lige la permission de [Root.GetLeLa] défier en duel.;Zu lange habe ich die kontinuierlichen Brüskierungen meines Rivalen ignoriert, doch meine Ehre verlangt, dass ich meinen Lehnsherren [Root.Liege.GetTitledFirstName] um Erlaubnis bitte, meinen Rivalen zum Duell zu fordern.;;Durante mucho tiempo he hecho caso omiso a los constantes agravios de mi rival, pero mi honor exige que le pida a mi señor [Root.Liege.GetTitledFirstName] permiso para desafiar a mi rival a un duelo.;;;;;;;;;x
EVTDESC100410B;For too long I have ignored the constant affronts from the [duel_rival.GetOnlyDynastyName]s, especially [duel_rival.GetTitledFirstNameWithDynastyNoRegnal]. The honor of house [Root.GetOnlyDynastyName] demands that I ask my liege [Root.Liege.GetTitledFirstNameNoRegnal] for permission to challenge [duel_rival.GetHerHim] to a duel.;Pendant trop longtemps, j'ai ignoré les affronts permanents de m[Root.GetOnA] rival[Root.GetNoneE], mais mon honneur exige que je demande à m[Root.Liege.GetOnA] [Root.Liege.GetLordLady] lige la permission de [Root.GetLeLa] défier en duel.;Zu lange habe ich die kontinuierlichen Brüskierungen meines Rivalen ignoriert, doch meine Ehre verlangt, dass ich meinen Lehnsherren [Root.Liege.GetTitledFirstName] um Erlaubnis bitte, meinen Rivalen zum Duell zu fordern.;;Durante mucho tiempo he hecho caso omiso a los constantes agravios de mi rival, pero mi honor exige que le pida a mi señor [Root.Liege.GetTitledFirstName] permiso para desafiar a mi rival a un duelo.;;;;;;;;;x
EVTDESC100411;Though I had thought my [From.GetRootRelation] [From.GetTitledFirstNameWithDynastyNoRegnal] to be a more reasonable [From.GetManWoman], [From.GetHerHis] request to be allowed to duel [From.GetHerHis] rival [duel_rival.GetTitledFirstNameWithDynastyNoRegnal] is slightly... erratic. [From.GetTitledFirstNameNoRegnal] claims to be constantly subject to affronts from [From.GetHerHis] rival and has asked for permission to defend [From.GetHerHis] honor.;Je pensais que [From.Get_le_Title][From.GetTitledFirstName] était un homme raisonnable, et j'ai trouvé sa demande d'autorisation pour un duel légèrement fantasque. [From.GetIlElleCap] prétend être la victime d'affronts permanents de la part d'un rival et me demande de l'autoriser à défendre son honneur.;Auch wenn ich [From.GetTitledFirstName] für einen vernünftigeren Mann gehalten habe, war [From.GetHerHis] Anliegen, [From.GetHerHis]en Rivalen duellieren zu dürfen, etwas ... launisch. [From.GetTitledFirstName] behauptet, dass er ein ständiges Ziel der Brüskierungen [From.GetHerHis]es Rivalen ist und bittet um Erlaubnis, [From.GetHerHis]e Ehre verteidigen zu können.;;Aunque pensaba que [From.GetTitledFirstName] era un hombre más razonable, [From.GetHerHis] solicitud de que se le permitiera retar a duelo a [From.GetHerHis] rival era un poco ... errática. [From.GetTitledFirstName] decía ser objeto constante de afrentas por parte de [From.GetHerHis] rival y me pidió permiso para defender [From.GetHerHis] honor.;;;;;;;;;x
EVTDESC100411B;Though I had thought my [From.GetRootRelation] [From.GetTitledFirstNameWithDynastyNoRegnal] to be a more reasonable [From.GetManWoman], [From.GetHerHis] request to be allowed to duel [duel_rival.GetTitledFirstNameWithDynastyNoRegnal] is slightly... erratic. [From.GetTitledFirstNameNoRegnal] claims that House [duel_rival.GetOnlyDynastyName] has constantly affronted House [From.GetOnlyDynastyName], and are locked in a bitter blood feud.;Je pensais que [From.Get_le_Title][From.GetTitledFirstName] était un homme raisonnable, et j'ai trouvé sa demande d'autorisation pour un duel légèrement fantasque. [From.GetIlElleCap] prétend être la victime d'affronts permanents de la part d'un rival et me demande de l'autoriser à défendre son honneur.;Auch wenn ich [From.GetTitledFirstName] für einen vernünftigeren Mann gehalten habe, war [From.GetHerHis] Anliegen, [From.GetHerHis]en Rivalen duellieren zu dürfen, etwas ... launisch. [From.GetTitledFirstName] behauptet, dass er ein ständiges Ziel der Brüskierungen [From.GetHerHis]es Rivalen ist und bittet um Erlaubnis, [From.GetHerHis]e Ehre verteidigen zu können.;;Aunque pensaba que [From.GetTitledFirstName] era un hombre más razonable, [From.GetHerHis] solicitud de que se le permitiera retar a duelo a [From.GetHerHis] rival era un poco ... errática. [From.GetTitledFirstName] decía ser objeto constante de afrentas por parte de [From.GetHerHis] rival y me pidió permiso para defender [From.GetHerHis] honor.;;;;;;;;;x
EVTDESC100415B;The damnable [From.GetOnlyDynastyName], [From.GetTitledFirstNameNoRegnal], has obtained permission from [From.GetHerHis] liege to challenge me to a duel. Honour dictates that I must now accept this challenge.;[From.GetTitledFirstName] a dû demander la permission à son Seigneur [From.Liege.GetTitledFirstName] afin de pouvoir m'affronter en duel. L'honneur me force à accepter cette confrontation.;[From.GetTitledFirstName] musste [From.GetHerHis] Lehnsherren [From.Liege.GetTitledFirstName] um Erlaubnis bitten, um mich zu einem Duell herauszufordern. Ich habe natürlich akzeptiert, was blieb mir auch anderes übrig?;;[From.GetTitledFirstName] ha pedido permiso a su Señor [From.Liege.GetTitledFirstName] para poder retarme a un duelo. Acepté, el honor me obliga ha hacerlo.;;;;;;;;;x
EVTDESCflavour_events.41;Your [From.GetRootRelation] [From.GetTitledFirstNameNoRegnal] has come storming into your [Root.GetChamber] seeking a word. [From.GetSheHeCap] is refusing to marry [FROMs_betrothed.GetTitledFirstNameWithDynastyNoRegnal]. It seems [From.GetTitledFirstNameNoRegnal] dislikes [FROMs_betrothed.GetHerHim] intensely.;;;;;;;;;;;;;x
EVTDESCflavour_events.41B;Your [From.GetRootRelation] [From.GetTitledFirstNameNoRegnal] has come storming into your [Root.GetChamber] seeking a word. [From.GetSheHeCap] is refusing to marry [FROMs_betrothed.GetTitledFirstNameWithDynastyNoRegnal]. It must be because of [From.GetTitledFirstNameNoRegnal]'s ....unusual preferences.;;;;;;;;;;;;;x
EVTDESCflavour_events.41C;Your [From.GetRootRelation] [From.GetTitledFirstNameNoRegnal] has come storming into your [Root.GetChamber] seeking a word. [From.GetSheHeCap] is refusing to marry [FROMs_betrothed.GetTitledFirstNameWithDynastyNoRegnal]. [From.GetTitledFirstNameNoRegnal] made some excuses, but [From.GetSheHe] clearly finds [From.GetHerHis] betrothed unappealing to the eye.;;;;;;;;;;;;;x
EVTDESCflavour_events.41D;Your [From.GetRootRelation] [From.GetTitledFirstNameNoRegnal] has come storming into your [Root.GetChamber] seeking a word. [From.GetSheHeCap] is refusing to marry [FROMs_betrothed.GetTitledFirstNameWithDynastyNoRegnal]. [From.GetTitledFirstNameNoRegnal] seemed upset at the prospect of marrying an older [FROMs_betrothed.GetManWoman].;;;;;;;;;;;;;x
EVTDESCflavour_events.41E;Your [From.GetRootRelation] [From.GetTitledFirstNameNoRegnal] has come storming into your [Root.GetChamber] seeking a word. [From.GetSheHeCap] is refusing to marry [FROMs_betrothed.GetTitledFirstNameWithDynastyNoRegnal]. [From.GetTitledFirstNameNoRegnal] seemed concerned at the prospect of marrying a [FROMs_betrothed.GetBoyGirl] much younger than [From.GetHerHim]self.;;;;;;;;;;;;;x
EVTDESCflavour_events.41F;Your [From.GetRootRelation] [From.GetTitledFirstNameNoRegnal] has come storming into your [Root.GetChamber] seeking a word. [From.GetSheHeCap] is refusing to marry [FROMs_betrothed.GetTitledFirstNameWithDynastyNoRegnal]. [From.GetSheHeCap] is perturbed at being made to marry a non-believer of [From.Religion.GetName].;;;;;;;;;;;;;x
EVTDESCflavour_events.41G;Your [From.GetRootRelation] [From.GetTitledFirstNameNoRegnal] has come storming into your [Root.GetChamber] seeking a word. [From.GetSheHeCap] is refusing to marry [FROMs_betrothed.GetTitledFirstNameWithDynastyNoRegnal]. [From.GetSheHeCap] says that [From.GetHerHis] betrothed is not of sufficient rank or importance to marry [From.GetHerHim].;;;;;;;;;;;;;x
EVTDESCflavour_events.41H;Your [From.GetRootRelation] [From.GetTitledFirstNameNoRegnal] has come storming into your [Root.GetChamber] seeking a word. [From.GetSheHeCap] is refusing to marry [FROMs_betrothed.GetTitledFirstNameWithDynastyNoRegnal]. [From.GetSheHeCap] made some weak excuses, but [From.GetSheHe] clearly just doesn't want to get married at this time.;;;;;;;;;;;;;x
EVTDESCflavour_events.41I;Your [From.GetRootRelation] [From.GetTitledFirstNameNoRegnal] has come storming into your [Root.GetChamber] seeking a word. [From.GetSheHeCap] is refusing to marry [FROMs_betrothed.GetTitledFirstNameWithDynastyNoRegnal]. [From.GetSheHeCap] seems very concerned at the prospect of marrying a close kins[FROMs_betrothed.GetManWoman].;;;;;;;;;;;;;x
EVTOPTAflavour_events.41;Fine [From.GetRootRelation], I can't make you marry;;;;;;;;;;;;;x
EVTOPTBflavour_events.41;I command you to proceed with the betrothal!;;;;;;;;;;;;;x
EVTDESCflavour_events.42;An envoy has arrived in [Root.Capital.GetName], bearing word from [From.GetTitledFirstNameWithDynastyNoRegnal]. [From.GetSheHeCap] says the betrothal between [FromFrom.GetTitledFirstNameWithDynastyNoRegnal] and my [FROMs_betrothed.GetRootRelation] [FROMs_betrothed.GetTitledFirstNameWithDynastyNoRegnal] can no longer proceed, due to the refusal of [FromFrom.GetTitledFirstNameNoRegnal] to participate.;;;;;;;;;;;;;x
EVTOPTAflavour_events.42;This is a grave sleight on my house!;;;;;;;;;;;;;x
refusing_marriage;Refusing Marriage;;;;;;;;;;;;;x
refusing_marriage_desc;This character is currently refusing to entertain any offers of marriage.;;;;;;;;;;;;;x
opinion_refused_betrothal;Refused Betrothal;;;;;;;;;;;;;x
opinion_forced_betrothal;Forced Betrothal;;;;;;;;;;;;;x
EVTOPTAWoL.12502;I shall focus on stewardship and budgets;;;;;;;;;;;;;x
EVTOPTBWoL.12502;I shall focus on my knowledge of law;;;;;;;;;;;;;x
EVTOPTF9001;I will pay [faction_member.GetHerHim] a visit on my dragon;;;;;;;;;;;;;x
EVTTOOLTIP9011;You fly to [faction_member.Capital.GetName] on your dragon in order to intimidate [faction_member.GetTitledFirstNameWithDynastyNoRegnal]. This has a higher chance of success than other options.;;;;;;;;;;;;;x
EVTDESC9011;Whilst going about your business you notice a great shadow looming in the sky over the horizon. As it gets closer you realise it is [From.GetTitledFirstNameNoRegnal] riding atop [From.GetHerHis] dragon [FROMs_dragon.GetFirstName]! They gracefully land on the highest tower of [Root.Capital.Capital.GetName], the dragon letting out a loud roar. No doubt this unannounced visit is designed to remind me of my obligations and dissuade from hostile factions.;;;;;;;;;;;;;x
EVTOPTA9011;Make it clear I intend no ill harm;;;;;;;;;;;;;x
EVTOPTB9011;This act does not intimidate me;;;;;;;;;;;;;x
EVTDESC9012;Riding astride [FROMs_dragon.GetFirstName] you fly to pay [From.GetTitledFirstNameNoRegnal] an unannounced visit. On arrival you land on the highest tower of [From.Capital.Capital.GetName], your dragon letting out a loud roar. [From.GetTitledFirstNameNoRegnal] was quick to realise the implications of your visit, welcoming you humbly and promising eaternal loyalty.;;;;;;;;;;;;;x
EVTOPTA9012;My dragon sufficiently cowed [From.GetHerHim];;;;;;;;;;;;;x
EVTDESC9013;Riding astride [FROMs_dragon.GetFirstName] you fly to pay [From.GetTitledFirstNameNoRegnal] an unannounced visit. On arrival you land on the highest tower of [From.Capital.Capital.GetName], your dragon letting out a loud roar. Despite your obvious meaning [From.GetTitledFirstNameNoRegnal] hosted you grudgingly, making it clear without saying that [From.GetSheHe] had no intention of ceasing hostile scheming.;;;;;;;;;;;;;x
EVTOPTA9013;Next time we visit, it may be with dragonflame;;;;;;;;;;;;;x
EVTOPTC5040;I have no interest in any of this;;;;;;;;;;;;;x
EVTDESCdynasty.70;Using your powers as [Root.GetTitle] of the [Root.PrimaryTitle.GetFullName], you issue a decree making you the senior partner in your marriage to [Root.Spouse.GetFirstNameWithDynasty]. Any children by this union will henceforth carry the name of House [Root.GetOnlyDynastyName].;;;;;;;;;;;;;x
OPTAdynasty.70;My house lives on through me;;;;;;;;;;;;;x
EVTDESCdynasty.71;Using [From.GetHerHis] powers as [From.GetTitle] of the [From.PrimaryTitle.GetFullName], [From.GetFirstNameWithDynasty] has issued a decree making [From.GetHerHim]  the senior partner in [From.GetHerHis] marriage to [From.Spouse.GetFirstNameWithDynasty]. Any children by this union will henceforth carry the name of House [From.GetOnlyDynastyName].;;;;;;;;;;;;;x
EVTDESC37354;As per law and custom, [Root.wealth_split.GetValue]¤of your [From.GetRootRelation]'s wealth has been divided between [Root.num_of_valid_heirs_total.GetValue] of your kinsman as their inheritance. Your [wealth_split_example.GetRootRelation] [wealth_split_example.GetTitledFirstNameNoRegnal] is one of the beneficiaries.;;;;;;;;;;;;;x
EVTOPTB37354;Do not inform of me of this in future;;;;;;;;;;;;;x
TOOLTIP37354;Upon a ruler's death, three years worth of income is split between their eligible children and grandchildren as an inheritance. This excludes patricians whose wealth is divided during their lifetime. The criteria for a child to be eligible are:\n-Is 'Baron' tier or below\n-Is NOT forbidden from inheriting titles\n-Is either unmarried OR is the correct gender for the ruler's succession law\n-Is NOT exiled or imprisoned;Ceci est votre fortune personnelle.\n\n§YNOTE:§! Après la mort du dirigeant, trois ans de revenus sont répartis entre les enfants. Ce n'est pas le cas pour les patriciens qui voient leur fortune divisée durant leur vivant. Pour recevoir une part de l'héritage un enfant doit:\n-avoir le rang de 'baron' ou moins\n-ne PAS être interdit d'hériter des titres\n-ne pas être marié OU avoir le bon sexe pour les lois de succession des parents\-ne PAS être exilé ou emprisonné;Euer persönlicher Geldbesitz.;;Este es tu patrimonio personal.;;;;;;;;;x
EVTDSC_RIP_29007_C;After far too many drinks, I am stumbling through the night back to my [Root.GetChamber] when I hear something fly overhead. It is [From.GetTitledFirstName], [rip_dead.GetFirstName]'s mount! The dragon lands beside me, looks me in the eye, and lets out a mournful roar before flying away.;;;;;;;;;;;;;x
EVTOPTC_RIP_29007;[From.GetSheHeCap] also mourns;;;;;;;;;;;;;x
EVTOPTD_RIP_29007;Maybe [From.GetSheHe] has chosen me?;;;;;;;;;;;;;x
EVTDESC68032;The local tribes have become impoverished due to a lack of wealth of the leader;;;;;;;;;;;;;x
EVTDESC68033;The local tribes are recovering after recently being impoverished;;;;;;;;;;;;;x
EVTOPTC5060;Why must I be pressured like this?!;;;;;;;;;;;;;x
EVTTOOLTIP20950;Your liege will be informed;;;;;;;;;;;;;x
arya_elmar;If Arya is found alive, she will marry Lord Walder's youngest son, Elmar.;;;;;;;;;;;;;x
EVTDESCflavour_events.50A;With little to occupy [my_heir.GetHerHis] time, my [my_heir.GetRootRelation] and heir [my_heir.GetTitledFirstNameNoRegnal] is becoming indolent. [my_heir.GetSheHeCap] is losing [my_heir.GetHerHis] sense of justice, and without any meaningful tasks [my_heir.GetHerHis] decision making is becoming poor.;;;;;;;;;;;;;x
EVTDESCflavour_events.50B;With little to occupy [my_heir.GetHerHis] time, my [my_heir.GetRootRelation] and heir [my_heir.GetTitledFirstNameNoRegnal] is becoming dark. [my_heir.GetSheHeCap] is spending time in the dungeons, indulging in questioning of prisoners in there. [my_heir.GetSheHeCap] is also becoming prone to lashing out at those around [my_heir.GetHerHim] with cruel remarks.;;;;;;;;;;;;;x
EVTDESCflavour_events.50C;With little to occupy [my_heir.GetHerHis] time, my [my_heir.GetRootRelation] and heir [my_heir.GetTitledFirstNameNoRegnal] is becoming slothful. [my_heir.GetSheHeCap] spends most mornings abed, only rousing near noon. Then even when [my_heir.GetSheHe] is awake [my_heir.GetSheHe] just spends most of the day lounging in [my_heir.GetHerHis] [my_heir.GetChamber].;;;;;;;;;;;;;x
EVTDESCflavour_events.50D;With little to occupy [my_heir.GetHerHis] time, my [my_heir.GetRootRelation] and heir [my_heir.GetTitledFirstNameNoRegnal] is becoming fat. [my_heir.GetSheHeCap] has taken to spending hours having meals, and to pass the time hosts large feasts with [my_heir.GetHerHis] friends and followers.;;;;;;;;;;;;;x
EVTDESCflavour_events.50E;With little to occupy [my_heir.GetHerHis] time, my [my_heir.GetRootRelation] and heir [my_heir.GetTitledFirstNameNoRegnal] is becoming indulgent. [my_heir.GetSheHeCap] has taken to spending all [my_heir.GetHerHis] coin on wild feasts involving copious amounts of [Root.GetAlcoholicDrink], and the hiring of lithe young [my_heir.GetMenWomenPreference] to entertain [my_heir.GetHerHis] guests.;;;;;;;;;;;;;x
EVTOPTAflavour_events.50;What can I do?;;;;;;;;;;;;;x
EVTOPTBflavour_events.50;I will give [my_heir.GetHerHim] an administrative job to occupy [my_heir.GetHerHim];;;;;;;;;;;;;x
EVTOPTCflavour_events.50;A minor command in my armies should distract [my_heir.GetHerHim];;;;;;;;;;;;;x
EVTOPTDflavour_events.50;Treating with the local [Root.GetNobleName]s should busy [my_heir.GetHerHim];;;;;;;;;;;;;x
EVTDESC3730;[imprison_target.GetTitledFirstNameWithDynastyNoRegnal] is clearly a traitor and a threat to my rule! Though I have no proof, I surely have the right to arrest and question [imprison_target.GetHerHim] as I see fit.;;;;;;;;;;;;;x
EVTDESC3730B;I have noticed someone in my household acting very suspiciously- they may be working against me. Though I have no proof, I surely have the right to arrest and question them as I see fit.;;;;;;;;;;;;;x
EVTOPTA3730;Make the arrest!;;;;;;;;;;;;;x
TOOLTIP3730A;A minor courtier is arrested;;;;;;;;;;;;;x
EVTOPTB3730;No, people would see me as a tyrant;;;;;;;;;;;;;x
