#CODE;ENGLISH;FRENCH;GERMAN;;SPANISH;;;;;;;;;x
take_loan;Take Out a Loan;Contracter un emprunt auprès de la Banque de Fer.;Kredit nehmen;;Pedir un préstamo al Banco de Hierro;;;;;;;;;x
#take_loan;[Root.GetTakeLoanDecisionName];[Root.GetTakeLoanDecisionName];[Root.GetTakeLoanDecisionName];[Root.GetTakeLoanDecisionName];[Root.GetTakeLoanDecisionName];;;;;;;;;x
take_loan_desc;Seek a bank to obtain a loan of coin from;Contracter un emprunt sur cinq ans à un taux d’intérêt de 25%.;Ein Fünfjahresdarlehen zu 25% Zinsen aufnehmen;;Contratar un préstamo de cinco años al 25% de interés;;;;;;;;;x
TOOLTIP_NOTDISHONOUREDLOAN;Has NOT purposefully dishonoured a bank debt in the past;;;;;;;;;;;;;x
EVTTOOLTIPtake_loan;A selection of banks is presented;;;;;;;;;;;;;x
GetTakeLoanDecisionName_IronBank;Ask the Iron Bank for a Loan;Contracter un emprunt auprès de la Banque de Fer.;Kredit nehmen;;Pedir un préstamo al Banco de Hierro;;;;;;;;;x
GetTakeLoanDecisionName_Other;Take Out a Loan;Contracter un emprunt auprès de la Banque de Fer.;Kredit nehmen;;Pedir un préstamo al Banco de Hierro;;;;;;;;;x
EVTDESC64420;Who amongst my loyal vassals will dutifully lend money to his Liege Lord?;Qui parmi mes vassaux accepterait de me prêter quelque argent ?;;;Quién de mis vasallos estaría dispuesto a prestarme algo de dinero?;;;;;;;;;x
EVTOPTA64420;It's our duty, send a raven!;Envoyez les corbeaux !;;;Es nuestro deber, enviad un cuervo!;;;;;;;;;x
EVTOPTB64420;Hmmm ... I don't think we owe that much to our Lord.;Hmmmm… non;;;Hmmm... No creo que le debamos mucho a nuestro señor.;;;;;;;;;x
EVTDESC64421;Your Liege Lord demands a money contribution from you.;Votre seigneur lige vous demande de l'argent;;;Tu Señor Feudal te pide dinero;;;;;;;;;x
EVTOPTA64421;So be it: it's our duty.;Qu'il en soit ainsi;;;Que así sea, es nuestro deber.;;;;;;;;;x
EVTOPTB64421;We're not [Root.GetPeasantNamePlural]. Whilst he can ask for our swords, he has no rule on our coffers.;Nous ne sommes pas des paysans. Il peut demander nos épées mais ne règne pas sur nos coffres !;;;No somos campesinos. Podrá pedir nuestras espadas, pero no nuestros cofres;;;;;;;;;x
EVTDESC64422;Here is your money.;Voilà votre argent;;;Aquí está el dinero.;;;;;;;;;x
EVTOPTA64422;I'd rather buy myself a new dragonbone backscratcher...;Je vais m'acheter un nouveau gratte-dos en os de dragon;;;Voy a comprarme un nuevo rascador de huesodragón.;;;;;;;;;x
EVTDESC64423;I don't have any money for you: go beg somewhere else!;Pour vous, mes coffres sont vides;;;Para vos, mis cofres están vacíos;;;;;;;;;x
EVTOPTA64423;Skinflint!;Radin !;;;Rácano!;;;;;;;;;x
EVTDESC64425;Now that I have offended these money lenders, who knows what they'll do?;Maintenant que j'ai offensé ces usuriers, qui sait ce qu'ils vont entreprendre à mon encontre ?;;;Ahora que he ofendido a estos usureros, quién sabe lo que harán?;;;;;;;;;x
EVTDESC64424;A loan is coming due;Un prêt arrive à son terme;;;Un préstamo llega a su vencimiento.;;;;;;;;;x
EVTOPTA64424;I'll pay...;Je payerai…;;;Pagaré...;;;;;;;;;x
EVTOPTB64424;They won't strangle me with their outrageously high interest rates!;L'usure est un péché !;;;No me estrangularán con sus escandalosamente altas tasas de intereses!;;;;;;;;;x
EVTOPTA64425;Who cares?;Je m'en fiche;;;A quién le importa?;;;;;;;;;x
EVTDESCbankruptcy.100;Greetings, [Root.PrimaryTitle.GetFOA]. I have a proposition which, I'm sure, won't fail to catch your keen attention: simply put, a new title for you and coin for us. We need the coin owed to [From.Society.GetName] by [debtor_target.GetFirstNameWithDynasty], and I'm sure you can pay. Isn't it a fair deal?;Salutations, [ROOT.GetTitledFirstName] de [ROOT.Location.GetName]. J'ai un marché à vous proposer, un trône pour vous et de l'argent pour nous, n'est-ce pas un bel accord ?;;;Saludos, [ROOT.GetTitledFirstName] de [ROOT.Location.GetName]. Tengo una proposición que estoy seguro que hará que preste atención: Un título para vos y dinero para nosotros. Necesitamos el dinero adeudado por sus enemigos y sabemos que puede pagarlo. ¿No es un trato justo?;;;;;;;;;x
EVTDESCbankruptcy.100B;I have forwarded my proposition to the council of [From.Society.GetName], and will recover [debtor_target.GetFirstNameWithDynasty]'s unpaid debt by using bank funds to back my own claim against [debtor_target.GetHerHim].;Salutations, [ROOT.GetTitledFirstName] de [ROOT.Location.GetName]. J'ai un marché à vous proposer, un trône pour vous et de l'argent pour nous, n'est-ce pas un bel accord ?;;;Saludos, [ROOT.GetTitledFirstName] de [ROOT.Location.GetName]. Tengo una proposición que estoy seguro que hará que preste atención: Un título para vos y dinero para nosotros. Necesitamos el dinero adeudado por sus enemigos y sabemos que puede pagarlo. ¿No es un trato justo?;;;;;;;;;x
EVTOPTAbankruptcy.100;All right, I'll win [debtor_target.PrimaryTitle.GetName] and you'll have your coin.;D'accord, je vais gagner ma guerre et vous aurez votre argent. ;;;De acuerdo, ganaré mi guerra y tendréis vuestro dinero.;;;;;;;;;x
EVTOPTAbankruptcy.100B;I'll win [debtor_target.PrimaryTitle.GetName] and [From.Society.GetName] will have it's due;D'accord, je vais gagner ma guerre et vous aurez votre argent. ;;;De acuerdo, ganaré mi guerra y tendréis vuestro dinero.;;;;;;;;;x
EVTOPTBbankruptcy.100;All right, I'll stake my claim and you'll have your money.;D'accord, je vais récupérer ce qui est mien et vous aurez votre argent. ;;;De acuerdo, recuperaré lo que me pertenece y tendréis vuestro dinero.;;;;;;;;;x
EVTOPTDbankruptcy.100;No, it is not my debt;Non, ce ne sont pas mes dettes. ;;;No, no es mi deuda.;;;;;;;;;x
take_loan_from_vassal;Take a Loan From a Vassal;Emprunter à un vassal;;;Pedir un préstamo a un vasallo;;;;;;;;;x
take_loan_from_vassal_desc;Borrow money from your own vassals at 25% interest rate;Emprunter à vos propres vassaux à un taux d'intérêt de 25%;;;Pedir un préstamo a tus vasallos a una tasa de interés del 25%;;;;;;;;;x
martial_very_low;Incompetent military ruler;Chef militaire incompétent;Incompetent military ruler;;Gobernante militar incompetente;;;;;;;;;x
martial_low;Very poor military ruler;Très mauvais chef militaire;Very poor military ruler;;Gobernante militar muy limitado;;;;;;;;;x
martial_low_medium;Poor military ruler;Mauvais chef militaire;Poor military ruler;;Gobernante militar limitado;;;;;;;;;x
martial_medium;Average military ruler;Chef militaire médiocre;Average military ruler;;Gobernante militar normal;;;;;;;;;x
martial_medium_high;Good military ruler;Bon chef militaire;Good military ruler;;Gobernante militar bueno;;;;;;;;;x
martial_high;Very good military ruler;Très bon chef militaire;Very good military ruler;;Gobernante militar muy bueno;;;;;;;;;x
martial_very_high;Exceptional military ruler;Chef militaire exceptionnel;Exceptional military ruler;;Gobernante militar excepcional;;;;;;;;;x
CHAR_STATUS_PILGRIM;§Y$NAME$§! is not at court. A regent rules in their name.;§Y$NAME$§! n'est pas à la cour et un régent règne en son nom.;;;§Y$NAME$§! No está en la corte y un regente gobierna en su nombre.;;;;;;;;;x
disinherited;Disinherited;Déshérité;;;Desheredado;;;;;;;;;x
disinherited_desc;This character is disinherited;Ce caractère a été déshérité;;;Este personaje ha sido desheredado;;;;;;;;;x
disinherit_decision;Disinherit [This.GetTitledFirstNameWithDynastyAndTitleNoRegnal];Deshériter [This.GetTitledFirstNameWithDynastyAndTitleNoRegnal];;;Desheredar a [This.GetTitledFirstNameWithDynastyAndTitleNoRegnal];;;;;;;;;x
disinherit_decision_desc;Remove this character from the order of succession;Exclure ce personnage de l'ordre de succession;;;Excluye a este personaje de la línea de sucesión.;;;;;;;;;x
negative_money_1;Lack of Funds;Manque de fonds;Fehlende Geldmittel;;Falta de fondos;;;;;;;;;x
desc_negative_money_1;My Lord, Your Master of Coin respectfully points out the worsening situation of your economy. Perhaps it would be wise to leverage the level of taxation or cut some expenses: after all, your gold is best invested paying properly your loyal soldiers and foraging appropriately your glorious armies!;Nos coffres sont vides et nous ne pouvons plus payer correctement nos troupes.;Unsere Truhen sind leer. Wir können unsere Truppen nicht gebührend bezahlen.;;Mi señor, el Consejero de la Moneda informa del empeoramiento de la economía. Quizás convendría subir los impuestos o recortar en algunos gastos.;;;;;;;;;x
negative_money_2;Lack of Funds;Manque de fonds;Fehlende Geldmittel;;Falta de fondos;;;;;;;;;x
desc_negative_money_2;My Lord, Your Master of Coin is deeply worried about the bad economic situation of your domains. Some commonplace repairs on the fortifications of your Castle, as well as the normal liberalities a Lord is expected to bestow on his poorest subjects, are currently being neglected...;Nos coffres sont vides et nous ne pouvons plus payer correctement nos troupes.;Unsere Truhen sind leer. Wir können unsere Truppen nicht gebührend bezahlen.;;Mi señor, el Consejero de la Moneda está profundamente preocupado por la mala situación económica de sus dominios. Algunas reparaciones comunes en las fortificaciones del castillo están siendo descuidadas actualmente.;;;;;;;;;x
negative_money_3;Lack of Funds;Manque de fonds;Fehlende Geldmittel;;Falta de fondos;;;;;;;;;x
desc_negative_money_3;My Lord, your coffers are utterly empty and your Master of Coin is having strong difficulties in keeping creditors at bay. Your servants are badly dressed and badly fed, their liveries dirty and ragged. The food at your long table is more and more scarce, the ale is watery, and your guests are lesser and lesser every day. Your neighbours are looking at you with a mix of piety and contempt, wondering if the state of your armies really is what should be expected... ;Nos coffres sont vides et nous ne pouvons plus payer correctement nos troupes.;Unsere Truhen sind leer. Wir können unsere Truppen nicht gebührend bezahlen.;;Mi señor, los cofres están completamente vacíos y el Consejero de la Moneda está teniendo grandes dificultades manteniendo a raya a los acreedores. Los sirvientes están mal alimentadosl y sus libreas están sucias. La comida en la mesa es cada vez más escasa y la cerveza más acuosa y tus invitados son menos cada día. Los vecinos le miran con una mezcla de piedad y desprecio y estarán preguntándose si el estado de sus ejércitos será realmente el que debería ser...;;;;;;;;;x
negative_money_4;Lack of Funds;Manque de fonds;Fehlende Geldmittel;;Falta de fondos;;;;;;;;;x
desc_negative_money_4;My Lord, the finance of your State is dramatic. Last year's harvest was particularly poor, famine is nearing, and even the poorest travelling merchants are beginning to desert your castles, boroughs and markets. Your most powerful neighbours are watching the situation, apparently waiting for the correct time to strike...;Nos coffres sont vides et nous ne pouvons plus payer correctement nos troupes.;Unsere Truhen sind leer. Wir können unsere Truppen nicht gebührend bezahlen.;;Mi señor, las estado de las finanzas es dramático. La cosecha del año pasado fue especialmente pobre, la hambruna está a las puertas y los comerciantes están abandonado los castillas, villas y mercados. Los vecinos estarán viendo la situación esperando el momento adecuado para atacar.;;;;;;;;;x
negative_money_5;Lack of Funds;Manque de fonds;Fehlende Geldmittel;;Falta de fondos;;;;;;;;;x
desc_negative_money_5;My Lord, your Marshal is threatening to resign his office, being unable to calm down your troops. Your soldiers are poorly fed, even poorly equipped, and they don't even get enough money to get drunk, since they aren't paid from months. Their unrest is palpable, and you really should take steps in order to solve this dire situation.;Nos coffres sont vides et nous ne pouvons plus payer correctement nos troupes.;Unsere Truhen sind leer. Wir können unsere Truppen nicht gebührend bezahlen.;;Mi señor, el Maestro de Armas amenaza con renunciar a su cargo, ya casi no consigue controlar a sus tropas. Los soldados están mal alimentados y equipados y ni siquiera pueden emborracharse ya que no se les paga la soldata. El malestar es realmente palpable, debería tomar medidas drásticas para solucionar está grave situación.;;;;;;;;;x
negative_money_6;Lack of Funds;Manque de fonds;Fehlende Geldmittel;;Falta de fondos;;;;;;;;;x
desc_negative_money_6;My Lord, your Master of Coin yesterday night attempted suicide, fearing to be held responsible of the utterly dramatic situation of the coffers of your State. He was saved only by the bad condition of the old rope he used to hang itself, which was to worn to hold his weight... but it's doubtful if that is good news, either...;Nos coffres sont vides et nous ne pouvons plus payer correctement nos troupes.;Unsere Truhen sind leer. Wir können unsere Truppen nicht gebührend bezahlen.;;Mi señor, el Consejero de la Moneda trató de suicidarse anoche por temor a que se le hiciese responsable de la dramática situación de las arcas. La situación es crítica. Se avecina algo malo...;;;;;;;;;x
opinion_debt_insurer;Insuring Debt;Créancier;;;Acreedor;;;;;;;;;x
TOOLTIPloan_insurance;[From.GetSocietyRank] [From.GetFirstNameWithDynasty] proposes the following terms:- [Root.GetTitledFirstNameWithDynastyAndTitleNoRegnal] takes a loan of §Y[Root.insurance_loan.GetValue]§!¤ from [From.Society.GetName]\nIf [Root.GetTitledFirstNameNoRegnal] successfully takes [debtor_target.PrimaryTitle.GetName] from [debtor_target.GetFirstNameWithDynasty], [Root.GetSheHe] will take on the debt of §Y[debtor_target.loan_amount.GetValue]§!¤ owed. This is in addition to the initial loan.\n- The interest rate shall be a §Y10%§!\n- [From.Society.GetName] will supply mercenaries to aid [Root.GetTitledFirstNameNoRegnal], at no cost;Si vous remportez la victoire sur votre ennemi et obtenez vos revendications, [This.GetTitledFirstNameWithDynastyAndTitleNoRegnal] se verra rembourser son prêt de §Y50§! dragons d'or et ses 25% d'intérêts\n;;;Si obtenéis la victoria sobre vuestro enemigo y obtenéis vuestra reclamación, a [This.GetTitledFirstNameWithDynastyAndTitleNoRegnal] se le reembolsará su préstamo de §Y50§! dragones de oro con el 25% de interés\n;;;;;;;;;x
TOOLTIPloan_50_insurance;If you win your claim against your enemy, [This.GetTitledFirstNameWithDynastyAndTitleNoRegnal] will take on their debt of §Y50§! Gold with 25% interest\n;Si vous remportez la victoire sur votre ennemi et obtenez vos revendications, [This.GetTitledFirstNameWithDynastyAndTitleNoRegnal] se verra rembourser son prêt de §Y50§! dragons d'or et ses 25% d'intérêts\n;;;Si obtenéis la victoria sobre vuestro enemigo y obtenéis vuestra reclamación, a [This.GetTitledFirstNameWithDynastyAndTitleNoRegnal] se le reembolsará su préstamo de §Y50§! dragones de oro con el 25% de interés\n;;;;;;;;;x
TOOLTIPloan_100_insurance;If you win your claim against your enemy, [This.GetTitledFirstNameWithDynastyAndTitleNoRegnal] will take on their debt of §Y100§! Gold with 25% interest\n;Si vous remportez la victoire sur votre ennemi et obtenez vos revendications, [This.GetTitledFirstNameWithDynastyAndTitleNoRegnal] se verra rembourser son prêt de §Y100§! dragons d'or et ses 25% d'intérêts\n;;;Si obtenéis la victoria sobre vuestro enemigo y obtenéis vuestra reclamación, a [This.GetTitledFirstNameWithDynastyAndTitleNoRegnal] se le reembolsará su préstamo de §Y100§! dragones de oro con el 25% de interés\n;;;;;;;;;x
TOOLTIPloan_200_insurance;If you win your claim against your enemy, [This.GetTitledFirstNameWithDynastyAndTitleNoRegnal] will take on their debt of §Y200§! Gold with 25% interest\n;Si vous remportez la victoire sur votre ennemi et obtenez vos revendications, [This.GetTitledFirstNameWithDynastyAndTitleNoRegnal] se verra rembourser son prêt de §Y200§! dragons d'or et ses 25% d'intérêts\n;;;Si obtenéis la victoria sobre vuestro enemigo y obtenéis vuestra reclamación, a [This.GetTitledFirstNameWithDynastyAndTitleNoRegnal] se le reembolsará su préstamo de §Y200§! dragones de oro con el 25% de interés\n;;;;;;;;;x
TOOLTIPloan_400_insurance;If you win your claim against your enemy, [This.GetTitledFirstNameWithDynastyAndTitleNoRegnal] will take on their debt of §Y400§! Gold with 25% interest\n;Si vous remportez la victoire sur votre ennemi et obtenez vos revendications, [This.GetTitledFirstNameWithDynastyAndTitleNoRegnal] se verra rembourser son prêt de §Y400§! dragons d'or et ses 25% d'intérêts\n;;;Si obtenéis la victoria sobre vuestro enemigo y obtenéis vuestra reclamación, a [This.GetTitledFirstNameWithDynastyAndTitleNoRegnal] se le reembolsará su préstamo de §Y400§! dragones de oro con el 25% de interés\n;;;;;;;;;x
TOOLTIPloan_600_insurance;If you win your claim against your enemy, [This.GetTitledFirstNameWithDynastyAndTitleNoRegnal] will take on their debt of §Y600§! Gold with 25% interest\n;Si vous remportez la victoire sur votre ennemi et obtenez vos revendications, [This.GetTitledFirstNameWithDynastyAndTitleNoRegnal] se verra rembourser son prêt de §Y600§! dragons d'or et ses 25% d'intérêts\n;;;Si obtenéis la victoria sobre vuestro enemigo y obtenéis vuestra reclamación, a [This.GetTitledFirstNameWithDynastyAndTitleNoRegnal] se le reembolsará su préstamo de §Y600§! dragones de oro con el 25% de interés\n;;;;;;;;;x
TOOLTIPloan_800_insurance;If you win your claim against your enemy, [This.GetTitledFirstNameWithDynastyAndTitleNoRegnal] will take on their debt of §Y800§! Gold with 25% interest\n;Si vous remportez la victoire sur votre ennemi et obtenez vos revendications, [This.GetTitledFirstNameWithDynastyAndTitleNoRegnal] se verra rembourser son prêt de §Y800§! dragons d'or et ses 25% d'intérêts\n;;;Si obtenéis la victoria sobre vuestro enemigo y obtenéis vuestra reclamación, a [This.GetTitledFirstNameWithDynastyAndTitleNoRegnal] se le reembolsará su préstamo de §Y800§! dragones de oro con el 25% de interés\n;;;;;;;;;x
TOOLTIPloan_1000_insurance;If you win your claim against your enemy, [This.GetTitledFirstNameWithDynastyAndTitleNoRegnal] will take on their debt of §Y1000§! Gold with 25% interest\n;Si vous remportez la victoire sur votre ennemi et obtenez vos revendications, [This.GetTitledFirstNameWithDynastyAndTitleNoRegnal] se verra rembourser son prêt de §Y1000§! dragons d'or et ses 25% d'intérêts\n;;;Si obtenéis la victoria sobre vuestro enemigo y obtenéis vuestra reclamación, a [This.GetTitledFirstNameWithDynastyAndTitleNoRegnal] se le reembolsará su préstamo de §Y1000§! dragones de oro con el 25% de interés\n;;;;;;;;;x
EVTDESCbankruptcy.101;You have successfully taken [From.GetName] from [FromFrom.GetFirstNameWithDynasty], and now [loan_bank.GetName] petitions you to honour your agreement to cover [FromFrom.GetHerHis] debts...;Vous avez enfin remporté votre victoire contre [FromFrom.GetTitledFirstNameWithDynastyAndTitleNoRegnal]. La banque de fer demande que vous honoriez votre parole de rembourser ses dettes… ;;;Has conseguido la victoria contra [FromFrom.GetTitledFirstNameWithDynastyAndTitleNoRegnal]. El Banco de Hierro os pide que honres tu palabra de reembolsar las deudas.;;;;;;;;;x
EVTTOOLTIPbankruptcy.101C;The loan of [Root.loan_amount.GetValue]¤will be extended for five years;;;;;;;;;;;;;x
EVTDESCbankruptcy.102;[Root.PrimaryTitle.GetFOA], your council has heard a disturbing rumour that [Root.GetLoanBank] is backing [From.GetTitledFirstNameWithDynastyAndTitleNoRegnal] in an effort to usurp you from your position. It is said they accuse of not honouring your debts.;[Root.PrimaryTitle.GetFOA], votre conseil a entendu parler d'une rumeur selon laquelle la baque de fer de Braavos soutiendrait [From.GetTitledFirstNameWithDynastyAndTitleNoRegnal] dans le but de vous renverser. On dit qu'ils vous accusent de ne pas rembourser vos dettes. ;;;[Root.PrimaryTitle.GetFOA],el Consejero de los Rumores ha informado de un rumor que dice que el Banco de Hierro apoyaría a [From.GetTitledFirstNameWithDynastyAndTitleNoRegnal] para derrocarle. Se os acusa de no pagar las deudas.;;;;;;;;;x
EVTOPTAbankruptcy.102;Lies!;Menteurs !;;;Mentirosos!;;;;;;;;;x
EVTDESC38010;The coffers of your realm have run dry, finances are at a new low. One of your vassals, however, surely has enough gold to loan to you...;Les coffres de votre royaume sont vides et vous allez bientôt être à court d'argent. Cependant, l'un de vos vassaux a sûrement assez d'or pour vous octroyer un prêt...;;;Las arcas están vacías y pronto estarás sin dinero. Sin embargo, alguno de tus vasallos podría concederte un préstamo...;;;;;;;;;x
EVTOPTA38010;I must ask for this loan;Je dois demander ce prêt;;;Debo pedir ese préstamo;;;;;;;;;x
EVTTOOLTIP38013;shall be asked to provide a loan for you.;sera sollicité pour vous octroyer un prêt;;;será preguntado para concederte un préstamo;;;;;;;;;x
EVTDESC38011;[Root.PrimaryTitle.GetFOA], The finances of the realm are in a poor state, [From.PrimaryTitle.GetName] has an urgent need of gold. So I hereby request you provide a loan for House [From.GetOnlyDynastyName].\n\n Regards,\n[From.GetTitle] [From.GetFirstName] of House [From.GetOnlyDynastyName];[Root.GetTitle] [Root.GetFirstName], les finances du royaume sont dans un piètre état, [From.PrimaryTitle.GetName] a un besoin urgent d'or. Par conséquent je vous écris pour vous demander d'octroyer un prêt à la maison [From.GetOnlyDynastyName].\n\n Cordialement,\n[From.GetTitle] [From.GetFirstName] de la maison [From.GetOnlyDynastyName];;;[Root.GetTitle] [Root.GetFirstName], las finanzas están en mal estado, [From.PrimaryTitle.GetName] necesita oro urgentemente. Por consiguiente, os escribo esta carta para solicitar la concesión de un préstamo a la casa [From.GetOnlyDynastyName].\n\n Cordialmente,\n[From.GetTitle] [From.GetFirstName] de la casa [From.GetOnlyDynastyName];;;;;;;;;x
TOOLTIP38011LOAN;[From.GetTitle] [From.GetFirstName] shall take a 5 year loan from you at 25% interest.\n;[From.GetTitle] [From.GetFirstName] contractera un prêt de 5 ans envers de vous, avec 25% d'intérêt.\n;;;[From.GetTitle] [From.GetFirstName] concederá un préstamo a 5 años, con un 25% de interés.\n;;;;;;;;;x
opinion_liege_loan;Taken Loan from Me;A contracté un prêt envers moi;;;Me ha concedido un préstamo;;;;;;;;;x
liege_loan;Has Given Personal Loan;Suzerain a contracté un prêt;;;Concedido préstamo para el Señor.;;;;;;;;;x
EVTDESC38014;[Root.PrimaryTitle.GetFOA], I am afraid I cannot honour your request for a loan of gold, I do not see why I should help you so.\n\nRegards,\n[From.GetTitledFirstNameWithDynasty];[Root.PrimaryTitle.GetFOA], je crains de ne pouvoir répondre favorablement à votre requête de prêt, j'ai peur que cela ne soit un trop grand risque pour mes domaines.\n\n Cordialement,\n[From.GetTitle] [From.GetFirstName] de la maison [From.GetOnlyDynastyName];;;[Root.PrimaryTitle.GetFOA], me temo que no puedo responder favorablemente a su petición, es demasiado arriesgado para mis dominios.\n\n Cordialmente,\n[From.GetTitle] [From.GetFirstName] de la casa [From.GetOnlyDynastyName];;;;;;;;;x
EVTDESC38014B;[Root.PrimaryTitle.GetFOA], I am afraid I cannot honour your request for a loan of gold, my gold is mine and mine alone.\n\nRegards,\n[From.GetTitledFirstNameWithDynasty];[Root.PrimaryTitle.GetFOA], je crains de ne pouvoir répondre favorablement à votre requête de prêt, j'ai peur que cela ne soit un trop grand risque pour mes domaines.\n\n Cordialement,\n[From.GetTitle] [From.GetFirstName] de la maison [From.GetOnlyDynastyName];;;[Root.PrimaryTitle.GetFOA], me temo que no puedo responder favorablemente a su petición, es demasiado arriesgado para mis dominios.\n\n Cordialmente,\n[From.GetTitle] [From.GetFirstName] de la casa [From.GetOnlyDynastyName];;;;;;;;;x
EVTDESC38014C;[Root.PrimaryTitle.GetFOA], I am afraid I cannot honour your request for a loan of gold, my funds must go towards my current war effort.\n\nRegards,\n[From.GetTitledFirstNameWithDynasty];[Root.PrimaryTitle.GetFOA], je crains de ne pouvoir répondre favorablement à votre requête de prêt, j'ai peur que cela ne soit un trop grand risque pour mes domaines.\n\n Cordialement,\n[From.GetTitle] [From.GetFirstName] de la maison [From.GetOnlyDynastyName];;;[Root.PrimaryTitle.GetFOA], me temo que no puedo responder favorablemente a su petición, es demasiado arriesgado para mis dominios.\n\n Cordialmente,\n[From.GetTitle] [From.GetFirstName] de la casa [From.GetOnlyDynastyName];;;;;;;;;x
EVTDESC38014D;[Root.PrimaryTitle.GetFOA], I am afraid I cannot honour your request for a loan of gold, your past evidence of dishonouring debts means this would not be prudent.\n\nRegards,\n[From.GetTitledFirstNameWithDynasty];[Root.PrimaryTitle.GetFOA], je crains de ne pouvoir répondre favorablement à votre requête de prêt, j'ai peur que cela ne soit un trop grand risque pour mes domaines.\n\n Cordialement,\n[From.GetTitle] [From.GetFirstName] de la maison [From.GetOnlyDynastyName];;;[Root.PrimaryTitle.GetFOA], me temo que no puedo responder favorablemente a su petición, es demasiado arriesgado para mis dominios.\n\n Cordialmente,\n[From.GetTitle] [From.GetFirstName] de la casa [From.GetOnlyDynastyName];;;;;;;;;x
EVTDESC38014E;[Root.PrimaryTitle.GetFOA], I am afraid I cannot honour your request for a loan of gold, I do not feel I can trust you with this debt.\n\nRegards,\n[From.GetTitledFirstNameWithDynasty];[Root.PrimaryTitle.GetFOA], je crains de ne pouvoir répondre favorablement à votre requête de prêt, j'ai peur que cela ne soit un trop grand risque pour mes domaines.\n\n Cordialement,\n[From.GetTitle] [From.GetFirstName] de la maison [From.GetOnlyDynastyName];;;[Root.PrimaryTitle.GetFOA], me temo que no puedo responder favorablemente a su petición, es demasiado arriesgado para mis dominios.\n\n Cordialmente,\n[From.GetTitle] [From.GetFirstName] de la casa [From.GetOnlyDynastyName];;;;;;;;;x
EVTDESC38015;[Root.PrimaryTitle.GetFOA], I shall of course honour my obligation to you and provide a loan of gold as requested. The funds shall be sent forth to [Root.Capital.GetName] immediately.\n\n Regards,\n[From.GetTitle] [From.GetFirstName] of House [From.GetOnlyDynastyName];[Root.PrimaryTitle.GetFOA], j'honorerai bien entendu mes obligations envers vous en vous octroyant un prêt comme vous me l'avez demandé. La somme est déjà sur le chemin de [Root.Capital.GetName].\n\n Cordialement,\n[From.GetTitle] [From.GetFirstName] de la maison [From.GetOnlyDynastyName];;;[Root.PrimaryTitle.GetFOA], honraré a mis obligaciones para con vos, concediéndoos un préstamo como pedistéis. La suma está ya en camino de [Root.Capital.GetName].\n\n Cordialmente,\n[From.GetTitle] [From.GetFirstName] de la casa [From.GetOnlyDynastyName];;;;;;;;;x
TOOLTIP38015LOAN;[From.GetTitle] [From.GetFirstName] shall provide you a 5 year loan at 25% interest.\n;[From.GetTitle] [From.GetFirstName] vous octroiera un prêt de 5 ans, avec 25% d'intérêt.\n;;;[From.GetTitle] [From.GetFirstName] os concederá un préstamo a 5 años, con el 25% de interés.\n;;;;;;;;;x
EVTDESCbankruptcy.103;My [debtor_target.GetRootRelation] [debtor_target.GetTitledFirstNameWithDynasty] owes me gold that House [Root.GetOnlyDynastyName] has lent [debtor_target.GetHerHim], it is time that debt was paid...;Mon suzerain [Root.Liege.GetTitle] [Root.Liege.GetFirstName] me doit l'or que la maison [Root.GetOnlyDynastyName] lui a prêté, il est temps que cette dette soit remboursée…;;;Mi Señor [Root.Liege.GetTitle] [Root.Liege.GetFirstName] me debe el oro que la casa [Root.GetOnlyDynastyName] le prestó, es momento de que ese oro sea devuelto...;;;;;;;;;x
EVTOPTAbankruptcy.103;[debtor_target.GetSheHeCap] will surely honour it;[Root.Liege.GetSheHeCap] va sûrement honorer ses dettes;;;[Root.Liege.GetSheHeCap] seguramente pagará sus deudas.;;;;;;;;;x
EVTOPTBbankruptcy.103;I can wait for it, I have plenty of coin;Je peux encore attendre, j'ai énormément d'argent;;;Todavía puedo esperar, tengo un montón de dinero.;;;;;;;;;x
TOOLTIPbankruptcy.104;shall be sent your request for payment;recevra votre demande de remboursement;;;recibirá vuestra petición de reembolso;;;;;;;;;x
EVTDESCbankruptcy.104;[Root.PrimaryTitle.GetFOA], I would like to politely remind you of the gold that [Root.PrimaryTitle.GetName] owes my House, and hereby request that the coin owed is paid as soon as is possible.\n\n Regards,\n[From.GetTitledFirstNameWithDynasty];[Root.PrimaryTitle.GetFOA], j'aimerais poliment vous rappeler l'or que [Root.PrimaryTitle.GetName] doit à ma maison, aussi je viens requérir le remboursement de cette dette.\n\n Cordialement,\n[From.GetTitle] [From.GetFirstName];;;[Root.PrimaryTitle.GetFOA], me gustaría recordarle cortésmente el oro que [Root.PrimaryTitle.GetName] debe a mi casa, así que vengo a reclamar la devolución de la deuda .\n\n Cordialmente,\n[From.GetTitle] [From.GetFirstName];;;;;;;;;x
EVTDESCbankruptcy.104B;[Root.PrimaryTitle.GetFOA], I would like to politely remind you of the gold that the [loan_title.GetFullName] owes my House, and hereby request that the coin owed is paid as soon as is possible.\n\n Regards,\n[From.GetTitledFirstNameWithDynasty];[Root.PrimaryTitle.GetFOA], j'aimerais poliment vous rappeler l'or que [Root.PrimaryTitle.GetName] doit à ma maison, aussi je viens requérir le remboursement de cette dette.\n\n Cordialement,\n[From.GetTitle] [From.GetFirstName];;;[Root.PrimaryTitle.GetFOA], me gustaría recordarle cortésmente el oro que [Root.PrimaryTitle.GetName] debe a mi casa, así que vengo a reclamar la devolución de la deuda .\n\n Cordialmente,\n[From.GetTitle] [From.GetFirstName];;;;;;;;;x
EVTOPTAbankruptcy.104;Pay the money;Payer;;;Pagar el dinero;;;;;;;;;x
TOOLTIPbankruptcy.105;The loan shall be repaid in full;L'emprunt sera complètement rembourser;;;El préstamo será reembolsado en su totalidad;;;;;;;;;x
TOOLTIPbankruptcy.106;shall receive your gold and extend the loan;recevra votre or et prolongera le prêt;;;recibirá el oro y prolongará el préstamo;;;;;;;;;x
TOOLTIPbankruptcy.107;shall be informed of your default and extend the loan;sera informé de votre défaut de paiement et prolongera le prêt;;;será informado de vuestra falta de pago y prolongará el préstamo;;;;;;;;;x
TOOLTIPbankruptcy.108;The loan shall be cancelled;Le prêt sera annulé;;;El préstamo será anulado;;;;;;;;;x
EVTDESCbankruptcy.105;[Root.GetTitle] [Root.GetFirstName], I will of course honour the agreement and repay all coin owed to your House. The gold shall be sent forth to [Root.Capital.GetName] immediately.\n\n Regards,\n[From.GetTitledFirstNameWithDynasty];[Root.GetTitle] [Root.GetFirstName], j'honorerai bien entendu notre accord et vous rembourserai la totalité de la somme due à votre maison. L'or est déjà sur le chemin de [Root.Capital.GetName].\n\n Cordialement,\n[From.GetTitle] [From.GetFirstName] de la maison [From.GetOnlyDynastyName];;;[Root.GetTitle] [Root.GetFirstName], honraré nuestro acuerdo y os reeembolsaré la totalidad de la suma debida a vuestra casa. El oro ya está camino de [Root.Capital.GetName].\n\n Cordialmente,\n[From.GetTitle] [From.GetFirstName] de la casa [From.GetOnlyDynastyName];;;;;;;;;x
EVTOPTAbankruptcy.105;A deal well done;Une affaire rondement menée;;;Un asunto llevado a cabo sin problemas.;;;;;;;;;x
EVTDESCbankruptcy.106;[Root.GetTitle] [Root.GetFirstName], [From.PrimaryTitle.GetName] cannot presently afford to repay all coin owed to your House, but I shall of course pay you the due interest and extend the loan as agreed.\n\n Regards,\n[From.GetTitledFirstNameWithDynasty];[Root.GetTitle] [Root.GetFirstName], [From.PrimaryTitle.GetName] ne peut pas actuellement se permettre de rembourser la totalité de la somme due à votre maison, néanmoins je paierai bien entendu les intérêts et prolongerai le prêt comme convenu en pareil cas.\n\n Cordialement,\n[From.GetTitle] [From.GetFirstName] de la maison [From.GetOnlyDynastyName];;;[Root.GetTitle] [Root.GetFirstName], [From.PrimaryTitle.GetName] no puede actualmente permitirse reembolsar la totalidad de la cantidad debida a vuestra casa, sin embargo, pagaré los intereses y prolongaré el préstamo de la manera acordada.\n\n Cordialmente,\n[From.GetTitle] [From.GetFirstName] de la casa [From.GetOnlyDynastyName];;;;;;;;;x
EVTOPTAbankruptcy.106;As long as I get the coin eventually...;Tant que je revois un jour mon argent…;;;Espero ver algún día mi dinero...;;;;;;;;;x
EVTDESCbankruptcy.107;[Root.GetTitle] [Root.GetFirstName], Unfortunately me and my council have decided [From.PrimaryTitle.GetName] simply cannot afford to pay any coin to your House at this time, but rest assured you shall receive what is owed in due course.\n\n Regards,\n[From.GetTitledFirstNameWithDynasty];[Root.GetTitle] [Root.GetFirstName], malheureusement j'ai décidé avec mon conseil que [From.PrimaryTitle.GetName] ne pouvait se permettre de rembourser la moindre pièce à votre maison pour le moment, mais je peux vous assurer que vous recevrez ce qui vous est dû en temps voulu.\n\n Cordialement,\n[From.GetTitle] [From.GetFirstName] de la maison [From.GetOnlyDynastyName];;;[Root.GetTitle] [Root.GetFirstName], desgraciadamente, he decidido con la ayuda del Consejo Privado que [From.PrimaryTitle.GetName] no se puede permitir reembolsar ni una moneda a vuestra casa por el momento, aunque os aseguro que recibirá lo adeudado en el momento adecuado.\n\n Cordialmente,\n[From.GetTitle] [From.GetFirstName] de la casa [From.GetOnlyDynastyName];;;;;;;;;x
EVTOPTAbankruptcy.107;[From.PrimaryTitle.GetName] is run by fools;[From.PrimaryTitle.GetName] est dirigé par des idiots;;;[From.PrimaryTitle.GetName] está dirigido por idiotas.;;;;;;;;;x
EVTDESCbankruptcy.108;[Root.GetTitle] [Root.GetFirstName], I have decided that I do not owe any coin to anyone, and that anyone who has given gifts in the past should be glad to have offered past coin as tribute. Consider your 'loan' cancelled.\n\n Regards,\n[From.GetTitledFirstNameWithDynasty];"[Root.GetTitle] [Root.GetFirstName], j'ai décidé que, en tant que votre suzerain légitime, je ne devais aucune somme d'argent à vous ou à mes autres bannerets et que vous devriez être honoré d'avoir contribué à la bonne marche de nos terres par ce tribut. Considérez donc votre ""prêt"" comme annulé.\n\n Cordialement,\n[From.GetTitle] [From.GetFirstName] de la maison [From.GetOnlyDynastyName]";;;"[Root.GetTitle] [Root.GetFirstName], he decidido que, como vuestro señor legítimo, no debo ninguna cantidad de dinero ni a vos ni a ningúno de mis vasallos y que deberiáis estar honrados de haber contribuido al buen funcionamiento de nuestras tierras por ese tributo. Considera vuestro ""préstamo"" cancelado.\n\n Cordialmente,\n[From.GetTitle] [From.GetFirstName] de la casa[From.GetOnlyDynastyName]";;;;;;;;;x
EVTOPTAbankruptcy.108;This is an outrage!;C'est une insulte !;;;Es un ultraje!;;;;;;;;;x
opinion_cancelled_loan;Cancelled Loan;A annulé un prêt;;;Ha anulado un préstamo;;;;;;;;;x
opinion_loan_default;Defaulted on Loan Payment;Défaut de paiement;;;Ha incumplido el pago de un préstamo;;;;;;;;;x
opinion_extended_loan;Extended Loan;Prêt prolongé;;;Prolongó un préstamo;;;;;;;;;x
TOOLTIPbankruptcy.109;The Loan shall be extended for another 5 years, without an interest payment;Le prêt sera prolongé pour 5 ans, sans intérêt supplémentaire;;;El préstamo será prolongado 5 años, sin interés suplementario.;;;;;;;;;x
EVTDESCbankruptcy.109;[Root.PrimaryTitle.GetFOA], I'm sure you are aware of the gold that [Root.PrimaryTitle.GetName] owes my House, and that repayment is shortly due. However, I am presently in no need of coin and hence extend the loan, so that you may benefit from it.\n\n Yours,\n[From.GetTitledFirstNameWithDynasty];[Root.PrimaryTitle.GetFOA], je suis sûr que vous êtes au courant de l'or que [Root.PrimaryTitle.GetName] doit à ma maison, et que le remboursement doit bientôt avoir lieu. Néanmoins, je n'ai actuellement pas besoin d'argent aussi par la présente je prolonge le prêt.\n\n Bien à vous,\n[From.GetTitle] [From.GetFirstName];;;[Root.PrimaryTitle.GetFOA], estoy seguro que está al corriente del oro que [Root.PrimaryTitle.GetName] debe a mi casa, y que el vencimineto está cercano. Sin embargo, no necesito actualmente el dinero, así que por la presente prolongo el préstamo.\n\n Cordialmente,\n[From.GetTitle] [From.GetFirstName];;;;;;;;;x
EVTOPTAbankruptcy.109;How charitable;Que c'est charitable;;;Muy caritativo.;;;;;;;;;x
EVTDESC38071C;A [bank_envoy.GetBankEnvoyTitle] of [Root.GetLoanBank] has arrived in [Root.Capital.GetName], and [bank_envoy.GetSheHe] seems quite perturbed. [bank_envoy.GetSheHeCap] informs my court that debts owed to the bank by the [debt_capital.GetFullName] have not been honoured, and that as the current holder of this title I should compensate them for the coin lost...;Un représentant de la Banque de Fer de Braavos est arrivé à la cour, il semble quelque peu irrité. Il informe tous ceux présents que mon(a) [From.GetRootRelation] [From.GetTitle] [From.GetFirstName] n'a pas honoré ses dettes envers la banque, et qu'en tant qu'héritier je devrais les dédommager de cette perte...;;;Un representante del Banco de Hierro de Braavos llegó a la corte, parecía un poco irritado. Informó a todos los presentes que mi [From.GetRootRelation] [From.GetTitle] [From.GetFirstName] no pagó sus deudas con el banco, y que como heredero me he de hacer cargo de ellas.;;;;;;;;;x
EVTDESC38071D;An envoy from a bank has arrived in [Root.Capital.GetName], and he seems quite perturbed. He informs my court that debts owed to the bank by the [debt_capital.GetFullName] have not been honoured, and that as the current holder of this title I should compensate them for the coin lost...;Un représentant de la Banque de Fer de Braavos est arrivé à la cour, il semble quelque peu irrité. Il informe tous ceux présents que mon(a) [From.GetRootRelation] [From.GetTitle] [From.GetFirstName] n'a pas honoré ses dettes envers la banque, et qu'en tant qu'héritier je devrais les dédommager de cette perte...;;;Un representante del Banco de Hierro de Braavos llegó a la corte, parecía un poco irritado. Informó a todos los presentes que mi [From.GetRootRelation] [From.GetTitle] [From.GetFirstName] no pagó sus deudas con el banco, y que como heredero me he de hacer cargo de ellas.;;;;;;;;;x
EVTDESC38071E;A [bank_envoy.GetBankEnvoyTitle] of [Root.GetLoanBank] has arrived in [Root.Capital.GetName], and [bank_envoy.GetSheHe] seems quite angry. [bank_envoy.GetSheHeCap] claims that gold was stolen from the bank during the sacking of the city by my predecessors, and is demanding the return of the gold along with additional compensation...;Un représentant de la Banque de Fer de Braavos est arrivé à la cour, il semble quelque peu irrité. Il informe tous ceux présents que mon(a) [From.GetRootRelation] [From.GetTitle] [From.GetFirstName] n'a pas honoré ses dettes envers la banque, et qu'en tant qu'héritier je devrais les dédommager de cette perte...;;;Un representante del Banco de Hierro de Braavos llegó a la corte, parecía un poco irritado. Informó a todos los presentes que mi [From.GetRootRelation] [From.GetTitle] [From.GetFirstName] no pagó sus deudas con el banco, y que como heredero me he de hacer cargo de ellas.;;;;;;;;;x
EVTOPTB38071;I promise to repay, and will pay the interest due;;;;;;;;;;;;;x
EVTOPTA38071;I cannot afford it right now, but promise to repay;;;;;;;;;;;;;x
TOOLTIPIRONBANKMERCS;You shall be granted some mercenaries by the Iron bank;La Banque de Fer va vous envoyer quelques mercenaires en renfort.;;;El Banco de Hierro os va a enviar algunos mercenarios de refuerzo.;;;;;;;;;x
EVTOPTBbankruptcy.107;Land would be acceptable payment;Des terres constitueraient un payement acceptable;;;Las  tierras serían un pago aceptable;;;;;;;;;x
TOOLTIPbankruptcy.500;You offer to clear [This.GetTitle] [This.GetFirstName]'s debt in exchange for some land;Vous proposez au(à la) [This.GetTitle] [This.GetFirstName] d'éponger ses dettes en échange de l'octroi de terres.;;;Proponéis a [This.GetTitle] [This.GetFirstName] de saldar las deudas a cambio de otorgarle tierras.;;;;;;;;;x
EVTOPTCbankruptcy.107;Maybe [From.GetSheHe] can reduce [From.GetHerHis] powers instead?;Peut-être pourrait-[From.GetSheHe] plutôt réduire son pouvoir à la place ?;;;Podría la Corona reducir su poder a cambio?;;;;;;;;;x
TOOLTIPbankruptcy.503;You offer to clear [This.GetTitle] [This.GetFirstName]'s debt in exchange for the lowering of crown authority;Vous proposez au(à la) [This.GetTitle] [This.GetFirstName] d'éponger ses dettes en échange d'une baisse de l'autorité de la couronne.;;;Proponéis a [This.GetTitle] [This.GetFirstName] de saldar las deudas a cambio de una reducción del poder de la corona.;;;;;;;;;x
EVTOPTDbankruptcy.107;If the Faith is empowered we can wave this debt;Si la Foi venait à se renforcer, nous pourrions oublier ces dettes.;;;Si se reforzase la Fe, podríamos olvidar las deudas.;;;;;;;;;x
TOOLTIPbankruptcy.507;You offer to clear [This.GetTitle] [This.GetFirstName]'s debt in exchange for the raising the Faith's authority;Vous proposez au(à la) [This.GetTitle] [This.GetFirstName] d'éponger ses dettes en échange d'une hausse de l'autorité de la Foi.;;;Proponéis a [This.GetTitle] [This.GetFirstName] de saldar las deudas a cambio de aumentar el poder de la Fe.;;;;;;;;;x
EVTOPTEbankruptcy.107;How about I waive this debt in exchange for a favour?;Et si je renonçais à cette dette en échange d'une faveur ?;;;Y si renunciara a esta deuda a cambio de un favor?;;;;;;;;;x
TOOLTIPbankruptcy.511;You offer to clear [This.GetTitle] [This.GetFirstName]'s debt in exchange for a favour;Vous proposez au(à la) [This.GetTitle] [This.GetFirstName] d'éponger ses dettes en échange d'une faveur.;;;Proponéis a [This.GetTitle] [This.GetFirstName] de saldar las deudas a cambio de un favor.;;;;;;;;;x
EVTDESCbankruptcy.500;[Root.PrimaryTitle.GetFOA], I am sorry to hear you cannot pay me in coin at this time, but perhaps we can reach another arrangement? If you were to grant House [From.GetOnlyDynastyName] some land we would in return cancel the debt.\n\n Yours,\n[From.GetTitle] [From.GetFirstName];[Root.PrimaryTitle.GetFOA], je suis navré d'apprendre que vous êtes dans l'incapacité de me rembourser, mais peut-être pourrions-nous trouver un arrangement ? L'octroi de terres à la maison [From.GetOnlyDynastyName] pourrait nous inciter à annuler vos dettes.\n\n Bien à vous,\n[From.GetTitle] [From.GetFirstName];;;[Root.PrimaryTitle.GetFOA], me consterna saber que sois incapaces de pagarme, pero quizás podamos acordar un arreglo? Otorgar tierras a la casa [From.GetOnlyDynastyName] podría incitarnos a cancelar la deuda.\n\n Cordialmente,\n[From.GetTitle] [From.GetFirstName];;;;;;;;;x
EVTOPTAbankruptcy.500;A fair deal, consider it done;Une bonne affaire, que ce soit fait !;;;Un buen acuerdo, que se haga!;;;;;;;;;x
TOOLTIPbankruptcy.501;Your debt to [This.GetTitle] [This.GetFirstName] will be cancelled;Votre dette envers le(a) [This.GetTitle] [This.GetFirstName] va être annulée.;;;Vuestra deuda con [This.GetTitle] [This.GetFirstName] será anulada.;;;;;;;;;x
EVTOPTBbankruptcy.500;No, [From.GetSheHe] will have the coin in due course;Non, [From.GetSheHe] aura son argent en temps voulu.;;;No, [From.GetSheHe] tendrá su dinero en el momento oportuno;;;;;;;;;x
EVTDESCbankruptcy.501;[Root.GetTitle] [Root.GetFirstName], your offered terms are most reasonable. I hereby grant House [Root.GetOnlyDynastyName] said lands, and in return [From.PrimaryTitle.GetName]'s debt to you shall be cancelled.\n\n Regards,\n[From.GetTitle] [From.GetFirstName] of House [From.GetOnlyDynastyName];[Root.GetTitle] [Root.GetFirstName], les termes de votre offre me semblent des plus raisonnables. Par la présente j'octroie de nouvelles terres à la maison [Root.GetOnlyDynastyName] en échange les dettes de [From.PrimaryTitle.GetName] envers vous seront annulées.\n\n Cordialement,\n[From.GetTitle] [From.GetFirstName] de la maison [From.GetOnlyDynastyName];;;[Root.GetTitle] [Root.GetFirstName], los términos de vuestra oferta me parecen de lo más razonable. Por la presente concedo nuevas tierras a la casa [Root.GetOnlyDynastyName], a cambio la deuda de [From.PrimaryTitle.GetName] será cancelada.\n\n Cordialmente,\n[From.GetTitle] [From.GetFirstName] de la casa [From.GetOnlyDynastyName];;;;;;;;;x
EVTOPTAbankruptcy.501;I am satisfied;Je suis satisfait;;;Estoy satisfecho;;;;;;;;;x
EVTDESCbankruptcy.502;[Root.GetTitle] [Root.GetFirstName], I am afraid I cannot accept these terms offered. This land has been set aside for a greater purpose, you shall receive payment in coin as soon as [From.PrimaryTitle.GetName] is able.\n\n Regards,\n[From.GetTitle] [From.GetFirstName] of House [From.GetOnlyDynastyName];[Root.GetTitle] [Root.GetFirstName], je crains de ne pas pouvoir accepter votre offre. Ces terres ne peuvent être cédées, vous recevrez votre payement en argent dès que [From.PrimaryTitle.GetName] en sera capable.\n\n Cordialement,\n[From.GetTitle] [From.GetFirstName] de la maison [From.GetOnlyDynastyName];;;[Root.GetTitle] [Root.GetFirstName], me temo que no acepto vuestra oferta. Esas tierras no pueden ser cedidas, recibiréis vuestro pago cuando [From.PrimaryTitle.GetName] sea capaz.\n\n Cordialmente,\n[From.GetTitle] [From.GetFirstName] de la casa [From.GetOnlyDynastyName];;;;;;;;;x
EVTOPTAbankruptcy.502;Yes, we better do;Oui, nous ferions mieux.;;;Sí, será lo mejor;;;;;;;;;x
EVTDESCbankruptcy.503;[Root.PrimaryTitle.GetFOA], I am sorry to hear you cannot pay me in coin at this time, but perhaps we can reach another arrangement? If the freedoms and liberties of the vassals of [Root.PrimaryTitle.GetName] could be extended I am sure we could in exchange cancel your debt.\n\n Yours,\n[From.GetTitle] [From.GetFirstName];[Root.PrimaryTitle.GetFOA], je suis navré d'apprendre que vous êtes dans l'incapacité de me rembourser, mais peut-être pourrions-nous trouver un arrangement ? Si les libertés des vassaux de [Root.PrimaryTitle.GetName] venaient à être accrues, je suis sûr que nous pourrions annuler cette dette en échange.\n\n Bien à vous,\n[From.GetTitle] [From.GetFirstName];;;[Root.PrimaryTitle.GetFOA], me consterna saber que sois incapaces de pagarme, pero quizás podamos acordar un arreglo? Si las libertades de los vasallos de [Root.PrimaryTitle.GetName] aumentaran, estoy seguro que podríamos anular la deuda a cambio.\n\n Cordialmente,\n[From.GetTitle] [From.GetFirstName];;;;;;;;;x
EVTOPTAbankruptcy.503;I have no choice, I shall sign this into law;Je n'ai pas d'autres choix, je dois promulguer cette loi.;;;No tengo más opciones, he de promulgar esa ley.;;;;;;;;;x
EVTOPTBbankruptcy.503;No, I will not make law for coin;Non, je ne vais pas légiférer pour une poignée de pièces.;;;No, no legislaré por un puñado de monedas.;;;;;;;;;x
EVTDESCbankruptcy.504;[Root.GetTitle] [Root.GetFirstName], your offered terms are most reasonable. I hereby lower the [From.GetTitle]'s authority throughout the realm, and in return [From.PrimaryTitle.GetName]'s debt to you shall be cancelled.\n\n Regards,\n[From.GetTitle] [From.GetFirstName] of House [From.GetOnlyDynastyName];[Root.GetTitle] [Root.GetFirstName], les termes de votre offre me semblent des plus raisonnables. Par la présente je réduit l'autorité du(e la) [From.GetTitle] sur le royaume, et en échange les dettes de [From.PrimaryTitle.GetName] seront annulées.\n\n Cordialement,\n[From.GetTitle] [From.GetFirstName] de la maison [From.GetOnlyDynastyName];;;[Root.GetTitle] [Root.GetFirstName], los términos de vuestra oferta me parecen de lo más razonable. Por la presente reduzco la autoridad de [From.GetTitle] sobre el reino, a cambio, la deuda de [From.PrimaryTitle.GetName] será anulada.\n\n Cordialmente,\n[From.GetTitle] [From.GetFirstName] de la casa [From.GetOnlyDynastyName];;;;;;;;;x
EVTOPTAbankruptcy.504;A deal well made;Une bonne affaire.;;;Un buen acuerdo;;;;;;;;;x
EVTDESCbankruptcy.505;[Root.GetTitle] [Root.GetFirstName], I am afraid I cannot accept these terms offered. The laws of the land cannot be bartered for gold, you shall receive payment in coin as soon as [From.PrimaryTitle.GetName] is able.\n\n Regards,\n[From.GetTitle] [From.GetFirstName] of House [From.GetOnlyDynastyName];[Root.GetTitle] [Root.GetFirstName], je crains de ne pas pouvoir accepter votre offre. Les lois du royaume ne peuvent être changées pour de l'or, vous recevrez votre payement en argent dès que [From.PrimaryTitle.GetName] en sera capable.\n\n Cordialement,\n[From.GetTitle] [From.GetFirstName] de la maison [From.GetOnlyDynastyName];;;[Root.GetTitle] [Root.GetFirstName], me temo que no puedo aceptar vuestra oferta. Las leyes del Reino no pueden ser cambiadas por oro, recibiréis vuestro pago cuando [From.PrimaryTitle.GetName] sea capaz.\n\n Cordialmente,\n[From.GetTitle] [From.GetFirstName] de la casa [From.GetOnlyDynastyName];;;;;;;;;x
EVTDESCbankruptcy.506;[Root.PrimaryTitle.GetFOA], we have received a decree from [FromFrom.GetTitle] [FromFrom.GetFirstName] in [FromFrom.Capital.GetName]. The [FromFrom.GetTitle] has signed a new law lowering the crown's authority in the realm. According to reports this was done in exchange for cancelling [FromFrom.PrimaryTitle.GetName]'s debt to [From.GetTitle] [From.GetFirstName] and House [From.GetOnlyDynastyName].;[Root.PrimaryTitle.GetFOA], nous avons reçu un décret du(e la) [FromFrom.GetTitle] [FromFrom.GetFirstName] en provenance de [FromFrom.Capital.GetName]. Le(a) [FromFrom.GetTitle] a signé une nouvelle loi qui réduit l'autorité de la couronne au sein du royaume. Selon nos informations, cette loi a été signée en échange de l'annulation des dettes [FromFrom.PrimaryTitle.GetName] envers [From.GetTitle] [From.GetFirstName] et la maison [From.GetOnlyDynastyName].;;;[Root.PrimaryTitle.GetFOA], hemos recibido un decreto de [FromFrom.GetTitle] [FromFrom.GetFirstName] procedente de [FromFrom.Capital.GetName]. El [FromFrom.GetTitle] ha firmado una nueva ley que reduce la autoridad de la corona en el seno del Reino. Según nuestras informaciones, esta ley ha sido ratificada a cambio de la anulación de la deuda de [FromFrom.PrimaryTitle.GetName] con [From.GetTitle] [From.GetFirstName] y la casa [From.GetOnlyDynastyName].;;;;;;;;;x
EVTOPTAbankruptcy.506;Everyone is happy it seems;Tout le monde est content.;;;Todos contentos.;;;;;;;;;x
EVTDESCbankruptcy.507;[Root.PrimaryTitle.GetFOA], The Faith is upset your House cannot pay what is owed at this time, but perhaps we can reach another arrangement? If the Faith's authority throughout the realm can be strengthened, with assurances signed into law, we in exchange can forgive this debt.\n\n Signed in sight of the gods,\nHis Holiness the High Septon;[Root.PrimaryTitle.GetFOA], la Foi est mécontente envers votre maison qui ne peut rembourser à temps ce qu'elle doit, mais peut-être pourrions-nous trouver un arrangement ? Si l'autorité de la Foi sur le royaume venait à être renforcée, et cette décision sanctionnée par une loi, nous pourrions peut-être oublier cette dette.\n\n Signé à la Lumière des Dieux,\nSa Sainteté le Grand Septon;;;[Root.PrimaryTitle.GetFOA], la Fe está descontenta de que vuestra casa no pueda devolver a tiempo lo que debe, pero podríamos encontrar un arreglo? Si la autoridad de la Fe fuera a reforzarse, podríamos olvidar esta deuda.\n\n Firmado a la luz de los Dioses,\nSu Santidad el Gran Septón;;;;;;;;;x
EVTOPTAbankruptcy.507;Yes, give the Septons these concessions;Oui, nous allons faire ces concessions envers les septons.;;;Sí, haremos esta concesión a los septones.;;;;;;;;;x
EVTOPTBbankruptcy.507;No, the Faith cannot grow to powerful;Non, la Foi ne doit pas obtenir trop de pouvoir.;;;No, la Fe no debe conseguir demasiado poder.;;;;;;;;;x
EVTDESCbankruptcy.508;Your Holiness, your offered terms are most reasonable. I will hereby sign into law new and greater powers for the Faith, and in return [From.PrimaryTitle.GetName]'s debt to you shall be cancelled.\n\n Regards,\n[From.GetTitle] [From.GetFirstName] of House [From.GetOnlyDynastyName];Votre Sainteté, les termes de votre offres semblent raisonnable. Je vais promulguer une nouvelle loi octroyant plus de pouvoirs à la Foi, et en retour les dettes de [From.PrimaryTitle.GetName] seront annulées.\n\n Cordialement,\n[From.GetTitle] [From.GetFirstName] de la maison [From.GetOnlyDynastyName];;;Su Santidad, los términos de su oferta me parecen razonables. Promulgaré una nueva ley otorgando más poderes a la Fe, y a cambio, la deuda de [From.PrimaryTitle.GetName] será anulada.\n\n Cordialmente,\n[From.GetTitle] [From.GetFirstName] de la casa [From.GetOnlyDynastyName];;;;;;;;;x
EVTOPTAbankruptcy.508;[From.GetSheHeCap] shows piety and wisdom;[From.GetSheHeCap] fait preuve de piété et de sagesse. ;;;[From.GetSheHeCap] demuestra piedad y sabiduría.;;;;;;;;;x
EVTDESCbankruptcy.509;Your Holiness, I am afraid I cannot accept these terms offered. The laws of the land cannot be bartered for gold, you shall receive payment in coin as soon as [From.PrimaryTitle.GetName] is able.\n\n Regards,\n[From.GetTitle] [From.GetFirstName] of House [From.GetOnlyDynastyName];Votre Sainteté , je crains de ne pas pouvoir accepter votre offre. Les lois du royaume ne peuvent être changées pour de l'or, vous recevrez votre payement en argent dès que [From.PrimaryTitle.GetName] en sera capable.\n\n Cordialement,\n[From.GetTitle] [From.GetFirstName] de la maison [From.GetOnlyDynastyName];;;Su Santidad, me temo que no puedo aceptar vuestra oferta. Las leyes del Reino no pueden cambiarse por un poco de oro, recibiréis el pago cuando [From.PrimaryTitle.GetName] sea capaz.\n\n Cordialmente,\n[From.GetTitle] [From.GetFirstName] de la casa [From.GetOnlyDynastyName];;;;;;;;;x
EVTOPTAbankruptcy.509;The faithful will be concerned with this;Les fidèles seront déçus. ;;;Los fieles se sentirán decepcionados.;;;;;;;;;x
EVTDESCbankruptcy.510;[Root.PrimaryTitle.GetFOA], we have received a decree from [FromFrom.GetTitle] [FromFrom.GetFirstName] in [FromFrom.Capital.GetName]. The [FromFrom.GetTitle] has signed a law granting extensive powers and new freedoms to the Faith and the High Septon. According to reports this was done in exchange for cancelling [FromFrom.PrimaryTitle.GetName]'s debt to the Faith.;[Root.PrimaryTitle.GetFOA], nous avons reçu un décret du(e la) [FromFrom.GetTitle] [FromFrom.GetFirstName] en provenance de [FromFrom.Capital.GetName]. Le(a) [FromFrom.GetTitle] a signé une nouvelle loi qui octroie de nouvelles libertés et de plus grands pouvoirs à la Foi et au Grand Septon. Selon nos informations, cette loi a été signée en échange de l'annulation des dettes [FromFrom.PrimaryTitle.GetName] envers la Foi.;;;[Root.PrimaryTitle.GetFOA], hemos recibido un decreto de [FromFrom.GetTitle] [FromFrom.GetFirstName] procedente de [FromFrom.Capital.GetName]. El [FromFrom.GetTitle] ha firmado una nueva ley que otorga nuevas libertades y más poderes a la Fe y al Septón Supremo. Según nuestras informaciones, esta ley ha sido ratificada a cambio de la anulación de la deuda de [FromFrom.PrimaryTitle.GetName] con la Fe.;;;;;;;;;x
EVTOPTAbankruptcy.510;I hope this proves wise;J'espère qu'il s'agissait d'une sage décision.;;;Espero que esto sea una decisión sabia.;;;;;;;;;x
EVTDESCbankruptcy.511;[Root.PrimaryTitle.GetFOA], I am sorry to hear you cannot pay me in coin at this time, but perhaps we can reach another arrangement? If you were to promise to grant me a favour in the future, I would in return cancel this debt.\n\n Yours,\n[From.GetTitle] [From.GetFirstName];[Root.PrimaryTitle.GetFOA], je suis navré(e) d'apprendre que vous êtes dans l'incapacité de me rembourser, mais peut-être pourrions-nous trouver un arrangement ?  Si vous me promettez de m'accorder une faveur dans le futur, je pourrais en échange annuler votre dette.\n\n  Bien à vous,\n[From.GetTitle] [From.GetFirstName];;;[Root.PrimaryTitle.GetFOA], me consterna saber que sois incapaces de pagarme, pero quizás podamos acordar un arreglo?  Si me prometéis un favor en el futuro, podría cancelar la deuda a cambio.\n\n Cordialmente,\n[From.GetTitle] [From.GetFirstName];;;;;;;;;x
EVTOPTAbankruptcy.511;That is reasonable, I accept;Cette requête est raisonnable, j'accepte.;;;Esta petición es razonable, la acepto.;;;;;;;;;x
EVTDESCbankruptcy.512;[Root.GetTitle] [Root.GetFirstName], your offered terms are most reasonable. I hereby pledge to grant a you a favour, and in return [From.PrimaryTitle.GetName]'s debt to you shall be cancelled.\n\n Regards,\n[From.GetTitle] [From.GetFirstName] of House [From.GetOnlyDynastyName];[Root.GetTitle] [Root.GetFirstName], les termes de votre offre me semblent des plus raisonnables. Par la présente, je m'engage à vous devoir une faveur et en échange, les dettes de [From.PrimaryTitle.GetName] envers vous seront annulées.\n\n Cordialement,\n[From.GetTitle] [From.GetFirstName] de la maison [From.GetOnlyDynastyName];;;[Root.GetTitle] [Root.GetFirstName], los términos de vuestra oferta me parecen de lo más razonable. Por la presente, me comprometo a deberos un favor y a cambio, las deudas de [From.PrimaryTitle.GetName] con vos serán canceladas.\n\n Cordialmente,\n[From.GetTitle] [From.GetFirstName] de la casa [From.GetOnlyDynastyName].;;;;;;;;;x
EVTDESCbankruptcy.513;[Root.GetTitle] [Root.GetFirstName], I am afraid I cannot accept these terms offered. My offices and decisions are not subject to flimsy pledges, you shall receive payment in coin as soon as [From.PrimaryTitle.GetName] is able.\n\n Regards,\n[From.GetTitle] [From.GetFirstName] of House [From.GetOnlyDynastyName];[Root.GetTitle] [Root.GetFirstName], je crains de ne pas pouvoir accepter votre offre. Mes décisions ne peuvent pas être fondées sur de si piètres promesses. Aussi, recevrez-vous votre paiement en argent dès que [From.PrimaryTitle.GetName] en sera capable.\n\n Cordialement,\n[From.GetTitle] [From.GetFirstName] de la maison [From.GetOnlyDynastyName];;;[Root.GetTitle] [Root.GetFirstName], me temo que no puedo aceptar vuestra oferta. Mis decisiones no pueden estar fundadas sobre pobres promesas. Además, recibiréis vuestro pago cuando [From.PrimaryTitle.GetName] sea capaz.\n\n Cordialmente,\n[From.GetTitle] [From.GetFirstName] de la Casa [From.GetOnlyDynastyName];;;;;;;;;x
EVTOPTCbankruptcy.103;This loan is no longer valid;Je suis mon propre seigneur, cet emprunt n'a plus lieu d'être.;;;Soy mi propio Señor, este préstamo ya no tiene validez.;;;;;;;;;x
EVTDESC38000;Even in death, I cannot escape the moneylenders!;Même dans la mort, je ne pourrais échapper à mes créanciers !;Selbst im Tode kann ich den Geldverleihern nicht entkommen!;;Incluso muriendo, no podría escaparme de los prestamistas.;;;;;;;;;x
EVTOPTA38000;They will surely seek repayment from my heir;Ils vont sûrement chercher remboursement auprès de mon héritier.;Sie werden sich das Geld sicher von meinem Sohn holen.;;Seguramente busquen el reembolso a través de mi heredero.;;;;;;;;;x
EVTTOOLTIP38001;The moneylenders will soon pay a visit;Les créanciers vont bientôt me rendre visite.;Die Geldverleiher werden bald einen Besuch abstatten.;;Los prestamistas vendrán pronto a visitarme.;;;;;;;;;x
EVTDESC38002;A [bank_envoy.GetBankEnvoyTitle] of [Root.GetLoanBank] has arrived in [Root.Capital.GetName]. [bank_envoy.GetSheHeCap] is seeking repayment of the loan I have with the bank.;Les créanciers sont là, cherchant le remboursement des dettes de [From.GetTitledFirstName].;Die Geldverleiher sind gekommen um die Rückzahlung von [From.GetTitledFirstName]'s Kredit zu fordern.;;Los prestamistas están aquí, buscando el reembolso de las deudas de [From.GetTitledFirstName].;;;;;;;;;x
EVTDESC38002B;An envoy of the Bank has arrived in [Root.Capital.GetName]. He is seeking repayment of the loan I have with the bank.;Les créanciers sont là, cherchant le remboursement des dettes de [From.GetTitledFirstName].;Die Geldverleiher sind gekommen um die Rückzahlung von [From.GetTitledFirstName]'s Kredit zu fordern.;;Los prestamistas están aquí, buscando el reembolso de las deudas de [From.GetTitledFirstName].;;;;;;;;;x
EVTDESC38001;A [bank_envoy.GetBankEnvoyTitle] of [Root.GetLoanBank] has arrived in [Root.Capital.GetName]. [bank_envoy.GetSheHeCap] is seeking repayment for the debts of my [From.GetRootRelation] [From.GetTitledFirstNameWithDynasty].;Les créanciers sont là, cherchant le remboursement des dettes de [From.GetTitledFirstName].;Die Geldverleiher sind gekommen um die Rückzahlung von [From.GetTitledFirstName]'s Kredit zu fordern.;;Los prestamistas están aquí, buscando el reembolso de las deudas de [From.GetTitledFirstName].;;;;;;;;;x
EVTDESC38001B;An envoy of [Root.GetLoanBank] has arrived in [Root.Capital.GetName]. They are seeking repayment for the debts of my [From.GetRootRelation] [From.GetTitledFirstNameWithDynasty].;Les créanciers sont là, cherchant le remboursement des dettes de [From.GetTitledFirstName].;Die Geldverleiher sind gekommen um die Rückzahlung von [From.GetTitledFirstName]'s Kredit zu fordern.;;Los prestamistas están aquí, buscando el reembolso de las deudas de [From.GetTitledFirstName].;;;;;;;;;x
EVTDESC38001C;A [bank_envoy.GetBankEnvoyTitle] of [Root.GetLoanBank] has arrived in [Root.Capital.GetName]. [bank_envoy.GetSheHeCap] is seeking repayment for the debts accrued by the [debt_capital.GetFullName].;Les créanciers sont là, cherchant le remboursement des dettes de [From.GetTitledFirstName].;Die Geldverleiher sind gekommen um die Rückzahlung von [From.GetTitledFirstName]'s Kredit zu fordern.;;Los prestamistas están aquí, buscando el reembolso de las deudas de [From.GetTitledFirstName].;;;;;;;;;x
EVTDESC38001D;An envoy of [Root.GetLoanBank] has arrived in [Root.Capital.GetName]. They are seeking repayment for the debts accrued by the [debt_capital.GetFullName].;Les créanciers sont là, cherchant le remboursement des dettes de [From.GetTitledFirstName].;Die Geldverleiher sind gekommen um die Rückzahlung von [From.GetTitledFirstName]'s Kredit zu fordern.;;Los prestamistas están aquí, buscando el reembolso de las deudas de [From.GetTitledFirstName].;;;;;;;;;x
EVTOPTA38001;They will have their gold in due course;Je vais rembourser la somme de 62 Or que je leur dois.;Sie sollen ihre 62 Gold bekommen.;;Les pagaré las 62 piezas de oro que les debo.;;;;;;;;;x
EVTOPTB38001;They will have their 125 gold;Je vais rembourser la somme de 125 Or que je leur dois.;Sie sollen ihre 125 Gold bekommen.;;Les pagaré las 125 piezas de oro que les debo.;;;;;;;;;x
EVTOPTC38001;They will get their 250 gold;Je vais rembourser la somme de 250 Or que je leur dois.;Sie sollen ihre 250 Gold bekommen.;;Les pagaré las 250  piezas de oro que les debo.;;;;;;;;;x
EVTOPTD38001;They will have their 500 gold;Je vais rembourser la somme de 500 Or que je leur dois.;Sie sollen ihre 500 Gold bekommen.;;Les pagaré las 500 piezas de oro que les debo.;;;;;;;;;x
EVTOPTE38001;They will have their 750 gold;Je vais rembourser la somme de 750 Or que je leur dois.;Sie sollen ihre 750 Gold bekommen.;;Les pagaré las 750 piezas de oro que les debo.;;;;;;;;;x
EVTOPTF38001;They will have their 1000 gold;Je vais rembourser la somme de 1000 Or que je leur dois.;Sie sollen ihre 1000 Gold bekommen.;;Les pagaré las 1000 piezas de oro que les debo.;;;;;;;;;x
EVTOPTG38001;They will have their 1250 gold;Je vais rembourser la somme de 1250 Or que je leur dois.;Sie sollen ihre 1250 Gold bekommen.;;Les pagaré las 1250 piezas de oro que les debo.;;;;;;;;;x
EVTOPTH38001;I owe them nothing!;Je ne leur dois rien !;Ich schulde ihnen nichts!;;No les debo nada!;;;;;;;;;x
EVTTOOLTIP38002C;The debt of [Root.loan_total_repayable.GetValue]¤will be due in five years;La dette sera payée dans cinq ans.;Der Kredit wird in 5 Jahren fällig;;La deuda será pagada en 5 años.;;;;;;;;;x
EVTOPTA38002;I have the coin right here;J'ai l'argent dès maintenant.;Ich habe das Geld gerade zur Verfügung.;;Tengo el dinero aquí mismo.;;;;;;;;;x
EVTOPTB38002;I do not have the full amount, but I will pay the interest;Je n'ai pas la totalité de la somme, mais je paierai les intérêts;Ich habe nicht die volle Summe, zahle aber die Zinsen.;;No tengo la cantidad completa, pero pagaré los intereses.;;;;;;;;;x
EVTOPTC38002;I need more time to raise funds;J'ai besoin de plus de temps pour lever des fonds.;Ich brauche mehr Zeit, um das Geld aufzutreiben.;;Necesito más tiempo para recaudar fondos.;;;;;;;;;x
EVTOPTD38002;You shall not have a single coin from me!;Vous n'aurez pas la moindre pièce !;Du wirst nicht einen Pfennig von mir sehen!;;No tendréis ni una sola moneda!;;;;;;;;;x
EVTTOOLTIP38002;Take a five-year loan at 25% interest;Contracter un emprunt sur cinq ans à un taux d’intérêt de 25%.;Ein Fünfjahresdarlehen zu 25% Zinsen aufnehmen;;Contrata un préstamo de cinco años al 25% de interés;;;;;;;;;x
EVTTOOLTIP38002B;The loan of [Root.loan_amount.GetValue]¤will be extended for two years;L'emprunt va être prolongé de deux ans.;Das Darlehen wird um 2 Jahre verlängert;;El préstamo será prolongado 2 años.;;;;;;;;;x
TOOLTIPrequest_loanLOANTAKEN;[This.GetTitledFirstNameNoRegnal] has NOT already taken a loan;;;;;;;;;;;;;x
TOOLTIPrequest_loanGIVENLOAN;[This.GetTitledFirstNameNoRegnal] has NOT already given a personal loan to someone;;;;;;;;;;;;;x
request_loan;Request a Loan;;;;;;;;;;;;;x
request_loan_desc;Ask [Root.GetTitledFirstNameNoRegnal] for a personal loan;;;;;;;;;;;;;x
TOOLTIPrequest_loanINPROGRESS;Is NOT in the process of requesting a loan;;;;;;;;;;;;;x
TOOLTIPrequest_loanEFFECT;[Root.GetTitledFirstNameNoRegnal] is asked for a 5 year loan at 25% interest;;;;;;;;;;;;;x
String_the_Iron_Bank;the Iron Bank;;;;;;;;;;;;;x
String_Iron_Bank;Iron Bank;;;;;;;;;;;;;x
Iron_bank;Iron Bank;;;;;;;;;;;;;x
iron_bank_rank_1_male;Envoy;;;;;;;;;;;;;x
iron_bank_rank_1_female;Envoy;;;;;;;;;;;;;x
iron_bank_rank_2_male;Keyholder;;;;;;;;;;;;;x
iron_bank_rank_2_female;Keyholder;;;;;;;;;;;;;x
iron_bank_rank_3_male;Shareholder;;;;;;;;;;;;;x
iron_bank_rank_3_female;Shareholder;;;;;;;;;;;;;x
iron_bank_rank_4_male;High Councillor;;;;;;;;;;;;;x
iron_bank_rank_4_female;High Councillor;;;;;;;;;;;;;x
iron_bank_leader_desc;High Councillor of the Iron Bank;;;;;;;;;;;;;x
iron_bank;The Iron Bank of Braavos;;;;;;;;;;;;;x
iron_bank_desc;The Iron Bank of Braavos is the main bank of Braavos. It is one of the wealthiest banks of the Known World and often lends money to outsiders, such as archons, triarchs, and the Lord of the Seven Kingdoms. The bank is famous for its discretion and secrecy, and a common saying among the Braavosi is 'The Iron Bank will have its due.';;;;;;;;;;;;;x
currency_name_bank;Banking Stature;;;;;;;;;;;;;x
cash_reserve;Coin Reserves;;;;;;;;;;;;;x
preferred_cash_reserve;Preferred Minimum Coin Reserves;;;;;;;;;;;;;x
outstanding_loans;Outstanding Loans;;;;;;;;;;;;;x
shares;Bank Shares;;;;;;;;;;;;;x
loan_interest;Loan Interest Rate;;;;;;;;;;;;;x
currency_is_adult_no;Is NOT an adult: §R-20§! ;;;;;;;;;;;;;x
TOOLTIP_DEFAULTEDLOAN;Has Defaulted on a Past Loan;;;;;;;;;;;;;x
c_rogare_bank;Rogare Bank;;;;;;;;;;;;;x
String_the_Rogare_Bank;the [c_rogare_bank.GetName];;;;;;;;;;;;;x
String_Rogare_Bank;[c_rogare_bank.GetName];;;;;;;;;;;;;x
Rogare_bank;[c_rogare_bank.GetName];;;;;;;;;;;;;x
rogare_bank_rank_1_male;Envoy;;;;;;;;;;;;;x
rogare_bank_rank_1_female;Envoy;;;;;;;;;;;;;x
rogare_bank_rank_2_male;Keyholder;;;;;;;;;;;;;x
rogare_bank_rank_2_female;Keyholder;;;;;;;;;;;;;x
rogare_bank_rank_3_male;Shareholder;;;;;;;;;;;;;x
rogare_bank_rank_3_female;Shareholder;;;;;;;;;;;;;x
rogare_bank_rank_4_male;High Councillor;;;;;;;;;;;;;x
rogare_bank_rank_4_female;High Councillor;;;;;;;;;;;;;x
rogare_bank_leader_desc;High Councillor;;;;;;;;;;;;;x
rogare_bank;The [c_rogare_bank.GetName];;;;;;;;;;;;;x
rogare_bank_desc;The [c_rogare_bank.GetName] is a bank operated in the Free City of Lys.;;;;;;;;;;;;;x
rogare_bank_desc_B;;;;;;;;;;;;;;x
String_the_Qarth_Bank;the Ancient Bank of Qarth;;;;;;;;;;;;;x
String_Qarth_Bank;Ancient Bank of Qarth;;;;;;;;;;;;;x
Qarth_bank;Ancient Bank of Qarth;;;;;;;;;;;;;x
qarth_bank_rank_1_male;Envoy;;;;;;;;;;;;;x
qarth_bank_rank_1_female;Envoy;;;;;;;;;;;;;x
qarth_bank_rank_2_male;Keyholder;;;;;;;;;;;;;x
qarth_bank_rank_2_female;Keyholder;;;;;;;;;;;;;x
qarth_bank_rank_3_male;Shareholder;;;;;;;;;;;;;x
qarth_bank_rank_3_female;Shareholder;;;;;;;;;;;;;x
qarth_bank_rank_4_male;High Councillor;;;;;;;;;;;;;x
qarth_bank_rank_4_female;High Councillor;;;;;;;;;;;;;x
qarth_bank_leader_desc;High Councillor of the Ancient Bank of Qarth;;;;;;;;;;;;;x
qarth_bank;The Ancient Bank of Qarth;;;;;;;;;;;;;x
qarth_bank_desc;The Ancient Bank of Qarth is one of the most important banks of the Far East;;;;;;;;;;;;;x
String_the_Valyria_Bank;the Bank of Valyria;;;;;;;;;;;;;x
String_Valyria_Bank;Bank of Valyria;;;;;;;;;;;;;x
Valyria_bank;Bank of Valyria;;;;;;;;;;;;;x
valyria_bank_rank_1_male;Envoy;;;;;;;;;;;;;x
valyria_bank_rank_1_female;Envoy;;;;;;;;;;;;;x
valyria_bank_rank_2_male;Keyholder;;;;;;;;;;;;;x
valyria_bank_rank_2_female;Keyholder;;;;;;;;;;;;;x
valyria_bank_rank_3_male;Shareholder;;;;;;;;;;;;;x
valyria_bank_rank_3_female;Shareholder;;;;;;;;;;;;;x
valyria_bank_rank_4_male;High Councillor;;;;;;;;;;;;;x
valyria_bank_rank_4_female;High Councillor;;;;;;;;;;;;;x
valyria_bank_leader_desc;High Councillor of the Bank of Valyria;;;;;;;;;;;;;x
valyria_bank;The Bank of Valyria;;;;;;;;;;;;;x
valyria_bank_desc;The Bank of Valyria is one of the most important banks of the known world.;;;;;;;;;;;;;x
c_bank_1;New Bank;;;;;;;;;;;;;x
String_the_Bank_1;The [c_bank_1.GetName];;;;;;;;;;;;;x
String_Bank_1;[c_bank_1.GetName];;;;;;;;;;;;;x
Bank_1;[c_bank_1.GetName];;;;;;;;;;;;;x
bank_1_rank_1_male;Envoy;;;;;;;;;;;;;x
bank_1_rank_1_female;Envoy;;;;;;;;;;;;;x
bank_1_rank_2_male;Keyholder;;;;;;;;;;;;;x
bank_1_rank_2_female;Keyholder;;;;;;;;;;;;;x
bank_1_rank_3_male;Shareholder;;;;;;;;;;;;;x
bank_1_rank_3_female;Shareholder;;;;;;;;;;;;;x
bank_1_rank_4_male;High Councillor;;;;;;;;;;;;;x
bank_1_rank_4_female;High Councillor;;;;;;;;;;;;;x
bank_1_leader_desc;High Councillor;;;;;;;;;;;;;x
bank_1;The [c_bank_1.GetName];;;;;;;;;;;;;x
bank_1_desc;The [c_bank_1.GetName] is an important bank based in [c_bank_1.GetAdjective];;;;;;;;;;;;;x
c_bank_2;White Bank;;;;;;;;;;;;;x
String_the_bank_2;The [c_bank_2.GetName];;;;;;;;;;;;;x
String_bank_2;[c_bank_2.GetName];;;;;;;;;;;;;x
Bank_2;[c_bank_2.GetName];;;;;;;;;;;;;x
bank_2_rank_1_male;Envoy;;;;;;;;;;;;;x
bank_2_rank_1_female;Envoy;;;;;;;;;;;;;x
bank_2_rank_2_male;Keyholder;;;;;;;;;;;;;x
bank_2_rank_2_female;Keyholder;;;;;;;;;;;;;x
bank_2_rank_3_male;Shareholder;;;;;;;;;;;;;x
bank_2_rank_3_female;Shareholder;;;;;;;;;;;;;x
bank_2_rank_4_male;High Councillor;;;;;;;;;;;;;x
bank_2_rank_4_female;High Councillor;;;;;;;;;;;;;x
bank_2_leader_desc;High Councillor;;;;;;;;;;;;;x
bank_2;The [c_bank_2.GetName];;;;;;;;;;;;;x
bank_2_desc;The [c_bank_2.GetName] is an important bank based in [c_bank_2.GetAdjective];;;;;;;;;;;;;x
c_bank_3;First Bank;;;;;;;;;;;;;x
String_the_bank_3;The [c_bank_3.GetName];;;;;;;;;;;;;x
String_bank_3;[c_bank_3.GetName];;;;;;;;;;;;;x
Bank_3;[c_bank_3.GetName];;;;;;;;;;;;;x
bank_3_rank_1_male;Envoy;;;;;;;;;;;;;x
bank_3_rank_1_female;Envoy;;;;;;;;;;;;;x
bank_3_rank_2_male;Keyholder;;;;;;;;;;;;;x
bank_3_rank_2_female;Keyholder;;;;;;;;;;;;;x
bank_3_rank_3_male;Shareholder;;;;;;;;;;;;;x
bank_3_rank_3_female;Shareholder;;;;;;;;;;;;;x
bank_3_rank_4_male;High Councillor;;;;;;;;;;;;;x
bank_3_rank_4_female;High Councillor;;;;;;;;;;;;;x
bank_3_leader_desc;High Councillor;;;;;;;;;;;;;x
bank_3;[c_bank_3.GetName];;;;;;;;;;;;;x
bank_3_desc;The [c_bank_3.GetName] is an important bank based in [c_bank_3.GetAdjective];;;;;;;;;;;;;x
c_bank_4;Golden Bank;;;;;;;;;;;;;x
String_the_bank_4;The [c_bank_4.GetName];;;;;;;;;;;;;x
String_bank_4;[c_bank_4.GetName];;;;;;;;;;;;;x
Bank_4;[c_bank_4.GetName];;;;;;;;;;;;;x
bank_4_rank_1_male;Envoy;;;;;;;;;;;;;x
bank_4_rank_1_female;Envoy;;;;;;;;;;;;;x
bank_4_rank_2_male;Keyholder;;;;;;;;;;;;;x
bank_4_rank_2_female;Keyholder;;;;;;;;;;;;;x
bank_4_rank_3_male;Shareholder;;;;;;;;;;;;;x
bank_4_rank_3_female;Shareholder;;;;;;;;;;;;;x
bank_4_rank_4_male;High Councillor;;;;;;;;;;;;;x
bank_4_rank_4_female;High Councillor;;;;;;;;;;;;;x
bank_4_leader_desc;High Councillor;;;;;;;;;;;;;x
bank_4;The [c_bank_4.GetName];;;;;;;;;;;;;x
bank_4_desc;The [c_bank_4.GetName] is an important bank based in [c_bank_4.GetAdjective];;;;;;;;;;;;;x
c_bank_5;Silver Bank;;;;;;;;;;;;;x
String_the_bank_5;The [c_bank_5.GetName];;;;;;;;;;;;;x
String_bank_5;[c_bank_5.GetName];;;;;;;;;;;;;x
Bank_5;[c_bank_5.GetName];;;;;;;;;;;;;x
bank_5_rank_1_male;Envoy;;;;;;;;;;;;;x
bank_5_rank_1_female;Envoy;;;;;;;;;;;;;x
bank_5_rank_2_male;Keyholder;;;;;;;;;;;;;x
bank_5_rank_2_female;Keyholder;;;;;;;;;;;;;x
bank_5_rank_3_male;Shareholder;;;;;;;;;;;;;x
bank_5_rank_3_female;Shareholder;;;;;;;;;;;;;x
bank_5_rank_4_male;High Councillor;;;;;;;;;;;;;x
bank_5_rank_4_female;High Councillor;;;;;;;;;;;;;x
bank_5_leader_desc;High Councillor;;;;;;;;;;;;;x
bank_5;The [c_bank_5.GetName];;;;;;;;;;;;;x
bank_5_desc;The [c_bank_5.GetName] is an important bank based in [c_bank_5.GetAdjective];;;;;;;;;;;;;x
repay_loan;Repay Loan;;;;;;;;;;;;;x
repay_loan_desc;Repay the loan due to [Root.GetLoanBank];;;;;;;;;;;;;x
establish_bank;Establish a New Bank;;;;;;;;;;;;;x
establish_bank_desc;Use your accumulated wealth and financial accumen to found a new bank in [Root.Capital.GetName];;;;;;;;;;;;;x
EVTTOOLTIPestablish_bankA;A bank is NOT already in operation in the [Root.Capital.Kingdom.GetFullName];;;;;;;;;;;;;x
EVTTOOLTIPestablish_bankB;Room is available in the world for a new bank;;;;;;;;;;;;;x
EVTTOOLTIPestablish_bankC;A Bank in [Root.Capital.GetName] is established;;;;;;;;;;;;;x
reduce_loan_interest;Reduce Loan Interest;;;;;;;;;;;;;x
reduce_loan_interest_desc;Use your stature within [Root.Society.GetName] to negotiate a reduced interest rate on your loan with the bank;;;;;;;;;;;;;x
reduce_loan_interest_power_desc;Use your stature within the bank to negotiate a reduced interest rate on your loans;;;;;;;;;;;;;x
TOOLTIP_HASLOANFROMSOCIETY;Has a loan from [Root.Society.GetName];;;;;;;;;;;;;x
TOOLTIP_NOTDEFAULTEDLOAN;Has NOT defaulted on a loan in the past;;;;;;;;;;;;;x
TOOLTIPbankruptcy.1_INTEREST_45;Loan interest rate is set at §Y45%§! ;;;;;;;;;;;;;x
TOOLTIPbankruptcy.1_INTEREST_40;Loan interest rate is set at §Y40%§! ;;;;;;;;;;;;;x
TOOLTIPbankruptcy.1_INTEREST_35;Loan interest rate is set at §Y35%§! ;;;;;;;;;;;;;x
TOOLTIPbankruptcy.1_INTEREST_30;Loan interest rate is set at §Y30%§! ;;;;;;;;;;;;;x
TOOLTIPbankruptcy.1_INTEREST_25;Loan interest rate is set at §Y25%§! ;;;;;;;;;;;;;x
TOOLTIPbankruptcy.1_INTEREST_20;Loan interest rate is set at §Y20%§! ;;;;;;;;;;;;;x
TOOLTIPbankruptcy.1_INTEREST_15;Loan interest rate is set at §Y15%§! ;;;;;;;;;;;;;x
TOOLTIPbankruptcy.1_INTEREST_10;Loan interest rate is set at §Y10%§! ;;;;;;;;;;;;;x
TOOLTIPbankruptcy.1_INTEREST_A;Loan interest rate is set at §Y[Root.loan_interest_a.GetValue]%§!;;;;;;;;;;;;;x
TOOLTIPbankruptcy.1_INTEREST_B;Loan interest rate is set at §Y[Root.loan_interest_b.GetValue]%§!;;;;;;;;;;;;;x
TOOLTIPbankruptcy.1_INTEREST_C;Loan interest rate is set at §Y[Root.loan_interest_c.GetValue]%§!;;;;;;;;;;;;;x
hire_banker;Hire a Banker;;;;;;;;;;;;;x
hire_banker_desc;Hire a respected banker from [Root.Society.GetName] into your personal service;;;;;;;;;;;;;x
hire_banker_power_desc;Hire a respected banker into your personal service;;;;;;;;;;;;;x
TOOLTIPbankruptcy.125;A banker with at least 12 stewardship is hired;;;;;;;;;;;;;x
hired_banker;Hired Banker;;;;;;;;;;;;;x
EVTDESCbankruptcy.1;[Root.GetMyTreasurerName] [Root.job_treasurer.GetFirstNameWithDynasty] has sought out banks willing to lend you coin, and has presented you with the options available.;;;;;;;;;;;;;x
EVTDESCbankruptcy.1B;[Root.GetMyTreasurerName] [Root.job_treasurer.GetFirstNameWithDynasty] has sought out banks willing to lend you coin, and has presented you with the options available. [Root.job_treasurer.GetTitledFirstNameNoRegnal] advises interest rates are higher due to your past failiure to pay off loans.;;;;;;;;;;;;;x
EVTDESCbankruptcy.1C;[Root.GetMyTreasurerName] [Root.job_treasurer.GetFirstNameWithDynasty] has sought out banks willing to lend you coin, and has presented you with the options available. [Root.job_treasurer.GetTitledFirstNameNoRegnal] advises interest rates are slightly higher due to your perceived risk as a debtor.;;;;;;;;;;;;;x
EVTDESCbankruptcy.1D;[Root.GetMyTreasurerName] [Root.job_treasurer.GetFirstNameWithDynasty] has sought out banks willing to lend you coin, and has presented you with the options available. [Root.job_treasurer.GetTitledFirstNameNoRegnal] advises interest rates are slightly lower due to your perceived safety as a debtor.;;;;;;;;;;;;;x
EVTDESCbankruptcy.1E;[Root.GetMyTreasurerName] [Root.job_treasurer.GetFirstNameWithDynasty] has sought out banks willing to lend you coin, and has presented you with the options available. [Root.job_treasurer.GetTitledFirstNameNoRegnal] advises interest rates are higher due to your struggles in the current war.;;;;;;;;;;;;;x
EVTDESCbankruptcy.1F;[Root.GetMyTreasurerName] [Root.job_treasurer.GetFirstNameWithDynasty] has sought out banks willing to lend you coin, and has presented you with the options available. [Root.job_treasurer.GetTitledFirstNameNoRegnal] advises interest rates are much higher due to your struggles in the current war and your perceived general risk as a debtor.;;;;;;;;;;;;;x
EVTDESCbankruptcy.1G;[Root.GetMyTreasurerName] [Root.job_treasurer.GetFirstNameWithDynasty] has sought out banks willing to lend you coin, and has presented you with the options available. [Root.job_treasurer.GetTitledFirstNameNoRegnal] advises that your perceived risk as a debtor is low, but your struggles in the current war means interest rates are slightly higher.;;;;;;;;;;;;;x
EVTDESCbankruptcy.1H;[Root.GetMyTreasurerName] [Root.job_treasurer.GetFirstNameWithDynasty] has sought out banks willing to lend you coin, but has failed. [Root.job_treasurer.GetTitledFirstNameNoRegnal] advises that your gold defecit is too severe for banks to consider granting you a loan.;;;;;;;;;;;;;x
EVTOPTAbankruptcy.1;[bank_option_1.GetName];;;;;;;;;;;;;x
TOOLTIPbankruptcy.1;A 5 year loan is taken from §Y[bank_option_1.GetName]§! ;;;;;;;;;;;;;x
EVTOPTBbankruptcy.1;[bank_option_2.GetName];;;;;;;;;;;;;x
TOOLTIPbankruptcy.1B;A 5 year loan is taken from §Y[bank_option_2.GetName]§! ;;;;;;;;;;;;;x
EVTOPTCbankruptcy.1;A minor bank;;;;;;;;;;;;;x
TOOLTIPbankruptcy.1C;A 5 year loan is taken from a §Yminor bank§! ;;;;;;;;;;;;;x
EVTOPTDbankruptcy.1;I'v changed my mind about this;;;;;;;;;;;;;x
EVTOPTEbankruptcy.1;This is problematic;;;;;;;;;;;;;x
EVTDESCbankruptcy.188;After hearing your proposal, [From.GetTitledFirstNameWithDynasty] has agreed to take on a loan from [Root.Society.GetName], and will also take on [debtor_target.GetTitledFirstNameWithDynasty]'s debt if [From.GetSheHe] wins [debtor_target.PrimaryTitle.GetName].;;;;;;;;;;;;;x
EVTDESCbankruptcy.188B;The deal has been finalised, you have agreed to take on a loan from [Root.Society.GetName], and will also take on [debtor_target.GetTitledFirstNameWithDynasty]'s debt if you win [debtor_target.PrimaryTitle.GetName].;;;;;;;;;;;;;x
EVTOPTAbankruptcy.188;Let us see how this war goes;;;;;;;;;;;;;x
EVTDESCbankruptcy.189;[From.GetTitledFirstNameWithDynasty] has declined your proposal, refusing to take on [debtor_target.GetTitledFirstNameWithDynasty]'s debt to [Root.Society.GetName].;;;;;;;;;;;;;x
EVTOPTAbankruptcy.189;This is displeasing;;;;;;;;;;;;;x
EVTDESCbankruptcy.115;News from the war in [From.PrimaryTitle.GetName]. [From.GetFirstNameWithDynasty] has managed to wrest control of the [FromFrom.GetFullName] from [FromFromFrom.GetFirstNameWithDynasty], and has subsequently honoured the agreement made with [Root.Society.GetName].;;;;;;;;;;;;;x
EVTOPTAbankruptcy.115;[Root.Society.GetName] has its due;;;;;;;;;;;;;x
EVTDESCbankruptcy.116;There has been concerning news from the war in [From.PrimaryTitle.GetName]. [From.GetFirstNameWithDynasty] has managed to wrest control of the [FromFrom.GetFullName] from [FromFromFrom.GetFirstNameWithDynasty], but has subsequently refused to honour the agreement made with [Root.Society.GetName].;;;;;;;;;;;;;x
EVTOPTAbankruptcy.116;This is an outrage!;;;;;;;;;;;;;x
EVTDESCbankruptcy.118;[Root.Society.GetName] latest attempt to recover the unpaid debts from [From.GetTitledFirstNameWithDynasty] have failed. [From.GetTitledFirstNameNoRegnal] has defeated [FromFrom.GetTitledFirstNameWithDynasty], the same [FromFrom.GetManWoman] we backed to recover the debt for the bank.;;;;;;;;;;;;;x
EVTOPTAbankruptcy.118;This is certainly a grave loss for the bank;;;;;;;;;;;;;x
EVTDESCbankruptcy.21;The scribes and coinmasters of [Root.Society.GetName] have put together the bank's accounts for the past few years, and are ready to present their findings to the various keyholders and shareholders.;;;;;;;;;;;;;x
EVTDESCbankruptcy.21B;[Root.Society.GetName] has had a promising beginning, with several loans already being issued. Now the scribes and coinmasters have put together the bank's first set of accounts, and are ready to present their findings to the various keyholders and shareholders.;;;;;;;;;;;;;x
EVTOPTAbankruptcy.21;Overall accounts;;;;;;;;;;;;;x
TOOLTIPbankruptcy.21;Accounts for [Root.Society.GetName] in the Year [GetYear]\nIncome From Loan Interest: §G[From.loan_profits.GetValue]§!¤\nIncome From Investments: [From.investment_profits.GetValue]¤\nLost Loans: §R[From.loan_losses.GetValue]§!¤\nGeneral Running Costs: §R[From.running_costs.GetValue]§!¤\nDebt Collection Expenses: §R[From.expenses.GetValue]§!¤\nWithdrawn Coin: §R[From.withdrawn_cash.GetValue]§!¤\nLost/Stolen Coin: §R[From.lost_coin.GetValue]§!¤\nLooted Coin: §R[From.looted_cash.GetValue]§!¤\n-----------------------\nProfit/Loss: §Y[From.displayed_profit.GetValue]§!¤\nCurrent Coin Reserves: §Y[From.cash_reserve.GetValue]§!¤\nOutstanding Loans Granted: §Y[From.outstanding_loans.GetValue]§!¤\n\n;;;;;;;;;;;;;x
EVTOPTBbankruptcy.21;List of debtors;;;;;;;;;;;;;x
TOOLTIPbankruptcy.21B;[This.GetTitledFirstNameWithDynastyAndTitle]: §Y[This.loan_amount.GetValue]§!¤;;;;;;;;;;;;;x
EVTOPTCbankruptcy.21;List of defaulters;;;;;;;;;;;;;x
TOOLTIPbankruptcy.21C;The following debtors have failed to pay the interest on their loans:;;;;;;;;;;;;;x
EVTOPTDbankruptcy.21;List of lost loans;;;;;;;;;;;;;x
TOOLTIPbankruptcy.21D;The following debtors have refused to honour the repayment of their loans:;;;;;;;;;;;;;x
TOOLTIPbankruptcy.21A;§YA share of profits is to be issued to all shareholders§!\n[Root.GetTitledFirstNameWithDynasty]'s share is §G[Root.profit_vs_loss.GetValue]§!¤;;;;;;;;;;;;;x
TOOLTIPbankruptcy.21writeoff;§YOne third of lost loans and stolen/looted coin will be written off, and will not be carried over to the next accounts§!\nOther expenses are written off entirely;;;;;;;;;;;;;x
TOOLTIPbankruptcy.21info;§YProfits will be distributed to shareholders once the bank has made profit and has enough gold in reserve§!;;;;;;;;;;;;;x
EVTDESCbankruptcy.23;After the recent release of [Root.Society.GetName]'s accounts, it has become apparent the bank is short on coin. The stakeholders of the bank are being asked to invest their own gold in the bank to ensure it has enough to lend.;;;;;;;;;;;;;x
EVTOPTAbankruptcy.23;Yes, the bank must be kept afloat;;;;;;;;;;;;;x
EVTOPTCbankruptcy.23;I will give what I can;;;;;;;;;;;;;x
EVTOPTBbankruptcy.23;No, I will not use my personal treasury;;;;;;;;;;;;;x
EVTDESCbankruptcy.2397;Grave news [Root.PrimaryTitle.GetFOA], [Root.Society.GetName] has neither the coin or the balance sheet to continue functioning. The bank is to be folded with immediate effect, with the little remaining coin distributed between the various stakeholders.;;;;;;;;;;;;;x
EVTOPTAbankruptcy.2397;This is a terrible loss for [Root.Society.location.GetName];;;;;;;;;;;;;x
TOOLTIPbankruptcy.2397A;[Root.Society.GetName] is disbanded;;;;;;;;;;;;;x
EVTDESCbankruptcy.2398;[Root.PrimaryTitle.GetFOA], we have word from [old_bank_location.GetName] that [disbanded_society.GetName] has been disbanded. It had apparently become clear the bank ahd neither the coin or balance sheet to continue functioning.;;;;;;;;;;;;;x
EVTOPTAbankruptcy.2398;This is certainly a fall from power for them;;;;;;;;;;;;;x
EVTDESCbankruptcy.26;[Root.PrimaryTitle.GetFOA], [From.Society.GetName] would be pleased to welcome you as a member. We trust you will serve the bank with diligence and loyalty.\n\nYours,\n[From.GetSocietyRank] [From.GetFirstNameWithDynasty];;;;;;;;;;;;;x
EVTOPTAbankruptcy.26;Now, how do I start making coin?;;;;;;;;;;;;;x
EVTDESCbankruptcy.27;You have left [From.GetName], and so have withdrawn your owned shares in coin.;;;;;;;;;;;;;x
EVTDESCbankruptcy.28;[From.GetTitledFirstNameWithDynasty] has left [Root.Society.GetName], and with it [From.GetSheHe] has taken [From.GetHerHis] shares in coin.;;;;;;;;;;;;;x
EVTDESCbankruptcy.31;The scribes and coinmasters of [Root.Society.GetName] have determined that you need to invest [Root.cash_reserve.GetValue]¤in the bank in order to increase your share. You do not currently possess sufficient coin.;;;;;;;;;;;;;x
EVTOPTAbankruptcy.31;I will wait until I have enough;;;;;;;;;;;;;x
EVTOPTBbankruptcy.31;Buy the shares with loans from the bank;;;;;;;;;;;;;x
TOOLTIPbankruptcy.31LOAN;A loan of §Y[Root.loan_amount.GetValue]§!¤ is taken from [Root.Society.GetName] at an interest rate of §Y30%§! ;;;;;;;;;;;;;x
EVTDESCbankruptcy.32;The scribes and coinmasters of [Root.Society.GetName] have determined that you need to invest [Root.cash_reserve.GetValue]¤in the bank in order to increase your share.;;;;;;;;;;;;;x
EVTOPTAbankruptcy.32;This would seem a shrewd investment;;;;;;;;;;;;;x
EVTOPTBbankruptcy.32;That is too much;;;;;;;;;;;;;x
EVTDESCbankruptcy.33;[Root.Society.GetName] has acquired a new powerful shareholder in [From.GetTitledFirstNameWithDynasty], who has invested the neccessary coin in order to buy [From.GetHerHis] increased share.;;;;;;;;;;;;;x
EVTDESCbankruptcy.37;My [From.GetRootRelation] [From.GetTitledFirstNameWithDynasty] owned shares in [Root.Society.GetName], and has passed [From.GetHerHis] stake in the bank on to me.;;;;;;;;;;;;;x
EVTOPTAbankruptcy.37;OK;;;;;;;;;;;;;x
EVTDESCbankruptcy.38;Upon [From.GetHerHis] death, [From.GetTitledFirstNameWithDynasty] has cashed out [From.GetHerHis] shareholding in [Root.Society.GetName];;;;;;;;;;;;;x
EVTDESCbankruptcy.46;[Root.PrimaryTitle.GetFOA], [From.GetTitledFirstNameWithDynastyAndTitle] has failed to pay interest on a loan of [From.loan_amount.GetValue]¤from [Root.Society.GetName]. As a [Root.GetSocietyRank] of the bank you may decide how to proceed.;;;;;;;;;;;;;x
EVTDESCbankruptcy.46B;[Root.PrimaryTitle.GetFOA], [From.GetTitledFirstNameWithDynastyAndTitle] failed to pay interest on loan of [From.loan_amount.GetValue]¤from [Root.Society.GetName], and subsequently imprisoned one of our envoys! As a [Root.GetSocietyRank] of the bank you may decide how to proceed.;;;;;;;;;;;;;x
EVTDESCbankruptcy.46C;[Root.PrimaryTitle.GetFOA], [From.GetTitledFirstNameWithDynastyAndTitle] has refused to honour a loan of [From.loan_amount.GetValue]¤from [Root.Society.GetName]. As a [Root.GetSocietyRank] of the bank you may decide how to proceed.;;;;;;;;;;;;;x
EVTDESCbankruptcy.46D;[Root.PrimaryTitle.GetFOA], [From.GetTitledFirstNameWithDynastyAndTitle] has refused to honour a loan of [From.loan_amount.GetValue]¤from [Root.Society.GetName], and subsequently imprisoned one of our envoys! As a [Root.GetSocietyRank] of the bank you may decide how to proceed.;;;;;;;;;;;;;x
EVTDESCbankruptcy.46E;[Root.PrimaryTitle.GetFOA], [From.GetTitledFirstNameWithDynastyAndTitle] has looted the vaults of [Root.Society.GetName], taking [From.loan_amount.GetValue]¤. As a [Root.GetSocietyRank] of the bank you may decide how to proceed.;;;;;;;;;;;;;x
EVTOPTAbankruptcy.46;[delegate_target.GetSocietyRank] [delegate_target.GetFirstNameWithDynasty] can handle this;;;;;;;;;;;;;x
TOOLTIPbankruptcy.47;§Y[delegate_target.GetSocietyRank] [delegate_target.GetFirstNameWithDynasty]§! is assigned the mission to 'Recover Debt from [FromFrom.GetTitledFirstNameWithDynasty]';;;;;;;;;;;;;x
EVTOPTBbankruptcy.46;The [Root.Society.GetNameCap] will have its due;;;;;;;;;;;;;x
TOOLTIPbankruptcy.46B;§YYou§! gain the society mission to 'Recover Debt from [From.GetTitledFirstNameWithDynasty]';;;;;;;;;;;;;x
quest_bank_recover_debt;Recover Debt from $TARGET$;;;;;;;;;;;;;x
quest_bank_recover_debt_fallback;Recover Debt;;;;;;;;;;;;;x
quest_bank_recover_debt_desc;The Bank has tasked you with the recovery of an unpaid debt;;;;;;;;;;;;;x
quest_bank_recover_debt_tooltip;You will be presented several options to recover the debt: including diplomacy, assasination and the funding of the debtor's enemies;;;;;;;;;;;;;x
EVTOPTCbankruptcy.46;No action is neccessary;;;;;;;;;;;;;x
EVTOPTDbankruptcy.46;Do not bother me with these small defaults;;;;;;;;;;;;;x
EVTDESCbankruptcy.47;[Root.PrimaryTitle.GetFOA] and [Root.GetSocietyRank], [Root.GetTitledFirstNameNoRegnal],\n\nThe high council of the [Root.Society.GetNameCap] has learnt that certain debts have gone unpaid to the bank. [FromFrom.GetTitledFirstNameWithDynastyAndTitle] is this rogue debtor, and we task you with the recovery of [FromFrom.GetHerHis] debt of [FromFrom.loan_amount.GetValue]¤.\n\nSigned, [From.GetSocietyRank] [From.GetFirstNameWithDynasty];;;;;;;;;;;;;x
EVTDESCbankruptcy.47B;[Root.PrimaryTitle.GetFOA] and [Root.GetSocietyRank], [Root.GetTitledFirstNameNoRegnal],\n\nThe high council of the [Root.Society.GetNameCap] has learnt that certain debts to the bank have been dishonoured. [FromFrom.GetTitledFirstNameWithDynastyAndTitle] is this debtor who is refusing to pay, and we task you with the recovery of [FromFrom.GetHerHis] debt of [FromFrom.loan_amount.GetValue]¤.\n\nSigned, [From.GetSocietyRank] [From.GetFirstNameWithDynasty];;;;;;;;;;;;;x
EVTDESCbankruptcy.47C;[Root.PrimaryTitle.GetFOA] and [Root.GetSocietyRank], [Root.GetTitledFirstNameNoRegnal],\n\nThe [Root.Society.GetNameCap] has been sacked and looted by the forces of [FromFrom.GetTitledFirstNameWithDynastyAndTitle]. The High Council has therefore tasked you with the recovery of the looted gold of the amount [FromFrom.loan_amount.GetValue]¤.\n\nSigned, [From.GetSocietyRank] [From.GetFirstNameWithDynasty];;;;;;;;;;;;;x
TOOLTIPbankruptcy.47B;You gain the society mission to 'Recover Debt from [FromFrom.GetTitledFirstNameWithDynasty]';;;;;;;;;;;;;x
EVTDESCbankruptcy.49;[Root.PrimaryTitle.GetFOA], what action would you like to take on behalf of [Root.Society.GetName] against [debtor_target.GetTitledFirstNameWithDynasty]?;;;;;;;;;;;;;x
EVTOPTAbankruptcy.49;Write a letter to [debtor_target.GetHerHis] liege;;;;;;;;;;;;;x
TOOLTIPbankruptcy.51;A letter of protest is sent to [This.GetTitledFirstNameWithDynastyAndTitle];;;;;;;;;;;;;x
EVTOPTBbankruptcy.49;Write a letter to [debtor_target.TopLiege.GetTitledFirstNameWithDynasty];;;;;;;;;;;;;x
EVTOPTCbankruptcy.49;Lead a delegation to [debtor_target.Capital.GetName];;;;;;;;;;;;;x
TOOLTIPbankruptcy.48A;You travel in person to [debtor_target.Capital.GetName] to protest the debt.\nYou will be gone for a couple of months and will need a regent in the meantime.;;;;;;;;;;;;;x
EVTOPTDbankruptcy.49;Send an assassin;;;;;;;;;;;;;x
TOOLTIPbankruptcy.80;The assassination succeeds;;;;;;;;;;;;;x
TOOLTIPbankruptcy.82;The assassination fails;;;;;;;;;;;;;x
EVTOPTEbankruptcy.49;Send a Faceless Man;;;;;;;;;;;;;x
EVTOPTEbankruptcy.49B;Send a Sorrowful Man;;;;;;;;;;;;;x
TOOLTIPbankruptcy.84A;[debtor_target.GetTitledFirstNameWithDynasty] is assassinated;;;;;;;;;;;;;x
EVTOPTFbankruptcy.49;Back a rival claimant to [debtor_target.PrimaryTitle.GetName];;;;;;;;;;;;;x
EVTOPTFbankruptcy.49B;Fund my own claim to [debtor_target.PrimaryTitle.GetName]!;;;;;;;;;;;;;x
TOOLTIPbankruptcy.100;You offer [potential_debt_insurer.GetTitledFirstNameWithDynastyAndTitle] a cheap loan and free mercenaries funded by [Root.Society.GetName], in return for [potential_debt_insurer.GetTitledFirstName] taking on [debtor_target.GetTitledFirstNameWithDynasty]'s debts if [potential_debt_insurer.GetSheHe] wins [debtor_target.PrimaryTitle.GetName];;;;;;;;;;;;;x
EVTOPTGbankruptcy.49;Wait for now;;;;;;;;;;;;;x
EVTOPTHbankruptcy.49;This endeavor has failed;;;;;;;;;;;;;x
EVTOPTIbankruptcy.49;Send in the heavies!;;;;;;;;;;;;;x
TOOLTIPbankruptcy.130;Hired men successfully raid [debtor_target.Capital.Capital.GetName] to recover the debt;;;;;;;;;;;;;x
TOOLTIPbankruptcy.132;The heavies successfully fail to recover the debt;;;;;;;;;;;;;x
EVTOPTJbankruptcy.49;Offer to cancel debt in exchange for an artifact;;;;;;;;;;;;;x
TOOLTIPbankruptcy.220;You send a letter offering to cancel [This.GetTitledFirstName]'s debt in exchange for transferring [artifact_debt.GetName] to the bank;;;;;;;;;;;;;
EVTDESCbankruptcy.50;Your mision to recover a debt is no longer valid;;;;;;;;;;;;;x
EVTDESCbankruptcy.51;[Root.PrimaryTitle.GetFOA], I write on behalf of [debtor_target.GetLoanBank] to express the anger at the actions of your [debtor_target.GetRootRelation] [debtor_target.GetTitledFirstNameWithDynasty]. They have refused to honour a debt, and I urge you to take appropriate action.\nSigned,\n [From.GetTitledFirstNameWithDynasty];;;;;;;;;;;;;x
EVTDESCbankruptcy.51B;[Root.PrimaryTitle.GetFOA], I write on behalf of [debtor_target.GetLoanBank] to express the consternation at the actions of your [debtor_target.GetRootRelation] [debtor_target.GetTitledFirstNameWithDynasty]. They have failed to pay the due interest on a loan, and I urge you to take appropriate action.\nSigned,\n [From.GetTitledFirstNameWithDynasty] ;;;;;;;;;;;;;x
EVTOPTAbankruptcy.51;I will order my [debtor_target.GetRootRelation] to pay this debt;;;;;;;;;;;;;x
opinion_ordered_loan_payment;Ordered Loan Payment;;;;;;;;;;;;;x
EVTOPTBbankruptcy.51;I'll pay the interest on behalf of my [debtor_target.GetRootRelation];;;;;;;;;;;;;x
opinion_paid_my_interest;Paid my loan interest;;;;;;;;;;;;;x
EVTOPTCbankruptcy.51;I shall issue a reprimand;;;;;;;;;;;;;x
opinion_reprimanded_me;Reprimanded Me;;;;;;;;;;;;;x
EVTOPTDbankruptcy.51;Placate the envoy with smooth words;;;;;;;;;;;;;x
opinion_supported_me;Supported Me;;;;;;;;;;;;;x
EVTOPTEbankruptcy.51;I don't see why this concerns me;;;;;;;;;;;;;x
TOOLTIPbankruptcy.51DEFAULT;§YBanks and other creditors will view you with distrust, increasing the interest you pay on future loans§!;;;;;;;;;;;;;x
EVTDESCbankruptcy.52;[Root.GetTitledFirstNameNoRegnal], I am displeased to hear that you have refused to honour a debt to [Root.GetLoanBank]. Envoys are petitioning me to take action, and so I hereby order you to pay the debt owed.\nSigned,\n [From.GetTitledFirstNameWithDynasty];;;;;;;;;;;;;x
EVTOPTAbankruptcy.52;Fine, I will do as commanded [From.PrimaryTitle.GetFOA];;;;;;;;;;;;;x
TOOLTIPbankruptcy.52;The full loan of §Y[Root.loan_amount.GetVaue]§!¤is paid off at an interest rate of §Y35%§!;;;;;;;;;;;;;x
EVTOPTBbankruptcy.52;No, I refused for a reason!;;;;;;;;;;;;;x
EVTDESCbankruptcy.53;[Root.PrimaryTitle.GetFOA], though it does grieve me so, I will do as commanded and honour the debt owed to the bank.\nSigned,\n [From.GetTitledFirstNameWithDynasty];;;;;;;;;;;;;x
EVTOPTAbankruptcy.53;Good, the bank will be placated;;;;;;;;;;;;;x
EVTDESCbankruptcy.54;Inform envoy debtor paid;;;;;;;;;;;;;x
EVTOPTAbankruptcy.54;[Root.PrimaryTitle.GetFOA], me and my council take matters of debts to [Root.Society.GetName] seriously, and so have ordered [From.GetTitledFirstNameWithDynasty] to pay the debt owed to your bank. [From.GetSheHeCap] has agreed to this order.\nSigned,\n [FromFrom.GetTitledFirstNameWithDynasty];;;;;;;;;;;;;x
EVTDESCbankruptcy.55;[Root.PrimaryTitle.GetFOA], I will not pay a single gold coin to that bank, their claims of debts owed are nothing but lies and deceit.\nSigned,\n [From.GetTitledFirstNameWithDynasty];;;;;;;;;;;;;x
EVTOPTAbankruptcy.55;But I commanded it!;;;;;;;;;;;;;x
EVTDESCbankruptcy.56;[Root.PrimaryTitle.GetFOA], whilst me and my council take matters of debts to [Root.Society.GetName] seriously, [From.GetTitledFirstNameWithDynasty] has refused to follow a command to pay the debt to your bank.\nSigned,\n [FromFrom.GetTitledFirstNameWithDynasty];;;;;;;;;;;;;x
EVTOPTAbankruptcy.56;We will have to take matters further then;;;;;;;;;;;;;x
EVTDESCbankruptcy.57;[Root.GetTitledFirstNameNoRegnal], I am concerned to hear that you have failed to keep up on payments on a debt to [Root.GetLoanBank]. In order to keep good relations between [Root.GetLoanBank] and [From.PrimaryTitle.GetName] I have paid the interest on your behalf.\nSigned,\n [From.GetTitledFirstNameWithDynasty];;;;;;;;;;;;;x
EVTOPTAbankruptcy.57;This is a bit humiliating;;;;;;;;;;;;;x
EVTDESCbankruptcy.58;[Root.PrimaryTitle.GetFOA], me and my council have decided that we greatly value our relationship with [Root.Society.GetName], and so have decided to pay the interest owed on behalf of [debtor_target.GetTitledFirstNameWithDynasty].\nSigned,\n [From.GetTitledFirstNameWithDynasty];;;;;;;;;;;;;x
EVTOPTAbankruptcy.58;That is most generous [From.PrimaryTitle.GetFOA];;;;;;;;;;;;;x
EVTDESCbankruptcy.59;[Root.GetTitledFirstNameNoRegnal], I am concerned to hear that you have failed to keep up on payments on a debt to [Root.GetLoanBank]. Me and my council would like to declare our displeasure at your actions, and urge you to better manage your domains in future so that the reputation of [From.PrimaryTitle.GetName] is not further sullied.\nSigned,\n [From.GetTitledFirstNameWithDynasty];;;;;;;;;;;;;x
EVTOPTAbankruptcy.59;Was this humiliation neccessary?;;;;;;;;;;;;;x
opinion_failed_bank_payment;Failed to Pay Debt to a Bank;;;;;;;;;;;;;x
EVTDESCbankruptcy.60;[Root.PrimaryTitle.GetFOA], me and my council take matters of debts to [Root.Society.GetName] seriously, and so have issued a reprimand to [debtor_target.GetTitledFirstNameWithDynasty] for failing to pay [debtor_target.GetHerHis] debts. I trust the bank will be satisfied with this.\nSigned,\n [From.GetTitledFirstNameWithDynasty];;;;;;;;;;;;;x
EVTOPTAbankruptcy.60;You have done what you can;;;;;;;;;;;;;x
EVTDESCbankruptcy.61;[Root.PrimaryTitle.GetFOA], [Root.Society.GetName]'s claim to this debt is most revealing, and do know that I take your concerns seriously. I am certain [debtor_target.GetTitledFirstNameWithDynasty] will pay for [debtor_target.GetHerHis] debt one way or another, whether through just recourse or otherwise.\nYours truly,\n[From.GetTitledFirstNameWithDynasty];;;;;;;;;;;;;x
EVTOPTAbankruptcy.61;This letter placates me;;;;;;;;;;;;;x
EVTDESCbankruptcy.62;To the envoy of [Root.Society.GetName], the matter of debts claimed by [Root.Society.GetName] against [debtor_target.GetTitledFirstNameWithDynasty] are not a concern for me or my council. I will not get involved, and urge you to not bring such trivialities before me again.\nSigned,\n [From.GetTitledFirstNameWithDynasty];;;;;;;;;;;;;x
EVTOPTAbankruptcy.62;This lack of concern is most displeasing;;;;;;;;;;;;;x
EVTDESCbankruptcy.65;Your delegation has arrived in [debtor_target.Capital.GetName]. You have been presented to [debtor_target.GetTitledFirstNameWithDynasty] and can now speak on behalf of [Root.Society.GetName] about the unpaid debt.;;;;;;;;;;;;;x
EVTOPTAbankruptcy.65;I shall offer a fair compromise;;;;;;;;;;;;;x
TOOLTIPbankruptcy.66;You offer to extend the loan of §Y[This.loan_amount.GetVaue]§!¤for §Y3§! years, in exchange for increasing the increase interest by §Y10%§! and a small amount of compensation;;;;;;;;;;;;;x
EVTOPTBbankruptcy.65;We would be willing to negotiate;;;;;;;;;;;;;x
TOOLTIPbankruptcy.66;You offer to extend the loan of §Y[This.loan_amount.GetVaue]§!¤for §Y3§! years, in exchange for increasing the increase interest to §Y35%§! and a small amount of compensation;;;;;;;;;;;;;x
EVTOPTCbankruptcy.65;I demand full payment!;;;;;;;;;;;;;x
TOOLTIPbankruptcy.70;You issue a demand for the full debt to be paid at an increased interest rate, threatening action if this is not done;;;;;;;;;;;;;x
EVTOPTDbankruptcy.65;I must try to reason with [debtor_target.GetHerHim];;;;;;;;;;;;;x
TOOLTIPbankruptcy.73;You try to persuade [debtor_target.GetTitledFirstName] to pay full debt at an increased interest rate;;;;;;;;;;;;;x
EVTDESCbankruptcy.66;A delegation from [Root.GetLoanBank] led by [From.GetBankEnvoyTitle] [From.GetFirstNameWithDynasty] has arrived in [Root.Capital.GetName]. [From.GetSheHeCap] is seeking a resolution to the unpaid debt, and is offering a compromise which [From.GetSheHe] says will satisfy both parties.;;;;;;;;;;;;;x
EVTDESCbankruptcy.66B;A delegation from [Root.GetLoanBank] led by [From.GetBankEnvoyTitle] [From.GetFirstNameWithDynasty] has arrived in [Root.Capital.GetName]. [From.GetSheHeCap] is protesting at what [From.GetSheHe] considers a dishonoured debt, but is offering a deal which [From.GetSheHe] says will satsify the bank.;;;;;;;;;;;;;x
EVTDESCbankruptcy.66C;A delegation from [Root.GetLoanBank] led by [From.GetBankEnvoyTitle] [From.GetFirstNameWithDynasty] has arrived in [Root.Capital.GetName]. [From.GetSheHeCap] is protesting at what [From.GetSheHe] considers illegal looting of the bank, but is offering a peace deal which [From.GetSheHe] says will satsify the bank.;;;;;;;;;;;;;x
EVTOPTAbankruptcy.66;This would seem fair, I accept;;;;;;;;;;;;;x
EVTOPTBbankruptcy.66;It may satisfy you, but not me;;;;;;;;;;;;;x
opinion_rejected_delegation;Rejected Bank Delegation;;;;;;;;;;;;;x
EVTOPTCbankruptcy.66;Guards, seize this [From.GetManWoman]!;;;;;;;;;;;;;x
EVTDESCbankruptcy.67;[From.GetTitledFirstNameNoRegnal] saw the obvious fairness of the deal offered, and has agreed on the new terms of [From.GetHerHis] debt to [Root.Society.GetName].;;;;;;;;;;;;;x
EVTOPTAbankruptcy.67;A wise choice, [From.PrimaryTitle.GetFOA];;;;;;;;;;;;;x
EVTDESCbankruptcy.68;Despite the more than fair terms offered, [From.GetTitledFirstNameNoRegnal] has rebuffed any attempt to negotiate a compromise on [From.GetHerHis] debt.;;;;;;;;;;;;;x
EVTOPTAbankruptcy.68;The bank will not be so fair in future [From.PrimaryTitle.GetFOA]!;;;;;;;;;;;;;x
EVTDESCbankruptcy.69;In an outrageous action against a diplomatic envoy, [From.GetTitledFirstNameNoRegnal] has had been imprisoned!;;;;;;;;;;;;;x
EVTOPTAbankruptcy.69;You will regret this!;;;;;;;;;;;;;x
EVTDESCbankruptcy.70;A delegation from [Root.GetLoanBank] led by [From.GetBankEnvoyTitle] [From.GetFirstNameWithDynasty] has arrived in [Root.Capital.GetName]. [From.GetSheHeCap] is seeking payment of the defaulted debt. When presented before you [From.GetSheHe] presents veiled threats of direct action unless the interest owed is paid immediately.;;;;;;;;;;;;;x
EVTDESCbankruptcy.70B;A delegation from [Root.GetLoanBank] led by [From.GetBankEnvoyTitle] [From.GetFirstNameWithDynasty] has arrived in [Root.Capital.GetName]. [From.GetSheHeCap] is seeking payment of the supposed debt owed to the bank. When presented before you [From.GetSheHe] presents veiled threats of direct action unless the full amount they claim is paid immediately.;;;;;;;;;;;;;x
EVTDESCbankruptcy.70C;A delegation from [Root.GetLoanBank] led by [From.GetBankEnvoyTitle] [From.GetFirstNameWithDynasty] has arrived in [Root.Capital.GetName]. [From.GetSheHeCap] is seeking recovery of gold and items which the bank considerd to be illegaly stolen, and when presented before you [From.GetSheHe] presents veiled threats of direct action unless the full amount they claim is paid immediately.;;;;;;;;;;;;;x
EVTOPTAbankruptcy.70;We better do what they ask, lest they move against me;;;;;;;;;;;;;x
EVTOPTBbankruptcy.70;I will not be threatened, leave now!;;;;;;;;;;;;;x
EVTOPTCbankruptcy.70;How dare you! Guards, seize this [From.GetManWoman]!;;;;;;;;;;;;;x
EVTDESCbankruptcy.71;[From.GetTitledFirstNameNoRegnal] must of been wary of the power of [Root.Society.GetName], for [From.GetSheHe] has agreed to pay the debt under your threat of further action.;;;;;;;;;;;;;x
EVTOPTAbankruptcy.71;[From.GetSheHe] has made a wise choice;;;;;;;;;;;;;x
EVTDESCbankruptcy.72;Your attempts to threaten [From.GetTitledFirstNameNoRegnal] failed, payment on the debt was refused and you have been told to leave [From.Capital.GetName] immediately.;;;;;;;;;;;;;x
EVTOPTAbankruptcy.72;[Root.Society.GetName] will have it's due [From.PrimaryTitle.GetFOA]!;;;;;;;;;;;;;x
EVTDESCbankruptcy.73;A delegation from [Root.GetLoanBank] led by [From.GetBankEnvoyTitle] [From.GetFirstNameWithDynasty] has arrived in [Root.Capital.GetName]. [From.GetSheHeCap] is seeking payment of the defaulted debt. When presented before you [From.GetSheHe] trys to persuade you of the seriousness of the debt, and asks profusely for payment.;;;;;;;;;;;;;x
EVTDESCbankruptcy.73B;A delegation from [Root.GetLoanBank] led by [From.GetBankEnvoyTitle] [From.GetFirstNameWithDynasty] has arrived in [Root.Capital.GetName]. [From.GetSheHeCap] is seeking payment of the supposed debt owed to the bank. When presented before you [From.GetSheHe] trys to persuade you of the seriousness of the debt, and asks profusely for payment.;;;;;;;;;;;;;x
EVTDESCbankruptcy.73C;A delegation from [Root.GetLoanBank] led by [From.GetBankEnvoyTitle] [From.GetFirstNameWithDynasty] has arrived in [Root.Capital.GetName]. [From.GetSheHeCap] is seeking recovery of gold and items which the bank considerd to be illegaly stolen, and when presented before you [From.GetSheHe] trys to persuade you of the importance of paying the gold back, in order to preserve order and peace in the world.;;;;;;;;;;;;;x
EVTOPTAbankruptcy.73;I am convinced;;;;;;;;;;;;;x
EVTOPTBbankruptcy.73;I am afraid payment is just not possible;;;;;;;;;;;;;x
EVTOPTCbankruptcy.73;I do not trust your flowery words! Guards, seize [From.GetHerHim]!;;;;;;;;;;;;;x
EVTDESCbankruptcy.74;After lengthy talks, [From.GetTitledFirstNameNoRegnal] was persuaded by your words and arguments. [From.GetSheHeCap] has agreed to pay the debt to [Root.Society.GetName].;;;;;;;;;;;;;x
EVTOPTAbankruptcy.74;Very good;;;;;;;;;;;;;x
EVTDESCbankruptcy.75;Despite lengthy talks, [From.GetTitledFirstNameNoRegnal] was not persuaded by your words and arguments. [From.GetSheHeCap] has refused to pay the debt to [Root.Society.GetName].;;;;;;;;;;;;;x
EVTOPTAbankruptcy.75;[From.PrimaryTitle.GetFOA], the bank will be forced to take further action;;;;;;;;;;;;;x
EVTDESCbankruptcy.81;The assassins sent after [From.GetTitledFirstNameWithDynastyNoRegnal] succeeded. They managed to infiltrate [From.Capital.GetName] and kill the target without being detected.;;;;;;;;;;;;;x
EVTOPTAbankruptcy.81;Good, now perhaps [From.GetHerHis] heir will be more ameanable;;;;;;;;;;;;;x
EVTDESCbankruptcy.83;The assassins sent after [From.GetTitledFirstNameWithDynastyNoRegnal] failed. Most were slain by guards before managing to reach the target, but at least there was no evidence of the banks involvement.;;;;;;;;;;;;;x
EVTOPTAbankruptcy.83;Very well;;;;;;;;;;;;;x
EVTDESCbankruptcy.86;Whilst it was a hefty expense for [Root.Society.GetName], [From.GetTitledFirstNameWithDynastyNoRegnal] has been duly eliminated by the assassin.;;;;;;;;;;;;;x
EVTOPTAbankruptcy.86;[From.GetHerHisCap] heir will surely answer the bank now;;;;;;;;;;;;;x
EVTDESCbankruptcy.87;News on the unpaid debt [Root.PrimaryTitle.GetFOA], [From.GetTitledFirstNameWithDynasty] has the paid debt owed to [Root.Society.GetName] by [From.GetHerHis] defaulting predeccesor.;;;;;;;;;;;;;x
EVTOPTAbankruptcy.87;Excellent, my work is done;;;;;;;;;;;;;x
EVTDESCbankruptcy.88;[Root.PrimaryTitle.GetFOA], [From.GetTitledFirstNameWithDynasty] has inherited the debt owed to [Root.Society.GetName] that you are seeking, and has failed to pay much like [From.GetHerHis] predeccesor.;;;;;;;;;;;;;x
EVTOPTAbankruptcy.88;Well I will just have to get it off [From.GetHerHim] then;;;;;;;;;;;;;x
EVTDESCbankruptcy.90;The high council of [Root.Society.GetName] has convened to decide an important matter. [From.GetTitledFirstNameWithDynastyAndTitle] has failed to pay interest on a loan of [From.loan_amount.GetValue]¤from [Root.Society.GetName]. How would you like to vote on how to proceed?;;;;;;;;;;;;;x
EVTDESCbankruptcy.90B;The high council of [Root.Society.GetName] has convened to decide an important matter. [From.GetTitledFirstNameWithDynastyAndTitle] failed to pay interest on loan of [From.loan_amount.GetValue]¤from [Root.Society.GetName], and subsequently imprisoned one of our envoys! How would you like to vote on how to proceed?;;;;;;;;;;;;;x
EVTDESCbankruptcy.90C;The high council of [Root.Society.GetName] has convened to decide an important matter. [From.GetTitledFirstNameWithDynastyAndTitle] has refused to honour a loan of [From.loan_amount.GetValue]¤from [Root.Society.GetName]. How would you like to vote on how to proceed?;;;;;;;;;;;;;x
EVTDESCbankruptcy.90D;The high council of [Root.Society.GetName] has convened to decide an important matter. [From.GetTitledFirstNameWithDynastyAndTitle] has refused to honour a loan of [From.loan_amount.GetValue]¤from [Root.Society.GetName], and subsequently imprisoned one of our envoys! How would you like to vote on how to proceed?;;;;;;;;;;;;;x
EVTOPTAbankruptcy.90;I vote to take action;;;;;;;;;;;;;x
bank_votes_for;Votes in Favour of Action;;;;;;;;;;;;;x
EVTOPTBbankruptcy.90;I vote to leave this be;;;;;;;;;;;;;x
EVTDESCbankruptcy.91;[From.GetTitledFirstNameWithDynastyAndTitle] has failed to pay interest on a loan of [From.loan_amount.GetValue]¤from [Root.Society.GetName], and the High Council has voted on how to proceed.;;;;;;;;;;;;;x
EVTOPTAbankruptcy.91;The council voted for action;;;;;;;;;;;;;x
EVTOPTBbankruptcy.91;The council voted to do nothing;;;;;;;;;;;;;x
TOOLTIPbankruptcy.91FOR;[This.GetSocietyRank] [This.GetFirstNameWithDynasty] voted §GFOR§!;;;;;;;;;;;;;x
TOOLTIPbankruptcy.91AGAINST;[This.GetSocietyRank] [This.GetFirstNameWithDynasty] voted §RAGAINST§!;;;;;;;;;;;;;x
EVTDESCbankruptcy.125;The banker of [Root.Society.GetName] has arrived in [Root.Capital.GetName], [new_banker.GetSheHe] goes by the name of [new_banker.GetTitledFirstNameWithDynasty].;;;;;;;;;;;;;x
EVTOPTAbankruptcy.125;I trust you will be useful;;;;;;;;;;;;;x
EVTTITLEbankruptcy.126;[Root.Society.GetName];;;;;;;;;;;;;x
EVTDESCbankruptcy.126;With much pomp and ceremony, your new bank has been officially opened. [Root.GetNobleName]s from all around [Root.Capital.GetName] have gathered at the grand new bank building, and have been given a tour of the impressive vaults and chambers that will hold your initial pile of gold. Scribes and coinmasters have been hired, and are ready to begin issuing loans.;;;;;;;;;;;;;x
EVTOPTAbankruptcy.126;May [Root.Society.GetName] be prosperous.;;;;;;;;;;;;;x
EVTTITLEbankruptcy.127;[From.Society.GetName];;;;;;;;;;;;;x
EVTDESCbankruptcy.127;[Root.PrimaryTitle.GetFOA], a new bank has been established in [From.Capital.GetName]. [From.GetTitledFirstNameWithDynastyAndTitle] has used [From.GetHerHis] wealth to found [From.Society.GetName], and has built a grand new bank building in the city to house vaults of coin. This new bank is now ready to issue loans to interested parties.;;;;;;;;;;;;;x
EVTOPTAbankruptcy.127;Interesting news;;;;;;;;;;;;;x
EVTDESCbankruptcy.128;[Root.PrimaryTitle.GetFOA], our fledgling new bank has granted one of its first loans. [From.GetTitledFirstNameWithDynastyAndTitle] has taken a loan of [From.loan_amount.GetValue]¤from [Root.Society.GetName].;;;;;;;;;;;;;x
EVTOPTAbankruptcy.128;May this be the first of many;;;;;;;;;;;;;x
GetLoanBank_Society;[This.loan_bank.GetName];;;;;;;;;;;;;x
GetLoanBank_Generic;the Bank;;;;;;;;;;;;;x
EVTDESCbankruptcy.130 ;In the dead of night, a gang of armed thugs has raided [Root.Capital.Capital.GetName]! The guards were too slow to stop the intruders stealing many valuables from the [Root.GetCapitalHolding], including jewellery, tapestries, weapons and faimly heirlooms. No doubt they were sent by [Root.GetLoanBank].;;;;;;;;;;;;;x
EVTOPTbankruptcy.130;How dare they enter my [Root.GetCapitalHolding] like this!;;;;;;;;;;;;;x
EVTDESCbankruptcy.131;The gang of armed thieves you hired to raid [Root.Capital.Capital.GetName] succeeded! The guards were too slow to stop the men stealing many valuables from the [Root.GetCapitalHolding], including jewellery, tapestries, weapons and faimly heirlooms. The debt owed has been recovered for the [Root.Society.GetName].;;;;;;;;;;;;;x
EVTOPTAbankruptcy.131;The [Root.Society.GetName] has it's due;;;;;;;;;;;;;x
EVTOPTBbankruptcy.131;Hmm, I think I will keep this for myself;;;;;;;;;;;;;x
EVTDESCbankruptcy.132;In the dead of night, a gang of armed thugs has attempted to raid [Root.Capital.Capital.GetName]! They seemed intent on stealing as much as possible from [Root.GetCapitalHolding], but the guards managed to fend them off before they could take anything valuable. One captured thief admitted under questioning to be sent by [Root.GetLoanBank].;;;;;;;;;;;;;x
EVTOPTbankruptcy.132;They will regret this!;;;;;;;;;;;;;x
EVTDESCbankruptcy.133;The gang of armed thieves you hired to raid [Root.Capital.Capital.GetName] failed! They tried to find the valuables hidden in the [Root.GetCapitalHolding], but the guards managed to fend them off before they could take anything valuable.;;;;;;;;;;;;;x
EVTOPTAbankruptcy.133;That is regretable;;;;;;;;;;;;;x
EVTDESCbankruptcy.137;[Root.PrimaryTitle.GetFOA] and [Root.GetSocietyRank], [Root.GetTitledFirstNameNoRegnal],\n\nA council of the [Root.Society.GetNameCap] has agreed that it would be beneficial for you to spend some time working with the bank. We urge you to come do this work so that you can learn the intricacies of the bank's dealings.\n\nSigned, [From.GetSocietyRank] [From.GetFirstNameWithDynasty];;;;;;;;;;;;;x
quest_work_at_bank;Work With the Bank;;;;;;;;;;;;;x
quest_work_at_bank_fallback;Work With the Bank;;;;;;;;;;;;;x
quest_work_at_bank_desc;The Bank has tasked you with working at the bank so that you can learn it's mechanisms and methods.;;;;;;;;;;;;;x
quest_work_at_bank_tooltip;You will work at the bank for one year, during which time you will need a regent to manage your domain.;;;;;;;;;;;;;x
TOOLTIPbankruptcy.137;You will work at the [Root.Society.GetName] for one year, during which time you will need a regent to manage your domain.\n This will likely increase you stewardship skill.;;;;;;;;;;;;;x
working_at_bank;Working at a Bank;;;;;;;;;;;;;x
working_at_bank_desc;This character is currently working at a bank;;;;;;;;;;;;;x
EVTDESCbankruptcy.138;Your time working with [Root.Society.GetName] is coming to an end, and it has been most enlightening for you. Your skills in mananging coin and administering accounts have improved massively, and most of the scribes and coinmasters will be sad to lose your new found expertise.;;;;;;;;;;;;;x
EVTOPTAbankruptcy.138;I am a coinmaster;;;;;;;;;;;;;x
EVTDESCbankruptcy.139;After a year of working at [Root.Society.GetName], your finally fully understand the workings and processes. You spent time administering debts and counting coin, and your skill in stewardship has improved.;;;;;;;;;;;;;x
EVTOPTAbankruptcy.139;I shall put this new skill to good use;;;;;;;;;;;;;x
EVTDESCbankruptcy.140;Your time working at [Root.Society.GetName] was gruelling, and at times difficult to comprehend. The finer workings of debt collection and the counting of the coin seemed obtuse, but you have gained some useful insights into stewardship nonetheless.;;;;;;;;;;;;;x
EVTOPTAbankruptcy.140;This has been a challenging year;;;;;;;;;;;;;x
EVTDESCbankruptcy.141;Your year at [Root.Society.GetName] is finally over, and the scribes and coinmasters will be glad to see you go. You could not grasp the finer nuances of the administration of the bank, and was more a hindrance that a help in your time there.;;;;;;;;;;;;;x
EVTOPTAbankruptcy.141;Well I'll be glad to leave as well;;;;;;;;;;;;;x
EVTDESCbankruptcy.142;The demands that [Root.Society.GetName] are placing on you are starting to become very burdensome. You are having to work long hours to get your tasks done, and are starting to feel under pressure.;;;;;;;;;;;;;x
EVTOPTAbankruptcy.142;I'll get through this;;;;;;;;;;;;;x
EVTDESCbankruptcy.143;During your time working at [Root.Society.GetName], you have become friendly with [bank_friend.GetTitledFirstNameWithDynastyNoRegnal]. You work together and help eachother immensely with your tasks at the bank.;;;;;;;;;;;;;x
EVTOPTAbankruptcy.143;What a fine [bank_friend.GetManWoman];;;;;;;;;;;;;x
EVTDESCbankruptcy.144;During your time working at [Root.Society.GetName], you have become friendly with [From.GetTitledFirstNameWithDynastyNoRegnal]. You work together and help eachother immensely with your tasks at the bank.;;;;;;;;;;;;;x
EVTOPTAbankruptcy.144;What a fine [From.GetManWoman];;;;;;;;;;;;;x
EVTDESCbankruptcy.145;[Root.Society.GetName] has many people working at it, but you are sure none more contemptible than [bank_rival.GetTitledFirstNameWithDynastyNoRegnal]. You both stop at nothing to prove yourself better, and you can't help but hide the disdain you have for [bank_rival.GetHerHim].;;;;;;;;;;;;;x
EVTOPTAbankruptcy.145;What an odious individual;;;;;;;;;;;;;x
EVTDESCbankruptcy.146;[Root.Society.GetName] has many people working at it, but you are sure none more contemptible than [From.GetTitledFirstNameWithDynastyNoRegnal]. You both stop at nothing to prove yourself better, and you can't help but hide the disdain you have for [From.GetHerHim].;;;;;;;;;;;;;x
EVTOPTAbankruptcy.146;What a [GetRootFromInsult] ;;;;;;;;;;;;;x
EVTDESCbankruptcy.147;Whilst at [Root.Society.GetName] you have developed a ....close working relationship with [bank_lover.GetTitledFirstNameWithDynastyNoRegnal]. The more you get to know eachother the more the mutual attraction becomes obvious, and the more time you spend with eachother....;;;;;;;;;;;;;x
EVTOPTAbankruptcy.147;I think I'm in love;;;;;;;;;;;;;x
EVTOPTBbankruptcy.147;This fling will be over when I leave;;;;;;;;;;;;;x
EVTDESCbankruptcy.148;Whilst overseeing the transfer of a large payment of coin for [Root.Society.GetName] you have made a grave error. Upon its arrival at the bank you find a large portion of the coin is missing. You try to explain to the scribes how it happened, but are at a loss.;;;;;;;;;;;;;x
EVTOPTAbankruptcy.148;Someone must of stolen it I'm sure!;;;;;;;;;;;;;x
EVTDESCbankruptcy.149;The scribes and coinmasters are most impressed with your work at [Root.Society.GetName], your efficient coin counting and writing of accounts has benefitted the bank greatly. The High Council have approved a payment of coin as a reward for this service.;;;;;;;;;;;;;x
EVTOPTAbankruptcy.149;I am grateful;;;;;;;;;;;;;x
TOOLTIPbankruptcy.30;The scribes will determine if you have enough coin to invest;;;;;;;;;;;;;x
offer_cheap_loan;Offer Cheap Loan;;;;;;;;;;;;;x
offer_cheap_loan_desc;If [Root.GetTitledFirstNameWithDynastyNoRegnal] is in conflict with the debtor of a rival bank, we can offer a cheap to loan to try and cause problems for that bank.;;;;;;;;;;;;;x
offer_cheap_loan_power_desc;If a ruler is in conflict with the debtor of a rival bank, we can offer a cheap to loan to try and cause problems for that bank.;;;;;;;;;;;;;x
TOOLTIPoffer_cheap_loanONGOING;Is NOT currently offering a cheap loan;;;;;;;;;;;;;x
TOOLTIPbankruptcy.160;[Root.GetTitledFirstNameWithDynastyNoRegnal] is offered a §Y10%§! interest loan for [Root.GetHerHis] conflict against [FromFrom.GetTitledFirstNameWithDynastyNoRegnal], who is in debt to §Y[FromFrom.loan_bank.GetName]§!;;;;;;;;;;;;;x
EVTDESCbankruptcy.160;[Root.PrimaryTitle.GetFOA], on behalf of [FromFrom.Society.GetName] I wish to offer you a loan with terms I'm sure you'll find favourable. This is to aid in your conflict with [loan_enemy_target.GetTitledFirstNameWithDynastyNoRegnal], who is in debt to our rival [loan_enemy_target.loan_bank.GetName].\nRegards\n[FromFrom.GetSocietyRank] [FromFrom.GetFirstNameWithDynasty];;;;;;;;;;;;;x
EVTOPTAbankruptcy.160;This seems like a good deal;;;;;;;;;;;;;x
EVTOPTBbankruptcy.160;I have no need for a loan;;;;;;;;;;;;;x
EVTDESCbankruptcy.161;[Root.PrimaryTitle.GetFOA], I am glad to accept your offer of a loan from [Root.Society.GetName] on the suggested terms. I shall use the coin to good effect against [loan_enemy_target.GetTitledFirstNameWithDynastyNoRegnal].\nSigned,\n[From.GetTitledFirstNameWithDynasty];;;;;;;;;;;;;x
EVTDESCbankruptcy.162;[Root.PrimaryTitle.GetFOA], although I am grateful to [Root.Society.GetName] for the offer, I do not need the coin at this time.\nSigned,\n[From.GetTitledFirstNameWithDynasty];;;;;;;;;;;;;x
EVTDESCbankruptcy.163;[Root.PrimaryTitle.GetFOA], it has come to our attention that our enemy [From.GetTitledFirstNameWithDynastyAndTitleNoRegnal] has obtained a cheap loan from [FromFromFrom.Society.GetName], who are no doubt seeking to undermine debtors of their rival bank, [Root.loan_bank.GetName].;;;;;;;;;;;;;x
EVTOPTAbankruptcy.163;This is underhand I must say;;;;;;;;;;;;;x
TOOLTIPoffer_cheap_loanWAR;[Root.GetTitledFirstName] would find the gold useful in their war effort;;;;;;;;;;;;;x
TOOLTIPoffer_cheap_loanPRISONER;[Root.GetTitledFirstName] is a prisoner and needs gold to pay their ransom;;;;;;;;;;;;;x
EVTDESCbankruptcy.164;[Root.PrimaryTitle.GetFOA], it has come to the attention of the bank's council that [From.GetTitledFirstNameWithDynastyAndTitleNoRegnal] has obtained a cheap loan from our rivals [FromFromFrom.Society.GetName], for their war against our debtor [loan_enemy_target.GetTitledFirstNameWithDynastyAndTitleNoRegnal].;;;;;;;;;;;;;x
EVTOPTAbankruptcy.164;How dare they undermine our debtors!;;;;;;;;;;;;;x
TOOLTIPbankruptcy.160B;A 5 year loan is taken from §Y[FromFromFrom.Society.GetName]§! ;;;;;;;;;;;;;x
EVTDESCbankruptcy.170;[From.Location.GetName] is home to [looted_bank.GetName], and during your sacking of the city your men have located some of the bank's vaults! All the coin and gold found there is promptly taken out and loaded into carts ready to be taken back to [Root.Capital.GetName].;;;;;;;;;;;;;x
EVTOPTAbankruptcy.170;A fine haul!;;;;;;;;;;;;;x
TOOLTIPbankruptcy.170;Outraged at this action, banks will §Rrefuse§! to grant loans to you.\n[looted_bank.GetName] will consider the looted gold a §Ydebt§! to be repaid, and will likely §Ypursue§! it.;;;;;;;;;;;;;x
EVTOPTBbankruptcy.170;No, I will not risk angering [looted_bank.GetName];;;;;;;;;;;;;x
bank_looted;Bank Looted;;;;;;;;;;;;;x
bank_looted_b;Bank Looted;;;;;;;;;;;;;x
bank_looted_b_stacked;Bank Looted;;;;;;;;;;;;;x
EVTDESCbankruptcy.171;[FromFrom.Location.GetName] has fallen to [From.GetTitledFirstNameWithDynastyAndTitleNoRegnal], and during the subsequent sack some of the vaults of  [Root.Society.GetName] have been looted!;;;;;;;;;;;;;x
EVTOPTAbankruptcy.171;This is theft!;;;;;;;;;;;;;x
TOOLTIP_bank_society_join_LOCATION;Must be located in the §Y[This.GetFullName]§!;;;;;;;;;;;;;x
minor_bank;Minor Bank;;;;;;;;;;;;;x
small_bank;Small Bank;;;;;;;;;;;;;x
medium_bank;Medium Bank;;;;;;;;;;;;;x
large_bank;Large Bank;;;;;;;;;;;;;x
powerful_bank;Powerful Bank;;;;;;;;;;;;;x
massive_bank;Massive Bank;;;;;;;;;;;;;x
minor_bank_stacked;Minor Bank;;;;;;;;;;;;;x
small_bank_stacked;Small Bank;;;;;;;;;;;;;x
medium_bank_stacked;Medium Bank;;;;;;;;;;;;;x
large_bank_stacked;Large Bank;;;;;;;;;;;;;x
powerful_bank_stacked;Powerful Bank;;;;;;;;;;;;;x
massive_bank_stacked;Massive Bank;;;;;;;;;;;;;x
EVTDESCbankruptcy.175;Whilst [Root.Society.GetName] is growing in wealth and stature, the bank remains vulnerable to incursions against the city. The high council have agreed that fortifications for bank need to be built in [bank_holding.GetName], and have asked that you oversee this project.;;;;;;;;;;;;;x
TOOLTIPbankruptcy.175;You gain the mission to build fortification for the bank. This project will take up to a year, and you will need a regent from when you start it.;;;;;;;;;;;;;x
quest_bank_build_fortification;Build Fortifications for the Bank in $TARGET$;;;;;;;;;;;;;x
quest_bank_build_fortification_fallback;Build Fortifications for the Bank;;;;;;;;;;;;;x
quest_bank_build_fortification_desc;The Bank needs fortifications to protect it's interest from potential hostile forces.;;;;;;;;;;;;;x
quest_bank_build_fortification_tooltip;A decision to §YBuild Bank Fortifications§! for the bank is available.;;;;;;;;;;;;;x
build_fortification;Build Bank Fortifications;;;;;;;;;;;;;x
build_fortification_desc;Commence the project to build fortifications for the bank;;;;;;;;;;;;;x
TOOLTIPbankruptcy.176;The project to build fortifications for [Root.Society.GetName] is begun. This will take up to a §Yyear§! to complete, during which time you will need a §Yregent§!.;;;;;;;;;;;;;x
EVTDESCbankruptcy.176;You have ordered the start of the project to improve [Root.Society.GetName]'s fortifications. Over the next year you will oversee the improved defenses of both the bank and [bank_capital.GetName] itself.;;;;;;;;;;;;;x
EVTOPTAbankruptcy.176;Let us begin!;;;;;;;;;;;;;x
EVTDESCbankruptcy.178;After months of work, the new fortifications and defenses for [Root.Society.GetName] have been completed. The vaults have been strengthened, and new deeper chambers built. The city walls of [bank_capital.GetName] have also been generously bolstered at the expense of the bank.;;;;;;;;;;;;;x
EVTDESCbankruptcy.178B;After months of work, the new fortifications and defenses for [Root.Society.GetName] have been completed. The vaults have been strengthened, and new deeper chambers built. The city walls of [bank_capital.GetName] have been generously bolstered at the expense of the bank,  and a fleet of powerful ships has been built for the bank to defend the city's harbours.;;;;;;;;;;;;;x
EVTOPTAbankruptcy.178;Excellent!;;;;;;;;;;;;;x
EVTDESCbankruptcy.185;You have seized [From.Location.GetName], and with it control of [target_bank.GetName]. Exiled residents of the city have lost their share, and now you must decide what to do with the bank.;;;;;;;;;;;;;x
EVTOPTAbankruptcy.185;I will take my place as shareholder;;;;;;;;;;;;;x
EVTOPTBbankruptcy.185;Take my due in coin;;;;;;;;;;;;;x
EVTDESCbankruptcy.186;[From.GetTitledFirstNameWithDynastyNoRegnal] has seized [FromFrom.Location.GetName], and with it control of [target_bank.GetName]. This has lead to a reorganisation of the bank, and the loss of your share in it. You have managed to recover some of you coin before it was seized however.;;;;;;;;;;;;;x
EVTOPTAbankruptcy.186;I have been denied my property!;;;;;;;;;;;;;x
opinion_seized_bank;Seized my Bank Shares;;;;;;;;;;;;;x
EVTDESCbankruptcy.187;[From.GetTitledFirstNameWithDynastyNoRegnal] has seized [FromFrom.Location.GetName], and with it control of [target_bank.GetName]. This has lead to a reorganisation of the bank, and the forcible removal of some shareholders. Much of the bank's coin was lost in the chaos of the handover.;;;;;;;;;;;;;x
EVTOPTAbankruptcy.187;At least I still have my share;;;;;;;;;;;;;x
TOOLTIPbankruptcy.67A;The loan is extended for §Y3§! years, and §Ycompensation§! paid to [Root.GetLoanBank];;;;;;;;;;;;;x
TOOLTIPbankruptcy_interest_10;The interest rate is increased by §R10%§! (currently [Root.loan_interest.GetValue]%);;;;;;;;;;;;;x
TOOLTIPbankruptcy_interest_35;The interest rate is increased to §R35%§! (currently [Root.loan_interest.GetValue]%);;;;;;;;;;;;;x
TOOLTIPbankruptcy.70A;The outstanding interest is paid in full, and the loan is extended for §Y3§! years;;;;;;;;;;;;;x
TOOLTIPbankruptcy.70B;The loan is repaid in full;;;;;;;;;;;;;x
GetBankName_A;[This.GetBankName_Adjective] Bank;;;;;;;;;;;;;x
GetBankName_B;Bank of [This.GetBankName_Noun];;;;;;;;;;;;;x
GetBankName_C;[This.GetBankName_Adjective_A] Bank of [This.GetBankName_Noun];;;;;;;;;;;;;x
GetBankName_Adjective_A;[This.GetBankName_Adjective_A];;;;;;;;;;;;;x
GetBankName_Adjective_B;[This.GetBankName_Adjective_B];;;;;;;;;;;;;x
GetBankName_Iron;Iron;;;;;;;;;;;;;x
GetBankName_Golden;Golden;;;;;;;;;;;;;x
GetBankName_Ancient;Ancient;;;;;;;;;;;;;x
GetBankName_Jade;Jade;;;;;;;;;;;;;x
GetBankName_Summer;Summer;;;;;;;;;;;;;x
GetBankName_Winter;Winter;;;;;;;;;;;;;x
GetBankName_Spring;Spring;;;;;;;;;;;;;x
GetBankName_New;New;;;;;;;;;;;;;x
GetBankName_Old;Old;;;;;;;;;;;;;x
GetBankName_Culture;[This.Culture.GetName];;;;;;;;;;;;;x
GetBankName_CultureGroup;[This.Culture.GetGroupName];;;;;;;;;;;;;x
GetBankName_Black;Black;;;;;;;;;;;;;x
GetBankName_White;White;;;;;;;;;;;;;x
GetBankName_Red;Red;;;;;;;;;;;;;x
GetBankName_Silver;Silver;;;;;;;;;;;;;x
GetBankName_Saffron;Saffron;;;;;;;;;;;;;x
GetBankName_Royal;Royal;;;;;;;;;;;;;x
GetBankName_Imperial;Imperial;;;;;;;;;;;;;x
GetBankName_Great;Great;;;;;;;;;;;;;x
GetBankName_Free;Free;;;;;;;;;;;;;x
GetBankName_Grand;Grand;;;;;;;;;;;;;x
GetBankName_First;First;;;;;;;;;;;;;x
GetBankName_Storm;Storm;;;;;;;;;;;;;x
GetBankName_Dragon;Dragon;;;;;;;;;;;;;x
GetBankName_PrimaryTitleAdj;[This.PrimaryTitle.GetAdjective];;;;;;;;;;;;;x
GetBankName_Dynasty;[This.GetLastWordInDynastyName];;;;;;;;;;;;;x
GetBankName_of_Capital;[This.Capital.GetName];;;;;;;;;;;;;x
GetBankName_LiegeCapital;[This.Liege.Capital.GetName];;;;;;;;;;;;;x
GetBankName_of_PrimaryTitle;[This.PrimaryTitle.GetName];;;;;;;;;;;;;x
GetBankName_of_Westeros;Westeros;;;;;;;;;;;;;x
GetBankName_of_The_Narrow_Sea;the Narrow Sea;;;;;;;;;;;;;x
GetBankName_of_The_Rhoyne;the Rhoyne;;;;;;;;;;;;;x
GetBankName_of_The_Sarne;the Sarne;;;;;;;;;;;;;x
GetBankName_of_The_Crown;the Crown;;;;;;;;;;;;;x
GetBankName_of_HighGodName;[This.Religion.GetHighGodName];;;;;;;;;;;;;x
GetBankName_of_the_Title;the [This.GetTitle];;;;;;;;;;;;;x
rename_bank;Rename Bank;;;;;;;;;;;;;x
rename_bank_desc;As it's leader, you can rename [Root.Society.GetName].;;;;;;;;;;;;;x
rename_bank_power_desc;As it's leader, the High Councillor can rename the bank.;;;;;;;;;;;;;x
RENAME_BANK_MESSAGE_LOG;What new name would you like to give [This.GetName]?;;;;;;;;;;;;;x
TOOLTIPrename_bank;You will be able to choose a new name (The 'adjective' entry is the bank's lcoation);;;;;;;;;;;;;x
TOOLTIPbankruptcy.126_RENAME;§YNOTE:§! This bank may be §Yrenamed§! using the §Yrename bank§! decision (Right click on your portrait);;;;;;;;;;;;;x
EVTDESC38072;A [bank_envoy.GetBankEnvoyTitle] of [B_loan_bank.GetName] has arrived in [Root.Capital.GetName]. [bank_envoy.GetSheHeCap] is seeking repayment for the debts of my [From.GetRootRelation] [From.GetTitledFirstNameWithDynasty].;;;;;;;;;;;;;x
EVTDESC38072B;An envoy of [B_loan_bank.GetName] has arrived in [Root.Capital.GetName]. They are seeking repayment for the debts of my [From.GetRootRelation] [From.GetTitledFirstNameWithDynasty].;;;;;;;;;;;;;x
EVTDESC38072C;A [bank_envoy.GetBankEnvoyTitle] of [B_loan_bank.GetName] has arrived in [Root.Capital.GetName], and [bank_envoy.GetSheHe] seems quite perturbed. [bank_envoy.GetSheHeCap] informs my court that my [From.GetRootRelation] [From.GetTitledFirstNameWithDynasty] dishonoured the terms of [From.GerHerHis] loan from the bank, and that as [From.GerHerHis] heir I should compensate them for the coin lost...;;;;;;;;;;;;;x
EVTDESC38072D;An envoy from a bank has arrived in [Root.Capital.GetName], and he seems quite perturbed. He informs my court that my [From.GetRootRelation] [From.GetTitledFirstNameWithDynasty] dishonoured the terms of [From.GerHerHis] loan from the bank, and that as [From.GerHerHis] heir I should compensate them for the coin lost...;;;;;;;;;;;;;x
EVTOPTA38072;I will pay off [Root.GetLoanBank] to take on this loan;;;;;;;;;;;;;x
EVTTOOLTIP38072A;Your loan with [Root.GetLoanBank] is paid off, and you take on the loan of §Y[Root.B_loan_amount.GetValue]§!¤ instead;;;;;;;;;;;;;x
EVTOPTB38072;I shall repay them in full;;;;;;;;;;;;;x
EVTTOOLTIP38072B;[From.GetTitledFirstNameWithDynasty]'s loan is paid off;;;;;;;;;;;;;x
EVTOPTC38072;This has nothing to do with me!;;;;;;;;;;;;;x
view_accounts;Review Bank Accounts;;;;;;;;;;;;;x
view_accounts_desc;Review Bank Accounts;;;;;;;;;;;;;x
EVTDESCbankruptcy.200;Your [demanding_bank_shares.GetRootRelation] [demanding_bank_shares.GetTitledFirstNameNoRegnal] has come to your personal study at [Root.Society.GetName] seeking a private word. [demanding_bank_shares.GetSheHeCap] is urging you to split the family's share of the bank among several of your kin upon your death, so as to ensure smooth continued stewardship of the bank.;;;;;;;;;;;;;x
EVTOPTAbankruptcy.200;This would seem a prudent idea;;;;;;;;;;;;;x
TOOLTIPbankruptcy.200;Your shares in [Root.Society.GetName] will be split between a maximum of §Y5§! relatives upon inheritance. If [Root.GetTitledFirstNameWithDynasty] is the §Ysole§! member of shareholder rank, all extra heirs will also become §YShareholders§!, else they will become §YKeyholders§!.\nClose dynasts who can inherit your shares improve their relation of you by §G10§!;;;;;;;;;;;;;x
EVTOPTBbankruptcy.200;No, [current_bank_share_heir.GetTitledFirstNameNoRegnal] shall retain full control;;;;;;;;;;;;;x
TOOLTIPbankruptcy.200B;Close dynasts who can inherit shares change their relation of you by §R-10§!;;;;;;;;;;;;;x
opinion_likes_bank_share_split;Split Bank Share Inheritance;;;;;;;;;;;;;x
opinion_dislikes_bank_share_split;Split Bank Share Inheritance;;;;;;;;;;;;;x
opinion_refused_bank_share_split;Refused Bank Share Split;;;;;;;;;;;;;x
opinion_defended_bank_share_split;Refused Bank Share Split;;;;;;;;;;;;;x
bank_powers_rank_1;Can be sent to negoatiate loans and collect debts\nCan spend time working at the bank;;;;;;;;;;;;;x
bank_powers_rank_2;Investment of gold needed to advance to this level\nOwns  §Y1§! share in the bank;;;;;;;;;;;;;x
bank_powers_rank_3;Investment of gold needed to advance to this level\nOwns §Y5§! shares in the bank;;;;;;;;;;;;;x
bank_powers_rank_4;Decides on action to be taken against defaulting debtors\nCan gift §YKeyholder§! rank to Envoys\nThe head of the bank decides on the interest rate strategy;;;;;;;;;;;;;x
gift_keyholder;Gift Bank Key;;;;;;;;;;;;;x
gift_keyholder_desc;As a [From.GetSocietyRank] of [From.Society.GetName], you may gift a key to the bank to [Root.GetTitledFirstNameWithDynasty], making them a Keyholder.;;;;;;;;;;;;;x
opinion_gifted_keyholder_rank;Gifted Bank Key;;;;;;;;;;;;;x
EVTDESCbankruptcy.220;[Root.PrimaryTitle.GetFOA], I write on behalf of [debtor_target.GetLoanBank] to express concern at your failiure to pay your debt. The bank is reasonable however, and would be willing to cancel the debt if you transferred [artifact_debt.GetName] into the possession of the bank.\nSigned,\n [From.GetTitledFirstNameWithDynasty] ;;;;;;;;;;;;;x
EVTDESCbankruptcy.220B;[Root.PrimaryTitle.GetFOA], I write on behalf of [debtor_target.GetLoanBank] to express our anger at your refusal to pay your debt. The bank is ready to forgive however, and would be willing to cancel the debt if you transferred [artifact_debt.GetName] into the possession of the bank.\nSigned,\n [From.GetTitledFirstNameWithDynasty] ;;;;;;;;;;;;;x
EVTDESCbankruptcy.220C;[Root.PrimaryTitle.GetFOA], I write on behalf of [debtor_target.GetLoanBank] to express our outrage at your plundering of bank assets. The bank is ready to call a truce however, and would be willing to forgive the gold taken if you transferred [artifact_debt.GetName] into the possession of the bank.\nSigned,\n [From.GetTitledFirstNameWithDynasty] ;;;;;;;;;;;;;x
EVTOPTAbankruptcy.220;This sounds a reasonable bargain;;;;;;;;;;;;;x
TOOLTIPbankruptcy.220A;The debt of [Root.loan_total_repayable.GetValue]¤to [debtor_target.GetLoanBank] is cancelled. In return [artifact_debt.GetName] is transferred to the bank's possession.;;;;;;;;;;;;;x
EVTOPTBbankruptcy.220;I cannot accept this!;;;;;;;;;;;;;x
EVTDESCbankruptcy.221;[From.GetTitledFirstNameWithDynasty] has recognised the generosity of my offer, and has agreed to transfer [artifact_debt.GetName] into the possession of [Root.Society.GetName]. In return [From.GetHerHis] debt to the bank has been cleared.;;;;;;;;;;;;;x
EVTOPTAbankruptcy.221;I am satisfied with this outcome;;;;;;;;;;;;;x
TOOLTIPbankruptcy.221B;[artifact_debt.GetName] is sold to [This.GetTitledFirstNameWithDynastyAndTitle] ;;;;;;;;;;;;;x
TOOLTIPbankruptcy.221C;[artifact_debt.GetName] is sold to a rich local merchant;;;;;;;;;;;;;x
EVTOPTBbankruptcy.221;I will purchase this item!;;;;;;;;;;;;;x
EVTDESCbankruptcy.222;[From.GetTitledFirstNameWithDynasty] has failed to see the wisdom of my offer, and has refused to transfer [artifact_debt.GetName] into the possession of [Root.Society.GetName].;;;;;;;;;;;;;x
EVTOPTAbankruptcy.222;I thought it was a fair bargain;;;;;;;;;;;;;x
EVTOPTE38002;I will pay off half the debt;;;;;;;;;;;;;x
TOOLTIPloan_half_repayment;The debt of [Root.loan_amount.GetValue]¤is reduced by half. The remainder will be due in five years.;;;;;;;;;;;;;x
GetBankEnvoyTitle_Society;[This.GetSocietyRank];;;;;;;;;;;;;x
GetBankEnvoyTitle_Envoy;envoy;;;;;;;;;;;;;x
EVTOPTDbankruptcy.103;These debts will be settled after the war;;;;;;;;;;;;;x
EVTOPTEbankruptcy.103;I cannot claim these debts whilst in prison;;;;;;;;;;;;;x
EVTOPTFbankruptcy.103;There is no-one I can claim this debt from;;;;;;;;;;;;;x
EVTOPTF38071;The bank has sought insurance from [loan_insurer_war.GetFirstNameWithDynasty]!;;;;;;;;;;;;;x
EVTOPTBbankruptcy.33;Do not inform me of new shareholders;;;;;;;;;;;;;x
TOOLTIPbank_investmentallowed;The bank is currently accepting new keyholders (will not accept if cash reserve is already high);;;;;;;;;;;;;x
investment_profits;Investment Profits;;;;;;;;;;;;;x
EVTDESCbankruptcy.231A;In the past months [Root.Society.GetName] has been experiencing a period of great success. The investments made by the bank have proved shrewd and have generated great profits, and a large number of merchants, nobles and even high lords are seeking to deposit their coin in the bank's vaults knowing that they can depend on it's safety.;;;;;;;;;;;;;x
EVTDESCbankruptcy.231B;Under the brilliant leadership of [From.GetTitledFirstNameWithDynasty], [Root.Society.GetName] has been prospering greatly. [From.GetTitledFirstNameNoRegnal] has directed the bank's investments wisely, and has intiated cost saving measures that have seen the bank's profits soar.;;;;;;;;;;;;;x
EVTDESCbankruptcy.231C;[bank_location.GetName] has been prospering in recent times, with merchants, traders and adventurers flocking to the area in search of riches. This has been of great benefit to [Root.Society.GetName], which has seen deposits in the bank soar, and the profits on its investments reap rich dividends.;;;;;;;;;;;;;x
EVTDESCbankruptcy.231D;[From.TopLiege.PrimaryTitle.GetName] has been experiencing an usually long period of peace. Lack of conflict in the area and rich harvests means craftsmen, merchants and farmers can confidently ply their trade, and subsequently employ the services of [Root.Society.GetName]. The bank's profits have been swelling as a result.;;;;;;;;;;;;;x
EVTOPTAbankruptcy.231;Excellent;;;;;;;;;;;;;x
EVTDESCbankruptcy.233A;In the past months [Root.Society.GetName] has been struggling. The investments made by the bank have proved ill-advised and have led to large losses, and a large number of depositers, including important merchants and nobles, are seeking to withdraw their coin from the bank's vaults, citing concerns about the stability of the bank.;;;;;;;;;;;;;x
EVTDESCbankruptcy.233B;The siege of [bank_location.GetName] means [Root.Society.GetName] has been struggling to conduct it's business. Loans granted and deposits received are down, and investments made by the bank within the city are being cut-off by the siege lines.;;;;;;;;;;;;;x
EVTDESCbankruptcy.233C;The outbreak of disease in [bank_location.GetName] means [Root.Society.GetName] has been struggling to conduct it's business. Loans granted and deposits received are down, and investments made by the bank within the city are struggling due to customers avoiding the area.;;;;;;;;;;;;;x
EVTDESCbankruptcy.233D;Under the poor leadership of [From.GetTitledFirstNameWithDynasty], [Root.Society.GetName] has been struggling. [From.GetTitledFirstNameNoRegnal] has wasted the profits gained from the bank's investments, and has intiated measures that have seen the bank's income dented.;;;;;;;;;;;;;x
EVTDESCbankruptcy.233E;[bank_location.GetName] is severely unerpopulated, which means [Root.Society.GetName] has been struggling to conduct it's business. Loans granted and deposits received are down, and investments made by the bank within the city are struggling due to a lack of custom.;;;;;;;;;;;;;x
EVTDESCbankruptcy.233F;The war in [bank_location.GetName] means [Root.Society.GetName] has been struggling to conduct it's business. Loans granted and deposits received are down, and investments made by the bank within the city are being cut-off by roving enemy armies.;;;;;;;;;;;;;x
EVTDESCbankruptcy.233G;[bank_location.GetName] is in the grip of winter, which means the business of [Root.Society.GetName] is in a lull. Loans granted and deposits received are down, and merchants and traders are struggling to travel to the area due to the poor weather.;;;;;;;;;;;;;x
EVTDESCbankruptcy.233H;The people of [bank_location.GetName] are in near open revolt, which means [Root.Society.GetName] has been struggling to conduct it's business. Loans granted and deposits received are down due to customers being harrased by brigands, and traders and merchants are generally avoiding the area for fear of attack.;;;;;;;;;;;;;x
EVTOPTAbankruptcy.233;This is concerning;;;;;;;;;;;;;x
EVTDESCbankruptcy.240A;At what level would you like to set interest rates for [Root.Society.GetName]? Higher rates will see larger returns on loans, but we may be undercut by our competitors. The bank's current rate is set at a high 30%;;;;;;;;;;;;;x
EVTDESCbankruptcy.240B;At what level would you like to set interest rates for [Root.Society.GetName]? Higher rates will see larger returns on loans, but we may be undercut by our competitors. The bank's current rate is set at the normal 25%;;;;;;;;;;;;;x
EVTDESCbankruptcy.240C;At what level would you like to set interest rates for [Root.Society.GetName]? Higher rates will see larger returns on loans, but we may be undercut by our competitors. The bank's current rate is set at a low 15%;;;;;;;;;;;;;x
EVTOPTAbankruptcy.240;High;;;;;;;;;;;;;x
TOOLTIPinterest_strategy_high;[Root.Society.GetName] base interest rate is set at §Y30%§!;;;;;;;;;;;;;x
EVTOPTBbankruptcy.240;Normal;;;;;;;;;;;;;x
TOOLTIPinterest_strategy_normal;[Root.Society.GetName] base interest rate is set at §Y25%§!;;;;;;;;;;;;;x
EVTOPTCbankruptcy.240;Low;;;;;;;;;;;;;x
TOOLTIPinterest_strategy_low;[Root.Society.GetName] base interest rate is set at §Y15%§!;;;;;;;;;;;;;x
TOOLTIPinterest_strategy_high_CURRENT;§Y[This.Society.GetName]§! current interest rate is §Y30%§!;;;;;;;;;;;;;x
TOOLTIPinterest_strategy_high_LOW;§Y[This.Society.GetName]§! current interest rate is §Y15%§!;;;;;;;;;;;;;x
TOOLTIPinterest_strategy_high_NORMAL;§Y[This.Society.GetName]§! current interest rate is §Y25%§!;;;;;;;;;;;;;x
set_interest_strategy;Set Bank Interest Rate Strategy;;;;;;;;;;;;;x
set_interest_strategy_desc;Set Bank Interest Rate Strategy;;;;;;;;;;;;;x
EVTDESC38023;With the running of the realm becoming ruinously expensive, the treasury has become exhausted. The [Root.GetMyTreasurerName], [Root.job_treasurer.GetTitledFirstNameNoRegnal], has suggested we raise a new, higher tax from my [Root.GetNobleName]s. This will no doubt be seen as harsh and punititive.;;;;;;;;;;;;;x
EVTOPTA38023;Raise the tax!;;;;;;;;;;;;;x
EVTOPTB38023;No, that would be tyrannical;;;;;;;;;;;;;x
EVTDESC38024;In order to bolster [From.GetHerHis] exhausted treasury, [From.GetTitledFirstNameNoRegnal] has allowed the [From.GetMyTreasurerName], [From.job_treasurer.GetTitledFirstNameNoRegnal], to raise a new, harsh tax.;;;;;;;;;;;;;x
EVTOPTA38024;This is tyranny!;;;;;;;;;;;;;x
TOOLTIP38023;All your vassals will be forced to contribute towards this tax;;;;;;;;;;;;;x
