#CODE;ENGLISH;FRENCH;GERMAN;;SPANISH;;;;;;;;;x
incompetent_scientist;Novice Scientist;Savant incompétent;Wanderpriester;;Científico incompetente;;;;;;;;;x
incompetent_scientist_desc;The Novice Scientist received a scholarly education but displays no advanced talent beyond basic literacy and science.;Ce personnage a reçu une éducation savante, mais à part apprendre à lire, il n’en a rien retenu.;Der Wanderpriester hat zwar eine kirchliche Ausbildung genossen, aber dabei hat er nur halbwegs Lesen und Schreiben gelernt.;;Este personaje ha recibido una educación científica, pero no muestra talento más allá de la cienca y cultura básica.;;;;;;;;;x
dutiful_academic;Dutiful Academic;Savant soumis;Pflichtbewusster Geistlicher;;Académico obediente;;;;;;;;;x
dutiful_academic_desc;The Dutiful Academic is learned and possessed of beautiful penmanship, but lacks particular skills in advanced scholarship.;Ce personnage est éduqué et doué pour la calligraphie, mais il ne s’intéresse pas particulièrement aux études plus poussées.;Der pflichtbewusste Geistliche ist gebildet und von schöner Federführung wie besessen. Dafür mangelt es ihm aber an theologischem Interesse.;;Este personaje es culto y posee una bella caligrafía, pero no está particularmente interesado en conocimientos más avanzados.;;;;;;;;;x
expert_scientist;Expert Scientist;Savant érudit;Gelehrter Theologe;;Experto científico;;;;;;;;;x
expert_scientist_desc;The Expert Scientist is wise and well read, with a deep understanding of philosophy, science and history.;Ce personnage est sage, lettré et excelle dans les domaines de la philosophie, de l'histoire et de la littérature.;Der gelehrte Theologe ist weise und sehr belesen. Er hat großes Wissen in philosophischen und theologischen Dingen.;;Este personaje es sabio y culto, y posee un conocimiento profundo de filosofía, historia y literatura.;;;;;;;;;x
mastermind_scholar;Mastermind Scholar;Célèbre érudit;Meistertheologe;;Célebre erudito;;;;;;;;;x
mastermind_scholar_desc;The Mastermind Scholar is recognized as one of the top scholars of the Realm, perfect for a Maester's career and as a scholarly teacher.;Ce personnage est considéré comme l’un des grands esprits du Royaume. Il est destiné à devenir mestre ou enseignant. ;Der Meistertheologe wird als einer der besten Gelehrten der Kirche angesehen. Deshalb ist er perfekt für das Amt als Hofkaplan geeignet, und auch als Lehrer in geistlichen Belangen führt an ihm kein Weg vorbei.;;Este personaje es considerado una de las grandes mentes del Reino. Está destinado a convertirse en Maestre o enseñante.;;;;;;;;;x
maester;Maester;Mestre;Maester;Maester;Maestre;;;;;;;;;x
archmaester;Archmaester;Archimestre;Archmaester;Archmaester;Archimaestre;;;;;;;;;x
maester_desc;This character is a chained Maester of the Citadel;Ce personnage arbore la chaîne des mestres de la Citadelle.;;;Este personaje es un maestre de la Ciudadela;;;;;;;;;x
archmaester_desc;This character is an Archmaester of the Citadel, a senior member of the Order.;Ce personnage est un archimestre de la Citadelle, un supérieur de l'Ordre. ;;;Este personaje es un archimaestre de la Ciudadela;;;;;;;;;x
title_archmaester;Archmaester;Archimestre;Archmaester;Archmaester;Archimaestre;;;;;;;;;x
title_maester;Maester;Mestre;Maester;Maester;Maestre;;;;;;;;;x
title_maester_desc;This character is a chained Maester of the Citadel;Ce personnage arbore la chaîne des mestres de la Citadelle.;;;Este personaje lleva la cadena de los maestres de la Ciudadela.;;;;;;;;;x
job_physician;Court Physician;Soigneur;;;Sanador;;;;;;;;;x
job_physician_andal;Maester;Mestre;Maester;Maester;Maestre;;;;;;;;;x
job_physician_iron_isles_culture;Maester;Mestre;Maester;Maester;Maestre;;;;;;;;;x
job_physician_dornish;Maester;Mestre;Maester;Maester;Maestre;;;;;;;;;x
job_physician_high_valyrian;Court Physician;Soigneur;;;Sanador;;;;;;;;;x
job_physician_western_valyrian;Court Physician;Soigneur;;;Sanador;;;;;;;;;x
job_physician_first_men;Maester;Mestre;Maester;Maester;Maestre;;;;;;;;;x
job_physician_moon_clansman;Healer;Soigneur;;;Sanador;;;;;;;;;x
job_physician_rhoynar;Court Physician;Soigneur;;;Sanador;;;;;;;;;x
job_physician_old_andal;Court Physician;Soigneur;;;Sanador;;;;;;;;;x
job_physician_moon_clansman;Healer;Soigneur;;;Sanador;;;;;;;;;x
job_physician_skagosi;Maester;Mestre;Maester;Maester;Maestre;;;;;;;;;x
job_physician_asshai;Maegi;Maegi;;;Maegi;;;;;;;;;x
job_physician_pirate;Court Physician;Soigneur;;;Sanador;;;;;;;;;x
job_physician_corsair;Court Physician;Soigneur;;;Sanador;;;;;;;;;x
city_job_physician_andal;Maester;Mestre;Maester;Maester;Maestre;;;;;;;;;x
city_job_physician_iron_isles_culture;Maester;Mestre;Maester;Maester;Maestre;;;;;;;;;x
city_job_physician_dornish;Maester;Mestre;Maester;Maester;Maestre;;;;;;;;;x
city_job_physician_high_valyrian;Court Physician;Mestre;Maester;Maester;Maestre;;;;;;;;;x
city_job_physician_western_valyrian;Court Physician;Mestre;Maester;Maester;Maestre;;;;;;;;;x
city_job_physician_first_men;Maester;Mestre;Maester;Maester;Maestre;;;;;;;;;x
city_job_physician_moon_clansman;Healer;Soigneur;;;Sanador;;;;;;;;;x
city_job_physician_rhoynar;Court Physician;Soigneur;;;Sanador;;;;;;;;;x
city_job_physician_old_andal;Court Physician;Soigneur;;;Sanador;;;;;;;;;x
city_job_physician_moon_clansman;Healer;Soigneur;;;Sanador;;;;;;;;;x
city_job_physician_skagosi;Maester;Mestre;Maester;Maester;Maestre;;;;;;;;;x
city_job_physician_asshai;Maegi;Maegi;;;Maegi;;;;;;;;;x
city_job_physician_pirate;Court Physician;Soigneur;;;Sanador;;;;;;;;;x
city_job_physician_corsair;Court Physician;Soigneur;;;Sanador;;;;;;;;;x
LP_job_physician_andal;Maester;Mestre;Maester;Maester;Maestre;;;;;;;;;x
LP_job_physician_iron_isles_culture;Maester;Mestre;Maester;Maester;Maestre;;;;;;;;;x
LP_job_physician_dornish;Maester;Mestre;Maester;Maester;Maestre;;;;;;;;;x
LP_job_physician_high_valyrian;Court Physician;Mestre;Maester;Maester;Maestre;;;;;;;;;x
LP_job_physician_western_valyrian;Court Physician;Mestre;Maester;Maester;Maestre;;;;;;;;;x
LP_job_physician_first_men;Maester;Mestre;Maester;Maester;Maestre;;;;;;;;;x
LP_job_physician_moon_clansman;Healer;Soigneur;;;Sanador;;;;;;;;;x
LP_job_physician_rhoynar;Court Physician;Soigneur;;;Sanador;;;;;;;;;x
LP_job_physician_old_andal;Court Physician;Soigneur;;;Sanador;;;;;;;;;x
LP_job_physician_moon_clansman;Healer;Soigneur;;;Sanador;;;;;;;;;x
LP_job_physician_skagosi;Maester;Mestre;Maester;Maester;Maestre;;;;;;;;;x
LP_job_physician_asshai;Maegi;Maegi;;;Maegi;;;;;;;;;x
LP_job_physician_pirate;Court Physician;Soigneur;;;Sanador;;;;;;;;;x
LP_job_physician_corsair;Court Physician;Soigneur;;;Sanador;;;;;;;;;x
NW_job_physician_andal;Maester;Mestre;Maester;Maester;Maestre;;;;;;;;;x
NW_job_physician_iron_isles_culture;Maester;Mestre;Maester;Maester;Maestre;;;;;;;;;x
NW_job_physician_dornish;Maester;Mestre;Maester;Maester;Maestre;;;;;;;;;x
NW_job_physician_high_valyrian;Court Physician;Mestre;Maester;Maester;Maestre;;;;;;;;;x
NW_job_physician_western_valyrian;Court Physician;Mestre;Maester;Maester;Maestre;;;;;;;;;x
NW_job_physician_first_men;Maester;Mestre;Maester;Maester;Maestre;;;;;;;;;x
NW_job_physician_moon_clansman;Healer;Soigneur;;;Sanador;;;;;;;;;x
NW_job_physician_rhoynar;Court Physician;Soigneur;;;Sanador;;;;;;;;;x
NW_job_physician_old_andal;Court Physician;Soigneur;;;Sanador;;;;;;;;;x
NW_job_physician_moon_clansman;Healer;Soigneur;;;Sanador;;;;;;;;;x
NW_job_physician_skagosi;Maester;Mestre;Maester;Maester;Maestre;;;;;;;;;x
NW_job_physician_asshai;Maegi;Maegi;;;Maegi;;;;;;;;;x
NW_job_physician_pirate;Court Physician;Soigneur;;;Sanador;;;;;;;;;x
NW_job_physician_corsair;Court Physician;Soigneur;;;Sanador;;;;;;;;;x
nomadic_job_physician_andal;Maester;Mestre;Maester;Maester;Maestre;;;;;;;;;x
nomadic_job_physician_iron_isles_culture;Maester;Mestre;Maester;Maester;Maestre;;;;;;;;;x
nomadic_job_physician_dornish;Maester;Mestre;Maester;Maester;Maestre;;;;;;;;;x
nomadic_job_physician_high_valyrian;Court Physician;Mestre;Maester;Maester;Maestre;;;;;;;;;x
nomadic_job_physician_western_valyrian;Court Physician;Mestre;Maester;Maester;Maestre;;;;;;;;;x
nomadic_job_physician_first_men;Maester;Mestre;Maester;Maester;Maestre;;;;;;;;;x
nomadic_job_physician_moon_clansman;Healer;Soigneur;;;Sanador;;;;;;;;;x
nomadic_job_physician_rhoynar;Court Physician;Soigneur;;;Sanador;;;;;;;;;x
nomadic_job_physician_old_andal;Court Physician;Soigneur;;;Sanador;;;;;;;;;x
nomadic_job_physician_moon_clansman;Healer;Soigneur;;;Sanador;;;;;;;;;x
nomadic_job_physician_skagosi;Maester;Mestre;Maester;Maester;Maestre;;;;;;;;;x
nomadic_job_physician_asshai;Maegi;Maegi;;;Maegi;;;;;;;;;x
nomadic_job_physician_pirate;Court Physician;Soigneur;;;Sanador;;;;;;;;;x
nomadic_job_physician_corsair;Court Physician;Soigneur;;;Sanador;;;;;;;;;x
tribal_job_physician_andal;Maester;Mestre;Maester;Maester;Maestre;;;;;;;;;x
tribal_job_physician_iron_isles_culture;Maester;Mestre;Maester;Maester;Maestre;;;;;;;;;x
tribal_job_physician_dornish;Maester;Mestre;Maester;Maester;Maestre;;;;;;;;;x
tribal_job_physician_high_valyrian;Court Physician;Mestre;Maester;Maester;Maestre;;;;;;;;;x
tribal_job_physician_western_valyrian;Court Physician;Mestre;Maester;Maester;Maestre;;;;;;;;;x
tribal_job_physician_first_men;Maester;Mestre;Maester;Maester;Maestre;;;;;;;;;x
tribal_job_physician_moon_clansman;Healer;Soigneur;;;Sanador;;;;;;;;;x
tribal_job_physician_rhoynar;Court Physician;Soigneur;;;Sanador;;;;;;;;;x
tribal_job_physician_old_andal;Court Physician;Soigneur;;;Sanador;;;;;;;;;x
tribal_job_physician_moon_clansman;Healer;Soigneur;;;Sanador;;;;;;;;;x
tribal_job_physician_skagosi;Maester;Mestre;Maester;Maester;Maestre;;;;;;;;;x
tribal_job_physician_asshai;Maegi;Maegi;;;Maegi;;;;;;;;;x
tribal_job_physician_pirate;Court Physician;Soigneur;;;Sanador;;;;;;;;;x
tribal_job_physician_corsair;Court Physician;Soigneur;;;Sanador;;;;;;;;;x
EVTDESCmaester.1;We have been granted the title of Archmaester!;Nous avons obtenu le titre d'archimestre !;;;Se nos ha concedido el título de Archimaestre.;;;;;;;;;x
EVTDESCmaester.2;We have been granted the title of Maester!;Nous avons obtenu le titre de mestre !;;;Se nos ha concedido el título de Maestre.;;;;;;;;;x
employ_maester;Send for a Maester from The Citadel;Solliciter un mestre auprès de la Citadelle;;;Solicitar un maestre a la Ciudadela;;;;;;;;;x
employ_maester_desc;Every lord needs a Maester, The Citadel can provide one.;Tout Seigneur se doit d'avoir à ses côtés un mestre, la Citadelle peut en fournir un.;;;Todo señor necesita un maestre a su lado. La Ciudadela puede proporcionarte uno.;;;;;;;;;x
opinion_refused_citadel;Refused Citadel Career;Carrière à la Citadelle refusée;;;Carrera en la Ciudadela denegada.;;;;;;;;;x
EVTDESCmaester.3;I want to go to the Citadel;Je veux aller à la Citadelle;;;Quiero marcharme a la Ciudadela;;;;;;;;;x
EVTOPTAmaester.3;Send my Liege a Letter;Envoyer une lettre à mon seigneur;;;Enviar una carta a mi Señor.;;;;;;;;;x
EVTDESCmaester.4;[Root.PrimaryTitle.GetFOA], I, [From.GetTitledFirstNameWithDynastyAndTitleNoRegnal], sincerely ask that I be allowed to pursue a career at The Citadel in Oldtown. ;[Root.PrimaryTitle.GetFOA], moi, [From.GetTitledFirstNameWithDynastyAndTitleNoRegnal], demande l'autorisation de suivre un enseignement à la Citadelle de Villevieille.\n[From.GetTitledFirstNameWithDynastyAndTitleNoRegnal]. ;;;[Root.PrimaryTitle.GetFOA], me encantaría que se me permitiera marcharme a estudiar a la Ciudadela de Antigua./n[From.GetTitledFirstNameWithDynastyAndTitleNoRegnal]. ;;;;;;;;;x
EVTOPTAmaester.4;I give you leave to go. Good luck.;Je vous donne votre congé;;;Te permito marcharte. Buena suerte.;;;;;;;;;x
EVTOPTBmaester.4;I don't think so, you have a purpose yet.;Je ne vous le permet pas;;;No voy a dejarte hacerlo;;;;;;;;;x
EVTOPTCmaester.4;Ridiculous, you're the heir to the [Root.PrimaryTitle.GetFullName]!;C'est ridicule, vous êtes l'héritier de(u) [Root.PrimaryTitle.GetFullName]!;;;Es ridículo, eres el heredero de [Root.PrimaryTitle.GetFullName]!;;;;;;;;;x
EVTOPTDmaester.4;No son of mine is going there!;Aucun de mes enfants ne se rendra là-bas !;;;Ningún hijo mio pisará ese lugar.;;;;;;;;;x
EVTDESCmaester.5;After many years of training, I have earned anough links to form a Maesters chain. I have stood vigil in the darkness with the glass candle and am now worthy to be called Maester.;Après bien des années d’entraînement, j'ai obtenu assez de maillons pour forger une chaîne de mestre. J'ai veillé toute la nuit dans l'obscurité avec la chandelle de verre et je suis désormais digne du titre de mestre. ;;;Después de años de entrenamiento, he aprendido suficiente como para poder forjarme los eslabones de una cadena de maestre. Me quedé despierto toda la noche en la oscuridad con la vela de cristal y ahora soy digno del título de Mestre .;;;;;;;;;x
EVTOPTAmaester.5;I have earned this;Je l'ai mérité;;;Lo merecía.;;;;;;;;;x
EVTDESCmaester.6;After many years of training, your [From.GetRootRelation] [From.GetFirstName] has earned anough links to form a Maesters chain. He has stood vigil in the darkness with the glass candle and is now worthy to be called Maester.;Après des années d’entraînement, votre [From.GetRootRelation] [From.GetFirstName] a accumulé assez de maillons pour pouvoir forger sa chaîne de mestre. Il est resté éveillé dans l'obscurité avec la chandelle de verre et il est désormais digne du titre de mestre. ;;;Después de años de entrenamiento, tu hijo [From.GetFirstName] ha aprendido lo suficiente como para poder forjarse los eslabones de una cadena de maestre. Se quedó despierto toda la noche en la oscuridad con la vela de cristal y ahora es digno del título de Mestre .;;;;;;;;;x
EVTOPTAmaester.6;This is good news!;C'est une bonne nouvelle !;;;Esas son buenas noticias.;;;;;;;;;x
EVTOPTBmaester.6;I care not;Je m'en moque;;;Me importa un bledo;;;;;;;;;x
EVTDESCmaester.7;I am a newly inducted Maester, what shall I do with my knowledge?;J'ai récemment reçu le titre de mestre, que dois-je faire de mes connaissances ? ;;;Recientemente se me ha nombrado maestre, ¿Cómo debería usar mi conocimiento?;;;;;;;;;x
EVTOPTAmaester.7;I will serve a Lord of the Realm;Je vais servir un Seigneur du Royaume;;;Sirviendo a un Señor del reino;;;;;;;;;x
EVTOPTBmaester.7;I will dedicate my life to The Citadel;Je vais dédier ma vie à la Citadelle;;;Dedicaré mi vida a la Ciudadela;;;;;;;;;x
EVTDESCmaester.8;We have been assigned a new Maester from The Citadel. Let's hope he serves us well!;On nous a assignés un nouveau mestre de la Citadelle, espérons qu'il nous servira bien !;;;Se nos ha asignado un nuevo maestre de la Ciudadela, esperemos que nos sirva bien.;;;;;;;;;x
EVTOPTAmaester.8;We shall make use of him;Nous nous servirons de ses compétences;;;Haremos buen uso de él;;;;;;;;;x
EVTTOOLTIPmaester.8;will be assigned to your court;va être assigné à votre cour;;;será asignado a nuestra corte;;;;;;;;;x
EVTDESCmaester.9;We have been assigned to a Lord of the realm;Nous avons été assigné à un Seigneur du Royaume;;;Hemos sido asignados a un Señor del reino;;;;;;;;;x
EVTOPTAmaester.9;Good;Bien;;;Bien;;;;;;;;;x
EVTDESCmaester.10;Archmaester counter set;Archimestre réfuté;;;Archimaestre refutado;;;;;;;;;x
EVTOPTAmaester.10;OK;D'accord;;;Ok;;;;;;;;;x
EVTDESCmaester.11;A new Archmaester is needed for the conclave. The search has begun!;Le conclave a besoin d'un nouvel archimestre. La sélection a commencée ! ;;;Se precisa un nuevo archimaestre para el cónclave. ¡La selección ha comenzado!;;;;;;;;;x
EVTOPTAmaester.11;OK;D'accord;;;Ok;;;;;;;;;x
EVTDESCmaester.12;We have been selected to assume a postion of Archmaester at The Citadel!;Nous avons été choisis pour assumer la charge d'archimestre de la Citadelle! ;;;Hemos sido elegidos para asumir el cargo de archimaestre de la Ciudadela;;;;;;;;;x
EVTOPTAmaester.12;Excellent!;Excellent !;;;Excelente;;;;;;;;;x
EVTDESCmaester.13;We have lost the title of Archmaester;Nous avons perdu le titre d'archimestre;;;Hemos perdido el título de archimaestre;;;;;;;;;x
EVTOPTD37055;To The Citadel you go!;Vous irez à la Citadelle !;;;Irás a la Ciudadela!;;;;;;;;;x
opinion_sent_to_citadel;Forced to The Citadel;Forcé d'étudier à la Citadelle;;;Obligado a estudiar en la Ciudadela;;;;;;;;;x
EVTDESCmaester.14;We have gained the title of Archmaester;Nous avons gagné le titre d'archimestre;;;Hemos conseguido el título de archimaestre;;;;;;;;;x
EVTNAMEmaester.15;Child is Progressing;L'enfant progresse;;;El niño progresa;;;;;;;;;x
EVTDESCmaester.15;As part of my duties as both a councillor and representive of The Citadel, I have been assisting in the education of [child_edu_target.GetTitledFirstNameNoRegnal]. [child_edu_target.GetSheHeCap] is responding well to my instruction.;L'un des enfants de votre seigneur assimile bien votre instruction.;;;Uno de los hijos de tu señor responde bien a las enseñanzas.;;;;;;;;;x
EVTOPTAmaester.15;[child_edu_target.GetSheHeCap] is doing well;Ils sont doués;;;Lo están haciendo bien;;;;;;;;;x
EVTDESCmaester.16;[From.GetTitledFirstName] has been tutoring me these past few months, and has been a good teacher. I feel like I know so much more!;[From.GetTitledFirstName] a été mon(a) tuteur(rice) ces derniers mois, c'est un bon professeur. J'ai l'impression de connaître tellement de choses désormais !;;;[From.GetTitledFirstName] me está enseñando últimamente, y ha sido un buen maestro. Me siento como si supiera mucho más!;;;;;;;;;x
EVTOPTAmaester.16;I am a good pupil;Je suis un(e) bon(ne) élève.;;;Soy un buen pupilo;;;;;;;;;x
EVTDESCmaester.27;[Root.PrimaryTitle.GetFOA], your [From.GetRootRelation] [From.GetTitledFirstName] is responding very well to my tuition. [From.GetSheHeCap] has improved [From.GetHerHis] skills and is advancing in knowledge everyday. \n\nYour humble servant,\n[FromFrom.GetTitledFirstName];[Root.PrimaryTitle.GetFOA], votre [From.GetRootRelation] [From.GetTitledFirstName] assimile bien mon enseignement. Chaque jour ses compétences et son savoir progressent. \n\nVotre humble mestre, \n[FromFrom.GetTitledFirstName];;;Mi señor, uno de los niños está respondiendo muy bien a mi instrucción. Ha mejorado sus habilidades y conocimiento.\n\nSu humilde maestre,\n[Root.job_physician.GetTitledFirstName];;;;;;;;;x
EVTOPTAmaester.27;Good news!;Heureuses nouvelles !;;;Buenas noticias;;;;;;;;;x
EVTNAMEmaester.18;Uncooperative Child;Enfant non coopératif;;;Niño poco receptivo;;;;;;;;;x
EVTDESCmaester.18;As part of my duties as both a councillor and representive of The Citadel, I have been assisting in the education of [child_edu_target.GetTitledFirstNameNoRegnal]. [child_edu_target.GetSheHeCap] is proving most uncooperative and is not responding well to my instruction.;L'un des enfants de votre seigneur n'est pas très réceptif à votre enseignement.;;;Uno de los hijos de tu señor se muestra poco receptivo y no está respondiendo bien a mi instrucción.;;;;;;;;;x
EVTOPTAmaester.18;Foolish child;Enfant idiot;;;Maldito niño;;;;;;;;;x
EVTDESCmaester.19;[From.GetTitledFirstName] has been tutoring me lately, and I hate it! Learning from scrolls and listening to [From.GetHerHis] lectures bores me.;[From.GetTitledFirstName] est mon(a) tuteur(rice) et je le(a) hais ! Lire de vieux rouleaux de parchemins miteux et écouter ses lectures m'ennuient au plus haut point.;;;[From.GetTitledFirstName] me está enseñando últimamente, y lo odio! Aprender de los pergaminos y escuchar sus conferencias me aburre.;;;;;;;;;x
EVTOPTAmaester.19;I want to go outside;Je veux aller dehors.;;;Necesito salir.;;;;;;;;;x
EVTDESCmaester.20;[Root.PrimaryTitle.GetFOA], your [From.GetRootRelation] [From.GetTitledFirstName] is most uncooperative and is not responding very well to my tuition. [From.GetSheHeCap] doesn't seem to listen and [From.GetHerHis] skills have regressed if anything. \n\nYour humble servant,\n[FromFrom.GetTitledFirstName];[Root.PrimaryTitle.GetFOA], votre [From.GetRootRelation] [From.GetTitledFirstName] n'est pas réceptif à mon enseignement. [From.GetSheHeCap] ne semble rien retenir et ses compétences en viennent même à régresser. \n\nVotre humble serviteur,\n[FromFrom.GetTitledFirstName];;;[Root.PrimaryTitle.GetFOA],vuestro [From.GetRootRelation] [From.GetTitledFirstName]se muestra poco receptivo a mi instrucción. No parece retener las enseñanzas y sus competencias parecen reducirse. \n\nVuestro humilde servidor,\n[FromFrom.GetTitledFirstName];;;;;;;;;x
EVTOPTAmaester.20;Foolish child;Enfant idiot;;;Maldito niño;;;;;;;;;x
EVTDESCmaester.21;The Citadel and the order of Maesters currently have no home. Perhaps if they swore fealty to us we could give them a realm of their own?;La Citadelle et son ordre des mestres ne possèdent actuellement aucun territoire. Peut-être que s'ils nous juraient fidélité, nous pourrions leur octroyer des terres ? ;;;La Ciudadela y la orden de los Maestres no tiene un hogar que pueda llamar como tal. Quizás si nos juraran lealtad podamos cederles unas tierras que puedan usar?;;;;;;;;;x
EVTOPTAmaester.21;They are most welcome here;Ils sont les bienvenus ici;;;Son bienvenidos;;;;;;;;;x
EVTOPTBmaester.21;I care little for Maesters;Je me fiche des mestres;;;Me importan poco los maestres;;;;;;;;;x
EVTDESCmaester.22;My liege has turned over one of my titles to The Citadel!;Mon seigneur a donné l'un de mes titres à la Citadelle !;;;Mi señor ha cedido unos de mis títulos a la Ciudadela;;;;;;;;;x
EVTOPTAmaester.22;For the greater good…;Pour le bien commun…;;;Por un bien mayor;;;;;;;;;x
EVTDESCmaester.23;[Root.PrimaryTitle.GetFOA], the Maester we sent for from the Citadel has arrived in [Root.Capital.GetName], a [new_maester.Culture.GetName] by the name of [new_maester.GetFirstName]. Let us hope [new_maester.GetSheHe] will be loyal and wise.;[Root.PrimaryTitle.GetFOA], Le mestre que nous avions réclamé à la Citadelle est arrivé à [Root.Capital.GetName], il vient de [new_maester.Culture.GetName] du nom de [new_maester.GetFirstName]. Espérons qu'il se montre loyal et sage. ;;;El maestre que solicitamos a la ciudadela acaba de llegar. Esperemos que nos sirva con lealtad y sabiduría;;;;;;;;;x
EVTOPTAmaester.23;Good;Bien;;;Perfecto;;;;;;;;;x
EVTOPTBmaester.23;My current [Root.job_physician.GetJobTitle] is better than [new_maester.GetHerHim];;;;;;;;;;;;;x
EVTTOOLTIPmaester.23;The Citadel will send us a Maester;La Citadelle va nous envoyer un mestre;;;La Ciudadela nos enviará un maestre;;;;;;;;;x
action_tutor_children_desc;Assign your Maester to providing extra tuition for your children, to try and improve their skills.;Ordonner à votre mestre de dédier son temps à l'éducation de vos enfants afin d'améliorer leurs compétences.;;;Ordena a tu maestre que dedique su tiempo a mejorar la educación de tus hijos;;;;;;;;;x
EVTDESCmaester.24;[Root.PrimaryTitle.GetFOA], I have been offered a seat on the Conclave, the governing body of the Citadel, and the rank of Archmaester. This is a prestigious post so I must accept. \n\nYours humbly, Maester [From.GetFirstName];[Root.PrimaryTitle.GetFOA], je me suis vu offrir le rang d'archimestre et une place au Conclave, l'assemblée qui gouverne la Citadelle. C'est un poste prestigieux que je ne peux refuser. \n\nVotre humble serviteur, mestre [From.GetTitledFirstName];;;[Root.PrimaryTitle.GetFOA], me han ofrecido el rango de Archimaestre y un puesto en el Cónclave, el órgano rector de la Ciudadela. Se trata de un puesto de prestigio, que no puedo rechazar.\n\nVuestro humilde servidor, maestre [From.GetFirstName];;;;;;;;;x
EVTOPTAmaester.24;I wish you luck;Nous allons avoir besoin d'un nouveau mestre;;;Necesitaremos un nuevo Maestre;;;;;;;;;x
title_grandmaester;Grand Maester;Grand Mestre;;;Gran Maestre;;;;;;;;;x
EVTDESCmaester.25;The conclave has selected me to be the new Grand Maester.;Le conclave m'a désigné comme le nouveau Grand Mestre.;;;El Cónclave me ha elegido como el nuevo Gran Maestre;;;;;;;;;x
EVTOPTAmaester.25;Excellent!;Excellent !;;;Excelente!;;;;;;;;;x
EVTDESCmaester.26;Your Grace, The Conclave of the Citadel has selected the Grand Maester, the head of the order of Maesters and servant to [Root.GetIronThroneRealmName].;Votre Grâce, le Conclave de la Citadelle a désigné [From.GetTitledName] pour être le nouveau Grand Mestre.;;;Su Excelencia, el Cónclave de la Ciudadela ha elegido a [From.GetTitledName] para que sea el nuevo Gran Maestre.;;;;;;;;;x
EVTOPTAmaester.26;Lets hope he serves us well;Espérons qu'il nous serve bien;;;Esperemos que nos sirva bien.;;;;;;;;;x
EVTTOOLTIPmaester.22;will lose his title to the Citadel;va perdre ses titres au profit de la Citadelle;;;perderá su título en beneficio de la Ciudadela;;;;;;;;;x
EVTNAMEmaester.33;Troop's Morale raised;Le moral des troupes a augmenté;;;La moral de las tropas ha aumentado;;;;;;;;;x
EVTDESCmaester.33;At the behest of my liege, I have been using my Citadel training to tend the wounded troops. Tales of my bravery and healing have raised the troop's morale.;Mon seigneur m'a envoyé auprès des troupes blessées. Les récits qui courent sur ma bravoure et mes talents de guérison ont amélioré le moral des troupes. ;;;He estado atendiendo los soldados heridos por orden de mi señor, y las historias sobre hombres valientes y mi nivel talento sanador han levantado la moral de la tropa.;;;;;;;;;x
EVTOPTAmaester.33;It is part of my training;Cela fait partie de mon entraînement;;;es parte de mi entrenamiento;;;;;;;;;x
EVTDESCmaester.34;[Root.PrimaryTitle.GetFOA], I have been attending to the wounds of the men at your behest. They seem to be much happier now, hearing that their Lord would offer his own Maester to aid his men. \n\nYour humble servant,\n[From.GetTitledFirstName];Mon seigneur, je me suis occupé des blessures de vos hommes comme vous me l'aviez ordonné. Ils semblent plus heureux désormais, ils vous sont reconnaissants d'avoir envoyer votre propre mestre pour les aider. \n\nVotre humble mestre,\n[Root.job_physician.GetTitledFirstName];;;Mi señor, he estado asistiendo a los hombres heridos. Parecen ser mucho más felices ahora, al oír que su Señor ofrece a su propio maestre para ayudar a sus hombres.\n\nVuestro humilde servidor,\n [Root.job_physician.GetTitledFirstName];;;;;;;;;x
EVTOPTAmaester.34;Maesters are most useful;Les mestres sont plus des plus utiles;;;Los Maestres son cada vez más útiles;;;;;;;;;x
EVTNAMEmaester.35;Stressed from War;Stressé par la guerre;;;Estresado por la guerra;;;;;;;;;x
EVTDESCmaester.35;At the behest of my liege, I have been using my Citadel training to tend the wounded troops. I just can't take the endless stream of grotesque wounds!;Mon seigneur m'a envoyé auprès des troupes blessées, mais je ne peux me charger seul de ce flot continu de blessures monstrueuses !;;;He estado atendiendo los soldados heridos por orden de mi señor, y yo solo no puedo con la corriente sin fin de heridas grotescas!;;;;;;;;;x
EVTDESCmaester.36;Grave news, [From.GetTitledFirstName], having been tending the wounds of the men at your command, is reported to have cracked under the stress of the stream of grotesque injuries. The men are now unnerved because of this.;Mauvaise nouvelle, [Root.job_physician.GetTitledFirstName] , que vous aviez envoyé s'occuper des blessures de vos hommes comme vous l'aviez ordonné, semble avoir craqué sous la pression et le stress engendré par le flot continu d'horribles blessures. Cela déconcerte vos hommes. ;;;Malas noticias, [Root.job_physician.GetTitledFirstName] al que enviaste a cuidar de los hombres heridos ha sucumbido a la presión y al estrés causado por el flujo constante de terribles heridas. Esto desconcierta a sus hombres.;;;;;;;;;x
EVTOPTAmaester.36;How unfortunate;Voilà qui est malheureux;;;Qué inoportuno;;;;;;;;;x
action_tend_to_wounded;Tend to the Wounded;Envoyer s'occuper des blessés;;;Atender a los heridos;;;;;;;;;x
action_tend_to_wounded_desc;Assign your Maester to tending the wounds of your injured men;Envoyer votre mestre s'occuper des blessures de vos hommes;;;Asigna a tu maestre para atender a tus hombres heridos;;;;;;;;;x
troops_likes_maester;Maester emboldens troops;Le mestre encourage les troupes;;;El maestre envalentona a las tropas;;;;;;;;;x
troops_unnerve_maester;Troop's unnerved by Maester;Le mestre déconcerte les troupes;;;El maestre desconcierta a las tropas;;;;;;;;;x
TOOLTIPEMPLOYMAESTER;[Root.GetTitledFirstName] Must not have any capable Maesters in their court\n;Vous ne devez pas avoir de mestres capables à votre cour;;;No hay ningún Maestre capaz en tu corte.;;;;;;;;;x
EVTOPTBmaester.24;Send for a new maester;;;;Enviar un nuevo maestre;;;;;;;;;x
EVTOPTCmaester.24;I have another maester who can do [From.GetHerHis] work;;;;Tengo otro maestre [From.GetHerHis] que puede hacer el trabajo;;;;;;;;;x
action_serve_court;Serve Court;Eduquer un enfant;;;Educar Niños;;;;;;;;;x
action_serve_court_desc;Task your [GetMyPhysicianName] with serving your court. They will act as mentor, healer and adviser.;Charger votre mestre d'éduquer votre enfant. La manière dont vos enfants progresseront dépendra de l’enseignement de votre mestre.;;;Ordenar a tu Maestre que se encargue de la educación de los niños. El como respondan los niños dependerá del aprendizaje de tu maestre.;;;;;;;;;x
GetMyPhysicianName_Current;[This.job_physician.GetJobTitle];;;;;;;;;;;;;x
GetMyPhysicianName_Physician;physician;;;;médico;;;;;;;;;x
TOOLTIPmaester_culture_trigger;Traditionally uses Maesters of The Citadel;;;;;;;;;;;;;x
tooltip_religion_feature_hermetics;§GGrants access to the Citadel Society§!;;;;;;;;;;;;;x
hermetics_rank_1_female;Novice;;;;;;;;;;;;;x
hermetics_rank_2_female;Acolyte;;;;;;;;;;;;;x
hermetics_rank_3_female;Maester;;;;;;;;;;;;;x
hermetics_rank_4_female;Archmaester;;;;;;;;;;;;;x
hermetics_rank_1_male;Novice;;;;;;;;;;;;;x
hermetics_rank_2_male;Acolyte;;;;;;;;;;;;;x
hermetics_rank_3_male;Maester;;;;;;;;;;;;;x
hermetics_rank_4_male;Archmaester;;;;;;;;;;;;;x
hermetics;the Citadel;Hermétistes;Hermetische Gesellschaft;;la sociedad hermética;;;;;;;;;x
hermetics_desc;The maesters of The Citadel are an order of scholars, healers, messengers, and scientists. Their 'seat', the Citadel, is located in Oldtown. Boys and young men from all over Westeros come to study, learn, and forge their chains at the Citadel.;Les Hermétistes croient qu'il y a des secrets profondément enfouis à propos de ce monde qui méritent d'être découverts. En tant que membre des Hermétistes, vous chercherez la vérité dans les étoiles et les planètes, à travers l'expérimentation et l'interprétation minutieuse de textes et symboles anciens.;Hermetiker glauben, es gäbe tief verborgene Geheimnisse über diese Welt, die nur jemand entschleiern könne, der dieser Geheimnisse würdig sei. Als Mitglied der Hermetiker werdet Ihr durch unermüdliches Experimentieren und gewissenhafte Deutung antiker Texte und Symbole in den Sternen und Planeten nach der Wahrheit suchen.;;Los seguidores del hermetismo creen que existen secretos ocultos sobre este mundo que solo los dignos pueden descubrir. Como miembro de los herméticos, buscarás la verdad en las estrellas y en los planetas mediante una experimentación afanosa y una cuidada interpretación de los textos y símbolos antiguos.;;;;;;;;;x
currency_name_hermetics;Knowledge;Savoir ésotérique;Esoterisches Wissen;;Conocimiento esotérico;;;;;;;;;x
astronomer;Astronomer;;;;;;;;;;;;;x
astronomer_desc;This character is an expert of astronomy;;;;;;;;;;;;;x
time_keeper;Time Keeper;;;;;;;;;;;;;x
time_keeper_desc;This character is skilled in the measurement of days and seasons;;;;;;;;;;;;;x
time_keeper_effects;The hasrher effects of severe winter are lessened;;;;;;;;;;;;;x
cartographer;Cartographer;;;;;;;;;;;;;x
cartographer_desc;This character is proficient in the making of maps, and has great knowledge on the geography of the known world.;;;;;;;;;;;;;x
traveller;Traveller;;;;;;;;;;;;;x
traveller_desc;This character enjoys visiting and studying far away places and peoples.;;;;;;;;;;;;;x
linguist;Linguist;;;;;;;;;;;;;x
linguist_desc;This character is fluent in many of the spoken languages of the known world.;;;;;;;;;;;;;x
justiciar;Justiciar;;;;;;;;;;;;;x
justiciar_desc;This character is an authority on the laws of the realm.;;;;;;;;;;;;;x
metallurgist;Metallurgist;;;;;;;;;;;;;x
metallurgist_desc;This character is an expert on metals and their manipulation.;;;;;;;;;;;;;x
metallurgist_effects;Can give discounts on forging of artifacts;;;;;;;;;;;;;x
herbologist;Herbologist;;;;;;;;;;;;;x
herbologist_desc;This character has vast knowledge on herbs and their applications to healing;;;;;;;;;;;;;x
maester_opinion;Maester Opinion;;;;;;;;;;;;;x
archmaester_opinion;Archmaester Opinion;;;;;;;;;;;;;x
TOOLTIPbrew_happiness_potion_LINKS;Has 2 Silver Links in §YMedicine§!;;;;;;;;;;;;;x
TOOLTIPhermetics_make_horoscope_LINKS;Has 2 Bronze Links in §YAstronomy§!;;;;;;;;;;;;;x
TOOLTIPhermetics_write_magnum_opus_SPECIALISATION;Has chosen a §Yspecialisation§!;;;;;;;;;;;;;x
TOOLTIPhermetics_write_magnum_opus_LINKS;Has §Y3§! Links in chosen specialisation;;;;;;;;;;;;;x
maester_at_citadel;;;;;;;;;;;;;;x
black_iron_link;Black Iron Link;;;;;;;;;;;;;x
brass_link;Brass Link;;;;;;;;;;;;;x
bronze_link;Bronze Link;;;;;;;;;;;;;x
copper_link;Copper Link;;;;;;;;;;;;;x
electrum_link;Electrum Link;;;;;;;;;;;;;x
yellow_gold_link;Yellow Gold Link;;;;;;;;;;;;;x
iron_link;Iron Link;;;;;;;;;;;;;x
lead_link;Lead link;;;;;;;;;;;;;x
pewter_link;Pewter Link;;;;;;;;;;;;;x
platinum_link;Platinum Link;;;;;;;;;;;;;x
red_gold_link;Red Gold Link;;;;;;;;;;;;;x
silver_link;Silver link;;;;;;;;;;;;;x
steel_link;Steel link;;;;;;;;;;;;;x
tin_link;Tin Link;;;;;;;;;;;;;x
valyrian_steel_link;Valyrian Steel Link;;;;;;;;;;;;;x
black_iron_link_desc;A link from The Citadel, signifying that the holder has acquired enough knowledge of Ravenry;;;;;;;;;;;;;x
copper_link_desc;A link from The Citadel, signifying that the holder has acquired enough knowledge of History;;;;;;;;;;;;;x
bronze_link_desc;A link from The Citadel, signifying that the holder has acquired enough knowledge of Astronomy;;;;;;;;;;;;;x
brass_link_desc;A link from The Citadel, signifying that the holder has acquired enough knowledge of Time and Seasons;;;;;;;;;;;;;x
electrum_link_desc;A link from The Citadel, signifying that the holder has acquired enough knowledge of Geography;;;;;;;;;;;;;x
yellow_gold_link_desc;A link from The Citadel, signifying that the holder has acquired enough knowledge of Coin and Arithmetic;;;;;;;;;;;;;x
iron_link_desc;A link from The Citadel, signifying that the holder has acquired enough knowledge of Warcraft;;;;;;;;;;;;;x
lead_link_desc;A link from The Citadel, signifying that the holder has acquired enough knowledge of Castles and Architecture;;;;;;;;;;;;;x
pewter_link_desc;A link from The Citadel, signifying that the holder has acquired enough knowledge of Peoples and Cultures;;;;;;;;;;;;;x
platinum_link_desc;A link from The Citadel, signifying that the holder has acquired enough knowledge of Languages;;;;;;;;;;;;;x
red_gold_link_desc;A link from The Citadel, signifying that the holder has acquired enough knowledge of Law;;;;;;;;;;;;;x
silver_link_desc;A link from The Citadel, signifying that the holder has acquired enough knowledge of Medicine;;;;;;;;;;;;;x
steel_link_desc;A link from The Citadel, signifying that the holder has acquired enough knowledge of Metallurgy;;;;;;;;;;;;;x
tin_link_desc;A link from The Citadel, signifying that the holder has acquired enough knowledge of Herblore;;;;;;;;;;;;;x
valyrian_steel_link_desc;A link from The Citadel, signifying that the holder has acquired enough knowledge of the Higher Mysteries;;;;;;;;;;;;;x
EVTDESCmaester.42;Whilst studying at The Citadel I have acquired many links in a good variety of subjects. My overall scholarly knowledge has improved as a result.;;;;;;;;;;;;;x
EVTOPTAmaester.42;Very good;;;;;;;;;;;;;x
EVTDESCmaester.43;Every Maester of the Citadel may choose a specialisation, so that they may acquire a third link in said field. Would you like to specialise in the matters of [maester_link.GetName]s?;;;;;;;;;;;;;x
EVTOPTAmaester.43;Yes, I shall become an authority;;;;;;;;;;;;;x
EVTOPTBmaester.43;No, that does not interest me;;;;;;;;;;;;;x
EVTOPTCmaester.43;Actually, I prefer the matters of [maester_link_alt_1.GetName]s;;;;;;;;;;;;;x
EVTOPTDmaester.43;Actually, I prefer the matters of [maester_link_alt_2.GetName]s;;;;;;;;;;;;;x
EVTDESCmaester.46;[Root.PrimaryTitle.GetFOA] and [Root.GetSocietyRank], the conclave of the Citadel would like to extend you an invitation to travel to [c_the_citadel.Holder.Capital.GetName] so that you may study for a maester's link.\n\nSigned, [From.GetSocietyRank] [From.GetFirstName];;;;;;;;;;;;;x
TOOLTIPmaester.46;You will travel to [c_the_citadel.Holder.Capital.GetName] to study for a link at the Citadel. You will need a regent during this time.;;;;;;;;;;;;;x
study_for_link;Study for a Link;;;;;;;;;;;;;x
study_for_link_desc;You have been tasked with studying for a maester's link at the Citadel in [c_the_citadel.Holder.Capital.GetName];;;;;;;;;;;;;x
study_for_link_tooltip;Once you arrive in [c_the_citadel.Holder.Capital.GetName], you will start studying for the link;;;;;;;;;;;;;x
EVTDESCmaester.47;I have finally arrived at the Citadel, and have been given apartments befitting a [Root.GetSocietyRank] of noble rank. Now I must choose which subject I will focus my study on.;;;;;;;;;;;;;x
EVTOPTAmaester.47;Ravenry;;;;;;;;;;;;;x
EVTOPTBmaester.47;History;;;;;;;;;;;;;x
EVTOPTCmaester.47;Astronomy;;;;;;;;;;;;;x
EVTOPTDmaester.47;Time and Seasons;;;;;;;;;;;;;x
EVTOPTEmaester.47;Geography;;;;;;;;;;;;;x
EVTOPTFmaester.47;Coin and Arithmetic;;;;;;;;;;;;;x
EVTOPTGmaester.47;Warcraft;;;;;;;;;;;;;x
EVTOPTHmaester.47;Castles and Architecture;;;;;;;;;;;;;x
EVTOPTImaester.47;Peoples and Cultures;;;;;;;;;;;;;x
EVTOPTJmaester.47;Languages;;;;;;;;;;;;;x
EVTOPTKmaester.47;Law;;;;;;;;;;;;;x
EVTOPTLmaester.47;Medicine;;;;;;;;;;;;;x
EVTOPTMmaester.47;Metallurgy;;;;;;;;;;;;;x
EVTOPTNmaester.47;Herblore;;;;;;;;;;;;;x
EVTOPTOmaester.47;The Higher Mysteries;;;;;;;;;;;;;x
TOOLTIPmaester.48;An archmaester will be assigned to your study;;;;;;;;;;;;;x
EVTDESCmaester.48;[archmaester_tutor.GetTitledFirstName] is the authority on [Root.GetLinkStudySubject] at the Citadel, and so over the coming months I will attend [archmaester_tutor.GetHerHis] open lectures and, [Root.Religion.GetHighGodName] willing, prove my knowledge to [archmaester_tutor.GetHerHim].;;;;;;;;;;;;;x
EVTOPTAmaester.48;This should be most illuminating;;;;;;;;;;;;;x
TOOLTIPmaester.48A;You begin your study of [Root.GetLinkStudySubject];;;;;;;;;;;;;x
EVTOPTBmaester.48;Actually, I will go travelling;;;;;;;;;;;;;x
EVTDESCmaester.49;My time at the Citadel has been very productive. I quickly gained a thorough understanding of [Root.GetLinkStudySubjectDesc]. Towards the end I established a fruitful relationship with [archmaester_tutor.GetTitledFirstName], who has eagerly approved my award of a link in [Root.GetLinkStudySubject]. ;;;;;;;;;;;;;x
EVTDESCmaester.49B;Whilst travelling in foreign lands I have conducted my own studies of [Root.GetLinkStudySubject]. On my return I presented my findings on [Root.GetLinkStudySubjectDesc] to [archmaester_tutor.GetTitledFirstName], who has deemed my work worthy of a link.;;;;;;;;;;;;;x
EVTDESCmaester.49C;Although at times difficult, my time studying at the Citadel has been beneficial. Through diligent study I now know more about [Root.GetLinkStudySubjectDesc]. Finally I went before [archmaester_tutor.GetTitledFirstName] to demonstrate my knowledge who judged my knowledge to be proficient, and so awarded me a link in [Root.GetLinkStudySubject].;;;;;;;;;;;;;x
EVTOPTAmaester.49;I have enjoyed this!;;;;;;;;;;;;;x
EVTOPTAmaester.49B;The journey was most fruitful;;;;;;;;;;;;;x
EVTOPTAmaester.49C;I am glad my studies went well;;;;;;;;;;;;;x
opinion_pupil_great;Great Pupil;;;;;;;;;;;;;x
opinion_teacher_great;Great Teacher;;;;;;;;;;;;;x
EVTDESCmaester.50;Studying [Root.GetLinkStudySubject] was harder than expected. I found it difficult to understand [Root.GetLinkStudySubjectDesc], and when I went before [archmaester_tutor.GetTitledFirstName] to demonstrate my knowledge [archmaester_tutor.GetSheHe] deemed my knowledge insufficient to be awarded a link.;;;;;;;;;;;;;x
EVTOPTAmaester.50;[archmaester_tutor.GetSheHeCap] knows nothing;;;;;;;;;;;;;x
opinion_teacher;Teacher;;;;;;;;;;;;;x
opinion_pupil;Pupil;;;;;;;;;;;;;x
opinion_teacher_bad;Bad Teacher;;;;;;;;;;;;;x
opinion_pupil_bad;Bad Pupil;;;;;;;;;;;;;x
GetLinkStudySubject_ravenry;Ravenry;;;;;;;;;;;;;x
GetLinkStudySubject_history;History;;;;;;;;;;;;;x
GetLinkStudySubject_astronomy;Astronomy;;;;;;;;;;;;;x
GetLinkStudySubject_seasons;Time and Seasons;;;;;;;;;;;;;x
GetLinkStudySubject_geography;Geography;;;;;;;;;;;;;x
GetLinkStudySubject_math;Coin and Arithmetic;;;;;;;;;;;;;x
GetLinkStudySubject_warcraft;Warcraft;;;;;;;;;;;;;x
GetLinkStudySubject_castles;Castles and Architecture;;;;;;;;;;;;;x
GetLinkStudySubject_culture;Peoples and Cultures;;;;;;;;;;;;;x
GetLinkStudySubject_languages;Languages;;;;;;;;;;;;;x
GetLinkStudySubject_law;Law;;;;;;;;;;;;;x
GetLinkStudySubject_medicine;Medicine;;;;;;;;;;;;;x
GetLinkStudySubject_metallurgy;Metallurgy;;;;;;;;;;;;;x
GetLinkStudySubject_herblore;Herblore;;;;;;;;;;;;;x
GetLinkStudySubject_mysteries;The Higher Mysteries;;;;;;;;;;;;;x
GetLinkStudySubjectDesc_ravenry;the tending and training of ravens, and their use in communication;;;;;;;;;;;;;x
GetLinkStudySubjectDesc_history;past events, scribing and methods of historical analysis;;;;;;;;;;;;;x
GetLinkStudySubjectDesc_astronomy;astrology and the observation of celestial objects;;;;;;;;;;;;;x
GetLinkStudySubjectDesc_seasons;the measurement of days, weather and seasons;;;;;;;;;;;;;x
GetLinkStudySubjectDesc_geography;the mapping of lands, seas and kingdoms;;;;;;;;;;;;;x
GetLinkStudySubjectDesc_math;administration, economics and advanced arithmetic;;;;;;;;;;;;;x
GetLinkStudySubjectDesc_warcraft;advanced strategy, tactics and their application in war;;;;;;;;;;;;;x
GetLinkStudySubjectDesc_castles;the art of designing and constructing castles and large buildings;;;;;;;;;;;;;x
GetLinkStudySubjectDesc_culture;foreign peoples and their customs, culture and religions;;;;;;;;;;;;;x
GetLinkStudySubjectDesc_languages;language and its structure, including the study of grammar, syntax, and phonetics;;;;;;;;;;;;;x
GetLinkStudySubjectDesc_law;codes of law, including it's application in justice and governance;;;;;;;;;;;;;x
GetLinkStudySubjectDesc_medicine;the human body and the practices of diagnosis, treatment and surgery;;;;;;;;;;;;;x
GetLinkStudySubjectDesc_medicine_torture;the human body, with the help of my brutal experiments on live specimens;;;;;;;;;;;;;x
GetLinkStudySubjectDesc_metallurgy;the properties of metals and their production and purification;;;;;;;;;;;;;x
GetLinkStudySubjectDesc_herblore;the medicinal and therapeutic use of plants and herbs;;;;;;;;;;;;;x
GetLinkStudySubjectDesc_mysteries;magic, the occult and mysteries of the past;;;;;;;;;;;;;x
EVTDESCmaester.51;[From.GetTitledFirstName] has come to me with a request. [From.GetSheHeCap] wishes to make a journey to the Citadel in [c_the_citadel.Holder.Capital.GetName] so that [From.GetSheHe] may study for a link and increase [From.GetHerHis] knowledge. The Citadel has promised compensation for the temporary loss of [From.GetHerHis] services if you agree.;;;;;;;;;;;;;x
EVTOPTAmaester.51;You have my consent;;;;;;;;;;;;;x
TOOLTIPmaester.51;[From.GetTitledFirstName] will travel to the Citadel to study fr a link. [From.GetSheHeCap] will be gone for several months.;;;;;;;;;;;;;x
opinion_allowed_maester_study;Allowed Journey to the Citadel;;;;;;;;;;;;;x
opinion_disallowed_maester_study;Forbid Journey to the Citadel;;;;;;;;;;;;;x
EVTOPTBmaester.51;No, you are needed here in [Root.Capital.GetName];;;;;;;;;;;;;x
EVTDESCmaester.53;After spending many months at the Citadel and earning a [new_maester_link.GetName] for [From.GetHerHis] chain, [From.GetTitledFirstName] has finally arrived back in [Root.Capital.GetName].;;;;;;;;;;;;;x
EVTOPTAmaester.53;Welcome back;;;;;;;;;;;;;x
EVTDESCmaester.54;I am feeling the strain from the demanding nature of my studies, what with [archmaester_tutor.GetTitledFirstName]'s complicated lectures on [Root.GetLinkStudySubject] and the long hours spent in the Citadel library. I am worried I am not able to gain this link!;;;;;;;;;;;;;x
EVTOPTAmaester.54;I must hold it together...;;;;;;;;;;;;;x
EVTDESCmaester.55;During my time studying at the Citadel I have formed a working relationship with the [maester_friend.GetSocietyRank] [maester_friend.GetFirstName]. We have worked together to figure out problems on [Root.GetLinkStudySubject] and other subjects, and in the process have become good friends.;;;;;;;;;;;;;x
EVTOPTAmaester.55;We make good study companions;;;;;;;;;;;;;x
EVTDESCmaester.56;During my time studying at the Citadel I have formed a working relationship with the [From.GetSocietyRank] [From.GetTitledFirstName]. We have worked together to figure out problems on [From.GetLinkStudySubject] and other subjects, and in the process have become good friends.;;;;;;;;;;;;;x
EVTOPTAmaester.56;We make good study companions;;;;;;;;;;;;;x
EVTDESCmaester.57;Studying at the Citadel can be competitive, and not all acolytes are friendly. The [maester_rival.GetSocietyRank] [maester_rival.GetFirstName] has particularly got under my skin, with [maester_rival.GetHerHis] snide remarks and constant attempts to undermine me.;;;;;;;;;;;;;x
EVTOPTAmaester.57;I will not forget this!;;;;;;;;;;;;;x
EVTDESCmaester.58;Studying at the Citadel can be competitive, and not all acolytes are friendly. The [From.GetSocietyRank] [From.GetTitledFirstName] has particularly got under my skin, with [From.GetHerHis] snide remarks and constant attempts to undermine me.;;;;;;;;;;;;;x
EVTOPTAmaester.58;I will not forget this!;;;;;;;;;;;;;x
EVTDESCmaester.59;The Citadel is full of young acolytes at their studies, many of whom I find...distracting. One particular lad by the name of [maester_lover.GetFirstName] seems taken to me as well...;;;;;;;;;;;;;x
EVTOPTAmaester.59;It's good to be a [Root.GetSocietyRank] here!;;;;;;;;;;;;;x
EVTOPTBmaester.59;That would not be proper;;;;;;;;;;;;;x
EVTDESCmaester.60;As part of my studies on the human body I have performed dissections on dead cadavers to learn of its inner workings. Although I just can't help but feel studying a live specimen would be more illuminating...;;;;;;;;;;;;;x
EVTOPTAmaester.60;The conclave need never know!;;;;;;;;;;;;;x
TOOLTIPmaester.60;You have somebody kidnapped from the streets of [c_the_citadel.Holder.Capital.GetName] and brought to you for torturous live dissection. This §Yguarantees§! success in study for the link.;;;;;;;;;;;;;x
TOOLTIPmaester.61;You are actions are discovered and you are expelled from the Citadel;;;;;;;;;;;;;x
EVTOPTBmaester.60;No, that is forbidden;;;;;;;;;;;;;x
EVTDESCmaester.61;Despite my best efforts to conceal my work, the experiments I performed on my live subjects have been exposed! As a consequence the Conclave of Archmaesters has convened and has expelled me from the Citadel.;;;;;;;;;;;;;x
EVTOPTAmaester.61;They clearly do not see the greater good;;;;;;;;;;;;;x
TOOLTIPmaester.61;All your maester links are forfeit;;;;;;;;;;;;;x
EVTDESCmaester.62;I have been reading some particular ancient and dark tomes found deep within the Citadel library. The magic they speak of is very powerful, with one book detailing methods of necromancy and raising corpses from the dead. Maybe I could perform these experiments myself?;;;;;;;;;;;;;x
necromancer_maester;Necromancer;;;;;;;;;;;;;x
EVTOPTAmaester.62;Yes, bring me some corpses!;;;;;;;;;;;;;x
TOOLTIPmaester.63;You have corpses brought to you so that you can learn the secrets of necromancy. This ability could prove useful once the tides of magic rise...;;;;;;;;;;;;;x
EVTOPTBmaester.62;The Citadel forbids necromancy;;;;;;;;;;;;;x
EVTDESCmaester.63;Word of my dark experiments has been exposed! People know that I have been attempting to raise corpses from the dead. As a consequence the Conclave of Archmaesters has convened and has expelled me from the Citadel.;;;;;;;;;;;;;x
EVTOPTAmaester.63;They clearly fear my abilities;;;;;;;;;;;;;x
known_necromancer;Known Necromancer;;;;;;;;;;;;;x
mystic_opinion;Mystic Opinion;;;;;;;;;;;;;x
EVTDESCmaester.81;[Root.PrimaryTitle.GetFOA] and [Root.GetSocietyRank], the presence of dragons in the world is a threat to the established order, and a dangerous vestige of magic. I bid you help rectify this by targetting the dragon [target_dragon.GetName].\n\nSigned, [From.GetSocietyRank] [From.GetFirstName];;;;;;;;;;;;;x
TOOLTIPmaester.82;You are assigned the mission to Impair [target_dragon.GetName];;;;;;;;;;;;;x
kill_dragon;Impair the dragon [FromFrom.GetName];;;;;;;;;;;;;x
kill_dragon_desc;You have been tasked with targetting the dragon [FromFrom.GetName], impairing its ability to grow and breed.;;;;;;;;;;;;;x
kill_dragon_tooltip;You will be presented with options to target the dragon;;;;;;;;;;;;;x
EVTDESCmaester.82;The dragon must be targetted in such a manner so as to not arouse suspicion of myself or the Citadel. Some way of weakening it so it's growth is stunted and it's progeny made sickly would be best....;;;;;;;;;;;;;x
EVTOPTAmaester.82;I know of an old tome that will help;;;;;;;;;;;;;x
EVTOPTBmaester.82;I'll make a draft to make it ill;;;;;;;;;;;;;x
EVTOPTCmaester.82;I'll use some herbs to make it infertile;;;;;;;;;;;;;x
EVTOPTDmaester.82;Perhaps wounding it will work?;;;;;;;;;;;;;x
TOOLTIPmaester.83;The dragon is successfully targetted;;;;;;;;;;;;;x
TOOLTIPmaester.84;You fail to harm the dragon;;;;;;;;;;;;;x
TOOLTIPmaester.85;You fail to harm the dragon, and are in turn attacked....;;;;;;;;;;;;;x
EVTDESCmaester.83;I remembered reading an old book on the dragons of Valyria, within which contained a detailed explanation on the anatomy of dragons. Using this knowledge I managed to sneakily approach [target_dragon.GetName] and sabotage it's reproductive organs without even waking the beast.;;;;;;;;;;;;;x
EVTDESCmaester.83B;My knowledge of medicine and making drafts lends me to believe a variant of moon tea may be effective on dragons. I concocted such a draft and covertly added it to [target_dragon.GetName]'s food, which has led it the beast becoming less vigorous, and presumably less fertile.;;;;;;;;;;;;;x
EVTDESCmaester.83C;I am an authority on herbs, and know of a few rare and potent materials that may harm a dragon. I secretly ordered them in and had them infused in [target_dragon.GetName]'s water. The wretched beast has since reported to have lain a batch of malformed dragon eggs, leading me to believe its fertility has been effected.;;;;;;;;;;;;;x
EVTDESCmaester.83D;Lacking any specific knowledge to harm the dragon, I must go for the direct approach! I have been sent a poison by the Citadel which must be applied directly into a dragon's blood, and so under cover of darkness I crept into [target_dragon.GetName]'s lair whilst it was sleeping. I pierced the beast's skin and applied the poison without waking it, leading to it becoming severly ill.;;;;;;;;;;;;;x
EVTOPTAmaester.83;The world is a safer place now;;;;;;;;;;;;;x
EVTDESCmaester.84;I recalled an ancient scroll that hypothesised the anatomy of dragons, and came up with a plan using this knowledge. I tried to approach [target_dragon.GetName] and sever its reproductive organs without it waking, but before I could make the cut however it awoke! I escaped before it could harm me too much.;;;;;;;;;;;;;x
EVTDESCmaester.84B;My teachings on medicine led me to believe a batch of moon tea tailored to a dragon could sabotage its reproductive capacity. I had a specially made draft added to [target_dragon.GetName]'s food in the hope it would ingest it. The wily beast rejects the food however, seemingly knowing of its contents.;;;;;;;;;;;;;x
EVTDESCmaester.84C;I ordered some hard to find, and dangerous, herbs from my network of fellow herbologists, and had them added to [target_dragon.GetName]'s water in the hope of making the beast ill and infertile. It did not work however, the dragon upon drinking the water immediately flys into a rage and boils the remaining water away with its fire.;;;;;;;;;;;;;x
EVTDESCmaester.84D;The Citadel covertly sent me a poison with which to atack the beast. The substance is applied directly into a wound in the skin, and so I infiltrated [target_dragon.GetName]'s lair under cover of darkness to perform the deed. The dragon always wakes on my approach however, driving me off in suspicion.;;;;;;;;;;;;;x
EVTOPTAmaester.84;I failed;;;;;;;;;;;;;x
EVTDESCmaester.85;An ancient scroll in the library had a diagram on the anatomy of dragons, and so I came up with a plan using this knowledge. I attempted to approach [target_dragon.GetName] and sever its reproductive organs without it waking, but before I could make the cut however it awoke and attacked me with its dragon flame!;;;;;;;;;;;;;x
EVTDESCmaester.85B;My teachings on medicine led me to believe a batch of moon tea tailored to a dragon could sabotage its reproductive capacity. In the night, I tried to add a specially made draft to [target_dragon.GetName]'s food in the hope it would ingest it. The wily beast awakes and rejects the food however, lashing out at me furiously!;;;;;;;;;;;;;x
EVTDESCmaester.85C;I ordered some hard to find, and dangerous, herbs from my network of fellow herbologists, and had them added to [target_dragon.GetName]'s water in the hope of making the beast ill and infertile. It did not work however, the dragon seemingly unaffected. I however fall grievously ill from handling the herbs...;;;;;;;;;;;;;x
EVTDESCmaester.85D;The Citadel covertly sent me a poison with which to atack the beast. The substance is applied directly into a wound in the skin, and so I infiltrated [target_dragon.GetName]'s lair under cover of darkness to perform the deed. The dragon awakes on my approach however, attacking me in a furious rage!;;;;;;;;;;;;;x
EVTOPTAmaester.85;This was a bad idea;;;;;;;;;;;;;x
EVTDESCmaester.91;[Root.PrimaryTitle.GetFOA] and [Root.GetSocietyRank], it is clear that sorcery and its practicioners are a grave threat to this world. [target_courtier.GetTitledFirstNameWithDynastyNoRegnal] is known to be such a threat, therefore me and my colleagues at the Citadel urge you to help stop [target_courtier.GetHerHim] by any means necessary.\n\nSigned, [From.GetSocietyRank] [From.GetFirstName];;;;;;;;;;;;;x
TOOLTIPmaester.92;You are assigned the mission to assasinate [target_courtier.GetTitledFirstNameWithDynastyNoRegnal];;;;;;;;;;;;;x
maester_kill_magic_person;Assasinate [FromFrom.GetTitledFirstNameWithDynastyNoRegnal];;;;;;;;;;;;;x
maester_kill_magic_person_desc;You have been tasked with assasinating [FromFrom.GetTitledFirstNameWithDynastyNoRegnal], a known sorcerer and patron of magic;;;;;;;;;;;;;x
maester_kill_magic_person_tooltip;You will need to plot against the target to murder them, or else find some other method to eliminate them;;;;;;;;;;;;;x
EVTDESCmaester.93;[target_courtier.GetTitledFirstNameWithDynastyNoRegnal] has been eliminated by your hand, [target_courtier.GetHerHis] beliefs and dubious abilities are no longer a threat to the world.;;;;;;;;;;;;;x
EVTOPTAmaester.93;The Citadel will be pleased;;;;;;;;;;;;;x
EVTDESCmaester.94;[target_courtier.GetTitledFirstNameWithDynastyNoRegnal] has been eliminated, but not by your hand. Regardless, [target_courtier.GetHerHis] beliefs and dubious abilities are no longer a threat to the world.;;;;;;;;;;;;;x
EVTOPTAmaester.94;The Citadel will be satisfied;;;;;;;;;;;;;x
EVTDESCmaester.100;[FromFrom.GetTitledFirstName] has approached seeking a private word. [FromFrom.GetSheHeCap] claims to have learnt a dark art whilst at the Citadel, an ability that [FromFrom.GetSheHe] claims will enable [FromFrom.GetHerHim] to sustain your life should some calamity befall you. [FromFrom.GetSheHeCap] is requesting permission to perform the act on your body should you die prematurely.;;;;;;;;;;;;;x
EVTOPTAmaester.100;Yes, I shall defeat death!;;;;;;;;;;;;;x
TOOLTIPmaester.100A;If you die prematurely, [FromFrom.GetTitledFirstName] will be given your body to perform [FromFrom.GetHerHis] revival experiment on;;;;;;;;;;;;;x
EVTOPTBmaester.100;That is necromancy! An evil notion!;;;;;;;;;;;;;x
opinion_rejected_necromancy;Rejected Revival;;;;;;;;;;;;;x
EVTDESCmaester.101;[From.GetTitledFirstNameNoRegnal] seemed eager at the prospect of evading death, and so has agreed to turn [From.GetHerHis] body over to me should [From.GetSheHe] die prematurely. This will enable me to perform my necromancy upon [From.GetHerHim].;;;;;;;;;;;;;x
EVTOPTAmaester.101;I knew [From.GetSheHe] had an open mind;;;;;;;;;;;;;x
opinion_promised_necromancy;Promised Revival;;;;;;;;;;;;;x
opinion_withdrawn_necromancy;Withdrawn Revival Promise;;;;;;;;;;;;;x
EVTDESCmaester.102;[From.GetTitledFirstNameNoRegnal] was repulsed at your suggestion, accusing you of evil necromancy! [From.GetSheHeCap] urges you not to speak of it again.;;;;;;;;;;;;;x
EVTOPTAmaester.102;[From.GetHerHisCap] loss;;;;;;;;;;;;;x
EVTDESCmaester.103;[From.GetTitledFirstNameNoRegnal] has indicated [From.GetSheHe] no longer requires your body for [From.GetHerHis] revival experiments.;;;;;;;;;;;;;x
EVTOPTAmaester.103;But you promised me!;;;;;;;;;;;;;x
EVTDESCmaester.105;revived by maester;;;;;;;;;;;;;x
EVTDESCmaester.105B;revived by maester first time;;;;;;;;;;;;;x
EVTOPTAmaester.105;;;;;;;;;;;;;;x
CUSTOMTOOLTIPmaester_saved_me;;;;;;;;;;;;;;x
EVTDESCmaester.106;Inform enemy was resurrected!;;;;;;;;;;;;;x
EVTOPTAmaester.106;;;;;;;;;;;;;;x
EVTDESCmaester.107;Inform you resurrected target!;;;;;;;;;;;;;x
EVTOPTAmaester.107;;;;;;;;;;;;;;x
EVTOPTmaester_resurrected;The Maester takes your body....;;;;;;;;;;;;;x
TOOLTIPbrew_happiness_potion_LINKS;Has 2 maester links in §Ymedicine§!;;;;;;;;;;;;;x
TOOLTIPhermetics_make_horoscope_LINKS;Has 2 maester links in §Yastronomy§!;;;;;;;;;;;;;x
choose_hermetic_art;Choose Maester Specialisation;Choisir un art hermétique;Hermetische Kunst wählen;;Elegir arte hermético;;;;;;;;;x
choose_hermetic_art_desc;Choose to focus on one of the subjects taught at §Y[Root.Society.GetName]§!. Doing so will allow you to choose a lifestyle trait.;Choisir de se concentrer sur des trois arts [Root.Get_only_du_Society]§Y[Root.Society.GetName]§!. Le faire permet de choisir un trait de style de vie.;"Wählt eine der drei Künste innerhalb des ""§Y[Root.Society.GetName]§!""-Zirkels aus. Anschließend könnt Ihr einen Lebensstil als neues besonderes Merkmal annehmen.";;Elige a cuál de las tres artes de §Y[Root.Society.GetName]§! te dedicarás. De ese modo, elegirás un rasgo de estilo de vida.;;;;;;;;;x
choose_hermetic_art_power_desc;Enables §Gright-clicking§! on your character's portrait in order choose a specialisation in one of the subjects of the Citadel, allowing you to decide on your lifestyle.;Permet de choisir un des trois arts des Hermétistes, vous permettant de décider de votre style de vie.\n(Faites un clic droit sur votre portrait);Ermöglicht es, per §GRechtsklick§! auf Euer Porträt eine von drei hermetischen Künsten als Lebensstil auszuwählen.;;Activa el §Gclic con el botón secundario§! en el retrato de tu personaje para elegir una de las tres artes del hermetismo y decidir tu estilo de vida.;;;;;;;;;x
choose_hermetic_art_allow_tooltip;Is not currently choosing a specialisation\n;Est autorisé à choisir un art hermétique en ce moment\n;Hat im Moment die Möglichkeit, eine hermetische Kunst auszuwählen\n;;En este momento se puede elegir un arte del hermetismo.\n;;;;;;;;;x
choose_hermetic_art_allow_tooltipB;Has §Y2§! [FromFrom.GetName]s;;;;;;;;;;;;;x
TOOLTIPhas_links_for_maester_rank_trigger;Has §Y10§! links from the Citadel;;;;;;;;;;;;;x
TOOLTIPhas_links_level_1_trigger;Has §Y6§! links from the Citadel;;;;;;;;;;;;;x
TOOLTIPhas_links_level_2_trigger;Has §Y12§! links from the Citadel;;;;;;;;;;;;;x
TOOLTIPhas_links_level_3_trigger;Has §Y18§! links from the Citadel;;;;;;;;;;;;;x
TOOLTIPhas_links_level_4_trigger;Has §Y24§! links from the Citadel;;;;;;;;;;;;;x
hermetics_write_magnum_opus;Write a Great Work;Écrire un magnum opus;Ein Magnum Opus schreiben;;Escribir magnum opus;;;;;;;;;x
hermetics_write_magnum_opus_desc;Record your life's work for posterity in a book to be kept at the Citadel library;Consignez le travail de votre vie pour la postérité dans un magnum opus chiffré.;Zeichnet in einem verschlüsselten Magnum Opus Euer Lebenswerk für die Nachwelt auf.;;Registra el trabajo de tu vida para la posteridad en una magnum opus codificada.;;;;;;;;;x
hermetics_wrote_magnum_opus_cd_tooltip;§Y[Root.GetTitledFirstName]§! has not already written a Great Work\n;[Root.Get_Le_TitledFirstNameJ] n'a pas déjà écrit un magnum opus\n;§Y[Root.GetTitledFirstName]§! hat noch nicht ein Magnum Opus geschrieben\n;;§Y[Root.GetTitledFirstName]§! aún no ha escrito una magnum opus.\n;;;;;;;;;x
TOOLTIPhermetics_SPECIALISATION;Has chosen a §Yspecialisation§! In a subject at the Citadel;;;;;;;;;;;;;x
TOOLTIPhermetics_write_magnum_opus_LINKS;Has §Y3§! Links in chosen specialisation;;;;;;;;;;;;;x
TOOLTIPinvite_hermetic_to_stargazing_LINKS;Has 2 maester links in either §Yastronomy§! or §Ytime and seasons§!;;;;;;;;;;;;;x
perform_necromancy;Offer Necromancy;;;;;;;;;;;;;x
TOOLTIPperform_necromancyA;NOT already the target of necromancer;;;;;;;;;;;;;x
TOOLTIPperform_necromancyB;Is NOT currently offering someone necromancy;;;;;;;;;;;;;x
TOOLTIPmaester.100;You approach [This.GetTitledFirstName] asking that if they die prematurely, that [This.GetHerHis] body will be given to you to perform a revival experiment on.;;;;;;;;;;;;;x
TOOLTIPperform_necromancyC;[This.GetTitledFirstName] will no longer be the target of your necromancy, and will be upset;;;;;;;;;;;;;x
TOOLTIPhermetics_acquire_ingredients_decision_LINKS;Has 2 maester links in either herblore, medicine, metallurgy or medicine;;;;;;;;;;;;;x
EVTDESC_MNM_102;Greetings [Root.GetTitledFirstName]!\nWe are delighted to learn that you have taken your first step towards true knowledge. The secrets of the Citadel may be obscured to you now, but in time you may come to understand them as I have.\n\nThe Conclave looks forward to receiving you in [c_the_citadel.Holder.Capital.GetName].\nSigned, [From.GetSocietyRank] [From.GetFirstName];Salutations, [Root.GetTitledFirstName] !\nNous sommes ravis d'apprendre que vous avez fait votre premier pas vers l'illumination. Les secrets du Corpus peuvent vous paraître obscurs, mais avec le temps vous pourrez les comprendre aussi bien que moi.\n\nGardez à l'esprit ce que vous voulez savoir, et [Root.GetHermesThriceBlessed], vous l'enseignera.\nSigné, [From.GetSocietyRank] [From.GetFirstName];Seid gegrüßt, [Root.GetTitledFirstName]!\nWir sind davon entzückt, zu erfahren, dass Ihr Euren ersten Schritt auf dem Weg zur Erleuchtung getan habt, [Root.GetTitle]. Die Geheimnisse des Corpus mögen Euch zwar jetzt noch verborgen sein, doch mit der Zeit werdet Ihr sie so wie ich selbst zu verstehen beginnen.\n\nDenkt immer an das Wissen, das Euch verheißen ist, dann wird [Root.GetHermesThriceBlessed] es Euch auch lehren.\nGezeichnet, [From.GetSocietyRank] [From.GetFirstName];;Saludos, [Root.GetTitledFirstName]:\nNos complace saber que has dado tu primer paso hacia la iluminación, [Root.GetTitle]. Los secretos del Corpus pueden parecerte oscuros ahora, pero con el tiempo lograrás comprenderlos tan bien como yo.\n\nGuarda en tu mente lo que quieres aprender, que [Root.GetHermesThriceBlessed] te enseñará.\nFirmado: [From.GetSocietyRank] [From.GetFirstName];;;;;;;;;x
emerald_tablet;Obsidian Tablet;Table d'Émeraude;Smaragdtafel;;La Tabla de Esmeralda;;;;;;;;;x
EVTDESC_MNM_1418;To the honoured [Root.GetSocietyRank] [Root.GetTitledFirstNameNoRegnal],\n\n[Root.PrimaryTitle.GetFOA], I have a proposal which might interest you. An old letter detailing the possible locations of some lost scholarly writings came into my possession not many moons ago. If you fund an expedition, we can search for these treasures together!\n\nSigned, [From.GetSocietyRank] [From.GetFirstName];[Root.GetFromThisHermeticsRank] [Root.GetFirstName],\nM[Root.GetOnA] [Root.GetSisterBrother], j'ai une proposition qui pourrait vous intéresser. Une vieille lettre détaillant les emplacements possibles de quelques écrits hermétiques perdus est venue en ma possession il y a quelques lunes de ça. Si vous financez une expédition, nous pourrions rechercher ces trésors ensemble !\n\nCe qui est en haut, tel est en bas.\nSigné, [From.GetSocietyRank] [From.GetFirstName];An [Root.GetFromThisHermeticsRank] [Root.GetFirstName],\n\nm[Root.Geteineine] [Root.GetSisterBrother], ich habe einen Vorschlag, der Euch interessieren könnte. Vor wenigen Monaten kam ich in den Besitz eines alten Briefes, in dem ausführlich auf den möglichen Verbleib einiger verschollener hermetischer Schriften eingegangen wird. Falls Ihr die nötigen Geldmittel für eine Expedition aufbringt, können wir gemeinsam nach diesen Schätzen suchen!\n\nWie oben, so unten.\nGezeichnet, [From.GetSocietyRank] [From.GetFirstName];;[Root.GetFromThisHermeticsRank] [Root.GetFirstName]:\n\n[Root.GetSisterBrother], tengo una propuesta que podría interesarte. No hace muchas lunas que me hice con una vieja carta en la que se detallan las posibles ubicaciones de algunos escritos herméticos perdidos hace tiempo. Si fundas una expedición, ¡podríamos buscar juntos esos tesoros!\n\nComo arriba, es abajo.\nFirmado: [From.GetSocietyRank] [From.GetFirstName];;;;;;;;;x
EVTDESC_MNM_1420_B;To the honoured [Root.GetSocietyRank] [Root.GetTitledFirstNameNoRegnal],\nI have the best of news! Since our last correspondence I have acquired a map leading to a surviving chamber of the a library in Old Valyria! While the previous options remain – a tome here in [Root.Capital.GetName], a scroll in [temple_site.GetName] and tablet in [ruin_site.Holder.TopLiege.PrimaryTitle.GetName] – I would argue that this opportunity is too great to pass up.\n\nSigned, [From.GetSocietyRank] [From.GetFirstName];[Root.GetFromThisHermeticsRank] [Root.GetFirstName],\nJ'ai une excellente nouvelle ! Depuis notre dernière correspondance, je me suis procuré une carte conduisant à une pièce non détruite de la grande bibliothèque d'Alexandrie ! Bien que les options précédentes subsistent – un gros volume ici à [Root.Capital.GetName], un rouleau de parchemin à [temple_site.GetName] et une tablette à [ruin_site.Holder.TopLiege.PrimaryTitle.GetName] – je dirais que cette occasion est trop importante pour la laisser passer.\n\nSigné, [From.GetSocietyRank] [From.GetFirstName];An [Root.GetFromThisHermeticsRank] [Root.GetFirstName],\nich habe wunderbare Neuigkeiten! Seit unserer letzten Korrespondenz bin ich in den Besitz einer Karte gelangt, die zu einer unzerstörten Kammer der Großen Bibliothek von Alexandria führt! Obzwar uns die vorherigen Optionen – ein Buch hier in [Root.Capital.GetName], eine Schriftrolle in [temple_site.GetName] und eine Tafel in [ruin_site.Holder.TopLiege.PrimaryTitle.GetName] – weiterhin offen stehen, halte ich diese Gelegenheit für zu bedeutend, um sie ungenutzt verstreichen zu lassen.\n\nGezeichnet, [From.GetSocietyRank] [From.GetFirstName];;[Root.GetFromThisHermeticsRank] [Root.GetFirstName]:\n¡Tengo buenísimas noticias! Desde nuestra última correspondencia, he adquirido un mapa que dirige a una cámara aún existente de la gran Biblioteca de Alejandría. Aunque aún nos quedan las opciones anteriores (un libro aquí en [Root.Capital.GetName], un pergamino en [temple_site.GetName] y una tablilla en [ruin_site.Holder.TopLiege.PrimaryTitle.GetName]), diría que esta oportunidad es demasiado buena como para pasarla por alto.\n\nFirmado: [From.GetSocietyRank] [From.GetFirstName];;;;;;;;;x
EVTOPTA_MNM_1420;Excellent indeed! We shall go to Valyria!;Excellente en effet ! Nous irons à Alexandrie !;Fürwahr ausgezeichnete Kunde! Machen wir uns auf den Weg nach Alexandria!;;¡Es verdaderamente excelente! ¡Iremos a Alejandría!;;;;;;;;;x
EVTOPTA_MNM_1420_TT;You and §Y[From.GetTitledFirstName]§! set off on an expedition to Valyria, hoping to find the ruins of the Great Library.\n;Vous partez avec [From.Get_le_TitledFirstNameJ] pour une expédition à Alexandrie, dans l'espoir de trouver les ruines de la Grande Bibliothèque.\n;Ihr und §Y[From.GetTitledFirstName]§! brecht zu einer Expedition nach Alexandria auf, in der Hoffnung, die Ruinen der Großen Bibliothek zu finden.\n;;§Y[From.GetTitledFirstName]§! y tú partís de expedición a Alejandría esperando encontrar las ruinas de la Biblioteca Real.\n;;;;;;;;;x
EVTTITLE_MNM_1422;The Tablet;La Table d'Émeraude;Tabula Smaragdina;;Tabula Smaragdina;;;;;;;;;x
EVTDESC_MNM_1422;When we found the dragon engraved door to the chamber, we could hardly believe our eyes. [From.GetSocietyRank] [From.GetFirstName] and I had nearly given up. That day would be the very last of our search, we had decided, so our discovery must surely have been a miracle! My hands were shaking as I, alongside the servants, cleared the last rubble and heaved the door open.\n\nLantern held high over our heads, my colleague and I entered first. The faint light fell on countless pots and chests, elaborate wall paintings and a great valyrian forge. Something else reflected the light from deep within the chamber, something a deep black... [From.GetFirstName]'s breaths were quick and shallow. 'It.... it cannot be!';Quand nous avons trouvé la porte sculptée menant à la pièce, nous pouvions à peine en croire nos yeux. [From.Get_Le_SocietyRank] [From.GetFirstName] et moi avions presque abandonné. Nous avions décidé que ce jour serait le dernier de nos recherches, alors notre découverte devait sûrement être un miracle ! Mes mains tremblaient alors que je déblayais les derniers décombres avec les serviteurs puis ouvrais la porte.\n\nUne lanterne tenue bien en hauteur, mon collègue et moi entrâmes en premier. La faible lumière éclaira d'innombrables pots et coffres, des peintures murales élaborées et une grande forge. Quelque chose d'autre reflétait la lumière depuis le fond de la pièce, quelque chose d'un vert éclatant... Les respirations de [From.GetFirstName] étaient rapides et peu profondes. « Ce... ce n'est pas possible ! »;"Als wir die gravierte Tür zur Kammer fanden, konnten wir unseren Augen kaum glauben. [From.GetSocietyRank] [From.GetFirstName] und ich hätten fast aufgegeben. Da wir bereits beschlossen hatten, dass dieser Tag der letzte unserer Suche sein solle, muss unsere Entdeckung fürwahr ein göttliches Wunder gewesen sein! Mir zitterten die Hände, als ich an der Seite der Diener den letzten Schutt wegräumte und die Tür aufstemmte.\n\nMit hoch über unseren Köpfen gehaltenen Laternen betraten mein Kollege und ich als Erste den Raum. Das schwache Licht fiel auf unzählige Töpfe und Truhen, kunstreiche Wandgemälde und einen gewaltigen Schmiedeofen. Noch etwas anderes tief im Innern der Kammer warf das Licht zurück, etwas leuchtend Grünes... [From.GetFirstName] atmete sehr schnell und flach. ""Das... das ist nicht möglich!""";;"Cuando encontramos la puerta tallada de entrada a la cámara, no podíamos creer lo que estábamos viendo. [From.GetSocietyRank] [From.GetFirstName] y yo estábamos a punto de perder la esperanza. Habíamos decidido que ese sería el último día de nuestra búsqueda, ¡así que nuestro descubrimiento debió de ser un milagro divino! Me temblaban las manos mientras los sirvientes y yo apartábamos los últimos escombros y abríamos la puerta tirando de ella.\n\nMi colega y yo entramos en primer lugar con la linterna sostenida sobre nuestras cabezas. La tenue luz caía sobre numerosas vasijas y cofres, elaborados murales y una gran forja. Algo más reflejaba la luz desde la profundidad de la cámara, algo de un verde muy vivo... [From.GetFirstName] respiraba entrecortadamente. No... ¡No puede ser!.""";;;;;;;;;x
EVTOPTA_MNM_1422;Finally, the deepest secrets of Old Valyria shall be mine!;Enfin, les plus grands secrets d'Hermès Trismégiste seront miens !;Endlich werden die größten Geheimnisse von Hermes Trismegistos mein sein!;;¡Los secretos más impenetrables de Hermes Trimegisto al fin serán míos!;;;;;;;;;x
EVTOPTA_MNM_1423;Do my eyes deceive me, or are those symbols runes?;Je rêve ou ces symboles sont des hiéroglyphes ?;Spielen meine Augen mir einen Streich? Oder handelt es sich bei diesen Symbolen tatsächlich um Hieroglyphen?;;¿Me engañan mis ojos, o eso son jeroglíficos?;;;;;;;;;x
EVTDESC_MNM_1425;[From.GetSocietyRank] [From.GetFirstName] and I searched every shelf and chest in the dusty old shop. For days on end we did nothing but breathe dust and leaf through boring old texts. They were all full of nonsense! On the fourth day, I was thus incredibly surprised to lay my eyes on the symbols of the Citadel!;[From.GetSocietyRank] [From.GetFirstName] et moi avons fouillé chaque étagère et chaque coffre dans la vieille boutique poussiéreuse. Pendant des jours, nous n'avons fait que respirer de la poussière et feuilleter de vieux textes ennuyeux. Ils étaient remplis de bêtises ! Le quatrième jour, j'étais donc incroyablement surpris[Root.GetNoneE] de tomber sur les symboles des Trois Principaux !;[From.GetSocietyRank] [From.GetFirstName] und ich durchsuchten jedes Fach und jede Truhe in dem staubigen, alten Laden. Tagelang atmeten wir den Staub alter Schriftrollen, als wir uns durch alte, langatmige Texte kämpften. Sie enthalten nichts weiter als Unsinn! Insofern war ich aufs Höchste überrascht, als ich am vierten Tag tatsächlich auf die Symbole der drei Urmaterien stieß!;;[From.GetSocietyRank] [From.GetFirstName] y yo buscamos por cada estante y cofre de la vieja y polvorienta tienda. Durante varios días, no respiramos nada más que polvo y páginas de viejos y aburridos libros. ¡Estaban llenos de sandeces! Al cuarto día, me sorprendió enormemente posar la mirada sobre los símbolos de las Tres Bases.;;;;;;;;;x
EVTDESC_MNM_1426_A;My misgivings arose early after our arrival in the ruins of Valyria, but [From.GetSocietyRank] [From.GetFirstName] insisted that we must have misinterpreted the map. After every failure, [From.GetSheHe] had a new idea. A suspicion crept upon me... What if the map was forged, and [From.GetFirstName] knew? Was the blasted expedition a plot to ruin me?!;Mes inquiétudes se sont manifestées peu de temps après notre arrivée à Alexandrie, mais [From.Get_le_SocietyRank] [From.GetFirstName] a affirmé que nous avions mal interprété la carte. Après chaque échec, [From.GetIlElle] avait une nouvelle idée. J'ai commencé à avoir des soupçons... Et si la carte était falsifiée, et que [From.GetFirstName] le savait ? Serait-ce un complot visant à me ruiner ?;Mein Ungemach begann schon nach unserer Ankunft in Alexandria, aber [From.GetSocietyRank] [From.GetFirstName] bestand darauf, dass wir die Karte missverstanden hatten. Jedes Mal, wenn wir scheiterten, hatte [From.GetSheHe] eine neue Idee. In mir regte sich ein Verdacht... Was, wenn die Karte eine Fälschung wäre und [From.GetFirstName] mich mit dieser Expedition ruinieren will?;;Yo había empezado a dudar poco después de llegar a Alejandría, pero [From.GetSocietyRank] [From.GetFirstName] insistía en que debíamos de habernos equivocado al interpretar el mapa. Después de cada fracaso, a [From.GetFirstName] se le ocurría otra idea. Comencé a sospechar... ¿Y si el mapa era falso y [From.GetFirstName] lo sabía? ¡¿Era esta expedición condenada al fracaso un complot para arruinarme?!;;;;;;;;;x
quest_hermetics_find_text;Find a Scholarly Text;Trouver un texte des Hermétistes;Findet einen hermetischen Text;;Encontrar una obra hermética;;;;;;;;;x
quest_hermetics_find_text_desc;Your colleague [FromFrom.GetSocietyRank] [FromFrom.GetFirstName] has found a letter detailing the possible locations of some great old works of knowledge. A deal has been struck – [FromFrom.GetSocietyRank] [FromFrom.GetFirstName] shall share the contents of the letter with you, and you shall fund the expedition.;Votre collègue, [FromFrom.Get_le_SocietyRank] [FromFrom.GetFirstName], a trouvé une lettre détaillant les endroits possibles de certains anciens travaux d'hermétisme. Un marché a été conclu – [FromFrom.GetSocietyRank] [FromFrom.GetFirstName] partagera le contenu de la lettre avec vous, et vous financerez l'expédition.;Euer Kollege [FromFrom.GetSocietyRank] [FromFrom.GetFirstName] hat einen Brief gefunden, in dem der mögliche Aufbewahrungsort verschiedener alter und wichtiger hermetischer Texte beschrieben ist. Eine Einigung wurde erzielt: [FromFrom.GetSocietyRank] [FromFrom.GetFirstName] wird den Inhalt des Briefs mit Euch teilen, während Ihr im Gegenzug die Expedition finanzieren werdet.;;Tu colega [FromFrom.GetSocietyRank] [FromFrom.GetFirstName] ha encontrado una carta en la que se detallan las posibles ubicaciones de algunas de las grandes obras del hermetismo. Hay posibilidades de sellar un trato: [FromFrom.GetSocietyRank] [FromFrom.GetFirstName] compartirá el contenido de la carta contigo si tú financias la expedición.;;;;;;;;;x
quest_hermetics_find_text_tooltip;If §Y[Root.GetTitledFirstName]§! sets out on one of the expeditions suggested by §Y[From.GetTitledFirstName]§! and finds an old scholarly text, the mission is completed.;Si [Root.Get_le_TitledFirstNameJ] mène une des expéditions suggérées par [From.Get_le_TitledFirstNameJ] et trouve un ancien texte des Hermétistes, la mission sera remplie.;Wenn §Y[Root.GetTitledFirstName]§! eine Expedition, so wie sie von §Y[From.GetTitledFirstName]§! vorgeschlagen wurde, unternimmt und einen alten, hermetischen Text findet, ist die Mission abgeschlossen.;;Si §Y[Root.GetTitledFirstName]§! sale en alguna de las expediciones sugeridas por §Y[From.GetTitledFirstName]§! y encuentra alguna obra hermética antigua, completarás la misión.;;;;;;;;;x
brew_happiness_potion;Brew Milk of the Poppy;Préparer une potion d'eudaimonia;Trank von Eudaimonia brauen;;Elaborar poción de eudemonía;;;;;;;;;x
brew_happiness_potion_desc;As a [From.GetSocietyRank] of [From.Society.GetName], §Y[From.GetTitledFirstName]§! can brew Milk of the poppy to raise low spirits.;En tant qu[From.Get_e_SocietyRank] [From.Get_du_Society], [From.Get_le_TitledFirstNameJ] peut préparer un breuvage magique qui chasse la déprime.;"Als [From.GetSocietyRank] des ""From.Society.GetName]""-Zirkels kann §Y[From.GetTitledFirstName]§! einen Trank brauen, der die Gemüter hebt.";;Como [From.GetSocietyRank] de [From.Society.GetName], §Y[From.GetTitledFirstName]§! puede elaborar una poción para levantar el ánimo.;;;;;;;;;x
EVTDESC_MNM_1400;I brewed the Milk of the poppy just like the enciphered recipe dictated. Mere seconds after it passed my lips a wave of pleasurable sensations rolled over me! While the peak of my bliss was short-lived, that first rush must have washed away the dispiriting darkness that has plagued me for so long.;J'ai préparé le breuvage magique en suivant la recette. Quelques secondes après l'avoir bu, une vague de sensations agréables m'envahit ! Bien que le sommet de ma félicité ait été de courte durée, cette première gorgée a emporté les mauvaises humeurs qui m'ont tracassé pendant si longtemps.;Ich habe den Trank genau nach der vorgeschriebenen verschlüsselten Rezeptur gebraut. Kaum hatte ich ihn getrunken, wurde ich von einer Welle angenehmer Empfindungen durchströmt! Obzwar der Gipfel der Glückseligkeit nur von kurzer Dauer war, muss diese erste Welle die entmutigende Finsternis hinweggeschwemmt haben, die mich so lange geplagt hatte.;;He elaborado la poción tal y como indicaba la receta codificada. Escasos segundos después de pasar por mis labios, me dominó una oleada de sensaciones placenteras. Aunque la cumbre de mi gozo fue breve, esa primera sensación debió de erradicar la lóbrega oscuridad que me atormentó durante tanto tiempo.;;;;;;;;;x
EVTDESC_MNM_1401;I do not mean to meddle, [Root.GetTitledFirstName], but you do not seem to be well,' says [From.GetTitledFirstName], concern tinting [From.GetHerHis] voice. 'In my studies, I have unveiled a secret to raise low spirits and bring about happiness.' [From.GetSheHeCap] offers me a flask containing Milk of the poppy.;« Je ne veux pas me mêler de ce qui ne me regarde pas, [Root.Get_le_TitledFirstName], mais vous ne semblez pas aller bien », dit [From.Get_le_TitledFirstName] d'une voix inquiète. « Dans mes études, j'ai découvert comment chasser la déprime et apporter le bonheur ». [From.GetIlElleCap] m'offre un flacon contenant un liquide non identifiable.;"Ich möchte nicht vorwitzig erscheinen, [Root.GetTitledFirstName], aber Ihr scheint nicht recht wohlauf zu sein, sagt [From.GetTitledFirstName] mit einem besorgten Ton in der Stimme. ""Bei meinen Forschungen habe ich ein Geheimnis entdeckt, das Niedergeschlagenheit vertreibt und Glückseligkeit herbeiführt"", sagt [From.GetSheHe] und bietet mir ein Fläschchen mit einer unbekannten Flüssigkeit an.";;"No pretendo entrometerme, [Root.GetTitledFirstName], pero no pareces estar bien, dice [From.GetTitledFirstName] con voz preocupada. Mis estudios han desvelado un secreto para aliviar el decaimiento y traer felicidad"", dice mientras me ofrece un frasco que contiene un líquido irreconocible.""";;;;;;;;;x
EVTOPTB_MNM_1401_TT;Refuse to drink the Milk of the poppy;Vous refusez de boire le breuvage magique.;Weigert Euch, von dem Trank zu kosten.;;Niégate a beber la poción.;;;;;;;;;x
EVTDESC_MNM_1402;I brewed the Milk of the poppy just like the enciphered recipe dictated. [From.GetTitledFirstName] gratefully accepted my help and as soon as [From.GetSheHe] drank my concoction, I could see a change in [From.GetHerHim]. Now the light has returned to [From.GetHerHis] eyes!;J'ai préparé le breuvage magique tel que décrit dans la recette. [From.Get_Le_TitledFirstName] a accepté mon aide et dès qu'[From.GetIlElle] a bu ma concoction, j'ai pu percevoir un changement en [From.GetLuiElle]. Maintenant la lumière brille de nouveau dans ses yeux !;Ich habe den Trank genau nach der vorgeschriebenen verschlüsselten Rezeptur gebraut. [From.GetTitledFirstName] nahm meine Hilfe dankbar an und sobald [From.GetSheHe] mein Gebräu getrunken hatte, konnte ich sehen, wie sich [From.GetHerHis] Gemüt veränderte. Jetzt ist das Licht wieder in [From.GetHerHis]en Augen zurückgekehrt!;;He elaborado la poción tal y como indicaba la receta codificada. [From.GetTitledFirstName] agradeció y aceptó mi ayuda y, nada más beberse mi brebaje, vi cómo le cambiaba la cara. ¡Ahora la luz ha vuelto a su mirada!;;;;;;;;;x
EVTDESC_MNM_1403;For a while I felt like nothing could extinguish the renewed sense of joy and purpose I gained after drinking the Milk of the poppy. It seems as if I was mistaken. Life and duty wears one down and I am no exception. There is nothing more, no great secret to uncover. Just toil and anguish, every day until my last.;J'ai pensé durant un temps que rien ne pourrait éteindre le sentiment retrouvé de joie et d'ambition acquis depuis la consommation du breuvage magique. Il semble que je me sois trompé[Root.GetNoneE]. La vie et les responsabilités comportent des difficultés, et je ne suis pas une exception. Il n'y a rien de plus, aucun grand secret à découvrir. Simplement de la fatigue et de l'angoisse, chaque jour jusqu'à mon dernier.;Eine Weile kam es mir so vor, als könne nichts das erneuerte Gefühl von Freude und Erfüllung auslöschen, das ich durch das Einnehmen des Trankes gewonnen hatte. Wie es scheint, hatte ich mich getäuscht. Das Leben und die Pflicht zermürben nun einmal das Gemüt und ich bin da keine Ausnahme. Es gibt nichts weiter, kein großes Geheimnis, das es zu entschleiern lohnt. Nur Mühsal und Verzweiflung, Tag für Tag, bis an mein Lebensende.;;Por un momento sentí como si nada pudiese extinguir la renovada sensación de alegría y resolución que obtuve después de beber la poción. Parece que me equivoqué. La vida y el deber lo desgastan a uno, y yo no soy una excepción. Ya no hay nada más. No quedan secretos por descubrir. No hay más que trabajo y angustia hasta el último de mis días.;;;;;;;;;x
EVTDESC_MNM_1460;While I am certainly a great scholar with several fine discoveries to my name, I am not too proud to collaborate with like-minded maesters. I have contemplated hosting some of my colleagues from [Root.Society.GetName] for an intellectual gathering.;Bien que je sois certainement un[Root.GetNoneE] grand[Root.GetNoneE] érudit[Root.GetNoneE] avec plusieurs découvertes intéressantes à mon actif, je n'aurais pas l'arrogance de refuser de collaborer avec des collègues du même état d'esprit. J'ai envisagé d'accueillir certains de mes collègues [Root.Get_du_Society] pour une réunion intellectuelle.;Obzwar ich unbestritten ein großer Gelehrter bin und schon mehrere wichtige Entdeckungen gemacht habe, bin ich nicht zu hochmütig dazu, mit gleichgesinnten Kollegen zusammenzuarbeiten. Ich habe erwogen, einige meiner Kollegen aus dem [Root.Society.GetName]-Zirkel zu einer von mir veranstalteten Versammlung von Gelehrten einzuladen.;;Aunque no cabe duda de que se me atribuyen varios descubrimientos excelentes, no me enorgullece colaborar con colegas afines. He contemplado la posibilidad de recibir a varios de mis colegas de [Root.Society.GetName] para un encuentro intelectual.;;;;;;;;;x
EVTOPTA_MNM_1461;Our work shall be a great tribute to the Citadel!;Notre travail sera un grand hommage à Hermès !;Unsere Arbeit soll ein großer Tribut an Hermes werden!;;¡Nuestro trabajo será un gran tributo a Hermes!;;;;;;;;;x
EVTOPTA_MNM_1476;By the [Root.Religion.GetHighGodName]!;Eurêka !;Heureka!;;¡Eureka!;;;;;;;;;x
EVTDESC_MNM_1478_C;The invention, the culmination of our great collaboration, is finally finished! We have designed and constructed an ingenious device to measure angles in the sky. We call it the 'astronomical radius'. My charts of the stars will become infinitely better and easier to maintain thanks to our invention.;L'invention, le point culminant de notre grande collaboration, est enfin terminée ! Nous avons conçu et construit un dispositif ingénieux pour mesurer les angles dans le ciel. Nous l'appelons le « rayon astronomique ». Mes cartes des étoiles deviendront infiniment meilleures et plus faciles à entretenir grâce à notre invention.;"Die Erfindung, die Krönung unserer großartigen Zusammenarbeit, ist endlich fertig! Wir haben ein kunstvolles Gerät zum Messen von Winkeln am Firmament ersonnen und angefertigt. Wir nennen es den ""Jakobsstab"". Dank unserer Erfindung wird es möglich sein, meine Diagramme der Sterne unendlich zu verbessern und sie viel leichter immer auf dem neuesten Stand zu halten.";;"¡El invento, la culminación de nuestra magnífica colaboración, por fin está terminado! Hemos diseñado y fabricado un instrumento ingenioso que mide los ángulos del cielo. Lo hemos bautizado como radius astronomicus"". Mis cartas estelares serán infinitamente mejores y más fáciles de mantener gracias a nuestro invento.""";;;;;;;;;x
divine_summoning_succeeded;Intellectual Epiphany;Épiphanie divine;Göttliche Erleuchtung;;Epifanía divina;;;;;;;;;x
divine_summoning_failed;Unworthy Scholar;Hermétiste indigne;Unwürdiger Einsiedler;;Hermético indigno;;;;;;;;;x
divine_summoning_failed_desc;This character was unable to understand the cryptic advice given by a summoned divine being, and is therefore deemed to be an unworthy Scholar.;Ce personnage a été incapable de comprendre le conseil donné par un être divin invoqué et est donc considéré comme un Hermétiste indigne.;Diese Person war nicht in der Lage, den kryptischen Weisungen eines herbeigerufenen göttlichen Wesens Folge zu leisten und wird daher als unwürdiger Einsiedler betrachtet.;;Este personaje no ha logrado comprender los consejos crípticos que ha recibido de un ser divino y, por lo tanto, se le considera indigno para el hermetismo.;;;;;;;;;x
EVTDESC_MNM_1622;My [From.GetSisterBrother] of the Citadel, [From.GetFirstName], has stepped forth with an idea for a ritual that might invoke the presence of a Higher Being. The prospect of petitioning the arcane for knowledge is tantalizing, and the idea was therefore received with excitement amongst the maesters of the occult. The ritual will take place in a few weeks' time.;M[From.GetOnA] [From.GetSisterBrother] de l'Ordre hermétique, [From.GetFirstName], a avancé l'idée d'un rituel qui pourrait invoquer la présence d'un être divin. La perspective de solliciter le Divin pour obtenir un savoir est attirante, et l'idée a donc été reçue avec enthousiasme par l'Ordre. Le rituel aura lieu dans quelques semaines.;[From.GetFirstName], m[From.Geteineine] [From.GetSisterBrother] im hermetischen Orden, hat ein Ritual vorgeschlagen, mit dem man möglicherweise ein göttliches Wesen herbeirufen kann. Die Aussicht, beim Göttlichen selbst nach Wissen zu suchen, ist verlockend, und die Idee wurde daher von Seiten des Ordens mit Begeisterung aufgenommen. Das Ritual wird in wenigen Wochen stattfinden.;;A mi [From.GetSisterBrother] [From.GetFirstName] de la Orden Hermética se le ha ocurrido una idea para un ritual que podría invocar la presencia de un ser divino. La posibilidad de apelar al Divino mismo para recibir conocimiento es tentadora, y la idea fue recibida con entusiasmo en la Orden. El ritual se celebrará dentro de unas semanas.;;;;;;;;;x
EVTDESC_MNM_1622_COURT;My dear [GetFromRelation] and [From.GetSisterBrother] of the Citadel, [From.GetFirstName], has stepped forth with an idea for a ritual that might invoke the presence of a Higher Being. The prospect of petitioning the arcane for knowledge is tantalizing, and the idea was therefore received with excitement by the amongst the maesters of the occult. The ritual will take place in a few weeks' time.;M[From.GetOnA] ch[From.GetErEre] [GetFromRelation] et [From.GetSisterBrother] de l'Ordre hermétique, [From.GetFirstName], a avancé l'idée d'un rituel qui pourrait invoquer la présence d'un être divin. La perspective de solliciter le Divin pour obtenir un savoir est attirante, et l'idée a donc été reçue avec enthousiasme par l'Ordre. Le rituel aura lieu dans quelques semaines.;[From.GetFirstName], m[From.Geteineine] liebe[From.GetrMale] [GetFromRelation] und [From.GetSisterBrother] im hermetischen Orden, hat ein Ritual vorgeschlagen, mit dem man möglicherweise ein göttliches Wesen herbeirufen kann. Die Aussicht, beim Göttlichen selbst nach Wissen zu suchen, ist verlockend, und die Idee wurde daher von Seiten des Ordens mit Begeisterung aufgenommen. Das Ritual wird in wenigen Wochen stattfinden.;;A [From.GetFirstName], mi [GetFromRelation] y [From.GetSisterBrother] de la Orden Hermética, se le ha ocurrido una idea para un ritual que podría invocar la presencia de un ser divino. La posibilidad de apelar al Divino mismo para recibir conocimiento es tentadora, y la Orden ha recibido la idea con entusiasmo. El ritual se celebrará dentro de unas semanas.;;;;;;;;;x
EVTOPTB_MNM_1622;We should not meddle in matters of magic...;Et s'il se mettait en colère ? Nous ne devrions pas nous mêler du divin...;Was, wenn wir es verärgern? Wir sollten uns nicht in Göttliches einmischen ...;;¿Y si enojamos al ser? No deberíamos inmiscuirnos en lo divino...;;;;;;;;;x
EVTTITLE_MNM_1624;Summoning the Arcane;Invocation divine;Beschwörung des Göttlichen;;Invocación de lo divino;;;;;;;;;x
EVTDESC_MNM_1624;The time for the ritual has come, and maesters of the higher mysteries have congregated in a spacious room. Symbols scatter the floor as you chant your hymns. [From.GetSocietyRank] [From.GetFirstName] has provided you all with a new, special type of incense that [From.GetSheHe] claims is necessary to make the eventual connection with the Higher Being. Before long it has permeated the air, and as you inhale more and more of it, hearing the drone of your fellows' chants, you feel your soul disconnect from your body and begin to ascend...\n\n...until it seems to connect with something. An... entity touches your soul, though you cannot perceive it with any senses other than your mind's eye. It must be the Higher Being! You have succeeded! You struggle to control your emotions, and to coalesce all your thoughts into one burning question that you pose to this being...;Le temps du rituel est venu, et votre Ordre s'est rassemblé dans une pièce spacieuse. Les symboles sont éparpillés sur le sol alors que vous chantez vos cantiques. [From.Get_Le_SocietyRank] [From.GetFirstName] vous a fourni à tous un nouveau type d'encens qu'[From.GetIlElle] affirme être nécessaire pour faire la connexion éventuelle avec l'être divin. En peu de temps, il imprègne l'air, et alors que vous inspirez profondément, en entendant les chants de vos camarades, vous sentez votre âme se séparer de votre corps et commencer à s'élever...\n\n...jusqu'à ce qu'elle semble se relier à quelque chose. Une... entité touche votre âme, bien que vous ne puissiez la percevoir avec aucun autre sens que l'œil de votre esprit. Ce doit être l'Être divin ! Vous avez réussi ! Vous luttez pour contrôler vos émotions, et réunir toutes vos pensées en une question brûlante que vous posez à cet être...;Die Zeit des Rituals ist gekommen und der Orden hat sich in einem großen Saal versammelt. Der Boden ist voller Symbole. Die Anwesenden singen. [From.GetSocietyRank] [From.GetFirstName] hat einen besonderen Weihrauch beschafft, von dem [From.GetSheHe] behauptet, er sei die Verbindung zu dem göttlichen Wesen. Schon bald erfüllt sein Aroma die Luft und je mehr Ihr davon einatmet, desto mehr spürt Ihr, wie sich Eure Seele loslöst und getragen vom Gesang Eurer Brüder und Schwestern nach oben schwebt ...\n\n... bis sie schließlich gegen etwas stößt. Eine ... Wesenheit ... berührt Eure Seele. Auch wenn Ihr das mit keinem anderen Sinn als Eurem inneren Auge erfassen könnt. Das muss das göttliche Wesen sein! Ihr habt es geschafft! Ihr könnt Eure Emotionen kaum zügeln und alles kulminiert in einer einzigen brennenden Frage, die Ihr diesem Wesen stellen wollt ...;;Ha llegado el momento de celebrar el ritual, y tu Orden se ha congregado en una sala espaciosa. Se colocan símbolos por el suelo mientras cantáis vuestros himnos. [From.GetSocietyRank] [From.GetFirstName] te ha proporcionado un tipo de incienso especial que, según asegura, es necesario para conectar con el ser divino. No tarda en invadir el aire y lo inhalas mientras oyes el zumbido de los cánticos de tus compañeros. Sientes que tu alma se separa del cuerpo y comienza a ascender...\n\n... hasta que parece conectar con algo. Un... ente toca tu alma, aunque ninguno de tus sentidos logra percibirlo, aparte de tu ojo interno. ¡Debe de ser el ente divino! ¡Lo has logrado! Luchas por controlar tus emociones y por unir todos tus pensamientos en una sola e imperiosa pregunta que formulas a este ser...;;;;;;;;;x
EVTOPTA_MNM_1624;Oh, tell me of the operation of the Sun!;Oh Divin, parlez-moi du fonctionnement du Soleil !;Oh göttliches Wesen, erklärt mir das Wirken der Sonne!;;¡Oh, Divino, te ruego que me desveles el funcionamiento del Sol!;;;;;;;;;x
EVTOPTB_MNM_1624;Oh, tell me of the operation of the stars!;Oh Divin, parlez-moi du fonctionnement des étoiles !;Oh göttliches Wesen, erklärt mir das Wirken der Sterne!;;¡Oh, Divino, te ruego que me desveles el funcionamiento de las estrellas!;;;;;;;;;x
EVTOPTC_MNM_1624;Oh, tell me of the operation of the gods!;Oh Divin, parlez-moi du fonctionnement des dieux !;Oh göttliches Wesen, erklärt mir das Wirken der Götter!;;¡Oh, Divino, te ruego que me desveles el funcionamiento de los dioses!;;;;;;;;;x
EVTOPTD_MNM_1624;Oh, tell me of the secrets hidden throughout the world!;Oh Divin, parlez-moi des secrets cachés à travers le monde !;Oh göttliches Wesen, erklärt mir die Geheimnisse der Welt!;;¡Oh, Divino, te ruego que me desveles los secretos que oculta el mundo!;;;;;;;;;x
EVTDESC_MNM_1626_SUCCESS;In my trance, the Higher Being tells me of great Truths that have been hidden from Man – of alchemy and astrology, of the will of the gods, of the cyphers to ancient texts, and even of things that have not yet come to pass. Once my soul returns to my body, I see the world with new eyes!;Dans mon état de transe, l'Être divin me dit de grandes vérités qui ont été cachées à l'Homme – sur l'alchimie et l'astrologie, sur la volonté des dieux, sur le chiffrement des textes anciens et même des choses qui n'ont pas encore eu lieu. Une fois que mon âme revient à mon corps, je vois le monde avec de nouveaux yeux !;In meiner Trance erzählt mir das göttliche Wesen von den großen Wahrheiten, von denen der Mensch nichts wissen sollte ... von der Alchemie und der Astrologie, dem Willen der Götter, den Chiffren der antiken Texte und sogar von Dingen, die sich noch gar nicht ereignet haben. Wenn meine Seele in meinen Körper zurückgekehrt ist, werde ich die Welt mit anderen Augen sehen!;;En mi trance, el ser divino me cuenta las grandes Verdades que se han ocultado al hombre: de alquimia y astrología, de la voluntad de los dioses, de las claves para descifrar textos antiguos, e incluso de acontecimientos que aún no han tenido lugar. ¡Cuando mi alma regresa a mi cuerpo, veo el mundo con otros ojos!;;;;;;;;;x
EVTDESC_MNM_1626_FAILURE;The Higher Being gave me a cryptic reply to my question, and for many days since the ritual I have tried to make sense of it... Yet, no matter how much time I spend on it, I cannot. Whatever the Being intended for me to know is beyond my capacity to understand – I can only conclude I simply am not worthy of its knowledge...;L'Être divin m'a donné une réponse mystérieuse à ma question, et depuis le rituel d'il y a plusieurs jours, j'ai essayé de comprendre... Peu importe le temps que j'y consacre, je n'y parviens pas. Quoi que fut ce que l'Être m'a transmis, c'est au-delà de ma compréhension – je ne peux que conclure que je ne suis simplement pas digne de ce savoir...;Das göttliche Wesen gab mir eine kryptische Antwort auf meine Frage und die ganze Zeit seit Ende des Rituals versuche ich nun, sie zu verstehen ... Aber ganz gleich, wie viel Zeit ich damit verbringe ... es gelingt mir nicht. Was dieses Wesen mir sagen wollte, liegt jenseits meines Verstands. Ich kann es mir nur so erklären, dass ich solchen Wissens eben einfach nicht würdig bin ...;;El ser divino dio una respuesta críptica a mi pregunta, y llevo muchos días tratando de encontrarle el sentido... Sin embargo, da igual cuánto tiempo pase dándole vueltas: no lo consigo. Lo que sea que el Ser tenía guardado para que yo lo descubriese escapa a mi entendimiento: solo puedo concluir que soy indigno/a de su sabiduría...;;;;;;;;;x
EVTDESC_MNM_1626_ALCH_BONUS;The Higher Being has given me cryptic advice on the pursuit of alchemy in its many forms, but with ample time spent mulling it over afterwards, I believe I have deciphered what it meant. I look forward to putting it to good use!;L'Être Divin m'a donné des conseils cryptiques sur l'alchimie sous ses diverses formes, mais après avoir passé suffisamment de temps à retourner le problème dans tous les sens, je pense avoir compris ce qu'il voulait dire. J'ai hâte de les mettre à profit !;Das göttliche Wesen hat mir hinsichtlich der Alchemie einen kryptischen Rat gegeben, doch nachdem ich viel Zeit damit verbracht habe, darüber nachzudenken, denke ich, dass ich nun verstehe, was sie bedeutet. Ich freue mich darauf, meine Erkenntnisse in die Tat umzusetzen!;;El ser divino me ha dado consejos crípticos sobre la práctica de la alquimia en sus diversas formas, pero tras meditarlo mucho tiempo, creo que he comprendido lo que quería decir. ¡Estoy deseando sacarle partido!;;;;;;;;;x
EVTDESC_MNM_1626_ASTR_BONUS;The Higher Being has given me cryptic advice on the pursuit of astrology in its many forms, but with ample time spent mulling it over afterwards, I believe I have deciphered what it meant. I look forward to putting it to good use!;L'Être Divin m'a donné des conseils cryptiques sur l'astrologie sous ses diverses formes, mais après avoir passé suffisamment de temps à retourner le problème dans tous les sens, je pense avoir compris ce qu'il voulait dire. J'ai hâte de les mettre à profit !;Das göttliche Wesen hat mir hinsichtlich der Astrologie einen kryptischen Rat gegeben, doch nachdem ich viel Zeit damit verbracht habe, darüber nachzudenken, denke ich, dass ich nun verstehe, was sie bedeutet. Ich freue mich darauf, meine Erkenntnisse in die Tat umzusetzen!;;El ser divino me ha dado consejos crípticos sobre la práctica de la astrología en sus diversas formas, pero tras meditarlo mucho tiempo, creo que he comprendido lo que quería decir. ¡Estoy deseando sacarle partido!;;;;;;;;;x
EVTDESC_MNM_1626_MIND_BONUS;The Higher Being has given me cryptic advice on the pursuit of Theurgy in its many forms, but with ample time spent mulling it over afterwards, I believe I have deciphered what it meant. I look forward to putting it to good use!;L'Être Divin m'a donné des conseils cryptiques sur la théurgie sous ses diverses formes, mais après avoir passé suffisamment de temps à retourner le problème dans tous les sens, je pense avoir compris ce qu'il voulait dire. J'ai hâte de les mettre à profit !;Das göttliche Wesen hat mir hinsichtlich der Theurgie einen kryptischen Rat gegeben, doch nachdem ich viel Zeit damit verbracht habe, darüber nachzudenken, denke ich, dass ich nun verstehe, was sie bedeutet. Ich freue mich darauf, meine Erkenntnisse in die Tat umzusetzen!;;El ser divino me ha dado consejos crípticos sobre la práctica de la teúrgia en sus diversas formas, pero tras meditarlo mucho tiempo, creo que he comprendido lo que quería decir. ¡Estoy deseando sacarle partido!;;;;;;;;;x
EVTDESC_MNM_1626_TRUTH_BONUS;The Higher Being has given me cryptic advice on the decryption of hidden secrets throughout the world, but with ample time spent mulling it over afterwards, I believe I have deciphered what it meant. I look forward to putting it to good use!;L'Être Divin m'a donné des conseils cryptiques sur le décryptage des secrets cachés à travers le monde, mais après avoir passé suffisamment de temps à retourner le problème dans tous les sens, je pense avoir compris ce qu'il voulait dire. J'ai hâte de les mettre à profit !;Das göttliche Wesen hat mir hinsichtlich der esoterischen Geheimnisse einen kryptischen Rat gegeben, doch nachdem ich viel Zeit damit verbracht habe, darüber nachzudenken, denke ich, dass ich nun verstehe, was sie bedeutet. Ich freue mich darauf, meine Erkenntnisse in die Tat umzusetzen!;;El ser divino me ha dado consejos crípticos sobre cómo desentrañar los secretos ocultos por el mundo, pero tras meditarlo mucho tiempo, creo que he comprendido lo que quería decir. ¡Estoy deseando sacarle partido!;;;;;;;;;x
EVTOPTA_MNM_1626;The Higher Being has my total confidence!;J'ai une entière confiance en l'Être divin !;Das göttliche Wesen hat mein uneingeschränktes Vertrauen!;;¡Confío plenamente en el ser divino!;;;;;;;;;x
EVTDESC_MNM_1630;I face the daunting task of researching and writing an entire theorem paper, to be reviewed by my peers... To have it be accepted by the maesters of the Citadel would be a great boon to me, but if the quality is found to be lacking it might be a big blow to my prestige.;Je suis confronté[Root.GetNoneE] à la tâche intimidante de rechercher et rédiger un théorème qui sera examiné par mes pairs... Être accepté[Root.GetNoneE] par l'Ordre serait une grande aubaine pour moi, mais si la qualité se trouve être insuffisante, cela pourrait porter atteinte à mon prestige.;Nun stehe ich vor der schwierigen Aufgabe, eine ganze Abhandlung der Theoreme zu schreiben, die meine Kollegen bewerten werden ... Wenn sie vom Orden anerkannt würde, wäre das ein Segen, aber wenn man an der Qualität etwas zu bemängeln hätte, könnte das ein schwerer Schlag für mein Prestige sein.;;Me enfrento a la abrumadora tarea de investigar y escribir todo un teorema para que lo revisen mis colegas... Si la Orden lo acepta sería una bendición, pero si estiman que la calidad es deficiente, sería un golpe muy duro para mi reputación.;;;;;;;;;x
EVTDESCA_MNM_1640;It is finished! I have produced [Root.GetTheoryPaperQuality] paper on [Root.GetLinkStudySubject]! It explores potentially new and rewarding theories on [Root.GetLinkStudySubjectDesc], which might provide a new approach to [Root.GetLinkStudySubject]. Now all that is left is to submit it to my peers at the Citadel for review.;C'est fini ! J'ai produit un article [Root.GetTheoryPaperQuality] sur les rituels théurgiques ! Il explore des moyens potentiellement nouveaux et enrichissants de convoquer des êtres divins, ce qui pourrait fournir une nouvelle approche de la théurgie. Maintenant tout ce qui reste à faire c'est de le soumettre à mes pairs hermétistes, pour examen.;Es ist vollbracht! Mein Werk über die Theurgie ist fertig und es ist [Root.GetTheoryPaperQuality]! Es handelt von möglicherweise neuen und vielversprechenden Methoden zur Beschwörung göttlicher Wesen und könnte richtungsweisend für die Zukunft der Theurgie sein. Nun muss ich das Werk nur noch meinen Kollegen zur Rezension zur Verfügung stellen.;;¡Está terminado! ¡He escrito un trabajo [Root.GetTheoryPaperQuality] sobre rituales teúrgicos! Explora la posibilidad de aplicar métodos nuevos y satisfactorios de invocar seres divinos, lo que podría aportar una perspectiva nueva a la teúrgia. Solo falta que lo presente a mis colegas herméticos para su arbitraje.;;;;;;;;;x
EVTDESCA_MNM_1641;A few days ago, [From.GetSocietyRank] [From.GetFirstName] told me that [From.GetSheHe] had written a paper on [From.GetLinkStudySubject], and handed me a copy to review. Reading through it, it is apparent that [Root.GetTheoryPaperQualityExpanded] Do I see fit to endorse it, however?;Il y a quelques jours, [From.Get_le_SocietyRank] [From.GetFirstName] m'a dit qu'[From.GetIlElle] avait écrit un article sur les rituels théurgiques, et m'a remis une copie à examiner. En la lisant, je pense que [Root.GetTheoryPaperQualityExpanded];Vor einigen Tagen sagte [From.GetSocietyRank] [From.GetFirstName] mir, dass [From.GetSheHe] ein Werk zu theurgischen Ritualen verfasst hat, das [From.GetSheHe] mir zur Prüfung und Rezension überlassen möchte. Ich habe es gelesen und es [Root.GetTheoryPaperQualityExpanded]. Aber soll ich es weiterempfehlen?;;Hace unos días, [From.GetSocietyRank] [From.GetFirstName] me dijo que había escrito un trabajo sobre rituales teúrgicos y me pasó una copia para que lo revisara. Al leerlo, queda claro que [Root.GetTheoryPaperQualityExpanded] Sin embargo, ¿creo conveniente refrendarlo?;;;;;;;;;x
EVTTOOLTIPC_MNM_1641;You spread the word of §Y[From.GetTitledFirstName]§!'s plagiarism throughout the Citadel, shaming [From.GetHerHim]. [From.GetSheHeCap] will not be pleased!;Vous répandez la nouvelle du plagiat [From.Get_du_TitledFirstNameJ] dans tout l'Ordre, l'humiliant. [From.GetIlElleCap] ne sera pas content[From.GetNoneE] !;Ihr informiert den Orden darüber, dass §Y[From.GetTitledFirstName]§! für ein Plagiat verantwortlich ist, was eine Blamage für [From.GetHerHim] sein dürfte. [From.GetSheHeCap] wird gar nicht erfreut sein!;;Corres la voz del plagio por la Orden y pones a §Y[From.GetTitledFirstName]§! en evidencia. ¡No le va a hacer ninguna gracia!;;;;;;;;;x
EVTDESC_MNM_1642;To the esteemed [Root.GetSocietyRank] [Root.GetTitledFirstNameNoRegnal],\n\nHaving spent ample time considering your paper's worth, I have decided to endorse your work before the Citadel. I hope that it shall speedily be added to our library. Well done!\n\nRespectful greetings,\nSigned, [From.GetSocietyRank] [From.GetFirstName];Estimé[Root.GetNoneE] [Root.GetSocietyRank] [Root.GetFirstName],\n\nAyant passé le temps nécessaire à évaluer votre article, j'ai décidé d'appuyer votre travail devant l'Ordre. J'espère qu'il sera bientôt ajouté à notre bibliothèque.\n\nSalutations respectueuses,\nSigné, [From.GetSocietyRank] [From.GetFirstName];Verehrte[Root.GetrMale] [Root.GetSocietyRank] [Root.GetFirstName],\n\nnach eingehender Prüfung Eures Werkes bin ich zu dem Entschluss gekommen, es dem Orden gegenüber zu empfehlen. Ich hoffe sehr, dass man es schnell in unsere Bibliothek aufnehmen wird. Gute Arbeit!\n\nMit respektvollen Grüßen\nGezeichnet, [From.GetSocietyRank] [From.GetFirstName];;[Root.GetSocietyRank] [Root.GetFirstName]:\n\nDespués de una larga revisión de tu trabajo, he decidido refrendarlo ante la Orden. Espero que se añada a nuestra biblioteca con la mayor prontitud. ¡Enhorabuena!\n\nAtentamente,\n[From.GetSocietyRank] [From.GetFirstName];;;;;;;;;x
EVTDESC_MNM_1643;To the esteemed [Root.GetSocietyRank] [Root.GetTitledFirstNameNoRegnal],\n\nHaving spent ample time considering your paper's worth, I have decided NOT to endorse your work before the Citadel. In my view, the quality of the work was unfortunately not in keeping with the standards of our library.\n\nRespectful greetings,\nSigned, [From.GetSocietyRank] [From.GetFirstName];Estimé[Root.GetNoneE] [Root.GetSocietyRank] [Root.GetFirstName],\n\nAyant passé le temps nécessaire à évaluer votre article, j'ai décidé de ne pas appuyer votre travail devant l'Ordre. Sa qualité n'était malheureusement pas conforme au niveau de notre bibliothèque.\n\nSalutations respectueuses,\nSigné, [From.GetSocietyRank] [From.GetFirstName];Verehrte[Root.GetrMale] [Root.GetSocietyRank] [Root.GetFirstName],\n\nnach eingehender Prüfung Eures Werkes bin ich zu dem Entschluss gekommen, es dem Orden gegenüber NICHT zu empfehlen. In meinen Augen wird das Werk leider nicht dem Standard unserer Bibliothek gerecht.\n\nMit respektvollen Grüßen\nGezeichnet, [From.GetSocietyRank] [From.GetFirstName];;[Root.GetSocietyRank] [Root.GetFirstName]:\n\nDespués de una larga revisión de tu trabajo, he decidido no refrendarlo ante la Orden. Desde mi punto de vista, la calidad del trabajo no estaba, por desgracia, a la altura de nuestra biblioteca.\n\nAtentamente,\n[From.GetSocietyRank] [From.GetFirstName];;;;;;;;;x
EVTDESCA_MNM_1644;Success! Enough maesters have endorsed my paper, and so the Citadel has accepted it into its library. As a result, my standing with the Citadel has increased measurably.;C'est une réussite ! Suffisamment de pairs ont approuvé mon papier, et donc l'Ordre l'a accepté dans sa bibliothèque. En conséquence, ma réputation auprès de l'Ordre a sensiblement augmenté.;Hurra! Mein Werk wurde von einer ausreichenden Zahl von Kollegen empfohlen und der Orden hat es daher in seine Bibliothek aufgenommen. Das bedeutet, dass mein Ansehen im Orden deutlich gestiegen ist!;;¡Victoria! Suficientes colegas han refrendado mi trabajo, por lo que la Orden ha aceptado incluirlo en su biblioteca. Como resultado, mi reputación con la Orden ha aumentado considerablemente.;;;;;;;;;x
EVTDESCB_MNM_1644;Failure... The majority of the maesters refuted my paper, and so it shall not be added to the Citadel's library. This is a humiliating blow, and it will take some time to recover my previous standing with the Citadel.;Quel échec... La majorité des pairs a réfuté mon papier, et donc il ne sera pas ajouté à la bibliothèque de l'Ordre. C'est humiliant, et il faudra du temps pour retrouver ma réputation antérieure.;Das war nichts ... Die Mehrheit meiner Kollegen lehnt mein Werk ab und es wird daher nicht in die Bibliothek des Ordens aufgenommen. Das ist ein demütigender Rückschlag. Mein Ansehen im Orden ist gesunken.;;Fracaso... La mayoría de mis colegas no han refrendado mi trabajo, por lo que no lo añadirán a la biblioteca de la Orden. Es una humillación, y tardaré un tiempo en recuperar mi prestigio de antaño con la Orden.;;;;;;;;;x
EVTDESC_MNM_1646;Drat! That nosy [From.GetSocietyRank] [From.GetFirstName] has somehow discovered that I borrowed elements from other authors... [From.GetSheHeCap] has already spread the word, slandering me before the Citadel and ensuring my paper will never be accepted.;Diable ! C[From.GetEtEtte] fouineu[From.GetRSe] d[From.Get_e_SocietyRank] [From.GetFirstName] a d'une façon ou d'une autre découvert que j'ai emprunté des éléments d'autres auteurs... [From.GetIlElleCap] a déjà répandu la nouvelle, me calomniant devant l'Ordre et s'assurant que mon papier ne sera jamais accepté.;Verflixt! [From.GetSocietyRank] [From.GetFirstName] hat tatsächlich festgestellt, dass ich mir bestimmte Passagen von anderen Autoren geborgt habe ... und diese Erkenntnis auch postwendend hinausposaunt. Mein Ruf ist ruiniert und der Orden wird mein Werk nun nie und nimmer akzeptieren.;;¡Maldición! [From.GetSocietyRank] [From.GetFirstName] ha descubierto que tomé prestados algunos elementos de otros autores... Ya ha hecho correr la voz, difamándome ante la Orden y garantizando que nunca acepten mi trabajo.;;;;;;;;;x
hermetics_write_magnum_opus;Write a Great Work;Écrire un magnum opus;Ein Magnum Opus schreiben;;Escribir magnum opus;;;;;;;;;x
hermetics_write_magnum_opus_desc;Record your life's work for posterity in a great book.;Consignez le travail de votre vie pour la postérité dans un magnum opus chiffré.;Zeichnet in einem verschlüsselten Magnum Opus Euer Lebenswerk für die Nachwelt auf.;;Registra el trabajo de tu vida para la posteridad en una magnum opus codificada.;;;;;;;;;x
writing_magnum_opus;Writing Great Work;Écrit un magnus opus;Schreibt ein Magnum Opus;;Escribiendo magnum opus;;;;;;;;;x
writing_magnum_opus_desc;This character is writing a Great Work.;Ce personnage écrit un magnus opus.;Diese Person schreibt an einem Magnum Opus.;;Este personaje está escribiendo una magnum opus.;;;;;;;;;x
EVTDESC_MNM_1610;Secluded at my writing desk, quill in hand and plenty a bottle of ink nearby, I find myself staring down upon the blank parchment. The sheer scale of the task upon which I am about to embark dawns upon me – I need to record my knowledge, but also make sure it stands the test of time...;Seul[Root.GetNoneE] à mon étude, la plume dans la main et beaucoup de bouteilles d'encre à proximité, je me retrouve à fixer le parchemin vierge. Je pense à l'ampleur de la tâche dans laquelle je m'embarque – je dois consigner mes connaissances, mais aussi les cacher à ceux qui n'en sont pas dignes...;In der Abgeschiedenheit meiner Schreibstube mit einer Schreibfeder in der Hand und reichlich Tinte in Reichweite an meinem Schreibtisch sitzend, starre ich auf das leere Pergament. Mir wird allmählich klar, welch gewaltige Aufgabe vor mir liegt. Ich muss mein Wissen niederschreiben, es aber zugleich vor denen verbergen, die es nicht würdig sind, an diesem Wissen teilzuhaben ...;;En mi escritorio, con la pluma en mano y un tintero rebosante cerca, miro el pergamino en blanco. Reparo en la magnitud descomunal de la tarea en la que estoy a punto de embarcarme: debo registrar mi conocimiento, pero también debo ocultarlo de aquellos indignos de él.;;;;;;;;;x
EVTDESC_MNM_1605;It is done! It is finished! After a year of sweat and toil I have managed to produce my great work: '[magnum_opus.GetName]'. This tome shall stand the test of ages, ensuring my knowledge and name shall conquer time, itself. It will serve my successors well, and perhaps they will one day be able to add their knowledge to mine.;C'est fait ! C'est fini ! Après une année de dur labeur, j'ai réussi à produire un grand ouvrage sur la théurgie contemplative. Grâce à ce tome, mon savoir et mon nom survivront à l'épreuve du temps. Il servira bien à mes successeurs, et peut-être qu'un jour ils pourront ajouter leurs connaissances aux miennes.;Es ist vollbracht! Es ist fertig! Nach einem Jahr voller Schweiß und Mühsal ist es mir gelungen, ein großes Werk über kontemplative Theurgie zu vollenden. Dieses Buch wird Äonen überdauern und gewährleisten, dass mein Wissen und mein Name die Zeit selbst überwinden werden. Es wird meinen Nachfolgern gute Dienste leisten und sie vielleicht eines Tages dazu befähigen, mein Wissen durch ihr eigenes Wissen zu ergänzen.;;¡Ya está! ¡Está terminado! Tras un año de mucho sudor y esfuerzo, he logrado producir una obra maestra sobre teúrgia contemplativa. Este tomo resistirá al paso de las eras y logrará que mi conocimiento y mi nombre conquisten al mismísimo tiempo. Será de utilidad para mis sucesores, quizá un día ellos puedan añadir su conocimiento al mío.;;;;;;;;;x
EVTOPTA_MNM_1605;My wisdom shall be passed down through the ages!;« Ouvrez votre âme à la vérité [Root.Get_du_HighGod] »;Öffnet die Tore Eures Geistes, um die Wahrheit von [Root.Religion.GetHighGodNameCap] in Euch aufzunehmen!;;¡Abre tu mente a la verdad de [Root.Religion.GetHighGodNameCap]!;;;;;;;;;x
magnum_opus_learning_1;Work of [This.OriginalOwner.GetTitledFirstNameNoRegnal];;;;;;;;;;;;;x
magnum_opus_learning_2;Work of [This.OriginalOwner.GetTitledFirstNameNoRegnal];;;;;;;;;;;;;x
magnum_opus_learning_3;Work of [This.OriginalOwner.GetTitledFirstNameNoRegnal];;;;;;;;;;;;;x
magnum_opus_learning_4;Work of [This.OriginalOwner.GetTitledFirstNameNoRegnal];;;;;;;;;;;;;x
magnum_opus_learning_stewardship_1;Work of [This.OriginalOwner.GetTitledFirstNameNoRegnal];;;;;;;;;;;;;x
magnum_opus_learning_stewardship_2;Work of [This.OriginalOwner.GetTitledFirstNameNoRegnal];;;;;;;;;;;;;x
magnum_opus_learning_stewardship_3;Work of [This.OriginalOwner.GetTitledFirstNameNoRegnal];;;;;;;;;;;;;x
magnum_opus_learning_stewardship_4;Work of [This.OriginalOwner.GetTitledFirstNameNoRegnal];;;;;;;;;;;;;x
magnum_opus_learning_martial_1;Work of [This.OriginalOwner.GetTitledFirstNameNoRegnal];;;;;;;;;;;;;x
magnum_opus_learning_martial_2;Work of [This.OriginalOwner.GetTitledFirstNameNoRegnal];;;;;;;;;;;;;x
magnum_opus_learning_martial_3;Work of [This.OriginalOwner.GetTitledFirstNameNoRegnal];;;;;;;;;;;;;x
magnum_opus_learning_martial_4;Work of [This.OriginalOwner.GetTitledFirstNameNoRegnal];;;;;;;;;;;;;x
magnum_opus_stewardship_1;Work of [This.OriginalOwner.GetTitledFirstNameNoRegnal];;;;;;;;;;;;;x
magnum_opus_stewardship_2;Work of [This.OriginalOwner.GetTitledFirstNameNoRegnal];;;;;;;;;;;;;x
magnum_opus_stewardship_3;Work of [This.OriginalOwner.GetTitledFirstNameNoRegnal];;;;;;;;;;;;;x
magnum_opus_stewardship_4;Work of [This.OriginalOwner.GetTitledFirstNameNoRegnal];;;;;;;;;;;;;x
magnum_opus_martial_1;Work of [This.OriginalOwner.GetTitledFirstNameNoRegnal];;;;;;;;;;;;;x
magnum_opus_martial_2;Work of [This.OriginalOwner.GetTitledFirstNameNoRegnal];;;;;;;;;;;;;x
magnum_opus_martial_3;Work of [This.OriginalOwner.GetTitledFirstNameNoRegnal];;;;;;;;;;;;;x
magnum_opus_martial_4;Work of [This.OriginalOwner.GetTitledFirstNameNoRegnal];;;;;;;;;;;;;x
magnum_opus_stewardship_martial_1;Work of [This.OriginalOwner.GetTitledFirstNameNoRegnal];;;;;;;;;;;;;x
magnum_opus_stewardship_martial_2;Work of [This.OriginalOwner.GetTitledFirstNameNoRegnal];;;;;;;;;;;;;x
magnum_opus_stewardship_martial_3;Work of [This.OriginalOwner.GetTitledFirstNameNoRegnal];;;;;;;;;;;;;x
magnum_opus_stewardship_martial_4;Work of [This.OriginalOwner.GetTitledFirstNameNoRegnal];;;;;;;;;;;;;x
magnum_opus_learning_diplomacy_1;Work of [This.OriginalOwner.GetTitledFirstNameNoRegnal];;;;;;;;;;;;;x
magnum_opus_learning_diplomacy_2;Work of [This.OriginalOwner.GetTitledFirstNameNoRegnal];;;;;;;;;;;;;x
magnum_opus_learning_diplomacy_3;Work of [This.OriginalOwner.GetTitledFirstNameNoRegnal];;;;;;;;;;;;;x
magnum_opus_learning_diplomacy_4;Work of [This.OriginalOwner.GetTitledFirstNameNoRegnal];;;;;;;;;;;;;x
magnum_opus_diplomacy_learning_1;Work of [This.OriginalOwner.GetTitledFirstNameNoRegnal];;;;;;;;;;;;;x
magnum_opus_diplomacy_learning_2;Work of [This.OriginalOwner.GetTitledFirstNameNoRegnal];;;;;;;;;;;;;x
magnum_opus_diplomacy_learning_3;Work of [This.OriginalOwner.GetTitledFirstNameNoRegnal];;;;;;;;;;;;;x
magnum_opus_diplomacy_learning_4;Work of [This.OriginalOwner.GetTitledFirstNameNoRegnal];;;;;;;;;;;;;x
magnum_opus_diplomacy_1;Work of [This.OriginalOwner.GetTitledFirstNameNoRegnal];;;;;;;;;;;;;x
magnum_opus_diplomacy_2;Work of [This.OriginalOwner.GetTitledFirstNameNoRegnal];;;;;;;;;;;;;x
magnum_opus_diplomacy_3;Work of [This.OriginalOwner.GetTitledFirstNameNoRegnal];;;;;;;;;;;;;x
magnum_opus_diplomacy_4;Work of [This.OriginalOwner.GetTitledFirstNameNoRegnal];;;;;;;;;;;;;x
magnum_opus_learning_intrigue_1;Work of [This.OriginalOwner.GetTitledFirstNameNoRegnal];;;;;;;;;;;;;x
magnum_opus_learning_intrigue_2;Work of [This.OriginalOwner.GetTitledFirstNameNoRegnal];;;;;;;;;;;;;x
magnum_opus_learning_intrigue_3;Work of [This.OriginalOwner.GetTitledFirstNameNoRegnal];;;;;;;;;;;;;x
magnum_opus_learning_intrigue_4;Work of [This.OriginalOwner.GetTitledFirstNameNoRegnal];;;;;;;;;;;;;x
magnum_opus_learning_1_desc;A book of mild importance written by [This.OriginalOwner.GetTitledFirstNameNoRegnal] of the Citadel;;;;;;;;;;;;;x
magnum_opus_learning_2_desc;A well respected book written by [This.OriginalOwner.GetTitledFirstNameNoRegnal] of the Citadel;;;;;;;;;;;;;x
magnum_opus_learning_3_desc;A book of great renown written by [This.OriginalOwner.GetTitledFirstNameNoRegnal] of the Citadel;;;;;;;;;;;;;x
magnum_opus_learning_4_desc;A scholarly masterpiece written by [This.OriginalOwner.GetTitledFirstNameNoRegnal] of the Citadel;;;;;;;;;;;;;x
magnum_opus_learning_stewardship_1_desc;A book of mild importance written by [This.OriginalOwner.GetTitledFirstNameNoRegnal] of the Citadel;;;;;;;;;;;;;x
magnum_opus_learning_stewardship_2_desc;A well respected book written by [This.OriginalOwner.GetTitledFirstNameNoRegnal] of the Citadel;;;;;;;;;;;;;x
magnum_opus_learning_stewardship_3_desc;A book of great renown written by [This.OriginalOwner.GetTitledFirstNameNoRegnal] of the Citadel;;;;;;;;;;;;;x
magnum_opus_learning_stewardship_4_desc;A scholarly masterpiece written by [This.OriginalOwner.GetTitledFirstNameNoRegnal] of the Citadel;;;;;;;;;;;;;x
magnum_opus_learning_martial_1_desc;A book of mild importance written by [This.OriginalOwner.GetTitledFirstNameNoRegnal] of the Citadel;;;;;;;;;;;;;x
magnum_opus_learning_martial_2_desc;A well respected book written by [This.OriginalOwner.GetTitledFirstNameNoRegnal] of the Citadel;;;;;;;;;;;;;x
magnum_opus_learning_martial_3_desc;A book of great renown written by [This.OriginalOwner.GetTitledFirstNameNoRegnal] of the Citadel;;;;;;;;;;;;;x
magnum_opus_learning_martial_4_desc;A scholarly masterpiece written by [This.OriginalOwner.GetTitledFirstNameNoRegnal] of the Citadel;;;;;;;;;;;;;x
magnum_opus_stewardship_1_desc;A book of mild importance written by [This.OriginalOwner.GetTitledFirstNameNoRegnal] of the Citadel;;;;;;;;;;;;;x
magnum_opus_stewardship_2_desc;A well respected book written by [This.OriginalOwner.GetTitledFirstNameNoRegnal] of the Citadel;;;;;;;;;;;;;x
magnum_opus_stewardship_3_desc;A book of great renown written by [This.OriginalOwner.GetTitledFirstNameNoRegnal] of the Citadel;;;;;;;;;;;;;x
magnum_opus_stewardship_4_desc;A scholarly masterpiece written by [This.OriginalOwner.GetTitledFirstNameNoRegnal] of the Citadel;;;;;;;;;;;;;x
magnum_opus_martial_1_desc;A book of mild importance written by [This.OriginalOwner.GetTitledFirstNameNoRegnal] of the Citadel;;;;;;;;;;;;;x
magnum_opus_martial_2_desc;A well respected book written by [This.OriginalOwner.GetTitledFirstNameNoRegnal] of the Citadel;;;;;;;;;;;;;x
magnum_opus_martial_3_desc;A book of great renown written by [This.OriginalOwner.GetTitledFirstNameNoRegnal] of the Citadel;;;;;;;;;;;;;x
magnum_opus_martial_4_desc;A scholarly masterpiece written by [This.OriginalOwner.GetTitledFirstNameNoRegnal] of the Citadel;;;;;;;;;;;;;x
magnum_opus_stewardship_martial_1_desc;A book of mild importance written by [This.OriginalOwner.GetTitledFirstNameNoRegnal] of the Citadel;;;;;;;;;;;;;x
magnum_opus_stewardship_martial_2_desc;A well respected book written by [This.OriginalOwner.GetTitledFirstNameNoRegnal] of the Citadel;;;;;;;;;;;;;x
magnum_opus_stewardship_martial_3_desc;A book of great renown written by [This.OriginalOwner.GetTitledFirstNameNoRegnal] of the Citadel;;;;;;;;;;;;;x
magnum_opus_stewardship_martial_4_desc;A scholarly masterpiece written by [This.OriginalOwner.GetTitledFirstNameNoRegnal] of the Citadel;;;;;;;;;;;;;x
magnum_opus_learning_diplomacy_1_desc;A book of mild importance written by [This.OriginalOwner.GetTitledFirstNameNoRegnal] of the Citadel;;;;;;;;;;;;;x
magnum_opus_learning_diplomacy_2_desc;A well respected book written by [This.OriginalOwner.GetTitledFirstNameNoRegnal] of the Citadel;;;;;;;;;;;;;x
magnum_opus_learning_diplomacy_3_desc;A book of great renown written by [This.OriginalOwner.GetTitledFirstNameNoRegnal] of the Citadel;;;;;;;;;;;;;x
magnum_opus_learning_diplomacy_4_desc;A scholarly masterpiece written by [This.OriginalOwner.GetTitledFirstNameNoRegnal] of the Citadel;;;;;;;;;;;;;x
magnum_opus_diplomacy_learning_1_desc;A book of mild importance written by [This.OriginalOwner.GetTitledFirstNameNoRegnal] of the Citadel;;;;;;;;;;;;;x
magnum_opus_diplomacy_learning_2_desc;A well respected book written by [This.OriginalOwner.GetTitledFirstNameNoRegnal] of the Citadel;;;;;;;;;;;;;x
magnum_opus_diplomacy_learning_3_desc;A book of great renown written by [This.OriginalOwner.GetTitledFirstNameNoRegnal] of the Citadel;;;;;;;;;;;;;x
magnum_opus_diplomacy_learning_4_desc;A scholarly masterpiece written by [This.OriginalOwner.GetTitledFirstNameNoRegnal] of the Citadel;;;;;;;;;;;;;x
magnum_opus_diplomacy_1_desc;A book of mild importance written by [This.OriginalOwner.GetTitledFirstNameNoRegnal] of the Citadel;;;;;;;;;;;;;x
magnum_opus_diplomacy_2_desc;A well respected book written by [This.OriginalOwner.GetTitledFirstNameNoRegnal] of the Citadel;;;;;;;;;;;;;x
magnum_opus_diplomacy_3_desc;A book of great renown written by [This.OriginalOwner.GetTitledFirstNameNoRegnal] of the Citadel;;;;;;;;;;;;;x
magnum_opus_diplomacy_4_desc;A scholarly masterpiece written by [This.OriginalOwner.GetTitledFirstNameNoRegnal] of the Citadel;;;;;;;;;;;;;x
magnum_opus_learning_intrigue_1_desc;A book of mild importance written by [This.OriginalOwner.GetTitledFirstNameNoRegnal] of the Citadel;;;;;;;;;;;;;x
magnum_opus_learning_intrigue_2_desc;A well respected book written by [This.OriginalOwner.GetTitledFirstNameNoRegnal] of the Citadel;;;;;;;;;;;;;x
magnum_opus_learning_intrigue_3_desc;A book of great renown written by [This.OriginalOwner.GetTitledFirstNameNoRegnal] of the Citadel;;;;;;;;;;;;;x
magnum_opus_learning_intrigue_4_desc;A scholarly masterpiece written by [This.OriginalOwner.GetTitledFirstNameNoRegnal] of the Citadel;;;;;;;;;;;;;x
GetMagnusOpusName_A;[Root.GetMagnusOpusName_Preface] [Root.GetMagnusOpusName_Subject];;;;;;;;;;;;;x
GetMagnusOpusName_History_of;History of;;;;;;;;;;;;;x
GetMagnusOpusName_On;On;;;;;;;;;;;;;x
GetMagnusOpusName_Annals_of;Annals of;;;;;;;;;;;;;x
GetMagnusOpusName_The_Book_of;The Book of;;;;;;;;;;;;;x
GetMagnusOpusName_Chronicles_of;Chronicles of;;;;;;;;;;;;;x
GetMagnusOpusName_A_Consideration_of;A Consideration of;;;;;;;;;;;;;x
GetMagnusOpusName_The_Glory_of;The Glory of;;;;;;;;;;;;;x
GetMagnusOpusName_A_Study_of;A Study of;;;;;;;;;;;;;x
GetMagnusOpusName_[Root.GetFirstName]_on;[Root.GetFirstName] on;;;;;;;;;;;;;x
GetMagnusOpusName_The_Origins_of;The Origins of;;;;;;;;;;;;;x
GetMagnusOpusName_A_Book_of;A Book of;;;;;;;;;;;;;x
GetMagnusOpusName_Questions_on;Questions on;;;;;;;;;;;;;x
GetMagnusOpusName_True_Accounts_of;True Accounts of;;;;;;;;;;;;;x
GetMagnusOpusName_Wonders_of;Wonders of;;;;;;;;;;;;;x
GetMagnusOpusName_Archives_of;Archives of;;;;;;;;;;;;;x
GetMagnusOpusName_Tales_of;Tales of;;;;;;;;;;;;;x
GetMagnusOpusName_Reckoning_of;Reckoning of;;;;;;;;;;;;;x
GetMagnusOpusName_Winds_of;Winds of;;;;;;;;;;;;;x
GetMagnusOpusName_Dreams_of;Dreams of;;;;;;;;;;;;;x
GetMagnusOpusName_A_True_History_of;A True History of;;;;;;;;;;;;;x
GetMagnusOpusName_A_Brief_History_of;A Brief History of;;;;;;;;;;;;;x
GetMagnusOpusName_Dialogue_Concerning;Dialogue Concerning;;;;;;;;;;;;;x
GetMagnusOpusName_Concerning;Concerning;;;;;;;;;;;;;x
GetMagnusOpusName_Theories_on;Theories on;;;;;;;;;;;;;x
GetMagnusOpusName_Conjectures_on;Conjectures on;;;;;;;;;;;;;x
GetMagnusOpusName_The_Rise_of;The Rise of;;;;;;;;;;;;;x
GetMagnusOpusName_Methods_of;Methods of;;;;;;;;;;;;;x
GetMagnusOpusName_Mapping;Mapping;;;;;;;;;;;;;x
GetMagnusOpusName_Surveying;Surveying;;;;;;;;;;;;;x
GetMagnusOpusName_Exploring;Exploring;;;;;;;;;;;;;x
GetMagnusOpusName_Journeying;Journeying;;;;;;;;;;;;;x
GetMagnusOpusName_Ravenry;Ravenry;;;;;;;;;;;;;x
GetMagnusOpusName_Ravens;Ravens;;;;;;;;;;;;;x
GetMagnusOpusName_Northern_Ravens;Northern Ravens;;;;;;;;;;;;;x
GetMagnusOpusName_[Root.Culture.GetName]_Ravens;[Root.Culture.GetName] Ravens;;;;;;;;;;;;;x
GetMagnusOpusName_History;History;;;;;;;;;;;;;x
GetMagnusOpusName_[history_topic_a.GetName];[history_topic_a.GetName];;;;;;;;;;;;;x
GetMagnusOpusName_the_Reign_of_[history_topic_b.GetTitledFirstNameWithDynasty];the Reign of [history_topic_b.GetTitledFirstNameWithDynasty];;;;;;;;;;;;;x
GetMagnusOpusName_the_Rule_of_[history_topic_b.GetTitledFirstNameWithDynasty];the Rule of [history_topic_b.GetTitledFirstNameWithDynasty];;;;;;;;;;;;;x
GetMagnusOpusName_the_Lineage_of_House_[history_topic_b.GetDynastyOnlyName];the Lineage of House [history_topic_b.GetDynastyOnlyName];;;;;;;;;;;;;x
GetMagnusOpusName_the_Past;the Past;;;;;;;;;;;;;x
GetMagnusOpusName_Antiquity;Antiquity;;;;;;;;;;;;;x
GetMagnusOpusName_Valyria;Valyria;;;;;;;;;;;;;x
GetMagnusOpusName_the_Citadel;the Citadel;;;;;;;;;;;;;x
GetMagnusOpusName_the_Age_of_Heroes;the Age of Heroes;;;;;;;;;;;;;x
GetMagnusOpusName_Dragons;Dragons;;;;;;;;;;;;;x
GetMagnusOpusName_the_Children_of_the_Forest;the Children of the Forest;;;;;;;;;;;;;x
GetMagnusOpusName_the_Andal_Invasions;the Andal Invasions;;;;;;;;;;;;;x
GetMagnusOpusName_the_War_for_the_Dawn;the War for the Dawn;;;;;;;;;;;;;x
GetMagnusOpusName_Astronomy;Astronomy;;;;;;;;;;;;;x
GetMagnusOpusName_Astrology;Astrology;;;;;;;;;;;;;x
GetMagnusOpusName_the_Stars;the Stars;;;;;;;;;;;;;x
GetMagnusOpusName_the_Cosmos;the Cosmos;;;;;;;;;;;;;x
GetMagnusOpusName_the_Wanderers;the Wanderers;;;;;;;;;;;;;x
GetMagnusOpusName_the_Sun;the Sun;;;;;;;;;;;;;x
GetMagnusOpusName_the_Moon;the Moon;;;;;;;;;;;;;x
GetMagnusOpusName_[Root.GetRandomPlanetName];[Root.GetRandomPlanetName];;;;;;;;;;;;;x
GetMagnusOpusName_the_Seasons;the Seasons;;;;;;;;;;;;;x
GetMagnusOpusName_Days;Days;;;;;;;;;;;;;x
GetMagnusOpusName_Time;Time;;;;;;;;;;;;;x
GetMagnusOpusName_Winter;Winter;;;;;;;;;;;;;x
GetMagnusOpusName_Summer;Summer;;;;;;;;;;;;;x
GetMagnusOpusName_Spring;Spring;;;;;;;;;;;;;x
GetMagnusOpusName_Autumn;Autumn;;;;;;;;;;;;;x
GetMagnusOpusName_Weather;Weather;;;;;;;;;;;;;x
GetMagnusOpusName_the_Known_World;the Known World;;;;;;;;;;;;;x
GetMagnusOpusName_Kingdoms;Kingdoms;;;;;;;;;;;;;x
GetMagnusOpusName_Cartography;Cartography;;;;;;;;;;;;;x
GetMagnusOpusName_[book_topic.GetName];[book_topic.GetName];;;;;;;;;;;;;x
GetMagnusOpusName_Maps;Maps;;;;;;;;;;;;;x
GetMagnusOpusName_the_Seas;the Seas;;;;;;;;;;;;;x
GetMagnusOpusName_the_Oceans;the Oceans;;;;;;;;;;;;;x
GetMagnusOpusName_Essos;Essos;;;;;;;;;;;;;x
GetMagnusOpusName_Ulthos;Ulthos;;;;;;;;;;;;;x
GetMagnusOpusName_Sothoryos;Sothoryos;;;;;;;;;;;;;x
GetMagnusOpusName_the_Sunset_Sea;the Sunset Sea;;;;;;;;;;;;;x
GetMagnusOpusName_the_Jade_Sea;the Jade Sea;;;;;;;;;;;;;x
GetMagnusOpusName_the_Summer_Sea;the Summer Sea;;;;;;;;;;;;;x
GetMagnusOpusName_the_Rhoyne;the Rhoyne;;;;;;;;;;;;;x
GetMagnusOpusName_the_Far_East;the Far East;;;;;;;;;;;;;x
GetMagnusOpusName_Westeros;Westeros;;;;;;;;;;;;;x
GetMagnusOpusName_Rivers;Rivers;;;;;;;;;;;;;x
GetMagnusOpusName_Mountains;Mountains;;;;;;;;;;;;;x
GetMagnusOpusName_the_Free_Cities;the Free Cities;;;;;;;;;;;;;x
GetMagnusOpusName_Mossovy;Mossovy;;;;;;;;;;;;;x
GetMagnusOpusName_the_Narrow_Sea;the Narrow Sea;;;;;;;;;;;;;x
GetMagnusOpusName_Mathematics;Mathematics;;;;;;;;;;;;;x
GetMagnusOpusName_Economics;Economics;;;;;;;;;;;;;x
GetMagnusOpusName_Coinage;Coinage;;;;;;;;;;;;;x
GetMagnusOpusName_Arithmetic;Arithmetic;;;;;;;;;;;;;x
GetMagnusOpusName_Bookkeeping;Bookkeeping;;;;;;;;;;;;;x
GetMagnusOpusName_Warcraft;Warcraft;;;;;;;;;;;;;x
GetMagnusOpusName_Battles;Battles;;;;;;;;;;;;;x
GetMagnusOpusName_Strategy;Strategy;;;;;;;;;;;;;x
GetMagnusOpusName_War;War;;;;;;;;;;;;;x
GetMagnusOpusName_Tactics;Tactics;;;;;;;;;;;;;x
GetMagnusOpusName_Logistics;Logistics;;;;;;;;;;;;;x
GetMagnusOpusName_the_Conflicts_in_[book_topic.GetName];the Conflicts in [book_topic.GetName];;;;;;;;;;;;;x
GetMagnusOpusName_the_Wars_of_[book_topic.GetName];the Wars of [book_topic.GetName];;;;;;;;;;;;;x
GetMagnusOpusName_the_Battles_of_[book_topic.GetName];the Battles of [book_topic.GetName];;;;;;;;;;;;;x
GetMagnusOpusName_the_Campaigns_in_[book_topic.GetName];the Campaigns in [book_topic.GetName];;;;;;;;;;;;;x
GetMagnusOpusName_the_Game_of_Thrones;the Game of Thrones;;;;;;;;;;;;;x
GetMagnusOpusName_Castles;Castles;;;;;;;;;;;;;x
GetMagnusOpusName_Siegecraft;Siegecraft;;;;;;;;;;;;;x
GetMagnusOpusName_Sieges;Sieges;;;;;;;;;;;;;x
GetMagnusOpusName_Architecture;Architecture;;;;;;;;;;;;;x
GetMagnusOpusName_Construction;Construction;;;;;;;;;;;;;x
GetMagnusOpusName_Fortifications;Fortifications;;;;;;;;;;;;;x
GetMagnusOpusName_[book_topic.GetName];[book_topic.GetName];;;;;;;;;;;;;x
GetMagnusOpusName_Peoples;Peoples;;;;;;;;;;;;;x
GetMagnusOpusName_Cultures;Cultures;;;;;;;;;;;;;x
GetMagnusOpusName_Religion;Religion;;;;;;;;;;;;;x
GetMagnusOpusName_the_[book_topic.GetName]_Peoples;the [book_topic.GetName] Peoples;;;;;;;;;;;;;x
GetMagnusOpusName_[book_topic.GetName]_Customs;[book_topic.GetName] Customs;;;;;;;;;;;;;x
GetMagnusOpusName_[book_topic.GetName]_Religions;[book_topic.GetName] Religions;;;;;;;;;;;;;x
GetMagnusOpusName_[book_topic.GetGroupName]_Customs;[book_topic.GetGroupName] Customs;;;;;;;;;;;;;x
GetMagnusOpusName_[book_topic.GetName]_[Root.GetNobleName]s;[book_topic.GetName] [Root.GetNobleName]s;;;;;;;;;;;;;x
GetMagnusOpusName_Languages;Languages;;;;;;;;;;;;;x
GetMagnusOpusName_the_Spoken_Word;the Spoken Word;;;;;;;;;;;;;x
GetMagnusOpusName_Speech;Speech;;;;;;;;;;;;;x
GetMagnusOpusName_Writing;Writing;;;;;;;;;;;;;x
GetMagnusOpusName_[book_topic.GetGroupName]_Writing;[book_topic.GetGroupName] Writing;;;;;;;;;;;;;x
GetMagnusOpusName_[book_topic.GetGroupName]_Alphabets;[book_topic.GetGroupName] Alphabets;;;;;;;;;;;;;x
GetMagnusOpusName_[book_topic.GetSpokenLanguage];[book_topic.GetSpokenLanguage];;;;;;;;;;;;;x
GetMagnusOpusName_Linguistics;Linguistics;;;;;;;;;;;;;x
GetMagnusOpusName_Alphabets;Alphabets;;;;;;;;;;;;;x
GetMagnusOpusName_Law;Law;;;;;;;;;;;;;x
GetMagnusOpusName_Justice;Justice;;;;;;;;;;;;;x
GetMagnusOpusName_[book_topic.GetName]_Law;[book_topic.GetName] Law;;;;;;;;;;;;;x
GetMagnusOpusName_Jurisprudence;Jurisprudence;;;;;;;;;;;;;x
GetMagnusOpusName_Convention;Convention;;;;;;;;;;;;;x
GetMagnusOpusName_Ethics;Ethics;;;;;;;;;;;;;x
GetMagnusOpusName_Medicine;Medicine;;;;;;;;;;;;;x
GetMagnusOpusName_Healing;Healing;;;;;;;;;;;;;x
GetMagnusOpusName_the_Body;the Body;;;;;;;;;;;;;x
GetMagnusOpusName_the_Human_Body;the Human Body;;;;;;;;;;;;;x
GetMagnusOpusName_Miasmas;Miasmas;;;;;;;;;;;;;x
GetMagnusOpusName_Disease;Disease;;;;;;;;;;;;;x
GetMagnusOpusName_Death;Death;;;;;;;;;;;;;x
GetMagnusOpusName_Blood;Blood;;;;;;;;;;;;;x
GetMagnusOpusName_the_Eyes;the Eyes;;;;;;;;;;;;;x
GetMagnusOpusName_the_Brain;the Brain;;;;;;;;;;;;;x
GetMagnusOpusName_Reproduction;Reproduction;;;;;;;;;;;;;x
GetMagnusOpusName_the_Sexes;the Sexes;;;;;;;;;;;;;x
GetMagnusOpusName_Metallurgy;Metallurgy;;;;;;;;;;;;;x
GetMagnusOpusName_Metals;Metals;;;;;;;;;;;;;x
GetMagnusOpusName_the_Elements;the Elements;;;;;;;;;;;;;x
GetMagnusOpusName_Transmutation;Transmutation;;;;;;;;;;;;;x
GetMagnusOpusName_Valyrian_Steel;Valyrian Steel;;;;;;;;;;;;;x
GetMagnusOpusName_Steel;Steel;;;;;;;;;;;;;x
GetMagnusOpusName_Iron;Iron;;;;;;;;;;;;;x
GetMagnusOpusName_Smelting;Smelting;;;;;;;;;;;;;x
GetMagnusOpusName_Gold;Gold;;;;;;;;;;;;;x
GetMagnusOpusName_Silver;Silver;;;;;;;;;;;;;x
GetMagnusOpusName_Alchemy;Alchemy;;;;;;;;;;;;;x
GetMagnusOpusName_Herblore;Herblore;;;;;;;;;;;;;x
GetMagnusOpusName_Herbology;Herbology;;;;;;;;;;;;;x
GetMagnusOpusName_Herbs;Herbs;;;;;;;;;;;;;x
GetMagnusOpusName_Potions;Potions;;;;;;;;;;;;;x
GetMagnusOpusName_Leaves;Leaves;;;;;;;;;;;;;x
GetMagnusOpusName_Healing_Herbs;Healing Herbs;;;;;;;;;;;;;x
GetMagnusOpusName_Magic;Magic;;;;;;;;;;;;;x
GetMagnusOpusName_Mysteries;Mysteries;;;;;;;;;;;;;x
GetMagnusOpusName_the_Higher_Mysteries;the Higher Mysteries;;;;;;;;;;;;;x
GetMagnusOpusName_Dragons;Dragons;;;;;;;;;;;;;x
GetMagnusOpusName_Warlocks;Warlocks;;;;;;;;;;;;;x
GetMagnusOpusName_the_Glass_Candles;the Glass Candles;;;;;;;;;;;;;x
GetMagnusOpusName_the_Doom;the Doom;;;;;;;;;;;;;x
GetMagnusOpusName_Valyria;Valyria;;;;;;;;;;;;;x
GetMagnusOpusName_the_Occult;the Occult;;;;;;;;;;;;;x
GetMagnusOpusName_the_Stormsingers;the Stormsingers;;;;;;;;;;;;;x
GetMagnusOpusName_Sorcery;Sorcery;;;;;;;;;;;;;x
GetMagnusOpusName_Bloodmagic;Bloodmagic;;;;;;;;;;;;;x
GetMagnusOpusName_Ice_and_Fire;Ice and Fire;;;;;;;;;;;;;x
GetMagnusOpusName_Necromancy;Necromancy;;;;;;;;;;;;;x
GetMagnusOpusName_Skinchanging;Skinchanging;;;;;;;;;;;;;x
GetMagnusOpusName_Divination;Divination;;;;;;;;;;;;;x
GetMagnusOpusName_[Root.GetAlcoholicDrink];[Root.GetAlcoholicDrink];;;;;;;;;;;;;x
EVTDESC_MNM_1850;It is rare to have a completely clear night-sky to observe, yet tonight the weather conditions are perfect. I smile, as I begin to carefully note down the pattern of the celestial bodies. I feel a surge of energy – never have I had such a spectacular view of my own constellation, - I can sense my connection to the elements stronger than ever before.;Il est rare d'avoir un ciel nocturne complètement clair à observer, mais ce soir les conditions météorologiques sont parfaites. Je souris, alors que je commence à noter avec soin la disposition des corps célestes. Je sens une poussée d'énergie – je n'ai jamais eu une vue aussi spectaculaire de ma propre constellation, en tant que [Root.GetWesternZodiacSign], et je peux sentir ma connexion aux éléments plus fortement que jamais.;Es kommt selten vor, dass ein Nachthimmel vollkommen klar für Beobachtungen ist, doch heute Nacht sind die Wetterbedingungen ideal. Ich lächle, als ich damit beginne, sorgfältig das Muster der Himmelskörper aufzuzeichnen. Ich fühle eine Woge von Energie in mir aufsteigen. Noch nie zuvor bot sich mir ein derart spektakulärer Anblick meiner eigenen Konstellation des Sternzeichens [Root.GetWesternZodiacSign]. Ich kann meine Verbindung zu den Elementen stärker als je zuvor fühlen.;;Es poco frecuente disponer de un cielo nocturno completamente despejado, pero esta noche las condiciones son perfectas. Sonrío mientras voy tomando nota de los patrones de los cuerpos celestes. Siento un arrebato de energía. Nunca había tenido una visión tan espectacular de mi propia constelación, [Root.GetWesternZodiacSign]. Puedo sentir mi conexión con los elementos con más fuerza que nunca.;;;;;;;;;x
EVTDESCMNM.9995;[metallurgist.GetTitledFirstNameWithDynasty] is an authority on metallurgy, and has some theories that can improve the quality of the metal in the items you comissioned. [metallurgist.GetSheHeCap] just requires funds to obtain the necessary materials and time to work with the smith.;;;;;;;;;;;;;x
EVTDESCMNM.9995B;I am an authority on metallurgy, and have some theories that can improve the quality of the metal in the items I have comissioned. I just need to commit funds to obtain the necessary materials and time to work with the smith.;;;;;;;;;;;;;x
EVTOPTAMNM.9995;Yes, proceed;;;;;;;;;;;;;x
TOOLTIPMNM.9995;The quality of your comissioned items will be improved by 1;;;;;;;;;;;;;x
EVTOPTBMNM.9995;No I do not desire this;;;;;;;;;;;;;x
String_Universal_Theology;the truth of Universal Theology;la vérité de la théologie universelle;Die Wahrheit der Universalen Theologie;;la verdad de la teología universal;;;;;;;;;x
String_nature_of_the_Inner_and_the_Outer_cosmos;the nature of the Inner and the Outer cosmos;la nature du cosmos intérieur et extérieur;Das Wesen des inneren und äußeren Kosmos;;la naturaleza del cosmos interior y del cosmos exterior;;;;;;;;;x
String_Prisca_theologia;unity through the lens of ancient theology;l'unité à travers le prisme de la prisca theologia;Die Vereinigung durch die Linse der Prisca Theologia;;la unidad desde el punto de vista de la prisca theologia;;;;;;;;;x
String_truth_inherent_to_Divine_Consciousness;the truth inherent in Divine Consciousness;la vérité inhérente à la conscience divine;Die dem Göttlichen Bewusstsein innewohnende Wahrheit;;la verdad inherente a la conciencia divina;;;;;;;;;x
String_interaction_of_the_soul_and_alchemy;the interaction between the soul and alchemy;l'interaction entre l'âme et l'alchimie;Das Wechselspiel zwischen Seele und Alchemie;;la relación entre el alma y la alquimia;;;;;;;;;x
String_very_definition_of_a_true_magnum_opus;the definition of a true great work;la définition d'un véritable magnum opus;Die Definition eines wahren Magnum Opus;;la definición de una verdadera magnum opus;;;;;;;;;x
String_the_movement_of_celestial_bodies;the movement of celestial bodies;le mouvement des corps célestes;Die Bewegung von Himmelskörpern;;el movimiento de los cuerpos celestes;;;;;;;;;x
String_the_laws_of_the_stars;the laws of the stars;les lois des étoiles;Die Gesetze der Sterne;;las leyes de las estrellas;;;;;;;;;x
String_divinity_of_snails;whether snails, due to their spiral shells, are the most Divine creatures;si les escargots, à cause de leurs coquilles en spirale, sont les créatures les plus divines;Ob Schnecken wegen ihrer spiralförmigen Häuser die göttlichsten aller Geschöpfe sind;;si los caracoles, dada su concha espiral, son las criaturas más divinas;;;;;;;;;x
String_snake_or_staff;whether snakes and staves are symbolically the exact same thing;si les serpents et les bâtons sont symboliquement exactement la même chose;Ob Schlangen und Stäbe in symbolischer Hinsicht genau dasselbe sind;;si las serpientes y los bastones son lo mismo simbólicamente hablando;;;;;;;;;x
String_why_gold_anyways;how it's always lead that must be transmuted into gold, when beer is just as noble;pourquoi c'est toujours le plomb qui doit être transmuté en or, alors que la bière est tout aussi noble;Warum es immer Blei ist, das zu Gold verwandelt werden muss, obgleich doch Bier genauso edel ist;;que el plomo siempre debe transmutarse en oro, cuando la cerveza es igual de noble;;;;;;;;;x
String_medicinal_application_of_alcohol;"the highly medicinal applications of alcohol ""when applied internally""";les utilisations hautement médicinales de l'alcool « lorsqu'il est appliqué à l'intérieur du corps »;"Die zuhöchst medizinischen Applikationen von Alkohol ""bei interner Anwendung""";;"las aplicaciones extremadamente medicinales del alcohol cuando se aplica internamente""";;;;;;;;;x
String_emerald_tablet_kept_at_home;whether it's true that I have an emerald tablet at home or not;si c'est vrai que j'ai une table d'émeraude à la maison ou non;Ob es wahr ist, dass ich eine Smaragdtafel zu Hause habe;;si es cierto o no que he tenido una tabla de esmeralda en casa;;;;;;;;;x
String_procedure_of_previous_debate;the crazy things that happened at the last Great Debate;les choses folles qui sont arrivées au dernier Grand Débat;Die verrückten Begebenheiten während der letzten Großen Debatte;;los acontecimientos inverosímiles del último Gran Debate;;;;;;;;;x
String_soul_leaving_body;how it would be incredible if the soul could leave the body temporarily, then return;comment il serait incroyable que l'âme puisse quitter le corps temporairement, puis revenir;Wie unglaublich es wäre, wenn die Seele vorübergehend den Körper verlassen und danach wieder in ihn zurückkehren könnte;;lo increíble que sería si el alma dejase el cuerpo temporalmente y regresara a él;;;;;;;;;x
String_kings_or_angels_higher_ranked;who is more important in the Divine hierarchy, kings or angels;qui est plus important dans la hiérarchie divine, les rois ou les anges;Wer in der göttlichen Hierarchie wichtiger ist: Könige oder Engel;;quién es más importante en la jerarquía divina, si los reyes o los ángeles;;;;;;;;;x
String_inferno_is_maybe_cool;that perhaps eternal torment is not as bad as the laity has been led to believe;que peut-être le tourment éternel n'est pas aussi mauvais que ce que les laïcs ont été amenés à croire;Ewige Qual ist vielleicht gar nicht so schlecht, wie dem Laienstand gelehrt wurde;;que, quizás, el tormento eterno no sea tan malo como han hecho creer al laicado;;;;;;;;;x
String_eternal_life_not_that_great;the pains and troubles that come with eternal life;les douleurs et les troubles qui viennent avec la vie éternelle;Die mit ewigem Leben einhergehenden Schmerzen und Nöte;;el sufrimiento y los problemas que acarrea la vida eterna;;;;;;;;;x
String_top_ten_alchemists;the top ten maesters of all time;les dix meilleurs alchimistes de tous les temps;Die zehn größten Alchemisten aller Zeiten;;los diez mejores alquimistas de todos los tiempos;;;;;;;;;x
String_that_feeling;that feeling of Divine presence you get from smelling certain liquids at the moment of synthesis;ce sentiment de présence divine que vous obtenez en sentant certains liquides au moment de la synthèse;Dieses Gefühl göttlicher Präsenz, das man beim Riechen gewisser Flüssigkeiten im Augenblick der Synthese empfindet;;esa sensación de la presencia divina al oler ciertos líquidos en el momento de la síntesis;;;;;;;;;x
String_gardening_noble_work;whether gardening is best left for servants, or secretly the most noble work one can do;si c'est mieux de laisser le jardinage aux domestiques, ou si c'est en vérité le travail le plus noble qu'on puisse faire;Ob man Gartenarbeit am besten Dienern überlassen sollte oder ob sie in Wahrheit die edelste Tätigkeit ist, die man verrichten kann;;si es mejor dejar la jardinería para los sirvientes, o si es el trabajo más noble que existe;;;;;;;;;x
String_alchemists_make_better_lovers;the obvious reasons for why maesters make better lovers;les raisons évidentes pour lesquelles les alchimistes font de meilleurs amants;Die offenkundigen Gründe dafür, dass Alchemisten bessere Liebhaber sind;;las razones obvias por las que los alquimistas son mejores amantes;;;;;;;;;x
request_to_rank_up_within_society_hermeticsA;Has a link;;;;;;;;;;;;;x
request_to_rank_up_within_society_hermeticsB;Rulers cannot become full maesters;;;;;;;;;;;;;x
hermetics_write_theory_paper_power_desc;Enables the decision to write a theorem paper and have it be reviewed by fellow members of the Citadel. If it is accepted, you gain §Y[From.Society.GetCurrency]§!.\n;Permet la décision d'écrire un théorème et de le faire examiner par des membres hermétistes. S'il est accepté, vous gagnerez du §Y[From.Society.GetCurrency]§!.\n;Ermöglicht die Entscheidung, eine Abhandlung der Theoreme zu verfassen und sie von anderen Mitgliedern der Hermetiker prüfen zu lassen. Falls sie akzeptiert wird, erhaltet Ihr §Y[Root.Society.GetCurrency]§!.\n;;Activa la decisión de escribir un teorema y de que lo revisen otros miembros del hermetismo. Si lo aceptan, ganarás §Y[From.Society.GetCurrency]§!.\n;;;;;;;;;x
hermetics_write_magnum_opus_power_desc;Enables §Gright-clicking§! on your own portrait in order to write an enciphered book of your knowledge. This is an artifact with potentially powerful bonuses, which only characters with high learning can decipher.;Permet d'écrire un livre chiffré contenant votre savoir. C'est un artefact avec de puissants bonus, que seuls les personnages avec une grande érudition peuvent déchiffrer.\n(Faites un clic droit sur votre portrait);Ermöglicht einen §GRechtsklick§! auf Euer Porträt, um ein verschlüsseltes Buch Eures Wissens zu schreiben. Dabei handelt es sich um ein Artefakt mit potenziell starken Boni, das nur von Charakteren mit hoher Bildung entschlüsselt werden kann.;;Activa el §Gclic con el botón secundario§! en tu propio retrato para escribir tus conocimientos en una obra codificada. Este artefacto podría otorgar bonificaciones considerables que solo pueden descifrar los personajes con un alto nivel de Aprendizaje.;;;;;;;;;x
brew_happiness_potion_power_desc;Enables §Gright-clicking§! the portrait of any §RDepressed§! or §RStressed§! character in your court, in order to make them a milk of the poppy that raises their spirits, in exchange for §Y[From.Society.GetCurrency]§!.;Permet de préparer un breuvage magique qui chasse les mauvaises pensées pour les personnages de la Cour en §Rdépression§! ou ayant de l'§Ranxiété§! en échange de §Y[From.Society.GetCurrency]§!.\n(Faites un clic droit sur leurs portraits);Ermöglicht einen §GRechtsklick§! auf das Porträt einer §Rdeprimierten§! oder §Rgestressten§! Person an Eurem Hof, um gegen einen Preis von §Y[From.Society.GetCurrency]§! für diese einen Trank zuzubereiten, der ihr Gemüt hebt.;;Activa el §Gclic con el botón secundario§! en el retrato de cualquier personaje §Rdeprimido§! o §Restresado§! de tu corte para prepararles una poción que les levante el ánimo a cambio de §Y[From.Society.GetCurrency]§!.;;;;;;;;;x
hermetics_make_horoscope_power_desc;Enables §Gright-clicking§! on portraits of your children in order to make them a horoscope.;Permet de faire l'horoscope de vos enfants.\n(Faites un clic droit sur leurs portraits);Ermöglicht einen §GRechtsklick§! auf das Porträt Eurer Kinder, um ein Horoskop für sie zu erstellen.;;Activa el §Gclic con el botón secundario§! en los retratos de tus hijos para crear su horóscopo.;;;;;;;;;x
invite_hermetic_to_stargazing_power_desc;Enables §Gright-clicking§! on portraits of fellow Citadel members in order to invite them to a stargazing;;;;;;;;;;;;;x
hermetics_acquire_ingredients_decision_power_desc;Enables the 'Acquire Ingredients' decision;;;;;;;;;;;;;x
hermetic_grand_debate_power_desc;Enables the 'Hold a Grand Debate' decision;;;;;;;;;;;;;x
artifact_effect_maester_link;Earning links allows a character to upgrade their §YLearning§! education trait level\nEarning §Y2§! links in a subject allows a maester to select it as a §YSpecialisation§! and earn a further third link in that subject;;;;;;;;;;;;;x
