#CODE;ENGLISH;FRENCH;GERMAN;;SPANISH;;;;;;;;;x;
k_nightswatch;The Night's Watch;La Garde de Nuit;The Night's Watch;The Night's Watch;La Guardia de la Noche;;;;;;;;;x;
NIGHTS_KING;Night's King;Roi de la Nuit;;;Rey de la Noche;;;;;;;;;x;
NIGHTS_KING_female;Night's Queen;Reine de la Nuit;;;Reina de la Noche;;;;;;;;;x;
NIGHTS_KING_FOA;Your Grace;Votre Grâce;;;Su Majestad;;;;;;;;;x;
d_nightswatch;The Night's Watch;La Garde de Nuit;The Night's Watch;The Night's Watch;La Guardia de la Noche;;;;;;;;;x;
d_the_wall;The Wall;Le Mur;;;El Muro;;;;;;;;;x;
c_castle_black;Castle Black;Châteaunoir;Castle Black;Castle Black;Castillo Negro;;;;;;;;;x;
c_shadow_tower;The Shadow Tower;Tour Ombreuse;Shadow Tower;Shadow Tower;Torre Sombría;;;;;;;;;x;
c_eastwatch;Eastwatch-by-the-Sea;Fort-Levant;Eastwatch-by-the-Sea;Eastwatch-by-the-Sea;Guardiaoriente del Mar;;;;;;;;;x;
c_brandons_gift;Brandon's Gift;Don-Bran;Brandon's Gift;Brandon's Gift;Agasajo de Brandon;;;;;;;;;x;
c_new_gift;The New Gift;Neufdon;New Gift;New Gift;Nuevo Agasajo;;;;;;;;;x;
b_castle_black;Castle Black;Châteaunoir;Castle Black;Castle Black;Castillo Negro;;;;;;;;;x;
b_shadow_tower;The Shadow Tower;Tour Ombreuse;Shadow Tower;Shadow Tower;Torre Sombría;;;;;;;;;x;
b_eastwatch;Eastwatch-by-the-Sea;Fort-Levant;Eastwatch-by-the-Sea;Eastwatch-by-the-Sea;Guardiaoriente del Mar;;;;;;;;;x;
b_moles_town;Mole's Town;La Mole;Mole's Town;Mole's Town;Villatopo;;;;;;;;;x;
b_queenscrown;Queenscrown;Reine-Couronne;Queenscrown;Queenscrown;Corona de la Reina;;;;;;;;;x;
b_northfort;Northfort;Reine-Couronne;Queenscrown;Queenscrown;Corona de la Reina;;;;;;;;;x;
b_ironmark;Icemark;Glacière;Ironmark;Ironmark;Marcahielo;;;;;;;;;x;
b_the_nightfort;The Nightfort;Fort Nox;The Nightfort;The Nightfort;Fuerte de la Noche;;;;;;;;;x;
b_deep_lake;Deep Lake;Noirlac;Deep Lake;Deep Lake;Lago Hondo;;;;;;;;;x;
b_queensgate;Queensgate;Porte Reine;Queensgate;Queensgate;Puerta de la Reina;;;;;;;;;x;
B_SNOWGATE;Snowgate;Porte Névé;;;Puertanevada;;;;;;;;;x;
b_oakenshield;Oakenshield;Chêne Egide;Oakenshield;Oakenshield;Escudo de Roble;;;;;;;;;x;
b_woodswatch;Woodswatch-by-the-Pool;Sylve-Etang;Woodswatch-by-the-Pool;Woodswatch-by-the-Pool;Guardiabosque del Lago;;;;;;;;;x;
b_westwatch;Westwatch-by-the-Bridge;Fort Couchant le Pont;Westwatch-by-the-Bridge;Westwatch-by-the-Bridge;Guardiaoccidente del Río;;;;;;;;;x;
b_sentinel_stand;Sentinel Stand;La Vigie;Sentinel Stand;Sentinel Stand;Garita;;;;;;;;;x;
b_greyguard;Greyguard;Griposte;Greyguard;Greyguard;Guardiagrís;;;;;;;;;x;
b_stonedoor;Stonedoor;La Roque;Stonedoor;Stonedoor;Puertapiedra;;;;;;;;;x;
b_hoarfrost_hill;Hoarfrost Hill;Mont-Frimas;Hoarfrost Hill;Hoarfrost Hill;Colina Escarcha;;;;;;;;;x;
b_sable_hall;Sable Hall;Sablé;Sable Hall;Sable Hall;Fortaleza de Azabache;;;;;;;;;x;
b_rimegate;Rimegate;La Givrée;Rimegate;Rimegate;Puertahelada;;;;;;;;;x;
b_the_long_barrow;The Long Barrow;Longtertre;The Long Barrow;The Long Barrow;Túmulo Largo;;;;;;;;;x;
b_the_torches;The Torches;Torchères;The Torches;The Torches;Antorchas;;;;;;;;;x;
b_greenguard;Greenguard;Verposte;Greenguard;Greenguard;Guardiaverde;;;;;;;;;x;
b_brandoncastle;Brandoncastle;Castelbrandon;Brandoncastle;Brandoncastle;Castillo Brandon;;;;;;;;;x;
b_north_town;Northmark;Normarche;Northmark;Northmark;Piedra del Norte;;;;;;;;;x;
b_roads_end;Roadsend;Finsentier;Roadsend;Roadsend;Última Senda;;;;;;;;;x;
b_whitecross;Whitecross;Blanche-croix;Whitecross;Whitecross;Cruceblanco;;;;;;;;;x;
EVTDESCnightswatch.1;I have grown weary of ruling my lands, being a [Root.GetTitle] is not suited for old men like me. Perhaps it would be the honourable thing to do to journey to The Wall and take the black, leaving young [Root.Heir.GetTitledFirstName] to rule [Root.PrimaryTitle.GetName]?;Je suis de plus en plus lassé de gérer mes terres, et trop vieux pour être [Root.GetTitle]. Peut-être serait-ce une aventure honorable que de me rendre au Mur pour prendre le noir, en laissant le jeune [Root.Heir.GetTitledFirstName] régner sur [Root.PrimaryTitle.GetName] ?;;;Quiero unirme a la Guardia de la Noche;;;;;;;;;x;
EVTOPTAnightswatch.1;I will ask my liege;Je demanderai à mon seigneur;;;Preguntaré a mi señor;;;;;;;;;x;
EVTOPTBnightswatch.1;Yes, I shall join the Night's Watch;Oui, je vais rejoindre la Garde de Nuit.;;;Sí, me uniré a la guardia de la noche;;;;;;;;;x;
EVTOPTCnightswatch.1;I will not spend my days freezing up there;Je n'irai pas me geler sur ce foutu Mur.;;;No pasaré mis días congelado allí arriba;;;;;;;;;x;
EVTDESCnightswatch.2;[Root.PrimaryTitle.GetFOA], I, [From.GetTitledFirstNameWithDynasty], request the right to take the black and guard the realms of men as a Sworn Brother of the Night's Watch.;[Root.PrimaryTitle.GetFOA], moi, [From.GetTitledFirstNameWithDynastyAndTitleNoRegnal], demande l'autorisation de prendre le Noir, pour protéger les Royaumes des hommes comme frère juré de la Garde de Nuit.;;;[Root.PrimaryTitle.GetFOA], yo, [From.GetTitledFirstNameWithDynastyAndTitleNoRegnal] solicito el derecho a vestir el negro y defender los reinos de los hombres como hermano juramentado de la Guardia de la Noche.;;;;;;;;;x;
EVTDESCnightswatch.299;To all my subjects, I have decided that I have offered all I can to you as your [From.GetTitle], and that I would better serve the realm by taking the black and joining the Night's Watch. So, I hereby abdicate in favour of my heir [Root.Heir.GetTitledFirstNameNoRegnal] [Root.Heir.GetOnlyDynastyName].\n\nSigned,\n[From.GetTitledFirstName] of House [From.GetOnlyDynastyName];A tous mes sujets : j'ai décidé que j'avais déjà fait tout ce que je pouvais pour vous servir en tant que [From.GetTitle], et que je serais désormais plus utile au Royaume en tant que frère juré de la Garde de Nuit. J'abdique donc immédiatement en faveur de mon héritier, [Root.Heir.GetTitledFirstNameNoRegnal] [Root.Heir.GetOnlyDynastyName].\n\nSigné,\n[From.GetTitledFirstName] de la Maison [From.GetOnlyDynastyName];;;A todos mis súbditos, he decidido que ya he ofrecido todo lo que estaba en mi mano como vuestro [From.GetTitle], y que serviré mejor al Reino tomando el negro y uniéndome a la Guardia de la Noche. Por ello, por la presente abdico en favor de mi heredero [Root.Heir.GetTitledFirstNameNoRegnal] [Root.Heir.GetOnlyDynastyName].\n\nFirmado,\n[From.GetTitledFirstName] de la Casa [From.GetOnlyDynastyName];;;;;;;;;x;
EVTOPTA999900004;I give you permission, serve with honour!;Je vous donne ma permission, servez avec honneur !;;;Te doy permiso, sirve con honor!;;;;;;;;;x;
EVTOPTB999900004;No, you have a place here;Non, votre place est ici.;;;No, tu sitio está aquí;;;;;;;;;x;
EVTOPTD999900004;No son of mine will go to the Watch;Jamais mon fils n'ira dans la Garde de Nuit.;;;Ningún hijo mío irá a la Guardia de la Noche;;;;;;;;;x;
EVTOPTC999900004;You are my heir, you cannot leave;Tu es mon héritier, tu ne peux pas partir comme ça;;;Eres mi heredero, no puedes marcharte;;;;;;;;;x;
opinion_refused_nightswatch;Refused Night's Watch;A refusé de prendre le Noir;;;Rechazada petición de vestir el negro;;;;;;;;;x;
EVTDESCnightswatch.3;You have decreed that [From.GetTitledName] should be stripped of all rank and title and be banished from the realm upon pain of death. Perhaps the Night's watch would be a better alternative? Aiding the Night's Watch would be seen as an honourable action.;Vous avez décrété que [From.GetTitledName] devait être dépouillé de son rang et de ses titres et banni du royaume sous peine de mort. Peut-être que la Garde de Nuit serait une meilleure alternative ? Aider la garde de Nuit pourrait être vu comme une action honorable. ;;;Has decretado que [From.GetTitledName] sea desposeído de todo rango y título. ¿Sería la Guardia de la Noche una mejor alternativa? Ayudar a la Guardia de la Noche sería visto como un acto honorable.;;;;;;;;;x;
EVTOPTAnightswatch.3;He will be of use on the Wall;Il sera utile sur le Mur;;;Será más útil en el muro.;;;;;;;;;x;
EVTOPTBnightswatch.3;I'm not funding his journey there;Je ne finance pas son voyage;;;No pienso pagarle el viaje.;;;;;;;;;x;
EVTDESCnightswatch.4;As Lord Commander of the Night's Watch, I currently have titles that are not rightfully mine. What shall be done with them?;En tant que Lord Commandant de la Garde de Nuit, j'ai actuellement des titres qui ne sont légitimement pas les miens. Que dois-je en faire ?;;;Como Lord Comandante de la Guardia de la Noche, poseo títulos que no son por derecho míos. ¿Qué debo hacer con ellos?;;;;;;;;;x;
EVTOPTAnightswatch.4;My vows dictate I must give them away;Mes Vœux m'obligent à les donner;;;Mis votos dictan que debo cederlos;;;;;;;;;x;
EVTDESCnightswatch.5;I currently have titles in my possession that should belong to the Night's Watch. Perhaps I should return them to the black brothers?;J'ai actuellement des titres en ma possession qui devraient revenir à la Garde de Nuit. Peut-être devrais les redonner aux Frères Noirs ?;;;Poseo títulos que deberían pertenecer a la Guardia de la Noche. Debería devolverlos a los hermanos negros?;;;;;;;;;x;
EVTOPTAnightswatch.5;Honour dictates that I should;L'Honneur demande à ce que je le fasse;;;El honor exige que lo haga;;;;;;;;;x;
EVTDESCnightswatch.6;I am a Sworn Brother of the Night's Watch;Je suis un frère juré de la Garde de Nuit;;;Soy un hermano juramentadado de la Guardia de la Noche;;;;;;;;;x;
EVTOPTAnightswatch.6;I pledge my life and honor to the Night's Watch;Je voue mon existence et mon honneur à la Garde de Nuit;;;He jurado lealtad a la Guardia de la Noche;;;;;;;;;x;
EVTOPTBnightswatch.6;I am a Maester, I cannot be in command;Je suis un mestre, je ne peux commander.;;;Soy un maestre, no puedo comandar;;;;;;;;;x;
EVTOPTCnightswatch.6;I am a Maester, I cannot be Lord Commander;Je suis un mestre, je ne peux être Lord Commandant;;;Soy un maestre, no puedo ser Lord Comandante;;;;;;;;;x;
EVTOPTDnightswatch.6;Back to watch for me;Retour à la garde pour moi;;;Vuelve a la Guardia por mí;;;;;;;;;x;
EVTOPTEnightswatch.6;The Nightswatch is not a merchant republic!;La Garde de Nuit n'est pas une république marchande !;;;La Guardia de la Noche no es una república mercante!;;;;;;;;;x;
EVTOPTFnightswatch.6;I must abandon my old ways;Je dois abandonner mes anciennes habitudes.;;;Debo abandonar mis antiguas costumbres;;;;;;;;;x;
EVTOPTGnightswatch.6;I will hold no land or titles;Je ne tiendrais ni terres, ni titres;;;No poseeré tierras ni títulos;;;;;;;;;x;
EVTOPTHnightswatch.6;I am no longer a kingsguard;Je ne suis plus un membre de la Garde Royale;;;Ya no soy un miembro de la Guardia Real;;;;;;;;;x;
EVTDESCnightswatch.7;The tradition of the Night's Watch is one of equal brotherhood where everyone has an equal say.;La tradition de la Garde de Nuit veut que tous soient égaux.;;;La tradición de la Guardia de la Noche dice que todos los hermanos son iguales;;;;;;;;;x;
EVTOPTAnightswatch.7;I must observe this law;Je dois respecter cette loi;;;Debo obedecer la ley;;;;;;;;;x;
title_first_ranger;First Ranger;Premier Patrouilleur;;;Primer Explorador;;;;;;;;;x;
title_first_ranger_desc;The First Ranger is the officer in charge of the Watch's main fighting force, many First Ranger's go on to become Lord Commanders.;Le Premier Patrouilleur est l'officier en charge des forces armées de la Garde et des patrouilles, de nombreux Premiers Patrouilleurs sont devenus Lords Commandants par la suite.;;;El Primer Explorador es el oficial al cargo de las fuerzas armadas de la Guardia y de las patrullas, numerosos Primeros Exploradores han llegado a ser Lords Comandantes.;;;;;;;;;x;
title_first_steward;First Steward;Lord Intendant;;;Primer Mayordomo;;;;;;;;;x;
title_first_steward_desc;The First Steward is the officer in charge of the Watch's largest order, tasked with the day to day running and administration of the Watch.;Le Lord Intendant est l'officier en charge de l'Intendance, c'est lui qui fait tourner au jour le jour la Garde et gère l'administration.;;;El Primer Mayordomo es el oficial al cargo de la intendencia, del quehacer diario y la administración.;;;;;;;;;x;
title_first_builder;First Builder;Premier Constructeur;;;Primer Constructor;;;;;;;;;x;
title_first_builder_desc;The First Builder is the officer in charge of the order responsible for maintaining the Wall, the castles, and the equipment.;Le Premier Constructeur est l'officier en charge du Génie, des Gardes affectés à la maintenance du Mur, des châteaux et de l'équipement. ;;;El Primer Constructor es el oficial al cargo del mantenimiento del Muro y de los castillos, así como del equipo.;;;;;;;;;x;
nw_ranger;Ranger;Patrouilleur;;;Explorador;;;;;;;;;x;
nw_steward;Steward;Intendant;;;Mayordomo;;;;;;;;;x;
nw_builder;Builder;Constructeur;;;Constructor;;;;;;;;;x;
EVTTITLEnightswatch.8;Your Watch Begins;Notre Garde commence;;;Nuestra Guardia comienza;;;;;;;;;x;
EVTDESCnightswatch.8;Night gathers, and now my watch begins. It shall not end until my death.\n\nI shall take no wife, hold no lands, father no children. I shall wear no crowns and win no glory. I shall live and die at my post.\n\nI am the sword in the darkness, I am the watcher on the walls. I am the fire that burns against the cold, the light that brings the dawn, the horn that wakes the sleepers, the shield that guards the realms of men.\n\nI pledge my life and honor to the Night's Watch, for this night, and all the nights to come.;La Nuit se regroupe, et voici que débute ma garde. Jusqu’à ma mort, je la monterai. Je ne prendrai femme, ne tiendrai terre, ni n’engendrerai. Je ne porterai de couronne, n’acquerrai de gloire. Je vivrai et mourrai à mon poste. Je suis l’épée dans les Ténèbres. Je suis le veilleur aux remparts. Je suis le feu qui flambe contre le froid, la lumière qui rallume l’aube, le cor qui secoue les dormeurs, le bouclier protecteur des Royaumes humains. Je voue mon existence et mon honneur à la Garde de Nuit, je les lui voue pour cette nuit-ci comme pour toutes les nuits à venir.;;;Escuchad mis palabras, sed testigos de mi juramento... La noche se avecina, ahora empieza mi guardia. No terminará hasta el día de mi muerte. No tomaré esposa, no poseeré tierras, no engendraré hijos. No llevaré corona, no alcanzaré la gloria. Viviré y moriré en mi puesto. Soy la espada en la oscuridad. Soy el vigilante del Muro. Soy el fuego que arde contra el frío, la luz que trae el amanecer, el cuerno que despierta a los durmientes, el escudo que defiende los reinos de los hombres. Entrego mi vida y mi honor a la Guardia de la Noche, durante esta noche y todas las que estén por venir.;;;;;;;;;x;
EVTOPTAnightswatch.8;I have been assigned to be a Ranger of the Night's Watch;J'ai été désigné comme Patrouilleur pour servir la Garde de Nuit;;;He sido asignado a los Explorares de la Guardia de la Noche;;;;;;;;;x;
EVTOPTAnightswatch.9;I have been assigned as a Steward of the Night's Watch;J'ai été désigné comme Intendant pour servir la Garde de Nuit;;;He sido asignado a los Mayordomos de la Guardia de la Noche;;;;;;;;;x;
EVTOPTAnightswatch.10;I have been assigned to be a Builder of the Night's Watch;J'ai été désigné comme Constructeur pour servir la Garde de Nuit;;;He sido asignado a los Constructores de la Guardia de la Noche;;;;;;;;;x;
nightswatch;Black Brother;Frère Noir;;;Hermano Negro;;;;;;;;;x;
nightswatch_desc;This character is a Sworn Brother of the Night's Watch;Ce personnage est un frère juré de la Garde de Nuit;;;Este personaje es un hermano juramentado de la Guardia de la Noche;;;;;;;;;x;
CB_NAME_GREAT_RANGING;Great Ranging;Grande Patrouille;;;Gran Exploración;;;;;;;;;x;
WAR_NAME_GREAT_RANGING;$ORDER$Great Ranging;$ORDER$Grande Patrouille;;;$ORDENAR$Gran Exploración;;;;;;;;;x;
great_ranging_desc;The wildlings are rallying behind a powerful wildling warlord, and are a threat to the Wall. Ride in force against them and destroy their realm.;Les Sauvageons se rassemblent autour d'un puissant seigneur de guerre sauvageon, et menacent le Mur. Mener une expédition contre eux et détruire leur royaume. ;;;Los salvajes se han reunido entorno a un poderoso señor de la guerra salvaje y amenazan el Muro. Dirigir una expedición contra ellos y destruir su reino.;;;;;;;;;x;
nightswatch_calls_for_aid;Call the Realm For Aid;Demander de l'Aide au Royaume;;;Pedir ayuda al Reino;;;;;;;;;x;
nightswatch_calls_for_aid_desc;We are losing the war. We should call on the lords of Westeros for support. If the Wall falls, so to do their kingdoms. Surely they will understand.;Nous perdons la guerre. Nous devrions demander de l'aide aux seigneurs de Westeros. Si le Mur venait à tomber, leurs Royaumes seraient en danger. Ils devraient sûrement le comprendre. ;;;Perdemos la guerra. Deberíamos pedir ayuda a los señores de Poniente. Si el Muro cayera, sus reinos estarían en peligro. Deberían comprenderlo.;;;;;;;;;x;
EVTTOOLTIP999900043;receives a call to arms.;reçoit un appel aux armes.;;;recibido una llamada a las armas.;;;;;;;;;x;
"EVTNAME99900042""";A raven from the Wall;Un corbeau en provenance du mur;;;Un cuervo proviniente del Muro.;;;;;;;;;x;
EVTDESCnightswatch.13;The Wall is under assault, and the Night's Watch is hard-pressed to defend it. They have called on all the lords of the realm to take up arms and aid them in defending the realm from the dangers beyond the Wall.;Un corbeau est arrivé de Châteaunoir. Le Mur est assailli et la Garde de Nuit arrive difficilement à le défendre. Ils ont fait appel à tous les seigneurs de Westeros pour qu'ils prennent les armes et défendent le Royaume contre les dangers venant d'Au-Delà du Mur. ;;;Un cuervo ha llegado del Castillo Negro. El Muro está bajo asedio y la Guardia de la Noche apenas puede defenderlo. hacen un llamamiento a todos los señores de Poniente para que tomen las armas y defiendan el Reino contra los peligros de Más allá del Muro.;;;;;;;;;x;
EVTOPTAnightswatch.13;Ready the men. We ride north at dawn.;Que les hommes se préparent. Au lever du soleil, nous partirons pour le Nord. ;;;Que los hombres se preparen. Al amanecer, partimos hacia el Norte.;;;;;;;;;x;
EVTOPTBnightswatch.13;I'm sure they can handle a few snarks and grumpkins.;Je suis sûr qu'ils peuvent s'occuper seuls de quelques snarks et tarasques.;;;Estoy seguro de que pueden tratar sólos a unos snarks y grumkins .;;;;;;;;;x;
EVTDESC999900043;The war is over. Any lords that aided you have returned home.;La guerre est finie. Tous les seigneurs qui vous ont aidé retournent chez eux. ;;;La guerra ha acabado. Todos los señores que ayudaron vuelven a casa.;;;;;;;;;x;
EVTOPTA999900043;Ok;Bien;;;Bien;;;;;;;;;x;
EVTDESCnightswatch.14;The men are restless. The Lord Commander's recent decisions have not been popular. Late one night, you overhear two rangers talking about a plan to desert, take a small party north, and take over a small wildling village just north of the Wall.;Les hommes sont agités. Les récentes décisions du Lord Commandant ne sont pas très populaires. Une nuit, vous surprenez deux patrouilleurs discutant discrètement d'un plan pour déserter. Ils projettent de partir vers le Nord et de s'emparer d'un petit village sauvageon. ;;;Los hombres están inquietos. Las recientes decisiones del Lord Comandante no son muy populares. Una noche, sorprendes a dos exploradores discutiendo discretamente un plan para desertar. Planean salir hacia el Norte y apoderarse de una pequeña aldea salvaje.;;;;;;;;;x;
EVTOPTAnightswatch.14;Not without me, you don't!;Pas sans moi !;;;No sin mí!;;;;;;;;;x;
EVTOPTBnightswatch.14;There'll be no deserters on my watch!;Il n'y aura pas de déserteurs lors de ma garde !;;;No habrá ningún desertor en mi guardia!;;;;;;;;;x;
EVTDESCnightswatch.15;Your steward wakes you with foul news. Apparently, [From.GetTitledFirstNameWithDynastyAndTitleNoRegnal] and a number of his cronies deserted their posts and fled north under cover of darkness. They are attacking some of the southernmost wildling villages.;Votre intendant vous réveille avec des nouvelles révulsantes. Apparemment, [From.GetTitledFirstNameWithDynastyAndTitleNoRegnal] et un certain nombre de ses camarades ont déserté leurs postes en pleine nuit et ont fui vers le nord. Ils se sont attaqués à des villages sauvageons proches du Mur. ;;;Tu intendente te despierta con horribles noticias. Aparentemente, [From.GetTitledFirstNameWithDynastyAndTitleNoRegnal] y algunos de sus camaradas han desertado de sus puestos en plena noche y han huido hacia el norte. Han atacado aldeas próximas al Muro.;;;;;;;;;x;
EVTOPTAnightswatch.15;Traitors!;Traîtres !;;;Traidores!;;;;;;;;;x;
EVTDESCnightswatch.16;While out ranging, you come across a newborn boy, swaddled in leather and left out in the snow. The wildlings have been known to abandon their children in the past - it's unlikely he'll survive the night.;Lors d'une patrouille, vous trouvez par hasard un nouveau-né emmailloté, laissé à même le sol. Les Sauvageons sont connus pour abandonner leurs enfants. Il est peu probable que celui-ci passe la nuit. ;;;Estando de patrulla, encuentras por casualidad un recién nacido envuelto en trapos, abandonado. Los Salvajes son conocidos por abandonar a sus hijos. Es poco probable que pase de esta noche.;;;;;;;;;x;
EVTOPTAnightswatch.16;Take him back to the Wall;Le ramener au Mur;;;Llevarlo al Muro;;;;;;;;;x;
EVTOPTBnightswatch.16;Leave him to his fate;Le laisser à son sort;;;Dejarlo a su suerte;;;;;;;;;x;
EVTDESCnightswatch.17;[From.GetTitledFirstNameWithDynastyAndTitleNoRegnal] has returned from [From.GetHerHis] last ranging, carrying a newborn boy. [From.GetSheHeCap] explains that [From.GetSheHe] found the baby left in the snow, likely abandoned by his parents. [From.GetSheHeCap] asks that the boy be adopted and raised as a brother of the Night's Watch.;[From.GetTitledFirstNameWithDynastyAndTitleNoRegnal] est revenu de sa dernière patrouille, ramenant avec lui un garçon nouveau-né. [From.GetSheHeCap] explique qu'[From.GetSheHe] a trouvé le bébé en pleine nature, probablement abandonné par ses parents. [From.GetSheHeCap] demande à ce que le garçon soit adopté et élevé comme frère de la Garde de Nuit. ;;;[From.GetTitledFirstNameWithDynastyAndTitleNoRegnal] ha regresado de su última patrulla, trayendo con él un recién nacido. Explica que lo ha encontrado en plena naturaleza, probablemente abandonado por sus padres. Pide que el niño sea adoptado como hermano de la Guardia de la Noche.;;;;;;;;;x;
EVTOPTAnightswatch.17;He will be raised as one of us.;Il sera élevé comme l'un des nôtres ;;;Será criado como uno de nosotros.;;;;;;;;;x;
EVTOPTBnightswatch.17;We can never trust a wildling. Kill him.;Nous ne pouvons jamais faire confiance à un sauvageon. Tuez le. ;;;No podemos confiar nunca en un salvaje. Matadlo.;;;;;;;;;x;
EVTDESCnightswatch.18;[From.GetTitledFirstNameWithDynastyAndTitleNoRegnal] has decided that the wildling boy will be raised as a brother of the Night's Watch.;[From.GetTitledFirstNameWithDynastyAndTitleNoRegnal] a décidé que le nourrisson sauvageon serait élevé en tant que frère de la Garde de Nuit. ;;;[From.GetTitledFirstNameWithDynastyAndTitleNoRegnal] ha decidido que el bebé salvaje sea criado como hermano de la Guardia de la Noche.;;;;;;;;;x;
EVTOPTAnightswatch.18;I'm sure he will serve us loyally.;Je suis sûr qu'il nous servira loyalement. ;;;Estoy seguro que nos servirá lealmente.;;;;;;;;;x;
EVTDESCnightswatch.19;[From.GetTitledFirstNameWithDynastyAndTitleNoRegnal] refused to accept a wildling into the heart of [From.CapitalScope.GetName], and ordered him killed!;[From.GetTitledFirstNameWithDynastyAndTitleNoRegnal] a refusé la présence d'un sauvageon au cœur de [From.CapitalScope.GetName], et a ordonné de le tuer !;;;[From.GetTitledFirstNameWithDynastyAndTitleNoRegnal] ha rechazado aceptar a un salvaje en el seno de [From.CapitalScope.GetName], y ha ordenado matarlo!;;;;;;;;;x;
EVTOPTAnightswatch.19;But he's just a baby!;Mais ce n'est qu'un bébé !;;;Pero no es más que un bebé!;;;;;;;;;x;
EVTDESCnightswatch.20;Grave news, [FromFrom.GetTitle] [FromFrom.GetFirstName] has decided your crimes against the realm are most grievous and must be punished. [FromFrom.GetSheHeCap] has decreed you are to be stripped of your lands in favour of your heir and that you must travel north to take the black and serve the Night's Watch.;Mauvaise nouvelle, [From.GetTitle] [From.GetFirstName] a décidé que vos crimes contre le royaume étaient graves et se devaient d'être punis. [From.GetSheHeCap] a décidé que vous deviez être dépouillé de vos terres au profit de votre héritier et envoyé au nord pour prendre le Noir et servir la Garde de Nuit. ;;;Malas noticias, [From.GetTitle] [From.GetFirstName] ha decidido que tus crímenes contra el reino eran graves y han de ser castigados. Ha decidido despojarte de tus tierras en beneficio de tu heredero y enviarte al norte a vestir el Negro y servir en la Guardia de la Noche.;;;;;;;;;x;
EVTDESCnightswatch.20B;In an act viewed as most honourable, you have volunteered to journey to The Wall and take the vows as a black brother of The Night's Watch. 'Night gathers, and now my watch begins. It shall not end until my death. I shall take no wife, hold no lands, father no children. I shall wear no crowns and win no glory. I shall live and die at my post. I am the sword in the darkness. I am the watcher on the walls. I am the fire that burns against the cold, the light that brings the dawn, the horn that wakes the sleepers, the shield that guards the realms of men...;Mauvaise nouvelle, [From.GetTitle] [From.GetFirstName] a décidé que vos crimes contre le royaume étaient graves et se devaient d'être punis. [From.GetSheHeCap] a décidé que vous deviez être dépouillé de vos terres au profit de votre héritier et envoyé au nord pour prendre le Noir et servir la Garde de Nuit. ;;;En un acto visto como muy honorable, viajas voluntariamente al Muro para tomar los votos como un hermano negro de la Guardia de la Noche. La noche se avecina, ahora empieza mi guardia. No terminará hasta el día de mi muerte. No tomaré esposa, no poseeré tierras, no engendraré hijos. No llevaré corona, no alcanzaré la gloria. Viviré y moriré en mi puesto. Soy la espada en la oscuridad. Soy el vigilante del Muro. Soy el fuego que arde contra el frío, la luz que trae el amanecer, el cuerno que despierta a los durmientes, el escudo que defiende los reinos de los hombres...;;;;;;;;;x;
EVTOPTAnightswatch.20;It's cold there...;Il fait bien froid là-bas..;;;Hace mucho frío allí...;;;;;;;;;x;
EVTOPTAnightswatch.20B;...I pledge my life and honor to the Night's Watch';,,,,Je voue mon existence et mon honneur à la Garde de Nuit;;;...entrego mi vida y mi honor a la Guardia de la Noche, durante esta noche y todas las que estén por venir.;;;;;;;;;x;
TOOLTIPBANISHTONW;[This.GetFirstNameWithDynasty] will be sent to the Night's Watch to take the vows of a black brother\n;[This.GetFirstNameWithDynasty] va être banni et envoyé à la Garde de Nuit;;;[This.GetFirstNameWithDynasty] será desterrado y enviado a la Guardia de la Noche.;;;;;;;;;x;
CB_RESTORE_NIGHTSWATCH;Restore the Night's Watch;Restaurer la Garde de Nuit;;;Restaurar la Guardia de la Noche;;;;;;;;;x;
restore_nightswatch_desc;Either the Night's Watch has fallen to the wildlings, or the Lord Commander has broken their vows. If we were to restore the Watch the realm would be grateful.;Le Mur est tombé, la Garde de Nuit a failli dans la défense du royaume contre les sauvageons. Si nous la restaurons, le royaume nous en sera reconaissant.;;;El Muro ha caído, la Guardia de la Noche ha fracasado en la defensa del reino contra los salvajes. Si la restauramos, el reino nos lo reconocerá.;;;;;;;;;x;
WAR_NAME_RESTORE_NIGHTSWATCH;$ORDER$$FIRST_ADJ$ War to restore the Night's Watch;$ORDER$$FIRST_ADJ$ Guerre pour restaurer la Garde de nuit;;;$ORDER$$FIRST_ADJ$ Guerra por restaurar la Guardia de la Noche;;;;;;;;;x;
TOOLTIPrestore_nightswatchNEIGHBOUR;[Root.GetTitledFirstName]'s realm neighbours the Wall\n;Le royaume de [Root.GetTitledFirstName] est voisin du Mur\n;;;El Reino de [Root.GetTitledFirstName] es vecino del Muro\n;;;;;;;;;x;
ca_asoiaf_nighswatch_basevalue_1;Small Night's Watch Castle;Petit château de la Garde de Nuit;;;Castillo Pequeño de la Guardia de la Noche;;;;;;;;;x;
ca_asoiaf_nighswatch_basevalue_2;Common Night's Watch Castle;Château normal de la Garde de Nuit;;;Castillo Mediano de la Guardia de la Noche;;;;;;;;;x;
ca_asoiaf_nighswatch_basevalue_3;Large Night's Watch Castle;Grand château de la Garde de Nuit;;;Castillo Grande de la Guardia de la Noche;;;;;;;;;x;
ca_wallportion;The Wall;Le Mur;;;El Muro;;;;;;;;;x;
TOOLTIPRESTORENWRANDOM;The Night's Watch shall be restored to a black brother.\n;La Garde de Nuit doit être restaurée à un Frère Noir\n;;;La Guardia de la Noche debe ser restaurada para un Hermano Negro;;;;;;;;;x;
EVTDESCnightswatch.21;[From.GetTitledFirstNameWithDynastyAndTitleNoRegnal] has restored the Night's Watch, as the new Lord Commander I have been granted all lands of the Watch.;[From.GetTitledFirstNameWithDynastyAndTitleNoRegnal] a restauré la Garde de Nuit, en tant que nouveau Lord Commandant j'ai octroyé toutes les terres de la Garde. ;;;[From.GetTitledFirstNameWithDynastyAndTitleNoRegnal] ha restaurado la Guardia de la Noche, como nuevo Lord Comandante he otorgado todas las tierras de la Guardia;;;;;;;;;x;
EVTOPTAnightswatch.21;The Watch now begins;Voici que la Garde débute;;;Ahora empieza La Guardia;;;;;;;;;x;
reactivate_castle_black;Restore Castle Black;Restaurer Châteaunoir;;;Restaurar Castillo negro;;;;;;;;;x;
reactivate_castle_black_desc;Rebuild one of Castle Black's Forts;Reconstruire l'un des forts de Châteaunoir;;;Reconstruir uno de los fuertes de Castillo Negro;;;;;;;;;x;
reactivate_shadow_tower;Restore Shadow Tower;Restaurer Tour Ombreuse;;;Restaurar Torre Sombría;;;;;;;;;x;
reactivate_shadow_tower_desc;Rebuild one of Shadow Tower's Forts;Reconstruire l'un des forts de Tour Ombreuse;;;Reconstruir uno de los fuertes de Torre Sombría;;;;;;;;;x;
reactivate_eastwatch;Restore Eastwatch-by-the-sea;Restaurer Fort-Levant;;;Restaurar Guardiaoriente del Mar;;;;;;;;;x;
reactivate_eastwatch_desc;Rebuild one of Eastwatch-by-the-sea's Forts;Reconstruire l'un des forts de Fort-Levant;;;Reconstruir uno de los fuertes de Guardiaoriente del Mar;;;;;;;;;x;
TOOLTIPGETCASTLE;A new Castle will be built.;Un nouveau château va être construit.;;;Un nuevo castillo se va a construir.;;;;;;;;;x;
title_recruiter;Recruiter;Recruteur;;;Reclutador;;;;;;;;;x;
title_recruiter_desc;The Night's Watch Recruiter is responsible for finding men who would like to take the black.;Le Recruteur de la Garde de Nuit est chargé de trouver des hommes qui voudraient prendre le noir.;;;El reclutador de la Guardia de la Noche es el responsable de encontrar hombres que quieran tomar el negro.;;;;;;;;;x;
title_personal_steward;Personal Steward;Aide de camp;;;Mayordomo personal;;;;;;;;;x;
title_personal_steward_desc;The Lord Commander's personal steward attends to the needs and wishes of his Lord. The holder of this position is often being groomed for command, giving past holders of this office a greater chance of being elected Lord Commander.;L'aide de camp du Lord Commandant répond aux souhaits et aux besoins de son seigneur. Le détenteur d'une telle position est souvent formé au commandement, et a donc plus de chances d'être élu Lord Commandant.;;;El Mayordomo personal del Lord Comandante atiende las necesidades y deseos del Lord Comandante. El titular de este cargo a menudo está siendo preparado para el mando.;;;;;;;;;x;
EVTDESC999900099;A growing number of women have migrated to your court over the years, these wenches provide naught but a distraction and temptation for the men.;Un nombre croissant de femmes est arrivé dans votre cour au cours des années, ces donzelles ne servent à rien sinon à distraire et tenter les hommes. ;;;Un número creciente de mujeres han ido llegando a la corte estos últimos años, estas doncellas no sirven para nada más que para distraer y tentar a mis hombres.;;;;;;;;;x;
EVTOPTA999900099;I will send them to Moles Town to learn a trade.;Je vais les envoyer à la Mole pour apprendre un nouveau type de commerce.;;;Las enviaré a Villatopo para que aprendan un nuevo tipo de comercio...;;;;;;;;;x;
EVTOPTB999900099;They can stay here, cook, clean and .... cook some more.;Elles peuvent rester ici pour cuisiner, nettoyer et… cuisiner à nouveau.;;;Pueden quedarse aquí para cocinar, limpiar y... cocinar de nuevo.;;;;;;;;;x;
EVTDESC999900098;Because I am a female at the Wall, I will now live in moles town, nobody sees this.;Parce que je suis une femme au Mur, je vivrai désormais à la Mole. ;;;Al ser una mujer en el Muro, ahora viviré en Villatopo.;;;;;;;;;x;
EVTOPTA999900098;Fashbinder kills loc errors, numero uno.;Fashbinder kills loc errors, numero uno. ???;;;Fashbinder kills loc errors, numero uno.;;;;;;;;;x;
EVTDESCnightswatch.22;The enemy are leading an assault on the Wall! \n\nNOTCH..... \n\nDRAW.....;L'ennemi mène un assaut contre le Mur ! \n\nEncochez ! \n\nTirez !;;;Los salvajes mandan un asalto contra el Muro! \n\nApuntad! \n\nTirad!;;;;;;;;;x;
EVTOPTAnightswatch.22;LOOSE!;TIREZ !;;;TIRAD!;;;;;;;;;x;
EVTDESCnightswatch.23;You hear the cry 'LOOSE' from your for atop the Wall. A rain of arrows fall from the air ripping your wildling army to pieces.;"Vous entendez un cri puissant provenant d'au dessus du Mur : ""TIREZ"". Une pluie de flèches tombe soudain du ciel et vient mettre votre armée sauvageonne en morceaux. ";;;"Oyes un grito que proviene de lo alto del Muro:""TIRAD"". Una lluvia de flechas cae de repente del cielo  y deja tu ejército salvaje hecho pedazos.";;;;;;;;;x;
EVTOPTAnightswatch.23;I will reconsider leading a direct attack upon men atop the Wall.;Je vais peut-être reconsidérer l'idée d'une attaque directe contre le Mur. ;;;Tal vez debería reconsiderar la idea de un ataque directo contra el Muro.;;;;;;;;;x;
deserter;Deserter;Déserteur;;;Desertor;;;;;;;;;x;
deserter_desc;This character broke his oath to the Night's Watch, and now his life is forfeit in all Westeros.;Cette personne a violé son serment envers la Garde de Nuit et sa vie est désormais en danger dans tout Westeros.;;;Este personaje ha violado su juramento con la Guardia de la Noche y ahora su vida corre peligro en todo Poniente.;;;;;;;;;x;
title_justice_of_king;King's Justice;Justice du roi;;;Justicia del Rey;;;;;;;;;x;
title_justice_of_king_desc;The royal executioner and keeper of the dungeons.;Le bourreau royal et le gardien des cachots. ;;;El verdugo real y el responsable de las mazmorras.;;;;;;;;;x;
send_bastard_to_family;Send [Root.GetFirstName] to your family;Envoyer [Root.GetFirstName] dans votre famille;;;Enviar a [Root.GetFirstName] con tu familia;;;;;;;;;x;
send_bastard_to_family_desc;The wall is no place for a child, little [Root.GetFirstName] will have a better life living with my kin.;Le Mur n'est pas un endroit pour les enfants, le(a) petit(e) [Root.GetFirstName] aura de meilleurs conditions de vie avec ma famille. ;;;El Muro no es lugar para niños, el pequeño [Root.GetFirstName] tendrá mejores condiciones de vida con mi familia.;;;;;;;;;x;
EVTDESCnightswatch.25;A group of rangers have returned from the Haunted Woods, but the First Ranger has taken an arrow wound, and it seems the wildlings poisoned the arrow. It is likely he will die, unless we hire a healer skilled in healing such poisons...;Un groupe de patrouilleurs est revenu au complet d'une patrouille dans la Forêt Hantée, mais le Premier Patrouilleur a été blessé par une flèche de sauvageon dont la pointe semble avoir été empoisonnée. Il est probable qu'il meure à moins que nous n'engagions un guérisseur talentueux et spécialisé dans le traitement des poisons... ;;;Un grupo de exploradores ha regresado al completo de una patrulla por el Bosque Encantado, pero el Primer Explorador ha sido herido por una flecha emponzoñada. Es probable que muera a menos que consigamos un buen médico especialista en el tratamiento de venenos...;;;;;;;;;x;
EVTOPTAnightswatch.25;He is my Sworn Brother. We will save him no matter the cost!;Il est notre frère juré ! Nous le sauverons, quel qu'en soit le prix !;;;Es nuestro hermano juramentado! Lo salvaremos, cueste lo que cueste!;;;;;;;;;x;
EVTOPTBnightswatch.25;I hate to see a brother like this, but we simply can't afford it;Je déteste voir un frère dans cet état, mais nous n'avons pouvons simplement pas les moyens;;;Odio ver a un hermano en este estado, pero no tenemos los medios para salvarlo;;;;;;;;;x;
EVTOPTCnightswatch.25;I'm sure he is against me! Make sure his recovery is... Hindered;Je suis sûr qu'il est contre moi ! Assurez-vous que son rétablissement soit… difficile;;;Estoy seguro que está en contra de mí. Aseguráos que su restablecimiento sea...dificil.;;;;;;;;;x;
TOOLTIPnightswatch.28;Your murder will be discovered, greatly angering the men.\n;Votre meurtre va être découvert, ce qui montera vos hommes contre vous.\n;;;Tu asesinato será descubierto, lo que enfurecerá mucho a los hombres.\n;;;;;;;;;x;
EVTDESCnightswatch.26;My Lord, the First Ranger died of his wounds during the night.;Messire, le Premier Patrouilleur a succombé à ses blessures durant la nuit.;;;Mi Señor, el Primer Explorador ha sucumbido a sus heridas durante la noche.;;;;;;;;;x;
EVTOPTAnightswatch.26;His watch ends, and now a new First Ranger is needed!;Sa garde a pris fin, et désormais nous avons besoin d'un nouveau Premier Patrouilleur !;;;Su guardia ha llegado a su fin, y ahora necesitamos un nuevo Primer Explorador.;;;;;;;;;x;
EVTDESCnightswatch.27;My Lord, the First Ranger survived his arrow wound!;Messire, le Premier Patrouilleur a survécu à ses blessures !;;;Mi Señor, el Primer Explorador ha sobrevivido a sus heridas!;;;;;;;;;x;
EVTOPTAnightswatch.27;Good news! He is a great ranger;Bonne nouvelle ! C'est un très bon patrouilleur;;;Buena noticia! Es un buen explorador;;;;;;;;;x;
EVTDESCnightswatch.28;You tried to keep it quiet, but word has spread of your sabotage of the First Ranger's recovery. He was well respected, and the men curse you for your deeds.;Vous avez tenté de garder le secret, mais des rumeurs circulent sur votre tentative d'entraver le rétablissement du Premier Patrouilleur. Il était très respecté et les hommes vous maudissent ce que vous avez fait. ;;;Habéis intentado guardar el secreto, pero circulan rumores sobre tu intento de obstruir el restablecimiento del Primer Explorador. Él era muy respetado y los hombres te maldicen por lo que hicistes.;;;;;;;;;x;
EVTOPTAnightswatch.28;What are they going to do about it?;Que vont-ils faire à ce sujet?;;;Qué van a hacer al respecto?;;;;;;;;;x;
opinion_murdered_first_ranger;Murdered First Ranger;A tué le Premier Patrouilleur;;;Asesinó al Primer Explorador;;;;;;;;;x;
TOOLTIPEVTOPTAnightswatch.25;The rangers will be please;Les patrouilleurs vont être contents;;;Los exploradores estarán contentos;;;;;;;;;x;
opinion_helped_first_ranger;Helped First Ranger;A aidé le Premier Patrouilleur;;;Ayudó al Primer Explorador;;;;;;;;;x;
EVTNAMEnightswatch.30;New Lord Commander on the Wall;Nouveau Lord commandant au Mur;;;Nuevo Lord Comandante en el Muro;;;;;;;;;x;
EVTDESCnightswatch.30;Night gathers, and now my watch begins. It shall not end until my death. I shall take no wife, hold no lands, father no children. I shall wear no crowns and win no glory. I shall live and die at my post. I am the sword in the darkness. I am the watcher on the walls. I am the fire that burns against the cold, the light that brings the dawn, the horn that wakes the sleepers, the shield that guards the realms of men. I pledge my life and honor to the Night's Watch, for this night and all nights to come.'\n\nThe Lord Commander has died, [From.GetFirstNameWithDynasty] will replace him and will serve the realm in these troubled times.;La Nuit se regroupe, et voici que débute ma garde. Jusqu’à ma mort, je la monterai. Je ne prendrai femme, ne tiendrai terre, ni n’engendrerai. Je ne porterai de couronne, n’acquerrai de gloire. Je vivrai et mourrai à mon poste. Je suis l’épée dans les Ténèbres. Je suis le veilleur aux remparts. Je suis le feu qui flambe contre le froid, la lumière qui rallume l’aube, le cor qui secoue les dormeurs, le bouclier protecteur des Royaumes humains. Je voue mon existence et mon honneur à la Garde de Nuit, je les lui voue pour cette nuit-ci comme pour toutes les nuits à venir.\n\nLe lord-commandant est mort, [From.GetFirstNameWithDynasty] va le remplacer et servira le royaume en ces temps troublés.;;;La noche se avecina, ahora empieza mi guardia. No terminará hasta el día de mi muerte. No tomaré esposa, no poseeré tierras, no engendraré hijos. No llevaré corona, no alcanzaré la gloria. Viviré y moriré en mi puesto. Soy la espada en la oscuridad. Soy el vigilante del Muro. Soy el fuego que arde contra el frío, la luz que trae el amanecer, el cuerno que despierta a los durmientes, el escudo que defiende los reinos de los hombres. Entrego mi vida y mi honor a la Guardia de la Noche, durante esta noche y todas las que estén por venir. [From.GetTitledFirstName] es el nuevo Lord Comandante y servirá al Reino en estos dificiles tiempos.;;;;;;;;;x;
NW_grant_command;Grant a Command;Octroyer un commandement;;;Otorgar un mando;;;;;;;;;x;
NW_grant_command_desc;Appoint [Root.GetTitledFirstNameWithDynasty] to a command of a castle;Donner ce titre à ce personnage vous permettra de le nommer à la tête d'un château;;;Nombrar a [Root.GetTitledFirstNameWithDynasty] al mando de un castillo;;;;;;;;;x;
title_grant_command;Grant a Command;Octroyer un commandement;;;Otorgar un mando;;;;;;;;;x;
title_grant_command_desc;Giving this title to this character will enable you to appoint them to a command of a castle;Donner ce titre à ce personnage vous permettra de le nommer à la tête d'un château;;;Dar este título a este personaje te permitirá ponerlo al mando de un castillo;;;;;;;;;x;
TOOLTIPnightswatch.32;You will select which castle to appoint [Root.GetTitledFirstNameWithDynasty] as its Commander.\n;Vous allez choisir un château dont [Root.GetTitledFirstNameWithDynasty] sera le Commandant.\n;;;Seleccionar para que castillo nombrarás a [Root.GetTitledFirstNameWithDynasty] como su Comandante.\n;;;;;;;;;x;
EVTDESCnightswatch.32;Shall [NW_granting_command.GetTitledFirstName] [NW_granting_command.GetOnlyDynastyName] be appointed as Commander of [nightswatch_grant.GetName]?;Quel château commandera ce frère noir ?;;;Debe [NW_granting_command.GetTitledFirstName] [NW_granting_command.GetOnlyDynastyName] ser nombrado comandante de [nightswatch_grant.GetName]?;;;;;;;;;x;
OPTAnightswatch.32;Yes, this castle;Oui, ce château.;;;Sí, este castillo;;;;;;;;;x;
OPTBnightswatch.32;No, another castle;Non, un autre château.;;;No, otro castillo;;;;;;;;;x;
OPTCnightswatch.32;I've changed my mind;J'ai changé d'avis.;;;He cambiado de opinión;;;;;;;;;x;
TOOLTIPnightswatch.21;The Wall shall be restored to [This.GetTitledFirstName];Le Mur sera restauré à [This.GetTitledFirstName];;;El Muro será restaurado para [This.GetTitledFirstName];;;;;;;;;x;
create_k_beyond_wall_NW;Crown Yourself King Beyond-the-Wall;Vous couronner Roi d'Au-delà du Mur;;;Corónate a ti mismo como Rey-Más-Allá-Del-Muro;;;;;;;;;x;
create_k_beyond_wall_NW_desc;So far as the Free Folk have rulers at all, they style themselves Kings Beyond-the-Wall. The title is not hereditary - every new king must earn it for himself.;Si le Peuple Libre se désigne un chef, il le nomme Roi Au-delà du Mur. Le titre n'est pas héréditaire, chaque nouveau roi doit le mériter et le remporter.;;;Cuando el Pueblo Libre tiene un rey, ellos lo llaman como Rey-Más-Allá-del-Muro. El título no es hereditario - cada rey nuevo debe ganárselo para si mismo.;;;;;;;;;x;
feudal_contract_NW;Night's Watch Levies;Levées de la Garde de Nuit;;;Levas de la Guardia de la Noche;;;;;;;;;x;
feudal_contract_NW_option;NW;GdN;;;Guardia de la Noche;;;;;;;;;x;
feudal_contract_NW_desc;Brothers of the Night's Watch are sworn by oath to answer their commanders calls to arms;Les frères de la Garde de Nuit sont tenus par serment de répondre à l'appel aux armes de leurs commandants;;;Los hermanos de la Guardia de la Noche han jurado a responder a la llamada a las armas de sus comandantes.;;;;;;;;;x;
action_NW_recruit;Recruit For The Watch;Recruter pour la Garde;;;Reclutar para la Guardia de la Noche;;;;;;;;;x;
action_NW_recruit_desc;Send your recruiter on a diplomatic mission to a province to try and gain men and supplies for The Watch.;Envoyez votre recruteur en mission diplomatique dans une province pour tenter d'obtenir des hommes et des ressources pour la Garde.;;;Enviar a tu reclutador en una misión diplomática a una provincia para intentar conseguir hombres y suministros para la Guardia de la Noche.;;;;;;;;;x;
EVTNAMEnightswatch.40;Gains an Audience With Local Lord;Obtenu une audience avec un lord;;;Consigue una audiencia con el Señor local;;;;;;;;;x;
EVTDESCnightswatch.40;As a recruiter for The Watch I have been travelling the realm looking to gain supplies and men from the local Lords. I have gained an audience with one such lord, and will try and persuade them to help.;En tant que recruteur pour la Garde j'ai parcouru le royaume à la recherche d'hommes et de ressources octroyés par les lords. J'ai obtenu une audience avec l'un de ces lords et je vais tenter le persuader de nous aider.;;;Como reclutador de la Guardia de la Noche he estado viajando por el reino consiguiendo hombres y suministros. He conseguido una audiencia con un señor local, e intentaré persuadirlo para que nos ayude.;;;;;;;;;x;
EVTOPTAnightswatch.40;I hope they are generous;J'espère qu'il sera généreux.;;;Espero que sea generoso;;;;;;;;;x;
EVTDESCnightswatch.41;[From.GetTitledFirstNameWithDynasty], a black brother of the Night's Watch, has arrived in [Root.Capital.GetName] seeking an audience. [From.GetSheHeCap] is here recruiting for The Watch, and implores you to help by sending men and supplies to The Wall, to aid in the defence of Westeros.;[From.GetTitledFirstNameWithDynasty], un frère noir de la Garde de Nuit, est arrivé à [Root.Capital.GetName] pour demander audience. [From.GetSheHeCap] est là pour recruter pour la Garde et vous implore d'envoyer des hommes et des ressources au Mur pour aider à la défense de Westeros.;;;[From.GetTitledFirstNameWithDynasty], un hermano negro de la Guardia de la Noche, ha llegado a [Root.Capital.GetName] pidiendo audiencia. Está reclutando para la Guardia e implora ayuda pidiendo hombres y suministros para El Muro, en defensa de Poniente.;;;;;;;;;x;
EVTOPTAnightswatch.41;I will send a small wagon and give you leave to recruit from the dungeon;Je vais envoyer une petite charrette de vivres et vous donnez le droit de recruter dans les prisons. ;;;Enviaré un pequeño carro y que reclute en la mazmorra.;;;;;;;;;x;
EVTOPTBnightswatch.41;Please take a portion of our harvest;Prenez donc une partie de nos récoltes.;;;Por favor, acepta una parte de nuestra cosecha.;;;;;;;;;x;
EVTOPTCnightswatch.41;I will send a train of supplies of good men, the Watch needs it;Je vais envoyer un grand convoi de vivres et un bon contingent d'hommes. La Garde en a besoin.;;;Enviaré una caravana de buenos hombres y suministros, la Guardia los necesita.;;;;;;;;;x;
EVTOPTDnightswatch.41;I have nothing to spare;Je n'ai rien à vous donner.;;;No tenemos nada de sobra.;;;;;;;;;x;
TOOLTIPnightswatch.42;The Watch receives your gift and small band of lowly men;La Garde reçoit votre présent et la petite bande de hors-la-loi.;;;La Guardia recibe tu regalo y un pequeño contingente de hombres humildes.;;;;;;;;;x;
TOOLTIPnightswatch.43;The Watch is grateful for your ample gift;La Garde est reconnaissante de vos nombreux cadeaux.;;;La Guardia está agradecida por tu gran regalo.;;;;;;;;;x;
TOOLTIPnightswatch.44;The Watch receives your large gift and large band of trained men;La Garde va recevoir vos multiples présents et votre contingent d'hommes entraînés;;;La Guardia recibe tu gran regalo y un gran contingente de hombres experimentados.;;;;;;;;;x;
TOOLTIPnightswatch.45;The Watch is disappointed;La Garde est déçue.;;;La Guardia está decepcionada.;;;;;;;;;x;
EVTDESCnightswatch.42;[Root.PrimaryTitle.GetFOA], I have been recruting in [From.Capital.GetName] as commanded and have managed to secure an audience with [From.GetTitledFirstNameWithDynasty]. [From.GetSheHeCap] seemed reluctant to help, but gave us some supplies and a small band of prisoners to take the black.\n\nYours,\n[FromFrom.GetTitledFirstName];[Root.PrimaryTitle.GetFOA], j'ai recruté à [From.Capital.GetName] comme on me l'a demandé et je suis parvenu à obtenir une audience avec [From.GetTitledFirstNameWithDynasty]. [From.GetSheHeCap] ne semblait pas très enclin à aider mais nous a quand même envoyé quelques vivres et une petite bande de prisonniers pour prendre le noir.\n\nBien à vous,\n[FromFrom.GetTitledFirstName];;;[Root.PrimaryTitle.GetFOA], he estado reclutando en [From.Capital.GetName] como mandó y conseguí una audiencia con [From.GetTitledFirstNameWithDynasty]. Parecía reacio a ayudar, pero nos dio algunos suministros y un pequeño contingente de prisioneros para que vistan el negro.\n\nSuyo,\n[FromFrom.GetTitledFirstName];;;;;;;;;x;
EVTOPTAnightswatch.42;It is not much, but it will help;Ce n'est pas grand-chose, mais ça aidera.;;;No es mucho, pero ayudará.;;;;;;;;;x;
EVTDESCnightswatch.43;[Root.PrimaryTitle.GetFOA], I have been recruting in [From.Capital.GetName] as commanded and have managed to secure an audience with [From.GetTitledFirstNameWithDynasty]. [From.GetSheHeCap] agreed to give up a significant portion of [From.Capital.GetName]'s harvest, and is sending  the supplies North as soon as is possible.\n\nYours,\n[FromFrom.GetTitledFirstName];[Root.PrimaryTitle.GetFOA], j'ai recruté à [From.Capital.GetName] comme on me l'a demandé et je suis parvenu à obtenir une audience avec [From.GetTitledFirstNameWithDynasty]. [From.GetSheHeCap] a accepté d'abandonner une importante part des récoltes de [From.Capital.GetName] et enverra le tout vers le Nord dès que possible.\n\nBien à vous,\n[FromFrom.GetTitledFirstName];;;[Root.PrimaryTitle.GetFOA], he estado reclutando en [From.Capital.GetName] como mandó y conseguí una audiencia con [From.GetTitledFirstNameWithDynasty]. Accedió a renunciar a una parte importante de su cosecha y enviará los suministros tan pronto como sea posible.\n\nSuyo,\n[FromFrom.GetTitledFirstName];;;;;;;;;x;
EVTOPTAnightswatch.43;A welcome boost;Une aide bienvenue.;;;Un impulso bienvenido.;;;;;;;;;x;
EVTDESCnightswatch.44;[Root.PrimaryTitle.GetFOA], I have been recruting in [From.Capital.GetName] as commanded and have managed to secure an audience with [From.GetTitledFirstNameWithDynasty]. [From.GetSheHeCap] was eager to help the Watch in anyway possible, and has ordered a large train of supplies accompanied by a band of trained men be sent North.\n\nYours,\n[FromFrom.GetTitledFirstName];[Root.PrimaryTitle.GetFOA], j'ai recruté à [From.Capital.GetName] comme on me l'a demandé et je suis parvenu à obtenir une audience avec [From.GetTitledFirstNameWithDynasty]. [From.GetSheHeCap] était désireux d'aider la Garde de toutes les manières possibles. Il a ordonné de préparer un important convoi de vivres et a également envoyé un groupe d'hommes entrainés pour prendre le noir.\n\nBien à vous,\n[FromFrom.GetTitledFirstName];;;[Root.PrimaryTitle.GetFOA], he estado reclutando en [From.Capital.GetName] como mandó y conseguí una audiencia con [From.GetTitledFirstNameWithDynasty]. Estaba dispuesto a ayudar a La Guardia y enviará una caravana con suministros acompañada de un gran contingente de hombres experimentados..\n\nTuyo,\n[FromFrom.GetTitledFirstName];;;;;;;;;x;
EVTOPTAnightswatch.44;This will help enormously;Cela va énormément aider.;;;Nos ayudará enormemente.;;;;;;;;;x;
EVTDESCnightswatch.45;[Root.PrimaryTitle.GetFOA], I have been recruting in [From.Capital.GetName] as commanded and have managed to secure an audience with [From.GetTitledFirstNameWithDynasty]. [From.GetSheHeCap] was completely unhelpful I am afraid, I could not convince [From.GetHerHim] to lend any material help to the Watch.\n\nYours,\n[FromFrom.GetTitledFirstName];[Root.PrimaryTitle.GetFOA], j'ai recruté à [From.Capital.GetName] comme on me l'a demandé et je suis parvenu à obtenir une audience avec [From.GetTitledFirstNameWithDynasty]. [From.GetSheHeCap] n'a été d'aucune aide, je ne suis pas parvenu à le convaincre de donner le moindre épis de blé ou le dernier de ses prisonniers.\n\nBien à vous,\n[FromFrom.GetTitledFirstName];;;[Root.PrimaryTitle.GetFOA], he estado reclutando en [From.Capital.GetName] como mandó y conseguí una audiencia con [From.GetTitledFirstNameWithDynasty].Fue completamente inútil intentar convencerlode que nos cediera cualquier tipo de suministro o ayuda para La Guardia.\n\nTuyo,\n[FromFrom.GetTitledFirstName];;;;;;;;;x;
EVTOPTAnightswatch.45;We should try elsewhere;Nous devrions essayer autre part.;;;Deberemos intentarlo en otro lugar.;;;;;;;;;x;
EVTDESCnightswatch.46;[Root.GetMyTreasurerName] [Root.job_treasurer.GetFirstName] [Root.job_treasurer.GetOnlyDynastyName] has raised concerns about one of the castles along the Wall. [Root.job_treasurer.GetSheHeCap] warns that extensive repairs to [rebuilding_NW_castle.GetName] are urgently needed, and that if we do not do something soon the castle will become unusable and fall into ruin. ;[Root.GetMyTreasurerName] [Root.job_treasurer.GetFirstName] [Root.job_treasurer.GetOnlyDynastyName] a fait part de ses craintes concernant l'un des châteaux du Mur. [Root.job_treasurer.GetSheHeCap] prévient que des réparations d'envergure sont requises au plus tôt à [rebuilding_NW_castle.GetName], et que si nous ne faisons rien le château serait bientôt inutilisable et tombera en ruine.n.;;;[Root.GetMyTreasurerName] [Root.job_treasurer.GetFirstName] [Root.job_treasurer.GetOnlyDynastyName] ha expresado su preocupación sobre uno de los castillos del Muro. [Root.job_treasurer.GetSheHeCap] advierte que se necesitan reparaciones urgentemente, y que de no hacer nada el castillo se convertirá en una ruina. ;;;;;;;;;x;
EVTOPTAnightswatch.46;Take all the men and supplies you need;Prenez tous les hommes et le matériel dont vous avez besoin.;;;Toma todos los hombres y suministros que necesites.;;;;;;;;;x;
TOOLTIPnightswatch.46A;A project is started to repair [rebuilding_NW_castle.GetName]\n;Une projet de réparation du château [rebuilding_NW_castle.GetName] débute\n;;;Iniciado un proyecto para reparar el castillo\n;;;;;;;;;x;
EVTOPTBnightswatch.46;We have no men and gold to spare;Nous n'avons ni l'or ni les hommes pour nous lancer dans un tel projet;;;No tenemos ni hombres ni oro disponible.;;;;;;;;;x;
TOOLTIPnightswatch.46B;[This.GetName] falls into ruin, becoming unusable\n;[This.GetName] tombe en ruine, devenant inutilisable\n;;;[This.GetName] cae en ruinas, convirtiéndose en inutilizable\n;;;;;;;;;x;
EVTDESCnightswatch.47;[rebuilding_NW_castle.GetName] has fallen into ruin!;[rebuilding_NW_castle.GetName] est tombé en ruine !;;;[Root.PrimaryTitle.GetName] ha caído en la ruina!;;;;;;;;;x;
EVTDESCnightswatch.48;After years of neglect and botched repairs, [rebuilding_NW_castle.GetName] has fallen into complete ruin. The castle is now unusable and will be left abandoned.;Après des années de négligences et de réparations bâclées, [rebuilding_NW_castle.GetName] tombe complètement en ruine. Le château est désormais inutilisable et sera laissé abandonné.;;;Tras años de abandono y reparaciones chapuceras, [From.PrimaryTitle.GetName] ha caído en la ruina completa. El castillo es ahora inutilizable y quedará abandonado.;;;;;;;;;x;
EVTOPTAnightswatch.48;The Watch appears to be in decline;La Garde semble en déclin.;;;La Guardia parece estar en declive.;;;;;;;;;x;
EVTDESCnightswatch.49;[Root.GetMyTreasurerName] [Root.job_treasurer.GetFirstName] [Root.job_treasurer.GetOnlyDynastyName] reports that the repairs to [rebuilding_NW_castle.GetName] have been a success. The castle will will now be able to stay manned for some time to come.;[Root.GetMyTreasurerName] [Root.job_treasurer.GetFirstName] [Root.job_treasurer.GetOnlyDynastyName] nous informe que les réparations du château [rebuilding_NW_castle.GetName] sont un succès. Le château sera capable de recevoir une garnison pendant encore quelques années. ;;;[Root.GetMyTreasurerName] [Root.job_treasurer.GetFirstName] [Root.job_treasurer.GetOnlyDynastyName] informa que las reparaciones han sido un éxito. El castillo será capaz de estar habitado durante algún tiempo.;;;;;;;;;x;
EVTOPTAnightswatch.49;The builders have done well;Les constructeurs ont bien travaillé.;;;Los constructores lo han hecho bien.;;;;;;;;;x;
EVTDESCnightswatch.50;After working on repairing [rebuilding_NW_castle.GetName] for many months, [Root.GetMyTreasurerName] [Root.job_treasurer.GetFirstName] [Root.job_treasurer.GetOnlyDynastyName] says [Root.job_treasurer.GetSheHe] still needs more men and supplies to complete the work. [Root.job_treasurer.GetSheHeCap] insists the castle will be endangered if this isn't done.;Après avoir travaillé à la réparation du château [rebuilding_NW_castle.GetName] pendant plusieurs mois, [Root.GetMyTreasurerName] [Root.job_treasurer.GetFirstName] [Root.job_treasurer.GetOnlyDynastyName] dit qu'[Root.job_treasurer.GetSheHe] a besoin de plus d'hommes et de matériels pour terminer les travaux. [Root.job_treasurer.GetSheHeCap] dit que sans cela le château sera en danger.;;;Tras estar trabajando reparando [rebuilding_NW_castle.GetName] durante meses, [Root.GetMyTreasurerName] [Root.job_treasurer.GetFirstName] [Root.job_treasurer.GetOnlyDynastyName] dice que necesita más hombres y suministros para completar el trabajo. [Root.job_treasurer.GetSheHeCap] insiste en que el castillo estará en peligro si no se repara del todo.;;;;;;;;;x;
EVTOPTAnightswatch.50;Fine, I'm sure you know what is needed;Bien, je suis sûr que vous savez ce qu'il faut faire.;;;Bien, estoy seguro que sabe lo que necesita.;;;;;;;;;x;
EVTOPTBnightswatch.50;No, you've had enough men working on this;Non, vous avez assez d'hommes pour travailler sur ce chantier.;;;No, ya tienes suficientes hombres trabajando.;;;;;;;;;x;
TOOLTIPnightswatch.49;The repairs are completed without a problem;Les réparations se sont achevées sans aucun problème.;;;Las reparaciones se completan sin problemas.;;;;;;;;;x;
EVTOPTCnightswatch.50;We clearly need a new [Root.GetMyTreasurerName] to complete this;Nous avons clairement besoin d'un nouveau [Root.GetMyTreasurerName] pour terminer ceci.;;;Es evidente que necesitamos un nuevo Primer Constructor para completar el trabajo.;;;;;;;;;x;
EVTDESCnightswatch.51;A brother of the Night's Watch vows to 'wear no crowns and win no glory'. By ordering the pillaging of the lands near the Wall, ravishing the lands beyond what is neccessary, you have clearly broken this solemn vow, angering the your brothers in The Watch.;Un frère de la Garde de Nuit jure de ne porter aucune couronne et de n'acquérir aucune gloire. En ordonnant le pillage des terres à proximité du Mur et en les ravageant plus que de raisons, vous avez clairement brisé ce vœu solennel et vos frères de la Garde vous en tiennent rigueur.;;;Un hermano de la Guardia de la noche jura que: 'no llevaré corona, no alcanzaré la gloria'. Al ordenar el saqueo de las tierras cercanas al Muro y arrebatando tierras, has roto claramente tus votos, enfureciendo a tus hermanos de la Guardia de la Noche.;;;;;;;;;x;
NW_broken_vows;Broken Vows;Vœux brisés;;;Votos rotos;;;;;;;;;x;
NW_broken_vows_desc;This black brother was trusted with command, but has broken their vows. This makes them a valid target for deposition by the Lords of the realm.;Ce frère noir a reçu le commandement mais a clairement brisé ses vœux. Cela légitime une tentative de déposition par les lords du royaume.;;;Este personaje de la Guardia de la Noche ha roto sus votos. Esto lo convierte en un objetivo válido para los Señores del Reino para deponerlo.;;;;;;;;;x;
EVTOPTAnightswatch.51;Well, I think the raid was clearly just;Je pense que le raid était clairement justifié.;;;Bueno, creo que el asalto fue bastante justo.;;;;;;;;;x;
EVTDESCnightswatch.53;The Night's Watch is supposed to take no part in the wars of the realm, and so by answering a plea for help from a Lord you have violated this principal, breaking your solemn oath. The black brothers you lead will be angered by this.;La Garde de Nuit est supposée ne pas prendre parti dans les guerres du royaume, aussi, en répondant favorablement à la demande d'aide d'un lord, vous avez violé ce principe et brisé votre vœu solennel. Les frères noirs que vous mené vous en tiendront rigueur.;;;La Guardia de la Noche no puede tomar parte en las guerras del Reino, por lo que al responder a una petición de ayuda de un Señor has violado este principio, rompiendo tu solemne juramento. Los hermanos negros que lideras estarán furiosos contigo.;;;;;;;;;x;
EVTOPTAnightswatch.53;I had no choice;Je n'avais pas le choix.;;;No tenía opción.;;;;;;;;;x;
EVTTITLEnightswatch.70;The Wildling Woman;La Sauvageonne;;;La mujer salvaje;;;;;;;;;x;
EVTDESCnightswatch.70;Beyond the Wall, you were personally leading a ranging against a band of wildlings known to have pillaged the Gift and even the lands beyond. After weeks of tracking, you finally cornered them and sprung the attack. One after another, countless men fell to your men's swords, one savage put up a stern defence though. You exchanged blows for what seemed like an age before your realised that they were in a fact a woman. The battle is soon won, and the wildling woman disarmed. You notice she has an unnatural beauty, and order her privately confined.\n\nLater you enter her tent where she is bound to decide what to do. She is clearly an exceptional wildling- brave, cunning, strong and skilled with a blade. The mutual attraction is obvious, and before long you are releasing her from her bonds and laying with her for the night, but the law says she must be executed...;Vous vous trouvez au-delà du Mur, menant personnellement une patrouille pour rattraper une bande de sauvageons connue pour avoir razzié le Don et même quelques terres au-delà. Après des semaines de traques, vous êtes finalement tombés dessus et avez lancé l'attaque. Les sauvageons sont tombés les uns après les autres sous les coups de vos hommes, mais l'un d'entre eux se défend comme un véritable démon. Vous échangez des coups avec lui pendant une éternité avant de réaliser qu'il s'agit en réalité d'une femme. Vous finissez néanmoins par l'emporter en la désarmant d'une botte fulgurante. Vous remarquez qu'il s'agit d'une beauté et vous ne pouvez vous empêcher de l'épargner. Vous la faites attacher puis la confinez dans une des tentes du camp que vos hommes sont en train de monter.\n\nPlus tard, vous pénétrez dans la tente pour réfléchir à ce que vous allez faire d'elle. Il s'agit clairement d'une sauvageonne exceptionnelle, douée dans le maniement des armes, brave et forte. Le désir mutuel est évident, et peu de temps après l'avoir libérée de ses liens vous vous retrouvez à passer la nuit avec elle... mais la loi exige qu'elle soit exécutée.;;;Más allá del Muro, lideras personalmente una partida contra una banda de salvajes que han saqueado el Agasajo. Tras semanas persiguiéndoles, finalmente los consigues acorralar. Uno tras otro van cayendo ante el ataque de tus hombres, sin embargo uno de ellos se defiende muy férreamente. Intercambias golpes en lo que parece una eternidad hasta que descubres que es una mujer. La batalla acaba pronto y la mujer salvaje es desarmada. Notas que ella tiene una gran belleza, y ordenas confinarla.\n\nMás tarde entras en su tienda para decidir que hacer con ella. Ella es claramente una salvaje excepcional, valiente, astuta y hábil con la espada. La atracción mutua es obvia, y en poco tiempo la liberas de sus esposas y pasas con ella la noche entera, pero la ley dice que ha de ser ejecutada...;;;;;;;;;x;
EVTOPTAnightswatch.70;No, she will be safe at The Wall;Non, elle sera en sécurité sur le Mur.;;;No, ella estará a salvo en el Muro.;;;;;;;;;x;
EVTOPTBnightswatch.70;I cannot bear to kill her, release her;Je ne peux pas la tuer, qu'on la relâche.;;;No puedo soportar la idea de matarla, liberadla.;;;;;;;;;x;
EVTOPTCnightswatch.70;She must be killed, have it done quickly;Elle doit mourir, que ce soit fait prestement.;;;Ella debe morir, hacedlo rápido.;;;;;;;;;x;
TOOLTIPnightswatch.75;You order the wildling woman to be executed;Vous ordonnez la mise à mort de la sauvageonne.;;;Ordenas ejecutar a la mujer salvaje.;;;;;;;;;x;
EVTDESCnightswatch.71;For months the willding woman has been at The Wall, warming your bed. Through her charismatic appeal, she seems to have acquired a devoted following of black brothers who call her 'The Wildling Queen', but has also earned the resentment of many more, though they dare not touch her. Now she insists that we marry, and that the laws of the Watch need not apply to me.;Pendant des mois la sauvageonne est restée sur le Mur, à réchauffer votre lit. Par son charisme, elle semble avoir acquis la sympathie de certains frères noirs qui l'appellent la Reine Sauvageonne. Mais de nombreux autres gardes continuent de la détester, mais n'osent pas la toucher. Elle insiste désormais pour que vous vous mariez, arguant que les lois de la Garde de Nuit ne vous concernent pas.;;;Durante meses la salvaje ha estado en el Muro, calentando tu cama. Debido a su carismática atracción, ella ha adquirido devotos seguidores entre los hermanos negros, quienes la llaman 'La Reina Salvaje', pero también se ha ganado el resentimiento de muchos otros, a pesar de que no se atreven a tocarla. Ahora ella insiste en casarnos, y dice que las leyes de la Guardia de la Noche no se aplican para mí.;;;;;;;;;x;
EVTOPTAnightswatch.71;I cannot resist her;Je ne peux pas lui résister.;;;No puedo resistirme a ella.;;;;;;;;;x;
opinion_spear_wifes_men;Wildling Queen's Men;Homme de la reine sauvageonne;;;Hombres de la Reina Salvaje;;;;;;;;;x;
EVTOPTBnightswatch.71;No, I swore a vow, begone with you!;Non, j'ai prêté serment, je ne peux pas me marier avec toi !;;;No, juré los votos, vete por ahí!;;;;;;;;;x;
EVTDESCnightswatch.72;I am The Wildling Queen!;Je suis la reine sauvageonne !;;;Soy la Reina Salvaje!;;;;;;;;;x;
EVTOPTAnightswatch.72;The Wall trembles before me!;Le Mur tremble devant moi !;;;El Muro tiembla ante mí!;;;;;;;;;x;
EVTDESCnightswatch.73;It seems your decision be merciful and release your wildling lover was unwise. In the past months she has used her wits and charisma to acquire a massive following of wildlings. She has subdued most of the clans beyond the wall, and now they refer to her as 'The Wildling Queen'.;Il semble que votre décision d'épargner et de relâcher votre amante sauvageonne n'était pas sage. Durant les derniers mois elle a usé de son charisme et de ses talents pour réunir une grande troupe de sauvageons. Elle est parvenue à assembler les clans d'au-delà du Mur et on l'appelle désormais la Reine Sauvageonne.;;;Parece que la decisión de ser misericordioso y liberar a tu amante salvaje fue imprudente. En los últimos meses se ha valido de su ingenio y carsima para lograr una cantidad masiva de seguidores salvajes. Ha subyugado a la mayoría de clanes salvajes, y ahora se refieren a ella como 'La Reina Salvaje'.;;;;;;;;;x;
EVTOPTAnightswatch.73;She will not breach the Wall;Elle ne passera pas le Mur.;;;No pasará el Muro;;;;;;;;;x;
EVTDESCnightswatch.74;[Root.Spouse.GetFirstName] knows how to play you, using her wit, beauty and prowess in lovemaking to bend you to her will. She and her Queen's men fervently believe you to be above the petty laws of The Watch, and want to crown you Night's King, Lord of The Wall and all lands beyond. She makes a passionate case...;[Root.Spouse.GetFirstName] sait jouer avec vous, usant de sa ruse, de sa beauté et de ses prouesses au lit pour vous soumettre à sa volonté. Elle et les hommes de la reine pensent vraiment que vous êtes au-dessus des lois de la garde, et veulent que vous vous couronniez roi de la Nuit, seigneur du Mur et des terres au-delà. Elle plaide avec ferveur sous la couette...;;;[Root.Spouse.GetFirstName] sabe jugar contigo, usando su ingenio, belleza y destreza haciendo el amor para plegarte a su voluntad. Ella y los hombres de la reina creen fervientemente que estás por encima de las leyes de la Guardia de la Noche, y quieren coronarte Rey de la Noche, Señor del Muro y las Tierras de Más Allá. Ella hace un apasionada exposición de argumentos...;;;;;;;;;x;
EVTOPTAnightswatch.74;I'm convinced, I will be King!;Je suis convaincu, je serai roi !;;;Me ha convencido! Seré Rey!;;;;;;;;;x;
EVTOPTBnightswatch.74;This is a step too far woman, leave my chambers;Tu vas trop loin femme, quittes ma chambre !;;;Es un paso demasiado lejano mujer, sal de mis aposentos.;;;;;;;;;x;
EVTDESCnightswatch.76;You commanded one of your fellow rangers to perform the execution of the wildling woman, but it seems that he has failed to follow his duty. He appears to have deserted and ran way with the wildling woman, she no doubt used her looks and charms to seduce him and convince him to break his vows.;Vous ordonnez à l'un de vos patrouilleurs d'exécuter la sauvageonne, mais il semble qu'il ait échoué à remplir son devoir. Il a déserté en compagnie de la sauvageonne, elle a sans aucun doute usé de son charme pour le séduire et le convaincre de briser ses vœux..;;;Ordenas a uno de tus exploradores que ejecute a la salvaje, pero no ha cumplido con su deber. Parece que ha desertado y ha huido junto a la salvaje, no hay duda que ha usado su belleza y encanto para seducirlo y convencerlo de romper sus votos.;;;;;;;;;x;
EVTOPTAnightswatch.76;He will be punished gravely when we find him;Il sera sévèrement puni le jour où nous mettrons la main dessus.;;;Será castigado severamente en cuanto lo encontremos.;;;;;;;;;x;
EVTDESCnightswatch.77;My former crow lover will be King Beyond the Wall, and me his Queen!;Mon ancien corbeau d'amant sera Roi d'au-delà du Mur et je serai sa reine !;;;Mi amante, antiguo cuervo, será Rey-Más-Allá del Muro, y yo su Reina!;;;;;;;;;x;
EVTDESCnightswatch.78;In the months since his desertion, [From.Spouse.GetFirstName] [From.Spouse.GetOnlyDynastyName] seems to have earned a place at the head of wildlings, uniting the clans beneath his command, and has been proclaimed King Beyond the Wall! No doubt the wildling woman, now the Wildling Queen, is beyond this sudden rise to power.;Dans les mois qui ont suivi sa désertion, [From.Spouse.GetFirstName] [From.Spouse.GetOnlyDynastyName] semble être parvenu à se faire une place à la tête des sauvageons, les unissant les clans et s'étant proclamé roi d'au-delà du Mur ! Il ne fait aucun doute que la sauvageonne, que l'on appelle désormais la reine sauvageonne, est derrière cette ascension fulgurante.;;;En los meses transcurridos desde su deserción, [From.Spouse.GetFirstName] [From.Spouse.GetOnlyDynastyName] parece haberse convertido en líder de los salvajes, uniendo a los clanes bajo su mando, y se ha proclamado Rey Más-Allá-del-Muro! No hay duda que la mujer salvaje, ahora la Reina Salvaje, está detrás de este rápido ascenso.;;;;;;;;;x;
EVTOPTAnightswatch.78;He will regret this crime against the realm;Il va regretter ses crimes envers le royaume.;;;Se arrepentirá del crimen cometido contra el reino.;;;;;;;;;x;
EVTDESCnightswatch.79;[From.GetFirstNameWithDynasty] has clearly gone mad, for we have heard reports from the Wall that he has crowned himself Night's King, and claims The Wall and all lands beyond as his personal domain. They say a wildling woman seduced him and is the true power behind this regime.;[From.GetFirstNameWithDynasty] est clairement devenu fou, nous avons reçu des nouvelles en provenance du Mur qui affirment qu'il s'est couronné Roi de la Nuit et revendique le Mur et les terres au-delà. Les lettres parlent également d'une sauvageonne qui l'aurait séduit et qui commanderait son mari et la garde.;;;[From.GetFirstNameWithDynasty] se ha vuelto loco, tenemos informes desde el Muro que afirman que se ha coronado a sí mismo Rey de la Noche, y reclama el Muro y todas las tierras de más allá como su dominio personal. Comentan que una mujer salvaje lo sedujo y es el verdadero poder detrás del régimen.;;;;;;;;;x;
EVTOPTAnightswatch.79;He must be deposed and The Watch restored;Il doit être déposé et la Garde restaurée.;;;Debe ser depuesto y la Guardia de la Noche restaurada;;;;;;;;;x;
NW_DESERTER;[Root.GetFirstNameWithDynasty]'s Outlaws;L'Hors-la-loi [Root.GetFirstNameWithDynasty];;;Proscrito [Root.GetFirstNameWithDynasty];;;;;;;;;x;
EVTTITLEnightswatch.80;The Night's Queen;La Reine de la Nuit;;;La Reina de la Noche;;;;;;;;;x;
EVTDESCnightswatch.80;After you crown yourself the Night's King you and your wife lay with each other... as you awaken you feel the cold of the room and you can see your own breath.\nAs you look around you see your wife standing above you, with skin as white as the moon and eyes like blue stars and you realise that the wildling woman you fell in love with... is no wildling at all!\n\nShe is one of the Others...\nShe has taken your soul and controls your actions...\nShe is the Queen of the Night's Watch...;Après vous être couronné Roi de la Nuit, vous allez vous coucher avec votre femme... vous vous réveillez tout à coup en plein milieu de la nuit et ressentez un froid terrible.\nAu-dessus de vous vous voyez votre femme, la peau aussi blanche que la lune et les yeux bleus comme les étoiles. Vous réalisez que la sauvageonne dont vous êtes tombé amoureux n'est en rien une sauvageonne !\n\nC'est une Autre...\nElle s'est emparée de votre âme et contrôle vos actions...\nElle est la reine de la Garde de Nuit...;;;Tras coronarte a ti mismo como el Rey de la Noche tú y tu mujer os acostáis como cualquier noche... te depiertas y sientes mucho frío y puedes verte el aliento.\nMiras alrededor y ves a tu mujer de pie frente a ti, con la piel más blanca que la luna y los ojos como estrellas azules y te das cuenta de que la mujer salvaje de la que te enamoraste... no es ninguna salvaje!\n\nEs uno de los Otros...\nHa tomado tu alma y controla tus acciones...\nElla es la Reina de la Noche...;;;;;;;;;x;
EVTOPTAnightswatch.80;And I am her King...;Et je suis son Roi…;;;Y yo soy su Rey...;;;;;;;;;x;
EVTDESCnightswatch.90;A group of young recruits has just finished their training and taken their vows, and one lad has shown themself to have great potential. He is from a humble common background, but he is earnest and hardworking, as well as brave in training. Perhaps he would make a good personal steward?;Un groupe de jeunes recrues vient juste de terminer son entraînement et a prononcé ses vœux L'un d'entre eux semble avoir un grand potentiel. Il est d'humble naissance, mais il est sérieux et travaille dur et s'est montré brave lors de son entraînement. Peut-être ferait-il un bon aide de camp ?;;;Un grupo de jóvenes reclutas acaba de finalizar su formación y jurado sus votos, y uno de ellos muestra un gran potencial. Es de procedencia humilde. pero es serio y trabajador, así como valiente en los entrenamientos. Quizás sería un buen mayordomo personal?;;;;;;;;;x;
EVTOPTAnightswatch.90;Yes, I shall take him under my wing;Oui, je vais le prendre sous mes ailes.;;;Sí, lo tomaré bajo mi protección;;;;;;;;;x;
TOOLTIPnightswatch.90;A common lad of good potential is made your personal steward\n;Un jeune homme du commun avec un bon potentiel devient votre aide de camp\n;;;Un muchacho común con buen potencial será tu mayordomo personal.\n;;;;;;;;;x;
EVTOPTBnightswatch.90;No, my steward should be of good birth;Non, mon aide de camp doit être de bonne naissance.;;;No, mi mayordomo ha de ser de buena cuna.;;;;;;;;;x;
EVTDESCnightswatch.91;A group of senior men, all of noble birth, have entered your chamber seeking an audience. They are unhappy that you have selected a personal steward who is merely a peasant, a peasant of questionable background. They insist this priviliged position should be reserved for lads as highborn as themselves.;Un groupe de seniors, tous de noble naissance, viennent à vous pour vous demander audience. Ils sont mécontent que vous ayez choisi pour aide de camp une engeance de paysan. Ils insistent pour que cette position privilégiée soit réservée à des garçons de haute naissance.;;;Un grupo de hombres , todos de noble cuna, han entrado en tu cámara pidiendo una audiencia. Están descontentos por haber seleccionado como mayordomo personal a un campesino, un campesino con un pasado cuestionable. Insisten en que esa posición privilegiada debe reservarse a los mozos de noble cuna como ellos mismos.;;;;;;;;;x;
EVTOPTAnightswatch.91;Fine, I'll find a steward more to their liking;Bien, je vais trouver un jeune homme de meilleure naissance.;;;Bien, encontraré un mayordomo más a su gusto.;;;;;;;;;x;
EVTOPTBnightswatch.91;I'm in command here, I will pick my steward as I see fit;C'est moi qui commande ici et je choisirai l'aide de camp qui me sied le mieux.;;;Yo estoy al mando aquí, cogeré al mayordomo que me parezca.;;;;;;;;;x;
opinion_common_personal_steward;Common Personal Steward;Aide de camp du commun;;;Mayordomo personal común;;;;;;;;;x;
d_nightswatch_dummy;The Night's Watch;La Garde de Nuit;;;La Guardia de la Noche;;;;;;;;;x;
EVTDESCnightswatch.2900;When the Lord Commander dies, any sworn man of the Night's Watch can nominate himself or be nominated by his brothers for the position. All sworn brothers of the Night's Watch have a vote, and if no candidate receives two-thirds of the votes, the choosing is repeated on the next day, with no time limit set. Which of the leading candidates shall receive your backing?;Lorsque le Lord Commandant décède, tous les hommes de la Garde de Nuit peuvent voter pour eux-même ou recevoir les suffrages de leurs frères pour accéder à cette fonction. Tout le monde peut voter et si aucun candidat ne reçoit les deux tiers des votes, le scrutin recommence le lendemain et ainsi de suite. Quel candidat recevra votre soutien ?;;;Cuando el Lord Comandante muere, cualquier hombre juramentado de la Guardia de la Noche puede nominarse a sí mismo o ser nominado por sus hermanos para el puesto. Todos los hombres juramentados tienen un voto, y si ningún candidato recibe dos tercios de los votos, la elección se repite el día siguiente, sin límite de tiempo. Cuál de los principales candidatos recibirá tu respaldo?;;;;;;;;;x;
EVTOPTAnightswatch.2900;I will put myself forward;Je vais me présenter;;;Me presentaré;;;;;;;;;x;
TOOLTIPnightswatch.2900;You back [This.GetTitledFirstNameWithDynastyNoRegnal] in the election for Lord Commander\n;Vous soutenez [This.GetFirstNameWithDynasty] lors de l'élection du Lord Commandant\n;;;Apoyas a[This.GetFirstNameWithDynasty] en la elección para Lord Comandante\n;;;;;;;;;x;
EVTOPTBnightswatch.2900;I back [NW_candidate_1.GetTitledFirstNameNoRegnal] [NW_candidate_1.GetOnlyDynastyName];Je soutiens cet homme;;;Apoyo a este hombre;;;;;;;;;x;
EVTOPTCnightswatch.2900;I back [NW_candidate_2.GetTitledFirstNameNoRegnal] [NW_candidate_2.GetOnlyDynastyName];Je soutiens cet homme;;;Apoyo a este hombre;;;;;;;;;x;
EVTOPTDnightswatch.2900;I back [NW_candidate_3.GetTitledFirstNameNoRegnal] [NW_candidate_3.GetOnlyDynastyName];Je soutiens cet homme;;;Apoyo a este hombre;;;;;;;;;x;
EVTOPTEnightswatch.2900;I back [NW_candidate_4.GetTitledFirstNameNoRegnal] [NW_candidate_4.GetOnlyDynastyName];Je soutiens cet homme;;;Apoyo a este hombre;;;;;;;;;x;
EVTDESCnightswatch.29;I have managed to gain the required two-thirds of the votes of the Sworn Brothers of the Night's Watch, and so have been made the next Lord Commander of The Night's Watch!;Je suis parvenu à remporter les deux tiers des voix des frères jurés de la Garde de Nuit, et deviens donc le nouveau Lord Commandant de la Garde de Nuit !;;;He logrado ganar los dos tercios de los votos de los hermanos juramentados de la Guardia de la Noche, y me convertiré en el próximo Lord Comandante de la Guardia de la Noche!;;;;;;;;;x;
EVTOPTAnightswatch.29;I vow to uphold the honour of this position;Je fais le vœu de faire honneur à cette position.;;;Me comprometo a defender el honor de este cargo.;;;;;;;;;x;
EVTDESCnightswatch.92;One of the new recruits from the wandering crows' last batch is causing trouble. A raper and murderer drawn from a lord's dungeon, he's been threatening and bullying the other recruits. Tonight, he's drawn watch, alone.;L'une des recrues des futurs membres de la garde cause des problèmes. Il s'agit d'un violeur et d'un meurtrier en provenance d'un cachot d'un lord, il menace les autres recrues. Ce soir il monte la garde, seul. ;;;Uno de los nuevos reclutas de la última hornada está causando problemas. Un violador y asesino sacado de las mazmorras de un señor, ha estado amenazando e intimidando a los otros reclutas. Esta noche, tiene guardia, sólo.;;;;;;;;;x;
EVTOPTAnightswatch.92;The wall is weeping. I'll make it look like an accident.;Le Mur suinte, je vais faire passer sa mort pour un accident.;;;El Muro está llorando. Haré que parezca un accidente.;;;;;;;;;x;
EVTOPTBnightswatch.92;I'll have talk with him, we'll see if I can mend his ways.;Je vais devoir parler avec lui, je vais voir si je peux le faire revenir sur le droit chemin.;;;Tendré que hablar con él, a ver si puedo corregir su conducta.;;;;;;;;;x;
EVTOPTCnightswatch.92;Send him on a few dangerous rangings. He'll learn respect.;Je vais l'incorporer dans une patrouille dangereuse pour qu'il apprenne le respect.;;;Enviarlo a algunas patrullas peligrosas. Así aprenderá respeto.;;;;;;;;;x;
TOOLTIPnightswatch.93;[This.GetFirstName] falls off The Wall, apparently accidentally\n;[This.GetFirstName] est tombé du Mur, il s'agit apparemment d'un accident\n;;;[This.GetFirstName] cae del Muro, aparentemente accidentalmente\n;;;;;;;;;x;
TOOLTIPnightswatch.94;[This.GetFirstName] dies, but your involvement becomes known\n;[This.GetFirstName] meurt, mais votre implication est découverte\n;;;[This.GetFirstName] muere, pero tu participación se ha hecho pública\n;;;;;;;;;x;
TOOLTIPnightswatch.95;[This.GetFirstName] agrees to try and change\n;[This.GetFirstName] accepte de changer son attitude\n;;;[This.GetFirstName] se compromete a tratar de cambiar\n;;;;;;;;;x;
TOOLTIPnightswatch.96;[This.GetFirstName] scorns your advice\n;[This.GetFirstName] dédaigne vos conseils\n;;;[This.GetFirstName]desprecia tu consejo\n;;;;;;;;;x;
EVTDESCnightswatch.93;The dangerous new recruit has been successfully dispatched, he fell from The Wall when a chunk of ice 'accidentally' broke off.;La dangereuse nouvelle recrue est tombée du Mur lorsqu'un pan de glace s'est 'accidentellement' décroché.;;;"El peligroso nuevo recluta ha sido exitosamente despachado, caminaba por el Muro cuando un trozo de hielo se rompió ""accidentalmente"".";;;;;;;;;x;
EVTOPTAnightswatch.93;Good, he would have caused problems;Bien, il aurait causer des problèmes.;;;Bien, habría causado problemas;;;;;;;;;x;
EVTDESCnightswatch.94;Whilst the dangerous new recruit has been killed in a fall from The Wall that was orchestrated to look like an accident, you and your close men's involvement has been revealed by an unknown informer. The men resent you for killing a brother, even a past murderer.;Bien que la dangereuse recrue soit morte d'une chute du Mur qui devait passer pour un accident, votre implication et celle de vos hommes les plus proches ont été révélées par un informateur anonyme. Vos hommes vous en veulent pour ce meurtre, même s'il s'agit d'une crapule.;;;Mientras el nuevo recluta era asesinado cayendo del Muro en un accidente orquestado, se ha revelado tu implicación y la de tus hombres cercanos. Los hombres están furiosos por matar a un hermano, aún que fuese un asesino en el pasado.;;;;;;;;;x;
EVTOPTAnightswatch.94;They should thank me really;Ils devraient me remercier.;;;Deberían darme las gracias;;;;;;;;;x;
EVTDESCnightswatch.95;You call the new recruit into your chambers and give him talk on his duty, imploring him to leave his violent ways in the past and become a better man. He seems swayed by your words, and vows to change. You can't be sure if he has totally changed, but at least he now works better with the rest of the men.;Vous faîtes venir la nouvelle recrue dans vos appartements et lui parlez de ses devoirs, l'implorant de renoncer à ses manières violentes et de devenir un homme de meilleure vie. Il semble avoir été touché par votre discours et a fait le vœu de changer. Vous ne pouvez pas être certain qu'il respectera sa parole, mais au moins a-t-il changé d'attitude pour le moment.;;;Haces llamar al nuevo recluta a tus aposentos y le hablas de su deber, implorándole que deje sus formas violentas en el pasado y se convierta en un mejor hombre. Parece influido por tus palabras y promete cambiar. No estás seguro de si ha cambiado totalmente , pero al menos ahora trabaja mejor con el resto de hombres.;;;;;;;;;x;
EVTOPTAnightswatch.95;Best keep an eye on him still;Mieux vaudrait quand même continuer à garder un œil sur lui.;;;Mejor mantener un ojo sobre él.;;;;;;;;;x;
EVTDESCnightswatch.96;You call the new recruit into your chambers and give him talk on his duty, imploring him to leave his violent ways in the past and become a better man. He doesn't seem bothered by your concern however, even short spells in the ice cells don't seem to faze him. He continues to anatgonise his fellow black brothers regardless.;Vous faîtes venir la nouvelle recrue dans vos appartements et lui parlez de ses devoirs, l'implorant de renoncer à ses manières violentes et de devenir un homme de meilleure vie. Il ne semble pas avoir été très touché par votre discours et même un séjour dans une cellule de glace ne semble pas avoir fait son effet. Il continue de rudoyer les frères noirs.;;;Haces llamar al nuevo recluta a tus aposentos y le hablas de su deber, implorándole que deje sus formas violentas en el pasado y se convierta en un mejor hombre. No parece estar preocupado por tus palabras e incluso sus cortas estancias en las celdas de hielo no parecen perturbarlo. Sigue molestando a sus hermanos sin remordimientos.;;;;;;;;;x;
EVTOPTAnightswatch.96;This could be problematic;Cela peut vraiment devenir un problème.;;;Esto podría ser problemático.;;;;;;;;;x;
EVTDESCnightswatch.97;A brother, thought a deserter, has come stumbling back begging for forgiveness. Only three days have passed since he disappeared, but sparing him could have an effect on morale.;Un frère déserteur est revenu et demande qu'on le pardonne. Cela fait seulement trois jours qu'il a disparu, mais l'épargner pourrait avoir un effet sur le moral de la troupe.;;;Un hermano, que pensó en desertar, ha vuelto atrás pidiendo perdón. Sólo tres días han pasado desde que desapareció, pero ser moderado podría afectar a la moral.;;;;;;;;;x;
EVTOPTAnightswatch.97;He's seen the error of his ways. Let him live and serve.;Il s'est rendu compte par lui-même de son erreur. Qu'on le laisse vivre et qu'il serve.;;;Él mismo ha visto el error de sus actos. Que viva y sirva.;;;;;;;;;x;
EVTOPTBnightswatch.97;He can live, but ensure he is punished. I'll not have my men thinking I'm weak;Il vivra, mais sera puni. Il ne sera pas dit que je suis un faible.;;;Puede vivir, pero aseguráos que es castigado. No quiero que mis hombres piensen que soy débil.;;;;;;;;;x;
EVTOPTCnightswatch.97;He loses his head. It's the law;Il perd sa tête, telle est la loi.;;;Perderá su cabeza. Es la ley.;;;;;;;;;x;
EVTDESCnightswatch.98;A ranger who was scouting beyond the wall is well past due to return home, and the men are getting concerned. He is well liked by many, and some are calling for expedition to track him down.;Un patrouilleur qui effectuait une mission de reconnaissance au-delà du mur n'est toujours revenu et les hommes semblent inquiets. Il est apprécié par beaucoup et certains demandent d'organiser une expédition pour le retrouver.;;;Un explorador que está patrullando más allá del muro ha sobrepasado en mucho el tiempo estimado de regreso, y los hombres están preocupados. Es muy apreciado por muchos y algunos están pidiendo una expedición para seguirle la pista.;;;;;;;;;x;
EVTOPTAnightswatch.98;I'll lead a rescue attempt personally;Je vais mener une expédition personnellement.;;;Lideraré la búsqueda personalmente.;;;;;;;;;x;
EVTOPTBnightswatch.98;I'll send my First Ranger;Je vais envoyer mon Premier Patrouilleur;;;Enviaré a mi Primer Explorador.;;;;;;;;;x;
EVTOPTCnightswatch.98;I'm sure he's fine, we can wait a while longer;Je suis sûr qu'il va bien, nous pouvons attendre encore un peu.;;;Estoy seguro de que está bien, podemos esperar un poco más.;;;;;;;;;x;
TOOLTIPnightswatch.980;The rescue is a success;La mission de sauvetage est un succès.;;;El rescate tiene éxito.;;;;;;;;;x;
TOOLTIPnightswatch.99;The rescue fails;La mission de sauvetage est un échec.;;;El rescate fracasa.;;;;;;;;;x;
EVTDESCnightswatch.980;The rescue mission to find the lost ranger was a success! You led a party of rangers on a long march beyond the wall and find him to be captured by a group of wildlings. You bravely ambushed them and released your brother.;La mission de sauvetage pour retrouver le patrouilleur disparu est un succès ! Vous avez mené un groupe de patrouilleurs dans une grande expédition au-delà du Mur et l'avez trouvé, retenu prisonnier par un groupe de sauvageons. Vous êtes parvenu à tendre une embuscade à la petite bande et vous avez libéré votre frère.;;;La misión de rescate fue un éxito! Has liderado una partida de exploradores en una larga marcha más allá del muro y descubristéis que había sido hecho prisionero por un grupo de salvajes. Valientemente los emboscastéis y liberastéis a vuestro hermano.;;;;;;;;;x;
EVTOPTAnightswatch.980;Well done men;Bien joué.;;;Bien hecho hermanos!;;;;;;;;;x;
EVTDESCnightswatch.99;You led a party of rangers beyond the wall to search for the missing ranger, but the mission was a failiure. You found a band of wildlings who held him captive and tried to ambush them. They were too fierce however, forcing the men back to the wall. The ranger was taken deep into wildling territory and will likely never been seen again.;Vous avez mené une patrouille au-delà du Mur pour retrouver le patrouilleur disparu, mais la mission fut un échec. Vous avez découvert une bande de sauvageons qui le retenait et avez tenté de leur tendre une embuscade. Ils étaient bient trop forts et sont parvenus à repousser vos hommes jusqu'au Mur. Ils ont ensuite fui au Nord, emmenant avec eux le patrouilleur, qui n'a peu de chance d'être retrouvé un jour.;;;Has liderado una partida de exploradores más allá del muro para encontrar al explorador perdido, pero la misión ha sido un fracaso. Encontrastéis un grupo de salvajes que lo tenían cautivo e intentastéis emboscarlos, pero eran demasiado fieros y os obligaron a regresar al Muro. El explorador se quedó en manos de los salvajes y posiblemente nunca se le vuelva a ver.;;;;;;;;;x;
EVTOPTAnightswatch.99;His watch is over;Son tour de garde est achevé.;;;Su guardia ha acabado;;;;;;;;;x;
EVTDESCnightswatch.100;[From.GetFirstNameWithDynasty]'s rescue mission to find the lost ranger was a success! He led a party of rangers on a long march beyond the wall and found him to be captured by a group of wildlings. He bravely ambushed them and released your brother.;La mission de sauvetage de [From.GetFirstNameWithDynasty] pour retrouver le patrouilleur disparu est un succès !  Il a mené un groupe de patrouilleurs dans une grande expédition au-delà du Mur et l'a trouvé, retenu prisonnier par un groupe de sauvageons. Il est parvenu à tendre une embuscade à la petite bande et a libéré son frère.;;;La misión de rescate de [From.GetFirstNameWithDynasty] fue un éxito! Lideró una partida de exploradores en una larga marcha más allá del muro y descubrió que había sido hecho prisionero por un grupo de salvajes. Valientemente los emboscó y liberó al hermano perdido. ;;;;;;;;;x;
EVTDESCnightswatch.101;[From.GetFirstNameWithDynasty] led a party of rangers beyond the wall to search for the missing ranger, but the mission was a failiure. They found a band of wildlings who held him captive and tried to ambush them. They were too fierce however, forcing the men back to the wall. The ranger was taken deep into wildling territory and will likely never been seen again.;[From.GetFirstNameWithDynasty] a mené une patrouille au-delà du Mur pour retrouver le patrouilleur disparu, mais la mission fut un échec. Il a découvert une bande de sauvageons qui le retenait et a tenté de leur tendre une embuscade. Ils étaient bien trop forts et sont parvenus à repousser ses hommes jusqu'au Mur. Ils ont ensuite fui au Nord, emmenant avec eux le patrouilleur, qui n'a peu de chance d'être retrouvé un jour.;;;[From.GetFirstNameWithDynasty] lideró una partida de exploradores más allá del muro para encontrar al explorador perdido, pero la misión ha sido un fracaso. Encontró un grupo de salvajes que lo tenían cautivo e intentó emboscarlos, pero eran demasiado fieros y los obligaron a regresar al Muro. El explorador se quedó en manos de los salvajes y posiblemente nunca se le vuelva a ver.;;;;;;;;;x;
NW_neglected_ranger;Neglected a Ranger;A négligé un patrouilleur;;;Desamparó a un explorador;;;;;;;;;x;
EVTDESCnightswatch.2099;[Root.PrimaryTitle.GetFOA], it seems [From.GetFirstNameWithDynasty] still has many friends at court, for on the way north to The Wall, where [From.GetSheHe] was due to take the black, [From.GetSheHe] was captured and set free!;[Root.PrimaryTitle.GetFOA], il semble que [From.GetFirstNameWithDynasty] a encore beaucoup d'amis à la cour, car en chemin vers le Mur, où [From.GetSheHe] devait prendre le noir, [From.GetSheHe] a été capturé(e) et libéré(e) !;;;[Root.PrimaryTitle.GetFOA], parece que [From.GetFirstNameWithDynasty] todavía tiene muchos amigos en la corte, en el viaje hacia el Muro, donde debía vestir el negro, fue capturado y puesto en libertad!;;;;;;;;;x;
EVTOPTAnightswatch.2099;I wont make the mistake of letting [From.GetHerHim] go next time;Je ne fera pas l'erreur de le/la laisser partir la prochaine fois.;;;No cometeré el error de dejarle escapar la próxima vez;;;;;;;;;x;
NW_duke;Lord Commander;Lord Commandant;Lord Commander;;Lord Comandante;;;;;;;;;x;
NW_count;Commander;Commandant;;;Comandante;;;;;;;;;x;
NW_baron;Commander;Commandant;;;Comandante;;;;;;;;;x;
NW_duke_foa;My Lord;Mon Seigneur;;;Mi Señor;;;;;;;;;x;
NW_count_foa;My Lord;Mon Seigneur;;;Mi Señor;;;;;;;;;x;
NW_baron_foa;My Lord;Mon Seigneur;;;Mi Señor;;;;;;;;;x;
NW_duke_female;Lady Commander;Lady Commandante;;;Lord Comandante;;;;;;;;;x;
NW_count_female;Commander;Commandant;;;Comandante;;;;;;;;;x;
NW_baron_female;Commander;Commandant;;;Comandante;;;;;;;;;x;
NW_duke_foa_female;My Lady;Ma Dame;My Lady;My Lady;Mi Señora;;;;;;;;;x;
NW_count_foa_female;My Lady;Ma Dame;My Lady;My Lady;Mi Señora;;;;;;;;;x;
NW_baron_foa_female;My Lady;Ma Dame;My Lady;My Lady;Mi Señora;;;;;;;;;x;
NW_county;Command;Commandement;;;Comandancia;;;;;;;;;x;
NW_county_of;Command of;Commandement de;;;Comandancia de;;;;;;;;;x;
NW_job_castellan;First Steward;Lord Intendant;;;Primer Mayordomo;;;;;;;;;x;
NW_job_marshal;First Ranger;Premier Patrouilleur;;;Primer Explorador;;;;;;;;;x;
NW_job_treasurer;First Builder;Premier Constructeur;;;Primer Constructor;;;;;;;;;x;
NW_job_chancellor;Recruiter;Recruteur;;;Reclutador;;;;;;;;;x;
NW_king_job_castellan;First Steward;Lord Intendant;;;Primer Mayordomo;;;;;;;;;x;
NW_king_job_marshal;First Ranger;Premier Patrouilleur;;;Primer Explorador;;;;;;;;;x;
NW_king_job_treasurer;First Builder;Premier Constructeur;;;Primer Constructor;;;;;;;;;x;
NW_king_job_chancellor;Recruiter;Recruteur;;;Reclutador;;;;;;;;;x;
NW_duke_job_castellan;First Steward;Lord Intendant;;;Primer Mayordomo;;;;;;;;;x;
NW_duke_job_marshal;First Ranger;Premier Patrouilleur;;;Primer Explorador;;;;;;;;;x;
NW_duke_job_treasurer;First Builder;Premier Constructeur;;;Primer Constructor;;;;;;;;;x;
NW_duke_job_chancellor;Recruiter;Recruteur;;;Reclutador;;;;;;;;;x;
NW_count_job_castellan;Steward;Intendant;;;Mayordomo;;;;;;;;;x;
NW_count_job_marshal;Ranger;Patrouilleur;;;Explorador;;;;;;;;;x;
NW_count_job_treasurer;Builder;Constructeur;;;Constructor;;;;;;;;;x;
NW_count_job_chancellor;Recruiter;Recruteur;;;Reclutador;;;;;;;;;x;
NW_job_castellan_female;First Steward;Lord Intendant;;;Primer Mayordomo;;;;;;;;;x;
NW_job_marshal_female;First Ranger;Premier Patrouilleur;;;Primer Explorador;;;;;;;;;x;
NW_job_treasurer_female;First Builder;Premier Constructeur;;;Primer Constructor;;;;;;;;;x;
NW_job_chancellor_female;Recruiter;Recruteur;;;Reclutador;;;;;;;;;x;
NW_king_job_castellan_female;First Steward;Lord Intendant;;;Primer Mayordomo;;;;;;;;;x;
NW_king_job_marshal_female;First Ranger;Premier Patrouilleur;;;Primer Explorador;;;;;;;;;x;
NW_king_job_treasurer_female;First Builder;Premier Constructeur;;;Primer Constructor;;;;;;;;;x;
NW_king_job_chancellor_female;Recruiter;Recruteur;;;Reclutador;;;;;;;;;x;
NW_duke_job_castellan_female;First Steward;Lord Intendant;;;Primer Mayordomo;;;;;;;;;x;
NW_duke_job_marshal_female;First Ranger;Premier Patrouilleur;;;Primer Explorador;;;;;;;;;x;
NW_duke_job_treasurer_female;First Builder;Premier Constructeur;;;Primer Constructor;;;;;;;;;x;
NW_duke_job_chancellor_female;Recruiter;Recruteur;;;Reclutador;;;;;;;;;x;
NW_count_job_castellan_female;Steward;Intendant;;;Mayordomo;;;;;;;;;x;
NW_count_job_marshal_female;Ranger;Patrouilleur;;;Explorador;;;;;;;;;x;
NW_count_job_treasurer_female;Builder;Constructeur;;;Constructor;;;;;;;;;x;
NW_count_job_chancellor_female;Recruiter;Recruteur;;;Reclutador;;;;;;;;;x;
EVTDESCnightswatch.102;You have deemed [From.GetFirstNameWithDynasty] not fit for service on The Wall, and that [From.GetSheHe] must take [From.GetHerHis] watch beyond the wall in exile. [From.GetSheHeCap] is thus expelled from [Root.Capital.Capital.GetName], sent to fend for [From.GetHerHim]self.;Vous avez jugé [From.GetFirstNameWithDynasty] incapable de servir la Garde et qu'[From.GetSheHe] devait partir en exil au-delà du Mur. [From.GetSheHeCap] est donc expulsé(e), et devra se débrouiller tout(e) seul(e).;;;Consideras a [From.GetFirstNameWithDynasty] no apto para el servicio en el Muro, y por ello lo envías al exilio más allá del muro. Será expulsado de [Root.Capital.Capital.GetName], y deberá valerse por sí mismo.;;;;;;;;;x;
EVTOPTAnightswatch.102;[From.GetSheHeCap] deserves this;[From.GetSheHeCap] le mérite;;;Se lo merece;;;;;;;;;x;
EVTDESCnightswatch.103;It is said that I broke my oath as a black brother, that I am a deserter. I know what I did is right, but soon after my arrival in [Root.Liege.Capital.GetName] I was arrested and put in the dungeon.;On raconte que j'ai brisé mes vœux de frère juré de la Garde de Nuit et que je suis un déserteur. Je sais que ce que j'ai fait était juste, et pourtant, dès que je suis arrivé à [Root.Liege.Capital.GetName] j'ai été arrêté et jeté en prison.;;;Se dice que he roto mis votos de hermando negro, que soy un desertor. Sé que hice lo correcto, pero a mi llegada a [Root.Liege.Capital.GetName] fui arrestado y conducido al calabozo.;;;;;;;;;x;
EVTOPTAnightswatch.103;Surely [Root.Liege.GetTitledFirstNameNoRegnal] will understand?;Certainement que  [Root.Liege.GetTitledFirstNameNoRegnal] comprendra ?;;;Seguramente [Root.Liege.GetTitledFirstNameNoRegnal] lo entenderá?;;;;;;;;;x;
TOOLTIPnightswatch.104;[This.GetTitledFirstNameNoRegnal] will decide your fate...;[This.GetTitledFirstNameNoRegnal] décidera de votre destin...;;;[This.GetTitledFirstNameNoRegnal] decidirá tu destino...;;;;;;;;;x;
EVTDESCnightswatch.104;A known deserter of the Night's Watch has been found to be residing in [Root.Capital.GetName]. [From.GetFirstNameWithDynasty] is clearly guilty of breaking [From.GetHerHis] vows, and it falls on you to deliver the just punishment...;Un déserteur connu de la Garde de Nuit a été aperçu résidant à [Root.Capital.GetName]. [From.GetFirstNameWithDynasty] est très clairement coupable d'avoir brisé ses vœux et il est de votre devoir de l'en punir…;;;Un conocido desertor de la Guardia de la Noche ha sido encontrado residiendo en [Root.Capital.GetName]. [From.GetFirstNameWithDynasty] es claramente culpable de tomper sus votos, y en ti recae decidir un castigo justo...;;;;;;;;;x;
EVTOPTAnightswatch.104;The penalty must be death;Il sera condamné à mort;;;La pena ha de ser la muerte;;;;;;;;;x;
TOOLTIPnightswatch.105;[From.GetFirstNameWithDynasty] is executed;[From.GetFirstNameWithDynasty] est exécuté;;;[From.GetFirstNameWithDynasty] es ejecutado;;;;;;;;;x;
EVTOPTBnightswatch.104;I'm sure [From.GetSheHe] had a good reason;Je suis sûr qu'[From.GetSheHe] avait une bonne raison;;;Estoy seguro que tiene una buena razón;;;;;;;;;x;
EVTDESCnightswatch.105;You pleaded your case to [From.GetTitledFirstNameNoRegnal], but to no avail. [From.GetSheHeCap] orders your immediate execution, for the crimes of desertion and oath breaking.;Vous avez plaidé votre cause auprès de [From.GetTitledFirstNameNoRegnal], mais en vain. [From.GetSheHeCap] ordonne votre exécution immédiate, pour désertion et pour avoir brisé vos vœux;;;Defiendes tu postura ante [From.GetTitledFirstNameNoRegnal], en vano. Ha ordenado tu inmediata ejecución, por romper los votos y desertar.;;;;;;;;;x;
EVTOPTAnightswatch.105;[From.PrimaryTitle.GetFOA]! Please no! ;[From.PrimaryTitle.GetFOA] ! Je vous en prie, non ! ;;;[From.PrimaryTitle.GetFOA]! Por favor no! ;;;;;;;;;x;
EVTDESCnightswatch.106;You pleaded your case to [From.GetTitledFirstNameNoRegnal], and [From.GetSheHe] seemed sympathetic. [From.GetSheHeCap] orders your immediate release, and forgives you your vows.;Vous avez plaidé votre cause auprès de [From.GetTitledFirstNameNoRegnal], et [From.GetSheHe] a l'air convaincu(e). [From.GetSheHeCap] ordonne que vous soyez immédiatement relâché, et vous pardonne d'avoir momentanément oublié vos voeux.;;;Defiendes tu postura ante [From.GetTitledFirstNameNoRegnal], y parece convencido. Ha ordenado tu inmediata liberación, y te libera de los votos.;;;;;;;;;x;
EVTOPTAnightswatch.106;Thank you, [From.PrimaryTitle.GetFOA];Merci, [From.PrimaryTitle.GetFOA];;;Gracias, [From.PrimaryTitle.GetFOA];;;;;;;;;x;
EVTDESCnightswatch.111;The Wall has long fallen, the order of The Night's Watch has had its remnant in exile ever since. Now its last Lord Commander has died, there is no suitable replacement to lead these exiles, and the Watch has faded into extinction.;Le Mur est tombé depuis longtemps, et les frères de la Garde de Nuit ont dû s'enfuir. Maintenant que le dernier Lord Commandant est mort, il n'y a plus personne d'assez capable pour diriger ces exilés et la Garde de Nuit va donc s'éteindre.;;;El Muro cayó hace mucho tiempo, la orden de la Guardia de la Noche ha permanecido en el exilio desde entonces. Ahora, el último Lord Comandante ha muerto, sin un sustituto adecuado para reemplazarlo y liderar la orden desde el exilio, y la Guardia ha desaparecido en el olvido.;;;;;;;;;x;
EVTOPTAnightswatch.111;Perhaps one day it will be restored at The Wall;Peut-être qu'un jour elle sera restauré sur le Mur;;;Quizás un día será restaurada en el Muro;;;;;;;;;x;
EVTDESCnightswatch.112;Thanks to you, The Night's Watch has been restored to its traditional place at The Wall.;Grâce à vous la Garde de Nuit a été restaurée là où elle a sa place, sur le Mur.;;;Gracias a ti, la Guardia de la Noche ha sido restaurada en su lugar tradicional en el Muro.;;;;;;;;;x;
EVTOPTAnightswatch.112;I trust they will be eternally grateful;Je suis sûr qu'ils en seront éternellement reconnaissants.;;;Confío en que estarán eternamente agradecidos;;;;;;;;;x;
EVTOPTAnightswatch.112;I choose this man to be Lord Commander;Je suis sûr qu'ils en seront éternellement reconnaissants.;;;Elijo a este hombre como Lord Comandante;;;;;;;;;x;
TOOLTIPPLAYERESTOREDNW;The Night's Watch is restored. [This.GetTitledFirstNameNoRegnal] has 10 days to pick a Lord Commander of his choosing.\n;La Garde de Nuit est restaurée [This.GetTitledFirstNameNoRegnal] a 10 jours pour choisir un Lord Commandant.\n;;;La Guardia de la Noche ha sido restaurada. [This.GetTitledFirstNameNoRegnal] tiene diez días para escoger a un Lord Comandante de su elección.\n;;;;;;;;;x;
NW_assign_ranger;Assign to Rangers;Affecter aux Patrouilleurs;;;Asignar a los Exploradores;;;;;;;;;x;
NW_assign_steward;Assign to Stewards;Affecter aux Intendants;;;Asignar a los Mayordomos;;;;;;;;;x;
NW_assign_builder;Assign to Builders;Affecter aux Constructeurs;;;Asignar a los Constructores;;;;;;;;;x;
NW_assign_ranger_desc;Assign to Rangers;Affecter aux Patrouilleurs;;;Asignar a los Exploradores;;;;;;;;;x;
NW_assign_steward_desc;Assign to Stewards;Affecter aux Intendants;;;Asignar a los Mayordomos;;;;;;;;;x;
NW_assign_builder_desc;Assign to Builders;Affecter aux Constructeurs;;;Asignar a los Constructores;;;;;;;;;x;
NW_REVOLT;The Night's Watch Mutiny;Mutinerie de la Garde de Nuit;;;Motín de la Guardia de la Noche;;;;;;;;;x;
send_son_to_wall_stark;Send [Root.GetTitledFirstName] to the Wall;Envoyer [Root.GetTitledFirstName] au Mur;;;Mandar a [Root.GetTitledFirstName] al Muro;;;;;;;;;x;
send_son_to_wall_stark_desc;Send [Root.GetTitledFirstName] to the Wall as is the long and proud tradition for sons of House Stark who are bastards or not in line to inherit.;Envoyer [Root.GetTitledFirstName] au Mur, suivant en cela la longue tradition des fils Stark bâtards ou cadets.;;;Mandad a [Root.GetTitledFirstName] al Muro tal y como manda la larga y orgullosa tradición de la Casa Stark de enviar al Muro a los hijos bastardos o a los que no vayan a heredar.;;;;;;;;;x;
send_son_to_wall;Send [Root.GetTitledFirstName] to the Wall;Envoyer [Root.GetTitledFirstName] au Mur;;;Mandar a [Root.GetTitledFirstName] al Muro;;;;;;;;;x;
send_son_to_wall_desc;Send [Root.GetTitledFirstName] to the Wall to serve in the Night's Watch. [Root.GetSheHeCap] may be unhappy with this.;Envoyer [Root.GetTitledFirstName] au Mur, suivant en cela la longue tradition des fils Stark bâtards ou cadets.;;;Mandad a [Root.GetTitledFirstName] al Muro tal y como manda la larga y orgullosa tradición de la Casa Stark de enviar al Muro a los hijos bastardos o a los que no vayan a heredar.;;;;;;;;;x;
opinion_sent_me_to_nightswatch;Sent Me to The Night's Watch;Envoyez moi à la Garde de Nuit;;;Envíame a la Guardia de la Noche;;;;;;;;;x;
EVTDESCnightswatch.120;The Gift is the land granted to The Night's Watch in perpetuity to support and sustain their activities. It is twenty-five leagues of land south of The Wall, but perhaps they should be given new territory to further support their cause?;Le Don est une terre accordée à perpétuité à la Garde de Nuit pour assurer « subsistance et sustentation », il s'agit d'une bande de terre de vingt-cinq lieues au sud du Mur mais peut-être qu'ils devraient recevoir un nouveau territoire pour soutenir davantage leur cause?;;;"El regalo es tierra otorgada a la Guardia de la Noche  a perpetuidad, para garantizar su ""subsistencia y sustento"", es una franja de tierra de veinticinco leguas al sur del Muro, pero tal vez deberían recibir una nuevo territorio para apoyar aún más su causa?";;;;;;;;;x;
EVTOPTAnightswatch.120;Yes, I will extend it a further twenty-five leagues;Oui, je l'étendrai de vingt-cinq lieues supplémentaires;;;Sí, la ampliaré otras veinticinco leguas;;;;;;;;;x;
EVTOPTBnightswatch.112;They would only neglect it as they have Brandon's GIft;Ils ne feraient que le négliger car ils ont déjà le Don-Bran;;;Solo lo descuidarían porque ya tienen el Agasajo de Brandon;;;;;;;;;x;
EVTDESCnightswatch.121;[Root.GetTitledFirstName], in honour of the great esteem that I hold them, I hereby grant The Night's Watch expanded territory. The Gift shall be extended a further twenty-five leagues south, so that the Watch may be better supplied and manned.\n\nSigned,\n [From.GetTitledFirstNameoftheHouseNoRegnal], the [From.GetRegnalOrdinal] of [From.GetHerHis] name;[Root.GetTitledFirstName], en l'honneur de la grande estime que je leur porte, je concède, par la présente, une expansion territoriale à la Garde de Nuit. Le Don va s'étendre sur vingt-cinq autres lieues au Sud, la Garde sera, donc, mieux ravitaillée et équipée.\n\nSigné,\n [From.GetTitledFirstNameNoRegnal] de la maison [From.GetOnlyDynastyName], [From.GetRegnalOrdinal] de son nom;;;;[Root.GetTitledFirstName], en honor a la gran estima que tengo por ellos, otorgo a la Guardia de la Noche un territorio expandido. El Regalo se extenderá veinticinco leguas más hacia el sur, para que la Guardia pueda estar mejor abastecida y armada.\n\nSigned,\n [From.GetTitledFirstNameNoRegnal] de la Casa [From.GetOnlyDynastyName], el [From.GetRegnalOrdinal] de su nombre;;;;;;;;;x
EVTOPTAnightswatch.121;I commend this initiative;Je félicite cette initiative;;;Elogio esta iniciativa;;;;;;;;;x;
EVTOPTBnightswatch.121;This is folly, they will only neglect the land!;C'est une folie, ils vont seulement laisser cette terre à l'abandon !;;;Esto es una locura, ¡solo descuidarán la tierra!;;;;;;;;;x;
opinion_ignored_NW_call;Ignored Call for Aid from The Night's Watch;;;;Llamada ignorada para obtener ayuda de Guardia de la Noche;;;;;;;;;x;
EVTOPTInightswatch.6;We must seek a refuge;;;;Debemos buscar un refugio;;;;;;;;;x;
EVTOPTJnightswatch.6;The Watch has been restored;;;;La Guardia ha sido restaurada;;;;;;;;;x;
nightswatch_elective;Night's Watch Elective;;;;;;;;;;;;;x;
tooltip_NW_elector_BARON;Commander;;;;;;;;;;;;;x;
tooltip_NW_elector_COUNT;High Ranking Commander;;;;;;;;;;;;;x;
tooltip_NW_elector_FIRST_RANGER;First Ranger;;;;;;;;;;;;;x;
tooltip_NW_elector_FIRST_STEWARD;First Steward;;;;;;;;;;;;;x;
tooltip_NW_elector_RANGER;Ranger;;;;;;;;;;;;;x;
tooltip_elector_DRAGON_RIDER;Dragon Rider;;;;;;;;;;;;;x;
tooltip_NW_elector_PERSONAL_STEWARD;Has been Personal Steward;;;;;;;;;;;;;x;
tooltip_elector_HIGHBORN;Highborn;;;;;;;;;;;;;x;
tooltip_elector_STARK;House Stark;;;;;;;;;;;;;x;
tooltip_elector_JON_SNOW;?????;;;;;;;;;;;;;x;
tooltip_elector_BROKEN_VOWS;Has Broken Vows;;;;;;;;;;;;;x;
tooltip_elector_LOWBORN;Lowborn;;;;;;;;;;;;;x;
tooltip_elector_NW_BUILDER;Builder;;;;;;;;;;;;;x;
tooltip_elector_WILDLING;Wildling;;;;;;;;;;;;;x;
tooltip_elector_CROWKILLER;Crowkiller;;;;;;;;;;;;;x;
tooltip_elector_WILDLING_SYMPATHISER;Wildling Sympathiser;;;;;;;;;;;;;x;
tooltip_elector_YOUNG;Too young;;;;;;;;;;;;;x;
tooltip_elector_DEPRESSED;Is Depressed;;;;;;;;;;;;;x;
tooltip_elector_INJURED;Is Injured;;;;;;;;;;;;;x;
tooltip_elector_INFIRM;Is Infirm;;;;;;;;;;;;;x;
tooltip_elector_CRIPPLED;Is Crippled;;;;;;;;;;;;;x;
tooltip_elector_BLIND;Is Blind;;;;;;;;;;;;;x;
tooltip_elector_KINSLAYER;Is Kinslayer;;;;;;;;;;;;;x;
tooltip_elector_DISEASE;Has a Disease;;;;;;;;;;;;;x;
tooltip_elector_ILL;Is Ill;;;;;;;;;;;;;x;
tooltip_elector_CONTENT;Is Content;;;;;;;;;;;;;x;
tooltip_elector_SLOTHFUL;Is Slothful;;;;;;;;;;;;;x;
tooltip_elector_CRAVEN;Is Craven;;;;;;;;;;;;;x;
tooltip_elector_BRAVE;Is Brave;;;;;;;;;;;;;x;
tooltip_elector_AMBITIOUS;Is Ambitious;;;;;;;;;;;;;x;
tooltip_elector_DILIGENT;Is Diligent;;;;;;;;;;;;;x;
tooltip_elector_PRESTIGE;Prestige;;;;;;;;;;;;;x;
tooltip_elector_MARTIAL;Martial Ability;;;;;;;;;;;;;x;
tooltip_elector_STEWARDSHIP;Stewardship Ability;;;;;;;;;;;;;x;
tooltip_elector_DIPLOMACY;Diplomacy Ability;;;;;;;;;;;;;x;
tooltip_elector_INTRIGUE;Intrigue Ability;;;;;;;;;;;;;x;
EVTDESCnightswatch.125;[Root.PrimaryTitle.GetFOA], we have had reports from the far north of Westeros that the Wall has fallen to the wildlings! They attacked the Wall in great numbers, and have overwhelmed the defenses of The Night's Watch. [d_nightswatch.Holder.GetTitledFirstNameWithDynasty] has taken the surviviors south and is trying to galvanise a counter attack.;;;;;;;;;;;;;x;
EVTOPTAnightswatch.125;Oh my!;;;;;;;;;;;;;x;
