#CODE;ENGLISH;FRENCH;GERMAN;;SPANISH;;;;;;;;;x
ironborn_reaving;Go on a Reaving;Partir pour un raid;;;Organizar una expedición de saqueo;;;;;;;;;x
ironborn_reaving_desc;Pay the iron price and organise a ironborn reaving across the Narrow Sea, to pillage and plunder. You will need a §Yregent§! whilst away.;Payer le fer-prix et organiser un raid fer-né au-delà du Détroit pour razzier et piller. Vous allez avoir besoin d'un ¤Yrégent¤! pendant votre absence.;;;Pagar el precio del hierro y organizar una expedición de saqueo más allá del Mar Angosto. Necesitarás un ¤Yregente¤! Durante tu ausencia.;;;;;;;;;x
on_reaving;Reaving;En raid;;;En una expedición de saqueo;;;;;;;;;x
on_reaving_desc;This character is abroad reaving and paying the iron price ;Ce personnage se trouve à l'étranger pour razzier et payer le fer-prix;;;Este personaje está en una expedición de saqueo;;;;;;;;;x
TOOLTIPINVITEREAVING;The Ironborn in your court and family will be invited to go on a reaving\n;Les Fer-nés de votre cour et de votre famille vont être invités à participer à un raid\n;;;Los Hombres del Hierro de tu corte y de tu familia serán invitados a participar en una expedición de saqueo.\n;;;;;;;;;x
EVTDESCraid_events.1;Who shall suffer the wroth of the Ironborn? Where shall we pillage and plunder to pay the Iron price?;Qui subira la colère des Fer-Nés? Où devrions-nous piller et razzier pour payer le fer-prix?;;;Quién sufrirá la cólera de los Hijos del Hierro? Dónde deberíamos saquear para pagar el precio del hierro?;;;;;;;;;x
EVTOPTAraid_events.1;The Disputed Lands are ripe for pillage;Les Terres Disputées sont mûres pour le pillage;;;Las Tierras de la Discordia están maduras para el saqueo;;;;;;;;;x
EVTOPTBraid_events.1;Northern Essos shall suffer;Le Nord d'Essos va souffrir;;;El Norte de Essos sufrirá;;;;;;;;;x
EVTOPTCraid_events.1;The lands of the Summer Sea are weak;Les pays de la Mer d’Été sont faibles;;;Las tierras del Mar del Verano son débiles;;;;;;;;;x
EVTOPTDraid_events.1;Slaver's Bay has much plunder to be found;La Baie des Serfs nous rapportera le plus de butin;;;La Bahía de los Esclavos nos proporcionará un gran botín;;;;;;;;;x
EVTDESCraid_events.2;[Root.GetFirstNameWithDynasty], I invite you to the pay the iron price by joining me on a reaving across in the seas of The Disputed Lands. I promise we will gain many salt wives and much plunder, as in the ways of old!\n\n Yours,\n[From.GetFirstNameWithDynasty];[Root.GetFirstNameWithDynasty], je vous invite à payer le fer-prix en rejoignant mon raid au-delà du Détroit. Je vous promet quantité de femme-sels et de butins, comme autrefois!\n\n Bien à vous,\n[From.GetFirstNameWithDynasty];;;[Root.GetFirstNameWithDynasty], os invito a pagar el precio del hierro uniéndoos a mi expedición de saqueo más allá de las Tierras de la Discordia. Os prometo gran cantidad de esposas de sal y botines, como las antiguas costumbres!\n\n Atentamente,\n[From.GetFirstNameWithDynasty];;;;;;;;;x
EVTDESCraid_events.2B;[Root.GetFirstNameWithDynasty], I invite you to the pay the iron price by joining me on a reaving far to the north in the Shivering Sea, where we can target Lorathi and Ibbenese ships. I promise we will gain many salt wives and much plunder, as in the ways of old!\n\n Yours,\n[From.GetFirstNameWithDynasty];[Root.GetFirstNameWithDynasty], je vous invite à payer le fer-prix en rejoignant mon raid au-delà du Détroit. Je vous promet quantité de femme-sels et de butins, comme autrefois!\n\n Bien à vous,\n[From.GetFirstNameWithDynasty];;;[Root.GetFirstNameWithDynasty], os invito a pagar el precio del hierro uniéndoos a mi expedición de saqueo más allá del Mar de los Escalofríos, donde atacaremos naves lorathias e Ibbenesas. Os prometo gran cantidad de esposas de sal y botines, como las antiguas costumbres!\n\n Atentamente,\n[From.GetFirstNameWithDynasty];;;;;;;;;x
EVTDESCraid_events.2C;[Root.GetFirstNameWithDynasty], I invite you to the pay the iron price by joining me on a reaving to the south in the Summer Sea, where we can target the weak Summer Islanders. I promise we will gain many salt wives and much plunder, as in the ways of old!\n\n Yours,\n[From.GetFirstNameWithDynasty];[Root.GetFirstNameWithDynasty], je vous invite à payer le fer-prix en rejoignant mon raid au-delà du Détroit. Je vous promet quantité de femme-sels et de butins, comme autrefois!\n\n Bien à vous,\n[From.GetFirstNameWithDynasty];;;[Root.GetFirstNameWithDynasty], os invito a pagar el precio del hierro uniéndoos a mi expedición de saqueo al Sur del Mar del Verano, donde atacaremos las débiles naves estiveñas. Os prometo gran cantidad de esposas de sal y botines, como las antiguas costumbres!\n\n Atentamente,\n[From.GetFirstNameWithDynasty];;;;;;;;;x
EVTDESCraid_events.2D;[Root.GetFirstNameWithDynasty], I invite you to the pay the iron price by joining me on a reaving far to the east in Slaver's Bay. I promise we will gain many salt wives and much plunder, as in the ways of old!\n\n Yours,\n[From.GetFirstNameWithDynasty];[Root.GetFirstNameWithDynasty], je vous invite à payer le fer-prix en rejoignant mon raid au-delà du Détroit. Je vous promet quantité de femme-sels et de butins, comme autrefois!\n\n Bien à vous,\n[From.GetFirstNameWithDynasty];;;[Root.GetFirstNameWithDynasty], os invito a pagar el precio del hierro uniéndoos a mi expedición de saqueo al lejano oriente, en la Bahía de los Esclavos. Os prometo gran cantidad de esposas de sal y botines, como las antiguas costumbres!\n\n Atentamente,\n[From.GetFirstNameWithDynasty];;;;;;;;;x
EVTOPTAraid_events.2;I shall join him!;Je vais le rejoindre!;;;Me uniré!;;;;;;;;;x
EVTOPTBraid_events.2;Reaving is not for me;Le raid n'est pas fait pour moi;;;El saqueo no es lo mio;;;;;;;;;x
EVTOPTCraid_events.2;I do not wish to go no any reavings ever!;Je ne veux plus jamais prendre part à aucun raid!;;;No participaré en ninguna expedición nunca!;;;;;;;;;x
TOOLTIPREAVINGDISPUTEDLANDS;You will join [From.GetFirstNameWithDynasty] on his reaving in the Disputed Lands. You will need a regent whilst away.\n;Vous allez vous joindre au raid de [From.GetFirstNameWithDynasty] sur les Terres Disputées. Vous allez avoir besoin d'un régent pendant votre absence.\n;;;Te unirás a la expedición de [From.GetFirstNameWithDynasty] en las Tierras de la Discordia. Necesitarás un regente durante tu ausencia.\n;;;;;;;;;x
TOOLTIPREAVINGNORTHESSOS;You will join [From.GetFirstNameWithDynasty] on his reaving in Northern Essos. You will need a regent whilst away.\n;Vous allez vous joindre au raid de [From.GetFirstNameWithDynasty] sur le Nord d'Essos. Vous allez avoir besoin d'un régent pendant votre absence.\n;;;Te unirás a la expedición de [From.GetFirstNameWithDynasty] en el norte de Essos. Necesitarás un regente durante tu ausencia.\n;;;;;;;;;x
TOOLTIPREAVINGSUMMERSEA;You will join [From.GetFirstNameWithDynasty] on his reaving in the Summer Sea. You will need a regent whilst away.\n;Vous allez vous joindre au raid de [From.GetFirstNameWithDynasty] en Mer d'Eté. Vous allez avoir besoin d'un régent pendant votre absence.\n;;;Te unirás a la expedición de [From.GetFirstNameWithDynasty] en el Mar del Verano. Necesitarás un regente durante tu ausencia.\n;;;;;;;;;x
TOOLTIPREAVINGSLAVERSBAY;You will join [From.GetFirstNameWithDynasty] on his reaving in Slaver's Bay. You will need a regent whilst away.\n;Vous allez vous joindre au raid de [From.GetFirstNameWithDynasty] dans la Baie des Serfs. Vous allez avoir besoin d'un régent pendant votre absence.\n;;;Te unirás a la expedición de [From.GetFirstNameWithDynasty] en la Bahía de los Esclavos. Necesitarás un regente durante tu ausencia.\n;;;;;;;;;x
EVTDESCraid_events.3;The men are ready, the longships prepared. Now we begin our journey across the Narrow Sea to pay the Iron Price!;Les hommes sont prêts, les boutres préparées. Enfin commence notre voyage au-delà du Détroit pour payer le fer-prix!;;;Los hombres están listos, los barcoluengos preparados. Por fin comienza nuestro viaje más allá del Mar Angosto para pagar el precio del hierro!;;;;;;;;;x
EVTOPTAraid_events.3;This will be most profitable;Cela va être très profitable;;;Será muy provechoso;;;;;;;;;x
EVTOPTBraid_events.3;The war makes this impossible;La guerre nous en empêche;;;La guerra hace que esto sea imposible;;;;;;;;;x
EVTDESCraid_events.4;The reaving has come to end. We have returned from across the Seas after abiding by the Old Way of reaving and pillaging like true Ironborn, we have gained much respect for our daring and ambition.;Le raid est achevé. Nous sommes revenus d'au-delà du Détroit après avoir observé l'Antique Voie de la razzia et du pillage comme de vrais Fer-nés, nous avons gagné beaucoup de respect pour notre audace et nos ambitions. ;;;La expedición de saqueo ha llegado a su fin. Hemos regresado de más allá del Mar Angosto tras seguir la Antigua Costumbre del saqueo y el pillaje como verdaderos Hijos del Hierro, hemos ganado mucho respeto por nuestra audacia y ambición. ;;;;;;;;;x
EVTOPTAraid_events.4;We are true Ironborn!;Nous sommes de vrais Fer-nés!;;;Somos verdaderos Hijos del Hierro!;;;;;;;;;x
EVTDESCraid_events.5;[From.GetFirstNameWithDynasty]'s reaving has come to end. We have returned from across the Narrows Sea after gaining much plunder and capturing many salt wives. ;Le raid de [From.GetFirstNameWithDynasty] est terminé. Nous sommes revenus d'au-delà du détroit après avoir amassé quantité de butins et capturé de nombreuses femme-sels. ;;;La expedición de [From.GetFirstNameWithDynasty] ha terminado. Hemos regresado de más allás del Mar Angosto tras conseguir grandes cantidades de botín y haber capturado numerosas esposas de sal. ;;;;;;;;;x
EVTDESCraid_events.6;Due to the war, [From.GetFirstNameWithDynasty]'s planned reaving across the Narrow Sea has been cancelled.;A cause de la guerre, le raid prévu par [From.GetFirstNameWithDynasty] a été annulé.;;;A causa de la guerra, la expedición de saqueo prevista por [From.GetFirstNameWithDynasty] ha sido cancelada.;;;;;;;;;x
EVTOPTAraid_events.6;There is always next year;Peut-être l'année prochaine;;;Quizás el año que viene.;;;;;;;;;x
opinion_on_reaving;On reaving;En raid;;;En una expedición de saqueo;;;;;;;;;x
opinion_went_reaving;Went reaving;A mené un raid;;;Lideró una expedición de saqueo;;;;;;;;;x
EVTDESCraid_events.7;A scout has spied a coastal fishing village, he says there is much plunder and many women to be found there.;Un éclaireur a repéré une village de pêcheurs, il dit que quantité de butins et de femme-sels nous y attendent.;;;Un explorador ha divisado una aldea de pescadores, dice que gran cantidad de botín y esposas de sal nos esperan.;;;;;;;;;x
EVTOPTAraid_events.7;Let the reaving begin!;Que le raid commence!;;;Que comience el saqueo!;;;;;;;;;x
EVTDESCraid_events.9;The raid was a roaring success. The screams of the [Root.GetPeasantNamePlural] and the crackle of fire were sweet music to the reaver's ears. We have gained much plunder and honour this day!;Le raid fut couronné de succès. Les gémissements des paysans et le crépitement des flammes sont les plus belles musiques du monde. Aujourd'hui nous avons gagné quantité de butins et d'honneur!;;;El saqueo fue un gran éxito. Los gemidios de los campesinos y el crepitar de las llamas son la mejor música del mundo. Hoy hemos ganado gran cantidad de botín y honor!;;;;;;;;;x
EVTOPTAraid_events.9;All fear the Ironborn!;Tous craignent les Fer-nés!;;;Todos temen a los Hijos del Hierro!;;;;;;;;;x
EVTDESCraid_events.10;The fight was hard fought and a few of our men were lost. But none can withstand the might of the ironborn and we have claimed our iron price today, winning our plunder from these weak people.;Le combat fut difficile et acharné et nous avons perdu quelques-uns de nos hommes. Mais personne ne peut résister à la force des fer-nés et nous avons revendiqué le fer-prix aujourd'hui, gagnant notre butin par le sang de ce peuple faible.;;;El combate fue dificil y perdimos algunos hombres. Pero no pudieron resistir la fuerza de los Hijos del Hierro y reivindicamos el precio del hierro, ganando nuestro botín por la sangre de este débil pueblo.;;;;;;;;;x
EVTOPTAraid_events.10;A successful raid;Un raid couronné de succès;;;Asalto exitoso;;;;;;;;;x
EVTDESCraid_events.11;These men who sow were more hardy than we thought. Our Ironborn managed to make a beachhead but were fought back. We have failed to claim our iron price today.;Ces hommes qui sèment étaient plus forts que nous le pensions. Nous avons bien réussit à mettre en place une tête de pont mais nous avons été repoussé. Nous avons échoué à revendiquer le fer-prix aujourd'hui.;;;Estos hombres que siembran son más fuertes de lo que pensábamos. Logramos establecer una cabeza de puente, pero fuimos rechazados. No hemos conseguido reclamar el precio del hierro hoy.;;;;;;;;;x
EVTOPTAraid_events.11;We shall be back;Nous reviendrons;;;Volveremos;;;;;;;;;x
opinion_failed_raid;Failed raid;Raid échoué;;;Asalto fracasado;;;;;;;;;x
EVTDESCraid_events.12;The raid was a resounding failiure, the men of the fields were much stronger than we thought. Many of our reavers were slain and the dishonour we have brought upon the Ironborn is plain to see..;Le raid fut un échec retentissant. Les hommes des champs étaient bien plus forts que nous ne l'avions pensé. Beaucoup de nos razzieurs ont été tué et nous avons déshonoré le nom de Fer-né;;;El asalto fue un rotundo fracaso. Los hombres de los campos eran más fuertes de lo que pensábamos. Muchos de nuestros hombres han muerto y hemos deshonrado el nombre de los Hijos del Hierro.;;;;;;;;;x
EVTOPTAraid_events.12;We are poor Ironborn;Nous sommes de piètres Fer-nés;;;No merecemos ser Hijos del Hierro;;;;;;;;;x
EVTDESCraid_events.13;The village was ripe for pillaging, and [From.GetFirstNameWithDynasty]'s attack was a roaring success. The screams of the [Root.GetPeasantNamePlural] and the crackle of fire were sweet music to the reaver's ears. We have much plunder and honour this day!;Le village était mûr pour le pillage et l'attaque de [From.GetFirstNameWithDynasty] fut un succès total. Les gémissements des paysans et le crépitement des flammes sont les plus belles musiques du monde. Aujourd'hui nous avons gagné quantité de butins et d'honneur!;;;La aldea estaba madura para el ataque y el asalto de [From.GetFirstNameWithDynasty] fue un éxito total. Los gemidos de los campesinos y el crepitar de las llamas son la mejor música del mundo. Hoy hemos ganado gran cantidad de botín y honor!;;;;;;;;;x
EVTDESCraid_events.14;[From.GetFirstNameWithDynasty]'s decision to attack a fishing village produced a fight that was hard fought and a few of our men were lost. But none can withstand the might of the ironborn and we have claimed our iron price today, winning our plunder from these weak people.;La décision de [From.GetFirstNameWithDynasty] d'attaquer le village de pêcheurs a résulté en un combat difficile et acharné et certains de nos hommes ont trouvé la mort. Mais personne ne peut résister à la force des fer-nés et nous avons revendiqué le fer-prix aujourd'hui, gagnant notre butin par le sang de ce peuple faible.;;;La decisión de [From.GetFirstNameWithDynasty] de atacar la aldea de pescadores resultó en un dificil combate y perdimos algunos hombres. Pero no pudieron resistir la fuerza de los Hijos del Hierro y reivindicamos el precio del hierro, ganando nuestro botín por la sangre de este débil pueblo.;;;;;;;;;x
EVTDESCraid_events.15;Most thought [From.GetFirstNameWithDynasty]'s raid upon the a village would be simple, but these men who sow were more hardy than we thought. Our Ironborn managed to make a beachhead but were fought back. We have failed to claim our iron price today.;Beaucoup pensait que le raid de [From.GetFirstNameWithDynasty] serait une simple formalité, mais ces hommes qui sèment étaient plus forts que nous le pensions. Nous avons bien réussit à mettre en place une tête de pont mais nous avons été repoussé. Nous avons échoué à revendiquer le fer-prix aujourd'hui.;;;Muchos pensaban que el asalto de [From.GetFirstNameWithDynasty] sería una simple formalidad pero estos hombres que siembran son más fuertes de lo que pensábamos. Logramos establecer una cabeza de puente, pero fuimos rechazados. No hemos conseguido reclamar el precio del hierro hoy.;;;;;;;;;x
EVTDESCraid_events.16;[From.GetFirstNameWithDynasty]'s raid upon a fishing village was a resounding failiure, the men of the fields were much stronger than we thought. Many of our reavers were slain and the dishonour we have brought upon the Ironborn is plain to see.;Le raid de [From.GetFirstNameWithDynasty] sur un village de pêcheurs fut un échec retentissant. Les hommes des champs étaient bien plus forts que nous ne l'avions pensé. Beaucoup de nos razzieurs ont été tué et nous avons déshonoré le nom de Fer-né.;;;El asalto de [From.GetFirstNameWithDynasty] a una aldea de pescadores fue un rotundo fracaso. Los hombres de los campos eran más fuertes de lo que pensábamos. Muchos de nuestros hombres han muerto y hemos deshonrado el nombre de los Hijos del Hierro.;;;;;;;;;x
opinion_sucessful_raid;Successful raid;Raid réussit;;;Asalto exitoso;;;;;;;;;x
opinion_salt_wife;Salt Wife;Femme-sel;;;Esposa de Sal;;;;;;;;;x
EVTDESCraid_events.17;This day I have proved myself a true Iron Islander, I have captured a salt wife! What shall be done with her?;Aujourd'hui, j'ai prouvé que j'étais un vrai Fer-né, j'ai capturé une femme-sel! Que dois-je faire d'elle maintenant?;;;Hoy, he demostrado que soy un verdadero Hijo del Hierro, he capturado a una esposa de sal! Qué debería hacer con ella?;;;;;;;;;x
EVTOPTAraid_events.17;I shall keep her;Je vais la garder;;;La mantendré;;;;;;;;;x
EVTOPTBraid_events.17;Kill her, she is not worthy;Mieux vaut la tuer, elle n'en est pas digne;;;La mataré, no es digna.;;;;;;;;;x
EVTDESCraid_events.18;[From.GetFirstNameWithDynasty] has proved himself worthy to be called Ironborn as he has captured himself a salt wife.;[From.GetFirstNameWithDynasty] a prouvé qu'il était digne d'être appelé Fer-né, il a capturé une femme-sel. ;;;[From.GetFirstNameWithDynasty] ha demostrado que es un digno Hijo del Hierro, ha capturado una esposa de sal.;;;;;;;;;x
EVTOPTAraid_events.18;Good [From.GetManWoman]!;Un Fer-né!;;;Buen hombre!;;;;;;;;;x
salt_wife;Salt wife;Femme-sel;;;Esposa de sal;;;;;;;;;x
salt_wife_desc;This character is someone's salt wife, captured by an Ironborn reaver.;Ce personnage est la femme-sel de quelqu'un, capturé par un razzieur Fer-né.;;;Este personaje es la esposa de sal de alguien, capturada en un saqueo de los Hijos del Hierro.;;;;;;;;;x
EVTDESCraid_events.20;The reaving party has been roving the coast, but a local patrol has spotted us and is attacking. Being [Root.Culture.GetName] we of course shall meet this challenge, but the leader of their band stands before me with but one thought to kill me...;Alors que la flotte longeait la côte, une patrouille locale nous a repéré et cherche à nous affronter. En tant que Fer-nés nous allons relever ce défi, mais leur chef se trouve face à moi avec une seule idée en tête: me tuer.;;;Mientras la flota bordeaba la costa, una patrulla local reparó en nosotros y se enfrentó con nosotros. Como Hijos del Hierro que somos aceptamos el desafío, pero su jefe se encuentra cara a cara conmigo con la única intención de matarme.;;;;;;;;;x
EVTOPTAraid_events.20;Charge!;A l'assaut!!;;;A la carga!;;;;;;;;;x
EVTOPTBraid_events.20;I'm getting out of here;Nous devons nous échapper;;;Debemos escapar;;;;;;;;;x
EVTDESCraid_events.22;The reaving party had been roving the coast when a local patrol headed by [FromFrom.GetFirstNameWithDynasty] attacked. We of course easily butchered these people, but the glory surely belongs to [From.GetFirstNameWithDynasty] who bested [FromFrom.GetFirstName] in single combat, swinging the battle in our favour. He now expects to be rewarded.;La flotte longeait les côtes lorsqu'une patrouille locale menée par [FromFrom.GetFirstNameWithDynasty] nous a attaqué. Nous avons, bien sûr, aisément massacré ces faiblards, mais la gloire revient surtout à [From.GetFirstNameWithDynasty] qui a terrassé [FromFrom.GetFirstName] en combat singulier, contribuant ainsi grandement à notre victoire. Il espère maintenant en être récompensé.  ;;;La flota bordeaba la costa cuando una patrulla local liderada por [FromFrom.GetFirstNameWithDynasty] nos atacó. Masacramos fácilmente a estos flojos oponentes, pero la gloria ha recaído en [From.GetFirstNameWithDynasty] que ha derrotado a [FromFrom.GetFirstName] en combate singular, contribuyendo decisivamente a nuestra victoria. Él espera ser recompensado. ;;;;;;;;;x
opinion_rewarded_reaving;Rewarded;Récompensé;;;Recompensado;;;;;;;;;x
opinion_denied_rewarded_reaving;Denied Reward;Pas récompensé;;;No recompensado;;;;;;;;;x
EVTDESCraid_events.23;The reaving party had been roving the coast when a local patrol headed by [From.GetFirstNameWithDynasty] attacked. We lost many men in the attack, [FromFrom.GetFirstNameWithDynasty] being among them, losing to [From.GetFirstName] in single combat. Our party survives however, to reave another day.;La flotte longeait la côte lorsqu'une patrouille locale menée par [From.GetFirstNameWithDynasty] nous a attaqué. Nombre de nos hommes sont morts dans l'attaque, [FromFrom.GetFirstNameWithDynasty] en fait parti, tué lors en combat singulier par [From.GetFirstName]. Notre flotte a cependant survécu, nous pourrons continuer de raider.;;;La flota bordeaba la costa cuando una patrulla local liderada por [FromFrom.GetFirstNameWithDynasty] nos atacó. Muchos de nuestros hombres murieron en el combate, entre ellos [FromFrom.GetFirstNameWithDynasty], muerto en combate singular contra [From.GetFirstName]. Sin embargo, nuestra flota sobrevivió, podremos continuar la expedición de saqueo.;;;;;;;;;x
EVTOPTAraid_events.22;Good for him;Bon travail;;;Buen trabajo;;;;;;;;;x
EVTOPTBraid_events.22;Very well, give him some plunder;Très bien, qu'il prenne une part du butin;;;Muy bien, que tome una parte del botín.;;;;;;;;;x
EVTOPTCraid_events.22;Reward? The glory is surely enough;Une récompense? La gloire est sûrement suffisante;;;Una recompensa? La gloria debería ser suficiente;;;;;;;;;x
EVTOPTAraid_events.23;He will be missed;Il va être regretté;;;Será añorado;;;;;;;;;x
TOOLTIPREAVINGDUEL;A duel will ensue with a local master at arms\n;Un duel s'ensuivra avec Maître-d'armes local\n;;;Un duelo tendrá lugar con el Maestro de Armas local\n;;;;;;;;;x
TOOLTIPREAVINGDUELVS;You will take [From.GetFirstNameWithDynasty]'s §YValyrian steel sword§! for your own\n;Vous ferez votre l'¤Yépée en acier Valyrien¤! de [From.GetFirstNameWithDynasty]\n;;;Harás tuya la §Yespada valyria de§! de [From.GetFirstNameWithDynasty]\n;;;;;;;;;x
EVTDESCraid_events.24;During the attack by our reavers I was somehow wounded by one of the enemy, but the Ironborn laugh in the face of flesh wounds surely?;Durant l'attaque, j'ai été blessé par un ennemi, mais un vrai Fer-né se rit des blessures superficielles, n'est-ce pas? ;;;Durante el ataque, fui herido por un enemigo, pero un verdadero Hijo del Hierro se rie de las heridas superficiales, no es así? ;;;;;;;;;x
EVTOPTAraid_events.24;Yes, I will reave some more!;Oui, j'ai encore de nombreuses contrées à razzier!;;;Sí, todavía tengo muchos lugares que saquear!;;;;;;;;;x
EVTOPTBraid_events.24;Actually, I think i should go home;Je crois que je vais rentrer chez moi;;;Creo que debería regresar a casa;;;;;;;;;x
EVTDESCraid_events.25;During the attack, [From.GetFirstNameWithDynasty] was wounded by an enemy fighter. But like a true Ironborn, he has chosen to stay with our band of reavers.;Durant l'attaque, [From.GetFirstNameWithDynasty] a été blessé par un combattant ennemi. Mais comme un véritable Fer-né, il a choisi de rester. ;;;Durante el ataque, [From.GetFirstNameWithDynasty] fue herido por un combatiente enemigo. Pero como un verdadero Hijo del Hierro, ha escogido quedarse.;;;;;;;;;x
EVTOPTAraid_events.25;Good [From.GetManWoman]!;Un véritable Fer-né!;;;Un verdadero Hijo del Hierro!;;;;;;;;;x
EVTDESCraid_events.26;During the attack, [From.GetFirstNameWithDynasty] was wounded by an enemy fighter. He has chosen to go back home as a consequence.;Durant l'attaque, [From.GetFirstNameWithDynasty] a été blessé par un combattant ennemi. Il a décidé de rentrer chez lui. ;;;Durante el ataque, [From.GetFirstNameWithDynasty] fue herido por un combatiente enemigo. Ha decidido regresar a casa.;;;;;;;;;x
EVTOPTAraid_events.26;That is a bit craven;Voilà qui est un peu couard;;;Eso es un poco cobarde;;;;;;;;;x
EVTDESCraid_events.27;During the attack the leader of our reaving party, [From.GetFirstNameWithDynasty], was wounded by an enemy fighter. He has chosen to go lead the group back home as a consequence, which the men do not approve of at all.;Durant l'attaque, le chef de notre raid, [From.GetFirstNameWithDynasty], a été blessé par un combattant ennemi. Il a décidé de mettre fin au raid et de ramener la flotte à la maison, ce que les hommes désapprouvent complètement.;;;Durante el ataque, [From.GetFirstNameWithDynasty] fue herido por un combatiente enemigo. Ha decidido poner fin a la expedición de saqueo y  regresar con la flota a casa, lo que los hombres desaprueban completamente.;;;;;;;;;x
EVTOPTAraid_events.27;Craven!;Lâche!;;;Cobarde!;;;;;;;;;x
EVTDESCraid_events.28;During the attack by our reavers I was grievously injured, but not before I hacked many a man to pieces!;Durant l'attaque, j'ai été gravement blessé, mais pas avant d'avoir taillé de nombreux ennemis en pièce!;;;Durante el ataque, fui gravemente herido, pero antes corté a muchos enemigos en pedazos!;;;;;;;;;x
EVTOPTAraid_events.28;I'm still fit to pillage!;J'ai toujours assez de force pour piller!;;;Todavía tengo fuerzas para saquear!;;;;;;;;;x
EVTOPTBraid_events.24;I should go home;Je crois que je vais rentrer chez moi;;;Debería regresar a casa;;;;;;;;;x
EVTDESCraid_events.29;This assault has ended badly for me, I have been struck down by our foe, never to rise again. But at least I died a true Ironborn, following the Old Way!;Cet assaut s'est très mal terminé pour moi, je suis tombé sous les coups de nos adversaires. Au moins je suis mort comme un vrai Fer-né, en suivant l'Antique Voie!;;;Este asalto ha acabado muy mal para mi, he muerto a manos de mis enemigos. Al menos he muerto como un verdadero Hijo del Hierro, siguiendo las Antiguas Costumbres!;;;;;;;;;x
EVTOPTBraid_events.29;What is dead may never die;Ce qui est mort ne saurait mourir;;;Lo que está muerto no puede morir.;;;;;;;;;x
EVTDESCraid_events.30;Like a true son of the Iron islands, [From.GetFirstNameWithDynasty] has been slain during the assault. We shall honour him by reaving boldly on!;Comme un vrai fils des Îles de Fer, [From.GetFirstNameWithDynasty] a trouvé la mort durant l'assaut. Nous devons l'honorer pour avoir vécu et trouvé la mort comme un véritable Fer-né! ;;;Como un verdadero hijo de las Islas del Hierro, [From.GetFirstNameWithDynasty] ha encontrado la muerte durante el asalto. Debemos honrarlo por haber vencido y haber muerto como un verdadero Hijo del Hierro! ;;;;;;;;;x
EVTDESCraid_events.31;Like a true son of the Iron islands, our leader [From.GetFirstNameWithDynasty] has been slain during the assault. Our reaving ends for now, but we shall honour his death by abiding by the Old Way!;"Comme un vrai fils des Îles de Fer; notre chef [From.GetFirstNameWithDynasty] a trouvé la mort durant l'assaut. Notre raid s'achève mais nous honorerons sa mort en continuant de suivre l'Antique Voie! ";;;Como un verdadero hijo de las Islas del Hierro, nuestro líder [From.GetFirstNameWithDynasty] ha encontrado la muerte durante el asalto. La expedición de saqueo finaliza pero honraremos su muerte continuando las Antiguas Costumbres!;;;;;;;;;x
EVTDESCraid_events.32;Ironborn longships cut through the water swift and sure, hence we have have successfully pursued a small merchant fleet. If we were to attack and pay our Iron Price for their cargo, we could gain much and more.;Les boutres fer-nées ont fendues l'eau claire et sûre, poursuivant avec succès une petite flotte marchande. Si nous attaquions et payions le fer-prix pour leurs cargaisons, nous pourrions remporter beaucoup de butin.;;;Los barcolunegos herreños hienden las aguas velozmente, persiguiendo con éxito una pequeña flota mercante. Si atacamos y pagamos el precio del hierro por sus cargamentos, podríamos ganar un gran botín.;;;;;;;;;x
EVTOPTAraid_events.32;Attack!;À l'attaque!;;;Al ataque!;;;;;;;;;x
EVTOPTBraid_events.32;Too risky;Trop risqué;;;Demasiado arriesgado;;;;;;;;;x
opinion_reaver_no_attack;Did not attack;N'a pas attaqué;;;No atacó;;;;;;;;;x
EVTDESCraid_events.33;The enemy crews were no match for the Ironborn. We sank their poorly manned escorts, siezed there cargo and slew or took captive many men. This is why we follow the Old Way!;L'équipage ennemi n'était que du menu fretin pour les Fer-nés. Nous avons coulé leur pitoyable escorte, pillé leur cargaison et capturé de nombreux hommes. Voilà pourquoi nous suivons l'Antique Voie! ;;;La tripulación enemiga no fue rival para los Hijos del Hierro. Hundimos sus escoltas poco tripulados, saqueamos su cargamento y capturamos a numerosos hombres. Por esto seguimos las Antiguas Costumbres!;;;;;;;;;x
EVTOPTAraid_events.33;Victory!;Victoire!;;;Victoria!;;;;;;;;;x
EVTDESCraid_events.34;The fleet was fairly well defended. We lost a few men siezing their ships as well as taking some damge to our longships, but in the end no one can resist our Ironborn reavers and much cargo as well many captives were taken.;La flotte était bien défendue. Nous avons perdu quelques hommes lorsque nous avons abordé leurs bateaux et certaines de nos boutres ont été endommagées. Mais à la fin, personne ne peut résister aux valeureux Fer-nés et nous nous sommes emparé de leur cargaison et avons fait de nombreux prisonniers. ;;;La flota estaba bien defendida. Perdimos algunos hombres cuando abordamos sus barcos y unos cuantos barcoluengos fueron dañados. Pero al final, nadie puede resistir a los valientes Hijos del Hierro y nos apoderamos de su cargamente y de numerosos prisioneros.;;;;;;;;;x
EVTOPTAraid_events.34;A price well paid;Un prix bien payé;;;Un precio bien pagado;;;;;;;;;x
EVTDESCraid_events.35;The enemy merchants were too well armed for us to take their gold. They utilised their warships to good effect, not allowing us to board their merhcant vessels. We lost a few men, but we shall be back to take our Iron price.;Les marchands ennemis étaient bien trop armés pour que nous puissions prendre leur or. Ils ont bien manœuvré leurs navires de guerre pour nous empêcher d'aborder leurs voiles marchandes. Nous avons perdu quelques hommes mais nous reviendrons pour prendre notre fer-prix. ;;;La flota mercante enemiga estaba muy bien armada para poder tomar su oro. Maniobraron sus navíos de guerra para impedirnos abordar los buques mercantes. Perdimos a unos cuantos hombres pero volveremos para tomar el precio del hierro.;;;;;;;;;x
EVTOPTAraid_events.35;There is always the next raid;Nous pourrons toujours nous rattraper au prochain raid;;;Los alcanzaremos en la siguiente expedición;;;;;;;;;x
EVTDESCraid_events.36;The attack on the enemy flotilla was a disaster. Their warships were too well armed and well manned and we lost many men and longships trying to board their vessels. This makes us look poor ironborn indeed.;L'attaque de la flottille ennemie fut un désastre. Leurs navires de guerres étaient bien trop armés et manœuvrés et nous avons perdu nombre d'hommes et de boutres en tentant d'aborder leurs bateaux. Nous sommes de bien piètres Fer-nés. ;;;El ataque a la flotilla enemiga fue un desastre. Sus navíos de guerra estaban muy bien armados y perdimos un gran número de hombres y barcoluengos intentando abordar sus barcos. No merecemos ser Hijos del Hierro. ;;;;;;;;;x
EVTOPTAraid_events.36;We will fight back!;Nous reviendrons nous battre!;;;Volveremos a luchar!;;;;;;;;;x
EVTDESCraid_events.37;[From.GetFirstNameWithDynasty] fearlessly decided to attack a merchant flotilla, and the enemy crews were no match for the Ironborn. We sank their poorly manned escorts, siezed there cargo and slew or took captive many men. This is why we follow the Old Way!;[From.GetFirstNameWithDynasty] a décidé sans crainte d'attaquer une flottille marchande. L'équipage ennemi n'était que du menu fretin pour les Fer-nés. Nous avons coulé leur pitoyable escorte, pillé leur cargaison et capturé de nombreux hommes. Voilà pourquoi nous suivons l'Antique Voie! ;;;[From.GetFirstNameWithDynasty] decidió sin temor atacar una flota mercante. La tripulación no fue más que un aperitivo a manos de los Hijos del Hierro. Hundimos a su escolta, saqueamos su cargamento y capturamos a numerosos prisioneros. Por esto seguimos las Antiguas Costumbres!;;;;;;;;;x
EVTDESCraid_events.38;[From.GetFirstNameWithDynasty]'s decision to attack a merhcant fleet was sound, the fleet was fairly well defended. We lost a few men siezing their ships as well as taking some damge to our longships, but in the end no one can resist our Ironborn reavers and much cargo as well many captives were taken.;La décision de [From.GetFirstNameWithDynasty] d'attaquer la flotte marchande était bonne. La flotte était bien défendue. Nous avons perdu quelques hommes lorsque nous avons abordé leurs bateaux et certaines de nos boutres ont été endommagées. Mais à la fin, personne ne peut résister aux valeureux Fer-nés et nous nous sommes emparé de leur cargaison et fait de nombreux prisonniers. ;;;La decisión de [From.GetFirstNameWithDynasty] de atacar la flota mercante fue acertada. La flota estaba bien defendida. Perdimos algunos hombres mientras abordábamos sus naves y unos cuantos barcoluengos fueron dañados. Pero al final, no pudieron resistir contra los valerosos Hijos del Hierro y nos hicimos con su cargamento y numerosos prisioneros.;;;;;;;;;x
EVTDESCraid_events.39;[From.GetFirstNameWithDynasty] 's attack on an enemy merhcant fleet seemed foolhardy, as the enemy merchants were too well armed for us to take their gold. They utilised their warships to good effect, not allowing us to board their merhcant vessels. We lost a few men, but we shall be back to take our Iron price.;La décision de [From.GetFirstNameWithDynasty] d'attaquer une flotte marchande semble avoir été imprudente. Les marchands ennemis étaient bien trop armés pour que nous puissions prendre leur or. Ils ont bien manoeuvré leurs navires de guerre pour nous empêcher d'aborder leurs voiles marchandes. Nous avons perdu quelques hommes mais nous reviendrons pour prendre notre fer-prix. ;;;La decisión de [From.GetFirstNameWithDynasty] de atacar una flota mercante parece haber sido imprudente. La flota enemiga estaba muy bien armada para poder tomar su oro. Maniobraron sus navíos de guerra para impedirnos abordar sus buques mercantes. Perdimos a unos cuantos hombres pero volveremos para tomar el precio del hierro.;;;;;;;;;x
EVTDESCraid_events.40;[From.GetFirstNameWithDynasty]'s attack on an merhcant flotilla was a disaster. Their warships were too well armed and well manned and we lost many men and longships trying to board their vessels. This makes us look poor ironborn indeed.;L'attaque de[From.GetFirstNameWithDynasty] sur une flottille marchande a tourné au désastre. Leurs navires de guerres étaient bien trop armés et manœuvrées et nous avons perdu nombre d'hommes et de boutres en tentant d'aborder leurs bateaux. Nous sommes de bien piètres Fer-nés. ;;;El ataque de [From.GetFirstNameWithDynasty] a una flotilla mercante fue un desastre. Sus navíos de guerra estaban muy bien armados y dirigidos y perdimos un gran número de hombres y barcoluengos intentando abordar sus barcos. No merecemos ser Hijos del Hierro. ;;;;;;;;;x
EVTDESCraid_events.41;During the course of the battle I came upon a foeman who wielded a fearsome sword made of Valyrian Steel. He was no match for an Ironborn warrior however and fell in battle against me. Now I wield this majestic weapon, for the glory of House [Root.GetOnlyDynastyName]!;Au cours de la bataille je me suis retrouvé face à un adversaire maniant une effrayante épée en acier valyrien. Il n'était cependant pas de taille à affronter un guerrier Fer-né et je l'ai facilement terrassé. Désormais je manie cette arme majestueuse pour la gloire de la Maison [Root.GetOnlyDynastyName]!;;;En el transcurso de la batalla me encontré a un adversario blandiendo una amenazante espada valyria. No fue rival para un guerrero Hijo del Hierro y lo derribé fácilmente. Ahora blando esta majestuosa espada para la gloria de la casa [Root.GetOnlyDynastyName]!;;;;;;;;;x
EVTOPTAraid_events.41;A fine blade!;Une fine lame;;;Una buena hoja!;;;;;;;;;x
EVTDESCraid_events.42;During the course of the battle [From.GetFirstNameWithDynasty] came upon a foeman who wielded a fearsome sword made of Valyrian Steel. He was no match for an Ironborn warrior however and fell in battle against him. Now [From.GetFirstName] wields this majestic weapon, for the glory of his house.;Au cours de la bataille [From.GetFirstNameWithDynasty] s'est retrouvé face à un adversaire maniant une effrayante épée en acier valyrien. Il n'était cependant pas de taille à affronter un guerrier Fer-né et s'est promptement fait tué. Désormais [From.GetFirstName] manie cette arme majestueuse pour la gloire de sa maison. ;;;En el transcurso de la batalla [From.GetFirstNameWithDynasty] se encontró un adversario blandiendo una amenazante espada valyria. No fue rival para un guerrero Hijo del Hierro y lo derribó fácilmente. Ahora [From.GetFirstName] blande esta majestuosa espada para la gloria de la casa [Root.GetOnlyDynastyName]!;;;;;;;;;x
EVTDESCraid_events.43;One of my fellow Reavers has come to be a great companion. We have raided and pillaged together, we have slain many a man in battle side by side and feasted together in celebration of a reaving well done, in the true spirit of the Drowned God.;L'un de mes camarades de raid est devenu un compagnon pour moi. Côte à côte nous avons tué de nombreux hommes, nous avons razzié et pillé ensemble, comme nous avons festoyé de concert après des raids couronnés de succès selon la volonté du Dieu-noyé.;;;Uno de mis compañeros de expedición se ha convertido en un gran camarada para mi. Juntos hemos matado a numerosos hombres, saqueado y robado juntos, y festejamos en un gran banquete la exitosa expedición de saqueo según el deseo del Dios Ahogado!;;;;;;;;;x
EVTOPTAraid_events.43;We shall remember this time;Nous nous souviendrons de ces moments;;;Recordaremos estos momentos;;;;;;;;;x
EVTTOOLTIPraid_events.44;will become your friend;vont devenir amis;;;se convertirá en tu amigo;;;;;;;;;x
EVTDESCraid_events.44;[From.GetFirstNameWithDynasty] has come to be a great companion. We have raided and pillaged together, we have slain many a man in battle side by side and feasted together in celebration of a reaving well done, in the true spirit of the Drowned God.;[From.GetFirstNameWithDynasty] est devenu un bon compagnon. Côte à côte nous avons tué de nombreux hommes, nous avons razzié et pillé ensemble, comme nous avons festoyé de concert après des raids couronnés de succès selon la volonté du Dieu-noyé.;;;[From.GetFirstNameWithDynasty] se ha convertido en un gran compañero para mi. Juntos hemos matado a numerosos hombres, saqueado y robado juntos, y festejamos en un gran banquete la exitosa expedición de saqueo según el deseo del Dios Ahogado!;;;;;;;;;x
EVTDESCraid_events.45;I have never been overly fond of one of my fellow reavers, and this voyage has done nought to help that. Our frantic race to rape and pillage more than the other, to slay more men and capture more salt wives, has fuelled a bitter rivalry that will endure well after the reaving is done.;Je n'ai jamais vraiment aimé l'un de mes camarades de raid et ce voyage n'a rien fait pour aider. Notre compétition frénétique pour violer et piller plus que l'autre, pour tuer et capturer plus de femme-sels, a nourrit une amère rivalité qui continuera bien après la fin du raid.;;;Nunca me gustó uno de mis compañeros de expedición y este viaje no ha ayudado nada. Nuestra frenética competición por violar y saquear más que el otro, para matar y capturar más esposas de sal, ha creado una fuerte rivalidad que continuará tras el fin de la expedición de saqueo.;;;;;;;;;x
EVTOPTAraid_events.45;He is insufferable!;Il est insupportable!;;;Es insoportable!;;;;;;;;;x
EVTTOOLTIPraid_events.46;will become your rival;va devenir votre rival;;;se convertirá en tu rival;;;;;;;;;x
EVTDESCraid_events.46;I have never been overly fond of [From.GetFirstNameWithDynasty], and this voyage has done nought to help that. Our frantic race to rape and pillage more than the other, to slay more men and capture more salt wives, has fuelled a bitter rivalry that will endure well after the reaving is done.;Je n'ai jamais vraiment aimé [From.GetFirstNameWithDynasty], et ce voyage n'a rien fait pour aider. Notre compétition frénétique pour violer et piller plus que l'autre, pour tuer et capturer plus de femme-sels, a nourrit une amère rivalité qui continuera bien après la fin du raid.;;;Nunca me gustó [From.GetFirstNameWithDynasty] y este viaje no ha ayudado nada. Nuestra frenética competición por violar y saquear más que el otro, para matar y capturar más esposas de sal, ha creado una fuerte rivalidad que continuará tras el fin de la expedición de saqueo.;;;;;;;;;x
EVTDESCraid_events.47;After a hard days reaving, the men are having many a strong drink whilst we rest at anchor. [finger_dancer.GetTitledFirstNameWithDynastyNoRegnal] is bragging of the many men [finger_dancer.GetSheHe] has killed this day and how [finger_dancer.GetSheHe] is the boldest of the Ironborn here. My companions think I should challenge [finger_dancer.GetHerHim] to a finger dance to prove otherwise...;Après de nombreuses journées passées à piller, nous avons jeter l'ancre pour nous reposer un peu. L'alcool coule à flot et un homme se vante des nombreux ennemis qu'il a tué et jure être le plus courageux des Fer-né présents. Mes compagnons pensent que je devrais le défier à une danse du doigts pour lui prouver qu'il se trompe... ;;;Tras numerosas jornadas de pillaje, echamos el ancla para descansar un poco. El alcohol fluye libremente y un hombre se jacta de los muchos hombres que ha matado y jura ser el más valiente de los Hijos del Hierro presentes. MIs compañeros creen que debería retarlo a una danza del dedo para probar que se equivoca...;;;;;;;;;x
EVTOPTAraid_events.47;I am the boldest! I challenge [finger_dancer.GetHerHim]!;Je suis le plus courageux! Je le défi!;;;Yo soy el más valiente! Lo desafió!;;;;;;;;;x
EVTOPTBraid_events.47;I have had a bit too much drink to dance;J'ai un peu trop bu pour une danse du doigt;;;He bebido demasiado para una danza del dedo;;;;;;;;;x
EVTDESCraid_events.48;We are at rest after a day of much pillage and raping, where I showed I clearly am the most daring of the Ironborn, who can kill, plunder and drink the most! [From.GetFirstNameWithDynasty] disagrees however, and challenges me to a finger dance to proove my bravery!;Nous nous reposons après de nombreux jours de pillages et de viols où j'ai prouvé que j'étais clairement le plus courageux des Fer-nés, celui qui tue, pille et bois le plus! Cependant [From.GetFirstNameWithDynasty] n'est pas d'accord et me défie à une danse du doigt pour prouver ce que j'avance! ;;;Descansamos tras muchos días de pillaje y violaciones donde demostré que soy claramente el más valeroso de los Hijos del Hierro, el que más mata, saquea y bebe! Sin embargo [From.GetFirstNameWithDynasty] no está de acuerdo y me ha desafiado a una danza del dedo para demostrar lo que he dicho!;;;;;;;;;x
EVTOPTAraid_events.48;I accept!;J'accepte!;;;Acepto!;;;;;;;;;x
EVTTOOLTIPraid_events.48;will be challenged to a finger dance;va être défié à une danse du doigt;;;será desafiado a una danza del dedo;;;;;;;;;x
TOOLTIPFINGERDANCEENSUES;A finger dance will ensue with [From.GetFirstNameWithDynasty]\n;Une danse du doigt va s'ensuivre avec [From.GetFirstNameWithDynasty]\n;;;Una danza del dedo tendrá lugar con [From.GetFirstNameWithDynasty]\n;;;;;;;;;x
EVTDESCraid_events.50;Despite all [From.GetHerHis] bravado, [From.GetFirstNameWithDynasty] has proved [From.GetHerHim]self a craven. [From.GetSheHeCap] backed down from your challenge to a finger dance.;En dépit de ses bravades, [FromFrom.GetFirstNameWithDynasty] a prouvé qu'il était un lâche. Il n'a pas relevé votre défi à la danse du doigt.;;;A pesar de su bravuconería, [FromFrom.GetFirstNameWithDynasty] ha demostrado ser un cobarde. No ha aceptado tu desafío a la danza del dedo.;;;;;;;;;x
EVTOPTAraid_events.50;I am the true Ironborn!;Je suis un vrai Fer-né!;;;Soy un verdadero Hijo del Hierro!;;;;;;;;;x
EVTDESCraid_events.51;[From.GetFirstNameWithDynasty] must surely regret dancing the finger dance with me! The axes flew back and forth whilst I moved with grace and conviction, catching and dodging blades that flew my way. It all got too much for [From.GetTitledFirstNameNoRegnal], [From.GetSheHe] had a panicked look throughout and eventually submitted.;[FromFrom.GetFirstNameWithDynasty] a accepté mon défi à la danse du doigt et doit sûrement le regretter! Les haches voltigeaient d'un bout à l'autre et je les esquivais et les rattrappais à chaque fois. Il devint vite clair que s'en était trop pour [FromFrom.GetFirstName], ses yeux ne pouvaient cacher une certaine panique et il finit par abandonner après avoir perdu quelques doigts. ;;;[FromFrom.GetFirstNameWithDynasty] aceptó mi desafío de la danza del dedo y seguramente se arrepienta! Las hachas volaban de un lado a otro de la sala y yo las esquivaba y atrapaba cada vez. Quedó rápidamente claro que era demasiado para [FromFrom.GetFirstName], sus ojos no podían ocultar cierto pánico y finalmente se rindió tras perder unos cuantos dedos.;;;;;;;;;x
EVTOPTAraid_events.51;None can dance as well as I!;Personne ne peut aussi bien danser que moi!;;;Nadie baila tan bien como yo!;;;;;;;;;x
EVTDESCraid_events.52;Perhaps my decision to accept [From.GetFirstNameWithDynasty]'s challenge was not wise. As the axes flew to and fro [From.GetSheHe] was clearly the more assured and quicker. I had to give in and yield.;Peut-être que ma décision d'accepter le défi de [From.GetFirstNameWithDynasty] n'était pas très sage. Alors que les haches allaient et venaient, il devint clair qu'il était le plus assuré et le plus rapide. Je craignais pour ma vie et finis par abandonner après la perte de quelques doigts!;;;Tal vez mi decisión de aceptar el desafío de [From.GetFirstNameWithDynasty] no fue una sabia decisión. Mientras las hachas iban y venían, quedó claro que él era más rápido y certero. Temí por mi vida y me rendí tras perder varios dedos!;;;;;;;;;x
EVTOPTAraid_events.52;[From.GetSheHeCap] was too good!;Il était trop bon!;;;Era demasiado bueno!;;;;;;;;;x
EVTDESCraid_events.53;After accepting my challenge, [From.GetFirstNameWithDynasty] and I had a fine finger dance. We both artfully dodged and bravely caught many an axe, and only suffered trifling injuries! All agreed it was a good lark!;Après avoir relevé mon défi, [From.GetFirstNameWithDynasty] et moi avons entamé une très belle danse du doigt. Nous avons tous les deux bien évité et attrappé les haches et n'avons souffert que de blessures superficielles. Tous étaient d'accord pour dire que se fut une bien belle bataille. ;;;Tras aceptar mi desafío, [From.GetFirstNameWithDynasty] y yo entablamos una hermosa danza del dedo. Los dos evitamos y atrapamos las hachas sufriendo únicamente heridas superficiales. Todos estaban de acuerdo en que fue una preciosa batalla.;;;;;;;;;x
EVTOPTAraid_events.53;We must do it again!;Nous devrions en refaire une à l'occasion!;;;Deberíamos hacerlo de nuevo!;;;;;;;;;x
EVTDESCraid_events.54;After I accepted [From.GetHerHis] challenge, [From.GetFirstNameWithDynasty] and I had a fine finger dance. We both artfully dodged and bravely caught many an axe, and only suffered trifling injuries! All agreed it was a good lark!;Après avoir relevé son défi, [From.GetFirstNameWithDynasty] et moi avons entamé une très belle danse du doigt. Nous avons tous les deux bien évité et attrappé les haches et n'avons souffert que de blessures superficielles. Tous étaient d'accord pour dire que se fut une bien belle bataille. ;;;Tras aceptar su desafío, [From.GetFirstNameWithDynasty] y yo entablamos una hermosa danza del dedo. Los dos evitamos y atrapamos las hachas sufriendo únicamente heridas superficiales. Todos estaban de acuerdo en que fue una preciosa batalla.;;;;;;;;;x
EVTDESCraid_events.55;[FromFrom.GetFirstNameWithDynasty] was not all talk afterall. [From.GetSheHeCap] accepted my challenge, and as the axes flew to and fro [From.GetSheHe] was clearly the more assured and quicker. I had to give in after losing some fingers, for fear of my life!;[FromFrom.GetFirstNameWithDynasty] n'était pas qu'une grande gueule après tout. Il a accepté mon défi et lorsque les haches ont commencé à voler il était clairement le plus assuré et le plus rapide. Craignant pour ma vie, j'ai dé abandonner après avoir perdu quelques doigts! ;;;[FromFrom.GetFirstNameWithDynasty] no era un bocazas después de todo. Aceptó mi seafío y cuando las hachas empezaron a volar, claramente fue más rápido y certero que yo. Temiendo por mi vida, abandoné tras perder varios dedos!;;;;;;;;;x
EVTOPTAraid_events.55;The men respect me nonetheless;Les hommes me respectent tout de même;;;Los hombres me respetan de todas formas;;;;;;;;;x
EVTDESCraid_events.56;I took up [From.GetFirstNameWithDynasty]'s challenge, and [From.GetSheHe] must surely regret it! The axes flew back and forth whilst I moved with grace and conviction, catching and dodging every blade that flew my way. It all got too much for [From.GetTitledFirstNameNoRegnal], [From.GetSheHe] had a panicked look throughout and eventually submitted after losing a few fingers.;J'ai relevé le défi de [From.GetFirstNameWithDynasty] et il doit sûrement le regretter! Les haches voltigeaient d'un bout à l'autre et je les esquivais et les rattrappais à chaque fois. Il devint vite clair que s'en était trop pour [FromFrom.GetFirstName], ses yeux ne pouvaient cacher une certaine panique et il finit par abandonner après avoir perdu quelques doigts. ;;;Acepté el desafío de [From.GetFirstNameWithDynasty] y seguramente se arrepienta! Las hachas volaban de un lado a otro de la sala y yo las esquivaba y atrapaba cada vez. Quedó rápidamente claro que era demasiado para [FromFrom.GetFirstName], sus ojos no podían ocultar cierto pánico y finalmente se rindió tras perder unos cuantos dedos.;;;;;;;;;x
EVTDESCraid_events.57;The men were enjoying many a hard drink after a good days reaving, when [FromFrom.GetFirstNameWithDynasty] challenged [From.GetFirstNameWithDynasty], who was boasting of [From.GetHerHis] reaving exploits, to a finger dance! [From.GetTitledFirstNameNoRegnal] was clearly the better of the two, [From.GetSheHe] caught and dodged the axes most ably. [FromFrom.GetTitledFirstNameNoRegnal] eventually submitted.;Les hommes prenaient du bon temps en se saoulant après bien des jours de raids lorsque [FromFrom.GetFirstNameWithDynasty] défia [From.GetFirstNameWithDynasty], qui se vantait de ses exploits durant les raids, à une danse du doigt! [FromFrom.GetFirstName] était clairement le meilleur des deux, il esquivait et attrapait les haches avec bien plus d'habilité. [From.GetFirstName] finit par abandonner après avoir perdu quelques doigts. ;;;Los hombres disfrutaban emborrachándose tras muchos días de saqueos cuando [FromFrom.GetFirstNameWithDynasty] desafió a [From.GetFirstNameWithDynasty], que se vanagloriaba de sus hazañas a una danza del dedo! [FromFrom.GetFirstName] fue claramente el mejor de los dos, esquivó y atrapó las hachas con más habilidad. [From.GetFirstName] acabó por abandonar tras perder varios dedos.;;;;;;;;;x
EVTOPTAraid_events.57;That was a good contest;Ce fut une bonne partie;;;Fue una buena competición;;;;;;;;;x
EVTDESCraid_events.58;After a hards days reaving and much drink, the Ironborn were in high spirits, when [FromFrom.GetFirstNameWithDynasty] challenged [From.GetFirstNameWithDynasty] to a finger dance! It was fine spectacle, they both artfully dodged and caught many an axe, and only sustained trifling injuries! All agreed it was a fine lark.;Après de dures journées de pillage et de boissons, les Fer-nés étaient plutôt échauffés lorsque [FromFrom.GetFirstNameWithDynasty] défia [From.GetFirstNameWithDynasty] à une danse du doigt! Ce fut un très bon spectacle, ils esquivèrent et attrapèrent les haches avec dextérité, ne s'infligeant que quelques blessures superficielles! Tous furent d'accord pour dire que c'était une belle bataille. ;;;Tras duras jornadas de saqueos y bebidas, los Hijos del Hierro estaban de buen humor cuando [FromFrom.GetFirstNameWithDynasty] desafió a [From.GetFirstNameWithDynasty] a una danza del dedo! Fue un buen espectáculo, esquivaban y atrapaban las hachas con destreza y no se infligieron más que heridas superficiales! Todos estuvieron de acuerdo en que fue una bonita batalla. ;;;;;;;;;x
EVTOPTAraid_events.58;Like true Ironborn!;Comme de vrais Fer-nés!;;;Como verdaderos Hijos del Hierro!;;;;;;;;;x
EVTDESCraid_events.59;The men were enjoying many a hard drink after a good days reaving, when [FromFrom.GetFirstNameWithDynasty] challenged [From.GetFirstNameWithDynasty], who was boasting of [From.GetHerHis] reaving exploits, to a finger dance! [FromFrom.GetTitledFirstNameNoRegnal] was clearly unwise in [FromFrom.GetHerHis] challenge, as [From.GetTitledFirstNameNoRegnal] caught and dodged the axes far more ably. [FromFrom.GetTitledFirstNameNoRegnal] eventually submitted after losing a few fingers.;Les hommes prenaient du bon temps en se saoulant après bien des jours de raids lorsque [FromFrom.GetFirstNameWithDynasty]défia [From.GetFirstNameWithDynasty], qui se vantait de ses exploits durant les raids, à une danse du doigt! [FromFrom.GetFirstName] a clairement fait une erreur en lançant ce défi, puisque [From.GetFirstName] attrapa et esquiva les haches d'une manière bien plus adroite. [FromFrom.GetFirstName] a finis par abandonner après avoir perdu quelques doigts. ;;;Los hombres disfrutaban emborrachándose tras muchos días de saqueos cuando [FromFrom.GetFirstNameWithDynasty] desafió a [From.GetFirstNameWithDynasty], que se vanagloriaba de sus hazañas a una danza del dedo! [FromFrom.GetFirstName] claramente cometió un error al lanzar el desafío, ya que [From.GetFirstName] atrapaba y esquivaba las hachas de una forma más hábil. [FromFrom.GetFirstName] acabó por abandonar tras perder varios dedos.;;;;;;;;;x
EVTDESCraid_events.60;The Drowned God have mercy! Our Longships have encountered a great Kraken which threatens to pull them down! Krakens were thought to be a myth from the Age of Heroes, but are a very real menace for us now!;Que le Dieu Noyé ait pitié de nous! Nos boutres ont rencontré une Seiche Géante qui menace de les couler! Nous pensions que les pieuvres géantes n'étaient que des mythes remontant à l'Age des Héros, mais elles sont bien réelles!;;;Que el Dios Ahogado tenga piedad de nosotros! Nuestros barcoluengos se han encontrado con un Kraken gigante que amenaza de hundirlos! Pensábamos que los Krakens no eran más que mitos que se remontaban a la Edad de los Héroes, pero son bien reales!;;;;;;;;;x
EVTOPTAraid_events.60;Ironborn! To Arms!;Fer-nés! Aux armes!;;;Hijos del Hierro! A las armas!;;;;;;;;;x
TOOLTIPKRAKENDEFEATED;The Kraken is Slain\n;La Seiche Géante est vaincue\n;;;El Kraken ha sido vencido\n;;;;;;;;;x
TOOLTIPKRAKENWINS;The Kraken devours our Longships\n;La Seiche Géante dévore nos boutres\n;;;El Kraken devora nuestros barcoluengos\n;;;;;;;;;x
EVTDESCraid_events.61;Victory for the Ironborn! The Kraken was fierce, but not as fierce as the reavers. The Kraken was ultimately slain and our ships saved, we have won much fame and reknown this day.;Victoire pour les Fer-nés! La Seiche Géante était un féroce adverse, mais pas aussi féroce que les Fer-nés! La Seiche Géante a finalement été tuée et nos boutres sont sauvées. En ce jour, nous avons gagné gloire et renommée! ;;;Victoria para los Hijos del Hierro! El Kraken fue un feroz adversario, pero no tan feroz como los Hijos del Hierro! Matamos al Kraken y salvamos nuestros barcoluengos. Este día, hemos ganado fama y gloria!;;;;;;;;;x
EVTOPTAraid_events.61;Even Krakens cower before us!;Même les Seiches Géantes tremblent devant nous!;;;Incluso los Krakens tiemblan delante nuestro!;;;;;;;;;x
EVTDESCraid_events.62;The Kraken was too mighty, too strong. It broke asunder our Longships and pulled many an Ironborn down to the Drowned God's watery halls. ;La Seiche Géante était trop puissante, trop forte. Elle a écrasé et coulé nos boutres comme de vulgaires barques et envoyé de nombreux Fer-nés festoyer dans les demeures liquides du Dieu Noyé.;;;El Kraken era demasiado poderoso, demasiado fuerte. Aplastó y hundió los barcoluengos y envío a muchos Hijos del Hierro a las estancias acuosas del Dios Ahogado.;;;;;;;;;x
EVTOPTAraid_events.62;What is dead may never die;Ce qui est mort ne saurait mourir;;;Lo que está muerto no puede morir.;;;;;;;;;x
EVTDESCraid_events.63;Whilst out at sea, our Longships led by [From.GetFirstNameWithDynasty] encountered a great Kraken which threatened to pull them down! It was fierce, but not as fierce as the Ironborn, we slew the beast and sent it back to the Drowned God!;Alors qu'elles étaient en mer, nos boutres menées par [From.GetFirstNameWithDynasty] ont rencontré une Seiche Géante qui menaçait de les couler! Elle était féroce, mais pas aussi féroce que les Fer-nés, nous l'avons tuée et renvoyée au Dieu Noyé! ;;;Mientras estaban el mar, nuestros barcoluengos liderados por [From.GetFirstNameWithDynasty] se encontraron con un Kraken que amenazaba con hundirlos! Era un monstruo feroz, pero no tan feroz como los Hijos del Hierro, lo matamos y lo envíamos de vuelta al Dios Ahogado!;;;;;;;;;x
EVTDESCraid_events.64;The Drowned God have mercy! Our Longships led by [From.GetFirstNameWithDynasty] encountered a great Kraken which threatened to pull them down! It was too mighty, too strong. It broke asunder our Longships and pulled many an Ironborn down to the Drowned God's watery halls. ;Que le Dieu Noyé ait pitié de nous! Nos boutres menées par [From.GetFirstNameWithDynasty] ont rencontré une Seiche Géante qui menaçait de les couler! Elle était trop puissante, trop forte. Elle a écrasé et coulé nos boutres comme de vulgaires barques et envoyé de nombreux Fer-nés festoyer dans les demeures liquides du Dieu Noyé.;;;Que el Dios Ahogado tenga piedad de nosotros! Nuestros barcoluengos liderados por [From.GetFirstNameWithDynasty] se han encontrado con un Kraken gigante que amenaza de hundirlos! Era demasiado poderoso, demasiado fuerte. Aplastó y hundió los barcoluengos y envío a muchos Hijos del Hierro a las estancias acuosas del Dios Ahogado.;;;;;;;;;x
EVTDESCraid_events.66;[From.GetName] has fallen to our band of reavers, perhaps I should claim a salt wife?;[From.GetName] est tombé face a notre bande de razzieurs. Peut-être devrais-je réclamer une femme-sel ? ;;;[From.GetName] ha caído en manos de nuestra banda de saqueadores. Tal vez debería reclamarla como esposa de sal?;;;;;;;;;x
EVTDESCraid_events.66B;[From.GetName] has fallen to our band of raiders, perhaps I should claim a girl for myself?;[From.GetName] est tombé face a notre bande de razzieurs. Peut-être devrais-je réclamer une femme-sel ? ;;;[From.GetName] ha caído en manos de nuestra banda de saqueadores. Tal vez debería reclamar una chica para mi?;;;;;;;;;x
EVTDESCraid_events.66C;[From.GetName] has fallen to our band of raiders, perhaps I should claim a man for myself?;[From.GetName] est tombé face a notre bande de razzieurs. Peut-être devrais-je réclamer une femme-sel ? ;;;[From.GetName] ha caído en manos de nuestra banda de saqueadores. Tal vez debería reclamar un chico para mi?;;;;;;;;;x
EVTDESCraid_events.66D;[From.GetName] has fallen to our band of reavers, perhaps I should claim a salt husband?;[From.GetName] est tombé face a notre bande de razzieurs. Peut-être devrais-je réclamer une femme-sel ? ;;;[From.GetName] ha caído en manos de nuestra banda de saqueadores. Tal vez debería reclamarla como esposa de sal?;;;;;;;;;x
EVTOPTAraid_events.66;[salt_wife_1.GetSheHeCap] will make a fine [Root.GetMyConsortName];Elle fera une bonne femme-sel.;;;[salt_wife_1.GetSheHeCap] será una buena concubina.;;;;;;;;;x
EVTOPTBraid_events.66;I like the look of [salt_wife_2.GetHerHim];J'aime bien ses formes.;;;Me gusta su aspecto.;;;;;;;;;x
EVTOPTCraid_events.66;Bring [salt_wife_3.GetHerHim] to my ship;Amenez la sur mon boutre.;;;Llevadla a mi barco.;;;;;;;;;x
EVTOPTDraid_events.66;I have no need for this;Je n'ai pas besoin de femme-sel.;;;No tengo necesidad de esto;;;;;;;;;x
EVTDESCraid_events.660;[FromFrom.GetName] has fallen, and [From.GetTitledFirstName] has made me [From.GetHerHis] [Root.GetConsortName]!;[FromFrom.GetName] est tombé, et [From.GetTitledFirstName] a fait de moi sa femme-sel !;;;[FromFrom.GetName] ha caído, y [From.GetTitledFirstName] me ha hecho su esposa de sal!;;;;;;;;;x
EVTDESCraid_events.660B;[FromFrom.GetName] has fallen, and [From.GetTitledFirstName] has made me [From.GetHerHis] concubine!;[FromFrom.GetName] est tombé, et [From.GetTitledFirstName] a fait de moi sa femme-sel !;;;[FromFrom.GetName] ha caído, y [From.GetTitledFirstName] me ha hecho su concubina!;;;;;;;;;x
EVTOPTDraid_events.660;Oh no!;Oh non !;;;Oh no!;;;;;;;;;x
EVTDESCraid_events.661;After looting my castle for all it's worth, [FromFrom.GetFirstNameWithDynasty] has insulted me further by taking my [From.GetRootRelation] [From.GetFirstName] as [FromFrom.GetHerHis] [FromFrom.GetMyConsortName]!;Après avoir piller mon château de tous ses biens, [FromFrom.GetFirstNameWithDynasty] m'a insulté davantage en faisant de ma [From.GetRootRelation] [From.GetFirstName] sa femme-sel !;;;Tras saquear mi castillo, [FromFrom.GetFirstNameWithDynasty] me insultó aún más haciendo de mi [From.GetRootRelation] [From.GetFirstName] su esposa de sal!;;;;;;;;;x
EVTDESCraid_events.661B;After looting my castle for all it's worth, [FromFrom.GetFirstNameWithDynasty] has insulted me further by taking my [From.GetRootRelation] [From.GetFirstName] as [FromFrom.GetHerHis] [From.GetConsortName]!;Après avoir piller mon château de tous ses biens, [FromFrom.GetFirstNameWithDynasty] m'a insulté davantage en faisant de ma [From.GetRootRelation] [From.GetFirstName] sa femme-sel !;;;Tras saquear mi castillo, [FromFrom.GetFirstNameWithDynasty] me insultó aún más haciendo de mi [From.GetRootRelation] [From.GetFirstName] su concubina!;;;;;;;;;x
EVTOPTDraid_events.661;I will avenge [From.GetHerHim];Je la vengerai !;;;La vengaré!;;;;;;;;;x
EVTDESCraid_events.662;[FromFrom.GetTitledFirstName] has proved [FromFrom.GetHerHim]self worthy to be called Ironborn as [FromFrom.GetSheHe] has captured [From.GetFirstName] as [FromFrom.GetHerHis] [From.GetMyConsortName].;[FromFrom.GetTitledFirstName] a prouvé qu'il méritait d'être appelé fer-né en capturant [From.GetFirstName] et en faisant sa femme-sel. ;;;[FromFrom.GetTitledFirstName] ha demostrado que merece ser un Hijo del Hierro capturando a [From.GetFirstName] y haciéndola su esposa de sal.;;;;;;;;;x
EVTDESCraid_events.662B;[FromFrom.GetTitledFirstName] has proved [FromFrom.GetHerHim]self a worthy warrior as [FromFrom.GetSheHe] has captured [From.GetFirstName] as [FromFrom.GetHerHis] [From.GetConsortName].;[FromFrom.GetTitledFirstName] a prouvé qu'il méritait d'être appelé fer-né en capturant [From.GetFirstName] et en faisant sa femme-sel. ;;;[FromFrom.GetTitledFirstName] ha demostrado que merece ser un Hijo del Hierro capturando a [From.GetFirstName] y haciéndola su concubina.;;;;;;;;;x
EVTOPTDraid_events.662;Good [FromFrom.GetManWoman]!;Voilà un homme !;;;Buen hombre!;;;;;;;;;x
EVTDESCraid_events.67;Whilst sacking [FromFrom.GetName] for all it's worth, you and your men have located someone in the castle who owns a Valyrian steel blade. Will you take this sword as your own? They may not give it willingly...;Tandis que vous vous empariez de toutes les richesses de [FromFrom.GetName], vous et vos hommes avez repéré quelqu'un au château qui possède un épée en acier valyrien. Allez-vous prendre son arme ? Elle ne la donnera pas de son plein gré…;;;Mientras tomas las riquezas de [FromFrom.GetName], tú y tus hombres os dais cuenta de que alguien en el castillo posee una espada valyria. Tomarás su arma? No la dará de buen grado...;;;;;;;;;x
EVTOPTAraid_events.67;Yes, I shall pay the iron price for it!;Oui, je payerai le fer-prix pour m'en emparer !;;;Sí, pagaré el precio del hierro por ello!;;;;;;;;;x
EVTOPTAraid_events.67B;Yes, I shall make it mine!;Oui, je payerai le fer-prix pour m'en emparer !;;;Sí, la haré mía!;;;;;;;;;x
TOOLTIPraid_events.670;You hunt down [This.GetFirstNameWithDynasty];Vous pourchassez [This.GetFirstNameWithDynasty];;;Das caza a [This.GetFirstNameWithDynasty];;;;;;;;;x
EVTOPTBraid_events.675;No, I have no need for shiny blades;Non, je n'ai pas besoin d'une telle lame.;;;No, no necesito una espada así.;;;;;;;;;x
EVTDESCraid_events.670;[From.GetFirstNameWithDynasty] and [From.GetHerHis] band of pillagers have breached my castle defenses and have begun sacking it it ruthlessly. After a while, [From.GetSheHe] has cornered me, and now claims my prized valyrian steel blade for [From.GetHerHim]self!;[From.GetFirstNameWithDynasty] et sa bande de pillards ont brisé les défenses de mon château et ont commencé à le saccager. Au bout d'un moment [From.GetSheHe] a fini par me repérer et [From.GetSheHe] réclame désormais ma précieuse lame valyrienne !;;;[From.GetFirstNameWithDynasty] y su banda de saqueadores rompieron las defensas de mi castillo y empezaron a saquearlo. Al cabo de un rato, repararon en mi presencia y me reclaman mi preciosa espada valyria!;;;;;;;;;x
EVTOPTAraid_events.670;I will die before [From.GetSheHe] steals [Root.GetValyrianSword]!;Je mourrai avant qu'[From.GetSheHe] ne s’empare de [Root.GetValyrianSword] !;;;Moriré antes de que [From.GetSheHe] robe [Root.GetValyrianSword]!;;;;;;;;;x
TOOLTIPraid_events.672;You attack [From.GetFirstNameWithDynasty]...;Vous attaquez [From.GetFirstNameWithDynasty]...;;;Atacas a [From.GetFirstNameWithDynasty]...;;;;;;;;;x
EVTOPTBraid_events.670;I surrender, please don't hurt me!;Je me rends ! S'il vous plaît, épargnez moi !;;;¡Me rindo! Por favor, perdóname!;;;;;;;;;x
TOOLTIPraid_events.671;[From.GetFirstNameWithDynasty] takes your sword;[From.GetFirstNameWithDynasty] prend votre épée.;;;[From.GetFirstNameWithDynasty] toma tu espada.;;;;;;;;;x
EVTDESCraid_events.671;[From.GetFirstNameWithDynasty] has been found cowering in one of the towers, and eagerly surrenders to your will. [From.GetSheHeCap] is made to kneel before you outside before all your men, and offers up [From.GetValyrianSwordHerHis] to you in exchange for [From.GetHerHis] life.;[From.GetFirstNameWithDynasty] a été découvert dans une tour où [From.GetSheHe] se terrait. [From.GetSheHeCap] s'est empressé de se rendre avant de mettre un genou à terre devant vous et de vous offrir [Root.GetValyrianSword] en échange de sa vie.;;;[From.GetFirstNameWithDynasty] se ha encontrado acobardado en una de las torres, y se rinde apresuradamente a su voluntad. [From.GetSheHeCap] se a arrodillado delante de todos tus hombres, y ofrece [From.GetValyrianSwordHerHis] a cambio de [From.GetHerHis] su vida.;;;;;;;;;x
EVTOPTAraid_events.671;I now wield this for House [Root.GetOnlyDynastyName]!;Je manie désormais cette épée au nom de la maison [Root.GetOnlyDynastyName]!;;;!Ahora esgrimo esta espada en nombre de la casa [Root.GetOnlyDynastyName]!;;;;;;;;;x
EVTDESCraid_events.672;Atop the battlements [From.GetFirstNameWithDynasty] is finally cornered. The blade you desire, [From.GetValyrianSwordHerHis], is covered in the red blood of the reavers [From.GetSheHe] has slain, and as [From.GetSheHe] charges you know you must truly pay the iron price to win this sword.;Debout sur les remparts, [From.GetFirstNameWithDynasty] fait face aux razzieurs et son épée, [From.GetValyrianSwordHerHis], est déjà gorgée de leur sang. [From.GetSheHeCap] vous charge et vous savez désormais qu'il va vous falloir payer le fer-prix pour vous gagner cette épée.;;;Encima de las almenas [From.GetFirstNameWithDynasty] finalmente se arrinconó. La espada que deseas, [From.GetValyrianSwordHerHis], está cubierta con la sangre roja de los saqueadores [From.GetSheHe] ha sido asesinado, y como [From.GetSheHe] te acusa de que debes pagar el precio de hierro para ganar esta espada.;;;;;;;;;x
EVTDESCraid_events.672B;Atop the battlements [From.GetFirstNameWithDynasty] is finally cornered. The blade you desire, [From.GetValyrianSwordHerHis], is covered in the red blood of the raiders [From.GetSheHe] has slain, and as [From.GetSheHe] charges you know you must truly fight to win this sword.;Debout sur les remparts, [From.GetFirstNameWithDynasty] fait face aux razzieurs et son épée, [From.GetValyrianSwordHerHis], est déjà gorgée de leur sang. [From.GetSheHeCap] vous charge et vous savez désormais qu'il va vous falloir payer le fer-prix pour vous gagner cette épée.;;;Encima de las almenas [From.GetFirstNameWithDynasty] finalmente se arrinconó. La espada que deseas, [From.GetValyrianSwordHerHis], está cubierta por la sangre roja de los asaltantes [From.GetSheHe] ha muerto, y como [From.GetSheHe] te acusa de que debes luchar para ganar esta espada.;;;;;;;;;x
EVTOPTAraid_events.672;[From.GetSheHeCap]'ll need more than a fancy sword;[From.GetSheHeCap] va lui falloir bien plus qu'une belle épée.;;;[From.GetSheHeCap] necesitará más que una hermosa espada.;;;;;;;;;x
EVTDESCraid_events.673;[FromFrom.GetFirstNameWithDynasty] lies defeated at your feet, [FromFrom.GetSheHe] was brave you must admit. But now you pick up your prize, [From.GetValyrianSwordHerHis].;[FromFrom.GetFirstNameWithDynasty] gît à vos pieds. C'était un brave, il n'y a pas de doutes. Mais maintenant vous vous emparez de votre prix, [From.GetValyrianSwordHerHis], son épée en acier valyrien.;;;[FromFrom.GetFirstName With Dynasty] es derrotado a tus pies, [FromFrom.GetSheHe] fue valiente, debes admitirlo. Pero ahora recoges tu premio, [From.GetValyrianSwordHerHis];;;;;;;;;x
EVTOPTAraid_events.673;I now wield this for House [Root.GetOnlyDynastyName]!;Je manie désormais cette épée au nom de la maison [Root.GetOnlyDynastyName]!;;;!Ahora esgrimo  esta espada en nombre de la casa [Root.GetOnlyDynastyName]!;;;;;;;;;x
EVTDESCraid_events.674;[From.GetFirstNameWithDynasty] has beaten you into submission, almost killing you. And now [From.GetSheHe] claims [Root.GetValyrianSwordOwned], your family's heirloom, as [From.GetHerHis] own, and has also taken you as a 'trophy' as well.;[From.GetFirstNameWithDynasty] vous a vaincu. Et maintenant [From.GetSheHe] réclame [Root.GetValyrianSwordOwned], votre épée valyrienne ancestrale. [From.GetSheHeCap] s'est également emparé(e) de vous en tant que’trophée’.;;;[From.GetFirstNameWithDynasty] te ha vencido y casi te mata. Y ahora [From.GetSheHe] afirma que la [Root.GetValyrianSwordOwned], es una reliquia de su familia, y ha tomado a [From.GetHerHis], como un 'trofeo'.;;;;;;;;;x
EVTOPTAraid_events.674;The shame I have brought;Quelle humiliation.;;;Que humillacion para mi Casa.;;;;;;;;;x
EVTDESCraid_events.676;After successfully sacking the castle, [From.GetFirstNameWithDynasty] captured [FromFrom.GetFirstNameWithDynasty] who wielded a fearsome sword made of Valyrian Steel. As [From.GetSheHe] paid the iron price for it, [From.GetSheHe] has claimed it for [From.GetHerHim]self.;Après avoir saccagé le château, [From.GetFirstNameWithDynasty] a capturé [FromFrom.GetFirstName] [FromFrom.GetOnlyDynastyName qui maniait une épée faite en acier valyrien. [From.GetSheHe] a payé le fer-prix pour elle, [From.GetSheHe] l'a fait sienne.;;;Después de saquear con éxito el castillo, [From.GetFirstNameWithDynasty] capturó a [FromFrom.GetFirstNameWithDynasty] que manejaba una espada temible hecha de acero Valyrio. Como [From.GetSheHe] pagó el precio de hierro por ello, [From.GetSheHe] la ha reclamado para [From.GetHerHim].;;;;;;;;;x
EVTDESCraid_events.676B;After successfully sacking the castle, [From.GetFirstNameWithDynasty] captured [FromFrom.GetFirstNameWithDynasty] who wielded a fearsome sword made of Valyrian Steel. [From.GetSheHeCap] has claimed the blade for [From.GetHerHim]self.;Après avoir saccagé le château, [From.GetFirstNameWithDynasty] a capturé [FromFrom.GetFirstName] [FromFrom.GetOnlyDynastyName qui maniait une épée faite en acier valyrien. [From.GetSheHe] a payé le fer-prix pour elle, [From.GetSheHe] l'a fait sienne.;;;Después de saquear con éxito el castillo, [From.GetFirstNameWithDynasty] capturó a [FromFrom.GetFirstNameWithDynasty] que manejaba una espada temible hecha de acero Valyrio. [From.GetSheHeCap] ha reclamado la espada para [From.GetHerHim].;;;;;;;;;x
EVTDESCraid_events.677;[From.GetFirstNameWithDynasty] and [From.GetHerHis] fellow brigands could not handle you. You and a core of your men carved a path through them and escaped the castle, [Root.GetValyrianSwordOwned] still in your hands all the while.;[From.GetFirstNameWithDynasty] et ses pillards n'ont pas pu vous arrêter. Vous et certains de vos hommes avez pu vous frayer un chemin à travers leur rang et vous échapper. [Root.GetValyrianSwordOwned] , votre épée en acier valyrien ancestrale est toujours entre vos mains.;;;[From.GetFirstNameWithDynasty] y [From.GetHerHis] tus compañeros no pudieron resistir. Tú y varios de tus hombres abrieron un camino a través de ellos y escaparon del castillo, [Root.GetValyrianSwordOwned] todavía esta en tus manos.;;;;;;;;;x
EVTOPTAraid_events.677;A small victory at least;Une petite victoire, au moins…;;;Una pequeña victoria al menos.;;;;;;;;;x
opinion_stole_sword;Stole my Sword;A volé mon épée;;;Ha robado mi espada;;;;;;;;;x
EVTDESCraid_events.90;The village was ripe for pillaging, and [From.GetFirstNameWithDynasty]'s attack was a roaring success. The screams of the [Root.GetPeasantNamePlural] and the crackle of fire were sweet music to the reaver's ears. They have won much plunder and honour this day!;Le village était mûr pour le pillage et l'attaque de [From.GetFirstNameWithDynasty] fut un succès total. Les gémissements des paysans et le crépitement des flammes sont les plus belles musiques du monde pour des razzieurs. Aujourd'hui ils ont gagné quantité de butins et d'honneur!;;;La aldea estaba madura para el ataque y el asalto de [From.GetFirstNameWithDynasty] fue un éxito total. Los gemidios de los campesinos y el crepitar de las llamas son la mejor música del mundo para los saqueadores. Hoy han ganado gran cantidad de botín y honor!;;;;;;;;;x
EVTDESCraid_events.91;[From.GetFirstNameWithDynasty]'s decision to attack a fishing village produced a fight that was hard fought and a few of [From.GetHerHis] men were lost. But none can withstand the might of the ironborn and they have claimed their iron price today, winning much plunder from these weak people.;La décision de [From.GetFirstNameWithDynasty] d'attaquer le village de pêcheurs a résulté en un combat difficile et acharné et certains de ses hommes ont trouvé la mort. Mais personne ne peut résister à la force des fer-nés et ils ont revendiqué le fer-prix aujourd'hui, gagnant leur butin par le sang de ce peuple faible.;;;La decisión de [From.GetFirstNameWithDynasty] de atacar la aldea de pescadores resultó en un dificil combate y perdieron algunos hombres. Pero no pudieron resistir la fuerza de los Hijos del Hierro y reivindicaron el precio del hierro, ganando su botín por la sangre de este débil pueblo.;;;;;;;;;x
EVTDESCraid_events.92;Most thought [From.GetFirstNameWithDynasty]'s raid upon the a village would be simple, but these men who sow were more hardy than they thought. [From.GetHerHisCap] Ironborn managed to make a beachhead but were fought back. They have failed to claim their iron price today.;Beaucoup pensait que le raid de [From.GetFirstNameWithDynasty] serait une simple formalité, mais ces hommes qui sèment étaient plus forts qu'ils le pensaient. Ses fer-nés ont réussit à mettre en place une tête de pont mais ont été repoussés. Ils ne sont pas parvenus à revendiquer le fer-prix aujourd'hui.;;;Muchos pensaban que el asalto de [From.GetFirstNameWithDynasty] sería una simple formalidad pero esos hombres que siembran eran más fuertes de lo que pensaban. Los Hijos del Hierro lograron establecer una cabeza de puente, pero fueron rechazados. No consiguieron reclamar el precio del hierro hoy.;;;;;;;;;x
EVTDESCraid_events.93;[From.GetFirstNameWithDynasty]'s raid upon a fishing village was a resounding failiure, the men of the fields were much stronger than they thought. Many of [From.GetHerHis] reavers were slain and the dishonour [From.GetSheHe] has brought upon the Ironborn is plain to see.;Le raid de [From.GetFirstNameWithDynasty] sur un village de pêcheurs fut un échec retentissant. Les hommes des champs étaient bien plus forts qu'ils ne l'avaient pensé. Beaucoup de ses razzieurs ont été tué et le déshonneur qu'il a jeté sur les fer-nés est terrible. ;;;El asalto de [From.GetFirstNameWithDynasty] a una aldea de pescadores fue un rotundo fracaso. Los hombres de los campos eran más fuertes de lo que pensaban. Muchos de sus hombres murieron y deshonraron el nombre de los Hijos del Hierro.;;;;;;;;;x
EVTDESCraid_events.94;[From.GetFirstNameWithDynasty] fearlessly decided to attack a merchant flotilla, and the enemy crews were no match for [From.GetHerHis] Ironborn. They sank their poorly manned escorts, siezed there cargo and slew or took captive many men. This is why we follow the Old Way!;[From.GetFirstNameWithDynasty] a décidé sans crainte d'attaquer une flotille marchande. L'équipage ennemi n'était que du menu fretin pour les Fer-nés. Ils ont coulé leur pitoyable escorte, pillé leur cargaison et capturé de nombreux hommes. Voilà pourquoi nous suivons l'Antique Voie! ;;;[From.GetFirstNameWithDynasty] decidió sin temor atacar una flota mercante. La tripulación no fue más que un aperitivo a manos de los Hijos del Hierro. Hundieron a su escolta, saquearon su cargamento y capturaron a numerosos prisioneros. Por esto seguimos las Antiguas Costumbres!;;;;;;;;;x
EVTDESCraid_events.95;[From.GetFirstNameWithDynasty]'s decision to attack a merhcant fleet was sound, the fleet was fairly well defended. They lost a few men siezing their ships as well as taking some damge to their longships, but in the end no one can resist the Ironborn reavers and much cargo as well many captives were taken.;La décision de [From.GetFirstNameWithDynasty] d'attaquer la flotte marchande était bonne. La flotte était bien défendue. Ils ont perdu quelques hommes lorsqu'ils ont abordé leurs bateaux et certaines de leurs boutres ont été endommagées. Mais à la fin, personne ne peut résister aux valeureux Fer-nés et ils se sont emparé de leur cargaison et fait de nombreux prisonniers. ;;;La decisión de [From.GetFirstNameWithDynasty] de atacar la flota mercante fue acertada. La flota estaba bien defendida. Perdieron algunos hombres mientras abordaban sus naves y unos cuantos barcoluengos fueron dañados. Pero al final, no pudieron resistir contra los valerosos Hijos del Hierro y se hicieron con su cargamento y numerosos prisioneros.;;;;;;;;;x
EVTDESCraid_events.96;[From.GetFirstNameWithDynasty] 's attack on an enemy merhcant fleet seemed foolhardy, as the enemy merchants were too well armed for [From.GetHerHim] to take their gold. They utilised their warships to good effect, not allowing the ironborn to board their merhcant vessels. We lost a few men, but we shall be back to take our Iron price.;La décision de [From.GetFirstNameWithDynasty] d'attaquer une flotte marchande semble avoir été imprudente. Les marchands ennemis étaient bien trop armés pour qu'ils puissent prendre leur or. Ils ont bien manœuvré leurs navires de guerre pour empêcher les fer-nés d'aborder leurs voiles marchandes. Quelques hommes festoient désormais dans les demeures liquides mais les fer-nés reviendront pour prendre leur fer-prix. ;;;La decisión de [From.GetFirstNameWithDynasty] de atacar una flota mercante parece haber sido imprudente. La flota enemiga estaba muy bien armada para poder tomar su oro. Maniobraron sus navíos de guerra para impedirles abordar sus buques mercantes. Perdieron a unos cuantos hombres pero los Hijos del Hierro regresarán para tomar el precio del hierro.;;;;;;;;;x
EVTDESCraid_events.97;[From.GetFirstNameWithDynasty]'s attack on an merhcant flotilla was a disaster. Their warships were too well armed and well manned and [From.GetSheHe] lost many men and longships trying to board their vessels. This makes us look poor ironborn indeed.;L'attaque de[From.GetFirstNameWithDynasty] sur une flottille marchande a tourné au désastre. Leurs navires de guerres étaient bien trop armés et manœuvrées et les fer-nés ont perdu nombre d'hommes et de boutres en tentant d'aborder leurs bateaux. Voilà de bien piètres Fer-nés. ;;;El ataque de [From.GetFirstNameWithDynasty] a una flotilla mercante fue un desastre. Sus navíos de guerra estaban muy bien armados y dirigidos y los Hijos del Hierro perdieron un gran número de hombres y barcoluengos intentando abordar sus barcos. Unos medicores Hijos del Hierro. ;;;;;;;;;x
EVTOPTAraid_events.97;Lackwits;Imbéciles.;;;Imbéciles;;;;;;;;;x
EVTDESCraid_events.98;Whilst [raiding_target.GetSheHe] has been embroiled in conflict, we have been raiding the lands loyal to [raiding_target.GetTitledFirstName] [raiding_target.GetOnlyDynastyName]. [raiding_target.GetSheHeCap] will surely be displeased with this flagrant breach of the laws of [raiding_target.GetHerHis] land.;Alors qu'ils étaient occupés par un autre conflit, nous avons razzié les terres des seigneurs loyaux au Trône de Fer. Ils ne vont sûrement pas apprécier cette infraction aux lois des terres vertes. ;;;Mientras estaban ocupados en otro conflicto, hemos saqueado las tierras de los señores leales al Trono de Hierro. Seguramente estarán disgustados por esta violación flagrante de las leyes de sus tierras.;;;;;;;;;x
EVTOPTAraid_events.98;Pfft, we are Ironborn! We follow our own way!;Pfff, nous sommes des fer-nés, nous suivons notre propre voie !;;;Pfff, somos Hijos del Hierro, seguimos nuestras propias costumbres!;;;;;;;;;x
EVTOPTAraid_events.98B;I care not what they think!;Je me moque de ce qu'ils pensent!;;;No importa lo que piensen!;;;;;;;;;x
TOOLTIPlootvengeancereturnloot;All women kidnapped, slaves captured and swords stolen from the subjects of [Root.GetTitle] [Root.GetFirstNameWithDynasty] by [From.GetFirstNameWithDynasty] and [From.GetHerHis] fellow his raiders shall be returned, along with a sum of gold in recompense.\n;Toutes les femmes kidnappées et les épées volées aux sujets de [Root.GetTitle] [Root.GetFirstNameWithDynasty] par [From.GetFirstNameWithDynasty] et ses razzieurs devront être rendues avec en prime un certain montant en or en guise de dédommagement.\n;;;Todas las mujeres secuestradas y las espadas robadas a los súbditos de [Root.GetTitle] [Root.GetFirstNameWithDynasty] por [From.GetFirstNameWithDynasty] y sus saqueadores deberán ser devueltas con una suma de dinero en concepto de compensación.\n;;;;;;;;;x
EVTDESCraid_events.99;[From.GetFirstNameWithDynasty] has defeated us on the field of battle, as vengeance for us pillaging [From.GetHerHis] lands in the Old Way. Now we must return all the plunder we have taken from them...;[From.GetFirstNameWithDynasty] nous a défait sur le champ de bataille. Nous devons maintenant rendre tout notre butin que nous avons pillé sur ses terres... ;;;[From.GetFirstNameWithDynasty] nos ha derrotado en el campo de batalla. Ahora debemos devolver todo el botín que saqueamos en sus tierras...;;;;;;;;;x
EVTDESCraid_events.99B;[From.GetFirstNameWithDynasty] has defeated us on the field of battle, as vengeance for us pillaging [From.GetHerHis] lands and seas. Now we must return all the plunder we have taken from them...;[From.GetFirstNameWithDynasty] nous a défait sur le champ de bataille, en rétribution de nos pillages de ses terres. Nous devons maintenant rendre tout notre butin...;;;[From.GetFirstNameWithDynasty] nos ha derrotado en el campo de batalla. Ahora debemos devolver todo el botín que saqueamos en sus tierras...;;;;;;;;;x
EVTOPTAraid_events.99;We will rise again;Nous ressurgirons.;;;Resurgiremos de nuevo.;;;;;;;;;x
EVTDESCraid_events.100;I have been rescued from these filthy pillagers by [FromFrom.GetFirstNameWithDynasty], who defeated [From.GetFirstNameWithDynasty] in the field as vengeance for pillaging [From.GetHerHis] lands.;J'ai été sauvé de ces sales fer-nés par [FromFrom.GetFirstNameWithDynasty], qui a défait [From.GetFirstNameWithDynasty] sur le champ de bataille.;;;He sido rescatado de estos sucios Hijos del Hierro por [FromFrom.GetFirstNameWithDynasty], que ha vencido a [From.GetFirstNameWithDynasty] en el campo de batalla.;;;;;;;;;x
EVTOPTAraid_events.100;Now I can go home;Je peux rentrer chez moi.;;;Puedo regresar a casa.;;;;;;;;;x
EVTDESCraid_events.101;[FromFrom.GetFirstNameWithDynasty] is truly a poor leader for [FromFrom.GetSheHe] has been defeated and has been forced into concessions by as recompense for [FromFrom.GetHerHis] raiding. I will now have to return my captive [From.GetFirstName] to [From.Liege.GetTitledFirstNameWithDynastyNoRegnal] as part of these terms.;[FromFrom.GetFirstNameWithDynasty] est un bien piètre razzieur, [FromFrom.GetSheHe] a été défait et forcé à faire des concessions. Je vais devoir renvoyer ma femme-sel [From.GetFirstName] à [From.Liege.GetTitledFirstNameWithDynastyNoRegnal] comme convenu par les termes de l'accord. ;;;[FromFrom.GetFirstNameWithDynasty] es realmente un saqueador mediocre, ha sido derrotado y forzado a hacer concesiones. Debo devolver a mi esposa de sal [From.GetFirstName] a [From.Liege.GetTitledFirstNameWithDynastyNoRegnal] como parte de los términos del acuerdo. ;;;;;;;;;x
EVTOPTAraid_events.101;How humiliating;Quelle humiliation.;;;Que humillación.;;;;;;;;;x
EVTDESCraid_events.102;The filthy pillager [FromFrom.GetFirstNameWithDynasty] has been forced to concede to defeat, and has agreed terms of recompense. One of these terms is that my [From.GetRootRelation] [From.GetFirstName] is to be returned to my custody, after a frightful time of captivity.;Le sale razzieur [FromFrom.GetFirstNameWithDynasty] a été forcé de reconnaître sa défaite et a accepté un accord de paix. L'un de ses termes précise que ma [From.GetRootRelation] [From.GetFirstName] sera libérée après avoir capturée comme femme-sel.;;;El sucio saqueador [FromFrom.GetFirstNameWithDynasty] ha sido forzado a reconocer su derrota y a aceptar un acuerdo de paz. Uno de esos términos precisa que mi [From.GetRootRelation] [From.GetFirstName] sea liberada tras haber sido capturada como esposa de sal.;;;;;;;;;x
EVTOPTAraid_events.102;Praise [Root.Religion.GetRandomGodName] for [From.GetHerHis] safe return;Loué(s) soi(en)t [Root.Religion.GetRandomGodName] pour son retour.;;;Alabado sea [Root.Religion.GetRandomGodName] por su retorno.;;;;;;;;;x
EVTDESCraid_events.103;[From.GetFirstNameWithDynasty] is truly a poor reaver for [From.GetSheHe] has been defeated and has been forced into concessions by [FromFrom.GetFirstNameWithDynasty] as recompense for [From.GetHerHis] raiding. I will now have to return my prized artifact, captured for the supposed glory of [Root.GetOnlyDynastyName].;[From.GetFirstNameWithDynasty] est un bien piètre razzieur, [From.GetSheHe] a été défait et a été forcé à faire des concessions par [FromFrom.GetFirstNameWithDynasty]. Je vais maintenant devoir rendre ma précieuse épée en acier valyrien, prise pour la gloire de la maison [Root.GetOnlyDynastyName].;;;[FromFrom.GetFirstNameWithDynasty] es realmente un saqueador mediocre, ha sido derrotado y forzado a hacer concesiones por [FromFrom.GetFirstNameWithDynasty]. Debo devolver mi preciosa espada valyria como parte de los términos del acuerdo.;;;;;;;;;x
EVTOPTAraid_events.103;This will not go unanswered;Cela ne sera pas oublié.;;;Esto no quedará sin respuesta.;;;;;;;;;x
EVTDESCraid_events.104;The filthy pillager [FromFrom.GetFirstNameWithDynasty] has been forced to concede to defeat, and has agreed terms of recompense. One of these terms is that my ancestral heirloom is confiscated from [From.GetFirstNameWithDynasty] and returned into the keeping of House [Root.GetOnlyDynastyName].;Le sale razzieur [FromFrom.GetFirstNameWithDynasty] a été forcé de reconnaître sa défaite et a accepté un accord de paix. L'un de ses termes précise que mon épée en acier valyrienne ancestrale sera confisquée à [From.GetFirstNameWithDynasty] et redeviendra le trésor de la maison [Root.GetOnlyDynastyName].;;;Uno de esos términos precisa que mi espada valyria ancestral sea confiscada a [From.GetFirstNameWithDynasty] y devuelta a la casa [Root.GetOnlyDynastyName].;;;;;;;;;x
EVTOPTAraid_events.104;Justice;Justice.;;;Justicia.;;;;;;;;;x
TOOLTIPlootvengeancereturnlootinvasion;All women kidnapped, slaves captured and swords stolen from the subjects of [From.GetTitle] [From.GetFirstNameWithDynasty] by [Root.GetFirstNameWithDynasty] and [Root.GetHerHis] fellow his raiders shall be returned, along with a sum of gold in recompense.\n;Toutes les femmes kidnappées et les épées volées aux sujets de [From.GetTitle] [From.GetFirstNameWithDynasty] par [Root.GetFirstNameWithDynasty] et ses razzieurs devront être rendues, avec en prime un certain montant en or en guise de dédommagement.\n;;;Todas las mujeres secuestradas y las espadas robadas a los súbditos de [From.GetTitle] [From.GetFirstNameWithDynasty] por [Root.GetFirstNameWithDynasty] y sus saqueadores deberán ser devueltas con una suma de dinero en concepto de compensación.\n;;;;;;;;;x
EVTDESCraid_events.399;This past month your [From.GetRootRelation] [From.GetTitledFirstNameWithDynasty] has been organising a reaving, a reaving [From.GetSheHe] has announced will target the seas of The Disputed Lands. [From.GetSheHeCap] and [From.GetHerHis] fellow reavers are now ready, and have set sail from [From.Location.GetName] on their quest to follow the old way.;Lors de la dernière lune, votre [From.GetRootRelation] [From.GetTitledFirstNameWithDynasty] a organisé une razzia, une razzia qui a pour objectif les Terres Disputés. [From.GetSheHeCap] est désormais prêt et a appareillé de [From.Location.GetName] avec ses razzieurs pour suivre l'antique voie. ;;;El mes pasado tu [From.GetRootRelation] [From.GetTitledFirstNameWithDynasty] organizó una expedición de saqueo, una expedición hacia las Tierras de la Discordia que ya está lista para partir de [From.Location.GetName] para continuar con las antiguas costumbres.;;;;;;;;;x
EVTDESCraid_events.399B;This past month your [From.GetRootRelation] [From.GetTitledFirstNameWithDynasty] has been organising a reaving, a reaving [From.GetSheHe] has announced will travel far to the north in the Shivering Sea, where they will target Lorathi and Ibbenese ships. [From.GetSheHeCap] and [From.GetHerHis] fellow reavers are now ready, and have set sail from [From.Location.GetName] on their quest to follow the old way.;Lors de la dernière lune, votre [From.GetRootRelation] [From.GetTitledFirstNameWithDynasty] a organisé une razzia, une razzia qui a pour objectif de prendre la direction de la mer Grelotte pour attaquer les navires ibbéniens et lorathis. [From.GetSheHeCap] est désormais prêt et a appareillé de [From.Location.GetName] avec ses razzieurs pour suivre l'antique voie. ;;;El mes pasado tu [From.GetRootRelation] [From.GetTitledFirstNameWithDynasty] organizó una expedición de saqueo, una expedición hacia el norte del Mar de los Escalofríos que ya está lista para partir de [From.Location.GetName] para continuar con las antiguas costumbres.;;;;;;;;;x
EVTDESCraid_events.399C;This past month your [From.GetRootRelation] [From.GetTitledFirstNameWithDynasty] has been organising a reaving, a reaving [From.GetSheHe] has announced will journey to the south in the Summer Sea, where they will target the weak Summer Islanders. [From.GetSheHeCap] and [From.GetHerHis] fellow reavers are now ready, and have set sail from [From.Location.GetName] on their quest to follow the old way.;Lors de la dernière lune, votre [From.GetRootRelation] [From.GetTitledFirstNameWithDynasty] a organisé une razzia, une razzia qui a pour objectif de prendre la direction du Sud, vers la mer d’Été et les faibles Estiviens. [From.GetSheHeCap] est désormais prêt et a appareillé de [From.Location.GetName] avec ses razzieurs pour suivre l'antique voie. ;;;El mes pasado tu [From.GetRootRelation] [From.GetTitledFirstNameWithDynasty] organizó una expedición de saqueo, una expedición hacia el sur del Mar del Verano que ya está lista para partir de [From.Location.GetName] para continuar con las antiguas costumbres.;;;;;;;;;x
EVTDESCraid_events.399D;This past month your [From.GetRootRelation] [From.GetTitledFirstNameWithDynasty] has been organising a reaving, a reaving [From.GetSheHe] has announced will journey far to the east in Slaver's Bay. [From.GetSheHeCap] and [From.GetHerHis] fellow reavers are now ready, and have set sail from [From.Location.GetName] on their quest to follow the old way.;Lors de la dernière lune, votre [From.GetRootRelation] [From.GetTitledFirstNameWithDynasty] a organisé une razzia, une razzia qui a pour objectif la Baie des Serfs. [From.GetSheHeCap] est désormais prêt et a appareillé de [From.Location.GetName] avec ses razzieurs pour suivre l'antique voie. ;;;El mes pasado tu [From.GetRootRelation] [From.GetTitledFirstNameWithDynasty] organizó una expedición de saqueo, una expedición hacia el este, a la Bahía de los Esclavos que ya está lista para partir de [From.Location.GetName] para continuar con las antiguas costumbres.;;;;;;;;;x
EVTOPTAraid_events.399;Do us proud;Rends nous fiers !;;;Nos hace sentir orgullosos;;;;;;;;;x
EVTOPTBraid_events.399;Let them go, as long as they don't molest my lands;Laissez les partir, tant qu'ils ne ravagent pas mes terres.;;;Que se vayan, así no molestarán mis tierras;;;;;;;;;x
seek_raiding_redress;Seek Redress for Raiding;Demander réparation pour les pillages;;;Pedir reparación por los saqueos;;;;;;;;;x
seek_raiding_redress_desc;Some among [Root.GetTitledFirstName]'s subjects have been known to be openly raiding [From.PrimaryTitle.GetName]. Therefore [From.GetTitledFirstName] can issue a demand for compensation.;Certains des sujets de [Root.GetTitledFirstName] sont reconnus avoir ouvertement mis à sac [From.PrimaryTitle.GetName]. Par conséquent [From.GetTitledFirstName] peut demander une compensation;;;Algunos de los súbditos de [Root.GetTitledFirstName] reconocieron abiertamente que saquearon [From.PrimaryTitle.GetName]. Por consiguiente [From.GetTitledFirstName] puede pedir una compensación.;;;;;;;;;x
opinion_demanded_raiding_redress;Demanded Raiding Redress;Réparation demandée;;;Reparación solicitada;;;;;;;;;x
TOOLTIPseek_raiding_redressSUBJECT;[Root.GetTitledFirstName] has at least one subject who is known to have raided [From.GetTitledFirstName]'s lands, and has NOT already been forbidden from raiding these lands.\n;[Root.GetTitledFirstName] a au moins un sujet ayant pillé les terres de [From.GetTitledFirstName], et n'a pas déjà été interdit d'attaquer ces terres.\n;;;[Root.GetTitledFirstName] tiene al menos un súbdito que se sabe que ha saqueado las tierras de [From.GetTitledFirstName], y no ha sido ya prohibido de atacar estas tierras.\n;;;;;;;;;x
TOOLTIPraid_events.151;[Root.GetTitledFirstName] will be issued a demand that those of [Root.GetHerHis] subjects who have been raiding [From.PrimaryTitle.GetName] will pay [From.GetTitledFirstName] compensation. If they refuse, it will be just cause for war.\nThe subjects who have been raiding [From.PrimaryTitle.GetName] are:;[Root.GetTitledFirstName] recevra une requête exigeant que ses sujets ayant pillé [From.PrimaryTitle.GetName] paieront des réparations à [From.GetTitledFirstName]. S'ils refusent, cela constituerait un casus belli valide.\nLes sujets coupables de pillages sont:;;;[Root.GetTitledFirstName] recibirá una petición exigiendo que sus súbditos que hayan saqueado [From.PrimaryTitle.GetName] pagarán reparaciones a [From.GetTitledFirstName]. Si rechazan, constituirá un casus belli válido.\nLos súbditos culpables de saqueo son:;;;;;;;;;x
EVTDESCraid_events.151;[Root.GetTitledFirstNameNoRegnal], some among your subjects have been found to be pillaging the lands under my dominion. I demand that they are made to pay just recompense so that the damage caused can be repaired, else we may have to resort to force of arms to seek our redress.\n\nSigned,\n[FromFrom.GetTitledFirstNameWithDynastyAndTitle];[Root.GetTitledFirstNameNoRegnal], certains parmi vos sujets se sont rendus coupables de pillages dans les terres sous ma protection. Je demande qu'ils paient de justes compensations, afin que les dommages causés puissent être réparés, faute de quoi nous pourrions faire usage de la force pour obtenir réparation.\n\nSigné,\n[FromFrom.GetTitledFirstName] de la Maison [FromFrom.GetOnlyDynastyName];;;[Root.GetTitledFirstNameNoRegnal], algunos de sus súbditos son culpables de saquear las tierras bajo mi protección. Exijo que paguen una justa compensación, con el fin de reparar el daño causado, de lo contrario podríamos usar la fuerza para obtener reparación.\n\nFirmado,\n[FromFrom.GetTitledFirstName] de la Casa [FromFrom.GetOnlyDynastyName];;;;;;;;;x
EVTOPTAraid_events.151;Yes, it is only just;Oui, ça n'est que justice;;;Sí, no es más que justicia;;;;;;;;;x
opinion_forbid_raiding;Forbid Raiding;A interdit les raids;;;A prohibido los saqueos;;;;;;;;;x
TOOLTIPraid_events.153 ;[This.GetTitledFirstNameNoRegnal] of [This.PrimaryTitle.GetName] is issued a command to cease raiding [FromFrom.PrimaryTitle.GetName], and to pay compensation to [FromFrom.GetTitledFirstNameNoRegnal]. ;[This.GetTitledFirstNameNoRegnal] de [This.PrimaryTitle.GetName] reçoit l'ordre de cesser les raids contre [FromFrom.PrimaryTitle.GetName], et de payer des réparations à [FromFrom.GetTitledFirstNameNoRegnal]. ;;;[This.GetTitledFirstNameNoRegnal] de [This.PrimaryTitle.GetName] ha recibido la orden de cesar los saqueos contra [FromFrom.PrimaryTitle.GetName], y de pagar reparaciones a [FromFrom.GetTitledFirstNameNoRegnal]. ;;;;;;;;;x
EVTOPTBraid_events.151;Ha, that [GetRootFromFromInsult] will get nothing from me!;Ha! Ce [GetRootFromFromInsult] n'obtiendra rien de moi!;;;Ja! Este [GetRootFromFromInsult] no obtendrá nada de mí!;;;;;;;;;x
TOOLTIPraid_events.152;[FromFrom.GetTitledFirstNameNoRegnal] will be given just cause to use force of arms;[FromFrom.GetTitledFirstNameNoRegnal] obtiendra un casus belli pour employer la force des armes;;;[FromFrom.GetTitledFirstNameNoRegnal] obtendrá un casus belli para emplear la fuerza de las armas;;;;;;;;;x
EVTDESCraid_events.152;To the [GetFromRootInsult] [Root.GetTitledFirstNameNoRegnal], I am afraid I cannot accept these outrageous demands. I imagine these claims of raiding in [Root.PrimaryTitle.GetName] are fabricated, and we will not be bullied by thinly veiled threats.\n\nSigned,\n[From.GetTitledFirstNameWithDynastyAndTitle];Au [GetFromRootInsult] [Root.GetTitledFirstNameNoRegnal], j'ai peur que je ne puisse accepter ces scandaleuses exigences. J'imagine que ces prétendus pillages en [Root.PrimaryTitle.GetName] sont inventés, et nous ne seront pas intimidés par ces menaces à peine voilées.\n\nSigné,\n[From.GetTitledFirstName] de la Maison [From.GetOnlyDynastyName];;;Al [GetFromRootInsult] [Root.GetTitledFirstNameNoRegnal], me temo que no puedo aceptar estas escandalosas exigencias. Imagino que esos supuestos saqueos en [Root.PrimaryTitle.GetName] son inventados, y no nos dejaremos intimidar por estas amenazas veladas.\n\nFirmado,\n[From.GetTitledFirstName] de la Casa [From.GetOnlyDynastyName];;;;;;;;;x
EVTOPTAraid_events.152;This is unacceptable!;C'est inacceptable!;;;Es inaceptable!;;;;;;;;;x
EVTDESCraid_events.153;[Root.GetTitledFirstNameNoRegnal], it is come to my attention that you have been raiding the lands under the dominion of [FromFromFrom.GetTitledFirstName] of [FromFromFrom.PrimaryTitle.GetName]. I hereby command you stop these activities, and pay just recompense for any damaged caused.\n\nSigned,\n[From.GetTitledFirstNameWithDynastyAndTitle];[Root.GetTitledFirstNameNoRegnal], il est venu à mon attention que vous aviez attaqué les terres sous la protection de [FromFromFrom.GetTitledFirstName] de [FromFromFrom.PrimaryTitle.GetName]. Par la présente je vous ordonne de cesser ces activités et de payer un juste dédommagement pour tous les dégâts causés.\n\nSigné,\n[From.GetTitledFirstName] de la Maison [From.GetOnlyDynastyName];;;[Root.GetTitledFirstNameNoRegnal], me ha llegado a mi atención que habéis atacado las tierras bajo protección de [FromFromFrom.GetTitledFirstName] de [FromFromFrom.PrimaryTitle.GetName]. Por la presente os ordeno cesar de inmediato estas actividades y pagar una justa compensación por los daños causados.\n\nFirmado,\n[From.GetTitledFirstName] de la Casa [From.GetOnlyDynastyName];;;;;;;;;x
EVTOPTAraid_events.153;[From.PrimaryTitle.GetFOA], I of course obey your command;[From.PrimaryTitle.GetFOA], j'obéis évidemment à votre ordre;;;[From.PrimaryTitle.GetFOA], obedeceré su orden;;;;;;;;;x
TOOLTIPraid_events.153;[This.GetTitledFirstNameWithDynastyNoRegnal] of [This.PrimaryTitle.GetName] is issued a command to cease raiding the lands of [FromFrom.GetTitledFirstName], else be branded a traitor and rebel\n;[This.GetTitledFirstNameWithDynastyNoRegnal] de [This.PrimaryTitle.GetName] reçoit l'ordre de cesser de lancer des raids contre les terres de [FromFrom.GetTitledFirstName], faute de quoi il sera déclaré traître et rebelle\n;;;[This.GetTitledFirstNameWithDynastyNoRegnal] de [This.PrimaryTitle.GetName] ha recibido la orden de cesar las expediciones de saqueo contra las tierras de [FromFrom.GetTitledFirstName], de lo contrario será declarado traidor y rebelde\n;;;;;;;;;x
TOOLTIPraid_events.154;[Root.GetTitledFirstNameNoRegnal] is forbidden from rading [This.GetTitledFirstName]'s lands for 10 years;[Root.GetTitledFirstNameNoRegnal] est interdit de piller les terres de [This.GetTitledFirstName] pendant 10 ans;;;[Root.GetTitledFirstNameNoRegnal] está prohibido saquear las tierras de [This.GetTitledFirstName] durante 10 años.;;;;;;;;;x
EVTOPTBraid_events.153;Outrageous! I refuse!;Scandaleux! Je refuse!;;;Escandaloso! Lo rechazo!;;;;;;;;;x
EVTDESCraid_events.154;To the [GetFromRootCompliment] [Root.GetTitledFirstNameNoRegnal], I acknowledge the wrongs made against you and your subjects, and so have commanded [From.GetTitledFirstNameWithDynasty] to cease [From.GetHerHis] hostile activities and to pay just recompense for any damaged caused.\n\nSigned,\n[FromFrom.GetTitledFirstNameWithDynastyAndTitle];Au [GetFromRootCompliment] [Root.GetTitledFirstNameNoRegnal], j'ai pris connaissance des torts causés à vous et à vos sujets, et j'ai donc ordonné à [From.GetTitledFirstNameWithDynasty] de cesser ses activités hostiles à votre encontre et de payer de justes réparations pour tous les dommages causés.\n\nSigné,\n[FromFrom.GetTitledFirstName] de la Maison [FromFrom.GetOnlyDynastyName];;;Al [GetFromRootCompliment] [Root.GetTitledFirstNameNoRegnal], he tenido conocimiento de los daños causados a vuestras tierras, por lo que he ordenado a [From.GetTitledFirstNameWithDynasty] cesar sus expediciones de saqueo en vuestras tierras y pagar justas reparaciones par los daños causados.\n\nFirmado,\n[FromFrom.GetTitledFirstName] de la Casa [FromFrom.GetOnlyDynastyName];;;;;;;;;x
EVTOPTAraid_events.154;I am satisfied;Je suis satisfait;;;Estoy satisfecho;;;;;;;;;x
EVTDESCraid_events.155;[Root.PrimaryTitle.GetFOA], I will of course accept your command and cease raiding [FromFromFromFrom.PrimaryTitle.GetName], as well as paying the compensation due to [FromFromFromFrom.GetTitledFirstName].\n\nSigned,\n[From.GetTitledFirstNameWithDynastyAndTitle];[Root.PrimaryTitle.GetFOA], j'accepte évidemment votre ordre et cesse de mener des raids contre [FromFromFromFrom.PrimaryTitle.GetName], tout comme je paierai les réparations dus à [FromFromFromFrom.GetTitledFirstName].\n\nSigné,\n[From.GetTitledFirstName] de la Maison [From.GetOnlyDynastyName];;;[Root.PrimaryTitle.GetFOA], acepto vuestra orden de cesar de inmediato las expediciones de saqueo contra [FromFromFromFrom.PrimaryTitle.GetName], y pagaré las reparaciones debidas a [FromFromFromFrom.GetTitledFirstName].\n\nFirmado,\n[From.GetTitledFirstName] de la Casa [From.GetOnlyDynastyName];;;;;;;;;x
EVTDESCraid_events.156;To the [GetFromRootCompliment] [Root.GetTitledFirstNameNoRegnal], whilst I acknowledge the wrongs made against you and your subjects, [From.GetTitledFirstNameWithDynasty] has rejected my command to cease [From.GetHerHis] hostile activities and to pay just recompense. Therefore I hope branding [From.GetHerHim] a traitor and rebel will satisfy you.\n\nSigned,\n[FromFrom.GetTitledFirstNameWithDynastyAndTitle];Au [GetFromRootCompliment] [Root.GetTitledFirstNameNoRegnal], bien que j'ai pris connaissance des torts causés à vous et à vos sujets, [From.GetTitledFirstNameWithDynasty] a refusé d'obéir à mon ordre d'arrêter ses activités hostiles à votre encontre et de payer des réparations. Aussi j'espère que [From.GetHerHim] déclarer traître et rebelle vous satisfera.\n\nSigné,\n[FromFrom.GetTitledFirstName] de la Maison [FromFrom.GetOnlyDynastyName];;;Al [GetFromRootCompliment] [Root.GetTitledFirstNameNoRegnal], aunque soy consciente de los daños causados a vuestras tierras, [From.GetTitledFirstNameWithDynasty] ha rechazado obedecer mi orden de cesar las expediciones de saqueo en vuestras tierras y pagar justas reparaciones par los daños causados. Espero que declararle traidor y rebelde os satisfaga.\n\nFirmado,\n[FromFrom.GetTitledFirstName] de la Casa [FromFrom.GetOnlyDynastyName];;;;;;;;;x
EVTOPTAraid_events.156;It will have to do for now;Cela suffira pour le moment;;;Será suficiente por ahora;;;;;;;;;x
EVTDESCraid_events.157;To the [GetFromRootInsult] [Root.GetTitledFirstNameNoRegnal], I reject your outrageous demand to stop my raiding, as it is my right to do so! I hereby renounce my fealty to you.\n\nSigned,\n[From.GetTitledFirstNameWithDynastyAndTitle];Au [GetFromRootInsult] [Root.GetTitledFirstNameNoRegnal], je rejette votre scandaleuse demande de cesser mes raids, ainsi que j'en ai le droit! Par la présente je renonce à mon serment de fidélité envers vous.\n\nSigné,\n[From.GetTitledFirstName] de la Maison [From.GetOnlyDynastyName];;;Al [GetFromRootInsult] [Root.GetTitledFirstNameNoRegnal], rechazo su escandalosa demanda de cesar las expediciones de saqueo, ya que estoy en mi derecho! Por la presente renuncio a mi juramento de lealtad hacia vos.\n\nFirmado,\n[From.GetTitledFirstName] de la Casa [From.GetOnlyDynastyName];;;;;;;;;x
EVTOPTAraid_events.157;War it is then;Alors c'est la guerre;;;Guerra pues;;;;;;;;;x
opinion_stopped_raiding;Stopped Raiding;A mis fin au raid;;;Puso fin a los saqueos;;;;;;;;;x
opinion_failed_to_stop_raiding;Failed to Stop Raiding;A échouer à mettre fin au raid;;;No logró poner fin a los saqueos;;;;;;;;;x
reaving_party_skill;Raiding Party Strength;Force du raid;;;Fuerza de la Expedición de Saqueo;;;;;;;;;x
EVTDESCraid_events.160;Shall I take my [Root.GetShipName] on this reaving? She would surely improve our raiding force.;Dois-je utiliser mon navire amiral '[Root.GetTitledFirstName]' lors de cette razzia ? Cela renforcerait notre puissance.;;;Debería utilizar mi buque insignia '[Root.GetTitledFirstName]' en esta expedición de saqueo? Esto reforzaría nuestro poder.;;;;;;;;;x
EVTOPTAraid_events.160;Yes, I will captain her myself!;Oui, je vais le commander moi-même !;;;Sí, lo comandaré yo mismo!;;;;;;;;;x
EVTOPTBraid_events.160;I will not risk my best ship;Je ne vais pas mettre en danger mon meilleur bateau;;;No pondré en peligro mi mejor barco;;;;;;;;;x
EVTDESCraid_events.161;The battle with the enemy fleet was hard fought, but ultimately lost. The [Root.GetShipName] was at the heart of the battle, but she was ultimately sunk by the enemy.;La bataille contre la flotte ennemie fut rude, et à la fin nous avons perdu. Le navire amiral '[Root.GetTitledFirstName]' était au cœur des combats et a été coulé par l'ennemi.;;;La batalla contra la flota enemiga fue muy dura, y al final perdimos. El buque insignia '[Root.GetTitledFirstName]' estaba en el corazón de la batalla y fue hundido por el enemigo.;;;;;;;;;x
EVTOPTAraid_events.161;She will be missed;Il nous manquera !;;;Lo extrañaremos!;;;;;;;;;x
ShipName_no_flagship;ship;;;;barco;;;;;;;;;x
ShipName_flagship_name;flagship '[flagship_name.GetName]';navire amiral '[This.GetTitledFirstName]';;;buque insignia '[flagship_name.GetName]';;;;;;;;;x
ShipName_flagship_name_SELF;flagship '[This.GetTitledFirstName]';navire amiral '[This.GetTitledFirstName]';;;buque insignia '[This.GetTitledFirstName]';;;;;;;;;x
ShipName_flagship_name_FATHER;flagship '[This.Father.GetTitledFirstName]';navire amiral '[This.Father.GetTitledFirstName]';;;buque insignia '[This.Father.GetTitledFirstName]';;;;;;;;;x
ShipName_flagship_name_SPOUSE;flagship '[This.Spouse.GetTitledFirstName]';navire amiral '[This.Spouse.GetTitledFirstName]';;;buque insignia '[This.Spouse.GetTitledFirstName]';;;;;;;;;x
ShipName_flagship_name_GOD;flagship '[This.Religion.GetHighGodName]';navire amiral '[This.Religion.GetHighGodName]';;;buque insignia '[This.Religion.GetHighGodName]';;;;;;;;;x
ShipName_flagship_name_DYNASTY;flagship '[This.GetOnlyDynastyName]';navire amiral '[This.GetOnlyDynastyName]';;;buque insignia '[This.GetOnlyDynastyName]';;;;;;;;;x
ShipName_flagship_name_PROVINCE;flagship '[flagship_name.GetName]';navire amiral '[flagship_name.GetName]';;;buque insignia '[flagship_name.GetName]';;;;;;;;;x
ShipName_flagship_name_TARGET;flagship '[flagship_name.GetFirstName]';navire amiral '[flagship_name.GetFirstName]';;;buque insignia '[flagship_name.GetFirstName]';;;;;;;;;x
TOOLTIPraid_events.4RESPECT;The Ironborn warriors in your court and realm respect you for your reaving, improving their opinion of you;;;;Los hijos del hierro guerreros en tu corte y reino te respetan por tu actuación, mejorando su opinión sobre ti;;;;;;;;;x
EVTOPTCraid_events.151;Launch an investigation;;;;Lanzar una investigación;;;;;;;;;x
TOOLTIPraid_events.1521;You conduct a thorough investigation and have its findings delivered to [FromFrom.GetTitledFirstName], satisfying [FromFrom.GetHerHim]. Raiding of [FromFrom.PrimaryTitle.GetName] will be stopped for 2 years.;;;;Realiza una investigación exhaustiva y envía los resultados a [FromFrom.GetTitledFirstName], que aatisfaga a [FromFrom.GetHerHim]. La incursión de [FromFrom.PrimaryTitle.GetName] se detendrá durante 2 años.;;;;;;;;;x
EVTOPTDraid_events.151;I have evidence which proves this is false;;;;Tengo evidencia que prueba que esto es falso;;;;;;;;;x
TOOLTIPraid_events.1522;You poke holes in [FromFrom.GetTitledFirstName]'s evidence, clearing you and your vassals of any wrongdoing;;;;Haces agujeros en la evidencia de [FromFrom.GetTitledFirstName], despejando a ti y a tus vasallos de cualquier fechoría.;;;;;;;;;x
EVTDESCraid_events.1521;To the [GetFromRootCompliment] [Root.GetTitledFirstNameNoRegnal], your reports of my vassals raiding your lands is most concerning. Rest assured I have conducted a thorough and lengthy investigation, the details of which accompany this letter. The responsible individuals have been reprimanded and made aware of your displeasure.\nSigned,\n[From.GetTitledFirstNameWithDynastyAndTitle];;;;Para el [GetFromRootCompliment] [Root.GetTitledFirstNameNoRegnal], tus informes de mis vasallos asaltando tus tierras son muy preocupantes. Tenga la seguridad de que he llevado a cabo una investigación exhaustiva y prolongada, cuyos detalles acompañan a esta carta. Las personas responsables han sido advertidas y han dicho que no volverá a pasar.\nFirmado,\n[From.GetTitledFirstNameWithDynastyAndTitle];;;;;;;;;x
EVTOPTAraid_events.1521;I guess this will suffice!;;;;¡Supongo que esto será suficiente!;;;;;;;;;x
EVTDESCraid_events.1522;To the [GetFromRootCompliment] [Root.GetTitledFirstNameNoRegnal], whilst I do not doubt the sincerity of your allegations, I present with this letter irrefutable proof that the men pillaging your lands were not associated with me or my subjects. Raids can be chaotic, and the bandits mistaken for my subjects were probably just petty pirates.\nSigned,\n[From.GetTitledFirstNameWithDynastyAndTitle];;;;Para [GetFromRootCompliment] [Root.GetTitledFirstNameNoRegnal], aunque no dudo de la sinceridad de sus alegaciones, presento con esta carta una prueba irrefutable de que los hombres que saquearon sus tierras no estaban asociados a mí ni a mis súbditos. Los ataques pueden ser caóticos, y los bandidos confundidos con mis súbditos probablemente solo eran pequeños piratas.\nFirmado,\n[From.GetTitledFirstNameWithDynastyAndTitle];;;;;;;;;x
EVTOPTAraid_events.1522;I am convinced;;;;Estoy convencido;;;;;;;;;x
EVTOPTCraid_events.153;I will send a sincere explanation;;;;Enviaré una explicación sincera;;;;;;;;;x
TOOLTIPraid_events.158;You placate [Prev.GetTitledFirstNameWithDynasty] with an official delegation of courtiers. Raiding of [Prev.PrimaryTitle.GetName] will be stopped for 2 years.;;;;Usted aplaca a [Prev.GetTitledFirstNameWithDynasty] con una delegación oficial de cortesanos. La incursión de [Prev.PrimaryTitle.GetName] se detendrá durante 2 años.;;;;;;;;;x
EVTOPTDraid_events.153;I have proof that it was not me who did these raids;;;;Tengo pruebas de que no fui yo quien hizo estas incursiones;;;;;;;;;x
TOOLTIPraid_events.1591;You poke holes in [Prev.GetTitledFirstNameWithDynasty]'s evidence, clearing you and your vassals of any wrongdoing;;;;Haces agujeros en la evidencia de [Prev.GetTitledFirstNameWithDynasty], despejando a ti y a tus vasallos de cualquier fechoría;;;;;;;;;x
EVTDESCraid_events.158;To the [GetFromRootCompliment] [Root.GetTitledFirstNameNoRegnal], I am deeply regretful that your lands have been molested by my men. At the behest of  [FromFrom.GetTitledFirstNameNoRegnal] I have sent you an official delegation to explain what happened, and the responsible individuals have been reprimanded and made aware of your displeasure.\nSigned,\n[From.GetTitledFirstNameWithDynastyAndTitle];;;;Para [GetFromRootCompliment] [Root.GetTitledFirstNameNoRegnal], estoy profundamente arrepentido de que sus tierras hayan sido saqueadas por mis hombres. A instancias de [FromFrom.GetTitledFirstNameNoRegnal], le he enviado una delegación oficial para explicarle lo que sucedió, y los responsables han sido advertidos y han dicho que no volverá a pasar.\nFirmado,\n[From.GetTitledFirstNameWithDynastyAndTitle];;;;;;;;;x
EVTOPTAraid_events.158;This explanation would seem satisfactory;;;;Esta explicación es satisfactoria;;;;;;;;;x
EVTDESCraid_events.159;[Root.PrimaryTitle.GetFOA], I am shocked to hear that some of my men took rogue action and raided [FromFromFrom.PrimaryTitle.GetName]. Rest assured I have sent an official delegation to [FromFromFrom.GetTitledFirstNameWithDynasty] to explain what happened, and that [FromFromFrom.GetSheHe] is now satisfied.\n\nSigned,\n[From.GetTitledFirstNameWithDynastyAndTitle];;;;[Root.PrimaryTitle.GetFOA], me sorprende escuchar que algunos de mis hombres tomaron una acción deshonesta y allanaron [FromFromFrom.PrimaryTitle.GetName]. Tenga la seguridad de que he enviado una delegación oficial a [FromFromFrom.GetTitledFirstNameWithDynasty] para explicar lo que sucedió, y que [FromFromFet.heeth] está ahora satisfecho.\n\nFirmado,\n[From.GetTitledFirstNameWithDynastyAndTitle];;;;;;;;;x
EVTOPTAraid_events.159;This is good to hear;;;;Escuchar esto es bueno;;;;;;;;;x
EVTDESCraid_events.1591;To the [GetFromRootCompliment] [Root.GetTitledFirstNameNoRegnal], whilst I do not doubt the sincerity of your allegations, I present with this letter irrefutable proof that the men pillaging your lands were not associated with me, my subjects or [FromFrom.GetTitledFirstNameNoRegnal]. Raids can be chaotic, and the bandits mistaken for my subjects were probably just petty pirates.\nSigned,\n[From.GetTitledFirstNameWithDynastyAndTitle];;;;Para [GetFromRootCompliment] [Root.GetTitledFirstNameNoRegnal], aunque no dudo de la sinceridad de sus alegaciones, presento con esta carta una prueba irrefutable de que los hombres que saquearon sus tierras no estaban asociados a mí, ni a mis súbditos ni a [FromFrom.GetTitledFirstNameNoRegnal]. Los saqueos pueden ser caóticos, y los bandidos confundidos con mis súbditos probablemente solo eran pequeños piratas.\nFirmado,\n[From.GetTitledFirstNameWithDynastyAndTitle];;;;;;;;;x
EVTOPTAraid_events.1591;It seems [From.GetSheHe] is correct;;;;Parece que [From.GetSheHe] dice la verdad;;;;;;;;;x
EVTDESCraid_events.1592;[Root.PrimaryTitle.GetFOA], [FromFromFrom.GetTitledFirstNameWithDynasty]'s allegations are clearly false. I accompany with this letter irrefutable proof that the men pillaging [FromFromFrom.PrimaryTitle.GetName] were not associated with me, my subjects or yourself. I have sent this proof to [FromFromFrom.Capital.GetName] which will no doubt close the matter.\n\nSigned,\n[From.GetTitledFirstNameWithDynastyAndTitle];;;;Las alegaciones de [Root.PrimaryTitle.GetFOA], [FromFromFet.GetTitledFirstNameWithDynasty] son claramente falsas. Acompañé con esta carta una prueba irrefutable de que los hombres que saquearon [FromFromFrom.PrimaryTitle.GetName] no estaban asociados a mí, ni a mis súbditos ni a usted mismo. He enviado esta prueba a [FromFromFrom.Capital.GetName] que sin duda cerrará el asunto.\n\nFirmado,\n[From.GetTitledFirstNameWithDynastyAndTitle];;;;;;;;;x
EVTOPTAraid_events.1592;This proof seems flimsy, but as long as it clears us!;;;;!Esta prueba parece tiene poca solidez, pero mientras se aclare!;;;;;;;;;x
