stillborn;Stillborn;Mort-né;;;Mortinato;;;;;;;;;x;
stillborn_desc;This child was dead at birth.;Cet enfant est mort à la naissance.;;;Este niño murió al nacer.;;;;;;;;;x;
stillborn_death;stillborn;mort-né.;;;mortinato;;;;;;;;;x;
EVTOPTB400;I'll have to ask for some moon tea.;Je vais devoir demander du thé de lune.;;;Tendré que pedir té de la luna.;;;;;;;;;x;
TOOLTIPSTILLBIRTH;The child will be stillborn.\n;L'enfant sera mort-né.;;;El niño será un mortinato.;;;;;;;;;x;
EVTOPTA402;I suppose it's time to come clean about the affair.;Je suppose qu'il est temps de tout dire sur cette affaire.;;;Supongo que es hora de decir la verdad sobre este asunto...;;;;;;;;;x;
EVTOPTC402;Perhaps, but [Root.Spouse.GetFirstName] doesn't know that...;Peut-être, mais [Root.Spouse.GetFirstName] ne le sait pas…;;;Tal vez, pero [Root.Spouse.GetFirstName] no lo sabe…;;;;;;;;;x;
EVTTOOLTIP404;You tell [This.GetFirstName] you are expecting his child, he will suspect something is not right...;va apprendre qu'il ne s'agit pas de son enfant.;;;se enterará de tu aventura.;;;;;;;;;x;
EVTTOOLTIP40499;You confess to [This.GetFirstName] of your adultery;;;;Usted confiesa [This.GetFirstName] de su adulterio;;;;;;;;;x;
EVTDESC40499;At first, you were overjoyed to learn that [From.GetFirstName] was pregnant - but that joy turned to rage as she confessed that you weren't the father.;C'est d'abord avec joie que vous avez appris la grossesse de [From.GetFirstName], mais celle-ci a rapidement fait place à la colère lorsqu'elle vous a avoué que vous n'étiez pas le père. ;;;Te alegraste mucho al enterarte del embarazo de [From.GetFirstName], pero esa alegría se volvió rabia cuando te confesó que no eras el padre. ;;;;;;;;;x;
EVTOPTA40499;This will have to be dealt with.;Il va fallloir faire avec.;;;Algo habrá que hacer.;;;;;;;;;x;
EVTTOOLTIP405;Your lover [This.GetFirstName] reacts to your confession.;réagit à vos aveux.;;;reacciona a tu confesión.;;;;;;;;;x;
EVTDESC405;As you arrive at court, you see [From.Spouse.GetTitledFirstName] fix you with a steely gaze. At first, you think nothing of it, but you soon hear the talk of the court. Everyone knows that [From.GetFirstName] is pregnant - and worse, everyone knows that you're the father! She has confessed to the entire affair!;A votre arrivée à la cour vous êtes accueilli par le regard froid de [From.Spouse.GetTitledFirstName]. Au début vous n'y avez pas prêté grande attention, mais vous avez rapidement entendu les rumeurs dont bruissait la cour. Tout le monde sait que [From.GetFirstName] est enceinte, mais pire que cela, tout le monde sait que vous êtes le père ! Elle a tout avoué !;;;Al llegar a la corte [From.Spouse.GetTitledFirstName] te recibe con la mirada fría. Al principio no prestas atención, pero rápidamente te enteras de los rumores que corren por la corte. Todo el mundo sabe que [From.GetFirstName] está embarazada, pero lo peor de todo es que todo el mundo sabe que eres el padre! Ella lo ha confesado todo!;;;;;;;;;x;
EVTOPTA405;That treacherous whore!;La traîtresse ! La catin !;;;Esa puta traidora!;;;;;;;;;x;
EVTOPTB405;I suppose she had no choice...;Je suppose qu'elle n'avait pas d'autres choix…;;;Supongo que no habrá tenido otra opción.;;;;;;;;;x;
EVTDESC406;[From.GetFirstName] claims she has started to show signs of pregnancy after your last night of lovemaking, but she says she will drink some moon tea to prevent any scandalous birth.;[From.GetFirstName] dit qu'elle a perçu les signes d'une grossesse après la dernière nuit passée avec vous, mais qu'elle a bu du thé de lune pour prévenir toute naissance scandaleuse. ;;;[From.GetFirstName] dice que ha notado síntomas de embarazo tras la última noche que pasastéis juntos, pero que ha bebido té de la luna para evitar un nacimiento escandaloso.;;;;;;;;;x;
EVTDESC406B;Your [From.GetRootRelation] [From.GetFirstName] says the pregnancy of your illicit child has proved difficult, so she will drink some moon tea to prevent any complications.;[From.GetFirstName] dit qu'elle a perçu les signes d'une grossesse après la dernière nuit passée avec vous, mais qu'elle a bu du thé de lune pour prévenir toute naissance scandaleuse. ;;;[From.GetFirstName] dice que ha notado síntomas de embarazo tras la última noche que pasastéis juntos, pero que ha bebido té de la luna para evitar un nacimiento escandaloso.;;;;;;;;;x;
EVTOPTA406;At least the secret is safe.;Au moins le secret ne sera pas connu.;;;Al menos el secreto no será conocido.;;;;;;;;;x;
EVTDESC407;[From.GetFirstName] claims she started to show signs of pregnancy after your last night of lovemaking, but that she plans to pass the child off as her husband's.;[From.GetFirstName] dit qu'elle a perçu les signes d'une grossesse après la dernière nuit passée avec vous et qu'elle veut faire passer l'enfant pour celui de son mari. ;;;[From.GetFirstName] dice que ha notado síntomas de embarazo tras la última noche que pasastéis juntos y quiere hacer pasar el niño como si fuese de su marido.;;;;;;;;;x;
EVTOPTA407;At least the secret is safe.;Au moins le secret ne sera pas connu.;;;Al menos el secreto no será conocido.;;;;;;;;;x;
EVTDESC381;It was long and hard night - and in the end, it seems, for nothing. Little [From.GetFirstName] never lived.;Ce fut une longue et dure nuit. Triste également, puisque [From.GetFirstName] n'a pas vécu.;;;Fue una dura y larga noche. También triste, ya que [From.GetFirstName] nunca vivirá.;;;;;;;;;x;
EVTOPTA381;Words fail me...;Les mots me manquent…;;;Me faltan las palabras...;;;;;;;;;x;
EVTOPTA381B;The moontea worked as planned;Le thé de lune a fonctionné comme il était prévu;;;El té de la luna ha funcionado como estaba previsto;;;;;;;;;x;
EVTOPTB381;I want all the midwives and wet nurses questioned!;Je veux que l'on questionne toutes les nourrisses et sage-femmes !;;;Quiero que se interrogue a todas las nodrizas y parteras!;;;;;;;;;x;
TOOLTIP381CRUEL;You have the midwives, wet nurses and all their family tortured to death under questioning\n;Les nourrisses, les sage-femmes et leurs familles sont torturés à mort\n;;;Quiero que todas las nodrizas y parteras y sus familias sean interrogadas hasta la muerte!\n;;;;;;;;;x;
EVTDESC382;We have had disturbing news from [From.Capital.GetName] of another atrocity commited by your [From.GetRootRelation] [From.GetTitledFirstName]. Apparently [FromFrom.Mother.GetTitledFirstName] bore him a stillborn child, which triggered a terrible rage. He ordered all the midwives and wet nurses, as well as all their family, be put into the dungeon and severely questioned. It is reported none survived the horrific torture.;Nous avons reçu des nouvelles très inquiétantes en provenance de [From.Capital.GetName], il s'agit de nouvelles atrocités commises par votre [From.GetRootRelation] [From.GetTitledFirstName]. Apparemment [FromFrom.Mother.GetTitledFirstName] a donné naissance à un enfant mort-né, ce qui l'a fait entrer dans une terrible rage. Il a ordonné que toutes les nourrisses, sage-femmes et leurs familles soient arrêtés et sévèrement interrogés. Il semble qu'aucun d'entre eux n'a survécu aux tortures.;;;Hemos recibido noticias muy inquietantes de [From.Capital.GetName], se trata de nuevas atrocidades cometidas por tu [From.GetRootRelation] [From.GetTitledFirstName]. Al parecer, [FromFrom.Mother.GetTitledFirstName] dió a luz a un mortinato, y enloqueció. Ordenó que todas las parteras y nodrizas y sus familias fuerab detenidas y severamente interrogadas. Parece que nadie ha sobrevivido a las torturas.;;;;;;;;;x;
EVTOPTA382;He is truly mad;Il est vraiment fou.;;;Está verdaderamente loco.;;;;;;;;;x;
plot_investigate_legitimacy_title;Investigate [This.GetTitledFirstNameWithDynasty]'s Legitimacy;Enquêter sur la légitimité de [This.GetTitledFirstNameWithDynasty];;;Investigar la legitimidad de [This.GetTitledFirstNameWithDynasty];;;;;;;;;x;
plot_investigate_legitimacy_desc;[From.GetTitledFirstName] suspects that [This.Father.GetTitledFirstName] may not be [This.GetTitledFirstName]'s real father, and intends to prove it.;[From.GetTitledFirstName] suspecte que [This.Father.GetTitledFirstName] pourrait ne pas être le père de [This.GetTitledFirstName] et il a l'intention de le prouver. ;;;[From.GetTitledFirstName] sospecha que [This.Father.GetTitledFirstName] podría no ser el padre de [This.GetTitledFirstName] y tiene la inteción de probarlo.;;;;;;;;;x;
EVTDESCPIL0;You've been studying [Root.PlotTarget.GetTitledFirstName] for some time now, and have begun to confirm your suspicions. [Root.PlotTarget.GetSheHeCap] seems so different from [Root.PlotTarget.GetHerHis] alleged father. How could [Root.PlotTarget.GetSheHe] truly be [Root.PlotTarget.Father.GetTitledFirstName]'s child?;Vous avez longuement observé [Root.PlotTarget.GetTitledFirstName] ce qui n'a fait que confirmer vos soupçons. [Root.PlotTarget.GetSheHeCap] ressemble si peu à son soi-disant père. Comment pourrait-[Root.PlotTarget.GetSheHe] être son enfant ? ;;;Has observado durante mucho tiempo a [Root.PlotTarget.GetTitledFirstName] y confirmas tus sopechas. [Root.PlotTarget.GetSheHeCap] no se parece en nada a su supuesto padre. Cómo podría [Root.PlotTarget.GetSheHe] ser su hijo? ;;;;;;;;;x;
EVTDESCPIL0B;You've been studying [Root.PlotTarget.GetTitledFirstName] for some time now, and, after consulting the book of lineages, have begun to confirm your suspicions. [Root.PlotTarget.GetSheHeCap] seems so different from [Root.PlotTarget.GetHerHis] alleged father. How could [Root.PlotTarget.GetSheHe] truly be [Root.PlotTarget.Father.GetTitledFirstName]'s child?;Vous avez longuement observé [Root.PlotTarget.GetTitledFirstName] ce qui n'a fait que confirmer vos soupçons. [Root.PlotTarget.GetSheHeCap] ressemble si peu à son soi-disant père. Comment pourrait-[Root.PlotTarget.GetSheHe] être son enfant ? ;;;Has observado durante mucho tiempo a [Root.PlotTarget.GetTitledFirstName] y confirmas tus sopechas. [Root.PlotTarget.GetSheHeCap] no se parece en nada a su supuesto padre. Cómo podría [Root.PlotTarget.GetSheHe] ser su hijo? ;;;;;;;;;x;
EVTOPTAPIL0;The seed is strong...;La graine est vigoureuse…;;;La semilla es fuerte...;;;;;;;;;x;
EVTDESCPIL1;You've been keeping one watchful eye on the subject of your investigation, and you've begun to confirm your suspicions. They seem to be nothing like their alleged father.;Vous avez poursuivi vos investigations et elles semblent tous les jours confirmer un peu plus vos soupçons. [Root.PlotTarget.GetTitledFirstName] n'ont rien en commun avec leur 'père'. ;;;Continúas tus investigaciones y poco a poco vas confirmando tus sospechas. [Root.PlotTarget.GetTitledFirstName] no tiene nada en común con su 'padre'. ;;;;;;;;;x;
EVTDESCPIL1B;You've been keeping one watchful eye on the subject of your investigation, and, after consulting the book of lineages, you've begun to confirm your suspicions. They seem to be nothing like their alleged father.;Vous avez poursuivi vos investigations et elles semblent tous les jours confirmer un peu plus vos soupçons. [Root.PlotTarget.GetTitledFirstName] n'ont rien en commun avec leur 'père'. ;;;Continúas tus investigaciones y poco a poco vas confirmando tus sospechas. [Root.PlotTarget.GetTitledFirstName] no tiene nada en común con su 'padre'. ;;;;;;;;;x;
EVTOPTAPIL1;The seed is strong...;La graine est vigoureuse…;;;La semilla es fuerte...;;;;;;;;;x;
EVTTOOLTIPPIL1;completely lacks [This.GetHerHis] father's nature.\n;est complètement différent(e) de son père.;;;es completamente diferente a su padre.;;;;;;;;;x;
EVTTOOLTIPPIL2;will want to know what you've learned.;veut savoir ce que vous avez appris.;;;quiere saber lo que habéis averiguado.;;;;;;;;;x;
EVTDESCPIL2;[From.GetTitledFirstName] comes to you with the results of the investigation. [From.GetSheHeCap] points out that [Root.PlotTarget.GetTitledFirstName] seems to lack the distinguishing features of [Root.PlotTarget.GetHerHis] alleged father.;[From.GetTitledFirstName] vient à vous avec les résultats de son enquête. [From.GetSheHeCap] fait remarquer que [Root.PlotTarget.GetTitledFirstName] semble ne partager aucune des grands traits de son 'père'. ;;;[From.GetTitledFirstName] regresa con los resultados de su investigación. Indica que [Root.PlotTarget.GetTitledFirstName] no parece compartir ningún rasgo de su 'padre'. ;;;;;;;;;x;
EVTOPTAPIL2;The seed is strong...;La graine est vigoureuse…;;;La semilla es fuerte...;;;;;;;;;x;
EVTDESCPIL3;You've been studying [Root.PlotTarget.GetTitledFirstName] for some time now, and have begun to confirm your suspicions. Something about [Root.PlotTarget.GetHerHim] doesn't add up - [Root.PlotTarget.GetSheHe] doesn't get it from [Root.PlotTarget.GetHerHis] mother, and [Root.PlotTarget.GetSheHe] CERTAINLY doesn't get it from [Root.PlotTarget.GetHerHis] 'father.' Where could it come from?;Vous avez longuement observé [Root.PlotTarget.GetTitledFirstName] ce qui n'a fait que confirmer vos soupçons. Quelque chose à propos de(') [Root.PlotTarget.GetHerHim] qui ne va pas. [Root.PlotTarget.GetSheHe] ne l'a pas hérité de sa mère et certainement pas de son soi-disant 'père'. D'où cela peut-t-il venir ? ;;;Has observado durante mucho tiempo a [Root.PlotTarget.GetTitledFirstName] y confirmas tus sopechas. Alguna cosa no cuadra, [Root.PlotTarget.GetSheHe] no la ha heredado de su madre ni tampoco de su supuesto padre. De dónde le ha podido venir?;;;;;;;;;x;
EVTDESCPIL3B;You've been studying [Root.PlotTarget.GetTitledFirstName] for some time now, and, after consulting the book of lineages, have begun to confirm your suspicions. Something about [Root.PlotTarget.GetHerHim] doesn't add up - [Root.PlotTarget.GetSheHe] doesn't get it from [Root.PlotTarget.GetHerHis] mother, and [Root.PlotTarget.GetSheHe] CERTAINLY doesn't get it from [Root.PlotTarget.GetHerHis] 'father'. Where could it come from?;Vous avez longuement observé [Root.PlotTarget.GetTitledFirstName] ce qui n'a fait que confirmer vos soupçons. Quelque chose à propos de(') [Root.PlotTarget.GetHerHim] qui ne va pas. [Root.PlotTarget.GetSheHe] ne l'a pas hérité de sa mère et certainement pas de son soi-disant 'père'. D'où cela peut-t-il venir ? ;;;Has observado durante mucho tiempo a [Root.PlotTarget.GetTitledFirstName] y confirmas tus sopechas. Alguna cosa no cuadra, [Root.PlotTarget.GetSheHe] no la ha heredado de su madre ni tampoco de su supuesto padre. De dónde le ha podido venir?;;;;;;;;;x;
EVTOPTAPIL3;The seed is strong...;La graine est vigoureuse…;;;La semilla es fuerte...;;;;;;;;;x;
EVTDESCPIL4;You've been keeping one watchful eye on the subject of your investigation, and you've begun to confirm your suspicions. Something about them doesn't add up - they don't get it from their mother, and they CERTAINLY don't get it from their 'father.' What could it be?;Vous avez poursuivi vos investigations et elles semblent tous les jours confirmer un peu plus vos soupçons. Il y a quelque chose chose chez eux qui ne va pas. Ils ne l'ont pas hérité de leur mère et certainement pas de leur soi-disant 'père'. Qu'est-ce que cela peut-être ?;;;Has seguido investigando durante mucho tiempo y confirmas tus sopechas. Alguna cosa no cuadra, no lo han heredado de su madre ni tampoco de su supuesto padre. De dónde les ha podido venir?;;;;;;;;;x;
EVTDESCPIL4B;You've been keeping one watchful eye on the subject of your investigation, and, after consulting the book of lineages, you've begun to confirm your suspicions. Something about them doesn't add up - they don't get it from their mother, and they CERTAINLY don't get it from their 'father'. What could it be?;Vous avez poursuivi vos investigations et elles semblent tous les jours confirmer un peu plus vos soupçons. Il y a quelque chose chose chez eux qui ne va pas. Ils ne l'ont pas hérité de leur mère et certainement pas de leur soi-disant 'père'. Qu'est-ce que cela peut-être ?;;;Has seguido investigando durante mucho tiempo y confirmas tus sopechas. Alguna cosa no cuadra, no lo han heredado de su madre ni tampoco de su supuesto padre. De dónde les ha podido venir?;;;;;;;;;x;
EVTOPTAPIL4;The seed is strong...;La graine est vigoureuse…;;;La semilla es fuerte...;;;;;;;;;x;
EVTTOOLTIPPIL4;seems different from both [This.GetHerHis] parents.\n;semble différent de ses deux parents. ;;;parece diferente a sus padres.;;;;;;;;;x;
EVTTOOLTIPPIL5;will want to know what you've learned.;veut savoir ce que vous avez appris.;;;quiere saber lo que habéis averiguado.;;;;;;;;;x;
EVTDESCPIL5;[From.GetTitledFirstName] comes to you with the results of the investigation. [From.GetSheHeCap] points out that [Root.PlotTarget.GetTitledFirstName] has distinguishing features that couldn't have come from [Root.PlotTarget.GetHerHis] mother OR [Root.PlotTarget.GerHerHis] alleged father.;[From.GetTitledFirstName] vient à vous avec les résultats de son enquête. [From.GetSheHeCap] fait remarquer que [Root.PlotTarget.GetTitledFirstName] semble ne partager aucun des grands traits de sa mère et de son père.;;;[From.GetTitledFirstName] regresa con los resultados de su investigación. Indica que [Root.PlotTarget.GetTitledFirstName] no parece compartir ningún rasgo de su 'padre'.;;;;;;;;;x;
EVTOPTAPIL5;The seed is strong...;La graine est vigoureuse…;;;La semilla es fuerte...;;;;;;;;;x;
EVTDESCPIL6;You've been studying [Root.PlotTarget.GetTitledFirstName] for some time now, and have begun to confirm your suspicions. It all seems perfectly obvious in hindsight, of course. [Root.PlotTarget.GetSheHeCap] looks NOTHING like [Root.PlotTarget.GetHerHis] alleged father. How could you have not see it before?;Vous avez longuement observé [Root.PlotTarget.GetTitledFirstName] ce qui n'a fait que confirmer vos soupçons. Tout semble désormais évident. [Root.PlotTarget.GetSheHeCap] ne ressemble pas du tout à son soi-disant 'père'. Comment n'avez-vous pas pu vous en apercevoir plus tôt ?;;;Has observado durante mucho tiempo a [Root.PlotTarget.GetTitledFirstName] y confirmas tus sopechas. Todo parece evidente. [Root.PlotTarget.GetSheHeCap] no se parece en nada a su supuesto padre. Cómo podría [Root.PlotTarget.GetSheHe] ser su hijo? Cómo no te habías dado cuenta antes?;;;;;;;;;x;
EVTDESCPIL6B;You've been studying [Root.PlotTarget.GetTitledFirstName] for some time now, and, after consulting the book of lineages, have begun to confirm your suspicions. It all seems perfectly obvious in hindsight, of course. [Root.PlotTarget.GetSheHeCap] looks NOTHING like [Root.PlotTarget.GetHerHis] alleged father. How could you have not see it before?;Vous avez longuement observé [Root.PlotTarget.GetTitledFirstName] ce qui n'a fait que confirmer vos soupçons. Tout semble désormais évident. [Root.PlotTarget.GetSheHeCap] ne ressemble pas du tout à son soi-disant 'père'. Comment n'avez-vous pas pu vous en apercevoir plus tôt ?;;;Has observado durante mucho tiempo a [Root.PlotTarget.GetTitledFirstName] y confirmas tus sopechas. Todo parece evidente. [Root.PlotTarget.GetSheHeCap] no se parece en nada a su supuesto padre. Cómo podría [Root.PlotTarget.GetSheHe] ser su hijo? Cómo no te habías dado cuenta antes?;;;;;;;;;x;
EVTOPTAPIL6;The seed is strong...;La graine est vigoureuse…;;;La semilla es fuerte...;;;;;;;;;x;
EVTDESCPIL7;You've been keeping one watchful eye on the subject of your investigation, and you've begun to confirm your suspicions. It all seems perfectly obvious in hindsight, of course. They look NOTHING like their alleged father. How could you have not seen it before?;Vous avez longuement observé [Root.PlotTarget.GetTitledFirstName] ce qui n'a fait que confirmer vos soupçons. Tout semble désormais évident. Ils ne ressemblent pas du tout à leur soi-disant 'père'. Comment n'avez-vous pas pu vous en apercevoir plus tôt ?;;;Has seguido investigando durante mucho tiempo y confirmas tus sopechas. Todo parece evidente. No se parecen en nada a su supuesto padre. Cómo podrían ser sus hijos? Cómo no te habías dado cuenta antes?;;;;;;;;;x;
EVTDESCPIL7B;You've been keeping one watchful eye on the subject of your investigation, and, after consulting the book of lineages, you've begun to confirm your suspicions. It all seems perfectly obvious in hindsight, of course. They look NOTHING like their alleged father. How could you have not seen it before?;Vous avez longuement observé [Root.PlotTarget.GetTitledFirstName] ce qui n'a fait que confirmer vos soupçons. Tout semble désormais évident. Ils ne ressemblent pas du tout à leur soi-disant 'père'. Comment n'avez-vous pas pu vous en apercevoir plus tôt ?;;;Has seguido investigando durante mucho tiempo y confirmas tus sopechas. Todo parece evidente. No se parecen en nada a su supuesto padre. Cómo podrían ser sus hijos? Cómo no te habías dado cuenta antes?;;;;;;;;;x;
EVTOPTAPIL7;The seed is strong...;La graine est vigoureuse…;;;La semilla es fuerte...;;;;;;;;;x;
EVTTOOLTIPPIL7;looks nothing like [This.GetHerHis] father!\n;Vous avez longuement observé [Root.PlotTarget.GetTitledFirstName] ce qui n'a fait que confirmer vos soupçons. En fouillant dans les archives vous êtes tombé sur une lettre, écrite par [Root.PlotTarget.Father.GetTitledFirstName] et destinée à [Root.PlotTarget.Mother.GetTitledFirstName]. Elle date de neuf mois avant la naissance de [Root.PlotTarget.GetFirstName] ! Comment [Root.PlotTarget.Father.GetFirstName] peut-il être le véritable père si il n'était pas présent lorsque l'enfant fut conçu ? ;;;no se parece en nada a su padre!\n;;;;;;;;;x;
EVTTOOLTIPPIL8;will want to know what you've learned.;veut savoir ce que vous avez appris.;;;quiere saber lo que habéis averiguado.;;;;;;;;;x;
EVTDESCPIL8;[From.GetTitledFirstName] comes to you with the results of the investigation. [From.GetSheHeCap] points out that [Root.PlotTarget.GetTitledFirstName] looks nothing like [Root.PlotTarget.GetHerHis] alleged father! Of course! It's so obvious in hindsight!;[From.GetTitledFirstName] vient à vous avec les résultats de son enquête. [From.GetSheHeCap] fait remarquer que [Root.PlotTarget.GetTitledFirstName] ne ressemble pas du tout à son soi-disant 'père ! Mais bien sûr ! C'est si évident en y repensant !;;;[From.GetTitledFirstName] regresa con los resultados de su investigación. Indica que [Root.PlotTarget.GetTitledFirstName] no parece compartir ningún rasgo de su 'padre'. Seguro! Es muy evidente!;;;;;;;;;x;
EVTOPTAPIL8;The seed is strong...;La graine est vigoureuse…;;;La semilla es fuerte...;;;;;;;;;x;
EVTDESCPIL9;You've been studying [Root.PlotTarget.GetTitledFirstName] for some time now, and have begun to confirm your suspicions. Digging through some old records, you found a letter - one written by [Root.PlotTarget.Father.GetTitledFirstName] to [Root.PlotTarget.Mother.GetTitledFirstName], six months before [Root.PlotTarget.GetFirstName]'s birth! How could [Root.PlotTarget.Father.GetFirstName] possibly be [Root.PlotTarget.GetHerHis] real father if he was away when [Root.PlotTarget.GetSheHe] was conceived?;Vous avez longuement observé [Root.PlotTarget.GetTitledFirstName] ce qui n'a fait que confirmer vos soupçons. En fouillant dans les archives vous êtes tombé sur une lettre, écrite par [Root.PlotTarget.Father.GetTitledFirstName] et destinée à [Root.PlotTarget.Mother.GetTitledFirstName]. Elle date de neuf mois avant la naissance de [Root.PlotTarget.GetFirstName] ! Comment [Root.PlotTarget.Father.GetFirstName] peut-il être le véritable père si il n'était pas présent lorsque l'enfant fut conçu ? ;;;Has observado durante mucho tiempo a [Root.PlotTarget.GetTitledFirstName] y confirmas tus sopechas. Ojeando los archivos topaste con una carta, escrita por [Root.PlotTarget.Father.GetTitledFirstName] y destinada a [Root.PlotTarget.Mother.GetTitledFirstName]. Datada nueve meses antes del nacimiento de [Root.PlotTarget.GetFirstName]! Cómo [Root.PlotTarget.Father.GetFirstName] puede ser el padre si no estaba presente cuando el niño fue concebido?;;;;;;;;;x;
EVTOPTAPIL9;Very suspicious, indeed!;Très suspect en effet !;;;Muy sospechoso!;;;;;;;;;x;
EVTDESCPIL10;While carrying out your investigation, you uncovered some old letters, addressed from the subject's father to their mother - and dated six months before their birth! What an odd coincidence that is.;Alors que vous pousuiviez vos investigations, vous avez découvert d'anciennes lettres du père adressées à la mère et datant de 9 mois avant leur naissance ! Quelle curieuse coïncidence. ;;;Mientras investigabas, descubriste cartas antiguas del padre dirigidas a la madre datadas 9 meses antes de el nacimiento! Que curiosa coincidencia.;;;;;;;;;x;
EVTOPTAPIL10;Very suspicious, indeed!;Très suspect en effet !;;;Muy sospechoso!;;;;;;;;;x;
EVTTOOLTIPPIL10;was conceived in mysterious circumstances.\n;a été conçu dans de mystérieuses circonstances.\n;;;fue concebido en circunstancias misteriosas.\n;;;;;;;;;x;
EVTTOOLTIPPIL11;will want to know what you've learned.;veut savoir ce que vous avez appris.;;;quiere saber lo que habéis averiguado.;;;;;;;;;x;
EVTDESCPIL11;[From.GetTitledFirstName] comes to you with the results of the investigation. [From.GetSheHeCap] claims to have found an old letter, one written by [Root.PlotTarget.Father.GetTitledFirstName] to [Root.PlotTarget.Mother.GetTitledFirstName] six months before [Root.PlotTarget.GetFirstName]'s birth! Such a letter would put the circumstances of [Root.PlotTarget.GetHerHis] conception in a new light entirely.;[From.GetTitledFirstName] vient à vous avec les résultats de son enquête. [From.GetSheHeCap] dit avoir trouvé une vieille lettre, écrite par [Root.PlotTarget.Father.GetTitledFirstName] à [Root.PlotTarget.Mother.GetTitledFirstName] neuf mois avant la naissance de [Root.PlotTarget.GetFirstName] ! Une telle lettre pourrait apporter un nouvel éclairage sur la conception de l'enfant.;;;[From.GetTitledFirstName] regresa con los resultados de su investigación. Dice haber encontrado una carta antigua, escrita por [Root.PlotTarget.Father.GetTitledFirstName] a [Root.PlotTarget.Mother.GetTitledFirstName] nueve meses antes del nacimineto de [Root.PlotTarget.GetFirstName]! Esta carta podría aportar detalles sobre la concepción del niño.;;;;;;;;;x;
EVTOPTAPIL11;Very suspicious, indeed!;Très suspect en effet !;;;Muy sospechoso!;;;;;;;;;x;
pil_fabricate_conception_decision_1;Fabricate Evidence of Illegitimacy;Fabriquer des preuves d'illégitimité;;;Fabricar pruebas de ilegitimidad;;;;;;;;;x;
pil_fabricate_conception_decision_1_desc;Your investigation is not proceeding as quickly as you'd hoped. Perhaps a little bit of forgery might speed things up. Of course, anyone who sees through the fake is never going to believe anything else you might have to say.;Votre enquête ne va pas aussi vite que vous l'espériez. Peut-être que quelques faux accélèreraient les choses. Bien sûr, si quelqu'un venait à découvrir la véritable nature de ces documents, il ne croirait plus un mot venant de vous. ;;;La investigación no va tan rápida como esperabas. Tal vez falsear algún documento acelere las cosas. Por supuesto, si alguien descubre tu engaño, nadie creerá una palabra de ti.;;;;;;;;;x;
pil_fabricate_conception_decision_2;Fabricate Evidence of Illegitimacy;Fabriquer des preuves d'illégitimité;;;Fabricar pruebas de ilegitimidad;;;;;;;;;x;
pil_fabricate_conception_decision_2_desc;Your investigation is not proceeding as quickly as you'd hoped. Perhaps a little bit of forgery might speed things up. Of course, anyone who sees through the fake is never going to believe anything else you might have to say.;Votre enquête ne va pas aussi vite que vous l'espériez. Peut-être que quelques faux accélèreraient les choses. Bien sûr, si quelqu'un venait à découvrir la véritable nature de ces documents, il ne croirait plus un mot venant de vous. ;;;La investigación no va tan rápida como esperabas. Tal vez falsear algún documento acelere las cosas. Por supuesto, si alguien descubre tu engaño, nadie creerá una palabra de ti.;;;;;;;;;x;
pil_fabricate_conception_decision_3;Fabricate Evidence of Illegitimacy;Fabriquer des preuves d'illégitimité;;;Fabricar pruebas de ilegitimidad;;;;;;;;;x;
pil_fabricate_conception_decision_3_desc;Your investigation is not proceeding as quickly as you'd hoped. Perhaps a little bit of forgery might speed things up. Of course, anyone who sees through the fake is never going to believe anything else you might have to say.;Votre enquête ne va pas aussi vite que vous l'espériez. Peut-être que quelques faux accélèreraient les choses. Bien sûr, si quelqu'un venait à découvrir la véritable nature de ces documents, il ne croirait plus un mot venant de vous. ;;;La investigación no va tan rápida como esperabas. Tal vez falsear algún documento acelere las cosas. Por supuesto, si alguien descubre tu engaño, nadie creerá una palabra de ti.;;;;;;;;;x;
pil_fabricate_conception_decision_4;Fabricate Evidence of Illegitimacy;Fabriquer des preuves d'illégitimité;;;Fabricar pruebas de ilegitimidad;;;;;;;;;x;
pil_fabricate_conception_decision_4_desc;Your investigation is not proceeding as quickly as you'd hoped. Perhaps a little bit of forgery might speed things up. Of course, anyone who sees through the fake is never going to believe anything else you might have to say.;Votre enquête ne va pas aussi vite que vous l'espériez. Peut-être que quelques faux accélèreraient les choses. Bien sûr, si quelqu'un venait à découvrir la véritable nature de ces documents, il ne croirait plus un mot venant de vous. ;;;La investigación no va tan rápida como esperabas. Tal vez falsear algún documento acelere las cosas. Por supuesto, si alguien descubre tu engaño, nadie creerá una palabra de ti.;;;;;;;;;x;
pil_fabricate_conception_decision_5;Fabricate Evidence of Illegitimacy;Fabriquer des preuves d'illégitimité;;;Fabricar pruebas de ilegitimidad;;;;;;;;;x;
pil_fabricate_conception_decision_5_desc;Your investigation is not proceeding as quickly as you'd hoped. Perhaps a little bit of forgery might speed things up. Of course, anyone who sees through the fake is never going to believe anything else you might have to say.;Votre enquête ne va pas aussi vite que vous l'espériez. Peut-être que quelques faux accélèreraient les choses. Bien sûr, si quelqu'un venait à découvrir la véritable nature de ces documents, il ne croirait plus un mot venant de vous. ;;;La investigación no va tan rápida como esperabas. Tal vez falsear algún documento acelere las cosas. Por supuesto, si alguien descubre tu engaño, nadie creerá una palabra de ti.;;;;;;;;;x;
EVTDESCPIL12;It took a long night of effort, but at last you have it - a forged letter, written painstakingly in [Root.PlotTarget.Father.GetTitledFirstName]'s hand, addressed to [Root.PlotTarget.Mother.GetTitledFirstName], and dated six months before [Root.PlotTarget.GetFirstName]'s birth. You have no idea, however, whether it will hold up to a closer inspection.;Cela a demandé une nuit d'effort mais vous êtes parvenu à fabriquer un faux, une lettre de la main de [Root.PlotTarget.Father.GetTitledFirstName], adressée à [Root.PlotTarget.Mother.GetTitledFirstName], et datée de neuf mois avant la naissance de [Root.PlotTarget.GetFirstName]. Cependant, vous ne savez pas si la supercherie résisterait à un examen plus attentif.;;;Costó una noche de duro esfuerzo pero conseguiste falsificar una carta de [Root.PlotTarget.Father.GetTitledFirstName], dirigida a [Root.PlotTarget.Mother.GetTitledFirstName], y datada nueve meses antes del nacimineto de [Root.PlotTarget.GetFirstName]. Sin embargó, no sabes si la falsificación resistirá a un exámen intensivo.;;;;;;;;;x;
EVTOPTAPIL12;I can only hope we were thorough enough.;Je peux seulement espérer que j'ai été assez minutieux.;;;Sólo puedo esperar haber sido minucioso.;;;;;;;;;x;
EVTDESCPIL14;You see things, sometimes, in your dreams. They call it the greensight, an ancient magic of the Children of the Forest. And this time, the tortured visions have only one possible interpretation. You're sure of it now. [Root.PlotTarget.GetTitledFirstName] is no child of [Root.PlotTarget.Father.GetFirstName]'s.;Parfois, vous voyez des choses dans vos rêves. On appelle cela la vervue, une antique magie des Enfants de la Forêt. Cette fois, les visions n'ont qu'une seule interprétation possible, vous en êtes sûr. [Root.PlotTarget.GetTitledFirstName] n'est pas de [Root.PlotTarget.Father.GetFirstName].;;;A veces, ves cosas en sueños. Se llama verdevidencia, una magia antigua de los Niños del Bosque. En esta ocasión, las visiones no dejan duda. [Root.PlotTarget.GetTitledFirstName] no es hijo de [Root.PlotTarget.Father.GetFirstName].;;;;;;;;;x;
EVTOPTAPIL14;But will anyone else believe it?;Mais qui y croira ?;;;Pero alguién se lo creerá?;;;;;;;;;x;
EVTDESCPIL15;You see things, sometimes, in your dreams. They call it the greensight, an ancient magic of the Children of the Forest. And this time, the tortured visions have only one possible interpretation. You're sure of it now.;Parfois, vous voyez des choses dans vos rêves. On appelle cela la vervue, une antique magie des Enfants de la Forêt. Cette fois, les visions n'ont qu'une seule interprétation possible, vous en êtes sûr. ;;;A veces, ves cosas en sueños. Se llama verdevidencia, una magia antigua de los Niños del Bosque. En esta ocasión, las visiones no dejan duda.;;;;;;;;;x;
EVTOPTAPIL15;But will anyone else believe it?;Mais qui y croira ?;;;Pero alguién se lo creerá?;;;;;;;;;x;
EVTTOOLTIPPIL15;is no child of [This.Father.GetFirstName]'s.;n'est pas de [This.Father.GetFirstName].;;;no es hijo de [Root.PlotTarget.Father.GetFirstName].;;;;;;;;;x;
EVTTOOLTIPPIL16;must hear of this!;doit être mis(e) au courant !;;;debe ser puesto al corriente!;;;;;;;;;x;
EVTDESCPIL16;A frantic [From.GetTitledFirstName] comes to you in the night. [From.GetSheHeCap] claims to have seen proof of [Root.PlotTarget.GetFirstName]'s illegitimacy, in [From.GetHerHis] dreams. You're not entirely sure you believe [From.GetHerHim] - or whether anyone else will. But you suppose no evidence can hurt.;[From.GetTitledFirstName] est venu vous voir au beau milieu de la nuit. [From.GetSheHeCap] dit avoir des preuves de l'illégitimité de [Root.PlotTarget.GetFirstName], grâce à ses rêves. Vous n'êtes pas tout à fait sûr de le(a) croire, ou que quiconque le fera, mais une preuve de plus ne peut faire de mal. ;;;[From.GetTitledFirstName] ha venido en mitad de la noche. Dice tener pruebas de la ilegitimidad de [Root.PlotTarget.GetFirstName], gracias a sus sueños. No sabes si creerle o no, pero tener una prueba más nunca viene mal.;;;;;;;;;x;
EVTOPTAPIL16;It's better than nothing, at least.;C'est mieux que rien.;;;Es mejor que nada.;;;;;;;;;x;
pil_fabricate_dreams_decision_1;Create a False Green Dream;Mentir sur un rêve vert;;;Mentir sobre un sueño verde;;;;;;;;;x;
pil_fabricate_dreams_decision_1_desc;You sometimes have visions while you sleep - green dreams, they're called. You're not sure how much weight such things carry, but perhaps you could claim to have seen proof of [Root.PlotTarget.GetTitledFirstName]'s illegitimacy. Of course, you'd have to come up with a plausible vision.;Vous avez parfois des visions lorsque vous dormez, des rêves verts comme on les appelle. Vous n'êtes pas sûr du crédit qu'on leur accordera, mais vous pouvez peut-être faire croire que vous avez obtenu la preuve de l'illégitimité de [Root.PlotTarget.GetTitledFirstName] grâce à eux. Bien sûr vous devez inventer une vision plausible.;;;A veces tienes visiones cuando duermes, sueños verdes como se les llama. No estás seguro del crédito que te darán, pero puedes hacer creer que has obtenido la prueba de la ilegitimidad de [Root.PlotTarget.GetTitledFirstName] gracias a los sueños. Por supuesto, tendrás que inventar una visión plausible.;;;;;;;;;x;
pil_fabricate_dreams_decision_2;Create a False Green Dream;Mentir sur un rêve vert;;;Mentir sobre un sueño verde;;;;;;;;;x;
pil_fabricate_dreams_decision_2_desc;You sometimes have visions while you sleep - green dreams, they're called. You're not sure how much weight such things carry, but perhaps you could claim to have seen proof of [Root.PlotTarget.GetTitledFirstName]'s illegitimacy. Of course, you'd have to come up with a plausible vision.;Vous avez parfois des visions lorsque vous dormez, des rêves verts comme on les appelle. Vous n'êtes pas sûr du crédit qu'on leur accordera, mais vous pouvez peut-être faire croire que vous avez obtenu la preuve de l'illégitimité de [Root.PlotTarget.GetTitledFirstName] grâce à eux. Bien sûr vous devez inventer une vision plausible.;;;A veces tienes visiones cuando duermes, sueños verdes como se les llama. No estás seguro del crédito que te darán, pero puedes hacer creer que has obtenido la prueba de la ilegitimidad de [Root.PlotTarget.GetTitledFirstName] gracias a los sueños. Por supuesto, tendrás que inventar una visión plausible.;;;;;;;;;x;
pil_fabricate_dreams_decision_3;Create a False Green Dream;Mentir sur un rêve vert;;;Mentir sobre un sueño verde;;;;;;;;;x;
pil_fabricate_dreams_decision_3_desc;You sometimes have visions while you sleep - green dreams, they're called. You're not sure how much weight such things carry, but perhaps you could claim to have seen proof of [Root.PlotTarget.GetTitledFirstName]'s illegitimacy. Of course, you'd have to come up with a plausible vision.;Vous avez parfois des visions lorsque vous dormez, des rêves verts comme on les appelle. Vous n'êtes pas sûr du crédit qu'on leur accordera, mais vous pouvez peut-être faire croire que vous avez obtenu la preuve de l'illégitimité de [Root.PlotTarget.GetTitledFirstName] grâce à eux. Bien sûr vous devez inventer une vision plausible.;;;A veces tienes visiones cuando duermes, sueños verdes como se les llama. No estás seguro del crédito que te darán, pero puedes hacer creer que has obtenido la prueba de la ilegitimidad de [Root.PlotTarget.GetTitledFirstName] gracias a los sueños. Por supuesto, tendrás que inventar una visión plausible.;;;;;;;;;x;
pil_fabricate_dreams_decision_4;Create a False Green Dream;Mentir sur un rêve vert;;;Mentir sobre un sueño verde;;;;;;;;;x;
pil_fabricate_dreams_decision_4_desc;You sometimes have visions while you sleep - green dreams, they're called. You're not sure how much weight such things carry, but perhaps you could claim to have seen proof of [Root.PlotTarget.GetTitledFirstName]'s illegitimacy. Of course, you'd have to come up with a plausible vision.;Vous avez parfois des visions lorsque vous dormez, des rêves verts comme on les appelle. Vous n'êtes pas sûr du crédit qu'on leur accordera, mais vous pouvez peut-être faire croire que vous avez obtenu la preuve de l'illégitimité de [Root.PlotTarget.GetTitledFirstName] grâce à eux. Bien sûr vous devez inventer une vision plausible.;;;A veces tienes visiones cuando duermes, sueños verdes como se les llama. No estás seguro del crédito que te darán, pero puedes hacer creer que has obtenido la prueba de la ilegitimidad de [Root.PlotTarget.GetTitledFirstName] gracias a los sueños. Por supuesto, tendrás que inventar una visión plausible.;;;;;;;;;x;
pil_fabricate_dreams_decision_5;Create a False Green Dream;Mentir sur un rêve vert;;;Mentir sobre un sueño verde;;;;;;;;;x;
pil_fabricate_dreams_decision_5_desc;You sometimes have visions while you sleep - green dreams, they're called. You're not sure how much weight such things carry, but perhaps you could claim to have seen proof of [Root.PlotTarget.GetTitledFirstName]'s illegitimacy. Of course, you'd have to come up with a plausible vision.;Vous avez parfois des visions lorsque vous dormez, des rêves verts comme on les appelle. Vous n'êtes pas sûr du crédit qu'on leur accordera, mais vous pouvez peut-être faire croire que vous avez obtenu la preuve de l'illégitimité de [Root.PlotTarget.GetTitledFirstName] grâce à eux. Bien sûr vous devez inventer une vision plausible.;;;A veces tienes visiones cuando duermes, sueños verdes como se les llama. No estás seguro del crédito que te darán, pero puedes hacer creer que has obtenido la prueba de la ilegitimidad de [Root.PlotTarget.GetTitledFirstName] gracias a los sueños. Por supuesto, tendrás que inventar una visión plausible.;;;;;;;;;x;
pil_fabricate_dreams_backer_decision;Ask For a False Green Dream;Demander un faux rêve vert;;;Pedir un falso sueño verde;;;;;;;;;x;
pil_fabricate_dreams_backer_decision_desc;Your investigation is proceeding far too slowly for your tastes, and you wonder if you might be able to speed it up a little. One of your co-conspirators claims to receive visions of the future in their dreams. Perhaps they could claim to have received visions of [Root.PlotTarget.GetTitledFirstName]'s true parentage.;Votre enquête est bien trop lente à votre goût et vous vous demandez s'il ne serait pas possible de l'accélérer un peu. L'un de vos complices dit pouvoir voir le futur dans ses rêves. Peut-être pourrait-il dire qu'il a reçu une vision concernant la parenté de [Root.PlotTarget.GetTitledFirstName].;;;Tu investigación va más lenta de lo que te gustaría y te preguntas si no sería posible acelerarla un poco. Uno de tus cómplices dice que puede ver el futuro en sus sueños. Tal vez podría decir que ha tenido una visión concerniente a la paternidad de [Root.PlotTarget.GetTitledFirstName].;;;;;;;;;x;
EVTDESCPIL17;After a long night of work, wondering whether the time might have been better spent on REAL dreams, you've finished describing your fake one. You think, at least. It certainly seems to you like there's only one possible interpretation, but there's no way to be certain.;Durant toute une nuit vous avez peaufiné la description de votre faux rêve. Pour vous il ne peut y avoir qu'une seule interprétation, mais il n'y a aucun moyen d'en être sûr.;;;Durante toda una noche has refinado la descripción del falso sueño verde. Crees que sólo habrá una interpretación, pero eso nunca se sabe.;;;;;;;;;x;
EVTOPTAPIL17;It will have to do.;Cela devrait faire l'affaire. ;;;Así se hará.;;;;;;;;;x;
EVTDESCPIL19;You've made up your mind. It's time to put these claims of magical dreams to good use. And if they aren't going to say what you need them to, you might as well say it for them.;Vous avez pris une décision. Il est temps que ces rêves magiques servent à quelque chose. Et s'ils ne veulent pas dire ce que vous voulez entendre, alors vous allez le leur faire dire.;;;Has tomado una decisión. Es el momento de que los sueños mágicos sirvan para algo. Y si no quieren decirme lo que quiero oír, entonces yo haré que lo digan.;;;;;;;;;x;
EVTOPTAPIL19;Now, where's our self-proclaimed seer?;Bien, où est ce fameux vervoyant ?;;;Bien, dónde está ese famoso verdevidente?;;;;;;;;;x;
EVTTOOLTIPPIL20;will be asked to help create a false dream.;sera sollicité pour aider à la création d'un faux rêve.;;;será solicitado para ayudar a crear un falso sueño verde.;;;;;;;;;x;
EVTDESCPIL20;[From.GetTitledFirstName] comes to you with a proposal. The investigation, it seems, isn't proceeding as quickly as [From.GetSheHe]'d like. [From.GetSheHe] wants you to find a way to speed it up a little - perhaps by claiming to have had one of those visions of yours, even if you haven't. Who's to know, after all?;[From.GetTitledFirstName] vient vers vous avec une proposition. L'enquête, semble-t-il, ne se déroule pas aussi rapidement qu'[From.GetSheHe] le souhaiterait. [From.GetSheHe] veut que vous trouviez un moyen d'accélérer les choses, peut-être en disant que vous avez eu une de vos visions, même si vous n'en n'avez pas eu. Qui le saura après tout ?;;;[From.GetTitledFirstName] viene con una proposición. La investigación no se desarrolla tan rápidamente como le gustaría así que quiere acelerarla un poco. Tal vez diciendo que has tenido una visión, aunque no sea cierto? Nadie lo sabrá nunca.;;;;;;;;;x;
EVTOPTAPIL20;A solid enough plan, I suppose.;Un plan assez solide je suppose.;;;Un plan bastante sólido, supongo.;;;;;;;;;x;
EVTOPTBPIL20;How DARE you suggest such blasphemy?;Comment osez-vous suggérer un tel blasphème ?;;;Cómo osas sugerir tal blasfemia?;;;;;;;;;x;
EVTDESCPIL21;You're pleasantly surprised to see [From.GetTitledFirstName] agree to your proposal. Of course, the seer is just one part of the plan - you're also going to need to come up with a plausible vision, and that could be a fair bit harder. You're going to need all the help you can get.;Vous êtes agréablement supris de voir [From.GetTitledFirstName] accepter votre proposition. Bien entendu le vervoyant est juste une partie du plan, vous allez également avoir besoin d'inventer une vision plausible, et cela risque d'être un peu plus compliqué. Vous allez avoir besoin de toute l'aide possible. ;;;Estas agradablemente sorprendido de ver que [From.GetTitledFirstName] ha aceptado la propuesta. El verdevidente es la primera parte del plan, has de inventar una visión plausible, y eso será complicado. Necesitarás toda la ayuda posible.;;;;;;;;;x;
EVTOPTAPIL21;I think we can handle it.;Je pense que nous pouvons le faire.;;;Creo que podemos hacerlo.;;;;;;;;;x;
EVTOPTBPIL21;On second thought, maybe we're not ready yet.;A la réflexion, peut-être que nous ne sommes pas encore prêts.;;;Reflexionando, tal vez no estemos listos aún.;;;;;;;;;x;
EVTDESCPIL22;Once you make your suggestion, [From.GetFirstName] flies into a rage, demanding that you never speak such blasphemous words in [From.GetHerHis] presence again. You're driven from the room, and forced to lick your metaphorical wounds in a corridor outside.;Votre proposition a mis en colère [From.GetFirstName], qui ne veut plus entendre parler d'un tel blasphème. Vous êtes mis à la porte sans ménagement.;;;Tu propuesta ha enfadado a [From.GetFirstName], que no quiere saber nada del asunto. Te ha echado sin contemplaciones.;;;;;;;;;x;
EVTOPTAPIL22;...well, that didn't work.;… bien, cela n'a pas marché.;;;...bueno, no funcionó.;;;;;;;;;x;
EVTDESCPIL23;R'hllor has spoken. You've seen it in the flames. You're certain of it now. [Root.PlotTarget.GetTitledFirstName] is no child of [Root.PlotTarget.Father.GetFirstName]'s.;R'hllor a parlé. Vous l'avez vu dans les flammes. Vous en êtes certain désormais. [Root.PlotTarget.GetTitledFirstName] n'est pas l'enfant de [Root.PlotTarget.Father.GetFirstName].;;;R'hllor ha hablado. Lo has visto en las llamas. Ahora estás seguro. [Root.PlotTarget.GetTitledFirstName] no es el hijo de [Root.PlotTarget.Father.GetFirstName].;;;;;;;;;x;
EVTOPTAPIL23;But will anyone else believe it?;Mais qui y croira ?;;;Pero alguién se lo creerá?;;;;;;;;;x;
EVTDESCPIL24;You're certain of it now. You've seen it in the flames, in a vision from the Lord of Light himself. There can no longer be any doubt in the minds of the faithful.;Vous en êtes sûr désormais. Vous l'avez vu dans les flammes, une vision du Seigneur de la Lumière lui-même ! Il ne peut plus y avoir aucun doute dans l'esprit des vrais croyants. ;;;Ahora estás seguro. Lo has visto en las llamas, una visión del Señor de la Luz! No hay ninguna duda en la mente de los verdaderos creyentes.;;;;;;;;;x;
EVTOPTAPIL24;But will anyone else believe it?;Mais qui y croira ?;;;Pero alguién se lo creerá?;;;;;;;;;x;
EVTTOOLTIPPIL24;is no child of [This.Father.GetFirstName]'s.;n'est pas de [This.Father.GetFirstName].;;;no es de [This.Father.GetFirstName].;;;;;;;;;x;
EVTTOOLTIPPIL25;must hear of this!;doit être mis(e) au courant !;;;debe ser puesto al corriente!;;;;;;;;;x;
EVTDESCPIL25;[From.GetTitledFirstName] comes to you with news on the investigation. [From.GetSheHeCap] claims to have seen a vision in the flames, a sign from R'hllor, that proves beyond all possible doubt that [Root.PlotTarget.Father.GetFirstName] is not [Root.PlotTarget.GetTitledFirstName] true father. You're not sure whether or not you believe [From.GetHerHim], but you suppose the word of a god can't hurt your case.;[From.GetTitledFirstName] vient à vous avec de nouveaux éléments de l'enquête. [From.GetSheHeCap] dit l'avoir vu dans les flammes, un message de R'hllor, et qui prouve sans doute possible que [Root.PlotTarget.Father.GetFirstName] n'est pas le véritable père de [Root.PlotTarget.GetTitledFirstName]. Vous n'êtes pas sur de le(a) croire, mais le message d'un dieu est toujours bon à prendre et peut vous aider à convaincre.;;;[From.GetTitledFirstName] te informa de los avances de la investigación. Dice que ha visto en las llamas un mensaje de R'hllor que prueba sin duda posible que [Root.PlotTarget.Father.GetFirstName] no es el verdadero padre de [Root.PlotTarget.GetTitledFirstName]. No estás seguro si creerlo, pero un mensaje de un dios es siempre viene bien para convencer.;;;;;;;;;x;
EVTOPTAPIL25;But will anyone else believe it?;Mais qui y croira ?;;;Pero alguién se lo creerá?;;;;;;;;;x;
pil_fabricate_visions_decision_1;Create a False Vision;Créer une fausse vision;;;Crear una visión falsa;;;;;;;;;x;
pil_fabricate_visions_decision_1_desc;You often see visions in the flames, granted to you by the Lord of Light, but of late they haven't been nearly as convenient as you'd hoped. Perhaps you could claim to have seen proof of [Root.PlotTarget.GetFirstName]'s illegitimacy in those visions - of course, you'd have to come up with a credible vision to explain it.;Vous avez souvent des visions lorsque vous regardez les flammes, elles viennent du Seigneur de la Lumière. Mais dernièrement elles ne se sont pas révélées aussi utiles que vous l'espériez. Peut-être pourriez-vous affirmer avoir eu des preuves quant à l'illégitimité de [Root.PlotTarget.GetFirstName] dans les flammes. Bien sûr, il va falloir inventer une vision crédible. ;;;A menudo tienes visiones viendo las llamas enviadoas por el Señor de la Luz. Pero últimamente no te han revelado nada útil. Tal vez podrias afirmar haber visto pruebas en cuanto a la ilegitimidad de [Root.PlotTarget.GetFirstName] en las llamas. Por supuesto, debemos crear una visión creíble.;;;;;;;;;x;
pil_fabricate_visions_decision_2;Create a False Vision;Créer une fausse vision;;;Crear una visión falsa;;;;;;;;;x;
pil_fabricate_visions_decision_2_desc;You often see visions in the flames, granted to you by the Lord of Light, but of late they haven't been nearly as convenient as you'd hoped. Perhaps you could claim to have seen proof of [Root.PlotTarget.GetFirstName]'s illegitimacy in those visions - of course, you'd have to come up with a credible vision to explain it.;Vous avez souvent des visions lorsque vous regardez les flammes, elles viennent du Seigneur de la Lumière. Mais dernièrement elles ne se sont pas révélées aussi utiles que vous l'espériez. Peut-être pourriez-vous affirmer avoir eu des preuves quant à l'illégitimité de [Root.PlotTarget.GetFirstName] dans les flammes. Bien sûr, il va falloir inventer une vision crédible. ;;;A menudo tienes visiones viendo las llamas enviadoas por el Señor de la Luz. Pero últimamente no te han revelado nada útil. Tal vez podrias afirmar haber visto pruebas en cuanto a la ilegitimidad de [Root.PlotTarget.GetFirstName] en las llamas. Por supuesto, debemos crear una visión creíble.;;;;;;;;;x;
pil_fabricate_visions_decision_3;Create a False Vision;Créer une fausse vision;;;Crear una visión falsa;;;;;;;;;x;
pil_fabricate_visions_decision_3_desc;You often see visions in the flames, granted to you by the Lord of Light, but of late they haven't been nearly as convenient as you'd hoped. Perhaps you could claim to have seen proof of [Root.PlotTarget.GetFirstName]'s illegitimacy in those visions - of course, you'd have to come up with a credible vision to explain it.;Vous avez souvent des visions lorsque vous regardez les flammes, elles viennent du Seigneur de la Lumière. Mais dernièrement elles ne se sont pas révélées aussi utiles que vous l'espériez. Peut-être pourriez-vous affirmer avoir eu des preuves quant à l'illégitimité de [Root.PlotTarget.GetFirstName] dans les flammes. Bien sûr, il va falloir inventer une vision crédible. ;;;A menudo tienes visiones viendo las llamas enviadoas por el Señor de la Luz. Pero últimamente no te han revelado nada útil. Tal vez podrias afirmar haber visto pruebas en cuanto a la ilegitimidad de [Root.PlotTarget.GetFirstName] en las llamas. Por supuesto, debemos crear una visión creíble.;;;;;;;;;x;
pil_fabricate_visions_decision_4;Create a False Vision;Créer une fausse vision;;;Crear una visión falsa;;;;;;;;;x;
pil_fabricate_visions_decision_4_desc;You often see visions in the flames, granted to you by the Lord of Light, but of late they haven't been nearly as convenient as you'd hoped. Perhaps you could claim to have seen proof of [Root.PlotTarget.GetFirstName]'s illegitimacy in those visions - of course, you'd have to come up with a credible vision to explain it.;Vous avez souvent des visions lorsque vous regardez les flammes, elles viennent du Seigneur de la Lumière. Mais dernièrement elles ne se sont pas révélées aussi utiles que vous l'espériez. Peut-être pourriez-vous affirmer avoir eu des preuves quant à l'illégitimité de [Root.PlotTarget.GetFirstName] dans les flammes. Bien sûr, il va falloir inventer une vision crédible. ;;;A menudo tienes visiones viendo las llamas enviadoas por el Señor de la Luz. Pero últimamente no te han revelado nada útil. Tal vez podrias afirmar haber visto pruebas en cuanto a la ilegitimidad de [Root.PlotTarget.GetFirstName] en las llamas. Por supuesto, debemos crear una visión creíble.;;;;;;;;;x;
pil_fabricate_visions_decision_5;Create a False Vision;Créer une fausse vision;;;Crear una visión falsa;;;;;;;;;x;
pil_fabricate_visions_decision_5_desc;You often see visions in the flames, granted to you by the Lord of Light, but of late they haven't been nearly as convenient as you'd hoped. Perhaps you could claim to have seen proof of [Root.PlotTarget.GetFirstName]'s illegitimacy in those visions - of course, you'd have to come up with a credible vision to explain it.;Vous avez souvent des visions lorsque vous regardez les flammes, elles viennent du Seigneur de la Lumière. Mais dernièrement elles ne se sont pas révélées aussi utiles que vous l'espériez. Peut-être pourriez-vous affirmer avoir eu des preuves quant à l'illégitimité de [Root.PlotTarget.GetFirstName] dans les flammes. Bien sûr, il va falloir inventer une vision crédible. ;;;A menudo tienes visiones viendo las llamas enviadoas por el Señor de la Luz. Pero últimamente no te han revelado nada útil. Tal vez podrias afirmar haber visto pruebas en cuanto a la ilegitimidad de [Root.PlotTarget.GetFirstName] en las llamas. Por supuesto, debemos crear una visión creíble.;;;;;;;;;x;
pil_fabricate_visions_backer_decision;Ask For a False False Vision;Créer une fausse vision;;;Pedir una visión falsa;;;;;;;;;x;
pil_fabricate_visions_backer_decision_desc;Your investigation isn't proceeding as quickly as you'd hoped. You know that one of your co-conspirators is a red priest, and that they claim to be able to see the future in visions. Perhaps you could persuade them to see proof of [Root.PlotTarget.GetTitledFirstName]'s illegitimacy?;Votre enquête est bien trop lente à votre goût et vous vous demandez s'il ne serait pas possible de l'accélérer un peu. L'un de vos complices est un prêtre rouge et dit pouvoir voir le futur dans ses rêves. Peut-être pourrait-il dire qu'il a reçu une vision concernant la parenté de [Root.PlotTarget.GetTitledFirstName].;;;Tu investigación va más lenta de lo que te gustaría y te preguntas si no sería posible acelerarla un poco. Uno de tus cómplices es un sacerdote rojo que puede ver el futuro en las llamas. Tal vez podría decir que ha tenido una visión concerniente a la paternidad de [Root.PlotTarget.GetTitledFirstName].;;;;;;;;;x;
EVTDESCPIL26;After a long night of effort, you have at last. The story is perfect, the imagery and metaphor crystal clear and brooking no other possible interpretation. You think, at least.;Après une longue nuit de travail vous l'avez enfin. L'histoire est parfaite, les images et métaphores sont claires comme du cristal et ne peuvent se prêter à aucune autre interprétation. En tout cas vous en êtes persuadé. ;;;Tras una larga noche de duro trabajo lo consigues. La historia es perfecta, las imágenes y metáforas son claras como el cristal y no se prestan a ninguna interpretación. Incluso te has convecido a ti mismo.;;;;;;;;;x;
EVTOPTAPIL26;It will have to do.;Cela devrait faire l'affaire. ;;;Así se hará.;;;;;;;;;x;
EVTDESCPIL28;You've made up your mind. It's time to put the Lord of Light to use - and if he wonn't say what you need him to, you might as well say it for him.;Vous avez pris une décision. Il est temps que les visions du Seigneur de la Lumière servent à quelque chose. Et si elles ne veulent pas dire ce que vous voulez entendre, alors vous allez le leur faire dire.;;;Has tomado una decisión. Es el momento de que las visiones del Señor de la Luz sirvan para algo. Y si no te dicen lo que quieres saber, harás que lo hagan.;;;;;;;;;x;
EVTOPTAPIL28;Now, where's that priest?;Bien, où est ce prêtre ?;;;Bien, dónde está ese sacerdoto rojo?;;;;;;;;;x;
EVTTOOLTIPPIL29;will be asked to help create a false vision.;sera sollicité pour aider à la création d'un faux rêve.;;;será solicitado para ayudar a crear una falsa visión;;;;;;;;;x;
EVTDESCPIL29;[From.GetTitledFirstName] comes to you with a proposal. The investigation, it seems, isn't proceeding as quickly as [From.GetSheHe]'d like. [From.GetSheHe] wants you to find a way to speed it up a little - perhaps by claiming to have had one of those visions of yours, even if you haven't. Who's to know, after all?;[From.GetTitledFirstName] vient vers vous avec une proposition. L'enquête, semble-t-il, ne se déroule pas aussi rapidement qu'[From.GetSheHe] le souhaiterait. [From.GetSheHe] veut que vous trouviez un moyen d'accélérer les choses, peut-être en disant que vous avez eu une de vos visions, même si vous n'en n'avez pas eu. Qui le saura après tout ? ;;;[From.GetTitledFirstName] viene con una proposición. La investigación no se desarrolla tan rápidamente como le gustaría así que quiere acelerarla un poco. Tal vez diciendo que has tenido una visión, aunque no sea cierto? Nadie lo sabrá nunca.;;;;;;;;;x;
EVTOPTAPIL29;A solid enough plan, I suppose.;Un plan assez solide je suppose.;;;Un plan bastante sólido, supongo.;;;;;;;;;x;
EVTOPTBPIL29;How DARE you suggest such blasphemy?;Comment osez-vous suggérer un tel blasphème ?;;;Cómo osas sugerir tal blasfemia?;;;;;;;;;x;
EVTDESCPIL30;You're pleasantly surprised to see [From.GetTitledFirstName] agree to your proposal. Of course, the priest is just one part of the plan - you're also going to need to come up with a plausible vision, and that could be a fair bit harder. You're going to need all the help you can get.;Vous êtes agréablement supris de voir [From.GetTitledFirstName] accepter votre proposition. Bien entendu le prêtre est juste une partie du plan, vous allez également avoir besoin d'inventer une vision plausible, et cela risque d'être un peu plus compliqué. Vous allez avoir besoin de toute l'aide possible.;;;Estas agradablemente sorprendido de ver que [From.GetTitledFirstName] ha aceptado la propuesta. El sacerdoto rojo es la primera parte del plan, has de inventar una visión plausible, y eso será complicado. Necesitarás toda la ayuda posible.;;;;;;;;;x;
EVTOPTAPIL30;I think we can handle it.;Je pense que nous pouvons le faire.;;;Creo que podemos hacerlo.;;;;;;;;;x;
EVTOPTBPIL30;On second thought, maybe we're not ready yet.;A la réflexion, peut-être que nous ne sommes pas encore prêts.;;;Reflexionando, tal vez no estemos listos aún.;;;;;;;;;x;
EVTDESCPIL31;Once you make your suggestion, [From.GetFirstName] flies into a rage, demanding that you never speak such blasphemous words in [From.GetHerHis] presence again. You're driven from the room, and forced to lick your metaphorical wounds in a corridor outside.;Votre proposition a mis en colère [From.GetFirstName], qui ne veut plus entendre parler d'un tel blasphème. Vous êtes mis à la porte sans ménagement.;;;Tu propuesta ha enfadado a [From.GetFirstName], que no quiere saber nada del asunto. Te ha echado sin contemplaciones.;;;;;;;;;x;
EVTOPTAPIL31;...well, that didn't work.;… bien, cela n'a pas marché.;;;...bueno, no funcionó.;;;;;;;;;x;
EVTDESCPIL32;While continuing your investigation of [Root.PlotTarget.GetTitledFirstName], you've also been keeping one eye on [Root.PlotTarget.GetHerHis] mother. Last night, you had [Root.PlotTarget.Mother.GetTitledFirstName] followed, and learned that she was having an illicit liaison with [Root.PlotTarget.Mother.Lover.GetTitledFirstName].;Dans le cadre de votre enquête sur [Root.PlotTarget.GetTitledFirstName], vous avez gardé un oeil sur sa mère. La nuit dernière vous avez fait suivre [Root.PlotTarget.Mother.GetTitledFirstName] et vous avez appris qu'elle avait une liaison adultérine avec [Root.PlotTarget.Mother.Lover.GetTitledFirstName].;;;Como parte de la investigación sobre [Root.PlotTarget.GetTitledFirstName], has vigilidado a la madre. La pasada noche has hecho seguir a [Root.PlotTarget.Mother.GetTitledFirstName] y te has enterado que tiene una relación adúltera con [Root.PlotTarget.Mother.Lover.GetTitledFirstName].;;;;;;;;;x;
EVTOPTAPIL32;I think I may have just found [Root.PlotTarget.GetFirstName]'s real father.;Je pense que je viens juste de trouver le véritable père de [Root.PlotTarget.GetFirstName].;;;Creo que acabo de encontrar al verdadero padre de [Root.PlotTarget.GetFirstName].;;;;;;;;;x;
EVTDESCPIL33;While carrying out your investigation, you've been keeping a close eye on the subject's mother. Last night, you had her followed, and discovered that she's been meeting in secret with a man who is most definitely not her husband.;Dans le cadre de votre enquête vous avez gardé un œil sur la mère. La nuit dernière vous l'avez fait suivre et avez découvert qu'elle entretenait une liaison adultérine avec un homme.;;;Como parte de tu investigación vigiliaste a la madre. La pasada noche la hiciste seguir y descubriste que mantiene una relación adúltera con un hombre.;;;;;;;;;x;
EVTOPTAPIL33;Just as we thought.;Comme nous le pensions.;;;Como pensábamos.;;;;;;;;;x;
EVTTOOLTIPPIL33;may be the real father;peut être le véritable père.;;;puede ser el verdadero padre.;;;;;;;;;x;
EVTTOOLTIPPIL34;will want to hear of this;voudra être au courant.;;;querrá estar al corriente.;;;;;;;;;x;
EVTDESCPIL34;[From.GetTitledFirstName] comes to you with the results of the investigation. Apparently, [From.GetSheHe]'s learned that [Root.PlotTarget.Mother.GetTitledFirstName] has been sleeping with [Root.PlotTarget.Mother.Lover.GetTitledFirstName].;[From.GetTitledFirstName] vient à vous avec les résultats de son enquête. Apparemment, [From.GetSheHe] a appris que [Root.PlotTarget.Mother.GetTitledFirstName] a couché avec [Root.PlotTarget.Mother.Lover.GetTitledFirstName].;;;[From.GetTitledFirstName] viene con los resultados de la investigación. Aparentemente, ha descubioerto que [Root.PlotTarget.Mother.GetTitledFirstName] se acuesta con [Root.PlotTarget.Mother.Lover.GetTitledFirstName].;;;;;;;;;x;
EVTOPTAPIL34;I think we may have just found [Root.PlotTarget.GetFirstName]'s real father.;Je pense que nous avons peut-être découvert le véritable père de [Root.PlotTarget.GetFirstName];;;Creo que hemos descubierto al verdadero padre de [Root.PlotTarget.GetFirstName];;;;;;;;;x;
EVTDESCPIL35;Word has reached you that [Root.PlotTarget.Mother.GetTitledFirstName]'s affair has ended, and she and her lover have gone their seperate ways. This has no bearing on the truth of [Root.PlotTarget.GetTitledFirstName]'s parentage, of course - but it may make it more difficult to prove.;Vous avez entendu dire que la liaison de [Root.PlotTarget.Mother.GetTitledFirstName] avec son amant a pris fin. Cela ne change rien quant à la vérité sur la légitimité de [Root.PlotTarget.GetTitledFirstName], mais cela va rendre la chose plus difficile à prouver. ;;;Descubres que la relación de [Root.PlotTarget.Mother.GetTitledFirstName] con su amante se ha acabado. Esto no cambia nada en cuanto a la verdad sobre la legitimidad de [Root.PlotTarget.GetTitledFirstName], pero lo hará más dificil de domostrar.;;;;;;;;;x;
EVTOPTAPIL35;A minor setback.;Une petite difficulté en plus.;;;Un pequeño contratiempo.;;;;;;;;;x;
HASEVIDENCE;Has Evidence\n;A des preuves\n;;;Tiene pruebas\n;;;;;;;;;x;
pil_confront_father;Confront [Root.PlotTarget.Father.GetTitledFirstName];Se confronter à [Root.PlotTarget.Father.GetTitledFirstName];;;Se enfrentará a [Root.PlotTarget.Father.GetTitledFirstName];;;;;;;;;x;
pil_confront_father_desc;The time has come. You've carefully gathered your evidence, and now it is time to bring the truth to light. [Root.PlotTarget.Father.GetFirstName] must know the truth of [Root.PlotTarget.GetFirstName]'s birth.;Le temps est venu. Vous avez soigneusement réuni vos preuves, et maintenant il est temps de faire éclater la vérité au grand jour. [Root.PlotTarget.Father.GetFirstName] doit savoir la vérité sur la naissance de [Root.PlotTarget.GetFirstName].;;;Ha llegado el momento. Reúnes rigurosamente tus pruebas, es la hora de sacar la verdad a la luz. [Root.PlotTarget.Father.GetFirstName] debe saber la verdad sobre el nacimineto de [Root.PlotTarget.GetFirstName].;;;;;;;;;x;
EVTDESCPIL100;You look over your evidence one last time, carefully making sure you have left nothing out. Together with your conspirators, you set out to see [Root.PlotTarget.Father.GetTitledFirstName].;Vous jetez un dernier œil à vos preuves, vous assurant de n'avoir rien oublié. Vous avez l'intention de vous rendre avec vos complices devant [Root.PlotTarget.Father.GetTitledFirstName].;;;Das una última ojeada a las pruebas, asegurándote de no olvidar nada. Junto a tus cómplices, te reúnes con [Root.PlotTarget.Father.GetTitledFirstName].;;;;;;;;;x;
EVTOPTAPIL100;The truth will come out, one way or the other.;La vérité va éclater au grand jour, d'une façon ou d'une autre.;;;La verdad saldrá a la luz, de una forma u otra.;;;;;;;;;x;
EVTTOOLTIPPIL100;reacts;réagit;;;reacciona;;;;;;;;;x;
EVTDESCPIL101;While visiting your father's court, you are shocked to hear of the arrival of a group led by [From.GetTitledFirstName] - and even more shocked when you discover what they intend. Apparently, they believe that [Root.Father.GetFirstName] isn't your father at all, and they intend to prove it.;Alors que vous vous rendez à la cour de votre père, vous êtes choqué d'apprendre l'arrivée d'un groupe mené par [From.GetTitledFirstName], qui n'hésite pas à clamer que [Root.Father.GetFirstName] n'est pas votre père et qu'ils ont l'intention de le prouver. ;;;Mientras ibas a la corte de tu padre, te sorprendes al descubrir la llegada de un grupo liderado por [From.GetTitledFirstName], quien no duda en afirmar que [Root.Father.GetFirstName] no es tu verdadero padre y que tienen la intención de demostrarlo.;;;;;;;;;x;
EVTOPTAPIL101;This is an outrage!;Odieux mensonges !;;;Esto es un ultraje!;;;;;;;;;x;
EVTTOOLTIPPIL101;grants the conspirators an audience;reçoit le groupe en audience.;;;otorga una audiencia a los conspiradores.;;;;;;;;;x;
EVTDESCPIL102;A group led by [FromFrom.GetTitledFirstName] have arrived at your court and demanded an audience. They claim that they believe [From.GetFirstName] is not your [From.GetRootRelation] at all, but the child of an illicit affair between [From.Mother.GetFirstName] and another man. They demand that you denounce and disinherit [From.GetHerHim] immediately.;Un groupe dirigé par [FromFrom.GetTitledFirstName] est arrivé à la cour et a demandé audience. Ils disent que [From.GetFirstName] n'est pas notre [From.GetRootRelation], mais l'enfant d'une relation entre [From.Mother.GetFirstName] et un autre homme. Ils exigent que vous dénonciez immédiatement cette infamie et déshéritiez le fruit de l'adultère.;;;Un grupo dirigido por [FromFrom.GetTitledFirstName] ha llegado a la corte y pide una audiencia. Dicen que [From.GetFirstName] no es el padre de nuestro [From.GetRootRelation], si no el fruto de una relación entre [From.Mother.GetFirstName] y otro hombre. Exigen que denuncies inmediatamente esta infamia y desheredes el fruto del adulterio.;;;;;;;;;x;
EVTOPTAPIL102;Sadly, I'm sure they're right.;Malheureusement j'ai la certitude qu'ils disent la vérité. ;;;Desgraciadamente tengo la certeza de que dicen la verdad.;;;;;;;;;x;
EVTOPTBPIL102;Ah, yes, a 'bastard'. You may consider the claim dismissed.;Ah oui… un(e) 'bâtard(e)'… je vous suggère de disparaître de ma vue le plus tôt possible.;;;Ah si… un 'bastardo'...os sugiero que desaparezcáis de mi vista lo antes posible.je vous suggère de disparaître de ma vue le plus tôt possible.;;;;;;;;;x;
EVTTOOLTIPPIL102;They present the following evidence:\n;Ils présentent les preuves suivantes:\n;;;presentan las pruebas siguientes:\n;;;;;;;;;x;
EVTTOOLTIPPIL103;will be declared a bastard\n;sera déclaré bâtard;;;será declarado bastardo\n;;;;;;;;;x;
EVTDESCPIL103;You look on in horror as [From.GetTitledFirstName] makes [From.GetHerHis] decree. [From.GetSheHeCap] proclaims you disinherited and a bastard, and strips you of your family name.;Vous êtes horrifié alors que [From.GetTitledFirstName] proclame son décret. [From.GetSheHeCap] ne vous reconnait plus comme son enfant, vous déclare bâtard(e) et vous déshérite. Même votre nom de famille vous est enlevé. ;;;Te horrorizas mientras [From.GetTitledFirstName] proclama su decreto. Ya no te reconoce como su hijo, te declara bastardo y te deshereda. Además, te han quitado el apellido.;;;;;;;;;x;
EVTOPTAPIL103;Lies, all lies!;Mensonges ! Ce ne sont que des mensonges !;;;Mentiras! Son todo mentiras!;;;;;;;;;x;
EVTTOOLTIPPIL105;is horrified;est horrifié;;;está horrorizado;;;;;;;;;x;
EVTDESCPIL105;You return home to shocking news. A group of conspirators have convinced [From.GetTitledFirstName] that [FromFrom.GetTitledFirstName] is not his child at all, but the product of an illicit affair between you and some other man. [FromFrom.GetSheHeCap] has been stripped of [FromFrom.GetHerHis] family name and declared a bastard.;Vous rentrez chez vous, encore sous le choc de la nouvelle. Un groupe de conspirateurs a convaincu [From.GetTitledFirstName] que [FromFrom.GetTitledFirstName] n'était pas son enfant, mais le produit d'une relation adultérine entre vous et un autre homme. [FromFrom.GetSheHeCap] s'est vu refuser le droit de continuer à porter son nom de famille et a été déclaré(e) bâtard(e). ;;;Vuelves a casa, todavía impactada por la noticia. Un grupa de conspiradores ha convencido a [From.GetTitledFirstName] de  que [FromFrom.GetTitledFirstName] no es su hijo, sino el producto de una relación adúltera entre tu y otro hombre. Le han quitado el apellido y lo han declarado bastardo.;;;;;;;;;x;
EVTOPTAPIL105;Those wretches!;Quel malheur!;;;Qué lástima!;;;;;;;;;x;
EVTTOOLTIPPIL106;is pleased;est content;;;está contento;;;;;;;;;x;
EVTDESCPIL106;You and your conspirators gather before [From.GetTitledFirstName], and make your case. [Root.PlotTarget.GetTitledFirstName] looks on from the sidelines in growing horror, as [Root.PlotTarget.GetSheHe] realizes exactly what you intend. Finally, [From.GetFirstName] rises and makes his decision: to strip [Root.PlotTarget.GetFirstName] of [Root.PlotTarget.GetHerHis] inheritance and family name.;Vous et vos complices vous rendez devant [From.GetTitledFirstName], et présentez vos accusations. C'est l'horreur que vous percevez sur le visage de [Root.PlotTarget.GetTitledFirstName] tandis que se poursuit l'argumentaire et qu'[Root.PlotTarget.GetSheHe] realise ce que vous êtes en train de dire. A la fin, [From.GetFirstName] finit par se lever et énonce son verdict: il déchoit [Root.PlotTarget.GetFirstName] de son héritage et de son nom de famille. ;;;Tu y tus conspiradores os reunís ante [From.GetTitledFirstName], y presentáis las pruebas. Es horror lo que se percibe en el rostro de [Root.PlotTarget.GetTitledFirstName] mientras seguía la argumentación y se daba cuenta lo que estabas a punto de decir. Al final,  [From.GetFirstName] acabó por entonar su veredicto: abastarda a [Root.PlotTarget.GetFirstName] y le quita el apellido y herencia. ;;;;;;;;;x;
EVTOPTAPIL106;A wise decision, [From.PrimaryTitle.GetFOA];Une sage décision, [From.PrimaryTitle.GetFOA].;;;Una  sabia decisión, [From.PrimaryTitle.GetFOA].;;;;;;;;;x;
EVTDESCPIL107;[From.GetTitledFirstName] leads you and the rest of your conspirators before [FromFrom.GetTitledFirstName], and makes your case. [secret_bastard_plot_target.GetTitledFirstName] looks on from the sidelines in growing horror, as [secret_bastard_plot_target.GetSheHe] realizes exactly what you intend. Finally, [FromFrom.GetFirstName] rises and makes his decision: to strip [secret_bastard_plot_target.GetFirstName] of [secret_bastard_plot_target.GetHerHis] inheritance and family name.;[From.GetTitledFirstName] vous conduit vous et vos autres complices devant [FromFrom.GetTitledFirstName], et présente ses accusations. C'est l'horreur que vous percevez sur le visage de [secret_bastard_plot_target.GetTitledFirstName] tandis que se poursuit l'argumentaire et qu'[secret_bastard_plot_target.GetSheHe] realise ce qui est entrain d'être dit. A la fin, [FromFrom.GetFirstName] finit par se lever et énonce son verdict: il déchoit [secret_bastard_plot_target.GetFirstName] de son héritage et de son nom de famille. ;;;[From.GetTitledFirstName] te conduce ante [FromFrom.GetTitledFirstName], y presenta las pruebas. Es horror lo que se percibe en el rostro de [Root.PlotTarget.GetTitledFirstName] mientras seguía la argumentación y se daba cuenta lo que estabas a punto de decir. Al final,  [From.GetFirstName] acabó por entonar su veredicto: abastarda a [Root.PlotTarget.GetFirstName] y le quita el apellido y herencia.  ;;;;;;;;;x;
EVTOPTAPIL107;A wise decision, [FromFrom.PrimaryTitle.GetFOA];Une sage décision, [FromFrom.PrimaryTitle.GetFOA].;;;Una  sabia decisión, [FromFrom.PrimaryTitle.GetFOA].;;;;;;;;;x;
EVTDESCPIL10799;[Root.PrimaryTitle.GetFOA], we have received word of a great scandal from the court in [FromFrom.Capital.GetName]. Apparently a group of conspirators have found evidence that [From.GetTitledFirstNameWithDynasty] is not the child of [old_father.GetTitledFirstName], but the bastard of an illicit affair by [From.Mother.GetTitledFirstName]. [FromFrom.GetTitledFirstName] was convinced, and has stripped [From.GetFirstName] of [From.GetHerHis] inheritance and family name.;[Root.PrimaryTitle.GetFOA], nous avons entendu parler d'un grand scandale à la court de [FromFrom.Capital.GetName]. Apparemment un groupe de conspirateurs a trouvé des preuves selon lesquelles [From.GetTitledFirstNameWithDynasty] ne serait pas l'enfant de [FromFrom.GetTitledFirstName], mais le bâtard d'une liaison de [From.Mother.GetTitledFirstName]. [FromFrom.GetTitledFirstName] a été convaincu et a nié les droits de [From.GetFirstName] sur son héritage et son nom.;;;[Root.PrimaryTitle.GetFOA], nos enteramos de un gran escándalo en la corte de [FromFrom.Capital.GetName]. parece que un grupo de conspiradores ha encontrado pruebas que afirman que [From.GetTitledFirstNameWithDynasty] no es hijo de [FromFrom.GetTitledFirstName], sino el bastardo de una aventura de [From.Mother.GetTitledFirstName]. [FromFrom.GetTitledFirstName] ha sido convencido y ha negado los derechos de [From.GetFirstName] sobre su herencia y su dinastíaom.;;;;;;;;;x;
EVTOPTAPIL10799;Scandal indeed;Une scandale en effet.;;;Un escándalo, en efecto.;;;;;;;;;x;
EVTTOOLTIPPIL108;is angry;est en colère;;;está furioso;;;;;;;;;x;
EVTDESCPIL108;You and your conspirators gather before [From.GetTitledFirstName], and make your case. [Root.PlotTarget.GetTitledFirstName] looks on from the sidelines in growing horror, as [Root.PlotTarget.GetSheHe] realizes exactly what you intend. Finally, [From.GetFirstName] rises and makes his decision: to reject your claim. He finds your evidence firmly unconvincing, and has no intention of entertaining your nonsensical theories any further.;Vous et vos complices vous rendez devant [From.GetTitledFirstName], et présentez vos accusations. C'est l'horreur que vous percevez sur le visage de [Root.PlotTarget.GetTitledFirstName] tandis que se poursuit l'argumentaire et qu'[Root.PlotTarget.GetSheHe] realise ce que vous êtes en train de dire. A la fin, [From.GetFirstName] se lève et énonce son verdict: l'accusation est rejetée. Il trouve que vos preuves sont minces et non convaincantes et il a l'intention de tuer dans l'œuf vos 'théories fumeuses'.;;;Tu y tus cómplices os presentáis ante [From.GetTitledFirstName], y presentáis las pruebas. Es horror lo que se percibe en el rostro de [Root.PlotTarget.GetTitledFirstName] mientras seguía la argumentación y se daba cuenta lo que estabas a punto de decir. Al final,  [From.GetFirstName] acabó por entonar su veredicto: la acusación es rechazada. Él cree que las pruebas son muy débiles y nada convincentes y tiene la intención de cortar de raíz tus 'teorías extrafalarias'.;;;;;;;;;x;
EVTOPTAPIL108;I suppose that that's the end of it, then.;Je suppose que c'est la fin de toute cette histoire.;;;Supongo que es el fin de toda esta historia.;;;;;;;;;x;
EVTOPTBPIL108;He may be a fool - but his bannermen might not be.;C'est peut-être un fou, mais ce n'est peut-être pas le cas de ses bannerets.;;;Él puede ser un estúpido, pero seguramente sus vasallos no.;;;;;;;;;x;
EVTTOOLTIPPIL109;is pleased;est content;;;está contento;;;;;;;;;x;
EVTDESCPIL109;At first, of course, you find the proceedings horrifying, but soon it becomes apparent that you have nothing to fear - your accusers' argument is riddled with holes, their evidence unconvincing, and your father's patience thin. Finally, he rises to his feet in a fit of rage and demands that they never bring this nonsense before him ever again.;Bien entendu, au début, vous avez été horrifié par ces accusations, mais vous vous êtes rapidement rendu compte que vous n'aviez rien à craindre. Les arguments de vos accusateurs sont présentés avec maladresse, leurs preuves sont minces et la patience de votre père semble s'épuiser. Il finit par se lever, coupant court à cette mascarade et exigeant qu'on ne l'on ne vienne plus jamais lui raconter de telles sornettes. ;;;Por supuesto, al principio, estabas horrorizado por las acusaciones, pero te diste cuenta rápidamente de que no tenías nada que temer. Los argumentos que los acusadores presentaron con torpeza, las pruebas son débiles y la paciencia de tu padre se está acabando. Tu padre acaba por levantarse, cortando esta farsa y exigiendo que no vengan nunca más con semejantes tonterías.;;;;;;;;;x;
EVTOPTAPIL109;A wise decision, father.;Une sage décision père.;;;una sabia decisión padre.;;;;;;;;;x;
EVTTOOLTIPPIL110;is pleased;est content;;;está contento;;;;;;;;;x;
EVTDESCPIL110;You return home to shocking, yet pleasant news - a group of conspirators attempted to convince [From.GetTitledFirstName] that [FromFrom.GetFirstName] was not truly his child, but he rejected their foolish claims.;Vous rentrez chez vous, choqué mais soulagé. Un groupe de conspirateurs a tenté de convaincre [From.GetTitledFirstName] qu'il n'était pas le père de [FromFrom.GetFirstName], mais il a rejeté ces folles accusations. ;;;Vuelves a casa, sorprendido pero aliviado. Un grupo de conspiradores ha tratado de convencer a [From.GetTitledFirstName] de que no era el verdadero padre de [FromFrom.GetFirstName], pero él rechazó estas estúpidas acusaciones.;;;;;;;;;x;
EVTOPTAPIL110;I'm glad to see justice was done;Je suis heureuse d'apprendre que justice a été rendue. ;;;Me complace saber que se ha hecho justicia.;;;;;;;;;x;
EVTDESCPIL111;[From.GetTitledFirstName] leads you and the rest of your conspirators before [FromFrom.GetTitledFirstName], and makes your case. [secret_bastard_plot_target.GetTitledFirstName] looks on from the sidelines in growing horror, as [secret_bastard_plot_target.GetSheHe] realizes exactly what you intend. Finally, [FromFrom.GetFirstName] rises and makes his decision: to reject your claim. He finds your evidence firmly unconvincing, and has no intention of entertaining your nonsensical theories any further.;[From.GetTitledFirstName] vous conduit vous et vos autres complices devant [FromFrom.GetTitledFirstName], et présente ses accusations. C'est l'horreur que vous percevez sur le visage de [secret_bastard_plot_target.GetTitledFirstName] tandis que se poursuit l'argumentaire et qu'[secret_bastard_plot_target.GetSheHe] realise ce qui est en train d'être dit. A la fin, [FromFrom.GetFirstName] se lève et énonce son verdict: l'accusation est rejetée. Il trouve que vos preuves sont minces et non convaincantes et il a l'intention de tuer dans l'œuf vos 'théories fumeuses'.;;;Tu y tus cómplices os presentáis ante [From.GetTitledFirstName], y presentáis las pruebas. Es horror lo que se percibe en el rostro de [Root.PlotTarget.GetTitledFirstName] mientras seguía la argumentación y se daba cuenta lo que estabas a punto de decir. Al final,  [From.GetFirstName] acabó por entonar su veredicto: la acusación es rechazada. Él cree que las pruebas son muy débiles y nada convincentes y tiene la intención de cortar de raíz tus 'teorías extrafalarias'.;;;;;;;;;;x
EVTOPTAPIL111;I suppose that that's the end of it, then.;Je suppose que c'est la fin de toute cette histoire.;;;Supongo que es el fin de toda esta historia.;;;;;;;;;x;
EVTDESCPIL112;To [Root.PrimaryTitle.GetFOA] [Root.GetTitledFirstName]\nI write this letter to inform you of a great threat. [secret_bastard_plot_target.GetTitledFirstName] is not the child of [secret_bastard_plot_target.Father.GetTitledFirstName] at all, but the product of adultery on the part of [secret_bastard_plot_target.GetHerHis] mother and another man! I urge all good lords of the realm to take arms against this deception.\nSigned,\n[From.GetFirstNameoftheHouse], [From.GetTitle] of [From.PrimaryTitle.GetName];A [Root.PrimaryTitle.GetFOA] [Root.GetTitledFirstName]\nJ'écris cette lettre pour vous prévenir d'une grave menace. [secret_bastard_plot_target.GetTitledFirstName] n'est pas l'enfant de [secret_bastard_plot_target.Father.GetTitledFirstName], mais le produit d'une relation adultérine entre sa mère et un autre homme ! J'en appelle à tous les lords du royaume pour qu'ils prennent les armes et défendent la justice.\nSigné,\n[From.GetFirstName] de la maison [From.GetOnlyDynastyName], [From.GetTitle] de [From.PrimaryTitle.GetName];;;A [Root.PrimaryTitle.GetFOA] [Root.GetTitledFirstName]\nEscribo esta carta para advertiros de una grave amenaza. [secret_bastard_plot_target.GetTitledFirstName] no es el hijo de [secret_bastard_plot_target.Father.GetTitledFirstName], sino el resultado de una relación adúltera entres su madre y otro hombre. Hago un llamamiento a todos los señores del Reino para que tomen las armas y defiendan la justicia.\nFirmado,\n[From.GetFirstName] de la casa [From.GetOnlyDynastyName], [From.GetTitle] de [From.PrimaryTitle.GetName];;;;;;;;;x;
EVTOPTAPIL112;Of course, I should have known!;Mais bien sûr, j'aurais dû le savoir !;;;Por supuesto, debería haberlo sabido.;;;;;;;;;x;
EVTOPTBPIL112;All lies, of course.;Des balivernes, rien de plus.;;;Tonterías, nada más!;;;;;;;;;x;
EVTTOOLTIPPIL113;will be furious;sera furieux;;;estará furioso;;;;;;;;;x;
EVTDESCPIL113;The day after [From.GetTitledFirstName] leaves, [Root.job_maester.GetTitledFirstName] wakes you with yet more bad news. Apparently, your judgment wasn't good enough for [From.GetHerHim]. [From.GetSheHeCap] has sent ravens to all of your bannermen, attempting to convince them of [From.GetHerHis] case.;Le lendemain du départ de [From.GetTitledFirstName], [Root.job_maester.GetTitledFirstName] vous réveille avec de très mauvaises nouvelles. Apparemment, votre verdict ne l'a pas satisfait. [From.GetSheHeCap] a envoyé des corbeaux à tous vos bannerets, pour les convaincre du bien fondé de ses accusations. ;;;El dia después de la partida de [From.GetTitledFirstName], [Root.job_maester.GetTitledFirstName] te ha despertado con muy malas noticias. Aparentemente, tu veredicto no le satisfizo. Ha enviado cuervos a todos tus vasallos, para convencerles con sus fundadas acusaciones.;;;;;;;;;x;
EVTOPTAPIL113;How DARE [From.GetSheHe]?;Comment ose-t-[From.GetSheHe] ?;;;Cómo ha osado?;;;;;;;;;x;
EVTTOOLTIPPIL114;will be angry;sera en colère;;;estará furioso;;;;;;;;;x;
EVTDESCPIL114;Apparently, [FromFrom.GetFirstName]'s judgment wasn't good enough for [From.GetTitledFirstName]. [From.GetSheHeCap] has sent ravens to all of [FromFrom.GetFirstName]'s bannermen, attempting to convince them of [From.GetHerHis] case.;Apparemment, le verdict [FromFrom.GetFirstName] n'a pas satisfait [From.GetTitledFirstName]. [From.GetSheHeCap] a envoyé des corbeaux à tous les bannerets de [FromFrom.GetFirstName] pour les convaincre du bien fondé de ses accusations. ;;;Parece que, el veredicto de [FromFrom.GetFirstName] no satisfizo a [From.GetTitledFirstName]. Ha enviado cuervos a todos los vasallos de [FromFrom.GetFirstName] para convencerles de las fundadas acusaciones.;;;;;;;;;x;
EVTOPTAPIL114;How DARE [From.GetSheHe]?;Comment ose-t-[From.GetSheHe] ?;;;Cómo ha osado?;;;;;;;;;x;
EVTTOOLTIPPIL115;will be angry;sera en colère;;;estará furioso;;;;;;;;;x;
EVTDESCPIL115;The day after [From.GetTitledFirstName] leaves, [Root.job_maester.GetTitledFirstName] wakes you with yet more bad news. Apparently, your father's judgment wasn't good enough for [From.GetHerHim]. [From.GetSheHeCap] has sent ravens to all of your bannermen, attempting to convince them of [From.GetHerHis] case.;Le lendemain du départ de [From.GetTitledFirstName], [Root.job_maester.GetTitledFirstName] vous réveille avec de très mauvaises nouvelles. Apparemment le verdict de votre père ne l'a pas satisfait. Il a envoyé des corbeaux à tous vos bannerets pour les convaincre du bien fondé de ses accusation.;;;El dia después de la partida de [From.GetTitledFirstName], [Root.job_maester.GetTitledFirstName] te ha despertado con muy malas noticias. Aparentemente, el veredicto no le satisfizo. Ha enviado cuervos a todos tus vasallos, para convencerles con sus fundadas acusaciones.;;;;;;;;;x;
EVTOPTAPIL115;How DARE [From.GetSheHe]?;Comment ose-t-[From.GetSheHe] ?;;;Cómo ha osado?;;;;;;;;;x;
EVTDESCPIL116;It's done. You watch the ravens fly from your keep, delivering your letters to all the lords of the realm. Soon the whole world will know the truth.;C'est fait. Vous observez les corbeaux qui s'envolent depuis votre donjon, transportant vos lettres adressées à tous les lords du royaume. Bientôt le monde entier saura la vérité. ;;;Está hecho. Observas los cuervos volar desde tus almenas, transportando tus cartas dirigidas a todos los señores del Reino. Pronto todo el mundo sabrá la verdad.;;;;;;;;;x;
EVTOPTAPIL116;It looks like the investigation is over, then.;Il semble que l'enquête soit enfin terminée.;;;Parece que la investigación ha concluido.;;;;;;;;;x;
pil_send_ravens;Publish Your Evidence;Publier vos preuves;;;Publicar tus pruebas;;;;;;;;;x;
pil_send_ravens_desc;You've gathered the evidence. Now is the time to make sure the whole realm learns the truth of [Root.PlotTarget.GetTitledFirstName]'s parentage.;Vous avez réuni les preuves. Maintenant il est temps de vous assurer que tout le royaume apprenne la vérité sur la légitimité de [Root.PlotTarget.GetTitledFirstName].;;;Has reunido las pruebas. Ahora es el momento de asegurarse de que todo el Reino conoce la verdad sobre la legitimidad de [Root.PlotTarget.GetTitledFirstName].;;;;;;;;;x;
EVTTOOLTIPPIL117;You prepare the letter.;Vous préparez la lettre.;;;Preparas la carta.;;;;;;;;;x;
EVTDESCPIL117;You spend all evening preparing the letter, making careful note of all the evidence you have gathered, and copying it out by hand. By dawn, you are finished.;Vous passez la nuit à préparer la lettre, énumérant avec minutie toutes les preuves que vous avez réunies avant de les coucher sur le papier. A l'aube, vous avez enfin terminé. ;;;Pasas la noche escribiendo la carta, enumerando todas las pruebas que has reunido antes de plasmarlas en el papel. Al alba, finalmente terminas.;;;;;;;;;x;
EVTOPTAPIL117;Time to send the ravens.;Il est temps d'envoyer les corbeaux.;;;Es el momento de enviar los cuervos.;;;;;;;;;x;
EVTDESCPIL118;You awake to horrifying news - your [From.GetRootRelation] [From.GetTitledFirstNameWithDynasty] has apparently sent letters to all the lords in the realm, claiming that you are the product of adultery on the part of your mother.;A votre réveil vous apprenez une terrible nouvelle, [From.GetTitledFirstName] a apparemment envoyé des lettres à tous les lords du royaume, vous accusant d'être le produit d'un adultère mettant en cause votre mère. ;;;Cuando te levantas, descubres una terrible noticia, [From.GetTitledFirstName] ha enviado cartas a todos los señores del Reino, acusándote de ser el resultado de un adulterio perpetrado por tu madre.;;;;;;;;;x;
EVTOPTAPIL118;Lies, all lies!;Mensonges ! Ce ne sont que des mensonges !;;;Mentiras! Son todo mentiras!;;;;;;;;;x;
EVTDESCPIL119;You awake to horrifying news - your [From.GetRootRelation] [From.GetTitledFirstNameWithDynasty] has apparently sent letters to all the lords in the realm, claiming that your [secret_bastard_plot_target.GetRootRelation] [secret_bastard_plot_target.GetTitledFirstName] is the product of adultery on your part..;A votre réveil vous apprenez une terrible nouvelle, [From.GetTitledFirstName] a apparemment envoyé des lettres à tous les lords du royaume, accusant [secret_bastard_plot_target.GetTitledFirstName] d'être le produit d'un adultère que vous auriez perpétré.;;;Cuando te levantas, descubres una terrible noticia, [From.GetTitledFirstName] ha enviado cartas a todos los señores del Reino, acusando a [secret_bastard_plot_target.GetTitledFirstName] de ser el resultado de un adulterio por tu parte.;;;;;;;;;x;
EVTOPTAPIL119;Well, hopefully nobody will believe it.;Avec un peu de chance personne n'y croira.;;;Con suerte nadie le creerá.;;;;;;;;;x;
EVTDESCPIL120;Apparently, your secret is out. Your [From.GetRootRelation] [From.GetTitledFirstNameWithDynasty] has sent letters to all the lords in the realm, claiming that your secret child [secret_bastard_plot_target.GetTitledFirstNameWithDynasty] is the product of adultery.;Apparamment, le secret est dévoilé. [From.GetTitledFirstName] a envoyé des missives à tous les lords du royaume, accusant votre enfant caché [secret_bastard_plot_target.GetTitledFirstName] d'être le produit de l'adultère.;;;Parece que el secreto ha sido develado. [From.GetTitledFirstName] ha enviado misivas a todos los señores del Reino, acusando a tu hijo oculto [secret_bastard_plot_target.GetTitledFirstName] de ser el resultado de adulterio.;;;;;;;;;x;
EVTOPTAPIL120;Well, hopefully nobody will believe it.;Avec un peu de chance personne n'y croira.;;;Con suerte nadie le creerá.;;;;;;;;;x;
ACTIONSUCCEED;Success!\n;Succès!\n;;;Éxito!\n;;;;;;;;;x;
ACTIONFAIL;Failure!\n;Echec!\n;;;Fracaso!\n;;;;;;;;;x;
PILEVTRAITMISSING;They argue that [secret_bastard_plot_target.GetFirstName] lacks [secret_bastard_plot_target.GetHerHis] father's features.;Ils disent que [secret_bastard_plot_target.GetTitledFirstName] n'a guère de ressemblances avec son père.\n;;;Dicen que [secret_bastard_plot_target.GetTitledFirstName] no se parece en nada a su padre.\n;;;;;;;;;x;
PILEVTRAITPRESENT;They argue that [secret_bastard_plot_target.GetFirstName] has features neither of [secret_bastard_plot_target.GetHerHis] parents possess.;Ils disent que [secret_bastard_plot_target.GetTitledFirstName] possède des caractéristiques qui ne sont présentes chez aucun de ses parents.\n;;;Dicen que [secret_bastard_plot_target.GetTitledFirstName] tiene rasgos que no están presentes en ninguno de sus padres.\n;;;;;;;;;x;
PILEVAPPEARANCE;They argue that [secret_bastard_plot_target.GetFirstName] looks nothing like [secret_bastard_plot_target.GetHerHis] father.;Ils disent que [secret_bastard_plot_target.GetTitledFirstName] ne ressemble pas du tout son père.\n;;;Dicen que [secret_bastard_plot_target.GetTitledFirstName] no se parece a su padre.\n;;;;;;;;;x;
PILEVCONCEPTION;They claim that [secret_bastard_plot_target.GetFirstName]'s father was away at the time of [secret_bastard_plot_target.GetHerHis] conception.;Ils disent que le père de [secret_bastard_plot_target.GetTitledFirstName] n'était pas présent lors de sa conception.\n;;;Dicen que el padre de [secret_bastard_plot_target.GetTitledFirstName] no estaba presente en su concepción.\n;;;;;;;;;x;
PILEVCONCEPTIONFAKE;They claim that [secret_bastard_plot_target.GetFirstName]'s father was away at the time of [secret_bastard_plot_target.GetHerHis] conception, but this is an obvious fabrication.;Ils disent que le père de [secret_bastard_plot_target.GetTitledFirstName] n'était pas présent lors de sa conception, mais il s'agit manifestement d'une odieuse machination.\n;;;Dicen que el padre de [secret_bastard_plot_target.GetTitledFirstName] no estaba presente en su concepción, pero es claramente una falsificación.\n;;;;;;;;;x;
PILEVGREENDREAMS;They claim to have seen evidence of [secret_bastard_plot_target.GetFirstName]'s illegitimacy in a green dream.;Ils disent avoir vu des preuves de l'illégitimité de [secret_bastard_plot_target.GetTitledFirstName] dans un rêve vert.\n;;;Dicen que vieron evidencias de la ilegitimidad de [secret_bastard_plot_target.GetTitledFirstName] en un sueño verde.\n;;;;;;;;;x;
PILEVGREENDREAMSFAKE;They claim to have seen evidence of [secret_bastard_plot_target.GetFirstName]'s illegitimacy in a green dream, but this is an obvious fabrication.;Ils disent avoir vu des preuves de l'illégitimité de [secret_bastard_plot_target.GetTitledFirstName] dans un rêve vert, mais il s'agit manifestement d'une odieuse machination.\n;;;Dicen que vieron evidencias de la ilegitimidad de [secret_bastard_plot_target.GetTitledFirstName] en un sueño verde, pero es claramente una maquinación.\n;;;;;;;;;x;
PILEVFLAMES;They claim to have seen proof of [secret_bastard_plot_target.GetFirstName]'s illegitimacy in the flames.;Ils disent avoir vu des preuves de l'illégitimité de [secret_bastard_plot_target.GetTitledFirstName] dans les flammes.\n;;;Dicen que vieron evidencias de la ilegitimidad de [secret_bastard_plot_target.GetTitledFirstName] en las llamas.\n;;;;;;;;;x;
PILEVFLAMESFAKE;They claim to have seen proof of [secret_bastard_plot_target.GetFirstName]'s illegitimacy in the flames, but this is an obvious fabrication.;Ils disent avoir vu des preuves de l'illégitimité de [secret_bastard_plot_target.GetTitledFirstName] dans les flammes, mais il s'agit manifestement d'une odieuse machination.\n;;;Dicen que vieron evidencias de la ilegitimidad de [secret_bastard_plot_target.GetTitledFirstName] en las llamas, pero es claramente una maquinación.\n;;;;;;;;;x;
PILEVLOVER;They reveal that [secret_bastard_plot_target.Mother.GetTitledFirstName] has been carrying on an affair.;Ils révèlent que [secret_bastard_plot_target.Mother.GetTitledFirstName] a entretenu une relation.\n;;;Revelan que [secret_bastard_plot_target.Mother.GetTitledFirstName] ha tenido  una relación.\n;;;;;;;;;x;
PILEVSPECTRAITMISSING;They argue that [From.GetFirstName] lacks [From.GetHerHis] father's features.;Ils disent que [From.GetFirstName] n'a guère de ressemblance avec son père.\n;;;Dicen que [From.GetFirstName] no se parece en nada a su padre.\n;;;;;;;;;x;
PILEVSPECTRAITPRESENT;They argue that [From.GetFirstName] has features neither of [GetHerHis] parents possess.;Ils disent que [secret_bastard_plot_target.GetTitledFirstName] possède des caractéristiques qui ne sont présentes chez aucun de ses parents.\n;;;Dicen que [secret_bastard_plot_target.GetTitledFirstName] tiene rasgos que no están presentes en ninguno de sus padres.\n;;;;;;;;;x;
PILEVSPECAPPEARANCE;They argue that [From.GetFirstName] looks nothing like [GetHerHis] father.;Ils disent que [From.GetFirstName] ne ressemble pas du tout à son père.\n;;;Dicen que [From.GetFirstName] no se parece a su padre.\n;;;;;;;;;x;
PILEVSPECCONCEPTION;They claim that [From.GetFirstName]'s father was away at the time of [GetHerHis] conception.;Ils disent que le père de [From.GetFirstName] n'était pas présent lors de sa conception.\n;;;Dicen que el padre de [From.GetFirstName] no estaba presente en su concepción.\n;;;;;;;;;x;
PILEVSPECCONCEPTIONFAKE;They claim that [From.GetFirstName]'s father was away at the time of [GetHerHis] conception, but this is an obvious fabrication.;Ils disent que le père de [From.GetFirstName] n'était pas présent lors de sa conception, mais il s'agit manifestement d'une odieuse machination.\n;;;Dicen que el padre de [From.GetFirstName] no estaba presente en su concepción, pero es claramente una maquinación\n;;;;;;;;;x;
PILEVSPECGREENDREAMS;They claim to have seen evidence of [From.GetFirstName]'s illegitimacy in a green dream.;Ils disent avoir vu des preuves de l'illégitimité de [From.GetFirstName] dans un rêve vert.\n;;;Dicen que vieron evidencias de la ilegitimidad de [From.GetFirstName] en un sueño verde.\n;;;;;;;;;x;
PILEVSPECGREENDREAMSFAKE;They claim to have seen evidence of [From.GetFirstName]'s illegitimacy in a green dream, but this is an obvious fabrication.;Ils disent avoir vu des preuves de l'illégitimité de [From.GetFirstName] dans un rêve vert, mais il s'agit manifestement d'une odieuse machination.\n;;;Dicen que vieron evidencias de la ilegitimidad de [From.GetFirstName] en un sueño verde, pero es claramente una maquinación\n;;;;;;;;;x;
PILEVSPECFLAMES;They claim to have seen proof of [From.GetFirstName]'s illegitimacy in the flames.;Ils disent avoir vu des preuves de l'illégitimité de [From.GetFirstName] dans les flammes.\n;;;Dicen que vieron evidencias de la ilegitimidad de [From.GetFirstName] en las llamas.\n;;;;;;;;;x;
PILEVSPECFLAMESFAKE;They claim to have seen proof of [From.GetFirstName]'s illegitimacy in the flames, but this is an obvious fabrication.;Ils disent avoir vu des preuves de l'illégitimité de [From.GetFirstName] dans les flammes, mais il s'agit manifestement d'une odieuse machination.\n;;;Dicen que vieron evidencias de la ilegitimidad de [From.GetFirstName] en las llamas, pero es claramente una maquinación\n;;;;;;;;;x;
PILEVSPECLOVER;They reveal that [From.Mother.GetTitledFirstName] has been carrying on an affair.;Ils révèlent que [From.GetFirstName] a entretenu une relation extraconjugale.\n;;;Revelan que [From.GetFirstName] ha tenido  una relación adúltera.\n;;;;;;;;;x;
opinion_suspected_bastard;Suspected Bastard;Suspecté de bâtardise;;;Sospechoso de bastardía;;;;;;;;;x;
suspected_bastard;Suspected Bastard;Suspecté de bâtardise;;;Sospechoso de bastardía;;;;;;;;;x;
EVTTOOLTIP33;[This.GetTitledFirstName] is the lover\n;[This.GetTitledFirstName] est l'amant(e)\n;;;[This.GetTitledFirstName] es el amante\n;;;;;;;;;x;
EVTTOOLTIP34;shall be informed of this new evidence;sera informé de cette nouvelle preuve;;;será informado de esta nueva prueba;;;;;;;;;x;
opinion_ignored_accusation;Ignored my Accusation;A ignoré mon accusation;;;Ignoró mi acusación;;;;;;;;;x;
opinion_unfaithful_deceiver;Unfaithful Deceiver;Pas digne de confiance;;;Indigno de confianza;;;;;;;;;x;
opinion_cuckolded_AGOT;Cuckolded;Cocu;;;Cornudo;;;;;;;;;x;
EVTOPTB406;You would kill my unborn child?;Vous voulez tué mon enfant qui n'est même pas né ?;;;Quieres matar a mi hijo que todavía no ha nacido?;;;;;;;;;x;
TOOLTIPbirth.50;You try and persuade her not to take the moon tea;Vous tentez de la persuadé de ne pas prendre le thé de lune.;;;Intentas persuadirla de que no tome el té de la luna.;;;;;;;;;x;
EVTDESCbirth.50;[From.GetFirstName] was horrified at your notion of using moon tea to prevent the pregnancy, and insists that your refrain from doing so.;[From.GetFirstName] a été horrifié d'apprendre que vous vouliez utiliser le thé de lune pour mettre fin à votre grossesse, et insiste pour que vous ne le fassiez pas.;;;[From.GetFirstName] se horrorizó al enterarse que ibas a utilizar té de la luna para poner fin al embarazo, e insiste para que no lo hagas.;;;;;;;;;x;
EVTOPTAbirth.50;Fine, I will not take it;Bien, je ne vais pas le prendre.;;;Bien, no lo tomaré.;;;;;;;;;x;
TOOLTIPbirth.51;You will not take the moon tea and will have [From.GetFirstName]'s child;Vous n'allez pas prendre le thé de lune et allez avoir l'enfant de [From.GetFirstName], qui passera pour celui de [Root.Spouse.GetTitledFirstName].;;;No tomarás té de la luna y tendrás al niño de [From.GetFirstName];;;;;;;;;x;
TOOLTIPbirth.51B;, passing it off as [Root.Spouse.GetTitledFirstName]'s;;;;, quien pasará por el de [Root.Spouse.GetTitledFirstName].;;;;;;;;;x;
EVTOPTBbirth.50;You cannot force me!;Vous ne pouvez pas me forcer !;;;No me puedes obligar!;;;;;;;;;x;
EVTDESCbirth.51;[From.GetFirstName] agreed to not take the moon tea, and will have your child. She will begrudgingly pass it off as [From.Spouse.GetTitledFirstName]'s.;[From.GetFirstName] a accepté de ne pas prendre le thé de lune et va accoucher de votre enfant. Elle le fera passer pour celui de [From.Spouse.GetTitledFirstName] même si cela ne lui plait pas.;;;[From.GetFirstName] ha aceptado no tomar el té de la luna y tendrá a tu hijo. Lo hará pasar por el de [From.Spouse.GetTitledFirstName] aunque a ella no le gusta la idea.;;;;;;;;;x;
EVTDESCbirth.51B;[From.GetFirstName] agreed to not take the moon tea, and will have your child. She will begrudgingly bear you a bastard.;[From.GetFirstName] a accepté de ne pas prendre le thé de lune et vous donnera un enfant. Elle va porter votre batard, mais de mauvaise grâce. ;;;[From.GetFirstName] ha aceptado no tomar el té de la luna y tendrá a tu hijo. Dará a luz un bastardo aunque a ella no le gusta la idea.;;;;;;;;;x;
EVTOPTAbirth.51;Good;Bien.;;;Bien.;;;;;;;;;x;
EVTDESCbirth.52;[From.GetFirstName] was outraged at your attempt to make her have your child, and has defiantly taken the moon tea to halt her pregnancy.;[From.GetFirstName] a été choquée de votre tentative visant à conserver votre enfant, par défi elle a prit le thé de lune pour arrêter la grossesse.;;;[From.GetFirstName] se sorprendió de tu intento de conservar a tu hijo, desafiándote, ella ha tomado té de la luna para detener el embarazo.;;;;;;;;;x;
EVTOPTAbirth.52;Harlot!;Foutre merde !;;;Ramera!;;;;;;;;;x;
opinion_aborted_my_child;Aborted my Child;A avorté de mon enfant;;;Abortó de mi hijo;;;;;;;;;x;
opinion_coerced_into_having_child;Coerced Into Having Child;A contraint à garder l'enfant;;;Forzada a tener un hijo;;;;;;;;;x;
opinion_ignored_false_accusation;Ignored my Accusation;A ignoré mon accusation;;;Ignoró mi acusación;;;;;;;;;x;
EVTDESCPIL36;Your investigation of [Root.PlotTarget.GetTitledFirstName] is progressing well, you  have collected much evidence already. Then when observing [Root.PlotTarget.GetFirstName]'s siblings you realise they share many features, and that they too must be bastards.;Votre enquête sur [Root.PlotTarget.GetTitledFirstName] se déroule bien, vous êtes déjà parvenu à collecter de nombreuses preuves. En observant les frères et soeurs de [Root.PlotTarget.GetFirstName] vous réalisez qu'ils partagent de nombreuses caractéristiques et qu'ils sont sûrement des bâtards eux aussi.;;;Tu investigación sobre [Root.PlotTarget.GetTitledFirstName] se desarrolla bien, has conseguido muchas pruebas. Observando a los hermanos de [Root.PlotTarget.GetFirstName] te das cuenta que comparten muchos rasgos y que seguramente también serán bastardos.;;;;;;;;;x;
TOOLTIPimplicated_sibling;[This.GetTitledFirstName] will be implicated in the investigation\n;[This.GetTitledFirstName] va être impliqué(e) dans l'enquête\n;;;[This.GetTitledFirstName] se incluirá en la investigación\n;;;;;;;;;x;
EVTOPTAPIL36;Yes, some of them indeed are similar;Oui, ils se ressemblent beaucoup…;;;Sí, se parecen mucho...;;;;;;;;;x;
EVTOPTBPIL36;All of [Root.PlotTarget.Mother.GetFirstName]'s spawn must be bastards!;Toute la progéniture de [Root.PlotTarget.Mother.GetFirstName] doit être entâchée de bâtardise !;;;Toda la progenie de [Root.PlotTarget.Mother.GetFirstName] debe ser acusada de bastardía!;;;;;;;;;x;
EVTOPTCPIL36;No, only [Root.PlotTarget.GetFirstName] shall be implicated;Non, seulement [Root.PlotTarget.GetFirstName] doit être impliqué(e);;;No, sólamente [Root.PlotTarget.GetFirstName] sebe estar implicado.;;;;;;;;;x;
EVTDESCPIL37;Your investigation of the target's bastardy is progressing well, you  have collected much evidence already. Then when observing the target's siblings you realise they share many features, and that they too must be bastards.;Votre enquête sur la bâtardise de la cible se déroule bien, vous êtes déjà parvenu à collecter de nombreuses preuves. En observant ses frères et soeurs vous réalisez qu'ils partagent de nombreuses caractéristiques qu'ils sont sûrement des bâtards eux aussi.;;;Tu investigación sobre la bastardía del objetivo se desarrolla bien, has conseguido muchas pruebas. Observando a sus hermanos te das cuenta que comparten muchos rasgos y que seguramente también serán bastardos.;;;;;;;;;x;
EVTDESCPIL38;Your co-plotter [From.GetTitledFirstName] has come to you with a new theory in the investigation. [From.GetSheHeCap] has pointed out that [Root.PlotTarget.GetFirstName] and [Root.PlotTarget.GetHerHis] siblings share many features, and could easily be implicated as illegitimate as well.;Votre complice [From.GetTitledFirstName] est venu vous voir avec une nouvelle théorie. [From.GetSheHeCap] a fait remarquer que [Root.PlotTarget.GetFirstName] et ses frères et soeurs partagent de nombreuses caractéristiques communes et pourraient aisément être considérés comme illégitimes.;;;Tu cómplice [From.GetTitledFirstName] ha venido con una nueva teoría. Remarca que [Root.PlotTarget.GetFirstName] y sus hermanos comparten cmuchos rasgos y podrían ser considerados ilegítimos.;;;;;;;;;x;
PILEVSIBLINGS;They also implicate [secret_bastard_plot_target.GetTitledFirstName]'s siblings.\n;Ils impliquent également les frères et sœurs de [secret_bastard_plot_target.GetTitledFirstName].\n;;;Implican también a los hermanos de [secret_bastard_plot_target.GetTitledFirstName].\n;;;;;;;;;x;
PILEVSPECSIBLINGS;They also implicate [From.GetTitledFirstName]'s siblings.\n;Ils impliquent également les frères et sœurs de [From.GetTitledFirstName].\n;;;Implican también a los hermanos de [From.GetTitledFirstName].\n;;;;;;;;;x;
opinion_conspired_against_me;Conspired Against Me;A conspiré contre moi;;;Conspiró contra mi;;;;;;;;;x;
opinion_conspired_against_child;Conspired Against My Child;A conspiré contre mon enfant;;;Conspiró contra mi hijo;;;;;;;;;x;
opinion_bastard_spawn;Cuckold Bastard Child;Cocu, enfant bâtard;;;Cornudo con hijo bastardo;;;;;;;;;x;
pil_regent_sieze_throne;Sieze [Root.PlotTarget.PrimaryTitle.GetName];S'emparer de [Root.PlotTarget.PrimaryTitle.GetName];;;Incautar el [Root.PlotTarget.PrimaryTitle.GetName];;;;;;;;;x;
pil_regent_sieze_throne_desc;With enough support and evidence, [Root.GetTitledFirstName] can use [Root.GetHerHis] powers as [Root.GetLordLady] Regent to declare [Root.PlotTarget.GetTitledFirstNameNoRegnal] to be an illegitimate bastard. [Root.GetSheHeCap] would then be free to press [Root.GetHerHis] claim to [Root.PlotTarget.PrimaryTitle.GetName].;Avec assez de preuves et de soutiens, [Root.GetTitledFirstName] peut utiliser son pouvoir de régent(e) pour déclarer [Root.PlotTarget.GetTitledFirstNameNoRegnal] bâtard(e) illégitime. [Root.GetSheHeCap] sera ainsi libre de revendiquer [Root.PlotTarget.PrimaryTitle.GetName].;;;Con el apoyo y pruebas suficientes, [Root.GetTitledFirstName] puede usar sus poderes como [Root.GetLordLady] Regente para declarar a [Root.PlotTarget.GetTitledFirstNameNoRegnal] un bastardo ilegítimo. Ahora es libre de reivindicar su reclamación al [Root.PlotTarget.PrimaryTitle.GetName].;;;;;;;;;x;
EVTTOOLTIPpil.122;You confront [Root.PlotTarget.GetTitledFirstNameNoRegnal] and the court...;Vous confrontez [Root.PlotTarget.GetTitledFirstNameNoRegnal] et la cour...;;;Te enfrentas a [Root.PlotTarget.GetTitledFirstNameNoRegnal] y a la corte...;;;;;;;;;x;
EVTDESCpil.122;The time has come. You assemble the council and court to present your evidence of [Root.PlotTarget.GetTitledFirstNameNoRegnal]'s bastardy, and using your powers as [Root.GetLordLady] Regent you have [Root.PlotTarget.GetHerHim] declared illegitimate and removed as [Root.PlotTarget.GetTitle]. This conveniently allows you to press your claim to [Root.PlotTarget.PrimaryTitle.GetName].;Le temps est enfin venu. Vous avez réuni le conseil et la cour pour présenter vos preuves de la bâtardise de [Root.PlotTarget.GetTitledFirstNameNoRegnal]. Vous avez utilisé votre pouvoir de régent(e) pour le(a) faire déclarer bâtard(e) illégitime et lui faire perdre son titre de [Root.PlotTarget.GetHerHim]. Cela vous a permis de faire valoir vos droits sur [Root.PlotTarget.PrimaryTitle.GetName].;;;El momento ha llegado. Te reúnes con el consejo y la corte para presentar tus pruebas de la bastardía de [Root.PlotTarget.GetTitledFirstNameNoRegnal], y usando tus poderes como [Root.GetLordLady] Regente para declarar a [Root.PlotTarget.GetHerHim] ilegítimo y destituirlo como [Root.PlotTarget.GetTitle]. Convenientemente, esto te permite reclamar tu reivindicación sobre el [Root.PlotTarget.PrimaryTitle.GetName].;;;;;;;;;x;
EVTOPTApil.122;It is for the good of the realm;C'est pour le bien du royaume.;;;Es por el bien del reino;;;;;;;;;x;
EVTDESCpil.123;[From.GetTitledFirstNameWithDynasty], the [Root.GetLordLady] Regent, has assembled your court and council. [From.GetSheHeCap] has been plotting against you it seems, for [From.GetSheHe] is claiming you to be a bastard and not the legitimate child of [Root.Father.GetTitledFirstName]! [From.GetSheHeCap] is using [From.GetHerHis] power and flimsy evidence to have you deposed, seizing [Root.PrimaryTitle.GetName] for [From.GetHerHim]self!;[From.GetTitledFirstNameWithDynasty], le(a) régent(e), a réuni la cour et le conseil. Il semble qu'[From.GetSheHe] a comploté contre vous puisqu'[From.GetSheHe] vous accuse d'être un(e) bâtard(e) et de ne pas être l'enfant légitime de [Root.Father.GetTitledFirstName]! [From.GetSheHeCap] a utilisé son pouvoir pour vous faire déposer et pour s'emparer de [Root.PrimaryTitle.GetName] !;;;[From.GetTitledFirstNameWithDynasty], el Regente, se ha reunido con su corte y consejo. Parece que ha estado conspirando contra ti, reclama que eres un bastardo y no el legítimo hijo de [Root.Father.GetTitledFirstName]! Está usando su poder y pruebas endebles para deponerte, incautando el [Root.PrimaryTitle.GetName] para si mismo!;;;;;;;;;x;
EVTOPTApil.123;This is an outrage!;C'est un scandale !;;;Esto es un ultraje!;;;;;;;;;x;
EVTDESCPIL124;You return home to shocking news. A group of conspirators led by [From.GetLordLady] Regent [From.GeFirstName] [From.GetOnlyDynastyName] claims that [FromFrom.GetTitledFirstName] is not [FromFrom.Father.GetTitledFirstName]'s child at all, but the product of an illicit affair between you and some other man. [FromFrom.GetSheHeCap] has been stripped of [FromFrom.GetHerHis] family name and declared a bastard.;A votre retour vous apprenez une nouvelle des plus choquantes. Un groupe de conspirateurs mené par le(a) régent(e) [From.GeFirstName] [From.GetOnlyDynastyName] a accusé [FromFrom.GetTitledFirstName] de ne pas être l'enfant de [FromFrom.Father.GetTitledFirstName], mais le produit d'une relation adultérine entre vous et un autre homme. [FromFrom.GetSheHeCap] a été déclaré bâtard(e) et ne peut plus porter son nom.;;;Regresas a casa con impactantes noticias. Un grupo de conspiradores liderados por el regente [From.GeFirstName] [From.GetOnlyDynastyName] afirma que [FromFrom.GetTitledFirstName] no es el hijo de [FromFrom.Father.GetTitledFirstName] y que, en realidad es el producto de una relación ilícita entre tu y otro hombre. [FromFrom.GetSheHeCap] ha sido despojado de su apellido y declarado un bastardo.;;;;;;;;;x;
EVTOPTAPIL124;Those wretches!;Bande de misérables !;;;Esos desgraciados!;;;;;;;;;x;
EVTDESCPIL125;Apparently, your secret is out. [From.GetLordLady] Regent [From.GeFirstName] [From.GetOnlyDynastyName] has declared [secret_bastard_plot_target.GetTitledFirstName] a bastard, claiming that [secret_bastard_plot_target.GetSheHe] is the product of adultery.;Apparamment, votre secret n'en est plus un. Le(a) régent(e) [From.GeFirstName] [From.GetOnlyDynastyName] a révélé que [secret_bastard_plot_target.GetTitledFirstName] était un(e) bâtard(e) et qu'[secret_bastard_plot_target.GetSheHe] était le produit d'un adultère.;;;Al parecer, tu secreto se ha desvelado. El regente [From.GeFirstName] [From.GetOnlyDynastyName] ha declarado a [secret_bastard_plot_target.GetTitledFirstName] como bastardo, afirmando que es el producto de un adulterio.;;;;;;;;;x;
EVTOPTAPIL125;Well, hopefully nobody will believe it.;Avec un peu de chance personne n'y croira.;;;Con suerte nadie le creerá.;;;;;;;;;x;
EVTDESCPIL112B;[Root.GetTitledFirstName]\nI, the[From.GetLordLady] Regent, declare that [secret_bastard_plot_target.GetTitledFirstNameNoRegnal] is not the child of [secret_bastard_plot_target.Father.GetTitledFirstName] at all, but the product of adultery on the part of [secret_bastard_plot_target.GetHerHis] mother and another man! I have therefore had [secret_bastard_plot_target.GetHerHim] removed as [secret_bastard_plot_target.GetTitle], and will henceforth rule [secret_bastard_plot_target.PrimaryTitle.GetName] instead.\nSigned,\n[From.GetFirstNameoftheHouse];[Root.GetTitledFirstName]\nMoi, le(a) régent(e), déclare que [secret_bastard_plot_target.GetTitledFirstNameNoRegnal] n'est pas l'enfant de [secret_bastard_plot_target.Father.GetTitledFirstName] mais le produit d'un adultère de sa mère ! En conséquence je l'ai fait déposer et je vais désormais régner sur [secret_bastard_plot_target.PrimaryTitle.GetName] à sa place.\nSigné,\n[From.GetFirstName] de la maison [From.GetOnlyDynastyName];;;[Root.GetTitledFirstName]\nYo, el [From.GetLordLady] Regente, afirmo que [secret_bastard_plot_target.GetTitledFirstNameNoRegnal] no es el hijo de [secret_bastard_plot_target.Father.GetTitledFirstName] y que, en realidad es el producto de un adulterio entre su madre y otro hombre! Por ello, lo he destituido como [secret_bastard_plot_target.GetTitle], y a partir de ahora gobernaré el [secret_bastard_plot_target.PrimaryTitle.GetName] en su lugar.\nFirmado,\n[From.GetFirstName] de la Casa [From.GetOnlyDynastyName];;;;;;;;;x;
EVTDESCPIL40;You see things, sometimes, in your dreams. They call it the dragon dreams, an ancient magic of Old Valyria. And this time, the tortured visions have only one possible interpretation. You're sure of it now. [Root.PlotTarget.GetTitledFirstName] is no child of [Root.PlotTarget.Father.GetFirstName]'s.;Vous voyez des choses, parfois, dans vos rêves. Ils appellent cela les rêves de dragon, une antique magie de l'Ancienne Valyria. Et cette fois, ces visions torturées n'ont qu'une seule interprétation possible. Vous en êtes sûr à présent. [Root.PlotTarget.GetTitledFirstName] n'est pas l'enfant de [Root.PlotTarget.Father.GetFirstName];;;A veces ves cosas en los sueños, los llaman sueños de dragón, una antigua magia de la Antigua Valyria. Y en esta ocasión, estas visiones sólamente tienen una interpretación posible. Estás seguro de ello, [Root.PlotTarget.GetTitledFirstName] no es el hijo de [Root.PlotTarget.Father.GetFirstName];;;;;;;;;x;
EVTOPTAPIL40;But will anyone else believe it?;Mais quelqu'un le croira-t-il?;;;Pero alguien se lo creerá?;;;;;;;;;x;
EVTDESCPIL41;You see things, sometimes, in your dreams. They call it the dragon dreams, an ancient magic of Old Valyria. And this time, the tortured visions have only one possible interpretation. You're sure of it now. [Root.PlotTarget.GetTitledFirstName] is no child of [Root.PlotTarget.Father.GetFirstName]'s.;Vous voyez des choses, parfois, dans vos rêves. Ils appellent cela les rêves de dragon, une antique magie de l'Ancienne Valyria. Et cette fois, ces visions torturées n'ont qu'une seule interprétation possible. Vous en êtes sûr à présent. [Root.PlotTarget.GetTitledFirstName] n'est pas l'enfant de [Root.PlotTarget.Father.GetFirstName];;;A veces ves cosas en los sueños, los llaman sueños de dragón, una antigua magia de la Antigua Valyria. Y en esta ocasión, estas visiones sólamente tienen una interpretación posible. Estás seguro de ello, [Root.PlotTarget.GetTitledFirstName] no es el hijo de [Root.PlotTarget.Father.GetFirstName];;;;;;;;;x;
EVTOPTAPIL41;But will anyone else believe it?;Mais quelqu'un le croira-t-il?;;;Pero alguien se lo creerá?;;;;;;;;;x;
EVTTOOLTIPPIL41;is no child of [This.Father.GetFirstName]';n'est pas l'enfant de [This.Father.GetFirstName];;;no es el hijo de [This.Father.GetFirstName];;;;;;;;;x;
EVTTOOLTIPPIL42;must hear of this!;doit savoir cela!;;;debe saberlo!;;;;;;;;;x;
EVTDESCPIL42;A frantic [From.GetTitledFirstName] comes to you in the night. [From.GetSheHeCap] claims to have seen proof of [Root.PlotTarget.GetFirstName]'s illegitimacy, in [From.GetHerHis] dreams. [From.GeFirstName] is known to have these prophetic 'Dragon Dreams', however you're not entirely sure whether you believe [From.GetHerHim] - or whether anyone else will. But you suppose it can't hurt.;Un [From.GetTitledFirstName] dans tous ses états vient vous voir dans la nuit. [From.GetSheHeCap] prétend avoir vu des preuves de l'illégimité de [Root.PlotTarget.GetFirstName], dans un de ses rêves. [From.GeFirstName] est réputé pour avoir ces 'rêves de dragon' prophétiques , mais vous n'êtes pas tout à fait sûr si vous [From.GetHerHim] croyez - ou si quelqu'un d'autre le fera. Mais vous supposez que cela ne peut pas faire de mal.;;;Un agitado [From.GetTitledFirstName] se acerca a ti en la noche. Afirma que ha visto pruebas de la ilegitimidad de [Root.PlotTarget.GetFirstName] en uno de sus sueños. [From.GeFirstName] tiene fama de tener esos 'sueños de dragón' proféticos , pero no estás seguro si creerle, ó si alguien lo hará. Pero suponed que esto no hará daño a nadie.;;;;;;;;;x;
EVTOPTAPIL42;It's better than nothing, at least.;Au moins, c'est mieux que rien;;;Es mejor que nada.;;;;;;;;;x;
pil_fabricate_dragon_dreams_decision_1;Create a False Dragon Dream;Créer un faux rêve de dragon;;;Crear un falso Sueño de Dragón;;;;;;;;;x;
pil_fabricate_dragon_dreams_decision_1_desc;You sometimes have visions while you sleep - dragon dreams, they're called. You're not sure how much weight such things carry, but perhaps you could claim to have seen proof of [Root.PlotTarget.GetTitledFirstName]'s illegitimacy. Of course, you'd have to come up with a plausible vision.;Vous avez parfois des visions dans votre sommeil. Ils appellent cela des rêves de dragon. Vous ne savez pas quelle importance cela peut avoir, mais peut-être pourriez-vous prétendre avoir vu des preuves de l'illégitimité de [Root.PlotTarget.GetTitledFirstName]. Bien sûr, il vous faudra présenter une version plausible.;;;A veces tienes visiones en tus sueños. Se llaman sueños de dragón. No sabes cuanta importancia podrá tener, pero tal vez podrías afirmar haber visto pruebas de la ilegitimidad de [Root.PlotTarget.GetTitledFirstName]. Necesitarás presentar una versión plausible.;;;;;;;;;x;
pil_fabricate_dragon_dreams_decision_2;Create a False Dragon Dream;Créer un faux rêve de dragon;;;Crear un falso Sueño de Dragón;;;;;;;;;x;
pil_fabricate_dragon_dreams_decision_2_desc;You sometimes have visions while you sleep - dragon dreams, they're called. You're not sure how much weight such things carry, but perhaps you could claim to have seen proof of [Root.PlotTarget.GetTitledFirstName]'s illegitimacy. Of course, you'd have to come up with a plausible vision.;Vous avez parfois des visions dans votre sommeil. Ils appellent cela des rêves de dragon. Vous ne savez pas quelle importance cela peut avoir, mais peut-être pourriez-vous prétendre avoir vu des preuves de l'illégitimité de [Root.PlotTarget.GetTitledFirstName]. Bien sûr, il vous faudra présenter une version plausible.;;;A veces tienes visiones en tus sueños. Se llaman sueños de dragón. No sabes cuanta importancia podrá tener, pero tal vez podrías afirmar haber visto pruebas de la ilegitimidad de [Root.PlotTarget.GetTitledFirstName]. Necesitarás presentar una versión plausible.;;;;;;;;;x;
pil_fabricate_dragon_dreams_decision_3;Create a False Dragon Dream;Créer un faux rêve de dragon;;;Crear un falso Sueño de Dragón;;;;;;;;;x;
pil_fabricate_dragon_dreams_decision_3_desc;You sometimes have visions while you sleep - dragon dreams, they're called. You're not sure how much weight such things carry, but perhaps you could claim to have seen proof of [Root.PlotTarget.GetTitledFirstName]'s illegitimacy. Of course, you'd have to come up with a plausible vision.;Vous avez parfois des visions dans votre sommeil. Ils appellent cela des rêves de dragon. Vous ne savez pas quelle importance cela peut avoir, mais peut-être pourriez-vous prétendre avoir vu des preuves de l'illégitimité de [Root.PlotTarget.GetTitledFirstName]. Bien sûr, il vous faudra présenter une version plausible.;;;A veces tienes visiones en tus sueños. Se llaman sueños de dragón. No sabes cuanta importancia podrá tener, pero tal vez podrías afirmar haber visto pruebas de la ilegitimidad de [Root.PlotTarget.GetTitledFirstName]. Necesitarás presentar una versión plausible.;;;;;;;;;x;
pil_fabricate_dragon_dreams_decision_4;Create a False Dragon Dream;Créer un faux rêve de dragon;;;Crear un falso Sueño de Dragón;;;;;;;;;x;
pil_fabricate_dragon_dreams_decision_4_desc;You sometimes have visions while you sleep - dragon dreams, they're called. You're not sure how much weight such things carry, but perhaps you could claim to have seen proof of [Root.PlotTarget.GetTitledFirstName]'s illegitimacy. Of course, you'd have to come up with a plausible vision.;Vous avez parfois des visions dans votre sommeil. Ils appellent cela des rêves de dragon. Vous ne savez pas quelle importance cela peut avoir, mais peut-être pourriez-vous prétendre avoir vu des preuves de l'illégitimité de [Root.PlotTarget.GetTitledFirstName]. Bien sûr, il vous faudra présenter une version plausible.;;;A veces tienes visiones en tus sueños. Se llaman sueños de dragón. No sabes cuanta importancia podrá tener, pero tal vez podrías afirmar haber visto pruebas de la ilegitimidad de [Root.PlotTarget.GetTitledFirstName]. Necesitarás presentar una versión plausible.;;;;;;;;;x;
pil_fabricate_dragon_dreams_decision_5;Create a False Dragon Dream;Créer un faux rêve de dragon;;;Crear un falso Sueño de Dragón;;;;;;;;;x;
pil_fabricate_dragon_dreams_decision_5_desc;You sometimes have visions while you sleep - dragon dreams, they're called. You're not sure how much weight such things carry, but perhaps you could claim to have seen proof of [Root.PlotTarget.GetTitledFirstName]'s illegitimacy. Of course, you'd have to come up with a plausible vision.;Vous avez parfois des visions dans votre sommeil. Ils appellent cela des rêves de dragon. Vous ne savez pas quelle importance cela peut avoir, mais peut-être pourriez-vous prétendre avoir vu des preuves de l'illégitimité de [Root.PlotTarget.GetTitledFirstName]. Bien sûr, il vous faudra présenter une version plausible.;;;A veces tienes visiones en tus sueños. Se llaman sueños de dragón. No sabes cuanta importancia podrá tener, pero tal vez podrías afirmar haber visto pruebas de la ilegitimidad de [Root.PlotTarget.GetTitledFirstName]. Necesitarás presentar una versión plausible.;;;;;;;;;x;
pil_fabricate_dragon_dreams_backer_decision;Ask For a False Dragon Dream;Demander un faux rêve de dragon;;;Pedir un falso Sueño de Dragón;;;;;;;;;x;
pil_fabricate_dragon_dreams_backer_decision_desc;Your investigation is proceeding far too slowly for your tastes, and you wonder if you might be able to speed it up a little. One of your co-conspirators claims to receive visions of the future in their dreams. Perhaps they could claim to have received visions of [Root.PlotTarget.GetTitledFirstName]'s true parentage.;Votre enquête progresse bien trop lentement à votre goût, et vous vous demandez si vous ne pourriez pas l'accélérer un peu. L'un de vos complices prétend avoir des visions du futur dans ses rêves. Peut-être pourrait-il prétendre avoir reçu des visions de la vraie filiation de [Root.PlotTarget.GetTitledFirstName];;;Tu investigación va más lenta de lo que te gustaría y te preguntas si no sería posible acelerarla un poco. Uno de tus cómplices dice que puede ver el futuro en sus sueños. Tal vez podría decir que ha tenido una visión concerniente a la paternidad de [Root.PlotTarget.GetTitledFirstName].;;;;;;;;;x;
EVTDESCPIL43;After a long night of work, wondering whether the time might have been better spent on REAL dreams, you've finished describing your fake one. You think, at least. It certainly seems to you like there's only one possible interpretation, but there's no way to be certain.;Après une longue nuit de travail, vous interrogeant si ce temps n'aurait pas été mieux utilisé sur de vrais rêves, vous avez fini de décrire votre faux. Il vous semble certainement qu'il n'y ait qu'une seule interprétation possible, mais il n'y a aucune manière d'en être sûr.;;;Durante toda una noche has refinado la descripción del falso sueño de dragón. Crees que sólo habrá una interpretación, pero eso nunca se sabe.;;;;;;;;;x;
EVTOPTAPIL43;It will have to do.;Cela devra marcher;;;Así se hará.;;;;;;;;;x;
EVTDESCPIL45;You've made up your mind. It's time to put these claims of magical dragon dreams to good use. And if they aren't going to say what you need them to, you might as well say it for them.;Vous vous êtes décidé. Il est temps de faire bon usage de ces prétendus rêves de dragon magiques. Et s'ils ne disent pas ce que vous avez besoin qu'ils disent, vous pouvez tout autant le dire pour eux.;;;Has tomado una decisión. Es el momento de que los sueños de dragón sirvan para algo. Y si no quieren decirme lo que quiero oír, entonces yo haré que lo digan.;;;;;;;;;x;
EVTOPTAPIL45;Now, where's our self-proclaimed dragon dreamer;Et maintenant, où est notre auto-proclamé rêveur;;;Y ahora, donde está nuestro autoproclamado soñador de dragones;;;;;;;;;x;
EVTTOOLTIPPIL46;will be asked to help create a false dream.;se verra demandé de créer un faux rêve.;;;se le pedirá que cree un falso sueño de dragón.;;;;;;;;;x;
EVTDESCPIL46;[From.GetTitledFirstName] comes to you with a proposal. The investigation, it seems, isn't proceeding as quickly as [From.GetSheHe]'d like. [From.GetSheHe] wants you to find a way to speed it up a little - perhaps by claiming to have had one of those dragon dreams of yours, even if you haven't. Who's to know, after all?;[From.GetTitledFirstName] vient vous voir avec une proposition. L'enquête, semble-t-il, n'avance pas aussi vite qu'[From.GetSheHe] l'espèrerait. [From.GetSheHe] veut que vous trouviez un moyen de l'accélérer un peu, peut-être en prétendant avoir un de vos rêves de dragon, même si ce n'est pas le cas. Qui saura, après tout?;;;[From.GetTitledFirstName] vient vous voir avec une proposition. L'enquête, semble-t-il, n'avance pas aussi vite qu'[From.GetSheHe] l'espèrerait. [From.GetSheHe] veut que vous trouviez un moyen de l'accélérer un peu, peut-être en prétendant avoir un de vos rêves de dragon, même si ce n'est pas le cas. Qui saura, après tout?--[From.GetTitledFirstName] viene con una proposición. La investigación no se desarrolla tan rápidamente como le gustaría así que quiere acelerarla un poco. Tal vez diciendo que has tenido un sueño de dragón, aunque no sea cierto? Nadie lo sabrá nunca.;;;;;;;;;x;
EVTOPTAPIL46;A solid enough plan, I suppose.;Un plan satisfaisant, je suppose.;;;Un plan bastante sólido, supongo.;;;;;;;;;x;
EVTOPTBPIL46;How DARE you suggest such blasphemy?;Comment OSEZ-VOUS suggérer pareil blasphème?;;;Cómo osas sugerir tal blasfemia?;;;;;;;;;x;
EVTDESCPIL47;You're pleasantly surprised to see [From.GetTitledFirstName] agree to your proposal. Of course, the dreamer is just one part of the plan - you're also going to need to come up with a plausible vision, and that could be a fair bit harder. You're going to need all the help you can get.;Vous êtes positivement surpris de voir [From.GetTitledFirstName] accepter votre proposition. Bien sûr, le rêveur n'est qu'une partie du plan: vous aurez aussi besoin de présenter une vision plausible, et cela pourrait être un peu plus difficile. Vous aurez besoin de toute l'aide possible.;;;Estas agradablemente sorprendido de ver que [From.GetTitledFirstName] ha aceptado la propuesta. El soñador de dragón es la primera parte del plan, has de inventar un sueño de dragón plausible, y eso será complicado. Necesitarás toda la ayuda posible.;;;;;;;;;x;
EVTOPTAPIL47;I think we can handle it.;Je pense que nous pouvons gérer cela.;;;Creo que podemos hacerlo.;;;;;;;;;x;
EVTOPTBPIL47;On second thought, maybe we're not ready yet.;A bien y repenser, nous ne sommes peut-être pas encore prêts.;;;Reflexionando, tal vez no estemos listos aún.;;;;;;;;;x;
EVTDESCPIL48;Once you make your suggestion, [From.GetFirstName] flies into a rage, demanding that you never speak such blasphemous words in [From.GetHerHis] presence again. You're driven from the room, and forced to lick your metaphorical wounds in a corridor outside.;Dès que vous faites votre suggestion, [From.GetFirstName] devient rouge de colère, exigeant que vous ne profériez plus jamais pareil blasphème en sa présence. Vous êtes reconduit hors de la pièce, et forcé de panser vos plaies métaphoriques dans un couloir au-dehors.;;;Tu propuesta ha enfadado a [From.GetFirstName], que no quiere saber nada del asunto. Te ha echado sin contemplaciones.;;;;;;;;;x;
EVTOPTAPIL48;...well, that didn't work.;...Et bien, cela ne fonctionnera pas.;;;...Bueno, esto no funcionará.;;;;;;;;;x;
pil_evidence_count;Evidence;;;;Evidencia;;;;;;;;;;;;;x;
EVTDESCPIL250;I look nothing like my father or my mother...;;;;No me parezco en nada a mi padre ni a mi madre....;;;;;;;;;;;;;x;
EVTOPTAPIL250;Wahh!;;;;;;;;;;;;;x;
TOOLTIPpil.251;responds to this;;;;responde a esto;;;;;;;;;;;;;x;
EVTDESCPIL251;My newborn [From.GetRootRelation] looks nothing like me or [From.GetHerHis] mother! What is more, it has been pointed out to me that the child looks very much like [bastard_real_father.GetTitledFirstNameNoRegnal] [bastard_real_father.GetOnlyDynastyName], a suspected lover of [From.Mother.GetTitledFirstNameNoRegnal]...;;;;Mi recién nacido [From.GetRootRelation] no se parece a mí ni a [From.GetHerHis] su madre! Lo que es más, se me ha señalado que el niño se parece mucho a [bastard_real_father.GetTitledFirstNameNoRegnal] [bastard_real_father.GetOnlyDynastyName], un sospechoso amante de [From.Mother.GetTitledFirstNameNoRegnal]...;;;;;;;;;x;
EVTDESCPIL251B;My newborn [From.GetRootRelation] [From.GetTitledFirstNameWithDynastyNoRegnal] looks nothing like [From.GetHerHis] father or [From.GetHerHis] mother! What is more, it has been pointed out to me that the child looks very much like [bastard_real_father.GetTitledFirstNameNoRegnal] [bastard_real_father.GetOnlyDynastyName], a suspected lover of [From.Mother.GetTitledFirstNameNoRegnal]...;;;;Mi recién nacido [From.GetRootRelation] [From.GetTitledFirstNameWithDynastyNoRegnal] no se parece en nada a [From.GetHerHis] father or [From.GetHerHis] mother! Lo que es más, se me ha señalado que el niño se parece mucho a [bastard_real_father.GetTitledFirstNameNoRegnal] [bastard_real_father.GetOnlyDynastyName], un sospechoso amante de [From.Mother.GetTitledFirstNameNoRegnal]...;;;;;;;;;x;
EVTOPTAPIL251;This child is clearly a bastard!;;;;¡Este niño es claramente un bastardo!;;;;;;;;;;;;;x;
EVTOPTBPIL251;I'm sure there is a reasonable explanation;;;;Estoy seguro de que hay una explicación razonable;;;;;;;;;;;;;x;
EVTOPTG_WOL_2080;Inform [FromFromFrom.GetHerHis] father, [FromFromFrom.Father.GetTitledFirstNameWithDynastyNoRegnal];;;;Informar al padre [FromFromFtr.GetHerHis], [FromFromFather.GetTitledFirstNameWithDynastyNoRegnal];;;;;;;;;;;;;x;
EVTOPTG_WOL_2080_TOOLTIP;You present your evidence to [FromFromFrom.Father.GetTitledFirstNameWithDynastyNoRegnal];;;;Presenta su evidencia a [FromFromFather.GetTitledFirstNameWithDynastyNoRegnal];;;;;;;;;;;;;x;
PILEVFOCUS;They claim to have spied on [From.GetFirstName] extensively to obtain this knowledge;;;;Afirman haber espiado extensamente [From.GetFirstName] para obtener este conocimiento;;;;;;;;;;;;;x;
EVTOPTH_WOL_2080;I shall expose this scandal publicly!;;;;¡Expondré este escándalo públicamente!;;;;;;;;;;;;;x;
EVTDESCHFPA20965;Shocking news [Root.PrimaryTitle.GetFOA], your [From.GetRootRelation] has been discovered using moon tea to get rid of a pregnancy!;;;;!Sorprendente noticia [Root.PrimaryTitle.GetFOA], tu [From.GetRootRelation] ha sido descubierta usando el té lunar para deshacerse de un embarazo!;;;;;;;;;;;;;x;
EVTOPTAHFP20965;How dare she!;;;;¿Cómo se atreve ella?;;;;;;;;;;;;;x;
