#CODE;ENGLISH;FRENCH;GERMAN;;SPANISH;;;;;;;;;x
WARNING: SPOILERS ARE IN THIS FILE;;;;;;;;;;;;;;x
EVTDESC999900230;Stannis ASoS- Placeholder;Stannis ASoS- Maître de la place;;;Stannis ASoS- Marcador de posición;;;;;;;;;x
EVTOPTA999900230;tbd;tbd;;;tbd;;;;;;;;;x
EVTDESC999900231;Balon greyjoy ASoS- Placeholder;Balon Greyjoy ASoS- Maître de la place;;;Balon Greyjoy ASoS- Marcador de posición;;;;;;;;;x
EVTOPTA999900231;tbd;tbd;;;tbd;;;;;;;;;x
EVTDESC999900233;Mace Tyrell ASoS- Placeholder;Mace Tyrell ASoS- Maître de la place;;;Mace Tyrell ASoS- Marcador de posición;;;;;;;;;x
EVTOPTA999900233;tbd;tbd;;;tbd;;;;;;;;;x
EVTDESC999900234;Joffrey ASoS- Placeholder;Joffrey ASoS- Maître de la place;;;Joffrey ASoS- Marcador de posición;;;;;;;;;x
EVTTITLEstorm_of_swords.1;Return of the Onion Knight;Retour du Chevalier Oignon;;;Retorno del Caballero de la Cebolla;;;;;;;;;x
EVTDESCstorm_of_swords.1;Placeholder- Stannis decides next action;Maître de la place- Stannis décide de la prochaine action;;;Marcador de posición- Stannis decide la próxima acción;;;;;;;;;x
EVTOPTAstorm_of_swords.1;Agree with Davos- go to wall (placeholder);D'accord avec Davos- aller au Mur (maître de la place);;;De acuerdo con Davos- ir al Muro (marcador de posición);;;;;;;;;x
EVTOPTBstorm_of_swords.2;Agree with Axell- attack claw isle (placeholder);D'accord avec Axell- attaquer Pince-Isle (maître de la place);;;De acuerdo con Axel- atacar Isla Zarpa (marcador de posición);;;;;;;;;x
EVTOPTCstorm_of_swords.2;Brood some more (placeholder);Couvez-en un peu plus (maître de la place);;;Rumiarlo un poco más (marcador de posición);;;;;;;;;x
EVTTITLEaegons_landing.1;War of Conquest;La Conquête;;;Guerra de la Conquista;;;;;;;;;x
EVTDESCaegons_landing.1;It has been a century since the Doom of Valyria which left House Targaryen as the last bastion of the blood of the Dragon. We have strived to expand our holdings ever since, and now we are poised to conquer using the Dragons as the ultimate weapon- rather than relying on our meager manpower. The Free Cities call upon me to unite them into a new Freehold, Westeros and its Seven Kingdoms, however, seems a greater prize... ;Cela fait un siècle que le Fléau s'est abattu sur Valyria, faisant de la Maison Targaryen le dernier bastion du sang du Dragon. Depuis, nous avons attendu le moment propice pour étendre nos possessions et aujourd'hui nous sommes prêts à lancer une guerre de conquête en nous appuyant essentiellement sur nos dragons, nos troupes n'ayant que de maigres effectifs. Les Cités Libres m'appellent pour que je les unissent en une nouvelle Possession, mais Westeros et ses Sept Royaumes semble être bien plus alléchants. Après le refus du Roi de l'Orage Argilac l'Arrogant d'unir sa fille à mon ami et demi-frère Orys et la mort de mon ambassadeur dont il a fait trancher les mains, je sais qu'il voudra résister. Je prendrai ses terres par la force s'il le faut, il ne peut y avoir qu'un seul Roi...;;;Hace un siglo que la maldición cayó sobre Valyria, haciendo de la casa Targaryen el último bastión de la sangre del Dragón. Hemos estado esperando el momento propicio para extender nuestras posesiones y hoy es el día en el que estamos preparados para lanzar una guerra de conquista apoyándonos en nuestros dragones, ya que nuestras tropas están escasas de efectivos. Las Ciudades Libres me llaman para que las unifique en un nuevo Feudo Franco, pero Poniente y sus Siete Reinos parecen ser más atractivos. Tras el rechazo del Rey de la Tormenta Argilac el Arrogante de unir a su hija con mi amigo y mediohermano Orys y la muerte de mi emisario al que cortó las manos, sé que querrá resistirse, pero tomaré sus tierras por la fuerza si es necesario, no habrá más que un rey...;;;;;;;;;x
EVTOPTAaegons_landing.110;All of Westeros shall bend the knee;Tout Westeros devra ployer le genou.;;;Todo Poniente doblará la rodilla.;;;;;;;;;x
EVTOPTBaegons_landing.110;I will establish a new Valyrian Empire in Essos!;Je vais établir un nouvel empire valyrien à Essos !;;;Estableceré un nuevo Imperio Valyrio en Essos!;;;;;;;;;x
EVTOPTCaegons_landing.110;Actually, I accept the Storm King's offer of an alliance;;;;En realidad, acepto la oferta de una alianza con el rey de la tormenta;;;;;;;;;x
EVTDESCaegons_landing.110;After the Storm King Argilac the Arrogant refused my offer of a marriage between my friend Orys and his daughter, insulting me by cutting our envoy's hand off, I knew that the Kings of Westeros would resist. I will take these lands by force if necessary, there will be only one king...;Après le refus du Roi de l'Orage Argilac l'Arrogant de donner sa fille en mariage à mon ami Orys et la cruauté dont il a fait preuve avec mes envoyés, Il est clair que les rois de Westeros résisteront. Je prendrai ces terres par la force si nécessaire, il n'y aura qu'un roi... ;;;Tras el rechazo del Rey de la Tormenta Argilac el Arrogante de unir a su hija con mi amigo y mediohermano Orys y la muerte de mi emisario al que cortó las manos, sé que los reyes de POniente querrán resistirse, pero tomaré sus tierras por la fuerza si es necesario, no habrá más que un rey...;;;;;;;;;x
EVTOPTAaegons_landing.1;The Iron Islands shall submit;Les Iles de Fer devront se soumettre;;;Las Islas del Hierro deberán someterse;;;;;;;;;x
EVTOPTBaegons_landing.1;The Storm King shall bend the knee;Le Roi de l'Orage devra plier le genou;;;El Rey de la Tormenta doblará la rodilla;;;;;;;;;x
EVTOPTGaegons_landing.1;The Lands of the Reach are fertile;Les terres du Bief sont fertiles;;;Las tierras del Dominio son fértiles;;;;;;;;;x
EVTOPTCaegons_landing.1;I Strike at the Lords of the west!;Que d'or entre les mains des Rois du Roc!;;;Tomaré el oro de los reyes de la Roca!;;;;;;;;;x
TOOLTIPEVTOPTAaegons_landing.1;All local Lords sworn to [This.GetFirstNameWithDynasty] shall be subdued\n;Tous les seigneurs jurant allégeance à [This.GetFirstNameWithDynasty] devront être soumis\n;;;Todos los señores que juran fidelidad a [This.GetFirstNameWithDynasty] deberán someterse\n;;;;;;;;;x
EVTDESCaegons_landing.111;Ever since the Doom of Valyria the remnants of the Freehold, the so called Free Cities, have fought for supremacy. Volantis, one such leftover, offered an alliance to reunite these cities, but I joined her enemies and cast them down lest they grew too powerful. I will not be equal to these mongrel Volantenes, I will forge Valyria anew under my own banner!;Depuis le Fléau de Valyria les restes des Possessions, les fameuses Cités Libres, se battent pour la suprémacie. L'un d'entre elles, Volantis, a offert une alliance pour réunir à nouveau les cités. Mais j'ai rejoins ses ennemis pour la détruire avant qu'elle ne devienne trop puissante. Je ne serai pas l'égal de ces dégénérés de Volantains, je recréerai Valyria sous ma propre bannière ! ;;;Tras la maldición de Valyrias, los restos del Feudo Franco, las famosas Ciudades Libres, luchan entre ellas por la supremacía. Una de ellas, Volantis, te ha ofrecido una alianza para unir de nuevo las ciudades. Pero me he unido a sus enemigos para destrurila antes de que se haga demasiado poderosa. No seré como esos degenerados volantinos, refundaré Valyria bajo mi propio estandarte! ;;;;;;;;;x
EVTOPTAaegons_landing.111;The Pentoshi shall bend the knee;Les Pentoshi devront plier le genou.;;;Los pónticos doblarán la rodilla.;;;;;;;;;x
EVTOPTBaegons_landing.111;Myr shall be my next target;Myr sera ma prochaine cible.;;;Myr será mi próximo objetivo.;;;;;;;;;x
EVTOPTCaegons_landing.111;The Island of Tyrosh shall fall;L'île de Tyrosh tombera.;;;La isla de Tyrosh caerá.;;;;;;;;;x
EVTOPTDaegons_landing.111;Braavos is strong, but not as strong as the Dragon;Braavos est puissante, mais pas aussi puissante que le dragon.;;;Braavos es poderosa, pero no tanto como el dragón.;;;;;;;;;x
EVTDESCaegons_landing.2;[Root.PrimaryTitle.GetFOA], [From.GetFirstNameWithDynasty], the reknowned dragon rider, has sent his sisters to us, demanding we swear him fealty! [From.GetSheHeCap] claims [Root.PrimaryTitle.GetName] by right of conquest and demands our immediate surrender. Surely we cannot fight against such beasts? Surely we must surrender?;[Root.PrimaryTitle.GetFOA], [From.GetFirstNameWithDynasty], le fameux chevaucheur de dragon, nous a envoyé sa soeur, demandant que nous lui jurions fidélité! [From.GetSheHeCap] revendique [Root.PrimaryTitle.GetName] par droit de conquête et demande notre reddition immédiate. Pouvons-nous nous battre contre de tels monstres? Devrions-nous nous rendre? ;;;[Root.PrimaryTitle.GetFOA], [From.GetFirstNameWithDynasty], el famoso jinete de dragón, nos ha enviado a su hermana, pidiendo que le juremos lealtad! [From.GetSheHeCap] reclama [Root.PrimaryTitle.GetName] por derecho de conquista y pide nuestra rendición inmediata. Podríamos luchar contra estas bestias? Deberíamos rendirnos?;;;;;;;;;x
TOOLTIPaegons_landing.3;will attempt to subdue you by force\n;va tenter de vous soumettre par la force\n;;;intentará subyugarte por la fuerza\n;;;;;;;;;x
EVTDESCaegons_landing.3;[Root.PrimaryTitle.GetFOA], [From.GetFirstNameWithDynasty] has refused your demand for his fealty and has taken up arms. ;[Root.PrimaryTitle.GetFOA], [From.GetFirstNameWithDynasty] a refusé de vous jurer fidélité et a pris les armes. ;;;[Root.PrimaryTitle.GetFOA], [From.GetFirstNameWithDynasty] ha rechazado juraros lealtad y a tomado las armas. ;;;;;;;;;x
EVTOPTAaegons_landing.2;We shall show them the might of our dragons;Nous leur montrerons la puissance de nos dragons;;;Les mostraremos el poder de nuestros dragones;;;;;;;;;x
EVTDESCaegons_landing.4;Another kingdom has been conquered, who shall submit to the true Lord of the Seven kingdoms next?;Un autre royaume a été conquis. Qui sera le prochain à se soumettre au véritable seigneur des Sept Couronnes?;;;Otro reino ha sido conquistado. Cuál será el siguiente a someterse al verdadero Señor de los Siete Reinos?;;;;;;;;;x
EVTOPTDaegons_landing.1;The Vale will do me fealty next;Le Val sera le prochain à me jurer fidélité;;;El Valle será el próximo en jurarme lealtad;;;;;;;;;x
EVTOPTEaegons_landing.1;Strike North at the First Men!;Prenons le Nord aux Premiers Hommes!;;;Tomaremos el Norte de los Primeros Hombres!;;;;;;;;;x
EVTOPTFaegons_landing.1;Dorne shall be next;Dorne sera le prochain;;;Dorne será el próximo;;;;;;;;;x
EVTDESCaegons_landing.410;Another city has been conquered, who shall submit to the Emperor of Valyria next?;Une autre cité a été conquise, qui seront les prochains à se soumettre à l'Empereur de Valyria ? ;;;Otra ciudad ha sido conquistada, cuál será la próxima a someterse al Emperador de Valyria? ;;;;;;;;;x
EVTOPTEaegons_landing.111;I will strike at Lys!;Je frapperai Lys !;;;Atacaré Lys!;;;;;;;;;x
EVTOPTHaegons_landing.111;Distant Lorath will submit;La lointaine Lorath sera la prochaine.;;;La lejana Lorath será la próxima.;;;;;;;;;x
EVTOPTFaegons_landing.111;Qohor and their goat will do me fealty;Qohor et sa chèvre me jureront bientôt fidélité.;;;Qohor y su cabra me jurarán pronto fidelidad.;;;;;;;;;x
EVTOPTGaegons_landing.111;Strike North at Norvos!;Au Nord ! Norvos tombera !;;;Al Norte! Norvos caerá!;;;;;;;;;x
EVTOPTIaegons_landing.111;Mighty Volantis shall be in the Empire;La puissante Volantis se doit de faire partie de l'Empire.;;;La poderosa Volantis debe ser parte del Imperio.;;;;;;;;;x
EVTDESCaegons_landing.5;The Lords of Cracklaw Point have long resisted the overlordship of outsiders, but surely if I sent my sister Visenya to demand their submission they would have no choice but to bend the knee before the Dragons?;Les seigneurs de Claquepince ont longtemps résisté à l'autorité des étrangers, mais si j'envoie ma soeur Visenya pour demander leur soumission, ils n'auront sûrement pas d'autre choix que de plier le genou avant l'arrivée des Dragons. ;;;Los señores de Punta Zarpa Rota han resisitido a la autoridad de los extranjeros, pero si envío a mi hermana Visenya para pedir su sumisión, no tendrán otra opción que doblar la rodilla ante la llegada de los dragones. ;;;;;;;;;x
EVTOPTAaegons_landing.5;They will submit;Ils se soumettront;;;Se someterán;;;;;;;;;x
TOOLTIPaegons_landing.5;Visenya will demand their submission;Visenya va demander qu'ils se soumettent;;;Visenya pedirá que se sometan;;;;;;;;;x
EVTTITLEaegons_landing.6;Gates of Oldtown;Portes de Villevieille;;;Puertas de Antigua;;;;;;;;;x
EVTDESCaegons_landing.6;The conquest of the Reach is complete, Highgarden now swears fealty to the dragon, and next we march to Oldtown. There the High Septon of the Faith of the Seven, upon hearing of my landing in Westeros, fasted and prayed for seven days and nights under the dome of the Starry Sept in Oldtown. He then announced that the Faith would not have them oppose us, because the Crone had shown him that to do so would mean the destruction of Oldtown in dragonflame. Lord Hightower heeded his advice and has opened the gates of Oldtown to my host. If I were to now convert to the Seven, the people of Westeros would most likely cease to resist, but should I abandon the Gods of Old Valyria, the Gods that granted us dominion over the Dragons?;La Conquête du Bief est terminée, Hautjardin jure désormais fidélité au dragon et nous marchons désormais sur Villevieille. Là, le Grand Septon de la Foi des Sept, en entendant parler de mon débarquement, s'est mis à jeûner et à prier pendant sept jours et sept nuits sous le dôme du Septuaire Etoilé de Villevieille. Lorsqu'il eut terminé, il annonça que la Foi ne s'opposerait pas à nous, l'Aïeule lui a révélé qu'une telle hardiesse ne mènerait qu'à la destruction de Villevieille par le feudragon. Lord Hightower a tenu compte de son conseil et a ouvert les portes de Villevieille à mon armée. Si je venais à me convertir aux Sept, le peuple de Westeros arrêterait sûrement de me résister, mais devrais-je abandonner les Dieux de l'Antique Valyria, ceux qui nous ont octroyé le contrôle des Dragons?;;;La Conquista del Dominio ha terminado, Altojardín ha jurado fideilidad al dragón y marchamos hacia Antigua. Allí, el Septón Supremo de la Fe de los Siete, al escuchar sobre la llegada de Aegon y sus hermanas, ayunó y oró durante siete días y siete noches bajo la bóveda estrellada del septo de Antigua. Luego anunció que la Fe no se nos opondría, porque la Vieja le había mostrado que lo contrario significaría la destrucción de Antigua a favor de los dragones. Lord Manfred Hightower ha tenido en cuanta su consejo y ha abierto las puertas de Antigua a mi ejército. Si me convirtiese a la Fe de los Siete, el pueblo de Poniente dejaría de resistirse contra mi, pero debería abandonar a los Dioses de la Antigua Valyria, que nos han otrogado el control de los dragones?;;;;;;;;;x
EVTOPTAaegons_landing.6;It is the prudent thing to do;C'est la chose la plus prudente à faire;;;Sería lo más prudente;;;;;;;;;x
EVTOPTBaegons_landing.6;No, I am the blood of Old Valyria;Non, je suis le sang de l'Antique Valyria;;;No, yo soy de la sangre de la Antigua Valyria;;;;;;;;;x
EVTTITLEaegons_landing.61;Conquest of Volantis;Conquête de Volantis;;;Conquista de Volantis;;;;;;;;;x
EVTDESCaegons_landing.61;Volantis has fallen. My armies have stormed the Black Wall of Old Volantis, breaking these mongrel Valyrians who will now give me fealty as their rightful [Root.GetTitle].\n\nHowever, all is still not well in the city. The High Priest at the Temple of the Lord of Light has yet to endorse me as ruler of the city, barricading himself in the temple behind his army of the Fiery Hand. He has declared only once I have embraced the one true god R'hllor will he support me, and if I do I will surely earn the favour of this Red God...;Volantis est tombée. Mes armées ont brisé le Mur Noir de l'Antique Volantis, mettant ainsi ces bâtards de Valyriens à genou et les forçant à me jurer fidélité en tant que leur [Root.GetTitle] légitime.\n\nCependant, tout ne va pas pour le mieux dans la cité. Le Grand Prêtre du Temple du Maître de la Lumière refuse de me reconnaître comme maître de la ville. Il s'est barricadé dans le temple, protégé par son armée de la Main Ardente. Il a déclaré qu'il ne me reconnaîtrait que le jour où j'embrasserai la foi du véritable dieu R'hllor, et qu'en faisant cela je gagnerai les faveurs du Dieu Rouge... ;;;Volantis ha caído. Mis ejércitos han quebrado la Muralla Negra de la Antigua Volantis, poniendo de rodillas a estos mestizos valyrios y forzándolos a jurarme lealtad como su [Root.GetTitle] legítimo.\n\nSin embargo, no todo va bien en la ciudad. El Sumo Sacerdote del Templo del Señor de Luz rechaza reconocerme como Señor de la ciudad. Se ha parapetado en el templo, protegido por su ejército de la Mano Llameante. Ha declarado que no me reconocerá hasta el día que abrace la fe del verdadero dios R'hllor, y que cuando lo haga ganaré el favor del Dios Rojo... ;;;;;;;;;x
establish_kingsguard;Establish Kingsguard;Créer la Garde Royale;;;Crear la Guardia Real;;;;;;;;;x
establish_kingsguard_desc;A King needs a personal bodyguard, and what could be more holy than having seven such protectors, sworn to protect my person?;Un Roi a besoin d'une garde personnelle et qu'est-ce qui peut être plus sacré que sept protecteurs jurant de protéger ma personne?;;;Un Rey necesita una guardia personal y qué puede ser más sagrado que siete protectores juramentados para proteger mi persona?;;;;;;;;;x
TOOLTIPESTABLISHKG;The Kingsguard shall be founded, and you shall select your first member;La Garde Royale va être fondée et vous allez choisir ses premiers membres;;;Se creará la Guardia Real y elegirás sus primeros miembros;;;;;;;;;x
EVTDESCaegons_landing.7;The Faith burns strong within me, I must do all within my Kingly power to honour the Gods. If I were to build a new Sept upon Visenya's Hill, a Sept great in scale and magnificent to behold, the Gods would surely bless me.;La Foi brûle en moi avec ardeur, je dois tout faire avec mon pouvoir royal pour honorer les Dieux. Si je devais construire un nouveau septuaire sur la Colline de Visenya, un septuaire immense et magnifique à contempler, alors les Dieux me béniraient sûrement. ;;;La Fe arde en mi interior, debo hacer todo lo que pueda con mi poder real para honrar a los Dioses. Si constuyera un nuevo septo en la Colina de Visenya, un septo inmenso y magnífico para contemplar, los Dioses seguramente me bendecirían.;;;;;;;;;x
EVTOPTAaegons_landing.7;Yes, the Faith must have a great seat!;Oui, la Foi se doit d'avoir un grand siège!;;;Sí, la Fe debe tener una gran sede!;;;;;;;;;x
EVTOPTBaegons_landing.7;They already have a sept;Ils ont déjà un septuaire;;;Ya tienen un septo;;;;;;;;;x
TOOLTIPaegons_landing.8;A great new sept will be built and will be bestowed upon the Faith;Un nouveau et immense septuaire va être construit et offert à la Foi;;;Un nuevo e inmenso septo será construido y ofrecido a la Fe;;;;;;;;;x
EVTDESCaegons_landing.8;Your Holiness, in a most pious action, [From.GetTitledName] has seen fit to build a great new Sept for the faith in King's Landing.;Votre Sainteté, dans un geste des plus pieux, [From.GetTitledName] a jugé bon de construire un nouveau et grand septuaire pour la Foi à Port-Réal.;;;Su Santidad, en un gesto de los más piadosos, [From.GetTitledName] ha juzgado a bien construir un nuevo y grande septo para la Fe en Desembarco del Rey.;;;;;;;;;x
EVTOPTAaegons_landing.8;He will be truly blessed;Il sera véritablement béni;;;El será verdaderamente bendecido;;;;;;;;;x
EVTTITLEaegons_landing.9;A New Kingdom;Un Nouveau Royaume;;;Un Nuevo Reino;;;;;;;;;x
EVTDESCaegons_landing.9;The conquest is complete. I have taken the swords of a thousand defeated foes and forged a great throne with them using the dragon-breath of Balerion the Black Dread. It is a mighty throne, one which my followers are already calling the Iron Throne, but where shall it be placed? In the great city of Oldtown? At Dragonstone? Or maybe a great new seat for the Dragon Kings...;La Conquête est achevée. J'ai rassemblé les lames de mille adversaires que j'ai défaits et j'ai forgé un grand trône avec elles en utilisant les feux de Balerion la Terreur noire. C'est un trône puissant et imposant que mes gens appellent déjà le Trône de Fer, mais où vais-je le mettre? Dans la grande cité de Villevieille? A Peyredragon? Ou peut-être dans un nouveau lieu fait pour les Rois Dragons... ;;;La Conquista ha finalizado. He reunido las espadas de miles de mis adversarios derrotados y he forjado un gran trono con ellas utilizando el fuego de Balerion, el Terror Negro. Es un trono imponente que la gente está llamando el Trono de Hierro, pero dónde lo pondré? En la gran ciudad de Antigua? En Rocadragón? O tal vez en un nuevo lugar hecho para los Reyes Dragón... ;;;;;;;;;x
EVTOPTAaegons_landing.9;I shall build a new citadel for the Kings;Je vais construire une nouvelle citadelle pour les Rois;;;Construiré una nueva ciudadela para los Reyes;;;;;;;;;x
EVTOPTBaegons_landing.9;It should be at Dragonstone, our ancestral seat;Cela ne peut se trouver qu'à Peyredragon, notre domaine ancestral;;;Debería estar en Rocadragón, nuestro dominio ancestral;;;;;;;;;x
EVTOPTCaegons_landing.9;Oldtown shall be my seat;Villevieille sera le siège de mon pouvoir;;;Antigua será la sede de mi poder;;;;;;;;;x
EVTTITLEaegons_landing.90;A New Empire;Un Nouvel Empire;;;Un Nuevo Imperio;;;;;;;;;x
EVTDESCaegons_landing.90;The conquest is complete. I have taken the swords of a thousand defeated foes and forged their blades into a great throne using the dragon-breath of Balerion the Black Dread. It is a mighty throne fit for an Emperor, one which my followers are already calling the Iron Throne, but where shall it be placed? ;La conquête est achevée. J'ai rassemblé les lames de mille adversaires que j'ai défaits et j'ai forgé un grand trône avec elles en utilisant les feux de Balerion la Terreur noire. C'est un trône puissant et imposant pour un Empereur et que mes gens appellent déjà le Trône de Fer, mais où vais-je le mettre?;;;La Conquista ha finalizado. He reunido las espadas de miles de mis adversarios derrotados y he forjado un gran trono con ellas utilizando el fuego de Balerion, el Terror Negro. Es un trono imponente para un Emperador que la gente está llamando el Trono de Hierro, pero dónde lo pondré?;;;;;;;;;x
EVTOPTAaegons_landing.90;Pentos is a good location;Pentos est un bon endroit;;;Pentos es un buen lugar;;;;;;;;;x
EVTOPTCaegons_landing.90;Volantis is the grandest of them all;Volantis est la plus grande des cités;;;Volantis es la más grande de las ciudades;;;;;;;;;x
EVTOPTDaegons_landing.90;Myr is where I shall reside;Myr est l'endroit où je résiderai;;;Myr será el ugar donde viviré;;;;;;;;;x
EVTDESCaegons_landing.10;[Root.PrimaryTitle.GetFOA], we have completed the latest expansion to the Red Keep. The castle upon Aegon's High Hill is becoming a mighty fortress. \n\nYour humble servant,\n[Root.job_treasurer.GetTitledFirstName];[Root.PrimaryTitle.GetFOA], nous avons achevé les dernières extensions du Donjon Rouge. Le château sur la Grande Colline d'Aegon est devenu une puissante forteresse. \n\nVotre humble serviteur,\n[Root.job_treasurer.GetTitledFirstName];;;[Root.PrimaryTitle.GetFOA], hemos completado las últimas ampliaciones de la Fortaleza Roja. El castillo sobre la Colina Alta de Aegon se ha convertido en una poderosa ciudadela. \n\nVuestro humilde servidor,\n[Root.job_treasurer.GetTitledFirstName];;;;;;;;;x
EVTOPTAaegons_landing.10;Excellent work;Excellent travail;;;Excelente trabajo;;;;;;;;;x
EVTDESCaegons_landing.11;[Root.PrimaryTitle.GetFOA], we have completed the latest upgrades to the fortifications of King's Landing. Many people flock to the city as a consequence, for its safety and prosperity.\n\nYour humble servant,\n[Root.job_treasurer.GetTitledFirstName];[Root.PrimaryTitle.GetFOA], nous avons achevé les dernières améliorations des fortifications de Port-Réal. Beaucoup de gens affluent vers la ville sûre et prospère.\n\nVotre humble serviteur,\n[Root.job_treasurer.GetTitledFirstName];;;[Root.PrimaryTitle.GetFOA], nous avons achevé les dernières améliorations des fortifications de Port-Réal. Muchas personas acude a una ciudad que es segura y próspera.\n\nVuestro humilde servidor,\n[Root.job_treasurer.GetTitledFirstName];;;;;;;;;x
EVTOPTAaegons_landing.10;It shall become a truly great city;Excellent travail;;;Se convertirá en una gran ciudad;;;;;;;;;x
EVTDESCaegons_landing.12;[Root.PrimaryTitle.GetFOA], the latest batch of war ships for the Royal Fleet you commissioned is complete, our power at sea is now formidable.\n\nYour humble servant,\n[master_of_ships.GetTitledFirstName];[Root.PrimaryTitle.GetFOA], les derniers navires de guerre que vous avez demandés pour la Flotte Royale viennent d'être achevés, notre puissance maritime est formidable.\n\nVotre humble serviteur,\n[master_of_ships.GetTitledFirstName];;;[Root.PrimaryTitle.GetFOA], los últimos navíos de guerra que pedistéis para la Flota Real se han completado, nuestro poder naval es grande.\n\nVuestro humilde servidor,\n[master_of_ships.GetTitledFirstName];;;;;;;;;x
EVTOPTAaegons_landing.12;All fear the Royal Fleet;Tous craignent la flotte royale;;;Todos temen a la Flota Real;;;;;;;;;x
expand_red_keep;Expand the Red Keep;Agrandir le Donjon Rouge;;;Ampliar la Fortaleza Roja;;;;;;;;;x
expand_red_keep_desc;The Red Keep is still below the size and power befitting a King, we can start an expansion to increase its size;Le Donjon Rouge est toujours en deça de la taille et de la puissance qui sied à une forteresse royale, nous pouvons commencer la construction d'une extension pour l'agrandir;;;La Fortaleza Roja no tiene el tamaño y el poder que corresponde a una fortaleza real, podemos comenzar la construcción para ampliarla.;;;;;;;;;x
TOOLTIPKL_expand_red_keep;[Root.job_treasurer.GetTitledFirstName] will oversee the expansion of the Red Keep, which will take a number of years\n;[Root.job_treasurer.GetTitledFirstName] va surveiller l'extension du Donjon Rouge, ce qui prendra un certain nombre d'années\n;;;[Root.job_treasurer.GetTitledFirstName] supervisará la ampliación de la Fortaleza Roja, lo que tomará varios años\n;;;;;;;;;x
expand_fortifications;Improve the Fortifications of King's Landing;Améliorer les fortifications de Port-Réal;;;Mejorar las fortificaciones de Desembarco del Rey;;;;;;;;;x
expand_fortifications_desc;Every great city needs sufficient defenses, improving the walls and towers of King's Landing will address this, and attract more people to the city.;Toutes les grandes villes ont besoin de défenses suffisantes, améliorer et renforcer les murs et les tours de Port-Réal répondra à ce besoin et attirera plus de gens dans la ville.;;;Todas las grandes ciudades necesitan defensas adecuadas, mejorar y reforzar las murallas y torres de Desembarco del Rey responderá a esta necesidad y atraerá a mucha gente a la ciudad.;;;;;;;;;x
TOOLTIPKL_expand_fortifications;[Root.job_treasurer.GetTitledFirstName] will oversee the improvment of King's Landing's fortifications, which will take a number of years\n;[Root.job_treasurer.GetTitledFirstName] va surveiller les améliorations des fortifications de Port-Réal, ce qui prendra un certain nombre d'années\n;;;[Root.job_treasurer.GetTitledFirstName] supervisará las mejoras en las fortificaciones de Desembarco del Rey, lo que tomará varios años\n;;;;;;;;;x
expand_navy;Expand the Royal Fleet;Agrandir la flotte royale;;;Ampliar la Flota Real;;;;;;;;;x
expand_navy_desc;If we are to hold this new Kingdom together we will need much power at sea, so we can project power to the far reachs of Westeros. We should commission a new batch of warships to address this.;Si nous voulons tenir ce nouveau royaume uni, il va nous falloir une force navale digne de ce nom, comme cela nous pourrons rapidement envoyer des troupes aux confins de Westeros. Nous devrions ordonner la construction de nouveaux navires de guerre pour atteindre cet objectif.;;;Si queremos mantener a este nuevo reino unido, debemos tener una fuerza naval digna de su nombre que podamos enviar rápidamente tropas a las fronteras de Poniente. Deberíamos ordenar la construcción de nuevos navíos de guerra para lograr este objetivo.;;;;;;;;;x
TOOLTIPKL_expand_navy;[Root.job_treasurer.GetTitledFirstName] will oversee the building of new warships for the Royal Fleet, which will take a number of years\n;[Root.job_treasurer.GetTitledFirstName] va surveiller la construction de nouveaux navires de guerres pour la flotte royale, ce qui prendra un certain nombre d'année\n;;;[Root.job_treasurer.GetTitledFirstName] supervisará la construcción de los nuevos navíos de guerra para la Flota Real, lo que tomará varios años\n;;;;;;;;;x
EVTDESCaegons_landing.13;Orys Baratheon, the loyal warrior sworn to House Targaryen, has been a key leader in our invasion. Perhaps we should reward him by awarding him the lands of the late Storm King Argilac and granting him a marriage with his daughter Argella?;Orys Baratheon, le loyal guerrier ayant juré fidélité à la Maison Targaryen, a été un élément clé dans notre conquête. Peut-être devrions nous le récompenser en lui offrant les terres du dernier Roi de l'Orage Argilac et le marier à sa fille Argella?;;;Orys Baratheon, el leal guerrero que juró lealtad a la casa Targaryen, ha sido un elemento clave en nuestra conquista. Tal vez deberíamos recompensarle ofreciéndole las tierras del último Rey de la Tormenta Argilac y casarlo con su hija Argella?;;;;;;;;;x
EVTOPTAaegons_landing.13;Yes, he has been a leal sevrant;Oui, il a été un loyal serviteur;;;Sí, ha sido un leal servidor;;;;;;;;;x
EVTOPTBaegons_landing.13;No, they must go to a native lord;Non, ils doivent revenir à seigneur du lieu;;;No, las tierras deberían ser para algún Señor nativo;;;;;;;;;x
create_e_iron_throne;Proclaim Kingdom of Westeros;Proclamer le Royaume de Westeros;;;Proclamar el Reino de Poniente;;;;;;;;;x
create_e_iron_throne_desc;By virtue of your power, you can proclaim yourself King of the Andals, the Rhoynar and the First Men, Lord of the Seven Kingdoms and Protector of the Realm!;En vertu de votre puissance, vous pouvez vous proclamer Roi des Andals, du Rhoynar et des Premiers Hommes, Seigneur des Sept Couronnes et Protecteur du Royaume!;;;En virtud de tu poder, puedes proclamarte Rey de los Ándalos, de los Rhoynar y de los Primeros Hombres, Señor de los Siete Reinos y Protector del Reino!;;;;;;;;;x
create_e_iron_throne_allow;[This.GetTitle] [This.GetFirstNameWithDynasty] must control at least 4 Kingdoms of Westeros.\n;[This.GetTitle] [This.GetFirstNameWithDynasty] doit au moins contrôler 4 Couronnes.\n;;;[This.GetTitle] [This.GetFirstNameWithDynasty] debe controlar al menos 4 Reinos.\n;;;;;;;;;x
create_e_iron_throne_allowKL;[This.GetTitle] [This.GetFirstNameWithDynasty] owns King's Landing and has a claim on The Iron Throne (King's Landing must exist)\n;[This.GetTitle] [This.GetFirstNameWithDynasty] détient Port-Réal et a une revendication sur le Trône de Fer (Port-Réal doit exister)\n;;;[This.GetTitle] [This.GetFirstNameWithDynasty] posee Desembarco del Rey y tiene una reclamación al Trono de Hierro (Desembarco del Rey debe existir)\n;;;;;;;;;x
EVTOPTHaegons_landing.1;My conquest must stop;Ma conquête doit prendre fin;;;Mi conquista debe terminar;;;;;;;;;x
TOOLTIPEVTOPTHaegons_landing.1;War of conquest shall stop, and a capital shall be established;La Guerre de Conquête va prendre fin et une capitale va être établie;;;La Guerra de la Conquista llegará a su fin y una capital será establecida;;;;;;;;;x
legitimise_orys_baratheon;Legitimise Orys Baratheon;Légitimer Orys Baratheon;;;Legitimar a Orys Baratheon;;;;;;;;;x
legitimise_orys_baratheon_desc;Legitimise your half brother and good friend Orys, so that his line and name may continue;Légitimer votre demi-frère et meilleur ami Orys pour que sa lignée et son nom puisse se perpétuer;;;Legitimar a tu mediohermano y mejor amigo Orys para que su dinastía pueda perpetuarse;;;;;;;;;x
TOOLTIPOLDTOWNCROWNLANDS;The royal demesne of The Crownlands shall be made up of Oldtown;Le domaine royal des Terres de la Couronne doit être constitué de Villevieille;;;El dominio real de las Tierras de la Corona debe estar constituido por Antigua;;;;;;;;;x
TOOLTIPOLDTOWNCROWNLANDSEND; and Dragonstone.\n; et Peyredragon.\n;;;y Rocadragón.\n;;;;;;;;;
TOOLTIPNORMALCROWNLANDS;The royal demesne of The Crownlands shall be made up of Dragonstone;Le domaine royal des Terres de la Couronne doit être constitué de Peyredragon;;;El dominio real de las Tierras de la Corona debe estar constituido por Rocadragón;;;;;;;;;x
TOOLTIPlordship_in_crownlands;, [This.GetName];, [This.GetName];;;, [This.GetName];;;;;;;;;x
TOOLTIPNORMALCROWNLANDSEND; and King's Landing.\n;et Port-Réal.\n;;;y Desembarco Real.\n;;;;;;;;;x
EVTDESCroberts_rebellion.21;House [Root.GetOnlyDynastyName] are Masters of Deepwood Motte, sworn to House [Root.Liege.GetOnlyDynastyName], tasked with the defense of the Wolfswood from Ironborn incursions. Our lands are vast and many houses and men are sworn to us.;La Maison [Root.GetOnlyDynastyName] gouverne Motte-la-Forêt et jure fidélité aux [Root.Liege.GetOnlyDynastyName]. Elle a pour mission de défendre le Bois-aux-Loups contre les incursions des Fer-nés. Nos terres sont vastes et bien des maisons et des hommes nous jurent fidélité.;;;La casa [Root.GetOnlyDynastyName] gobierna Bosquespeso y jura lealtad a los [Root.Liege.GetOnlyDynastyName]. Tiene como misión defender el Bosque de los Lobos contra las incursiones de los hijos del hierro. Nuestras tierras son vastas y muchas casas y hombres nos juran lealtad.;;;;;;;;;x
EVTOPTAroberts_rebellion.21;For the mailed fist!;Pour le poing ganté de mailles!;;;Por el puño de hierro!;;;;;;;;;x
EVTDESCroberts_rebellion.22;House [Root.GetOnlyDynastyName] are Masters of Greywater Watch, sworn to House [Root.Liege.GetOnlyDynastyName], tasked with the defense of the Neck from Southron lords. Full of secret places and deadly traps, our marshlands will swallow our enemies whole.;La maison [Root.GetOnlyDynastyName] dirige Fort-Griseaux et fait allégeance aux [Root.Liege.GetOnlyDynastyName], elle a pour tâche de défendre le Neck contre les lords sudiers. Les marches regorgent de caches secrètes et de pièges mortels, que nos ennemis vont apprendre à craindre. ;;;La casa [Root.GetOnlyDynastyName] gobierna Atalaya de Aguasgrises y jura lealtad a los [Root.Liege.GetOnlyDynastyName]. Tiene como misión defender el Cuellos contra los señores sureños. Los pantanos están repletos de escondites secretos y trampas mortales que nuestros enemigos aprenderán a temer.;;;;;;;;;x
EVTOPTAroberts_rebellion.22;For the Lizard-Lion!;Pour le lézard-lion!;;;Por el lagarto-león!;;;;;;;;;x
opinion_nominated_heir;Nominated Heir;Héritier désigné;;;Heredero designado;;;;;;;;;x
EVTDESCdance_of_dragons.1;My father King Viserys, in an obvious contravention of all laws and customs, always intended for my half sister Rhaenyra to suceed him as Queen. The loyal Criston Cole of the Kingsguard has wisely had me crowned as King, prompting Rhaenyra to take up arms against me. Now as the dance of the dragons begins, it is time for the Lords Paramount to prove their loyalty...;Mon père Viserys, dans un évident mépris de toutes les lois et coutumes, a toujours désiré voir ma demi-soeur Rhaenyra lui succéder comme Reine. Le loyal Criston Cole de la Garde Royale m'a sagement couronné comme Roi, incitant Rhaenyra à prendre les armes contre moi. Alors que débute la danse des dragons, il est temps pour les lords suzerains de prouver leur loyauté... ;;;Mi padre Viserys, en un claro desafío a las leyes y costumbres, siempre ha querido ver a mi mediohermana Rhaenyra sucederle como Reina. El leal Criston Cole de la Guardia Real me ha sabiamente coronado como Rey, incitando a Rhaenyra a tomar las armas contra mí. Así ha empezado la danza de los dragones, es tiempo para que los Señores Supremos demuestren su lealtad... ;;;;;;;;;x
EVTOPTAdance_of_dragons.1;Fire and Blood.;Feu et Sang.;;;Fuego y Sangre.;;;;;;;;x;x
EVTDESCdance_of_dragons.2;My dear father, King Viserys, is dead- and it was his wish that I am to follow him as Queen of the Seven Kingdoms. The traitorous Lord Commander Criston Cole of the Kingsguard, however, has seen fit to crown my half brother Aegon. Now I must bring Dragon fire upon my blood to regain what is mine...;Mon cher père, le roi Viserys, est mort. C'était son souhait le plus cher de me voir lui succéder en tant que Reine des Sept Couronnes. Mais le perfide Lord Commandant de la Garde Royale, Criston Cole, a couronné mon demi-frère Aegon. Maintenant, je vais devoir user du feudragon sur mon propre sang pour regagner ce qui est mien de droit...  ;;;Mi querido padre, el Rey Viserys, ha muerto. Su mayor deseo era verme sucederle como Reina de los Siete Reinos. Pero el traidor del Lord Comandante de la Guardia Real, Criston Cole, ha coronado a mi mediohermano Aegon. Ahora, tendré que utilizar el fuegodragón sobre mi propia sangre para recuperar lo que es mío por derecho...  ;;;;;;;;;x
EVTOPTAdance_of_dragons.2;Fire and Blood;Feu et Sang;;;Fuego y Sangre.;;;;;;;;;x
TOOLTIPdance_of_dragons.2;If Queen Rhaenyra's heir is one of her Velaryon children this will §YNOT§! result in a game over upon her death\n;Si l'héritier de Rhaenyra est l'un de ses enfants Velaryon, ce ne sera §YPAS§! la fin de la partie à sa mort\n;;;Si el heredero de Rhaenyra es uno de sus hijos Velaryon, §YNO§! Será el fin de la partida cuando muera\n;;;;;;;;;x
EVTDESCdance_of_dragons.3;There has been much blodshed amongst our family- my father Aegon is dead, the would be Queen Rhaenyra with him. People are calling this the Dance of the Dragons, but surely this dance must end? Perhaps if I were to unify our lines peace could be had...;Bien du sang a coulé au sein de notre famille. Mon père Aegon est mort, tout comme Rhaenyra qui se voulait reine. Les gens appellent cela la Danse des Dragons, mais cette danse doit prendre fin? Peut-être que si je réunissais nos lignées alors la paix pourrait fleurir à nouveau... ;;;Mucha sangre ha corrido en el seno de nuestra familia. Mi padre Aegon está muerto, también la que se llamaba Reina Rhaenyra. La gente llama a esto la Danza de los Dragones, pero esta danza debería acabar por el bien de la familia. Tal vez si unifico nuestras ramas la paz aflore de nuevo... ;;;;;;;;;x
tooltipdance_of_dragons.4;You will send a raven offering the following terms:;Vous allez envoyer un corbeau avec une proposition contenant les termes suivants:;;;Enviarás un cuervo con una propuesta con los términos siguientes:;;;;;;;;;x
TOOLTIPdance_of_dragons.3A;[This.GetFirstNameWithDynasty] and yourself shall be wed, unifying the lines of Rhaenyra and Aegon.\n[This.GetFirstName] shall be the principal Lord of the Seven Kingdoms, with you being his consort and, if of the proper age, Hand of the King.\nThe Iron Throne shall henceforth use succession by absolute agnatic primogeniture.;[This.GetFirstNameWithDynasty] et vous-même vous marierez, unifiant les lignées de Rhaenyra et d'Aegon.\n[This.GetFirstName] sera le(a) véritable suzerain(e) des Sept Couronnes et vous serez son consort ainsi que sa Main du Roi, si votre âge vous le permet;;;[This.GetFirstNameWithDynasty] se casará contigo, unificando las ramas de Rhaenyra y de Aegon.\n[This.GetFirstName] será el verdadero soberano de los Siete Reinos y tú serás su consorte y, si la edad lo permite, su Mano del Rey.\nEl Trono de Hierro utilizará a partir de ahora la sucesión por Primogenitura agnática absoluta.;;;;;;;;;x
EVTOPTAdance_of_dragons.3;We must end this;Nous devons mettre fin à tout ceci;;;Debemos poner fin a esto;;;;;;;;;x
EVTOPTBdance_of_dragons.3;I am the rightful Queen!;Je suis la reine légitime!;;;Yo soy la Reina legítima!;;;;;;;;;x
EVTDESCdance_of_dragons.4;[Root.GetTitle] [Root.GetFirstName], I believe this war has dragged on long enough, and hence offer peace on the following terms: \n [Root.GetFirstNameWithDynasty] shall wed [From.GetFirstNameWithDynasty], unifying the lines of Aegon and Rhaenyra\n [Root.GetFirstName] shall be the principal Lord of the Seven Kingdoms, with [From.GetFirstName] being his consort and, if of the proper age, Hand of the King.\nThe Iron Throne shall henceforth use succession by absolute agnatic primogeniture.;[Root.GetTitle] [Root.GetFirstName], je pense que cette guerre a duré bien trop longtemps, aussi par la présente je vous offre la paix selon les termes suivants: \n [Root.GetFirstNameWithDynasty] mariera [From.GetFirstNameWithDynasty], unifiant ainsi les lignées d'Aegon et de Rhaenyra\n [Root.GetFirstName] sera le(a) véritable suzerain(e) des Sept Couronnes avec [From.GetFirstName] pour consort et Main du Roi, si son âge le permet.;;;[Root.GetTitle] [Root.GetFirstName], creo que esta guerra a durado demasiado, así que por la presente os ofrezco la paz con los términos siguientes: \n [Root.GetFirstNameWithDynasty] se casará con [From.GetFirstNameWithDynasty], inificando las ramas de Aegon y de Rhaenyra\n [Root.GetFirstName] será el legítimo soberano de los Siete Reinos con [From.GetFirstName] como consorte y Mano del Rey, si la edad lo permite.\nEl Trono de Hierro utilizará a partir de ahora la sucesión por Primogenitura agnática absoluta.;;;;;;;;;x
EVTOPTAdance_of_dragons.4;I agree, the bloodshed must end;J'accepte, ce carnage doit prendre fin;;;Acepto, esta carnicería debe llegar a su fin;;;;;;;;;x
EVTOPTBdance_of_dragons.4;There shall be no peace;Il n'y aura pas de paix!;;;No habrá paz!;;;;;;;;;x
EVTDESCdance_of_dragons.5;[Root.GetFirstNameWithDynasty], you are most wise to offer terms for a peace. I accept and shall be wed with you as soon as is possible.\n\n Yours,\n[From.GetTitle] [From.GetFirstNameWithDynasty];[Root.GetFirstNameWithDynasty], vous êtes fort sage d'offrir de tels termes pour une paix. J'accepte et je vous épouserai le plus tôt possible.\n\n Bien à vous,\n[From.GetTitle] [From.GetFirstNameWithDynasty];;;[Root.GetFirstNameWithDynasty], habéis sido muy sabio de ofreceer estos términos de paz. Acepto y me casaré con vos los más pronto posible.\n\n Atentamente,\n[From.GetTitle] [From.GetFirstNameWithDynasty];;;;;;;;;x
EVTOPTAdance_of_dragons.5;Peace at last;Enfin la paix;;;Al fin la paz!;;;;;;;;;x
EVTDESCdance_of_dragons.6;[Root.GetFirstNameWithDynasty], I am afraid I cannot accept your offer of peace, the treachery of your kin must be avenged\n\n Regards,\n[From.GetTitle] [From.GetFirstNameWithDynasty];[Root.GetFirstNameWithDynasty], je crains fort de ne pouvoir accepter une telle offre de paix. Les trahisons de vos parents ne peuvent rester impunies\n\n Cordialement,\n[From.GetTitle] [From.GetFirstNameWithDynasty];;;[Root.GetFirstNameWithDynasty], me temo que no puedo aceptar la oferta de paz. Las traiciones de vuestros parientes no pueden quedar impunes\n\n Cordialmente,\n[From.GetTitle] [From.GetFirstNameWithDynasty];;;;;;;;;x
EVTOPTAdance_of_dragons.6;Lackwit;Imbécile;;;Imbécil;;;;;;;;;x
EVTDESCdance_of_dragons.17;As dragon fights dragon in the Dance, Queen Rhaenyra has sent word to Pyke.  She does not have need of the Iron Fleet in the Narrow Sea and instead encourages us to raid and pillage the holdings of her enemies in the Westerlands.;Alors que les dragons s'affrontent lors de la Danse, la Reine Rhaenyra a envoyé un message à Pyke. Elle n'a pas besoin de la Flotte de Fer dans le Détroit mais nous encourage à razzier et piller les possessions de ses ennemis dans les Terres de l'Ouest.;;;Mientras los dragones se enfrentan en la Danza, la Reina Rhaenyra ha enviado un mensaje a Pyke. Ella no necesita la Flota de Hierro en el Mar Angosto pero nos anima a atacar y saquear las posesiones de sus enemigos en las Tierras del Oeste.;;;;;;;;;x
EVTOPTAdance_of_dragons.17;At last a chance for the Ironborn to reave on the greenlands once again!;Enfin une chance pour les Fer-nés de razzier à nouveau les contrées vertes !;;;Por fin una oportunidad para los hijos del hierro de saquear de nuevo las tierras verdes!;;;;;;;;;x
EVTOPTBdance_of_dragons.17;The affairs of the greenlanders are not my concern.;Les affaires des contrées vertes ne nous concernent pas.;;;Los asuntos de las tierras verdes no nos conciernen.;;;;;;;;;x
TOOLTIPDoDFORFIETDRAGONSTONE;[Root.GetFirstName] shall be stripped of their lands in §YDragonstone§!\n;[Root.GetFirstName] sera dépossédé de ses terres à §YPeyredragon§!\n;;;[Root.GetFirstName] será desposeído de sus tierras en §YRocadragón§!\n;;;;;;;;;x
TOOLTIPDoDCOGNATIC;§YThe Iron Throne§! shall henceforth use succession by absolute §Ycognatic§! primogeniture, with females being preferred to younger male siblings\n;§YLe Trône de Fer§! utilisera désormais la succession dîte de primogéniture §Ycognatique§!. Les femmes seront préférées aux hommes plus jeunes et de mêmes parents\n;;;§YEl Trono de Hierro§! utilizará desde ahora la sucesión primogenitura §Ycognática§!. Las mujeres irán por delante de los hermanos varones más jóvenes\n;;;;;;;;;x
TOOLTIPDoDAGNATIC;§YThe Iron Throne§! shall henceforth use succession by absolute §Yagnatic§! primogeniture, with males being preferred to any female claimants\n;§YLe Trône de Fer§! utilisera désormais la succession dîte de primogéniture §Yagnatique§! absolue. Les hommes seront préférés à n'importe quelle prétendante féminine\n;;;§YEl Trono de Hierro§! utilizará desde ahora la sucesión primogenitura §Yagnática§! absoluta. Los hombres irán por delante de cualquier mujer\n;;;;;;;;;x
EVTTITLEfeast_for_crows.1;The King on the Wall;Le Roi sur le Mur;;;El Rey en el Muro;;;;;;;;;x
EVTDESCfeast_for_crows.1;The war to reclaim my birthright suffered a crushing setback on the Blackwater, with my armies being smashed by the host of the Lannister usurpers and the traitorous Tyrells. All looked lost, but the Lord of Light guided me to the Wall where I defeated the wildlings threatening my realm.\n\nNow with my new seat on the wall at the Nightfort I am poised to subdue the North. Many of the mountain clans and other Lords of the North have already sworn me their allegiance justly owed, many others defy me though. Perhaps if I were to name Jon Snow, the boy commander of the Night's Watch and son of Eddard Stark, the rightful Lord of Winterfell they will see the light?;La guerre pour revendiquer mes droits de naissance a mal tourné pour moi à la Néra, mon armée a été écrasée par l'ost des usurpateurs Lannister et des traîtres Tyrell. Tout semblait perdu, mais le Seigneur de la Lumière m'a guidé jusqu'au Mur où j'ai défait les Sauvageons qui menaçaient mon royaume.\n\nDésormais installé sur le Mur à Fort-Nox, je suis prêt à soumettre le Nord. Beaucoup de clans des montagnes et de seigneurs nordiens m'ont déjà juré fidélité, mais de nombreux autres continuent de me défier. Peut-être que si je nommais Jon Snow, fils d'Eddard Stark et lord commandant du Mur, comme sire légitime de Winterfell, se rangeraient-ils de mon côté ? ;;;La guerra para reclamar mis derechos de nacimiento acabó mal para mi en el Aguasnegras, mi ejército ha sido destrozado por las huestes de los usurpadores Lannister y los traidores Tyrell. Todo parece perdido, pero el Señor de la Luz me ha guiado hasta el Muro donde derroté a los salvajes que amenazaban mi reino.\n\nInstalado en el Fuerte de la Noche, estoy dispuesto a someter el Norte. Muchos clanes de las montañas y señores norteños ya me han jurado lealtad, pero otros muchos continúan desafiándome. Tal vez si nombrase a Jon Nieve, hijo de Eddard Stark y Lord Comandante de la Guardia de la Noche como légitimo Señor de Invernalia, se pondrían de mi lado? ;;;;;;;;;x
EVTOPTAfeast_for_crows.1;Yes, he will surely accept such a generous offer;Oui, il acceptera sûrement une offre si généreuse;;;Sí, él aceptará una oferta tan generosa;;;;;;;;;x
EVTOPTBfeast_for_crows.1;A bastard cannot rule;Un bâtard ne peut gouverner;;;Un bastardo no puede gobernar;;;;;;;;;x
TOOLTIPfeast_for_crows.2;shall recieve your offer;recevra votre offre;;;recebirá tu oferta;;;;;;;;;x
EVTDESCfeast_for_crows.2;The Wall is mine. With the aid of Stannis Baratheon we have repelled the wildlings, and now I have been chosen by my brothers as the Lord Commander of the Night's Watch. Stannis' struggle for the Iron Throne continues however, and he proposes that I be his Lord of Winterfell...;Le Mur est à moi. Avec l'aide de Stannis Baratheon nous sommes parvenus à repousser les Sauvageons et j'ai été choisi par mes frères comme lord commandant de la Garde de Nuit. Cependant la lutte de Stannis pour le trône de Fer n'est pas terminée, et il propose de me nommer sire de Winterfell...;;;El Muro es mío. Con la ayuda de Stannis Baratheon hemos conseguido rechazar a los salvajes y he sido elegido por mis hermanos como Lord Comandante de la Guardia de la Noche. Sin embargo, la guerra de Stannis por el Trono de Hierro no ha acabado, y me ha propuesto nombrarme Señor de Invernalia...;;;;;;;;;x
EVTOPTAfeast_for_crows.2;No, I swore an oath;Non, j'ai prêté serment;;;No, hice un juramento;;;;;;;;;x
EVTOPTBfeast_for_crows.2;Yes, that is what I always wanted!;Oui, c'est ce que j'ai toujours voulu !;;;Sí, es lo que siempre he querido!;;;;;;;;;x
EVTDESCfeast_for_crows.3;The bastard is far too honourable, just like his father. Jon Snow rejected my offer of Winterfell and the North, preferring to stay here on the Wall.;Le bâtard ne transige pas avec l'honneur, comme son père avant lui. Jon Snow a rejeté mon offre et par-là Winterfell et le Nord, préférant rester sur le Mur.;;;El bastardo no transige, antepone al honor a todo lo demás como su padre. Jon Nieve ha rechazado mi oferta de poseer Invernalia y el Norte, prefiriendo quedarse en el Muro.;;;;;;;;;x
EVTOPTAfeast_for_crows.3;Lackwit;Idiot;;;Idiota;;;;;;;;;x
EVTDESCfeast_for_crows.4;The young Jon Snow saw sense. Clearly he was pained to break his oath, but he solemnly accepted my offer to be my Lord of Winterfell.;Le jeune Jon Snow a entendu raison. Il était clairement peiné de briser ses vœux, mais il a solennellement accepté mon offre de devenir sire de Winterfell.;;;El joven Jon Snow ha entrado en razón. Estaba dolido por romper sus votos, pero ha aceptado solemnemente mi oferta de convertirse en Señor de Invernalia.;;;;;;;;;x
EVTOPTAfeast_for_crows.4;The Northmen will surely rally to him;Les Nordiens vont sûrement se rallier à lui;;;Seguramente los norteños se le unirán;;;;;;;;;x
CUSTOMTOOLTIPfeast_for_crows.4;The Lords of the North shall be rallied to Jon's claim on the North;Les seigneurs Nordiens rallieront Jon Snow pour appuyer ses revendications sur le Nord;;;Los Señores norteños se unirán a Jon Nieve para apoyar su reclamación por el Norte;;;;;;;;;x
EVTDESCfeast_for_crows.5;Stannis Baratheon is currently waging his campaign from the Wall where he has managed to convince Jon Snow, son of Eddard Stark, to swear fealty to him as his Lord of Winterfell.;Stannis Baratheon dirige actuellement sa campagne depuis le Nord où il est parvenu à convaincre Jon Snow, fils d'Eddard Stark, de lui jurer fidélité en tant que sire de Winterfell.;;;Stannis Baratheon dirige actualmente su campaña en el Norte donde ha logrado convencer a Jon Nieve, hijo de Eddard Stark, de jurarle lealtad como Señor de Invernalia.;;;;;;;;;x
EVTOPTAfeast_for_crows.5;Traitor and oathbreaker!;Un traître, doublé d'un parjure !;;;Traidor y rompejuramentos!;;;;;;;;;x
EVTOPTBfeast_for_crows.5;He is my true Liege Lord!;Il est mon suzerain légitime !;;;Él es mi legítimo Señor!;;;;;;;;;x
EVTOPTCfeast_for_crows.5;Interesting;Intéressant;;;Interesante;;;;;;;;;x
EVTDESCfeast_for_crows.6;My quest to find Rickon Stark has succeeded! He is safely in my care and I shall now deliver him to Lord Manderly, who will surely now rally to King Stannis' cause.;J'ai réussi à mener à terme ma mission consistant à retrouver Rickon Stark ! Il est désormais en sécurité avec moi et je dois désormais l'amener à lord Manderly, qui ralliera sûrement la cause du roi Stannis. ;;;He conseguido llevar a cabo mi misión consistente en encontrar a Rickon Stark! Ahora está seguro conmigo y debo llevarlo con Lord Manderly, que seguramente se unirá a la causa del Rey Stannis. ;;;;;;;;;x
EVTOPTAfeast_for_crows.6;Will this sway the war?;Cela changera-t-il le cours de la guerre ?;;;Esto cambiará el curso de la guerra?;;;;;;;;;x
TOOLTIPfeast_for_crows.7;will be taken to Lord Manderly;va être envoyé à lord Manderly;;;será enviado a Puerto Blanco;;;;;;;;;x
EVTDESCfeast_for_crows.8;I sent Lord Davos Seaworth to bring me my Liege Lord Rickon Stark, and the smuggler has managed to find him! He is now safely in my care, I can now finally exact my vengeance on the Freys...;J'ai envoyé lord Davos Mervault me ramener mon suzerain lord Rickon Stark et le contrebandier est parvenu à le retrouver ! Il est désormais en sécurité avec moi. Je peux désormais me venger des Frey…;;;Envié a Lord Davos Seaworth a traerme a mi Señor Rickon Stark y el contrabandista lo ha conseguido! Está seguro conmigo en Puerto Blanco. Ya puedo vengarme de los Frey…;;;;;;;;;x
EVTOPTAfeast_for_crows.8;For House Stark!;Pour la maison Stark !;;;Por la casa Stark !;;;;;;;;;x
EVTDESCfeast_for_crows.9;My able smuggler Davos Seaworth was long thought to have been executed by the Manderlys. In fact he has delivered me their allegiance as tasked by finding Rickon Stark. He was supposedly murdered by Theon Greyjoy, but not so!;Tout le monde pensait que mon contrebandier Davos Mervault avait été exécuté depuis longtemps par les Manderly. En réalité il est parvenu à me les rallier en retrouvant Rickon Stark. On disait que ce dernier avait été tué par Theon Greyjoy mais il semble désormais que ce n'était pas vrai !;;;Todo el mundo pensaba que mi contrabandista Davos Seaworth había sido ejecutado por los Manderly. En realidad él consiguió que se unieran a mi causa encontrando a Rickon Stark. Se decía que Theon Greyjoy lo había matado pero parece que no era verdad!;;;;;;;;;x
CUSTOMTOOLTIPfeast_for_crows.9;The Lords of the North shall be rallied to Rickon's claim on the North;Les seigneurs Nordiens rallieront Rickon Stark pour appuyer ses revendications sur le Nord;;;Los Señores norteños se unirán a Rickon Stark para apoyar sus reivindicaciones sobre el Norte;;;;;;;;;x
EVTOPTBfeast_for_crows.9;I already have a Lord of Winterfell;J'ai déjà un sire de Winterfell;;;Ya tengo un Señor de Invernalia;;;;;;;;;x
EVTDESCfeast_for_crows.10;Rickon Stark was long thought to have been murdered by Theon Greyjoy, but [From.GetFirstNameWithDynasty] and Lord Manderly claim to have found him, rescued by the smuggler Davos Seaworth. They now name him Lord of Winterfell.;Il fut longtemps admis que Rickon Stark avait été assassiné par Theon Greyjoy, mais [From.GetFirstNameWithDynasty] et lord Manderly disent qu'ils l'ont retrouvé grâce au contrebandier Davos Mervault. Ils l'ont nommé sire de Wintefell. ;;;Desde hace mucho tiempo se pensaba que Rickon Stark fue asesinado por Theon Greyjoy, pero [From.GetFirstNameWithDynasty] y Lord Manderly dicen que lo encontraron gracias al contrabandista Davos Seaworth. Lo han nombrado Señor de Invernalia.;;;;;;;;;x
EVTDESCfeast_for_crows.10B;Rickon Stark was long thought to have been murdered by Theon Greyjoy, but [From.GetFirstNameWithDynasty] and Lord Manderly claim to have found him, rescued by the smuggler Davos Seaworth. They now name him an heir of Lord Jon Stark.;Il fut longtemps admis que Rickon Stark avait été assassiné par Theon Greyjoy, mais [From.GetFirstNameWithDynasty] et lord Manderly disent qu'ils l'ont retrouvé grâce au contrebandier Davos Mervault. Ils l'ont nommé sire de Wintefell. ;;;Desde hace mucho tiempo se pensaba que Rickon Stark fue asesinado por Theon Greyjoy, pero [From.GetFirstNameWithDynasty] y Lord Manderly dicen que lo encontraron gracias al contrabandista Davos Seaworth. Lo han nombrado Señor de Invernalia.;;;;;;;;;x
EVTOPTAfeast_for_crows.10;He must be an imposter;Ce doit être un imposteur;;;Debe ser un impostor;;;;;;;;;x
cb_stannis_war_north;;;;;;;;;;;;;;x
WAR_NAME_NORTH;$CLAIMANT$'s $ORDER$War for the North;;;;;;;;;;;;;x
TOOLTIPfeast_for_crows.3;will receive your reply;recevra votre réponse;;;recibirá tu respuesta;;;;;;;;;x
TOOLTIPfeast_for_crows.4;will fight to install you as Lord of Winterfell and the North;combattra pour faire de vous le sire de Winterfell, seigneur suzerain du Nord;;;combatirá para hacerte Señor de Invernalia, Señor Supremo del Norte;;;;;;;;;x
d_deep_lake;The North;Le Nord;;;El Norte;;;;;;;;;x
opinion_found_liege_lord;Found my Liege Lord;A trouvé mon suzerain;;;Encontró a mi Señor;;;;;;;;;x
EVTDESCfeast_for_crows.11;[From.GetTitle] [From.GetFirstName] has won [From.GetHerHis] war and raised me up as Lord of Winterfell! [red_priest.GetTitledFirstNameWithDynasty] says  that I must open my heart and let the light of the Lord come in. That I must burn the weirwoods, and accept Winterfell as a gift of the Lord of Light.;[From.GetTitle] [From.GetFirstName] a gagné sa guerre et m'a fait sire de Winterfell ! ;;;[From.GetTitle] [From.GetFirstName] ha ganado su guerra y me ha hecho Señor de Invernalia! ;;;;;;;;;x
EVTDESCfeast_for_crows.11B;[From.GetTitle] [From.GetFirstName] has won [From.GetHerHis] war and raised me up as Lord of Winterfell! [red_priest.GetTitledFirstNameWithDynasty] has been beseaching me however, 'Jon.' [red_priest.GetSheHe] is so close he could feel the warmth of [red_priest.GetHerHis] breath. 'R’hllor is the only true god. A vow sworn to a tree has no more power than one sworn to your shoes. Open your heart and let the light of the Lord come in. Burn these weirwoods, and accept Winterfell as a gift of the Lord of Light.';[From.GetTitle] [From.GetFirstName] a gagné sa guerre et m'a fait sire de Winterfell ! ;;;[From.GetTitle] [From.GetFirstName] ha ganado su guerra y me ha hecho Señor de Invernalia! ;;;;;;;;;x
EVTOPTAfeast_for_crows.11;This is part of the price I must pay;Maintenant [From.GetSheHe] il doit gagner son trône ;;;Ahora debe ganarse su trono;;;;;;;;;x
EVTOPTBfeast_for_crows.11;I have no right, Winterfell belongs to the old gods;;;;;;;;;;;;;x
EVTDESCfeast_for_crows.12;[From.GetTitle] [From.GetFirstName] has won [From.GetHerHis] war against the Boltons, and now a Stark rules from Winterfell once more!;[From.GetTitle] [From.GetFirstName] a gagné sa guerre contre les Bolton et un Stark gouverne Winterfell à nouveau ! ;;;[From.GetTitle] [From.GetFirstName] ha ganado su guerra contra los Bolton y un Stark gobierna Invernalia de nuevo! ;;;;;;;;;x
EVTOPTDfeast_for_crows.5;This will aid our cause;Cela aidera notre cause;;;Esto ayudará a nuestra causa;;;;;;;;;x
EVTDESCfeast_for_crows.7;My name is Rickon Stark!;Mon nom est Rickon Stark !;;;Mi nombre es Rickon Stark!;;;;;;;;;x
EVTOPTCfeast_for_crows.7;Come Shaggy Dog!;Viens donc, Broussaille !;;;Ven Peludo!;;;;;;;;;x
opinion_respects;Respectful;Respectueux;;;Respetuoso;;;;;;;;;x
TOOLTIPYOUNGRIFFREINSTATE;All conquered lands shall be reinstated to the rightful holders\n;Tous les territoires conquis reviendront à leurs propriétaires légitimes\n;;;Todas las tierras conquistadas se restituirán a los titulares legítimos\n;;;;;;;;;x
TOOLTIPRIVERRUNTOFREYS;Riverrun and all other lands and titles held by [From.GetFirstNameWithDynasty] shall be surrendered to House [This.GetOnlyDynastyName]\n;Vivesaigues et toutes les terres et titres détenus par [Root.GetFirstNameWithDynasty] devront être rendu à la maison [This.GetOnlyDynastyName]\n;;;Aguasdulces y todas las demás tierras y títulos de [Root.GetFirstNameWithDynasty] pasarán a la casa [This.GetOnlyDynastyName]\n;;;;;;;;;x
EVTDESCfeast_for_crows.14;A young silver haired warrior has landed in the Stormlands who claims to be Aegon, trueborn son of Rhaegar Targaryen and rightful King on the Iron Throne. I have sent my daughter Arianne to parley with this would be Targaryen, and she now reports back...;Un jeune homme aux cheveux d'argent a débarqué sur les Terres de l'Orage, il dit être Aegon, fils légitime de Rhaegar Targaryen et roi du trône de fer. J'ai envoyé ma fille Arianne pour parlementer avec ce soi-disant Targaryen. Elle est de retour désormais... ;;;Un hombre joven con el pelo plateado ha desembarcado en las Tierras de la Tormenta, el dice ser Aegon, hijo legítimo de Rhaegar Targaryen y Rey de los Siete Reinos. He enviado a mi hija Arianne a parlamentar con él. Ella está ahora de vuelta... ;;;;;;;;;x
EVTOPTAfeast_for_crows.14;She says 'war';Elle dit 'guerre';;;Ella dice 'guerra';;;;;;;;;x
EVTOPTBfeast_for_crows.14;She says 'Dragon';Elle dit 'dragon';;;Ella dice 'dragón';;;;;;;;;x
EVTDESCfeast_for_crows.15;The Boltons have been defeated, the North is now under my dominion. However, the Northmen have little love for their rightful King. If I were to raise one of them to be Lord of Winterfell and the North they surely will respect me more...;Les Bolton ont été défaits, le Nord est désormais sous mon contrôle. Cependant les Nordiens ont peu d'amour pour leur roi légitime. Si je venais à élever l'un d'eux au rang de sire de Winterfell et de seigneur suzerain du Nord, ils me respecteraient sûrement plus...;;;Los Bolton han sido derrotados, El Norte está ahora bajo mi control. Sin embargo, los norteños no aprecian mucho a su legítimo Rey. Si ascendiese a algún Señor a Señor de Invernalia y Señor Supremo del Norte, seguramente me respetarían más...;;;;;;;;;x
TOOLTIPfeast_for_crows.15;If you grant the North to a Northman in the next 10 days they will join you in your struggle for the Iron Throne;Si vous octroyez le Nord à un Nordien dans les 10 jours qui viennent, ils se joindront à vous dans votre lutte pour le trône de fer;;;Si otorgas el Norte a un norteño en los próximos diez días, se unirán a ti en tu guerra por el Trono de Hierro;;;;;;;;;x
EVTOPTAfeast_for_crows.15;By rights they should follow me anyway;De droit ils sont tenus de me suivre de toute façon;;;Por derecho me deberían seguir de todos modos;;;;;;;;;x
EVTDESCfeast_for_crows.16;I have chosen my Lord of the North, now we ride south to claim my birthright!;J'ai choisi mon seigneur suzerain du Nord, désormais nous chevauchons vers le sud pour réclamer ce qui m'échoit par droit de naissance !;;;He elegido a mi Señor Supremo del Norte, ahora cabalgamos hacia el Sur para reclamar lo que me pertenece por derecho de nacimiento!;;;;;;;;;x
EVTOPTAfeast_for_crows.16;I should really hang these traitors;Je devrais vraiment faire pendre ces traîtres;;;Realmente debería colgar a estos traidores;;;;;;;;;x
EVTDESCfeast_for_crows.200;I am riding forth to see my father and brothers avenged, and many men are inspired by my cause. Many of my Sworn Brothers have sworn allegiance to me, even bands of wildlings have vowed to slay my enemies.;Je chevauche vers le sud pour venger mon père et mes frères. Bien des hommes ont été touchés par ma cause. Beaucoup de mes frères jurés m'ont prêté allégeance, même des sauvageons veulent en découdre avec mes ennemis.;;;Cabalgo hacia el sur para vengar a mi padre y mis hermanos. Numerosos hombres se han unido a mi causa. Muchos de mis hermanos juramentados me han jurado lealtad, al igual que muchos salvajes que quieren acabar con mis enemigos.;;;;;;;;;x
EVTOPTAfeast_for_crows.200;Winter is Coming;L'hiver vient;;;Se acerca el invierno;;;;;;;;;x
EVTDESCfeast_for_crows.201;As part of His Grace's offer to me King Stannis as offered me the hand of Lady Val, the wildling Princess, in marriage. She is a most beautiful woman, and resourceful as well...;L'offre de sa Grâce le roi Stannis, comprend la main de lady Val, la princesse sauvageonne. C'est une femme magnifique et intelligente…;;;La oferta de Su Majestad el Rey Stannis incluye la mano de Val, la Princesa Salvaje. Es una mujer hermosa e ingeniosa...;;;;;;;;;x
EVTOPTAfeast_for_crows.201;She will make a fine Lady of Winterfell;Elle fera une parfaite lady de Winterfell;;;Será una perfecta Señora de Invernalia;;;;;;;;;x
EVTOPTBfeast_for_crows.201;A Stark can't marry a wildling;Un Stark ne peut épouser une sauvageonne;;;Un Stark no puede casarse con una salvaje;;;;;;;;;x
TOOLTIPREREFORGEWIDOWSWAILWARAFFC;§YWidow's Wail§! shall be surrendered to §Y[This.GetFirstNameWithDynasty]§!, which shall be reforged into §YIce§!\n;§YPleurs-de-Veuve§! sera rendue à §Y[This.GetFirstNameWithDynasty]§!, et sera reforgée en §YGlace§!\n;;;§YLamento de Viuda§! será rendida a §Y[This.GetFirstNameWithDynasty]§!, y será reforjada de nuevo en §YHielo§!\n;;;;;;;;;x
TOOLTIPBRFORFIETLANDS;[Root.GetFirstName] shall be stripped of all their lands\n;[Root.GetFirstName] se verra retirer toutes ses terres\n;;;[Root.GetFirstName] perderá todas sus tierras\n;;;;;;;;;x
EVTDESCblackfyre_rebellion.101;[Root.PrimaryTitle.GetFOA], [FromFrom.GetFirstNameWithDynasty] and his allies lie defeated, his bid to wrest the Iron Throne from the Targaryens in tatters. However, [From.GetFirstName] has managed to lead [FromFrom.GetFirstName]'s family and a band of his supporters to safety across the Narrow Sea where he has founded a new mercenary company called the 'Golden Company', and vows to see a Blackfyre on the throne...;[Root.PrimaryTitle.GetFOA], [FromFrom.GetFirstNameWithDynasty] et ses alliés sont défaits, son ambition de ravir le Trône de Fer aux Targaryen n'est plus. Cependant, [From.GetFirstName] est parvenu à mettre certains membres de la famille [FromFrom.GetFirstName] et certains de leurs soutiens en sécurité de l'autre côté du détroit. Il y a fondé une nouvelle companie de mercenaire connue sous le nom de 'Compagnie Dorée' et a juré de mettre un Feunoyr sur le Trône...;;;[Root.PrimaryTitle.GetFOA], [FromFrom.GetFirstNameWithDynasty] y sus aliados han sido derrotados, su intento de arrebatar el Trono de Hierro a los Targaryen ha fracasado. Sin embargo, [From.GetFirstName] ha logrado poner a salvo a varios miembros de la familia [FromFrom.GetFirstName] y algunos de sus seguidores al otro lado del Mar Angosto. Ha fundado una nueva compañía mercenaria llamada la 'Compañía Dorada' y ha jurado poner un Fuegonegro en el Trono...;;;;;;;;;x
EVTDESCblackfyre_rebellion.102;[Root.PrimaryTitle.GetFOA], we have confiscated your family sword Blackfyre from the rebel [From.GetTitledFirstName], and is now back in your safe keeping.;[Root.PrimaryTitle.GetFOA], nous avons pris votre épée familiale Feunoyr au rebelle [From.GetTitledFirstName]. Et se trouve désormais désormais en votre possession. ;;;[Root.PrimaryTitle.GetFOA], hemos recuperado la espada de acero valyrio Fuegonegro del rebelde [From.GetTitledFirstName]. Ahora os pertenece a vos. ;;;;;;;;;x
EVTOPTBAblackfyre_rebellion.102;It should never have been given to him;Elle n'aurait jamais dû lui être donnée.;;;Nunca habría que habérsela dado a él.;;;;;;;;;x
opinion_restored_stark;Restored Stark;A restauré les Stark;;;Restauró a los Stark;;;;;;;;;x
EVTDESCfeast_for_crows.17;The Tullys have finally been rooted out of Riverrun by the forces of House Lannister, which means I can now assume my new overlordship of the Riverlands as promised to me by the Iron Throne.;Les Tully ont enfin été expulsés de Vivesaigues grâce aux forces de la maison Lannister, ce qui veut dire que je suis désormais le suzerain du Conflans comme le Trône de Fer me l'avait promis.;;;Los Tully han sido expulsados de Aguasdulces gracias a las fuerzas de la casa Lannister, esto significa que ahora soy el Señor Supremo de las Tierras de los Ríos como me prometió el Trono de Hierro.;;;;;;;;;x
EVTDESCfeast_for_crows.18;The accursed Lannisters have been removed from their perch upon the Iron Throne to be replaced by [From.GetTitle] [From.GetFirstName], the rightful Baratheon heir. For my service to the [From.GetTitle], [From.GetHerHis] grace has taken the sword forged from Ice, my father's sword, from the Lannisters and reforged it anew for House Stark.;Ces maudits Lannister ont enfin été chassés du Trône de Fer et remplacé par [From.GetTitle] [From.GetFirstName], l'héritier légitime des Baratheon. En reconnaissance de mes services aux(à la) [From.GetTitle], Sa Grâce a fait reforger Glace, l'épée de mon père et de la famille Stark que les Lannister avaient transformée.;;;Estos malditos Lannister finalmente fueron expulsados del Trono de Hierro y reemplazados por [From.GetTitle] [From.GetFirstName], heredero legítimo de los Baratheon. En reconocimiento a mis servicios al [From.GetTitle], Su Majestad ha hecho reforjar Hielo, la espada de acero valyrio de mi padre y de la familia Stark que los Lannister habían transformado en Lamento de Viuda.;;;;;;;;;x
EVTDESCfeast_for_crows.19;[Root.GetFirstNameWithDynasty] , I declare myself to be the trueborn progeny of Rhaegar Targaryen, son of the unjustly deposed King Aerys. By right of birth and blood, and as last scion of House Targaryen, I do lay claim to the Iron Throne and hence declare war.\n Signed,\n[From.GetFirstName] of House Targaryen, the Sixth of His Name, King of the Andals, the Rhoynar, and the First Men, and Lord of the Seven Kingdoms;[Root.GetFirstNameWithDynasty], je me déclare moi-même fils légitime de Rhaegar Targaryen, fils de l'injustement déposé Aerys. Par doit de sang et de naissance et comme dernier représentant de la maison Targaryen, je revendique le Trône de Fer et déclare la guerre.\n Signé,\n[From.GetFirstName] de la maison [From.GetOnlyDynastyName], Sixième de son nom, Roi des Andals, de Rhoynar et des Premiers Hommes, Seigneur des Sept Couronnes. ;;;[Root.GetFirstNameWithDynasty], me declaro hijo legítimo de Rhaegar Targaryen, hijo del injustamente depuesto Aerys. Por derecho de sangre y nacimiento y como último representante de la casa Targaryen, reclamo el Trono de Hierro y declaro la guerra.\n Firmado,\n[From.GetFirstName] de la casa [From.GetOnlyDynastyName], Sexto de su nombre, Rey de los Ándalos, de los Rhoynar, y de los Primeros Hombres y Señor de los Siete Reinos.;;;;;;;;;x
EVTOPTDaegons_landing.9;Only the greatest castle in Westeros will suffice!;Seul le plus grand des châteaux de Westeros peut suffire!;;;Sólo el castillo más grande de Poniente bastará!;;;;;;;;;x
TOOLTIPHARRENHALCROWNLANDS;The royal demesne of The Crownlands shall be made up of Harrenhal;Le domaine royal des Terres de la Couronne doit être constitué d'Harrenhal;;;El dominio real de las Tierras de la Corona debe estar constituido por Harrenhal;;;;;;;;;x
TOOLTIPHARRENHALCROWNLANDSEND;, Dragonstone and King's Landing.\n;, Peyredragon et Port-Réal\n;;;, Rocadragón y Desembarco del Rey\n;;;;;;;;;x
EVTDESCfeast_for_crows.20;[From.GetFirstNameWithDynasty] has been defeated by the forces of the Iron Throne, now we to must openly attack them if we are to achieve our goal.;[From.GetFirstNameWithDynasty] a été défait par les forces du Trône de Fer, il est temps de les attaquer ouvertement si nous voulons parvenir à nos objectifs. ;;;[From.GetFirstNameWithDynasty] ha sido derrotado por las fuerzas del Trono de Hierro, es el momento de atacarlas abiertamente si queremos lograr nuestros objetivos. ;;;;;;;;;x
EVTDESCbleeding_years.1;With Old Valyria lost to the Doom, the time has come for Volantis the first daughter of Valyria to rise up.  We are the heirs of the Freehold and we shall reclaim all the lands that have been lost.  Already Lys and Myr have fallen, now we set our sights on Tyrosh.;Avec la chute de l'antique Valyria, le temps est venu pour Volantis, sa première fille, de s'élever. Nous sommes les héritiers de Valyria et nous devons revendiquer les terres qui ont été perdues. Myr et Lys sont déjà tombées, maintenant nous pouvons poser les yeux sur Tyrosh. ;;;Con la caída de la Antigua Valyria, ha llegado el momento para Volantis, su primera hija. Somos los herederos del Feudo Franco de Valyria y debemos reivindicar las tierras que se perdieron. Myr y Lys ya han caído, ahora podemos poner los ojos sobre Tyrosh. ;;;;;;;;;x
EVTDESCbleeding_years.2;Valyria has long been destroyed, but that hasn't stopped the old nobles of Volantis claiming to be the heirs to the Freehold and rightful rulers of of the world. They have launched an invasion of Tyrosh after already subjugating Myr and Lys, and will surely move to conquer all the Free Cities after. Shall I ride against these pretenders and destroy them with Dragonfire? ;Voilà bien longtemps que Valyria a été détruite, mais cela n'a pas dissuader les nobles de Volantis de se présenter comme les héritiers des Possessions et les souverains légitimes du monde. Ils ont envahi Tyrosh après avoir subjugué Myr et Lys et projettent sûrement de s'emparer des autres Cités Libres par la suite. Devrais-je affronter ces prétendants et les détruire avec le feudragon ? ;;;Hace ya mucho tiempo que Valyria fue destruida, pero esto na ha disuadido a los nobles de Volantis de presentarse como los herederos del Feudo Franco de Valyria y los soberanos legítimos del mundo. Han invadido Tyrosh tras haber subyugado a Myr y Lys y seguramente proyecten apoderarse de otras Ciudades Libres. Debería enfrentarme a estos pretendientes y destruirlos con el fuegodragón? ;;;;;;;;;x
EVTOPTAbleeding_years.2;Yes, only the Dragon can rule the world;Oui, seul le Dragon peut diriger le monde.;;;Sí, sólo el Dragón puede dirigir el mundo.;;;;;;;;;x
EVTOPTBbleeding_years.2;Let them fight over scraps;Laissons-les se battre pour ces lambeaux d'empire.;;;Dejadles luchar por los pedazos del imperio.;;;;;;;;;x
EVTDESCbleeding_years.3;[Root.GetFirstNameWithDynasty], I, as the last of the true blood of Old Valyria, do not recognise these Volantene mongrels as heirs to the Freehold, and as such will ride to your aid to stop their unjust invasion of your lands.\n\n Regards,\n[From.GetTitle] [From.GetFirstName] of House [From.GetOnlyDynastyName];[Root.GetFirstNameWithDynasty], en tant que dernier représentant du sang de l'Antique Valyria, je ne reconnais pas ces bâtards volantains comme héritiers des Possessions, aussi ai-je décidé de vous aider à mettre fin à l'invasion de vos terres.\n\n Cordialement,\n[From.GetTitle] [From.GetFirstName] de la maison [From.GetOnlyDynastyName];;;[Root.GetFirstNameWithDynasty], como último representante de la sangre de la Antigua Valyria, no reconozco a estos mestizos volantinos como herederos del Feudo Franco, así que he decidido ayudaros a poner fin a la invasión de vuestras tierras.\n\n Cordialmente,\n[From.GetTitle] [From.GetFirstName] de la casa [From.GetOnlyDynastyName];;;;;;;;;x
EVTDESCbleeding_years.4;It is clear that the noble Valyrian blood of Volantis should inherit the world as the last vestige of the Freehold, this is why we launched our pacification of the Tyroshi. However, [FromFrom.GetFirstNameWithDynasty], the last Dragon rider, has intervened on the side of Tyrosh, meaning we must now face the Dragons...;Il est clair que le noble sang valyrien de Volantis se doit de gouverner le monde en tant que dernier vestige des Possessions, c'est pourquoi nous avons lancé une opération de pacification contre les Tyroshis. Cependant, [FromFrom.GetFirstNameWithDynasty], le dernier chevaucheur de dragon, est intervenu au côté de Tyrosh... Nous allons donc devoir affronter les dragons...;;;Está claro que la noble sangre valyria de Volantis debe gobernar el mundo como último vestigio del Feudo Franco, es por eso que hemos lanzado una operación de pacificación contra Tyrosh. Sin embargo, [FromFrom.GetFirstNameWithDynasty], el último jinete de dragón, ha intervenido al lado de Tyrosh... Deberemos enfrentarnos a los dragones...;;;;;;;;;x
EVTOPTAbleeding_years.4;We shall inherit the world;Le monde est à nous !;;;El mundo es nuestro!;;;;;;;;;x
EVTDESCbleeding_years.1;With Old Valyria lost to the Doom, the time has come for Volantis the first daughter of Valyria to rise up.  We are the heirs of Valyria and we shall reclaim all the lands that have been lost.  Already Lys and Myr have fallen, now we set our sights on Tyrosh.;Avec la chute de l'antique Valyria, le temps est venu pour Volantis, sa première fille, de s'élever. Nous sommes les héritiers de Valyria et nous devons revendiquer les terres qui ont été perdues. Myr et Lys sont déjà tombées, maintenant nous pouvons poser les yeux sur Tyrosh. ;;;Con la caída de la Antigua Valyria, ha llegado el momento para Volantis, su primera hija. Somos los herederos de Valyria y debemos reivindicar las tierras que se perdieron. Myr y Lys ya han caído, ahora podemos poner los ojos sobre Tyrosh. ;;;;;;;;;x
EVTOPTAbleeding_years.1;Tyrosh will fall.;Tyrosh tombera.;;;Tyrosh caerá.;;;;;;;;;x
EVTDESCbleeding_years.2;Another city has been conquered, who shall submit to the Emperor of Valyria next?;Voilà bien longtemps que Valyria a été détruite, mais cela n'a pas dissuader les nobles de Volantis de se présenter comme les héritiers des Possessions et les souverains légitimes du monde. Ils ont envahi Tyrosh après avoir subjugué Myr et Lys et projettent sûrement de s'emparer des autres Cités Libres par la suite. Devrais-je affronter ces prétendants et les détruire avec le feudragon ? ;;;Otra ciudad ha sido conquistada, cuál será la próxima a someterse al Emperador de Valyria? ;;;;;;;;;x
EVTOPTAbleeding_years.2;Pentos will fall.;Oui, seul le Dragon peut diriger le monde.;;;Pentos caerá.;;;;;;;;;x
EVTOPTBbleeding_years.2;Norvos will fall.;Laissons-les se battre pour ces lambeaux d'empire.;;;Norvos caerá.;;;;;;;;;x
EVTOPTCbleeding_years.2;Qohor will fall.;Qohor tombera.;;;Qohor caerá.;;;;;;;;;x
EVTOPTDbleeding_years.2;Lorath will fall.;Lorath tombera.;;;Lorath caerá.;;;;;;;;;x
EVTOPTEbleeding_years.2;It is time to consolidate.;Il est temps de consolider. ;;;Es momento para consolidarse. ;;;;;;;;;x
EVTDESCbleeding_years.3;This shall suffice . . .for now.;[Root.GetFirstNameWithDynasty], en tant que dernier représentant du sang de l'Antique Valyria, je ne reconnais pas ces bâtards volantains comme héritiers des Possessions, aussi ai-je décidé de vous aider à mettre fin à l'invasion de vos terres.\n\n Cordialement,\n[From.GetTitle] [From.GetFirstName] de la maison [From.GetOnlyDynastyName];;;Esto será suficiente… por ahora.;;;;;;;;;x
EVTDESCbleeding_years.4;As the last of the Dragonlords of Old Valyria, the Triarchs of Volantis have requested my aid in their effort to rebuild the Empire.;Il est clair que le noble sang valyrien de Volantis se doit de gouverner le monde en tant que dernier vestige des Possessions, c'est pourquoi nous avons lancé une opération de pacification contre les Tyroshis. Cependant, [FromFrom.GetFirstNameWithDynasty], le dernier chevaucheur de dragon, est intervenu au côté de Tyrosh... Nous allons donc devoir affronter les dragons...;;;Como último Señor Dragón de la Antigua Valyria, los Triarcas de Volantis me han pedido ayuda para reconstruir el Imperio.;;;;;;;;;x
EVTOPTAbleeding_years.4;No, this madness must end.;Le monde est à nous !;;;No, esta locura debe finalizar.;;;;;;;;;x
EVTOPTBbleeding_years.4;We shall build a new Valyria.;Nous devons fonder une nouvelle Valyria.;;;Debemos fundar una nueva Valyria.;;;;;;;;;x
EVTOPTCbleeding_years.4;Their petty squabbles are none of my concern;Leurs pitoyables querelles ne me regardent pas;;;Sus pequeñas disputas no son de mi incumbencia.;;;;;;;;;x
EVTDESCbleeding_years.5;Aegon Targaryen, last of the Dragonlords has agreed to help us rebuild the Valyrian Empire.;Aegon Targaryen, le dernier seigneur-dragon, a accepté de nous aider à refonder l'Empire. ;;;Aegon Targaryen, el último Señor Dragón, ha aceptado atudarnos a refundar el Imperio. ;;;;;;;;;x
EVTDESCbleeding_years.6;An exiled Lyseni noble has come to the Sealord's palace begging for the aid of Braavos in their struggle against Volantene oppression.;Un noble lysien exilé s'est rendu au Palais du Seigneur de la Mer pour demander l'aide de Braavos dans sa lutte contre l'oppression volantaine.;;;Un noble lyseno exiliado ha llegado al Palacio del Señor del Mar para pedir la ayuda de Braavos en su guerra contra la opresión volantina.;;;;;;;;;x
EVTOPTAbleeding_years.6;Lend them our ships;Prêtons-leur nos navires.;;;Prestémosles nuestros barcos.;;;;;;;;;x
EVTOPTBbleeding_years.6;No, Braavos shall remain hidden.;Non, Braavos doit demeurer cachée.;;;No, Braavos debe permanecer escondido.;;;;;;;;;x
EVTDESCbleeding_years.7;The Sealord of Braavos has pledged his support for our cause.;Le Seigneur de la Mer de Braavos a déclaré son soutien à votre cause.;;;El Señor del Mar de Braavos ha declarado su apoyo a nuestra causa.;;;;;;;;;x
EVTTITLEfeast_for_crows.50;Queen of Meereen;Reine de Meereen;;;Reina de Meereen;;;;;;;;;x
EVTDESCfeast_for_crows.50;I have finally taken control of the last great slaver city, Meereen has fallen to me and now I rule from its Great Pyramid. However, whilst I am here learning to rule, my dragons have grown restless and wild, killing the livestock of my people. I have imprisoned them yet my Unsullied could not capture Drogon and now he has disappeared. I'm also informed that some of the former slaver families have formed a group called the ‘Sons of the Harpy’ and are attacking my people in the night and painting warnings in blood threatening death to those who serve me.\n\nMany slave cities have rallied with the Yunkai to bring me down, they have many hired sellsword legions and have acquired numerous allies, and now march on Astapor to undo all that I have done there.;J'ai finalement pris le contrôle de la dernière grande cité esclavagiste. Meereen est tombée entre mes mains et désormais je la gouverne depuis sa Grande Pyramide. Cependant, pendant que je suis ici, en train d'apprendre à gouverner, mes dragons ont grandi rapidement et sont devenus sauvages, menaçant les vivres de mon peuple. Je les ai faits enfermer, néanmoins mes immaculés n'ont pas réussi à capturer Drogon et il a disparu. J'ai également appris que certaines des anciennes familles esclavagistes ont créé un groupe, les Fils de la Harpie, qui attaque mes gens à la nuit tombée avant de maculer les murs de la ville d'avertissements écrits en lettres de sang qui menacent tous ceux qui me servent.\n\nDe nombreuses cités esclavagistes ont rallié les Yunkaïis et ont juré ma perte. De nombreuses compagnies d'épées louées marchent avec eux en direction d'Astapor pour défaire mon oeuvre.;;;Finalmente he tomado el control de la última gran ciudad esclavista. Meereen ha caído y la gobierno desde la Gran Pirámide. Sin embargo, mientras aprendo a gobernar, mis dragones han crecido rápidamente y se han convertido en salvajes, amenazando los alimentos de mi pueblo. Los he encerrado, pero mis inmaculados no lograron capturar a Drogon y ha escapado. Algunas de las antiguas familias de esclavistas han creado un grupo, los Hijos de la Arpía, que ataca a mi pueblo al caer la noche antes de pintar los muros de la ciudad con advertencias escritas con sangre amenazando a todo aquel que me sirve.\n\nMuchas ciudades esclavistas se han aliado con Yunkai y han jurado que me matarían. Muchas compañías mercenarias marchan con ellos en dirección a Astapor para deshacer mi trabajo.;;;;;;;;;x
EVTOPTAfeast_for_crows.50;I will learn;J'apprendrai.;;;Aprenderé.;;;;;;;;;x
EVTDESCfeast_for_crows.51;The Dragon Queen has kept us under heel for too long. We shall restore slavery in Astapor!;La reine dragon nous tient sous sa botte depuis bien trop longtemps. Nous allons restaurer l'esclavage à Astapor !;;;La Reina Dragón nos ha tenido bajo su control durante mucho tiempo. Vamos a restaurar el esclavismo en Astapor!;;;;;;;;;x
EVTOPTAfeast_for_crows.52;This savage shall fall;Cette sauvage tombera.;;;Este salvaje caerá.;;;;;;;;;x
EVTOPTBfeast_for_crows.52;It's not my problem;Ce n'est pas mon problème.;;;No es mi problema.;;;;;;;;;x
EVTTITLEfeast_for_crows.53;Slaver's War;Guerre des esclavagistes;;;Guerra de los Esclavistas;;;;;;;;;x
EVTDESCfeast_for_crows.53;After their slaughter of the freed men of Astapor, the armies of Yunkai have gathered outside the coloured brick walls of Meereen, beside them stand the legions of New Ghis and fighting men from across Slavers' Bay. Only the Lhazareen have answered our call for aid, whilst The Second Sons and their captain have betrayed us. I thought him an ally. I thought wrong. I will let my dragons devour him.\n\n Xaro has arrived from Qarth pleading that I leave Slavers' Bay, and to entice me to do so has offered up thirteen warships. Perhaps it is time I leave Slavers Bay. Westeros will solidify if I don’t act quickly, but I cannot leave my children to die...;Après avoir massacré les hommes libres d'Astapor, les armées de Yunkaï se sont rassemblées devant les murs de briques de Meereen, épaulées par les légions de la Nouvelle Ghis et des armées d'autres cités esclavagistes. Seuls les Lhazaréens ont répondu à notre appel à l'aide. Mais les Puînés, eux, m'ont trahie. Je pensais que leur capitaine était un allié, je me suis trompée, je vais devoir le jeter en pâture à mes dragons.\n\n Xaro est venu de Qarth pour me supplier de quitter la Baie des Serfs sur les treize navires de guerre qu'il m'offre. Peut-être est-il temps pour moi de quitter la Baie des Serfs. Westeros recouvrera son unité sous un autre roi si je n'agis pas rapidement, mais je ne peux pas non plus laisser mes enfants mourir...;;;Tras haber masacrado a los hombres libres de Astapor, los ejércitos de Yunkaï han llegado ante la muralla de adoquines de Meereen, apoyados por las legiones de Nuevo Ghis y otras ciudades esclavistas. Sólo los lhazarenos han respondido a nuestra llamada de auxilio. Pero los Segundos Hijos nos han traicionado. Creía que su capitán era un aliado, me equivoqué y pronto servirá de alimento a mis dragones.\n\n Xaro ha venido desde Qarth para suplicarme que deje la Bahía de los Esclavos con los trece barcos que me ofrece. Tal vez sea el momento de abandonar la Bahía de los Esclavos. Poniente recuperará su unidad bajo otro rey si no actúo rápidamente, pero no puedo dejar a mis hijos morir...;;;;;;;;;x
EVTOPTAfeast_for_crows.53;I spared the Yunkai before,  I will not make that mistake again;J'ai déjà épargné les Yunkaïs une fois, je ne commettrai pas deux fois la même erreur.;;;Perdoné a Yunkai una vez, no cometeré dos veces el mismo error.;;;;;;;;;x
EVTOPTBfeast_for_crows.53;It is clear, I must leave for home;Je dois rentrer à la maison.;;;Debo regresar a casa.;;;;;;;;;x
EVTTITLEfeast_for_crows.54;The Sun's Son;Le fils du soleil;;;El Hijo del Sol;;;;;;;;;x
EVTDESCfeast_for_crows.54;Another freedman died last night. The Sons of the Harpy strike again. These damned guerrilla fighters will destroy my army through attrition if nothing else. Not even the hostages I have taken have made them stop.\n\n A Meereenese priestess has put a plan in place to stop the killings however, urging me to marry a noble of the city to bring peace. This would seem the wisest course of action, but Quentyn Martell now stands before me, speaking of a pact Willem Darry made with the Martells after the death of Rhaegar. I can’t let my soldiers die, but the Martells are staunch allies to the Targaryens. Both of these choices are undesirable for Daario holds the key to my heart. But Aegon the Unlikely married for love, and the whole realm bled for it. What can I do?;Un autre affranchi est mort la nuit dernière. Les Fils de la Harpie ont encore frappé, ce maudit mouvement, va détruire mon armée homme par homme si cela continue. Même les otages que j'ai pris ne les ont pas arrêtés.\n\n Une prêtresse meereenienne a échafaudé un plan pour mettre fin aux tueries. Elle me presse de me marier avec un noble pour ramener la paix. Il semble que ce soit la plus sage décision, mais Quentyn Martell se tient désormais devant moi et me parle d'un pacte fait après la mort de Rhaegar entre Willem Darry et les Martell. Je ne peux pas laisser mes soldats mourir mais les Martell sont de loyaux sujets des Targaryen. Ces deux alternatives déplaisent à Daario à qui appartient mon coeur, mais je ne peux me permettre de me marier avec lui, je connais l'histoire d'Aegon l'Invraisemblable et du sang versé à cause de son mariage. Que dois-je faire ?;;;Otro liberto murió esta noche. Los Hijos de la Arpía golpearon de nuevo, estos malnacidos van a destruir mi ejército hombre a hombre si esto continúa. Ni los rehenes que tomé los detienen.\n\n Una sacerdotisa de Meereen ha ideado un plan para poner fin a estos asesinatos. Ella me ha instado a casarme con un noble para que vuelva la paz. Parece la más sabia de las decisiones, pero Quentyn Martell está ante mí y me habla de un pacto secreto tras la muerte de Rhaegar entre Willem Darry y los Martell. No puedo dejar morir a mis soldados pero los Martell son súbditos leales de los Targaryen. Estas dos alternativas no agradarán a Daario a quien pertenece mi corazón, pero no me puedo permitir casarme con él, conozco la historia de Aegon el Improbable y el derramamiento de sangre causado por su matrimonio. Qué debo hacer?;;;;;;;;;x
EVTDESCfeast_for_crows.54B;Another freedman died last night. The Sons of the Harpy strike again. These damned guerrilla fighters will destroy my army through attrition if nothing else. Not even the hostages I have taken have made them stop.\n\n A Meereenese priestess has put a plan in place to stop the killings however, urging me to marry a noble of the city to bring peace. This would seem the wisest course of action for I can’t let my soldiers die,  but it is undesirable for Daario holds the key to my heart. Aegon the Unlikely married for love, and the whole realm bled for it. What can I do?;Un autre affranchi est mort la nuit dernière. Les Fils de la Harpie ont encore frappé, ce maudit mouvement, va détruire mon armée homme par homme si cela continue. Même les otages que j'ai pris ne les ont pas arrêtés.\n\n Une prêtresse meereenienne a échafaudé un plan pour mettre fin aux tueries. Elle me presse de me marier avec un noble pour ramener la paix. Il semble que ce soit la plus sage décision, mais Daario est celui que j'aime. Aegon l'Invraisemblable s'est marié par amour et le royaume en a payé le prix. Que dois-je faire ?;;;Otro liberto murió esta noche. Los Hijos de la Arpía golpearon de nuevo, estos malnacidos van a destruir mi ejército hombre a hombre si esto continúa. Ni los rehenes que tomé los detienen.\n\n Una sacerdotisa de Meereen ha ideado un plan para poner fin a estos asesinatos. Ella me ha instado a casarme con un noble para que vuelva la paz. Parece la más sabia de las decisiones, pero Daario es al que amo. Aegon el Improbable se casó por amor y el reino pagó el precio. Qué debo hacer?;;;;;;;;;x
EVTOPTAfeast_for_crows.54;I cannot let more people die, these are my children.;Je dois mettre fin à ces meurtres, ce sont mes enfants qu'on tue.;;;Debo poner fin a estos asesinatos, son a mis hijos a los que están matando.;;;;;;;;;x
EVTOPTBfeast_for_crows.54;Westeros is where my conquest lies, so a Westerosi consort is needed.;Westeros est mon objectif, aussi me faut-il un époux ouestrien.;;;Poniente es mi objetivo, lo que necesito es un esposo de Poniente.;;;;;;;;;x
EVTTITLEfeast_for_crows.55;The Games Begin;Le jeu commence;;;El Juego Comienza;;;;;;;;;x
EVTDESCfeast_for_crows.55;My husband of convenience has won me peace with the Yunkish, but I have been forced to cease my wars of liberation. Such must I do to protect my children and reclaim my birthright from the Upsurper’s line. At the gladiatorial games held in celebration of the wedding, my husband presses upon me a dish of fried locust, a local delicacy. The bloodshed has robbed me of my appetite however.\n\nAs the afternoon draws on the pit floor is soaked by the blood of beast and man alike. After one particularly gruesome spectacle, I am tempted to leave. But with a cry a winged monstrosity comes crashing down upon the sand -my Drogon ! Many attempt to kill him, but I shall not allow them to rob me of my child! Running out onto the sand, I wonder  will he know me? Will these men listen?;Mon mari m'a apporté la paix avec Yunkaï, mais j'ai été obligée de mettre fin à ma guerre de libération des esclaves. Tel est le prix à payer pour protéger mes enfants et reprendre ce qui est mien en occident. Je me trouve aux arènes où se tiennent des jeux pour célébrer mon mariage. Mon mari me presse de goûter des sauterelles au miel. Néanmoins le bain de sang m'a coupé l'appétit.\n\nTout au long de l'après-midi le sang coule à flot. Après un tel spectacle je suis tentée de partir. Mais à ce moment précis éclate un rugissement terrible et une bête ailée atterrit sur le sol - mon Drogon! Ils essaient tous de la tuer, mais je refuse ! Je ne peux les laisser tuer mon enfant ! Je me jette dans la fosse, mon bébé me reconnaît-il ?;;;Mi marido me trajo la paz con Yunkai, pero me he visto obligada a poner fin a mis guerras antiesclavistas. Tal es el precio a pagar para proteger a mis hijos y tomar lo que es mío en occidente. Estoy en las arenas de combate donde se celebran unos juegos en honor a mi boda. Mi marido me presiona para que pruebe las langostas con miel. Sin embargo el baño de sangre me ha cortado el apetito.\n\nDurante toda la tarde la sangre fluye libremente. Después de este horrible espectáculo estoy tentada de marcharme. Pero en ese preciso momento estalla un terrible rugido y una bestia alada aterriza en el suelo - mi Drogon! Todos intentan matarle, me niego! No puedo dejar que maten a mi hijo! Bajo al foso, me reconocerá?;;;;;;;;;x
EVTOPTAfeast_for_crows.55;I am the blood of the Dragon!;Je suis le sang du dragon !;;;Yo soy la sangre del dragón!;;;;;;;;;x
EVTTITLEfeast_for_crows.56;The Sea...;La mer;;;El Mar;;;;;;;;;x
EVTDESCfeast_for_crows.56;Drogon has carried me to his lair in the bleak Dothraki Sea... I must return to my children, to Meereen. Wondering through the plain I come across a stream, and trip. I feel so ill... bleeding... between my legs... It has been so long... 'To go north, I must journey south, to reach the west I must go east. To go forward I must go back and to touch the light I must pass beneath the shadow.'...;Drogon m'a amenée jusqu'à sa tanière dans la mer Dothrak... Je dois retourner vers mes enfants, à Meereen. Suivant le cours d'un ruisseau je tente de retourner à pied vers la cité. Je me sens si malade... je découvre du sang... dans mon entrejambe... fiévreuse... 'Pour me rendre au nord, je dois partir vers le sud. Pour gagner l’ouest, je dois cheminer à l’est. Pour aller de l’avant, je dois retourner en arrière et, pour atteindre la lumière, je dois passer sous l’ombre.'...;;;Drogon me ha llevado hasta su guarida en el mar Dothraki... Debo regresar con mis hijos a Meereen. Siguiendo el curso de una corriente intento regresar a pie a la ciudad. Me siento tan enferma... he visto sangre en mis muslos... febriles... 'Para ir al norte tenéis que viajar hacia el sur. Para llegar al oeste debéis ir hacia el este. Para adelantaros tendréis que retroceder, y para tocar la luz debéis pasar bajo la sombra.'...;;;;;;;;;x
EVTOPTAfeast_for_crows.56;The Seas must burn...;La mer doit brûler…;;;El mar debe arder...;;;;;;;;;x
EVTTITLEfeast_for_crows.5600;Khal Jhaqo;Khal Jhaqo;;;Khal Jhaqo;;;;;;;;;x
EVTDESCfeast_for_crows.5600;I must eat. How long has it been? Ahead, I spy a Dothraki scout. 'Drogon' I cry, 'to me!' The great black beast swoops low and wreathes both rider and horse in a blaze of dark flame. As I share in the spoils of the hunt with my child, I hear the sound of hooves approach. It is the traitorous Khal Jhaqo, once Ko to my Sun and Stars, and fifty of his outriders. I promise his death to be long and cruel...;Je dois manger. Depuis quand ne l'ai-je pas fait ? Plus loin, j'espionne un éclaireur dothraki. J'appelle Drogon, tant et si bien que le dragon finit par m'écouter avant de se jeter sur le dothraki et sa monture. Alors que je partage la carcasse du cheval avec mon enfant, j'entends approcher un bruit de chevaux. C'est Khal Jhaqo le traître, qui fut le Ko de mon soleil étoilé, et il est accompagné de cinquante de ses guerriers. J'ai juré que sa mort serait longue et cruelle... ;;;Tengo que comer. Desde cuando no he comido? A lo lejos, veo un explorador dothraki. Llamo a Drogon, y el dragón acaba escuchándome y se abalanza contra el jinete y el caballo lanzando una llamarada. Mientras comparto los despojos de la caza con mi hijo, escucho el sonido de cascos de caballo acercándose. Es Khal Jhaqo el traidor, que fue Ko de mi sol y estrellas, y está acompañado de cincuenta de sus guerreros. Juré que su muerte sería larga y cruel... ;;;;;;;;;x
EVTOPTAfeast_for_crows.5600;Dracarys!;Dracarys!;;;Dracarys!;;;;;;;;;x
EVTTITLEfeast_for_crows.5601;The Sun rises in the West, and Sets in the East;Le soleil se lève à l'Ouest et se couche à l'Est.;;;El Sol sale por el Oeste y se pone por el Este.;;;;;;;;;x
EVTDESCfeast_for_crows.5601;I return to Meereen upon Drogon's back, Jhaqo's khalasar - no, MY khalasar - close behind. With their aid I shall wipe the slavers from this land and take back my birthright! But [Root.Spouse.GetFirstName] stands accused of my attempted murder, and worse yet the sweet fool Quentyn Martell has unleashed two of my dragons, burning to death in the process.;Je retourne à Meereen sur le dos de Drogon, le khalasar de Jhaqo -non, MON khalasar- sur mes talons. Avec leur aide je devrais pouvoir écraser les esclavagistes et récupérer ce qui m'appartient de droit ! Mais [Root.Spouse.GetFirstName] est accusé de ma tentative de meurtre, pire encore Quentyn Martell a été assez fou pour libérer mes deux autres dragons, brûlant vif au passage.;;;Vuelvo a Meereen a lomos de Drogon, con el Khalasar de Jhaqo -no, MI Khalasar- detrás mía. Con su  ayuda debería poder aplastar a los esclavistas y recuperar lo que me pertenece por derecho! Pero [Root.Spouse.GetFirstName] está acusado de mi intento de asesinato, y peor aún Quentyn Martell ha sido lo bastante loco para liberar a mis otros dos dragones, quemándose vivo de pasada.;;;;;;;;;x
EVTDESCfeast_for_crows.5601B;I return to Meereen upon Drogon's back, Jhaqo's khalasar - no, MY khalasar - close behind. With their aid I shall wipe the slavers from this land and take back my birthright! The nobility of Meereen stand accused of my attempted murder, and worse yet the sweet fool Quentyn Martell has unleashed two of my dragons, burning to death in the process.;Je retourne à Meereen sur le dos de Drogon, le khalasar de Jhaqo -non, MON khalasar- sur mes talons. Avec leur aide je devrais pouvoir écraser les esclavagistes et récupérer ce qui m'appartient de droit ! La noblesse est néanmoins accusée de la tentative de meurtre contre moi, pire encore Quentyn Martell a été assez fou pour libérer mes deux autres dragons, brûlant vif au passage.;;;Vuelvo a Meereen a lomos de Drogon, con el Khalasar de Jhaqo -no, MI Khalasar- detrás mía. Con su  ayuda debería poder aplastar a los esclavistas y recuperar lo que me pertenece por derecho! Pero la nobleza está acusada de mi intento de asesinato, y peor aún Quentyn Martell ha sido lo bastante loco para liberar a mis otros dos dragones, quemándose vivo de pasada.;;;;;;;;;x
EVTDESCfeast_for_crows.5601C;I return to Meereen upon Drogon's back, Jhaqo's khalasar - no, MY khalasar - close behind. With their aid I shall wipe the slavers from this land and take back my birthright! But [Root.Spouse.GetFirstName] stands accused of my attempted murder, and has been promptly imprisoned and divorced for his actions.;Je retourne à Meereen sur le dos de Drogon, le khalasar de Jhaqo -non, MON khalasar- sur mes talons. Avec leur aide je devrais pouvoir écraser les esclavagistes et récupérer ce qui m'appartient de droit ! Mais [Root.Spouse.GetFirstName] est accusé de ma tentative de meurtre, et a été promptement emprisonné et forcé à divorcer.;;;Vuelvo a Meereen a lomos de Drogon, con el Khalasar de Jhaqo -no, MI Khalasar- detrás mía. Con su  ayuda debería poder aplastar a los esclavistas y recuperar lo que me pertenece por derecho! Pero [Root.Spouse.GetFirstName] está acusado de mi intento de asesinato, y ha sido encarcelado con prontitud y forzado a divorciarse.;;;;;;;;;x
EVTDESCfeast_for_crows.5601D;I return to Meereen upon Drogon's back, Jhaqo's khalasar - no, MY khalasar - close behind. With their aid I shall wipe the slavers from this land and take back my birthright! The nobility of Meereen along with my late husband stand accused of my attempted murder, breaking the tenuous truce I had with them.;Je retourne à Meereen sur le dos de Drogon, le khalasar de Jhaqo -non, MON khalasar- sur mes talons. Avec leur aide je devrais pouvoir écraser les esclavagistes et récupérer ce qui m'appartient de droit ! La noblesse est néanmoins accusée de la tentative de meurtre contre moi et la fragile trêve que j'avais instauré est désormais menacée.;;;Vuelvo a Meereen a lomos de Drogon, con el Khalasar de Jhaqo -no, MI Khalasar- detrás mía. Con su  ayuda debería poder aplastar a los esclavistas y recuperar lo que me pertenece por derecho! Pero la nobleza está acusada de mi intento de asesinato y la frágil tregua que había conseguido está ahora amenzada.;;;;;;;;;x
EVTOPTAfeast_for_crows.5601;A shame, I must find a good replacement for my treacherous husband;Il aurait pu faire un bon remplaçant pour mon traître de mari.;;;Una pena, debo encontrar a un buen sustituto para mi marido traicionero.;;;;;;;;;x
EVTTITLEfeast_for_crows.57;Breaking of the Chains;Briser les chaines;;;Rompiendo las Cadenas;;;;;;;;;x
EVTDESCfeast_for_crows.57;They called themselves Wise Masters, I call them fools for defying me. I returned to Meereen with Drogon and my new khalasar and crushed the Yunkish host. Despite my victory Yunkai remains the greatest threat to my freedmen, so now I prepare to march upon that accursed place, then on to Astapor and any other city that refuses to bend the knee and break the chains. I will not rest until the East is liberated. For they call me Mother, and it is my duty to free them.;Ils se nomment eux-mêmes les Judicieux, je les appelle fous pour avoir osé me défier. Je suis retournée à Meereen sur le dos de Drogon et à la tête d'un nouveau khalasar et j'ai écrasé l'armée Yunkaïie. Malgré ma victoire Yunkaï reste la plus grande menace qui pèse sur mes affranchis, aussi je me prépare à marcher contre la cité. Puis ce sera le tour d'Astapor et de toutes les autres cités qui refusent de se soumettre et de libérer leurs esclaves. Vous ne vous reposerez pas tant que l'orient n'aura pas été libéré. C'est pour cela qu'ils m'appellent Mère, et c'est mon devoir de les libérer.;;;Se hacen llamar Sabios Amos, yo los llamo estúpidos por haberme desafiado. Regresé a Meereen a lomos de Drogon y a la cabeza de un nuevo Khalasar y aplasté al ejército Yunkio. A pesar de mi victoria Yunkai es aún la mayor amenaza para mis libertos, así que me preparo para marchar contra la ciudad. Después será el turno de Astapor y de todas las demás ciudades que rechacen someterse y liberar sus esclavos. No descansarás hasta que el Este sea liberado. Es por eso que me llaman Madre, y es mi deber liberarles.;;;;;;;;;x
EVTOPTAfeast_for_crows.57;I will have my venegance on Yunkai ;Je vais me venger de Yunkaï.;;;Me vengaré de Yunkai.;;;;;;;;;x
EVTOPTBfeast_for_crows.57;The legions of New Ghis will fall;Les légions de la Nouvelle-Ghis vont disparaître dans les flammes.;;;Las legiones de Nuevo Ghis caerán.;;;;;;;;;x
EVTOPTCfeast_for_crows.57;I shall fly to Volantis;Je vais voler jusqu'à Volantis.;;;Volaré hasta Volantis.;;;;;;;;;x
EVTOPTDfeast_for_crows.57;Lys and Tyrosh will heed me;Lys et Tyrosh vont subir mon courroux.;;;Lys y Tyrosh me prestarán atención.;;;;;;;;;x
EVTOPTEfeast_for_crows.57;Myr will be liberated;Myr sera libérée;;;Myr será liberada;;;;;;;;;x
EVTTITLEfeast_for_crows.58;The Final Crossroad;Le dernier choix;;;La encrucijada final;;;;;;;;;x
EVTDESCfeast_for_crows.58;Slavers haunt Slavers Bay no more, my Unsullied, khalasar, and dragons made sure of that. The freedmen adore me, the old blood fear me, and all of Essos listens when I speak. I am proving a fair and just ruler, my counsellors are wise and the cities are prosperous and at peace, but this land is not home. Viserys always told me that Westeros was the Dragons' only home, and that one day he would return with an army. My brother is long dead, and the army is my own. The Seven Kingdoms are contested, their armies at war, and their people afraid. I could return to Westeros and bring peace, or I could remain here, and forge a new Empire, free of shackles...;Les esclavagistes n'hantent plus la Baie des serfs, mes Immaculés, mon khalasar et mes dragons se sont chargés d'eux. Les affranchis m'adorent, le vieux sang me craint et tout Essos écoute quand je parle. J'ai prouvé que j'étais une dirigeante capable et juste, mes conseillers sont sages et les cités prospères grâce à la paix, mais cette victoire n'est pas la mienne. Viserys m'a toujours dit que Westeros était la véritable maison des dragons et qu'un jour il y retournerait à la tête d'une armée. Mon frère est mort depuis longtemps, et les armées m'appartiennent. Les Sept Couronnes sont en guerre et les ouestriens sont effrayés et épuisés. Je peux retourner en Westeros pour apporter la paix, ou je peux rester ici pour forger un nouvel Empire, libéré des chaînes...;;;Los esclavistas ya no frecuentan la Bahía de los Esclavos, mis Inmaculados, mi Khalasar y mis dragones se han encargado de ellos. Los libertos me adoran, los volantinos de sangre antigua me temen y todo Essos escucha cuando hablo. He demostrado que soy una dirigente capaz y justa, mis consejeros son sabios y las ciudades prosperan gracias a la paz, pero esta victoria no es la mía. Viserys siempre me dijo que Poniente es el verdadero hogar de los dragones y que un día regresaría con un ejército. Mi hermano murió hace mucho tiempo, y los ejércitos me pertenecen. Los Siete Reinos están en guerra y los occidentales están asustados y agotados. Puedo regresar a Poniente y traer la paz, o puedo quedarme aquí para forjar un nuevo Imperio, liberado de cadenas...;;;;;;;;;x
EVTOPTAfeast_for_crows.58;By right of birth I will sit upon The Iron Throne;Par droit de naissance, le Trône de fer est mien !;;;Por derecho de nacimiento, el Trono de Hierro es mío!;;;;;;;;;x
EVTOPTBfeast_for_crows.58;A new, free Empire shall rise, and Meereen shall be its seat;Un nouvel empire, libre, va naître, et Meereen en sera sa capitale. ;;;Un nuevo Imperio libre nacerá y Meereen será su capital. ;;;;;;;;;x
EVTTITLEfeast_for_crows.59;Kraken and Dark Flame;Seiche et flamme noire;;;Kraken y Llama Oscura;;;;;;;;;x
EVTDESCfeast_for_crows.59;A fleet has pulled into my harbour, baring news from Westeros - news of war and betrayal. It's captain, a man by name of Victarion Greyjoy has come offering me passage back to Westeros and a means to control my wild dragons if I will give him my hand in marriage.;Une flotte est arrivée en mon port, apportant des nouvelles de Westeros, des nouvelles de guerres et de trahisons. Son capitaine, un homme qui se fait appeller Victarion Greyjoy est venu m'offrir ses services pour me transporter jusqu'à Westeros. Il m'offre également un moyen de contrôler mes dragons sauvages si j'accepte de l'épouser.;;;Una flota ha llegado a mi puerto, trayendo noticias de Poniente, noticias de guerras y traiciones. Su capitán, un hombre que se hace llamar Victarion Greyjoy me ha ofrecido sus servicios para llevarme a Poniente. También me ofrece un medio para controlar a mis dragones salvajes si acepto casarme con él.;;;;;;;;;x
EVTOPTAfeast_for_crows.59;The Dragon and Kraken shall rule the world together;Le dragon et la seiche dirigeront le monde ensemble;;;El dragón y el kraken dirigirán el mundo juntos;;;;;;;;;x
EVTOPTBfeast_for_crows.59;No, he is no fit consort;Non, il n'est pas le consort idéal.;;;No, no es el consorte ideal.;;;;;;;;;x
EVTDESCfeast_for_crows.5900;Victarion, angry that you have spurned him, has used a magic horn to tame one of your wild Dragons before quickly sailing off into the night!;Victarion, en colère contre vous, a utilisé une corne magique pour domestiquer l'un de vos dragons sauvages avant d'appareiller dans la nuit ! ;;;Victarion, enfadao contigo, ha utilizado un cuerno mágico para domesticar uno de tus dragones salvajes antes de zarpar en plena noche! ;;;;;;;;;x
EVTDESCfeast_for_crows.5900B;Victarion, angry that you have spurned him, tried to use a magic horn to tame one of your wild Dragons, but died in the process. One of the dragons has suddenly left [Root.Capital.GetName] however, seemingly flying in the direction of the Iron Islands...;Victarion, en colère contre vous, a utilisé une corne magique pour domestiquer l'un de vos dragons sauvages avant d'appareiller dans la nuit ! ;;;Victarion, enfadao contigo, ha utilizado un cuerno mágico para domesticar uno de tus dragones salvajes antes de zarpar en plena noche! ;;;;;;;;;x
EVTOPTAfeast_for_crows.5900;One day I will meet him, then burn him;Un jour je le rencontrerai et il brûlera !;;;Un día lo encontraré y arderá!;;;;;;;;;x
EVTDESCfeast_for_crows.5901;Arriving with Victarion Greyjoy is a Red Priest named Moqorro, he brings word from High Priest in Volantis. I have been proclaimed as Azor Ahai Reborn the long awaited saviour who will defeat the darkness and lead the world into a summer that does not end and that even detah itslf will ned it's knee. He pledges the temple's support.;Avec Victarion Greyjoy est arrivé un prêtre rouge nommé Moqorro, il est porteur d'un message du grand prêtre de Volantis. J'ai été proclamée Azor Ahai Ressuscité, le sauveur tant attendu qui vaincra l'obscurité et mènera le monde vers un été éternel qui ne finira jamais. Il m'assure du soutien de ce culte.;;;Con Victarion Greyjoy llegó un sacerdote rojo llamado Morroqo, que trae un mensaje del Sumo Sacerdote de Volantis. He sido proclamada Azor Ahai resucitada, la salvadora que vencerá a la oscuridad y liderará al mundo hacia un verano eterno que no acabará jamás. Me ha asegurado el apoyo de su religión.;;;;;;;;;x
EVTOPTAfeast_for_crows.5901;I am grateful for their faith and will do everything I can to ensure that I am worthy of it.;Je suis heureuse de la foi qu'ils ont en moi et je ferai tout ce qui est mon pouvoir pour m'en montrer digne. ;;;Estoy contento de la fe que tienen en mi y haré todo lo que pueda para mostrarme digna. ;;;;;;;;;x
EVTOPTBfeast_for_crows.5901;I have had my fill of sorcerers. Begone!;J'en ai par-dessus la tête des sorciers. Hors de ma vue !;;;Ya tuve mi ración de brujas. Fuera de mi vista!;;;;;;;;;x
EVTTITLEfeast_for_crows.60;A Lion Brought Low;Un lion bien petit;;;Un león venido a menos;;;;;;;;;x
EVTDESCfeast_for_crows.60;Three slaves had escaped the Yunkish camp during the siege. When brought before me one turned out to be none other than the dwarf Tyrion Lannister, son of Tywin, my father's chief betrayer. The other is a ravaged looking Jorah Mormont, who was beaten savagely during his captivity. I forgive him his past deeds.\n\nUpon hearing such mercy, the imp falls to his knees and attempts to plead with me. He tells me how he poisoned the Uurper's son, his own nephew, and slew his father Tywin. How he fled King's Landing to the manse of my former patron, Illyrio. And how he crossed half the world to kneel before my throne. He now seeks to serve as my advisor...;Trois esclaves se sont échappés du camp Yunkaïi durant le siège. Amenés devant moi, l'un d'entre eux se révéle être le nain Tyrion Lannister, fils de Tywin, qui a trahi mon père. L'autre est Jorah Mormont, son visage est ravagé, ayant été battu sauvagement lors de sa captivité. Je lui pardonne ses actes passés.\n\nDevant une telle merci, le lutin tombe à genou devant moi. Il me raconte comment il a empoisonné le fils de l'Usurpateur, son propre neveu, et comment il a tué son père Tywin. Il vous raconte également comment il a fui Port-Réal vers Pentos où Illyrio l'a accueilli, avant de traverser la moitié du monde pour pouvoir s'agenouiller devant moi. Il veut maintenant devenir mon conseiller...;;;Tres esclavos se han escapado del campamento yunkio durante el asedio. Traídos ante mí, uno de ellos revela que es el enano Tyrion Lannister, hijo de Tywin, que traicionó a mi padre. El otro es Jorah Mormont, con el rostro devastado, después de haber sido brutalmente golpeado en su cautiverio. Le perdono sus actos pasados.\n\nAnte tal misericordia, el enano dobla la rodilla ante mí. Me cuenta como envenenó al hijo del Usurpador, su propio sobrino, y como mató a su padre Tywin. También te cuenta como huyó de Desembarco del Rey hacia Pentos donde Illyrio lo acogió, antes de atravesar la mitad del mundo para poder arrodillarse ante mí. Quiere convertirse en mi consejero...;;;;;;;;;x
EVTOPTAfeast_for_crows.60;Rise my new servant - what other tidings do you have?;Relève-toi mon nouveau serviteur. Quelles autres nouvelles m'apportes-tu ?;;;Alzaos, mi nuevo servidor. Qué otras noticias traes?;;;;;;;;;x
EVTOPTBfeast_for_crows.60;Only a cat of a different coat, why should I trust you?;Rien qu'un chat d'une autre fourrure, pourquoi devrais-je avoir confiance en vous ?;;;El mismo gato con diferente piel, por qué debería confiar en vos?;;;;;;;;;x
EVTOPTCfeast_for_crows.60;A Lannister always pays his debts;Un Lannister paye toujours ses dettes.;;;Un Lannister siempre paga sus deudas.;;;;;;;;;x
TOOLTIPfeast_for_crows.51;Launches an Invasion of Astapor;Lancer une invasion d'Astapor;;;Lanzar una invasión a Astapor;;;;;;;;;x
E_FREE_EMPIRE;The Free Empire;L'Empire Libre;;;El Imperio Libre;;;;;;;;;x
E_FREE_EMPIRE_ADJ;The Free Empire;L'Empire Libre;;;El Imperio Libre;;;;;;;;;x
opinion_band_of_nine;Band of Nine;La Bande des Neuf;;;La Banda de los Nueve;;;;;;;;;x
nick_of_the_ebon_prince;the Ebon Prince;le Prince d'Ebène;;;el Príncipe de Ébano;;;;;;;;;x
TOOLTIPBANDOFNINE;[This.GetTitledFirstNameWithDynastyAndTitleNoRegnal] of House [This.GetOnlyDynastyName]\n;[This.GetTitledFirstNameWithDynastyAndTitleNoRegnal] de la maison [This.GetOnlyDynastyName]\n;;;[This.GetTitledFirstNameWithDynastyAndTitleNoRegnal] de la casa [This.GetOnlyDynastyName]\n;;;;;;;;;x
EVTDESCninepenny_kings.2;I am Maelys of House Blackfyre, true King of Westeros. My house has been exiled in Essos for over fifty years, and so I have made an alliance with eight other power seekers, a clique of merchants, exiles and pirates each vowing to help oneother achieve our goals.\n\nWe have already conquered the Disputed Lands, and secured Tyrosh for the newly crowned King Alequo Adarys the Goldentongue. We have also established a base in the Stepstones, and now look across the Narrow Sea towards Westeros where I shall reclaim my birthright.;Je suis Maelys de la maison Feunoyr, souverain légitime de Westeros. Ma maison est en exil sur Essos depuis plus de cinquante ans, aussi ai-je fait alliance avec huit autres personnes cherchant à prendre le pouvoir, un groupe de marchands, d'exilés et de pirates qui ont fait voeu de s'entraider pour parvenir à leurs objectifs.\n\nNous avons déjà conquis les Terres Disputées et obtenu Tyrosh pour le roi fraîchement couronné Alequo Adarys Langue-dorée. Nous avons également établi une base dans les Degrés de Pierre et nous pouvons désormais tourner notre regard par-delà le Détroit, vers Westeros où je réclamerai mon droit de naissance.;;;Soy Maelys de la casa Fuegonegro, soberano legítimo de Poniente. Mi casa está exiliada en Essos desde hace más de cincuenta años, así que hice un pacto con otras ocho personas que buscan el poder, un grupo de mercaderes, exiliados y piratas que han jurado ayudarse para lograr sus objetivos.\n\nNYa hemos conquistado las Tierras de la Discordia y colocado como Arconte de Tyrosh a Alequo Adarys Lenguadeplata. También hemos establecido una base en los Peldaños de Piedra y ahora podemos volver nuestra vista a través del Mar Angosto hacia Poniente donde reclamaré mi derecho de nacimiento.;;;;;;;;;x
EVTOPTAninepenny_kings.2;We are the Band of Nine;Nous sommes les Neuf;;;Somos la Banda de los Nueve;;;;;;;;;x
EVTTITLEninepenny_kings.2;The Ninepenny Kings;Les Rois à Neuf Sous;;;Los Reyes Nuevepeniques;;;;;;;;;x
EVTDESCfeast_for_crows.61;After a long perilous sea voyage, my newly acquired ships have finally taken me to Pentos. Here Illyrio takes me and my followers into his expansive Manse, where he treats me with courtesy, but we both know I am not here to just feast.\n\nHe soon reveals what he has been doing whilst I have been in the east. He claims my nephew Aegon is still alive, and was not killed all those years during the Usurper's rebellion. Apparently he has been kept safe here in the Pentos until such a time he could safely reveal himself. Apparently this boy already has the support of the Golden Company, and has landed in the Stormlands to stake his claim for the Iron Throne. Illyrio proposes I marry my nephew and aid him in taking the Seven Kingdoms so that I might rule by his side as his consort.;Après un périlleux voyage en mer, mes nouveaux navires m'ont finalement ramené à Pentos. Illyrio m'accueille, moi et mes compagnons, sur sa propriété. Il me traite avec courtoisie, mais nous savons tous les deux que je ne suis pas ici pour festoyer.\n\nIl me révèle bientôt ce qu'il a fait pendant mon absence. Il affirme que mon neveu Aegon est toujours en vie, il n'a pas été tué durant la guerre de l'Usurpateur. Apparemment il a été amené au-delà du Détroit pour être en sécurité jusqu'au moment où il pourrait enfin révéler son identité. Il semble que le garçon a obtenu le soutien de la Compagnie Dorée et qu'il a débarqué dans les Terres de l'Orage pour revendiquer le Trône de fer. J'ai les dragons. Illyrio propose un mariage avec mon neveu, en échange de mon aide pour s'emparer des Sept Couronnes, je pourrai gouverner le royaume en tant que reine consort.;;;Tras un peligroso viaje por el mar, mis nuevos barcos me trajeron de vuelta a Pentos. Illyrio nos ha acogido en una de sus propiedades. Me trata con cortesía, pero ambos sabemos que no estamos aquí por diversión.\n\nMe ha rebelado lo que ha estado haciendo durante mi ausencia. Afirma que mi sobrino Aegon está vivo, que no murió durante la guerra del Usurpador. Aparentemente fue llevado más allá del Mar Angosto para que estuviera a salvo hasta que pudiera revelar su identidad. Parece que el muchacho ha conseguido el apoyo de la Compañía Dorada y ha desembarcado en las Tierras de la Tormenta para reclamar el Trono de Hierro. Illyrio propone que me case con mi sobrino, a cambio de mi ayuda para conquistar los Siete Reinos, podría gobernar como reina consorte.;;;;;;;;;x
EVTOPTBclash_of_kings.61;I am no consort, I am the Mother of Dragons!;Je ne suis pas une reine consort, je suis la mère des dragons !;;;No soy una reina consorte, soy la madre de dragones!;;;;;;;;;x
EVTDESCfeast_for_crows.62;My efforts to eradicate slavery in the east have failed. I have been chastened by the armies of Qarth and Yunkai and have sailed away Pentos. Here I must rally what support I have left and prepare my Unsullied and my Dragons for my final push. I must reclaim my birthright from the usurpers...or die in the attempt.;Mes efforts pour éradiquer l'esclavage en orient se sont montrés vains. J'ai été chassée par les armées de Qarth et de Yunkaï et j'ai dû me replier sur Pentos. C'est ici que je dois réunir mes soutiens et préparer mes Immaculés et mes dragons pour mon offensive finale. Je dois m'emparer de ce qui est légitimement mien... ou mourir en essayant.;;;Mis esfuerzos para erradicar el esclavismo en Oriente han sido en vano. Los ejércitos de Qarth y Yunkai me humillaron y tuve que escapar a Pentos. Es aquí donde he de lograr apoyos y preparar a mis Inmaculados y mis dragones para mi ofensiva final. Debo apoderarme de lo que me pertenece legítimamente... o morir en el intento.;;;;;;;;;x
EVTOPTAfeast_for_crows.62;Fire and Blood ;Feu et Sang;;;Fuego y Sangre;;;;;;;;;x
EVTDESCfeast_for_crows.63;It seems my aunt Daenerys has returned from her escapades in the east, seemingly having failed to conquer Slavers' Bay. She has come to realise that Westeros is her true home, and has agreed to be my consort and aid me in taking the Iron Throne. Now I must face one of her of Dragons, and prove myself to be truly of the blood of the dragon.;Il semble que ma tante Daenerys est revenue de son escapade orientale. Elle semble avoir échoué dans sa conquête de la Baie des Serfs. Elle a fini par réaliser que Westeros était sa véritable maison et a accepté de devenir ma reine consort et de m'aider à m'emparer du Trône de fer. Maintenant je dois faire face à l'un de ses dragons et prouver que je suis bien un membre de la famille Targaryen.;;;Parece que mi tía Daenerys ha regresado de su aventura en el Este. Parece haber fracasado en su conquista de la Bahía de los Esclavos. Se ha dado cuenta que POniente es su verdadero hogar y ha aceptado ser mi consorte y ayudarme a conquistar el Trono de Hierro. Ahora debo enfrentarme a uno de sus dragones y probar que soy un miembro de la familia Targaryen.;;;;;;;;;x
utterly_defeated;Utterly Defeated;Complètement défaite;;;Completamente derrotado;;;;;;;;;x
EVTDESCfeast_for_crows.21;I am Petyr of House Baelish, and how have I risen in recent years. Once I was Lord of only a few rocks on the Fingers, now I am Lord of Harrenhal and the Riverlands, as well as Lord Protector of the Vale and regent to by step son Robert Arryn. My best prize, however, must be Sansa Stark whom I have secretly in my care. Shall I wed her to the heir to the Vale and solidify my ruler here?;Je suis Petyr de la maison Baelish, et je me suis élevé ces dernières années. Il fut un temps où je n'étais le lord que de quelques rochers sur les Doigts, désormais je suis lord d'Harrenhal et du Conflans et lord Protecteur du Val, régent de mon beau-fils Robert Arryn. Mais mon plus beau trophée reste Sansa Stark que je garde secrètement avec moi. Devrais-je la marier à l'héritier du Val pour consolider mon pouvoir ? ;;;Soy Petyr de la casa Baelish, y he prosperado mucho estos últimos años. Hubo un tiempo en que no fui más que un señor de algunos peñascos en Los Dedos, ahora sou Señor de Harrenhal, Señor Supremo del Tridente y Protector del Valle, regente de mi hijastro Robert Arryn. Pero mi mayor trofeo es Sansa Stark, a la que tengo escondida conmigo. Debería casarla con el heredero del Valle para consolidar mi poder? ;;;;;;;;;x
EVTOPTAfeast_for_crows.21;The Vale and the North shall unite;Le Val et le Nord doivent s'unir;;;El Valle y el Norte se deben unir;;;;;;;;;x
TOOLTIPfeast_for_crows.22;Lady Waynwood, Harry the Heir's guardian, will consider your proposal;Lady Vanbois, la tutrice d'Harry l'Héritier, va réfléchir à votre proposition;;;Lady Waynwood, la tutora de Harry el Heredero, reflexionará sobre la propuesta;;;;;;;;;x
EVTOPTBfeast_for_crows.21;No, I shall wed her, and claim the North!;Non, je vais me marier avec elle et revendiquer le Nord !;;;No, me casaré con ella y reivindicaré el Norte!;;;;;;;;;x
TOOLTIPfeast_for_crows.21B;You and Sansa shall be secretly betrothed;Vous allez être secrètement fiancé à Sansa;;;Estarás prometido secretamente con Sansa;;;;;;;;;x
EVTOPTCfeast_for_crows.21;I shall wait and decide later;Je vais réfléchir avant de prendre une décision;;;Reflexionaré antes de tomar una decisión;;;;;;;;;x
EVTDESCfeast_for_crows.22;My [Root.GetTitle] [Root.GetFirstName], I thank you for the support of you and your fellow Lords Declarant, I promise I shall rule the Vale justly. To properly unite the Vale once more I suggest that your ward Harrold Hardyng, heir to Robert Arryn, be married to Sansa Stark, whom I have in my care. I await your response\n\nYours,\n[From.GetFirstName] of House [From.GetOnlyDynastyName], Lord of Harrenhal and Lord Protector of the Vale;Ma [Root.GetTitle] [Root.GetFirstName], je vous remercie pour votre soutien et pour celui des autres seigneurs déclarants, je peux vous assurer que le Val sera bien gouverner avec moi. Pour confirmer l'unité du Val, je propose d'unir votre pupille Harrold Hardyng, héritier de Robert Arryn, à Sansa Stark, qui se trouve en ce moment même sous ma protection. J'attend votre réponse\n\nCordialement,\n[From.GetFirstName] de la maison [From.GetOnlyDynastyName], lord d'Harrenhal et lord Protecteur du Val.;;;Mi [Root.GetTitle] [Root.GetFirstName], agradezco vuestro apoyo y el de los demás Señores Recusadores, os puedo asegurar que el Valle será bien gobernado conmigo. Para confimar la unidad del Valle, propongo unir a vuestro pupilo Harrold Hardyng, heredero de Robert Arryn, con Sansa Stark, que se encuentra en este momento bajo mi protección. Espero vuestra respuesta\n\nCordialmente,\n[From.GetFirstName] de la casa [From.GetOnlyDynastyName], Señor de Harrenhal y Protector del Valle.;;;;;;;;;x
EVTOPTAfeast_for_crows.21;Yes, the Vale and the north shall unite;Le Val et le Nord doivent s'unir;;;Sí, el Valle y el Norte deben unirse;;;;;;;;;x
EVTOPTBfeast_for_crows.22;No, the Starks are disgraced;Non, les Stark ne sont plus rien;;;No, los Stark no son nadie;;;;;;;;;x
EVTDESCfeast_for_crows.24;[Root.PrimaryTitle.GetFOA], I thank you for your generous offer. I shall of course accept, and agree to betroth Lady Sansa and Ser Harrold at once. I am sure once the match is made public the Lords of the Vale will rally to her claim, and in doing so will unite The Vale and the North.\n\nYours,\n[From.GetTitle] [From.GetFirstName] of House [From.GetOnlyDynastyName];[Root.PrimaryTitle.GetFOA], je vous remercie pour votre offre généreuse. Je donne bien entendu mon accord pour les fiançailles de lady sansa et de ser Harrold. Je suis sûr que lorsque l'évènement sera rendu public, les lords du Val se rallieront à leur revendication et ne manqueront pas de se battre pour unir le Val et le Nord.\n\nCordialement,\n[From.GetTitle] [From.GetFirstName] de la maison [From.GetOnlyDynastyName];;;[Root.PrimaryTitle.GetFOA], os agradezco vuestra generosa oferta. Doy mi visto bueno al acuerdo para el compromiso de Sansa Stark y Harrold Hardyng. Estoy seguro que cuando el evento se haga público, los señores del Valle se unirán a  su reivindicación y lucharán para unir El Valle y el Norte.\n\nCordialmente,\n[From.GetTitle] [From.GetFirstName] de la casa [From.GetOnlyDynastyName];;;;;;;;;x
EVTDESCfeast_for_crows.25;[Root.PrimaryTitle.GetFOA], I am afraid I cannot accept your offer, the girl's House is far to broken and disgraced to marry my ward, my ward who is heir to the Vale no less.\n\nRegards,\n[From.GetTitle] [From.GetFirstName] of House [From.GetOnlyDynastyName];[Root.PrimaryTitle.GetFOA], j'ai bien peur de ne pouvoir accepter votre offre. La maison de la jeune fille et bien trop brisée et disgrâciée pour qu'elle puisse obtenir la main de mon pupille qui reste l'hériter du Val.\n\nCordialement,\n[From.GetTitle] [From.GetFirstName] de la maison [From.GetOnlyDynastyName];;;[Root.PrimaryTitle.GetFOA], me temo que no puedo aceptar vuestra oferta. La casa de la joven chica es demasiado desgraciada para que ella pueda obtener la mano de mi pupilo, que es el heredero del Valle.\n\nCordialmente,\n[From.GetTitle] [From.GetFirstName] de la casa [From.GetOnlyDynastyName];;;;;;;;;x
EVTOPTBfeast_for_crows.25;Fine, I'll marry her then;Bien, je vais donc me marier moi-même avec elle.;;;Bien, yo mismo me casaré con ella.;;;;;;;;;x
EVTOPTCfeast_for_crows.25;I shall think on this for a while;Je vais devoir à réfléchir à tout cela.;;;Debo reflexionar sobre todo esto.;;;;;;;;;x
reveal_sansa;Reveal Sansa Stark;Révéler l'identité de Sansa Stark;;;Revelar la identidad de Sansa Stark;;;;;;;;;x
reveal_sansa_desc;Sansa Stark, the girl wanted for questioning about King Joffrey's murder, is hidden under your care. When the time is right you can reveal her, and in doing so enforce her claim on the North.;Sansa Stark, la fille recherchée dans l'affaire du meurtre du roi Joffrey, est sous votre protection, cachée au reste du monde. Lorsque le temps sera venu, vous pourrez révéler son identité et ainsi appuyer ses revendication sur le Nord.;;;Sansa Stark, la joven desaparecida desde el asunto de la muerte del Rey Joffrey, está bajo tu protección, oculta al resto del mundo. Cuando llegue el momento, podrás revelar su identidad y así apoyar su reivindicación al Norte.;;;;;;;;;x
TOOLTIPfeast_for_crows.26;Sansa shall be revealed to the world;L'identité de Sansa doit être révélée à tous.;;;La identidad de Sansa será revelada para todo el mundo;;;;;;;;;x
EVTDESCfeast_for_crows.27;[Root.PrimaryTitle.GetFOA], we have received word that the suspected traitor Sansa Stark has been found. She apparently has been in the care of [FromFrom.GetTitle] [FromFrom.GetFirstNameWithDynasty] since she vanished after King Joffrey's murder. She has now been revealed by [FromFrom.GetTitle]  [FromFrom.GetFirstName], who no doubts has ambitions on the North.;[Root.PrimaryTitle.GetFOA], nous avons été informé que la traîtresse supposée, Sansa Stark, a été retrouvée. Elle semble avoir été sous la protection de [FromFrom.GetTitle] [FromFrom.GetFirstNameWithDynasty] depuis sa fuite après l'assassinat du roi Joffrey. Son identité vient d'être révélée par [FromFrom.GetTitle] [FromFrom.GetFirstName], qui a sans aucun doute des vues sur le Nord. ;;;[Root.PrimaryTitle.GetFOA], hemos sido informados de que la supuesta traidora, Sansa Stark, ha sido encontrada. Parece que ha estado bajo la protección de [FromFrom.GetTitle] [FromFrom.GetFirstNameWithDynasty] tras su huida después del asesinato del Rey Joffrey. Su identidad ha sido revelada por [FromFrom.GetTitle] [FromFrom.GetFirstName], que al parecer tiene ambiciones sobre el Norte. ;;;;;;;;;x
EVTOPTAfeast_for_crows.27;As her husband I will honour her claim;En tant que son mari, je vais appuyer ses revendications.;;;Como su marido, apoyaré su reclamación.;;;;;;;;;x
TOOLTIPfeast_for_crows.23;Lady Sansa and Ser Harrold will be secretly betrothed;Lady Sansa et ser Harrold vont être secrètement fiancés.;;;Sansa Stark y Harrold Hardyng se prometerán en secreto.;;;;;;;;;x
EVTOPTCfeast_for_crows.58;I am already Queen;Je suis déjà reine.;;;Ya soy Reina.;;;;;;;;;x
EVTNAMEdance_of_dragons.1;The Dance of the Dragons;La Danse des Dragons;;;La Danza de los Dragones;;;;;;;;;x
TOOLTIPdance_of_dragons.8;[This.GetTitledFirstName] will fly to Storm's End to treat with Lord Baratheon;[This.GetTitledFirstName] va voler jusqu'à Accalmie pour traiter avec lord Baratheon;;;[This.GetTitledFirstName] volará hasta Bastión de Tormentas para tratar con Lord Baratheon;;;;;;;;;x
EVTDESCdance_of_dragons.9;The realm is on the brink of war, both Aegon and Rhaenyra Targaryen have crowned themself after the death of Viserys I, and they both send envoys to me to ask for support. Aemond Targaryen has arrived on the back of the mighty Vhagar, and offers to marry one of my daughters if I were to support Aegon. But Lucerys Velaryon, son of Rhaenyra, has also arrived on Dragonback. He and Aemond almost come to blows on the yard, but my guards keep them apart. I will not have bloodshed under my roof.\nLucerys comes bearing a letter from Rhaenyra, she reminds me of the oath of allegiance my father swore to her, and bids I honour this and back her claim to the Iron Throne. After considering this I ask this boy which of my daughters he might wed if I do his mother's bidding. He blushes and says he is not free to marry and is betrothed to his cousin, I thought as much...;Le royaume est au bord de la guerre. Après la mort du roi Viserys, Aegon et Rhaenyra Targaryen se sont tous les deux couronnés et maintenant ils m'envoient leurs émissaires pour me demander mon aide. Aemond Targaryen est arrivé sur le dos du puissant Vhagar, et m'a offert sa promesse d'épouser l'un des mes filles si je venais à soutenir Aegon. Mais Lucerys Velaryon, le fils de Rhaenyra, est également arrivé, monté sur un dragon. Les deux princes ont presque faillit se battre mais mes gardes se sont interposés. Je ne tolèrerai pas qu'on verse le sang sous mon toit.\nLucerys est le porteur d'une lettre de Rhaenyra, elle me rappelle le voeu d'allégeance de mon père envers elle et espère que je m'en souviendrai lorsqu'il faudra apporter mon soutien à sa cause. Après avoir lu la lettre, j'ai demandé au garçon laquelle de mes filles il serait prêt à épouser en échange de mon soutien. Il a rougi et a dit qu'il n'était pas libre de se marier, qu'il était fiancé à sa cousine. Je m'en doutais...;;;El Reino está al borde de la guerra. Tras la muerte del Rey Viserys, Aegon y Rhaenyra Targaryen se coronaron y me han enviado a sus emisarios para pedir mi ayuda. Aemond Targaryen ha llegado a lomos del poderoso Vhagar, y ha prometido casarse con una de mis hijas si apoyaba a Aegon. Pero Lucerys Velaryon, el hijo de Rhaenyra, también ha llegado, montado sobre su dragón Arrax. Los dos príncipes estuvieron a punto de pelearse pero mis guardias se interpusieron. No toleraré que se derrame sangre bajo mi techo.\nLucerys es el portador de una carta de Rhaenyra, donde me recuerda el juramento de lealtad de mi padre hacia ella para que aporte mi apoyo a su causa. Tras leer la carta, le pregunté al joven muchacho con cual de mis hijas estaría dispuesto a desposarse a cambio de mi apoyo. Se sonrojó y dijo que no podía casarse, que estaba comprometido con su prima Rhaena. No se que hacer...;;;;;;;;;x
EVTOPTAdance_of_dragons.9;No matter, I will honour my father's oath;Ce n'est pas grave, je vais honorer le vœu de mon père. ;;;No es grave, honraré el juramento de mi padre. ;;;;;;;;;x
EVTOPTBdance_of_dragons.9;The Lord of Storm's End is not a dog to be whistled up!;Le seigneur d'Accalmie n'est pas un chien que l'on peut appeler en sifflant!;;;El Señor de Bastión de Tormentas no es un perro al que se le llama de un silbido!;;;;;;;;;x
EVTDESCdance_of_dragons.10;All thought Lucerys' mission to Storm's End would be simple, however Aemond Targaryen was also present. After being rebuffed by Lord Baratheon, Lucerys was persued by Aemond and slain over Shipbreaker Bay. This cannot go unavenged, this war of ravens ends now. Prince Daemon has also vowed to avenge Prince Lucerys, proclaiming: 'An eye for an eye, a son for a son'. ;Tout le monde pensait que la mission de Lucerys à Accalmie serait simple, cependant Aemond Targaryen s'y trouvait également. Après la rebuffade de lord Baratheon, Lucerys a été poursuivi par Aemond jusqu'à la Baie des Naufrageurs où il a été tué. Un tel acte ne peut rester impuni, la guerre des corbeaux est terminée. Le prince Daemon a juré de venger le prince Lucerys: 'Oeil pour oeil, fils pour fils'.;;;Todos pensaban que la misión de Lucerys en Bastión de Tormentas sería simple, sin embargo Aemond Targaryen también se encontraba allí. Tras el rechazo de Lord Baratheon, Lucerys fue perseguido por Aemond hasta la Bahía de los Naufragios donde murió. Cuando la noticia de su muerte llegó a Rocadragón, su madre se derrumbó, su hermano Joffrey juró venganza contra Aemond y Lord Borros, y Daemon Targaryen envió cartas desde Harrenhal con dos mensajes: 'Un ojo por un ojo, un hijo por un hijo' y 'Lucerys será vengado';;;;;;;;;x
EVTOPTAdance_of_dragons.10;My poor son...;Mon pauvre fils…;;;Mi pobre hijo…;;;;;;;;;x
EVTNAMEdance_of_dragons.12;A Son for a Son;Un fils pour un fils.;;;Un hijo por un hijo.;;;;;;;;;x
EVTDESCdance_of_dragons.12;Prince Aemond's killing of Lucerys Velaryon was a severe provacation, and Prince Daemon has not hesitated in retaliating. He sent two of his men, two gutter rats, to infiltrate the Red Keep, where I was sleeping. They captured me and my family and forced my mother to choose which one of us to kill. She picks my brother, but, in a cruel jape, the men proceeded to strike off my head instead.;Le meurtre de Lucerys Velaryon par le prince Aemond était une sévère provocation et le prince Daemon n'a pas hésité à répliquer. Il a envoyé deux de ses hommes, deux rats de gouttières, qui se sont infiltrés dans le Donjon Rouge où je dormais. Ils m'ont capturé ainsi que ma famille et forcé ma mère à choisir lequel d'entre nous devait mourir. Elle a choisi mon frère mais, lui jouant une farce cruelle, les deux hommes l'ont laissé tranquille et m'ont tranché la tête.;;;La muerte de Lucerys Velaryon a manos del Príncipe Aemond fue una gran provocación que el Príncipe Daemon no ha dudado en responder. Ha enviado dos de sus hombres, dos ratas de alcantarilla, que se han infiltrado en la Fortaleza Roja donde duermo. Me han capturado junto a mi familia y forzaron a mi madre a elegir cual de nosotros debería morir. Ella escogió a mi hermano pero, gastándole una broma pesada, lo dejaron tranquilo y me cortaron la cabeza.;;;;;;;;;x
EVTOPTAdance_of_dragons.12;Arrrgh!;Arrrgh !;;;Arrrgh!;;;;;;;;;x
EVTDESCdance_of_dragons.13;Prince Aemond's killing of Lucerys Velaryon was a severe provacation, and Prince Daemon has not hesitated in retaliating. He sent two of his men, two gutter rats, to infiltrate the Red Keep, where [From.GetTitledFirstName] was sleeping. They captured [From.GetHerHim] and [From.GetHerHis] family and forced [From.GetHerHis] mother to choose which one of them to kill. She picked the younger brother, but, in a cruel jape, the men proceeded to strike off [From.GetFirstName]'s head instead.;Le meurtre de Lucerys Velaryon par le prince Aemond était une sévère provocation et le prince Daemon n'a pas hésité à répliquer. Il a envoyé deux de ses hommes, deux rats de gouttières, qui se sont infiltrés dans le Donjon Rouge, où [From.GetTitledFirstName] dormait. Ils l'ont capturé ainsi que sa famille et forcé sa mère à choisir lequel de ses enfants devait mourir. Elle a choisi le plus jeune frère mais, lui jouant une farce cruelle, les deux hommes ont laissé tranquille le jeune prince et ont tranché la tête de [From.GetFirstName].;;;La muerte de Lucerys Velaryon a manos del Príncipe Aemond fue una gran provocación que el Príncipe Daemon no ha dudado en responder. Ha enviado dos de sus hombres, dos ratas de alcantarilla, que se han infiltrado en la Fortaleza Roja , donde [From.GetTitledFirstName] duerme. Lo capturaron junto a su familia y forzaron a su madre a elegir cual de sus hijos debería morir. Ella escogió al más joven pero, gastándole una broma pesada, lo dejaron tranquilo y le cortaron la cabeza a [From.GetFirstName].;;;;;;;;;x
EVTOPTAdance_of_dragons.13;Kinslayer! We will have blood!;Parricide ! Le sang va couler !;;;Matasangre! Correrá la sangre!;;;;;;;;;x
EVTDESCdance_of_dragons.14;Prince Aemond's killing of Lucerys Velaryon was a severe provacation, and Prince Daemon has not hesitated in retaliating. He sent two of his men to infiltrate the Red Keep, where [From.GetTitledFirstName] was sleeping. They captured [From.GetHerHim] and [From.GetHerHis] family and forced [From.GetHerHis] mother to choose which one of them to kill. She picked the younger brother, but, in a somehwat cruel manner, the men proceeded to strike off [From.GetFirstName]'s head instead.;Le meurtre de Lucerys Velaryon par le prince Aemond était une sévère provocation et le prince Daemon n'a pas hésité à répliqué. Il a envoyé deux de ses hommes infiltrer le Donjon Rouge, où [From.GetTitledFirstName] dormait. Ils l'ont capturé ainsi que sa famille et forcé aa mère à choisir lequel de ses enfants devait mourir. Elle a choisi le plus jeune frère mais, lui jouant une farce cruelle, les deux hommes ont laissé tranquille le jeune prince et ont tranché la tête de [From.GetFirstName].;;;La muerte de Lucerys Velaryon a manos del Príncipe Aemond fue una gran provocación que el Príncipe Daemon no ha dudado en responder. Ha enviado dos de sus hombres, dos ratas de alcantarilla, que se han infiltrado en la Fortaleza Roja , donde [From.GetTitledFirstName] duerme. Lo capturaron junto a su familia y forzaron a su madre a elegir cual de sus hijos debería morir. Ella escogió al más joven pero, gastándole una broma pesada, lo dejaron tranquilo y le cortaron la cabeza a [From.GetFirstName].;;;;;;;;;x
EVTOPTAdance_of_dragons.14;It is done, Lucerys is avenged;C'est fait, Lucerys est vengé.;;;Está hecho, Lucerys ha sido vengado.;;;;;;;;;x
EVTNAMEdance_of_dragons.15;Riot of King's Landing;Emeute de Port-Réal;;;Disturbios en Desembarco del Rey;;;;;;;;;x
EVTDESCdance_of_dragons.15;This war has dragged on, and the people of the city have risen in bloody riot. They are driven by panic and fear of Dragons falling on the city and burning them all. The Gold cloaks cannot keep control and eventually many gates and hills fall to [Root.GetPeasantNamePlural]. One such man, a Ser Perkin, has crowned his squire Trystane King, declaring him son of the late Viserys I.;Cette guerre a trop duré, les habitants de la ville se sont révoltés. Les émeutes sont la conséquence directe de la peur panique des dragons et de leurs ravages. Les Manteaux d'or ne peuvent contrôler la foule et les portes ainsi que les collines tombent les unes après les autres. L'un des émeutiers, ser Perkin, a couronné son écuyer Trystane, proclamant à qui voulait l'entendre qu'il était le fils du roi Viserys.;;;Esta guerra ha durado demasiado, los habitantes de la ciudad se han sublevado. Los disturbios son la consecuencia directa del miedo y el pánico a los dragones y sus estragos. Los Capas Doradas no pueden controlar la muchedumbre y las puertas y las colinas caen unas tras otras. Uno de los sublevados, Ser Perkin, ha coronado a su escudero Trystane, proclamándolo Rey e hijo bastardo del Rey Viserys.;;;;;;;;;x
EVTOPTAdance_of_dragons.15;Madness;Folie;;;Locura;;;;;;;;;x
TOOLTIPfeast_for_crows.52;[This.PrimaryTitle.GetName] will join you;[This.PrimaryTitle.GetName] va vous rejoindre;;;[This.PrimaryTitle.GetName] se te unirá;;;;;;;;;x
EVTDESCfeast_for_crows.202;Mance Rayder's son, the infant dubbed the wildling prince, is surely in danger from Mellisandre, who would want to burn him for his king's blood. If I were to send him south with Sam and Gilly disguised as their bastard child, and keep Gilly's newborn child here at the Wall, the child could be spared such suffering.;Le fils de Mance Ryder est sûrement menacé par Mélisandre qui veut le brûler, lui et son sang de roi. Si j'échangeais l'enfant avec celui de Vère, je pourrais le sauver en l'envoyant au sud avec Sam et sa mère.;;;El hijo de Mance Ryder, el príncipe salvaje, está amenazado por Melisandre que quiere quemarlo por su sangre real. Si pudiera enviarlo al sur con Sam y Elí haciéndolo pasar como su hijo bastardo, manteniendo al niño de Elí aquí en el Muro, podría salvar al niño de tal cruel destino.;;;;;;;;;x
EVTOPTAfeast_for_crows.202;Yes, it must be done;Oui, cela doit être fait.;;;Sí, debe hacerse.;;;;;;;;;x
EVTOPTBfeast_for_crows.202;Stannis would not approve;Stannis n'approuverait pas.;;;Stannis no lo aprobaría.;;;;;;;;;x
TOOLTIPfeast_for_crows.203;The wildling prince will be sent south with Sam and be left his father at Horn Hill, disguised as his bastard child with Gilly.;Le prince sauvageon sera envoyé au sud avec Sam et sera placé à Corcolline avec Vère où il passera pour le fils bâtard de Samwell.;;;El príncipe salvaje será enviado al sur con Sam y será llevado junto a Elí a Colina Cuerno donde se criará como el hijo bastardo de Samwell.;;;;;;;;;x
TOOLTIPfeast_for_crows.204;Gilly's babe will be left here and disguised as the wildling prince, Mance Rayder's son.;L'enfant de Vère sera laissé ici et prendra l'identité du prince sauvageon, le fils de Mance Rayder.;;;El hijo de Elí se quedarña aquí y tomará la identidad del prínicpe salvaje, el hijo de Mance Rayder.;;;;;;;;;x
enforce_victory_AFFC;Enforce Victory;Décréter la victoire;;;Imponer la victoria;;;;;;;;;x
enforce_victory_AFFC_desc;Enforce Victory;Décréter la victoire;;;Imponer la victoria;;;;;;;;;x
EVTOPTFfeast_for_crows.57;These mongrel Valyrians will bend the knee to me;Ces bâtards de Valyriens devront ployer le genou.;;;Estos mestizos valyrios doblarán la rodilla.;;;;;;;;;x
EVTDESCfeast_for_crows.580;Queen Daenerys Stormborn, Breaker of Chains, has completed her conquest of Slaver's Bay, eradicating slavery in the process. Now, rather than return to her home in Westeros, she has chosen to remain in Meereen and rule the area as the new Empress of Ghiscar, taking all defeated cities into her new realm.;La reine Daenerys du Typhon, la Briseuse de chaines, a achevé sa conquête de la Baie des Serfs, mettant fin, dans la foulée, à l'esclavage. Désormais, au lieu de s'en retourner chez elle à Westeros, elle a décidé de rester à Meereen et de gouverner la région en tant que nouvelle Impératrice du Pays de Ghis qui comprend toutes les cités qu'elle a vaincues.;;;La Reina Daenerys de la Tormenta, Rompedora de Cadenas, ha completado su conquista de la Bahía de los Esclavos, poniendo fin a la esclavitud. Ahora, en vez de regresar a su casa de Poniente, ha decidido quedarse en Meereen y gobernar la región como nueva Emperatriz de Ghiscar incluyendo en su nuevo Imperio las ciudades que ha conquistado.;;;;;;;;;x
EVTOPTAfeast_for_crows.580;The silver haired savage should go home;La sauvage aux cheveux d'argent devrait rentrer chez elle.;;;La salvaje de pelo plateado debería regresar a su casa.;;;;;;;;;x
EVTDESCfeast_for_crows.600;I have claimed the Iron Throne which is mine by rights.  Now it is time to deal with the real threat, I will summon all leal lords to ride north with me and do battle with our true enemy.;J'ai récupéré le Trône de fer qui m'appartient de droit. Maintenant il est temps d'affronter la véritable menace, je vais demander à tous les lords de me suivre au nord pour combattre notre véritable ennemi.;;;He recuperado el Trono de Hierro, el cual me pertenecía por derecho. Ahora es el momento de afrontar la verdadera amenaza, pediré a todos los señores que me sigan al Norte para combatir a nuestro verdadero enemigo.;;;;;;;;;x
EVTOPTAfeast_for_crows.600;To save the kingdom.;Pour sauver le royaume.;;;Para salvar al Reino.;;;;;;;;;x
claim_stormlands_ACOK;War for The Stormlands;Guerre pour les Terres de l'Orage;;;Guerra por las Tierras de la Tormenta;;;;;;;;;x
WAR_NAME_claim_stormlands_ACOK;$CLAIMANT$'s$ORDER$ War for $OTHER_TITLE$;$ORDER$ Guerre de $CLAIMANT$ pour $OTHER_TITLE$;;;$ORDER$ Guerra de $CLAIMANT$ por $OTHER_TITLE$;;;;;;;;;x
EVTDESCaegons_landing.9000;The Freehold of Valyria at the zenith of its power had neither a king nor an emperor. Instead, all freeholders had a say in its governance. In practice, however, the Freehold was ruled by the Lords Freeholder, powerful noble families who rode dragons into battle. Perhaps I should give up my crown as [Root.GetTitle] and instead revive this tradition?;Les Possessions de Valyria, au zénith de leur puissance, n'ont jamais eu de roi ou d'empereur. Tous les Possessionnés pouvaient avoir leur mot à dire. En pratique cependant, les Possessions étaient gouvernées par les seigneurs dragons, de puissantes familles nobles qui montaient des dragons à la guerre. Peut-être devrais-je abandonner ma couronne de [Root.GetTitle] et faire revivre cette tradition ? ;;;El Feudo Franco de Valyria, en el cénit de su poder, no fue un imperio o un reino, sino una agrupación de feudos autónomos. En la práctica, sin embargo, el Feudo fue gobernado por los Señores Dragón, cuarenta poderosas familias de gran riqueza, alta cuna y una fuerte capacidad de hechicería, siendo las familias que controlaban y montaban dragones en la batalla. Tal vez debería abandonar mi corona de [Root.GetTitle] y restaurar esta tradición?;;;;;;;;;x
EVTOPTAaegons_landing.9000;Yes, we shall all have a say;Oui, nous avons tous notre mot à dire.;;;Sí, todos hemos de tener voz.;;;;;;;;;x
TOOLTIPaegons_landing.9000;The Freehold is revived under a new merchant republic, with all valyrian families joining House Targaryen in it's governance.\n[Root.GetTitledFirstName] is declared Archon for Life. All successors will serve five year terms.;Les Possessions renaissent sous la forme d'une nouvelle république marchande, toutes les familles valyriennes rejoignent la maison Targaryen pour gouverner.\n\n;;;El Feudo Franco renace bajo la forma de una nueva república mercante, todas las familias valyrias se unen a la casa Targaryen para gobernar.\n\n;;;;;;;;;x
opinion_revived_freehold;Revived the Freehold;A fait renaître les Possessions;;;Ha refundado el Feudo Franco;;;;;;;;;x
EVTOPTBaegons_landing.90;No, I am the rightful [Root.GetTitle]!;Non, je suis le(a) [Root.GetTitle] légitime !;;;No, yo soy el [Root.GetTitle] legítimo!;;;;;;;;;x
EVTDESCrogue_prince.2;My brother Daemon is ever ambitious, and is seemingly impatient for a crown. He has allied with Corlys Velaryon to remove The Three Daughters from The Stepstones, so as to stop their wanton piracy. Perhaps I should help with funds from the treasury? The lords of the Narrow Sea would surely appreciate this action against piracy.;Mon frère Daemon est toujours ambitieux et semble impatient d'obtenir une couronne. Il s'est allié avec Corlys Velaryon pour expulser les Trois Filles des Degrés de Pierre our mettre fin à leur piraterie injustifiée. Peut-être devrais-je l'aider en financant son expédition ? Les seigneurs du Détroit apprécieront sûrement ce geste contre la piraterie.;;;Mi hermano Daemon es siempre ambicioso y parece ansioso por una corona. Se ha aliado con Corlys Velaryon para expulsar a las Tres Hijas de los Peldaños de Piedra para poner fin a su piratería injustificada. Tal vez debería ayudarle financiando su expedición? Los Señores del Mar Angosto apreciarán este gesto contra la piratería.;;;;;;;;;x
EVTOPTArogue_prince.2;Let Daemon play at war. It keeps him out of trouble;Oui, je vais lui envoyer de l'argent.;;;Sí, le enviaré dinero.;;;;;;;;;x
EVTOPTBrogue_prince.2;No, I will not aid these rogue actions;Non, je ne vais pas prêter main forte à cette action inconsidérée.;;;No, no contribuiré a estas pícaras acciones.;;;;;;;;;x
EVTDESCrogue_prince.3;My dear brother, I applaud your campaign against the predations of the Three Daughters. I bid you every success. To aid in this I am sending you funds from the treasury, and granting you the blessing of my council.\n\nYours,\n[From.GetFirstName];Mon cher frère, j'applaudis ta campagne contre les Trois Filles. Je te souhaite d'être victorieux. Pour t'aider à accomplir ce grand projet, je t'envoie ces fonds, et je t'accorde la bénédiction de mon conseil.\n\nCordialement,\n[From.GetFirstName];;;Mi querido hermano, aplaudo tu campaña contra las Tres Hijas. Deseo que salgas victorioso. Para ayudarte a cumplir este gran proyecto, te envío estos fondos, y te concedo la bendición de mi Consejo.\n\nCordialmente,\n[From.GetFirstName];;;;;;;;;x
EVTOPTArogue_prince.3;It is a crown I want;C'est une couronne que je veux.;;;Es una corona lo que quiero.;;;;;;;;;x
EVTDESCrogue_prince.5;[Root.PrimaryTitle.GetFOA], [From.PrimaryTitle.GetName] is under attack from Daemon Targaryen and is need of aid. We implore you to join our coalition against our common enemy, so that the independent interests of both Dorne and The Triarchy can endure.\n\nSigned,\nThe High Council of The Triarchy;[Root.PrimaryTitle.GetFOA], [From.PrimaryTitle.GetName] est attaqué par Daemon Targaryen et a besoin d'aide. Nous vous implorons de rejoindre notre coalition contre notre ennemi commun, il en va de l'intérêt de la Triarchie mais également de l'indépendance de Dorne.\n\nSigné,\nLe Haut Conseil de la Triarchie;;;[Root.PrimaryTitle.GetFOA], [From.PrimaryTitle.GetName] ha sido atacado por Daemon Targaryen y necesita ayuda. Os ruego que os unáis a nuestra coalición contra nuestro enemigo común, vuestra ayuda nos vendría a la Triarquía muy bien, pero también ayudaría a consolidar la independencia de Dorne.\n\nFirmado,\nEl Alto Consejo de la Triarquía;;;;;;;;;x
EVTDESCrogue_prince.6;[Root.PrimaryTitle.GetFOA] [Root.GetTitledFirstName], [From.PrimaryTitle.GetName] shall of course answer [Root.PrimaryTitle.GetName]'s call, we shall ride forth immediately and help you strike down the Targaryens.\n\nYours,\n[From.GetTitledFirstNameWithDynasty] of [From.PrimaryTitle.GetName] ;[Root.PrimaryTitle.GetFOA] [Root.GetTitledFirstName], [From.PrimaryTitle.GetName] répondra bien entendu à l'appel de [Root.PrimaryTitle.GetName], nous allons nous mettre en route immédiatement pour vous aider à vaincre les Targaryens.\n\nCordialement,\n[From.GetTitledFirstNameWithDynasty] de [From.PrimaryTitle.GetName] ;;;[Root.PrimaryTitle.GetFOA] [Root.GetTitledFirstName], [From.PrimaryTitle.GetName] responderá a la llamada de [Root.PrimaryTitle.GetName], nos pondremos en camino de inmediato para ayudaros a vencer a los Targaryen.\n\nCordialmente,\n[From.GetTitledFirstNameWithDynasty] de [From.PrimaryTitle.GetName] ;;;;;;;;;x
EVTDESCrogue_prince.7;[Root.PrimaryTitle.GetFOA], we have received word from [From.PrimaryTitle.GetName]. [From.GetTitledFirstName] has led them to join a coalition in defence of [FromFrom.PrimaryTitle.GetName], and have issued a declaration of war against us.;[Root.PrimaryTitle.GetFOA], nous avons reçu des nouvelles en provenance de [From.PrimaryTitle.GetName]. [From.GetTitledFirstName] a rejoint une coalition pour défendre [FromFrom.PrimaryTitle.GetName], et nous a déclaré la guerre.;;;[Root.PrimaryTitle.GetFOA], hemos recibido noticias provenientes de [From.PrimaryTitle.GetName]. [From.GetTitledFirstName] se ha unido a una coalición para defender [FromFrom.PrimaryTitle.GetName], y nos ha declarado la guerra.;;;;;;;;;x
EVTDESCrogue_prince.9;My friend Daemon Targaryen has managed to consolidate his rule over the Stepstones, greatly diminishing the threat of piracy there. The Three Daughters remain strong however, still threatening the shipping of the Narrow Sea. Perhaps I should offer my fleet to King Daemon so he can finally crush this alliance?;Mon ami Daemon Targaryen est parvenu à consolider sa mainmise sur les Degrés de Pierre, diminuant ainsi la menace pirate. Les Trois Filles restent pourtant puissantes et menacent toujours la navigation dans le Détroit. Peut-être devrais-je offrir ma flotte au roi Daemon pour qu'il puisse écraser une bonne fois pour toute cette alliance ?;;;Mi amigo Daemon Targaryen ha logrado consolidar su control sobre los Peldaños de Piedra, disminuyendo así la amenaza de los piratas. Las Tres Hijas se mantienen fuertes y amenazan la navegación y el comercio en el Mar Angosto. Tal vez debería ofrecer mi flota al Rey Daemon para que pueda aplastar de una vez por todas a esta alianza?;;;;;;;;;x
EVTOPTArogue_prince.9;Together we will rule the Narrow Sea;Ensemble nous allons régner sur le Détroit;;;Juntos reinaremos sobre el Mar Angosto;;;;;;;;;x
EVTOPTBrogue_prince.9;This is nothing to do with me now;Cela ne me concerne plus désormais;;;Esto ya no me concierne;;;;;;;;;x
TOOLTIProgue_prince.10;You offer King Daemon a fleet in exchange for 100¤;Vous offrez une flotte au roi Daemon en échange de 100¤;;;Ofreces una flota al Rey Daemon a cambio de 100¤;;;;;;;;;x
EVTDESCrogue_prince.10;My rule in The Stepstones has been firmly established, the acts of piracy have greatly diminished. The Three Daughters remain strong however, and my friend Corlys Velaryon is offering the aid of his fleet in finally crushing this alliance. Perhaps I should take this opportunity to expand my domains?;Ma mainmise sur les Degrés de Pierre a été fermement établie, les actes de pirateries ont grandement diminués. Les Trois Filles restent toutefois puissantes et mon ami Corlys Velaryon m'offre l'aide de sa flotte pour écraser cette alliance une bonne fois pour toute. Peut-être devrais-je saisir cette opportunité d'étendre mes domaines ?;;;He consolidado firmemente mi control sobre los Peldaños de Piedra, los actos de piratería han disminuido considerablemente. Las Tres Hijas se mantienen fuertes y mi amigo Corlys Velaryon me ha ofrecido la ayuda de su flota para aplastar esta alianza de una vez por todas. Tal vez debería aprovechar esta oportunidad para extender mis dominios?;;;;;;;;;x
EVTOPTArogue_prince.10;I claim The Disputed Lands and The Narrow Sea!;Je revendique les Terres Disputées et le Détroit !;;;Reclamo las Tierras de la Discordia y el Mar Angosto!;;;;;;;;;x
EVTOPTBrogue_prince.10;I shall bide my time;J'attendrai mon heure.;;;Esperaré mi oportunidad.;;;;;;;;;x
TOOLTIPBLACKFYRECBBASTARD;Daeron Waters and all his descendents shall hereby be known as the illegitimate offspring of Queen Naerys and her brother Ser Aemon Targaryen.\n;Daeron Waters et tous ses descendants seront désormais connus comme les enfants illégitimes de la reine Naerys et de son frère Aemon Targaryen.\n;;;Daeron Mares y todos sus descendientes serán conocidos como hijos ilegítimos de la Reina Naerys y de su hermano Aemon Targaryen.\n;;;;;;;;;x
EVTDESCfeast_for_crows.29;My brother Robb and his fellow Northmen were outrageously murdered by the Freys at the Red Wedding, this is despite having guest right. This dishonourable action has brought the scorn and disgust of House Stark and the entire North upon the Freys.;Mon frère Robb et ses Nordiens ont été ignominieusement assassinés par les Frey lors des Noces pourpres, au mépris des lois de l'hospitalité. Après un tel acte abominable, les Frey sont détestés par la maison Stark et l'ensemble du Nord.;;;Mi hermano Robb y sus norteños fueron asesinados ignominiosamente por los Frey durante la Boda Roja, despreciando las leyes de la hospitalidad. Tras tal abominable acto, los Frey serán detestados por la casa Stark y todo el Norte.;;;;;;;;;x
EVTOPTAfeast_for_crows.29;The North remembers;Le Nord se souvient.;;;El Norte recuerda.;;;;;;;;;x
EVTDESCfeast_for_crows.29B;Robb Stark dishonoured me by breaking his solemn oath of betrothal, so it was only just that I followed the orders of the rightful King of the Seven Kingdoms and eliminated the threat of the Northmen at Edmure Tully's wedding. People call it the Red Wedding, and say my house have incurred the wrath of The Gods, but I only did what is neccessary.;Robb Stark m'a déshonoré en brisant ses fiancailles, aussi était-il juste que je suive les ordres du légitime roi des Sept Couronnes et que j'élimine la menace nordienne lors du mariage d'Edmure Tully. Les gens l'appellent les noces pourpres et disent que ma maison encourre le courroux des dieux, mais je n'ai fait que ce qui était nécessaire.;;;Robb Stark me ha deshonrado rompiendo los esponsales, así, es justo que siga las órdenes del legítimo rey de los Siete Reinos y que elimine la amenaza norteña durante la boda de Edmure Tully. La gente la llama la boda roja y dicen que mi casa se ha expuesto a la cólera de los dioses, pero he hecho lo que era necesario.;;;;;;;;;x
EVTOPTAfeast_for_crows.29B;I demand respect for House Frey!;J'exige qu'on respecte la maison Frey !;;;Exijo respecto a la casa Frey!;;;;;;;;;x
TOOLTIPbaelish_mockingbird;House Baelish shall take the Mockingbird as its new sigil.\n;La maison Baelish adoptera le geais moqueur comme son nouvel emblème.\n;;;La casa Baelish adoptará los sinsontes de plata sobre campo de sinople como su nuevo emblema.\n;;;;;;;;;x
EVTDESCfeast_for_crows.30;My brother Robb and his fellow Northmen were outrageously murdered by the Freys at the Red Wedding with the help of the Lannisters, this is despite having guest right. After all they have done to my family they have brought the scorn and disgust of House Stark and the entire North upon the Lannisters.;Mon frère Robb et ses Nordiens ont été ignominieusement assassinés par les Frey lors des Noces pourpres avec l'aide des Lannister, au mépris des lois de l'hospitalité. Après tout ce qu'ils ont fait à ma famille, les Lannister sont détestés par la maison Stark et l'ensemble du Nord.;;;Mi hermano Robb y sus norteños fueron asesinados ignominiosamente por los Frey durante la Boda Roja con la ayuda de los Lannister, despreciando las leyes de la hospitalidad. Tras todo lo que han hecho a mi familia, los Lannister serán detestados por la casa Stark y todo el Norte.;;;;;;;;;x
EVTOPTAfeast_for_crows.30;The North remembers;Le Nord se souvient.;;;El Norte recuerda.;;;;;;;;;x
EVTDESCfeast_for_crows.30B;Robb Stark is a traitor and he was killed by Walder Frey who was following the orders of the rightful King of the Seven Kingdoms to end the threat of the Northmen at Edmure Tully's wedding. People call it the Red Wedding, and say my house have incurred the wrath of The Gods for our part, but I it was neccessary.;Robb Stark est un traître et il a été tué par Walder Frey qui suivait les ordres du roi légitime des Sept Couronnes pour éliminer la menace nordienne lors du mariage d'Edmure Tully. Les gens les appellent les Noces pourpres et disent que ma maison encourre le courroux des dieux pour son implication dans cette affaire, mais je n'ai fait que ce qui était nécessaire pour ramener la paix dans le royaume.;;;Robb Stark es un traidor y ha sido asesinado por Walder Frey que seguía órdenes del rey legítimo de los Siete Reinos para eliminar la amenza norteña durante la boda de Edmure Tully. La gente la llama la boda roja y dicen que mi casa se ha expuesto a la cólera de los dioses por su implicación en este asunto, pero he hecho lo que era necesario para traer de vuelta la paz al Reino.;;;;;;;;;x
EVTOPTAfeast_for_crows.30B;The traitorous Starks!;Les traîtres Stark !;;;Los traidores Stark!;;;;;;;;;x
EVTDESCconquest_of_dorne.10;It is finally time to finish off what your ancestor Aegon the Conqueror started and take control of the Dornish to fully unite the Seven Kingdoms under Targaryen rule as part of the Iron Throne. They will surely fall against your might!;Il est finalement temps de finir ce qu'a commencé votre ancêtre Aegon le Conquérant et de prendre le contrôle de Dorne pour enfin unir les Sept Couronnes sous la bannière targaryenne. Ils perdront sûrement contre votre puissance !;;;Finalmente ha llegado el momento de acabar lo que empezó vuestro antepasado Aegon el Conquistador y tomar el control de Dorne para unificar los Siete Reinos bajo la bandera Targaryen. Sucumbirán ante tu poder!;;;;;;;;;x
EVTOPTAconquest_of_dorne.10;Fire and Blood!;Feu et Sang !;;;Fuego y Sangre!;;;;;;;;;x
EVTDESCconquest_of_dorne.11;The lands of Dorne are under attack, the young boy Daeron who they call the 'Young Dragon' has decided to attempt to finish off what is ancestor started and unite the Seven Kingdoms. His ancestor had mighty Dragons this young boy is nothing and will also fall like the others.;Les terres de Dorne sont attaquées, le jeune Daeron qu'ils nomment le 'Jeune Dragon' a décidé de tenter de terminer la conquête de son ancêtre et d'unir les Sept Royaumes. Son ancêtre avait de puissants dragons, ce jeune homme n'est rien et échouera comme les autres.;;;Las tierras de Dorne están siendo atacadas, el joven Daeron al que llaman el 'Joven Dragón' ha decidido intentar terminar la conquista de su ancestro y unificar los Siete Reinos. Su ancestro tenía dragones poderosos, este joven muchacho no es nadie y fracasará como los demás.;;;;;;;;;x
EVTOPTAconquest_of_dorne.11;Unbowed, Unbent, Unbroken!;Insoumis, Invaincus, Intacts !;;;Nunca Doblegado, Nunca Roto;;;;;;;;;x
EVTDESCconquest_of_dorne.12;Your liege King Daeron has decided to try and finish off what his ancestor Aegon the Conqueror started and unite the Seven Kingdoms by declaring war on the lands of Dorne. Will he succeed or will he fall likes his ancestor?;Votre seigneur le Roi Daeron a décidé d'essayer de terminer ce que son ancêtre Aegon le Conquérant avait débuté et d'unir les Sept Royaumes en déclarant la guerre à Dorne. Réussira-t-il ou échouera-t-il comme son ancêtre ?;;;Tu Señor el Rey Daeron ha decidido intnetar terminar lo que su ancestro Aegon el Conquistador empezó y unir los Siete Reinos declarando la guerra a Dorne. Tendrá éxito o fracasará como su ancestro?;;;;;;;;;x
EVTOPTAconquest_of_dorne.12;The realm is once again at war;Le royaume est encore une fois en guerre;;;El Reino está una vez más en guerra;;;;;;;;;x
EVTDESCconquest_of_dorne.13;The lands of Dorne are under attack, the young boy Daeron who they call the 'Young Dragon' has decided to attempt to finish off what is ancestor started and unite the Seven Kingdoms. All of the Lords and Ladies of Dorne stand together to fight against the invaders!;Les terres de Dorne sont attaquées, le jeune Daeron qu'ils nomment le 'Jeune Dragon' a décidé de tenter de terminer la conquête de son ancêtre et d'unir les Sept Royaumes. Tous les lords et dames de Dorne sont prêts à combattre l'envahisseur !;;;Las tierras de Dorne están siendo atacadas, el joven Daeron al que llaman el 'Joven Dragón' ha decidido intentar terminar la conquista de su ancestro y unificar los Siete Reinos. Todos los señores de Dorne están preparados para combatir al invasor!;;;;;;;;;x
EVTOPTAconquest_of_dorne.13;Unbowed, Unbent, Unbroken!;Insoumis, Invaincus, Intacts !;;;Nunca Doblegado, Nunca Roto;;;;;;;;;x
EVTDESCconquest_of_dorne.14;You have claimed victory in the war against the Dornishmen, their lands have be conquered and finally united with the rest of the Seven Kingdoms. However many of the Dornish lords are restless and very unhappy with this outcome, perhaps it would be best to appoint someone else as the Lord Paramount of Dorne to maintain order?;Vous êtes arrivé à conclure votre guerre et Dorne a finalement été conquise et est dirigée depuis le Trône de Fer. Néanmoins les Dorniens sont très agités et malheureux à cause de ce résultat, peut-être serait-ce mieux de nommer quelqu'un lord suzerain de Dorne pour maintenir l'ordre ?;;;Has logrado acabar la guerra conquistando Dorne. Sin embargo, los dornienses están muy inquietos y descontentos, tal vez sería mejor nombrar a alguien Señor Supremo de Dorne para mantener el orden?;;;;;;;;;x
EVTOPTAconquest_of_dorne.14;The [old_dorne_holder.GetOnlyDynastyName]s shall have the same rights as the other great lords;Les Dorniens auront les mêmes droits que les autres lords suzerains;;;Los dornienses tendrán los mismos derechos que los demás Señores Supremos;;;;;;;;;x
EVTOPTBconquest_of_dorne.14;The [reach_holder.GetOnlyDynastyName]s shall be the stewards of Dorne;Les Tyrell sont habitués à diriger beaucoup de pays, ils devraient être les intendants de Dorne;;;Los Tyrell están habituados a dirigir muchas regiones, ellos deberían ser los administradores de Dorne;;;;;;;;;x
EVTOPTCconquest_of_dorne.14;The Stormlands share a border, the [stormlands_holder.GetOnlyDynastyName]s shall be overseers;Les Terres de l'Orage partagent une grande frontière avec Dorne, les Baratheon devraient les surveiller;;;Las Tierras de la Tormenta comparten una gran frontera con Dorne, los Baratheon deberían ser los supervisores;;;;;;;;;x
EVTOPTDconquest_of_dorne.14;A [Root.GetOnlyDynastyName] should control them, my [dynasty_holder.GetRootRelation] [dynasty_holder.GetTitledFirstName] shall rule Dorne;Un Targaryen devrait les contrôler, mon oncle Viserys les dirigera;;;Un Targaryen debería controlar Dorne, mi tio Viserys los gobernará;;;;;;;;;x
EVTOPTEconquest_of_dorne.14;I will trust my [courtier_holder.GetRootRelation] [courtier_holder.GetTitledFirstNameWithDynasty] to subdue them;Un Targaryen devrait les contrôler, mon oncle Viserys les dirigera;;;Un Targaryen debería controlar Dorne, mi tio Viserys los gobernará;;;;;;;;;x
EVTOPTFconquest_of_dorne.14;Dorne shall be directly ruled from [Root.Capital.GetName] for the timebeing;;;;Dorne será directamente gobernado desde [Root.Capital.GetName] por el momento;;;;;;;;;x
EVTDESCAconquest_of_dorne.15;The [From.GetOnlyDynastyName]s have managed to subdue us, however they have decided to allow us to maintain our position as the rulers of Dorne, albeit under their overall control. Should we take up arms again to fight for freedom? Is it worth another war full of bloodshed to be independent?;Le jeune Targaryen a réussi à nous soumettre, cependant il a décidé de nous autoriser à nous maintenir en tant que maîtres de Dorne bien que sous son contrôle total. Devrions-nous encore prendre les armes pour combattre pour la liberté ? L'indépendance vaut-elle une autre guerre pleine de bains de sang ?;;;El joven Targaryen ha logrado someternos, sin embargo ha decidido autorizarnos a mantenernos como dirigentes de Dorne bajo su control. Deberíamos tomar las armasn para combatir por la libertad? La independencia vale otra guerra llena de baños de sangre?;;;;;;;;;x
EVTDESCBconquest_of_dorne.15;After conquering the Dornish, your liege [From.GetTitledFirstNameNoRegnal] has decided to appoint you as the overseer of Dorne as their Lord Paramount. The Dornish are evidently not happy with this arrangement and do not feel those without Rhoynar blood should rule them.;Après avoir conquis Dorne votre seigneur le Roi Daeron a décidé de vous désigner en tant que lord suzerain de Dorne. Les Dorniens sont évidemment malheureux de cet accord et ne pensent pas qu'un non-Rhoynar puisse les gouverner.;;;Tras haber conquistado Dorne, tu Señor el Rey Daeron ha decidido designarte como Señor Supremo de Dorne. Los dornienses están muy descontentos por este acuerdo y no creen que un extraño pueda gobernarles.;;;;;;;;;x
EVTDESCCconquest_of_dorne.15;After conquering the Dornish you have decided to directly rule Dorne. The Dornish are evidently not happy with this arrangement and do not feel those without Rhoynar blood should rule them.;Après avoir conquis Dorne votre seigneur le Roi Daeron a décidé de vous désigner en tant que lord suzerain de Dorne. Les Dorniens sont évidemment malheureux de cet accord et ne pensent pas qu'un non-Rhoynar puisse les gouverner.;;;Tras haber conquistado Dorne, tu Señor el Rey Daeron ha decidido designarte como Señor Supremo de Dorne. Los dornienses están muy descontentos por este acuerdo y no creen que un extraño pueda gobernarles.;;;;;;;;;x
EVTOPTAconquest_of_dorne.15;In time we shall see;A la longue nous verrons ce que ça donne;;;Con el tiempo veremos que pasa;;;;;;;;;x
EVTOPTBconquest_of_dorne.15;I must try to keep the Dornish under control;Je dois essayer de garder les Dorniens sous contrôle;;;Debo intentar mantener a los dornienses bajo control;;;;;;;;;x
TOOLTIPconquest_of_dorne.15;The Dornish Lords and Ladies will not react kindly to your rule.;Les seigneurs et les dames de Dorne ne réagiront pas bien à votre règne.;;;Los Señores y Señoras de Dorne no reaccionaran nada bien a tu mandato.;;;;;;;;;x
EVTDESCconquest_of_dorne.16;Even though they are no longer technically ruled by you, the Dornish still consider you to be their true ruler and as such will follow your command to rebel whenever you need to regain your lost independence to these foreign invaders.;Bien qu'ils ne soient techniquement pas régis par vous, les Dorniens vous considèrent toujours comme leur vrai seigneur et donc suivront votre commandement pour une rébellion si jamais vous voulez reprendre votre indépendance perdue à ces envahisseurs étrangers.;;;A pesar de que no están técnicamente liderados por ti, los dornienses te consideran su verdadero señor por lo que te seguirán a una rebelión bajo tu liderazgo en el caso de que desees recuperar la independencia perdida por culpa de los invasores extranjeros.;;;;;;;;;x
EVTOPTAconquest_of_dorne.16;We shall be Princes again!;Nous serons Princes à nouveau !;;;Seremos Príncipes de nuevo!;;;;;;;;;x
TOOLTIPconquest_of_dorne.16;The Dornish Lords and Ladies remain loyal to you.;Les seigneurs et dames de Dorne vous restent loyaux.;;;Los Señores y Señoras de Dorne se mantienen leales.;;;;;;;;;x
declare_dornish_rebellion;Declare the Dornish Rebellion;Déclarer la Rébellion Dornienne;;;Declarar la Rebelión Dorniense;;;;;;;;;x
declare_dornish_rebellion_desc;You have laid in plotting for long enough, now is the time to strike out against the foreign invaders and declare the Dornish Rebellion for independence!;Vous avez assez comploté, il est temps de frapper contre les envahisseurs étrangers et de déclarer la Rébellion Dornienne pour l'indépendance !;;;Has esperado mucho tiempo preparando el plan, es el momento de golpear a los invasores extranjeros y declarar la Rebelión Dorniense por la independencia!;;;;;;;;;x
TOOLTIPdornish_rebellion;The Dornish Lords and Ladies will join you in rebellion.\n;Les seigneurs et dames Dorniens vous rejoindront dans la rébellion. \n;;;Los Señores y Señoras dornienses se te unirán a la rebelión. \n;;;;;;;;;x
EVTDESCconquest_of_dorne.17;[From.GetTitledFirstName] has signalled to all the Lords and Ladies of Dorne that now is the time for rebellion against the foreign conquerors!;[From.GetTitledFirstName] a signalé à tous les seigneurs et dames de Dorne qu'il est temps de se rebeller contre les conquérants étrangers !;;;[From.GetTitledFirstName] ha informado a todos los Señores y Señoras de Dorne que es el momento de rebelarse contra los conquistadores extranjeros!;;;;;;;;;x
EVOPTAconquest_of_dorne.17;Freedom for Dorne!;Liberté pour Dorne !;;;Libertad para Dorne!;;;;;;;;;x
EVTDESCaegons_landing.15;My grandmother was a younger sister of Harwyn Hardhand, and because of that tie, House Volmark is the rightful heir of the black line.;Ma grand-mère était une petite sœur d'Harwyn la Poigne, et ainsi, la Maison Volmark est la légitime héritière de la lignée noire.;;;Mi abuela era la hermana pequeña de Harwyn Manodura, y así, la casa Volmark es la legítima heredera de la dinastía negra.;;;;;;;;;x
EVTOPTAaegons_landing.15;I am the true Iron King!;Je suis le légitime Roi de Fer !;;;Soy el legítimo Rey de Hierro!;;;;;;;;;x
EVTOPTBaegons_landing.15;I will wait for the right opportunity;J'attendrai une bonne opportunité;;;Esperaré una buena oportunidad;;;;;;;;;x
EVTTITLEninepenny_kings.3;Wounded Pride;Orgueil Blessé;;;Orgullo Herido;;;;;;;;;x
EVTDESCninepenny_kings.3;Duncan Targaryen, Prince of Dragonstone and heir to the Iron Throne, was supposed betrothed to my daughter, but I have been betrayed. The Prince has chosen to elope with a common peasant by the name of Jenny of Oldstones, spurning my daughter and defiling my honour. King Aegon did all he could to have the marriage undone, demanding that Duncan put Jenny aside. The prince shares his father’s stubbornness, however, and has refused him, foresaking his claim to the crown.\n\nI will not be so easily appeased by this disinheritance however, the honour of my daughter and my house must be restored!;Duncan Targaryen, le Prince de Peyredragon et héritier du Trône de Fer, était supposé se fiancer à ma fille, mais j'ai été trahi. Le Prince a choisi de s'enfuir avec une roturière du nom de Jenny de Vieilles-Pierres, repoussant ma fille et souillant mon honneur. Le Roi Aegon a fait tout ce qu'il a pu pour annuler ce mariage, demandant à Duncan de mettre Jenny de côté. Le prince partage l'obstination de son père, cependant, et a refusé, abandonnant son droit sur le Trône de Fer. \n\n Je ne serai toutefois pas apaisé par ce déshéritage, l'honneur de ma fille et de ma maison doit être restauré !;;;Duncan Targaryen, el Príncipe de Rocadragón y heredero al Trono de Hierro, estaba supuestamente comprometido con mi hija, pero he sido traicionado. El Príncipe ha elegido fugarse con una campesina llamada Jenny de Piedrasviejas, rechazando a mi hija y mancillando mi honor. El Rey Aegon ha hecho todo lo que ha podido para anular este matrimonio, pidiendo a Duncan dejar de lado a Jenny. El Príncipe rechazó su derecho al trono y abdicó a su título de Príncipe de Rocadragón en favor de su hermano menor Jaehaerys.\n\n A mi no me apaciguan a pesar de que ha sido desheredado, el honor de mi hija y de mi casa debe ser restaurado!;;;;;;;;;x
EVTOPTAninepenny_kings.3;I renounce my fealty to the Iron Throne!;Je renonce à ma fidélité au Trône de Fer !;;;Renuncio a mi lealtad al Trono de Hierro!;;;;;;;;;x
EVTOPTBninepenny_kings.3;Actually, I am satisfied with this;En fait, j'en suis satisfait;;;De hecho, estoy satisfecho;;;;;;;;;x
TOOLTIPninepenny_kings.4;You declare yourself to be Storm King;Vous vous auto-proclamez Roi de l'Orage;;;Te proclamas Rey de la Tormenta;;;;;;;;;x
EVTDESCninepenny_kings.4;[Root.PrimaryTitle.GetFOA], that you and your son Prince Duncan have reneged on his betrothal to my daughter outrages me. That he is disinherited is not enough to satisfy the honour of my daughter and my house. So I hereby renounce my fealty to the Iron Throne and House Targaryen.\n\nSigned,\nStorm King [From.GetFirstNameoftheHouse];[Root.PrimaryTitle.GetFOA], que vous et votre fils ayez renié ces fiançailles à ma fille m'outrage. Qu'il soit déshérité n'est pas assez pour satisfaire l'honneur de ma fille et de ma maison. Par la présence je renonce à ma féauté au Trône de Fer et à la Maison Targaryen. \n\nSigné,\nLe Roi de l'Orage [From.GetFirstName] de la maison [From.GetOnlyDynastyName];;;[Root.PrimaryTitle.GetFOA], que vos y vuestro hijo hayáis renegado de los esponsales con mi hija es un ultraje. Que haya sido desheredado no satisface el honor de mi hija y el de mi casa. Por la presente renuncio a mi lealtad al Trono de Hierro y a la casa Targaryen. \n\nFirmado,\nEl Rey de la Tormenta [From.GetFirstName] de la casa [From.GetOnlyDynastyName];;;;;;;;;x
EVTOPTAninepenny_kings.4;It will have to be war then;Il y aura une guerre dans ce cas;;;Habrá guerra en ese caso;;;;;;;;;x
EVTOPTBninepenny_kings.4;A trial by combat will surely settle this?;Un duel judiciaire réglera-t-il ça ?;;;Un juicio por combate arreglará esto?;;;;;;;;;x
TOOLTIPninepenny_kings.5;You offer [From.GetFirstNameWithDynasty] a trial by combat between himself and the Lord Commander of the Kignsguard to settle the dispute.;Vous proposez à [From.GetFirstNameWithDynasty] un duel judiciaire entre lui-même et le lord Commandant de la Garde Royale afin de régler la dispute.;;;Propones a [From.GetFirstNameWithDynasty] un juicio por combate entre él mismo y el Lord Comandante de la Guardia Real para arreglar la disputa.;;;;;;;;;x
EVTDESCninepenny_kings.5;[Root.PrimaryTitle.GetFOA], I am saddened that you feel the need to betray your oath of fealty, however I am willing to resolve this honourably. I propose a trial by combat between yourself and the Lord Commander of the Kingsguard to settle the matter.\n\nSigned,\n[From.GetTitledFirstNameoftheHouse];Je suis affligé que vous ressentiez le besoin de trahir votre serment de féauté, toutefois je veux résoudre ce problème honorablement. Je propose un duel judiciaire entre vous et le lord Commandant de la Garde Royale pour régler la dispute.\n\nSigné,\n[From.GetTitledFirstName] de la Maison [From.GetOnlyDynastyName];;;Estoy consternado de que sintáis la necesidad de traicionar vuestro juramento de lealtad, de todos modos quiero resolver este problema de forma honorable. Propongo un juicio por combate entre vos y el Lord Comandante de la Guardia Real para arreglar la disputa.\n\nFirmado,\n[From.GetTitledFirstName] de la casa [From.GetOnlyDynastyName];;;;;;;;;x
EVTOPTAninepenny_kings.5;I accept;J'accepte;;;Acepto;;;;;;;;;x
TOOLTIPninepenny_kings.8;You will engage in single combat with [This.GetTitledFirstName];Vous vous engagez en combat singulier contre [This.GetTitledFirstName];;;Te comprometes a un combate singular contra [This.GetTitledFirstName];;;;;;;;;x
EVTOPTBninepenny_kings.5;No, only war can settle this;Non, seule la guerre peut régler ça;;;No, solo la guerra puede arreglar esto;;;;;;;;;x
EVTDESCninepenny_kings.6;[Root.PrimaryTitle.GetFOA], I recognise your offer as honourable and so accept. I propose that the trial is held forthwith on neutral ground.\n\nSigned,\nStorm King [From.GetFirstNameoftheHouse];[Root.PrimaryTitle.GetFOA], Je reconnais votre offre comme honorable et j'accepte donc, je propose que le duel se déroule sur un terrain neutre.\n\nSigné,\nle Roi de l'Orage [From.GetFirstName] de la Maison [From.GetOnlyDynastyName];;;[Root.PrimaryTitle.GetFOA], Reconozco vuestra oferta como honorable y por lo tanto, acepto. Propongo que el combate singular se desarrolle en terreno neutral.\n\nFirmado,\nel Rey de la Tormenta [From.GetFirstName] de la casa [From.GetOnlyDynastyName];;;;;;;;;x
EVTOPTAninepenny_kings.6;This will avoid much bloodshed;Cela évitera beaucoup de bains de sang;;;Esto evitará más baños de sangre;;;;;;;;;x
EVTDESCninepenny_kings.7;[Root.PrimaryTitle.GetFOA], I reject your terms, this matter cannot be resolved by mere single combat. My honour will be restored by force of arms.\n\nSigned,\nStorm King [From.GetFirstNameoftheHouse];[Root.PrimaryTitle.GetFOA], Je rejette votre proposition, ce problème ne peut être résolu par un simple duel. Mon honneur sera restauré par la force des armes.\n\nSigné,\nLe Roi de l'Orage [From.GetFirstName] de la Maison [From.GetOnlyDynastyName];;;[Root.PrimaryTitle.GetFOA], Rechazo vuestra propuesta, el problema no puede resolverse con un simple juicio por combate. Mi honor será restaurado por la fuerza de las armas.\n\nFirmado,\nEl Rey de la Tormenta [From.GetFirstName] de la casa [From.GetOnlyDynastyName];;;;;;;;;x
EVTOPTAninepenny_kings.7;War it is then...;Il y aura une guerre donc…;;;Habrá guerra entonces…;;;;;;;;;x
EVTDESCninepenny_kings.8;To resolve the betrothal dispute between [From.GetHerHim] and [FromFrom.GetTitledFirstName] arisen from Prince Duncan's marriage to the pesant Jenny of Oldstones, you have been command to engage in a trial by combat with [From.GetTitledFirstNameWithDynasty].;Pour résoudre la dispute de fiançailles entre [From.GetHerHim] et [FromFrom.GetTitledFirstName] causée par le mariage du Prince Duncan avec la roturière Jenny de Vieilles-Pierres, vous avez été engagé dans un duel judiciaire avec [From.GetTitledFirstNameWithDynasty];;;Para resolver la disputa de los esponsales entre [From.GetHerHim] et [FromFrom.GetTitledFirstName] causada por la boda entre el Príncipe Duncan con la campesina Jenny de Piedrasviejas, deberás participar en un juicio por combate contra [From.GetTitledFirstNameWithDynasty];;;;;;;;;x
EVTOPTAninepenny_kings.8;I will show Egg to be in the right;Je vais montrer que l'Œuf est dans son droit;;;Mostraré a Egg que está en su derecho;;;;;;;;;x
EVTDESCninepenny_kings.9;[From.GetTitledFirstName] has defeated [FromFrom.GetTitledFirstName] in single combat, your cause has prevailed. You can now rightfully punish [FromFrom.GetHerHim] as a traitor, but perhaps reconciliation would be the wisest course?;[From.GetTitledFirstName] a vaincu [FromFrom.GetTitledFirstName] en combat singulier, votre cause l'a emporté. Vous pouvez maintenant légitimement [FromFrom.GetHerHim] punir en tant que traître, mais peut-être la réconciliation serait-elle la plus sage résolution ?;;;[From.GetTitledFirstName] ha vencido a [FromFrom.GetTitledFirstName] en combate singular, tu causa ha vencido. Puedes legítimamente castigarle como traidor, pero tal vez la reconcilación sea opción más sabia?;;;;;;;;;x
EVTOPTAninepenny_kings.9;Yes, I offer a new marriage proposal;Oui je vous fais une nouvelle proposition de mariage;;;Sí, le ofreceré una nueva proposición de matrimonio;;;;;;;;;x
EVTOPTBninepenny_kings.9;I denounce you as a traitor;Je vous accuse de traîtrise;;;Os acuso de traición;;;;;;;;;x
EVTOPTCninepenny_kings.9;In death [FromFrom.GetSheHe] was a traitor;[FromFrom.GetSheHe] est mort en traître;;;Murió como un traidor;;;;;;;;;x
EVTDESCninepenny_kings.10;You have lost the trial, but [From.GetTitledFirstNameNoRegnal] has chosen to be magnanimous in victory. [From.GetSheHeCap] offers reconciliation and a new alliance.;Vous avez perdu le procès, mais [From.GetTitledFirstNameNoRegnal] a choisi d'être magnanime dans la victoire. [From.GetSheHeCap] vous offre la réconciliation et une nouvelle alliance.;;;Perdiste el juicio por combate, pero [From.GetTitledFirstNameNoRegnal] escogió ser magnánimo en la victoria. [From.GetSheHeCap] te ha ofrecido la reconcilación y una nueva alianza.;;;;;;;;;x
EVTOPTAninepenny_kings.10;I am appeased;Je suis appaisé;;;Estoy apaciguado;;;;;;;;;x
EVTDESCninepenny_kings.11;I have won the trial, in doing so I have restored my honour and shown my cause to be true. My fealty to the Iron Throne has been shown to be invalid and false.;J'ai gagné le procès, ce faisant j'ai restauré mon honneur et j'ai montré que ma cause était juste. Ma fidélité au Trône de Fer a été déclarée invalide et fausse.;;;He ganado el juicio por combate, de esta forma he restaurado mi honor y he demostrado que mi causa era justa. Mi lealtad al Trono de Hierro ha sido declarada falsa y no válida;;;;;;;;;x
EVTOPTAninepenny_kings.11;The Stormlands has no need of these Targaryens;Les Terres de l'Orage n'ont pas besoin de ces Targaryen;;;Las Tierras de la Tormenta no necesitan a los Targaryen;;;;;;;;;x
EVTDESCninepenny_kings.12;[From.GetTitledFirstName] has defeated [FromFromFrom.GetTitledFirstName] in single combat, and so was won the trial. He no longer owes his fealty to the Iron Throne, and feels his honour is restored.;[From.GetTitledFirstName] a défait [FromFromFrom.GetTitledFirstName] en combat singulier, et donc a gagné le procès. Il ne doit plus sa fidélité au Trône de Fer, et sent que son honneur est restauré.;;;[From.GetTitledFirstName] ha derrotado a [FromFromFrom.GetTitledFirstName] en combate singular, y ha ganado el juicio por combate. Ya no debe lealtad al Trono de Hierro, y siente que su honor ha sido restaurado.;;;;;;;;;x
EVTOPTAninepenny_kings.12;My son should not of defied me;Mon fils n'aurait pas dû me défier;;;MI hijo no debería haberme desafiado;;;;;;;;;x
affc_stannis_grant_north;§YGrant The North§!;§YAccorder le Nord§!;;;§YOtorgar el Norte§!;;;;;;;;;x
affc_stannis_grant_north_desc; ;;;;;;;;;;;;;x
TOOLTIPaffc_stannis_grant_north;[Root.GetTitledFirstName] will join [From.GetTitledFirstName] in [From.GetHerHis] war for The Iron Throne\n;[Root.GetTitledFirstName] rejoindra [From.GetTitledFirstName] dans sa guerre pour le Trône de Fer\n;;;[Root.GetTitledFirstName] se unirá a [From.GetTitledFirstName] en su guerra por el Trono de Hierro\n;;;;;;;;;x
legitimise_daeron_the_good;Legitimise Daeron the Good;Légitimer Daeron le Bon;;;Legitimar a Daeron el Bueno;;;;;;;;;x
legitimise_daeron_the_good_desc;Overturn the wrongful Blackfyre decree that bastardised your ancestor Daeron 'the Good' Targaryen, recognising him as the legitimate son of Aegon IV and Naerys Targaryen.;Casser le décret Feunoyr injuste qui abâtardisait votre ancêtre Daeron 'le Bon' Targaryen, le reconnaissant comme le fils légitime d'Aegon IV et Naerys Targaryen;;;Revocar el decreto Fuegonegro que abastardaba a tu ancestro Daeron 'el Bueno' Targaryen, reconociéndolo como hijo legítimo de Aegon IV y Naerys Targaryen;;;;;;;;;x
bastardise_daeron_the_good;Bastardise Daeron Targaryen;Abâtardir Daeron Targaryen;;;Abastardar a Daeron Targaryen;;;;;;;;;x
bastardise_daeron_the_good_desc;Issue a decree declaring Daeron 'the Good' Waters is not the son of Aegon IV, but the illegitimate bastard son of Naerys and Aemon 'the Dragonknight' Targaryen, and in doing so re-affirming the rightful Blackfyre descent from Aegon IV.;Emettre un décret déclarant que Daeron 'le Bon' Waters n'est pas le fils d'Aegon IV, mais le bâtard de Naerys et d'Aemon 'Chevalier-Dragon', et ainsi réaffirmer la légitime descendance Feunoyr d'Aegon IV;;;Emitir un decreto declarando que Daeron 'el Bueno' Mares no es hijo de Aegon IV, sino el bastardo de Naerys y de Aemon 'el Caballero Dragón', y reafirmar la legítima descendencia Fuegonegro de de Aegon IV;;;;;;;;;x
TOOLTIPblackfyreregnalnumbers;Daeron Waters and his heirs are expunged from the records as kings of the Seven Kingdoms, with Daemon I Blackfyre and his heirs being added in their place.;;;;Daeron el Joven Dragón y sus herederos son borrados de los registros de los Siete Reinos, con Daemon I Fuegoscuro y sus herederos siendo agregados en su lugar.;;;;;;;;;x
TOOLTIPtargaryenregnalnumbers;Daemon Blackfyre and his heirs are expunged from the records as kings of the Seven Kingdoms, with Daeron I Targaryen and his heirs being re-added in their place.;;;;Daemon Fuegoscuro y sus herederos son borrados de los registros de los Siete Reinos, con Daeron I Targaryen y sus herederos siendo re-agregados en su lugar.;;;;;;;;;x
TOOLTIPRRINTERREGNUM;A §YGreat Council§! shall be held to determine who should sit the Iron Throne. [Root.GetTitledFirstName] will serve as [Root.GetLordLady] Protector until a new king is chosen.\n;Un §YGrand Conseil§! sera tenu pour déterminer qui doit s'asseoir sur le Trône de Fer. [Root.GetTitledFirstName] servira de [Root.GetLordLady] Protecteur jusqu'à ce qu'un nouveau roi soit choisi\n;;;Un §YGran Consejo§! determinará quien debe sentarse en el Trono de Hierro. [Root.GetTitledFirstName] servirá como [Root.GetLordLady] Protector hasta que un nuevo Rey sea elegido\n;;;;;;;;;x
EVTDESCroberts_rebellion.51;The Targaryens have been defeated, their house cast down from power once and for all. Now a Great Council must be held to determine who should now reign as king.;Les Targaryen ont été défaits, leur maison abbatue une fois pour toutes. A présent un Grand Conseil doit être tenu pour déterminer qui doit régner;;;Los Targaryen han sido derrotados, su casa desaparecida de una vez por todas. Ahora, un Gran Consejo determinará quien debe reinar;;;;;;;;;x
EVTOPTAroberts_rebellion.51;The council shall be held immediately;Le Conseil doit être tenu immédiatement;;;El Consejo debe organizarse inmediatamente;;;;;;;;;x
EVTOPTBroberts_rebellion.51;I will serve as [Root.GetLordLady] Protector until the wars are over;Je servirai en tant que [Root.GetLordLady] Protecteur jusqu'à ce que la paix revienne;;;Serviré como [Root.GetLordLady] Protector hasta que regrese la paz;;;;;;;;;x
EVTOPTBroberts_rebellion.52;[From.GetTitledFirstName] will serve as [From.GetLordLady] Protector until the wars are over;[From.GetTitledFirstName] servira en tant que [From.GetLordLady] Protecteur jusqu'à ce que la paix revienne;;;[From.GetTitledFirstName] servirá como [From.GetLordLady] Protector hasta que regrese la paz;;;;;;;;;x
RR_grand_council_warning;If [Root.GetTitledFirstName] §Rdies§! before [Root.GetSheHe] take the throne then upon victory a §YGreat Council§! shall be held to determine who should sit on the Iron Throne.;Si [Root.GetTitledFirstName] §Rmeurt§! avant qu'[Root.GetSheHe] prenne le Trône, alors en cas de victoire un §YGrand Conseil§! devra être tenu pour déterminer qui s'assiera sur le Trône de Fer;;;Si [Root.GetTitledFirstName] §Rmuere§! antes de que [Root.GetSheHe] tome el Trono, en caso de victoria un §YGran Consejo§! deberá determinar quien se sienta en el Trono de Hierro;;;;;;;;;x
EVTDESCAfeast_for_crows.70;I am Beric Dondarrion, leader of the Brotherood without Banners, side by side with my men and with the Lord of Light watching over me I will bring ruin to the Lannisters in the name of our true King Robert Baratheon even in his death. We are outlaws, thieves and brigands in the eyes of the nobles... but in the eyes of the smallfolk and [Root.GetPeasantNamePlural] we are the givers of hope and a force to restore the peace that existed under King Robert.;Je suis Beric Dondarrion, chef de la Fraternité sans Bannière, aux côtés de mes hommes et avec la bénédiction du Maître de la Lumière j'apporterai la ruine aux Lannister au nom de notre vrai roi Robert Baratheon, même après sa mort. Nous sommes des hors-la-loi, des voleurs et des brigands aux yeux des nobles... mais aux yeux des petites gens et des paysans nous sommes porteurs d'espoir et une force pour restaurer la paix qui existait sous le roi Robert;;;Soy Beric Dondarrion, líder de la Hermandad sin Estandartes, junto a mis hombres y con la bendición del Señor de la Luz llevaré la ruina a los Lannister en nombre de nuestro verdadero Rey Robert Baratheon, incluso después de su muerte. Estamos fuera de la ley, somos bandidos y forájidos a ojos de los nobles... pero a los ojos del pueblo llano y de los campesinos somos portadores de esperanza y una fuerza para restaurar la paz que existía bajo el reinado del Rey Robert;;;;;;;;;x
EVTDESCBfeast_for_crows.70;My name is Catelyn Stark, after my son Robb was murdered at the Red Wedding organised by the treachourous Walder Frey, I have been ressurected and given a chance at vengance thanks to the sacrifice of Beric Dondarrion. I will use his men to seek my vengance on the Freys and everyone who had a part in the ruin of my family. To do this, I must become someone else, I must become something else...;Mon nom est Catelyn Stark, après que mon fils Robb ait été assassiné aux Noces Pourpres organisées par le traître Walder Frey, j'ai été ressuscitée et j'ai ainsi obtenu une chance de vengeance grâce au sacrifice de Beric Dondarrion. J'utiliserai ses hommes pour me venger des Frey et de tous ceux qui ont pris part à la ruine de ma famille. Pour cela, je dois devenir quelqu'un d'autre, quelque chose d'autre...;;;Mi nombre es Catelyn Stark, después de que mi hijo Robb fuera asesinado en la Boda Roja por el traidor de Walder Frey, he sido resucitada y ahora tengo la oportunidad de vengarme gracias al sacrificio de Beric Dondarrion. Utilizaré sus hombres para vengarme de los Frey y de todos aquellos que hayan tomado parte en la ruina de mi familia. Para ello, debo convertirme en alguien diferente, en alguna cosa diferente...;;;;;;;;;x
EVTOPTAfeast_for_crows.70;The Brotherhood without Banners shall be victorious;La Fraternité sans Bannière sera victorieuse;;;La Hermandad sin Estandartes será victoriosa;;;;;;;;;x
EVTOPTBfeast_for_crows.70;I am Lady Stoneheart and they shall pay for what they did to my family;Je suis Lady Coeurdepierre et ils paieront pour ce qu'ils ont fait à ma famille;;;Soy Lady Corazón de Piedra y pagarán por lo que le han hecho a mi familia;;;;;;;;;x
EVTDESCAfeast_for_crows.72;The siege of [FromFrom.GetName] has finished and the [Root.GetPeasantNamePlural] of the area are very grateful and sympathetic to your fight against the throne, they have cobbled together what supplies and coin they have to give to you in the hopes of aiding you in your fight.;Le siège de [FromFrom.GetName] est terminé et les paysans de la région sont reconnaissants et solidaires de votre combat contre le Trône, ils ont rassemblé ce qu'ils avaient de provisions et d'argent pour vous les donner dans l'espoir de vous aider dans votre lutte.;;;El asedio de [FromFrom.GetName] ha terminado y los campesinos de la región están agradecidos se solidarizan con tu lucha contra el Trono de Hierro, han reunido las provisiones y dinero que tenían para dártelo con la esperanza de ayudarte con la lucha.;;;;;;;;;x
EVTDESCBfeast_for_crows.72;The siege of [FromFrom.GetName] has finished and the [Root.GetPeasantNamePlural] of the area are very grateful and sympathetic to your fight against the throne, many of them have offered to come with you and join the Brotherhood Without Banners in the hopes of aiding you in your fight.;Le siège de [FromFrom.GetName] est terminé et les paysans de la région sont reconnaissants et solidaires de votre combat contre le Trône, nombre d'entre eux ont offert de venir avec vous et de rejoindre la Fraternité sans Bannière dans l'espoir de vous aider dans votre lutte.;;;El asedio de [FromFrom.GetName] ha terminado y los campesinos de la región están agradecidos se solidarizan con tu lucha contra el Trono de Hierro, muchos de ellos se han ofrecido a venir con nosotros y unirse a la Hermandad sin Estandartes con la esperanza de ayudar con la lucha.;;;;;;;;;x
EVTOPTAfeast_for_crows.72;Thank you all! We will make good use of these gifts!;Merci à vous tous! Nous ferons bon usage de ces présents!;;;Gracias a todos! Haremos buen uso de estos presentes!;;;;;;;;;x
EVTOPTBfeast_for_crows.72;Thank you all! We will make sure your warriors do you proud!;Merci à vous tous! Nous nous assurerons que vos guerriers feront votre fierté;;;Gracias a todos! Nos aseguraremos de que vuestros guerreros os harán sentiros orgullosos;;;;;;;;;x
EVTTITLEaffc_jon_snow.1;The Night's Watch;La Garde de Nuit;;;La Guardia de la Noche;;;;;;;;;x
EVTDESCaffc_jon_snow.1;I have turned down Stannis Baratheon's offer to become the Lord of the North, my duty lies with my fellow Brothers and to safeguard the realm. I took the vows to guard the realm and I must uphold them!\nHowever, the cold winds are rising and the Others have attacked the Wildlings, soon they shall reach the Wall...\nAnd the Wall must not fall!\n\nI must have my fellow Brothers loyal to me and gain the aid of the Wildlings if we are to stand against this foe.;J'ai décliné l'offre de Stannis Baratheon de devenir seigneur suzerain du Nord, mon devoir est ici avec mes frères de protéger le royaume. J'ai fait voeu de protéger le royaume et je dois le tenir!\nToutefois, les vents froids se lèvent et les Autres ont attaqué les Sauvageons, bientôt ils atteindront le Mur...\nEt le Mur ne doit pas tomber!\n\nJe dois conserver la loyauté de mes frères et obtenir l'aide des Sauvageons si nous voulons tenir contre cet ennemi;;;He rechazado la oferta de Stannis Baratheon de convertirme en Señor Supremo del Norte, mi deber está aquí con mis hermanos negros. Hice votos para proteger el Reino y debo cumplirlos!\nSin embargo, los vientos fríos se alzan y los Otros han atacado a los salvajes, pronto llegarán al Muro...\nY el Muro no debe caer!\n\nDebo conservar la lealtad de mis hermanos y obtener la ayuda de los salvajes si queremos tener alguna oportunidad contra nuestro enemigo común;;;;;;;;;x
EVTOPTAaffc_jon_snow.1;We must prepare, for Winter is Coming.;Nous devons nous préparer, l'Hiver vient;;;Debemos preparnos, Se acerca el Invierno;;;;;;;;;x
TOOLTIPaffc_jon_snow.1;In the coming days you must strike a balance between gaining the loyalty of both your fellow Black Brothers and the Wildlings. If you do not have their loyalty there is a chance they may refuse to fight for you or even outright rebel against you, be cautious in your coming decisions.;Dans les prochains jours, vous devrez atteindre un équilibre entre gagner la loyauté à la fois des Frères Noirs et des Sauvageons. Si vous n'avez pas leur loyauté, il y a une chance qu'ils refusent de se battre pour vous ou même qu'ils se rebellent contre vous. Soyez prudent dans vos prochaines décisions;;;En los próximos días, deberás lograr un equilibrio entre ganar la lealtad de tus hermanos negros y de los salvajes. Si no tienes su lealtad, podrían rechazar luchar contigo e incluso rebelarse contra ti. Deberás ser prudente en tus próximas decisiones;;;;;;;;;x
EVTDESCaffc_jon_snow.2;To buy weapons, armour, horses and food for the men we need money. Money which we currently do not have... we could seek a loan from the Iron Bank or the Lords of Westeros, yet asking for a loan could make me look weak in the eyes of some.;Pour acheter des armes, des armures, des chevaux et de la nourriture pour les hommes nous avons besoin d'argent. Argent que nous n'avons pas... nous pourrions demander un prêt de la Banque de Fer ou des seigneurs de Westeros, mais demander un prêt pourrait nous faire paraître faible aux yeux de certains.;;;Para comprar armas, armaduras, caballos y provisiones para los hombres necesitamos dinero. Dinero que no tenemos... podríamos pedir un préstamo al Banco de Hierro o a los señores de Poniente, pero pedir un préstamo podría hacernos parecer débiles a los ojos de algunos...;;;;;;;;;x
EVTOPTAaffc_jon_snow.2;I will take a loan from the Iron Bank.;Je prendrai un emprunt auprès de la Banque de Fer;;;Tomaré un préstamo del Banco de Hierro;;;;;;;;;x
EVTOPTBaffc_jon_snow.2;One of the Lords of Westeros will surely give me the gold.;Un seigneur de Westeros nous donnera sûrement de l'or;;;Un Señor de Poniente nos dará el oro;;;;;;;;;x
TOOLTIPaffc_jon_snow.2;One of the Lord Paramounts or the King will be asked by your representative for aid.;Un des seigneurs suzerains ou le roi se verra demander de l'aide par l'un de vos émissaires;;;Uno de tus emisarios pedirá ayuda a alguno de los Señores Supremos o al Rey;;;;;;;;;x
EVTOPTCaffc_jon_snow.2;We must rely on our own strength!;Nous devons compter sur nos propres forces;;;Debemos confiar en nuestras propias fuerzas!;;;;;;;;;x
EVTDESCaffc_jon_snow.3;The Wildlings have sent you a request to allow more of their men onto the Wall so as to aid in building defences and preparing for the White Walkers.;Les Sauvageons vous demandent de permettre à plus des leurs de rejoindre le Mur pour aider à construire les défenses et à se préparer contre les Marcheurs Blancs.;;;Los salvajes te piden que les permitas a varios de ellos ir al Muro para ayudar a construir las defensas y prepararse para la llegada de los Caminantes Blancos.;;;;;;;;;x
EVTOPTAaffc_jon_snow.3;Yes, we need all the help we can get.;Oui, nous avons besoin de toute l'aide possible;;;Sí, necesitamos toda la ayuda posible;;;;;;;;;x
TOOLTIPaffc_jon_snow.3;Some Wildlings will arrive at the Wall.;Quelques Sauvageons arriveront au Mur;;;Algunos salvajes llegarán al Muro;;;;;;;;;x
EVTOPTBaffc_jon_snow.3;Only women and children can come.;Seuls les femmes et les enfants peuvent venir;;;Sólo las mujeres y los niños podrán venir;;;;;;;;;x
TOOLTIPaffc_jon_snowB.3;Some Wildling children and women shall arrive at the Wall.;Quelques femmes et enfants sauvageons arriveront au Mur;;;Algunas mujeres y niños llegarán al Muro;;;;;;;;;x
EVTOPTCaffc_jon_snow.3;No, there are plenty here all ready..;Non, il y en a déjà beaucoup ici...;;;No, ya hay demasiados aquí...;;;;;;;;;x
EVTDESCaffc_jon_snow.4;To make the Wildlings on the Wall more useful during combat we could give them weapons and train them on how to use them.;Pour rendre les Sauvageons du Mur plus utiles en combat, nous pourrions leur donner des armes et les entraîner à leur utilisation;;;Para hacer de los salvajes del Muro más útiles en combate, podríamos darles armas y entrenarlos;;;;;;;;;x
EVTOPTAaffc_jon_snow.4;They shall have fine quality weapons..;Ils doivent avoir des armes de bonne qualité;;;Deben tener armas de buena calidad;;;;;;;;;x
EVTOPTBaffc_jon_snow.4;They shall receive extra training..;Ils doivent recevoir de l'entraînement;;;Deben recibir entrenamiento;;;;;;;;;x
EVTOPTCaffc_jon_snow.4;No, they must make do as they are.;Non, ils doivent faire selon leurs moyens;;;No, tendrán que arreglárselas con sus propios medios;;;;;;;;;x
EVTDESCaffc_jon_snow.5;It is early in the morning and you are alerted that some of your fellow Brothers have been caught trying to escape from the Wall and flee South. By law they should be punished by death but in these hard times every man is needed to fight, what will you do?;Il est tôt ce matin lorsque vous êtes alerté que quelques-uns de vos frères ont été attrapés tentant de fuir le Mur vers le Sud. Selon la loi ils doivent être punis par la mort mais en ces temps difficiles chaque homme est requis, que ferez-vous?;;;Es muy temprano todavía cuando te alertan de que algunos de tus hermanos han sido atrapados intentando huir del Muro hacia el Sur. Según la ley deben ser castigados con la muerte pero en estos tiempos difíciles cada hombre es necesario, que harás?;;;;;;;;;x
EVTOPTAaffc_jon_snow.5;The law shall remain, they will be executed.;La loi demeure, ils doivent être exécutés;;;La ley es clara, deben ser ejecutados;;;;;;;;;x
EVTOPTBaffc_jon_snow.5;They will be confined to their rooms as punishments.;Ils seront assignés dans leurs quartiers en guise de punition;;;Serán confinados en sus estancias a modo de castigo;;;;;;;;;x
EVTOPTCaffc_jon_snow.5;They will be given extra duties.;Ils recevront des corvées supplémentaires;;;Recibirán tareas adicionales;;;;;;;;;x
EVTOPTDaffc_jon_snow.5;I will let it slide this once.;Je vais fermer les yeux pour cette fois;;;Lo dejaré pasar por esta vez;;;;;;;;;x
EVTDESCaffc_jon_snow.6;It is near the end of the day and you hear clattering of steel and screams, as you find the source you see a group of Black Brothers and Wildlings fighting each other with many already injured. As you approach they back off to opposing sides of the courtyard, how do you wish to deal with them?;La journée approche de sa fin lorsque vous entendez des fracas d'acier et des cris. La source en est un groupe de Frères Noirs et de Sauvageons s'affrontant, beaucoup étant déjà blessés. Alors que vous approchez, ils reculent vers les côtés opposés de la cour. Comment voulez-vous régler cette affaire?;;;El día se acercaba a su fin cuando escuchas el ruido del acero y gritos. Provienen de un grupo de Hermanos Negros y de salvajes que se están enfrentando y muchos de ellos están heridos. Cuando te acercas, se retiran hacia lados opuestos del patio. Cómo resolver esto?;;;;;;;;;x
EVTOPTAaffc_jon_snow.6;The Wildlings and Black Brothers	will be separated to different areas.;Les Sauvageons et les Frères Noirs seront séparés.;;;Los salvajes y los hermanos negros serán separados.;;;;;;;;;x
EVTOPTBaffc_jon_snow.6;The Black Brothers should know better, they will be punished.;Les Frères Noirs devraient être plus sages, ils seront punis.;;;Los hermanos negros deberían ser más inteligentes, serán castigados.;;;;;;;;;x
EVTOPTCaffc_jon_snow.6;The Wildlings should not be attacking us, they will be punished.;Les Sauvageons ne devraient pas nous attaquer, ils seront punis.;;;Los salvajes no deberían atacarnos, serán castigados.;;;;;;;;;x
EVTOPTDaffc_jon_snow.6;Times are difficult, I will let this outburst slide.;Les temps sont difficiles, je vais laisser couler.;;;Son tiempos difíciles, lo dejaré correr.;;;;;;;;;x
EVTTITLEaffc_jon_snow.7;The War for Dawn;La guerre de l'Aube;;;La Guerra del Alba;;;;;;;;;x
EVTDESCaffc_jon_snow.7;The time has come.\nWe must strike back against the Others and end this Winter.\nI shall gather the troops and lead them into war, to protect the realm and all who reside in it.\nWe shall not give in.\nWe shall not give up.\nWe are the Night's Watch!;Le temps est venu.\nNous devons repousser les Autres et mettre fin à cet Hiver.\nJe dois regrouper les troupes et les conduire à la guerre, pour protéger le royaume et tout ceux qui l'habitent.\nNous ne devons pas laisser tomber.\nNous ne devons pas abandonner.\nNous sommes la Garde de Nuit!;;;Ha llegado el momento.\nDebemos rechazar a los Otros y poner fin a este Invierno.\nDebo reagrupar las tropas y guiarlas a la guerra, para proteger el reino y a todos los que en él habitan.\nNo cederemos.\nNo abandonaremos.\nSomos la Guardia de la Noche!;;;;;;;;;x
EVTOPTAaffc_jon_snow.7;Winter has Come!;L'Hiver est venu;;;El Invierno ha llegado;;;;;;;;;x
TOOLTIPnightswatch_loyalty_zero;Most of men of the Night's Watch shall fight for you!;La plupart des hommes de la Garde de Nuit se battront pour vous!;;;La mayoría de los hombres de la Guardia de la Noche lucharán con nosotros!;;;;;;;;;x
TOOLTIPnightswatch_loyalty_negative;Some of the men of the Night's Watch shall fight for you, but some have decided you are not a true leader... they have left and hope to survive on their own.;Quelques hommes de la Garde de Nuit se battront pour vous, mais certains jugent que vous n'êtes pas un bon chef... ils sont partis et espèrent survivre par leurs propres moyens.;;;Algunos hombres de la Guardia de la Noche lucharán con nosotros, pero algunos piensan que no eres un buen líder... Han partido y esperan sobrevivir por sus propios medios.;;;;;;;;;x
TOOLTIPnightswatch_loyalty_positive;All the men of the Night's Watch will fight for you!;Tous les hommes de la Garde de Nuit se battront pour vous!;;;Todos los hombres de la Guardia de la Noche lucharán con nosotros!;;;;;;;;;x
TOOLTIPwildling_loyalty_zero; The Wildlings have decided against fighting with you, they will attack on their own.\n;Les Sauvageons ont décider de ne pas se battre à vos côtés, ils attaqueront de leur côté.\n;;;Los salvajes han decidido que no lucharán a nuestro lado, atacaran por su parte.\n;;;;;;;;;x
TOOLTIPwildling_loyalty_negative; The Wildlings have decided against fighting with you.\n;Les Sauvageons ont décidé de ne pas se battre à vos côtés.\n;;;Los salvajes han decidido que no lucharán a nuestro lado.\n;;;;;;;;;x
TOOLTIPwildling_loyalty_positive; The Wildlings will fight with you to protect the land from Winter!\n; Les Sauvageons se battront à vos côtés pour protéger le pays de l’Hiver!\n;;;Los salvajes lucharán con nosotros para proteger la tierra del Inverno!\n;;;;;;;;;x
EVTDESCblackfyre_rebellion.103;House Peake were loyal supporters of House Blackfyre, but they lost Dunstonbury and Whitegrove in the aftermath of the First Blackfyre Rebellion and Lord Gormon Peake was executed in the Second Blackfyre Rebellion.  Now this house is once again in rebellion against House Targaryen...;La maison Peake était un fervent soutien de la maison Feunoyr, mais ils ont perdu Petrebourg et Boisblanc après la Première Rébellion Feunoyr et lord Gormon Peake a été exéuté dans la Deuxième Rébellion Feunoyr. A présent cette maison est à nouveau en rébellion contre la maison Targaryen...;;;La casa Peake era una ferviente partidaria de la casa Fuegonegro, pero perdieron Dunstonbury y Sotoblanco tras la Primera Rebelión Fuegonegro y Gormon Peake fue ejecutado en la Segunda Rebelión Fuegonegro. Ahora, esta casa está de nuevo en rebelión contra la casa Targaryen...;;;;;;;;;x
EVTTITLEblackfyre_rebellion.103;The Peake Uprising;Le soulèvement Peake;;;La rebelión Peake;;;;;;;;;x
EVTOPTAblackfyre_rebellion.103;The Black Dragon will rule the Seven Kingdoms!;Le Dragon Noir gouvernera les Sept Couronnes!;;;El Dragón Negró gobernará los Siete Reinos!;;;;;;;;;x
EVTOPTBAblackfyre_rebellion.103;These traitors must be dealt with once and for all;Nous devons nous occuper de ces traîtres une fois pour toutes ;;;Debemos ocuparnos de estos traidores de una vez por todas;;;;;;;;;x
EVTDESCfeast_for_crows.31;My father died in the attack on The Wall, and so now I am Magnar of The Thenn. Despite this defeat we have been allowed to pass through The Wall, Jon Snow knows the greater threat is behind us. Should I keep my people here and help defend The Wall against the winter? Or perhaps, in honour of the marriage he granted me to the Karstarks, we should join Stannis' struggle?;Mon père est mort lors de l'attaque contre le Mur, aussi suis-je désormais le Magnar de Thenn. Malgré cete défaite nous avons été autorisés à passer le Mur car Jon Snow sait que la plus grande menace se trouve derrière nous. Dois-je laisser mes hommes ici pour défendre le Mur face à l'hiver ? Ou peut-être, en l'honneur de mon mariage avec les Karstark, dois-je rejoindre Stannis dans sa lutte ?;;;Mi padre murió en el ataque contra el Muro, ahora yo soy el Magnar de Thenn. A pesar de ser derrotados fuimos autorizados a pasar el Muro porque Jon Nieve sabe que la mayor amenaza se encuentra detrás nuestra. Debería dejar a mis hombres aquí para defender el Muro contra el Invierno? O tal vez, en honor de mi matrimonio con los Karstark, debería unirme a Stannis en su lucha?;;;;;;;;;x
EVTOPTAfeast_for_crows.31;The Thenn will help the crows;Les Thenn vont aider les corbeaux;;;Los Thenn ayudarán a los cuervos;;;;;;;;;x
EVTOPTBfeast_for_crows.31;House Thenn shall declare for Stannis;La maison Thenn soutiendra Stannis;;;La casa Thenn apoyará a Stannis;;;;;;;;;x
discredit_arya_stark;Discredit 'Arya' Stark;Discréditer 'Arya' Stark;;;Desacreditar a 'Arya' Stark;;;;;;;;;x
discredit_arya_stark_desc;The girl married to Ramsay Bolton purported to be Arya Stark is clearly an imposter. She is actually a girl named Jeyne Poole, one of Sansa Stark's childhood friends.;La fille mariée à Ramsay Bolton supposée être Arya Stark est clairement une imposteur.Il s'agit en fait une fille nommée Jeyne Poole, une des amis d'enfance de Sansa Stark.;;;La chica casada con Ramsay Bolton que supuestamente es Arya Stark es claramente una impostora. Ella es en realidad una chica llamada Jeyne Poole, una de las amigas de la infancia de Sansa Stark.;;;;;;;;;x
TOOLTIPdiscredit_arya_stark;The girl purported to be Arya Stark is proclaimed to be an imposter, and named as Jeyne of House Poole\n;La fille prétendue être Arya Stark est révélée comme étant une imposteur, et se nomme Jeyne de la maison Poole\n;;;La niña que se supone que es Arya Stark es proclamada como una impostora y nombrada como Jeyne de la Casa Poole\n;;;;;;;;;x
EVTDESCninepenny_kings.13;Tytos Lannister is a weak ruler, always forgiving ours and other houses debt. His sons are more difficult however. Lord Tytos's heir Ser Tywin had demanded either repayment of the loans or hostages as security. Of coure I rejected his outrageous edicts, leading to the imprisonment of my vassal Lord Tarbeck, and our capture of three Lannisters in return! As ever, Lord Tytos capitulated, but Ser Tywin has subsequently sent a raven to Castamere demanding I answer for my supposed crimes at Casterly Rock.;Tytos Lannister est un dirigeant faible, pardonnant toujours à ses proches ainsi que les dettes d'autres maisons. Ses fils sont cependant plus difficiles. L'héritier de lord Tytos, Ser Tywin, avait exigé le remboursement des prêts ou des otages en garantie. Bien sûr, j'ai rejeté ses édits scandaleux, conduisant à l'emprisonnement de mon vassal Lord Tarbeck, et notre capture de trois Lannister en retour ! Comme toujours, Lord Tytos a capitulé, mais Ser Tywin a par la suite envoyé un corbeau à Castamere exigeant que je réponde pour mes crimes présumés envers Castral Roc.;;;Tytos Lannister Lannister es un gobernante débil, perdonando siempre la deuda de los nuestros y de otras casas. Sus hijos son más difíciles sin embargo. El heredero de Lord Tytos, Ser Tywin, había exigido el reembolso de los préstamos o los rehenes como garantía. ¡Por supuesto que rechacé sus edictos escandalosos, que condujeron al encarcelamiento de mi vasallo Lord Tarbeck, y nuestra captura de tres Lannisters a cambio! Como siempre, Lord Tytos capituló, pero Ser Tywin posteriormente envió un cuervo a Castamere exigiéndome que responda por mis supuestos crímenes en Casterly Rock.;;;;;;;;;x
EVTOPTAninepenny_kings.13;Outrageuos! We will seize Casterly Rock!;Scandaleux ! Nous allons nous emparer de Castral Roc !;;;!Indignante! ¡Aprovecharemos Casterly Rock!;;;;;;;;;x
EVTOPTBninepenny_kings.13;I will argue my case before Lord Tytos;Je discuterai ma cause devant Lord Tytos;;;Argumentaré mi caso ante Lord Tytos;;;;;;;;;x
EVTDESCaegons_landing.16;House Arryn, under the leadership of a weak boy and his mother, have been conquered by a foreign invader. Perhaps now is the right time to rise up in rebellion and crown myself Queen, so that the Sistermen can use the chaos to raid and pillage once more!;La maison Arryn, sous la direction d'un garçon faible et sa mère, ont été conquis par un envahisseur étranger. Peut-être est-ce désormais le bon moment pour monter en rébellion et me couronner Reine, afin que les Soeurois puissent utiliser le chaos pour raider et piller une fois de plus !;;;La Casa Arryn, bajo el liderazgo de un niño débil y su madre, ha sido conquistada por un invasor extranjero. Tal vez ahora es el momento adecuado para alzarse en rebelión y coronarme Reina, para que las Hermanas puedan causar el caos y saquear una vez más.;;;;;;;;;x
EVTOPTAaegons_landing.16;Yes, I will be Queen!;Oui, je serai reine !;;;!Sí, seré la reina!;;;;;;;;;x
EVTOPTBaegons_landing.16;No, that would be a folly;Non, ce serait une sottise;;;No, eso sería una locura;;;;;;;;;x
EVTDESCfeast_for_crows.549;Deaths of freedmen and Unsullied continue to grow nightly, and several former freed slave women have been raped by the Sons of the Harpy before having their throats slit open. I had taken the children of several Meereenese families of dubious loyalty as cupbearers in name, but hostages in truth in hopes that would stop the killing. The killings only continue though...;Les morts des affranchis et des Immaculés continuent à augmenter à chaque nuit ; des femmes afranchies ont été violées par des Fils de la Harpie avant d’être égorgées. En espérant améliorer la situation, j’ai pris les enfants de plusieurs familles de Meereen, parmi celles dont la loyauté peut être remise en doute et je les ai nommés officiellement échansons, même si ce sont en fait des otages. Mais les tueries ne font que continuer…;;;Las muertes de libertos e inmaculados continúan creciendo cada noche, y varias ex esclavas liberadas han sido violadas por los Hijos de la Arpía antes de que les abran la garganta. Había tomado a los hijos de varias familias de Meereen de dudosa lealtad como coperos, pero en realidad son rehenes con la esperanza de que detuvieran el asesinato. Los asesinatos solo continúan.....;;;;;;;;;x
EVTOPTAfeast_for_crows.549;Kill the hostages!;Tuez les otages !;;;¡Maten a los rehenes!;;;;;;;;;x
EVTOPTBfeast_for_crows.549;I will not harm innocent children;Je ne ferai pas de mal à des enfants innocents;;;No dañaré a niños inocentes;;;;;;;;;x
EVTTITLErogue_prince.1;The Rogue Prince;Le Prince Canaille;;;El Príncipe Pícaro;;;;;;;;;x
EVTDESCrogue_prince.1;In the early part of Viserys I's reign his chief annoyance was his own brother, Prince Daemon Targaryen. Daemon was mercurial and quick to take offense, but he was daring dashing and dangerous. He was one of his brothers brashest supporters in the Great Council, some say motivated by the belief he would be heir. However Rhaenyra was named heir instead, and now King Viserys has remarried to Lady Alicent Hightower.\n Seemingly grown tired of waiting for a crown, Demon is now determined to carve out his own kingdom. In this, he and Corlys Velrayon have made common cause, thanks to predations of the Three Daughters, or the Triarchy. This fledgling alliance of Lys, Myr and Tyrosh is menacing the trade flowing through The Stepstones, and the Rogue Prince has pledged to stop them.;Dans la première partie de son règne, la plus grande source d'ennuis de Viserys Ier était son frère, le prince Daemon Targaryen. Daemon était un guerrier renommé au caractère bien trempé qui aimait profiter de la vie. Mais il accumulait également les frasques et était prompt à s'offenser. Persuadé d'être l'héritier du royaume, il était le principal soutien de son frère au conseil. Mais c'est désormais Rhaenyra qui est l'héritière désignée du trône de fer, et le roi Viserys s'est remarié à lady Alicent Hightower. Lassé d'attendre une couronne, Demon est maintenant déterminé à se tailler son propre royaume. Pour ce faire il a fait cause commune avec Corlys Velrayon, inquiet des ambitions des Trois Filles, que l'on nomme aussi la Triarchie. Cette jeune alliance entre Lys, Myr et Tyrosh menace le commerce au large des Degrés de Pierre, et le prince canaille a juré de les stopper.;;;En la primera parte de su reinado, la mayor fuente de problemas de Viserys fue su hermano, el príncipe Daemon Targaryen. Daemon era un renombrado guerrero de fuerte carácter al que le gustaba disfrutar de la vida. Fue uno de los hermanos que apoyó a Viserys en el gran Consejo, algunos dicen que creyendo que sería nombrado heredero. Sin embargo, fue Rhaenyra la designada como heredera al Trono de Hierro, y el rey Viserys se volvió a casar con Alicent Hightower. Cansado de esperar por una corona, Daemon está decidido a labrarse su propio reino. Para ello, hizo causa común con Corlys Velaryon, en la Guerra de los Peldaños de Piedra contra las ambiciones del Reino de las Tres Hijas, también llamado La Triarquía. Esta joven alianza entre Lys, Myr y Tyrosh amenaza el comercio a través de los Peldaños de Piedra, y el Príncipe Pícaro ha jurado detenerlos.;;;;;;;;;x
EVTOPTArogue_prince.1;Prince Daemon, a rogue if there ever was one;;;;El Príncipe Daemon, un pícaro si alguna vez hubo uno;;;;;;;;;x
EVTOPTDfeast_for_crows.58;I have already recovered my kingdom!;;;;¡Ya recuperé mi reino!;;;;;;;;;x
TOOLTIPaegons_landing.1199;Duskendale declines;;;Valle Oscuro declina;;;;;;;;;x;
EVTDESCaegons_landing.1199;In years gone by, Duskendale was the principal Westerosi port on the Narrow Sea and had grown fat and wealthy from the trade that passed through its harbor. The city is now being surpassed by King's Landing however: cogs and galleys from Oldtown, Lannisport and the Free Cities are more frequently docking at the capital as the flow of trade shifts away from Duskendale.;;;;En años pasados, Valle Oscuro era el principal puerto de Poniente en el Mar Estrecho y se había vuelto grande y rico gracias al comercio que pasaba a través de su puerto. Sin embargo, la ciudad ahora está siendo superada por Desembarco del Rey: los barcos y las galeras de Antigua, Lannisport y las Ciudades Libres atracan con mayor frecuencia en la capital a medida que el flujo de comercio se aleja de Valle Oscuro.;;;;;;;;;x
EVTOPTAaegons_landing.1199;This is unfortunate;;;;Esto es desafortunado;;;;;;;;;x
EVTDESCaegons_landing.17;Harren Hoare, the King of the Isles and the Rivers, is nearing completion of his vast castle, Harrenhal, and is said to be looking for more conquests. Afraid of this, I proposed an alliance with Aegon Targaryen to create a buffer zone between myself and Harren. I offered the hand of my daughter, Argella, in marriage as well as dowry lands. Aegon has sent word of his agreement with this proposal.;;;;Harren Hoare, el Rey de las Islas y los Ríos, está a punto de completar su enorme castillo, Harrenhal, y se dice que está buscando más conquistas. Temeroso de esto, propuse una alianza con Aegon Targaryen para crear una zona de separación entre Harren y yo. Ofrecí la mano de mi hija, Argella, en matrimonio y tierras de dote. Aegon ha enviado un mensaje de su acuerdo con esta propuesta.;;;;;;;;;x
EVTOPTAaegons_landing.17;That is surprising I must say!;;;;¡Debo decir que es sorprendente!;;;;;;;;;x
EVTOPTBfeast_for_crows.600;Now is not the right time;;;;Ahora no es el momento adecuado;;;;;;;;;x
KINGSWOOD_BROTHERHOOD;The Kingswood Brotherhood;;;;Hermandad del Bosque Real;;;;;;;;;x
TOOLTIPfeast_for_crows.581;Daenerys Targaryen forfeits all land and title in the East, with her and her followers being required to leave Slaver's Bay;;;;Daenerys Targaryen pierde toda las tierras y el títulos en el Este, con ella y sus seguidores obligados a abandonar la Bahía de los Esclavos;;;;;;;;;x
EVTDESCfeast_for_crows.1198;I have made [From.GetTitledFirstNameWithDynasty] my Lord of Winterfell, and as we agreed [From.GetSheHe] has converted to the Lord of Light and had the godswood in Winterfell burned.;;;;[From.GetTitledFirstNameWithDynasty] se a convertido en Lord de Invernalia, [From.GetSheHe] se ha convertido al Señor de la Luz y los Arcianos estaban quemados en Invernalia como acordamos.;;;;;;;;;x
EVTOPTAfeast_for_crows.1198;I am satisfied;;;;Estoy satisfecho;;;;;;;;;x
EVTDESCfeast_for_crows.1197;I have made [From.GetTitledFirstNameWithDynasty] my Lord of Winterfell, however [From.GetSheHe] has not honoured [From.GetHerHis] agreement to convert to the Lord of Light, and is refusing to have the godswood in Winterfell burned.;;;;[From.GetTitledFirstNameWithDynasty] se a convertido en Lord de Invernalia,  sin embargo [From.GetSheHe] no ha cumplido el acuerdo acuerdo para convertirse al Señor de la Luz, y se niega a quemar los Arcianos en Invernalia.;;;;;;;;;x
EVTOPTAfeast_for_crows.1197;*grinds teeth*;;;;*muerdes los dientes*;;;;;;;;;x
EVTTITLEfeast_for_crows.6090;The Mage;;;;El mago;;;;;;;;;x
EVTDESCfeast_for_crows.6090;A man by the name of Marwyn the Mage has arrived in [Root.Capital.GetName]. He is an archmaester of The Citadel, short and squat with enormous hands, a thick chest and a hard ale-belly. He says he spent eight years in the east mapping distant lands, searching for lost books, and studying with warlocks and shadowbinders.\n\nAfter hearing of your dragons he travelled here to offer you his services: that his ring, rod and mask are made of Valyrian steel would suggest he knows of magic. He is also offering a precious glass candle as a gift.;;;;Un hombre con el nombre de Marwyn el Mago ha llegado a [Root.Capital.GetName]. Es un archimaestro de La Ciudadela, bajo y achaparrado con manos enormes, un cofre grueso y una dura barriga. Dice que pasó ocho años en el este cartografiando tierras lejanas, buscando libros perdidos y estudiando con brujos y aeromantes.\n\nDespués de enterarse de sus dragones, viajó aquí para ofrecerle sus servicios: su anillo, varilla y máscara estan hechos de acero Valyrio lo que sugeriría que sabe de magia. También está ofreciendo una preciosa Vela de vidrio como regalo.;;;;;;;;;x
EVTDESCfeast_for_crows.6090B;A man by the name of Marwyn the Mage has arrived in [Root.Capital.GetName]. He is an archmaester of The Citadel, short and squat with enormous hands, a thick chest and a hard ale-belly. He says he spent eight years in the east mapping distant lands, searching for lost books, and studying with warlocks and shadowbinders.\n\nAfter hearing of your dragons he travelled here to offer you his services: that his ring, rod and mask are made of Valyrian steel would suggest he knows of magic.;;;;Un hombre con el nombre de Marwyn el Mago ha llegado a [Root.Capital.GetName]. Es un archimaestro de La Ciudadela, bajo y achaparrado con manos enormes, un cofre grueso y una dura barriga. Dice que pasó ocho años en el este cartografiando tierras lejanas, buscando libros perdidos y estudiando con brujos y aeromantes.\n\nDespués de enterarse de sus dragones, viajó aquí para ofrecerle sus servicios: su anillo, varilla y máscara estan hechos de acero Valyrio lo que sugiere que sabe de magia.;;;;;;;;;x
EVTOPTAfeast_for_crows.6090;You could be most useful;;;;Podrías ser muy útil;;;;;;;;;x
EVTDESCfeast_for_crows.5902;My hapless brother Victarion made it to the court of Daenerys Targaryen, and by all accounts tried to blow the dragon horn to claim one of her dragons for himself. He of course died in the process, and now one of the dragons has arrived in [Root.Capital.GetName] to serve the true master of the horn.;;;;Mi desafortunado hermano Victarion llegó a la corte de Daenerys Targaryen, y por todos los medios trató de tocar el cuerno de dragón para reclamar uno de sus dragones para él. Él, por supuesto, murió en el proceso, y ahora uno de los dragones ha llegado a [Root.Capital.GetName] para servir al verdadero maestro del cuerno.;;;;;;;;;x
EVTOPTAfeast_for_crows.5902;The world will be mine!;;;;¡El mundo será mío!;;;;;;;;;x
feast_for_crows.999;§RWARNING:§! You are playing in a later bookmark with the 'A Dance of Dragons' spoiler remover activated. There will probably be spoilers in this bookmark if you have not read 'A Feast for Crows' or 'A Dance of Dragons'.;;;;§! Estás jugando en una época posterior con el eliminador de spoilers 'Danza de dragones' activado. Probablemente habrá spoilers en esta época si no ha leído 'Festín de cuervos' o 'Danza de dragones';;;;;;;;;x
bid_for_independence_ACOK;Bid for Independence;;;;Haga una oferta para la independencia;;;;;;;;;x
bid_for_independence_ACOK_desc;Bid for Independence;;;;Haga una oferta para la independencia;;;;;;;;;x
TOOLTIPvolantis_rhoynar_invasion;All lands of the [From.PrimaryTitle.GetFullName] are surrendered to the [Root.PrimaryTitle.GetFullName]. [From.Capital.GetName] is sacked, its ruins sowed with salt so that it might never rise again.;;;;Todas las tierras de [From.PrimaryTitle.GetFullName] se entregan a [Root.PrimaryTitle.GetFullName]. [From.Capital.GetName] es saqueada, sus ruinas se sembraran de sal para que nunca vuelva a existir.;;;;;;;;;x
TOOLTIPvolantis_rhoynar_counter_invasion;All colonies of [From.PrimaryTitle.GetFullName] and the Freehold of Valyria located on The Rhoyne are to be abandoned, and their hinterlands surrendered to the [Root.PrimaryTitle.GetFullName].;;;;Todas las colonias de [From.PrimaryTitle.GetFullName] y del Feudo de Valyria ubicadas en Rhoyne serán abandonadas, y sus tierras se entregarán a [Root.PrimaryTitle.GetFullName].;;;;;;;;;x
TOOLTIPvolantis_rhoynar_counter_invasionB;The Rhoynar are to surrender to the Valyrian Freehold unconditionally. Their cities are to be sacked, their ruins sowed with salt so that it might never rise again. All Rhoynar are to be enslaved.;;;;Los Rhoynar deben rendirse incondicionalmente al Feudo Valyrio. Sus ciudades deben ser saqueadas, sus ruinas sembradas de sal para que nunca vuelvan a surgir. Todos los Rhoynars deben ser esclavizados.;;;;;;;;;x
EVTTITLEvalyria.150;The Spice Wars;;;;Las guerras de las especias;;;;;;;;;x
EVTDESCvalyria.150;Disputes between our civilised colonies and the savage Rhoynar have became ever more common and ever more rancorous, giving birth to a series of short but bloody wars. Cities and towns have been burned, drowned, and rebuilt. Thousands have killed or enslaved. We Valyrians have emerged as victors more oft than not.\n\nNow this series of conflicts must end, lest we lose our foothold on the Rhoyne. The Valyrian dragonlords are urging us to sack and destroy [rhoynar_target.PrimaryTitle.GetName], one the great Rhoynar city states. We are to eliminate their armies, and take their children into slavery, and their proud city put to the torch and sowed with salt.;;;;Las disputas entre nuestras colonias y los salvajes Rhoynar se han vuelto cada vez más comunes y cada vez más rencorosas, dando lugar a una serie de guerras cortas pero sangrientas. Ciudades y pueblos han sido quemados, destruidos y reconstruidos. Miles de personas han muerto o estan esclavizadas. Los Valirios hemos emergido como vencedores más que nunca.\n\nAhora deben terminar esta serie de conflictos, para no perder nuestro dominio en Rhoyne. Los Señores de Dragones Valyrios deben saquear y destruir [rhoynar_target.PrimaryTitle.GetName], una de las grandes ciudades de Rhoynar. Debemos eliminar a sus ejércitos y llevar a sus hijos a la esclavitud, y su orgullosa ciudad pasarla a la luz y sembrarla con sal.;;;;;;;;;x
EVTOPTAvalyria.150;It shall be done, in the name of the Freehold!;;;;¡Se hará, en el nombre de Feudo!;;;;;;;;;x
EVTOPTBvalyria.150;We cannot attack the Rhoynar now;;;;No podemos atacar a Rhoynar ahora;;;;;;;;;x
EVTTITLEvalyria.152;The Spice Wars;;;;Las guerras de las especias;;;;;;;;;x
EVTDESCvalyria.152;Disputes between our city states and the aggressive valyrian colonies have became more rancorous, finally giving birth to a series of short but bloody wars. Thousands have been killed or enslaved. In these conflicts, the Valyrians emerged as victors more oft than not. This conflict has reached a bloody climax, [From.PrimaryTitle.GetName] has overwhelmed, sacked, and destroyed one of the city states. The warriors were slaughtered savagely, their children carried off into slavery, and their proud city put to the torch.\n\nThe utter destruction of one the cities of the Rhoyne, and the enslavement of her people, has shocked and dismayed the remaining Rhoynar princes. As one of greatest of them, the rhoynar warriors call upon you to lead a great alliance, to wash away every Valyrian city on the river.;;;;Las disputas entre nuestras ciudades estado y las agresivas colonias valyrias se ha Intensificado, dando lugar a una serie de guerras breves pero sangrientas. Miles han sido asesinados o esclavizados. En estos conflictos, los Valyrios emergieron como vencedores más a menudo. Este conflicto ha alcanzado un climax sangriento, [From.PrimaryTitle.GetName] ha abrumado, saqueado y destruido una de las ciudades estado. Los guerreros fueron asesinados salvajemente, sus hijos llevados a la esclavitud, y su orgullosa ciudad puesta a la luz.\n\nLa destrucción total de una de las ciudades de Rhoyne, y la esclavización de su pueblo, ha conmocionado y consternado a los príncipes Rhoynar restantes. Como uno de los más importantes, los guerreros de Rhoyne te piden que dirijas una gran alianza, y que elimines todas las ciudades de Valyria en el río.;;;;;;;;;x
EVTOPTAvalyria.152;We shall all be slaves unless we join together to end this threat;;;;Todos seremos esclavos a menos que nos unamos para poner fin a esta amenaza;;;;;;;;;x
EVTOPTBvalyria.152;This is a war we cannot hope to win;;;;Esta es una guerra que no podemos esperar ganar;;;;;;;;;x
EVTTITLEvalyria.153;The Spice Wars;;;;Las guerras de las especias;;;;;;;;;x
EVTDESCvalyria.153;Disputes between our city states and the aggressive valyrian colonies have became more rancorous, finally giving birth to a series of short but bloody wars. Thousands have been killed or enslaved. In these conflicts, the Valyrians emerged as victors more oft than not. This conflict has reached a bloody climax, [FromFrom.PrimaryTitle.GetName] has overwhelmed, sacked, and destroyed one of the Rhoynish city states. The warriors were slaughtered savagely, their children carried off into slavery, and their proud city put to the torch.\n\nThe utter destruction of one the cities of the Rhoyne, and the enslavement of her people, has shocked and dismayed the remaining Rhoynar princes. 'We shall all be slaves unless we join together to end this threat', the greatest of them, [From.GetFirstName] of [From.PrimaryTitle.GetName], has declared. This warrior [From.GetTitle] calls upon [From.GetHerHis] fellows to join with [From.GetHerHim] in a great alliance, to wash away every Valyrian city on the river.;;;;Las disputas entre nuestras ciudades estado y las agresivas colonias valyrias se ha vuelto más agresiva, dando lugar a una serie de guerras breves pero sangrientas. Miles han sido asesinados o esclavizados. En estos conflictos, los Valyrios emergian vencedores más a menudo. Este conflicto ha alcanzado un clímax sangriento, [FromFrom.PrimaryTitle.GetName] ha arrasado, saqueado y destruido uno de los estados de la ciudad de Rhoynish. Los guerreros fueron asesinados salvajemente, sus hijos llevados a la esclavitud, y su orgullosa ciudad fue arrasada.\n\nLa destrucción total de una de las ciudades de los Rhoyne, y la esclavización de su pueblo, ha conmocionado y consternado a los príncipes Rhoynar restantes. 'Todos seremos esclavos a menos que nos unamos para terminar con esta amenaza', el mayor de ellos, [From.GetFirstName] de [From.PrimaryTitle.GetName], ha declarado la guerra. Este guerrero [From.GetTitle] hace un llamado a los compañeros para que se unan en una gran alianza, para expulsar a todas las ciudades de Valyria en el río.;;;;;;;;;x
EVTOPTAvalyria.153;My warriors are eager to fight, I have no choice but to join the great alliance.;;;;Mis guerreros están ansiosos por luchar, no tengo más remedio que unirme a la gran alianza.;;;;;;;;;x
EVTTITLEvalyria.155;Ten Thousand Ships;;;;Diez mil naves;;;;;;;;;x
EVTDESCvalyria.155;High on the Rhoyne, in our fair city, we have received the news of [From.GetFirstName]’s shattering defeat and the enslavement of the people of the Rhoynar. The same fate awaits our own city. Accordingly, I have gathered every ship that remains upon the Rhoyne, large or small, and filled them full of as many women and children as they can carry (for almost all the men of fighting age had marched with [From.GetFirstName], and died). Down the river I have led this ragged fleet, past ruined and smoking towns and fields of the dead, through waters choked with bloated, floating corpses. To avoid Volantis and its hosts, I chose the older channel and emerged into the Summer Sea where once Sarhoy has stood.;;;;En lo alto de Rhoyne, en nuestra bella ciudad, hemos recibido la noticia de la derrota demoledora de [From.GetFirstName] y la esclavización de la gente de Rhoynar. El mismo destino aguarda a nuestra propia ciudad. En consecuencia, he reunido todas las naves que quedan sobre el Rhoyne, grandes o pequeñas, y las he llenado de tantas mujeres y niños como puedan (porque casi todos los hombres en edad de combatir marcharon con [From.GetFirstName], y murió). Río abajo, he guiado a esta harapienta flota, pasando por ciudades arruinadas y humeantes, y campos de muertos, a través de aguas llenas de cuerpos hinchados y flotantes. Para evitar a Volantis y sus anfitriones, elegí el canal más antiguo y emergí en el Mar de Verano, donde una vez estuvo Sarhoy.;;;;;;;;;x
EVTOPTAvalyria.155;I take to sea, to search for a new home for my people;;;;Me los llevo al mar, a buscar un nuevo hogar para mi gente;;;;;;;;;x
EVTTITLEvalyria.156;Ten Thousand Ships;;;;Diez mil naves;;;;;;;;;x
EVTDESCvalyria.156;The voyage has been long and terrible. Many ships foundered and sank in storms. Many more turned back in fear, and were taken by slavers out of Volantis. Others fell behind, never to be seen again. We fell afoul to the corsairs of the Basilisk Isles, the jungles of Sothoryos and the diseases of Naath. Now, in the Summer Isles, we have settled on a rock off Walano, now known as the Isle of Women. But its thin stony soil yields little food, and many have starved.\n\nPerhaps we should make west for Westeros? Dorne is dry, desolate, and thinly peopled, split into quarrelsome lords and petty kings, ready to be unified under one Rhoynar ruler.;;;;El viaje ha sido largo y terrible. Muchos barcos naufragaron y se hundieron en tormentas. Muchos más se volvieron y fueron tomados por esclavos en Volantis. Otros se retrasaron, nunca más serán vistos. Nos encontramos con corsarios de las Islas Basilisco, de las junglas de Sothoryos y enfermedades de Naath. Ahora, en las Islas de Verano, nos hemos instalado en una roca frente a Walano, ahora conocida como la Isla de las Mujeres. Pero su suelo delgado y pedregoso produce poca comida, y muchos han muerto de hambre.\n\nQuizá deberíamos ir al oeste para Poniente? Dorne está seco, desolado y escasamente poblado, dividido en señores pendencieros y reyes mezquinos, listo para unificarse bajo un solo reino Rhoynar.;;;;;;;;;x
EVTOPTAvalyria.156;Dorne shall be the new home of the Rhoynar;;;;Dorne será el nuevo hogar de los Rhoynar;;;;;;;;;x
EVTOPTCvalyria.156;We can settle here in The Summer Islands;;;;Podemos establecernos aquí en las Islas del Verano;;;;;;;;;x
EVTTITLEvalyria.157;Ten Thousand Ships;;;;Diez mil naves;;;;;;;;;x
EVTDESCvalyria.157;The Rhoynar have been utterly destroyed by the valyrians, most of their people enslaved or killed. Some managed to escape a great host of ships however, led by the warrior [From.GetName]. [From.GetSheHeCap] has led them on a long and terrible voyage to try and find a new home for [From.GetHerHis] people, but now they have arrived here. Most of the Dornish lords view the Rhoynar as unwelcome interlopers, invaders with queer foreign ways and strange gods, who should be driven back into the sea whence they’d come. But I see in the newcomers an opportunity …;;;;Los Rhoynar han sido completamente destruidos por los valyrios, la mayoría de la gente esclavizada o asesinada. Sin embargo, algunos lograron escapar en una gran cantidad de barcos, liderados por la guerrera [From.GetName]. [From.GetSheHeCap] los ha llevado en un largo y terrible viaje para tratar de encontrar un nuevo hogar para su gente, pero ahora han llegado aquí, la mayoría de los señores Dornienses ven a los Rhoynar como intrusos no deseados, invasores con extraños modos extraños y dioses extraños, que deberían ser devueltos al mar de donde venían. Pero veo en los recién llegados una oportunidad...;;;;;;;;;x
EVTOPTAvalyria.157;Together we shall unite Dorne!;;;;¡Juntos uniremos a Dorne!;;;;;;;;;x
EVTDESCvalyria.158;When first a Dornish Lord took a Rhoynar spouse, hundreds of their knights and bannermen also wed Rhoynar, and many also took them for their paramours. Thus were the two peoples united by blood. The Rhoynar bring considerable wealth with them: their artisans, metalworkers, and stonemasons bring skills far in advance of those achieved by their Westerosi counterparts.;;;;Cuando un Señor Dorniense tomó por primera vez a un cónyuge Rhoynar, cientos de sus caballeros y vasallos también se casaron con gente de Rhoynar, y muchos también las tomaron como sus amantes. Así fueron los dos pueblos unidos por la sangre. Los Rhoynar traen una riqueza considerable con ellos: sus artesanos, metalúrgicos y canteros traen habilidades mucho más avanzadas que las logradas en Poniente.;;;;;;;;;x
EVTOPTAvalyria.158;Our cultures are unified;;;;Nuestras culturas están unificadas;;;;;;;;;x
TEN_THOUSAND_SHIPS_HOST;[This.GetFirstName]'s Host;;;;El Anfitrión de [This.GetFirstName];;;;;;;;;x
EVTDESCfeast_for_crows.3199;The Magnar of The Thenn, after being allowed to pass through The Wall with his defeated people, has declared for our cause.;;;;;;;;;;;;;x
TOOLTIPconquestreturncrownlands;[This.PrimaryTitle.GetName] shall be returned to [From.PrimaryTitle.GetName];;;;;;;;;;;;;x
TOOLTIPaegons_conquest_failed;The Conquest has FAILED. [Root.GetFirstNameWithDynasty]'s claim to be [Root.GetTitle] of [Root.PrimaryTitle.GetName] is no longer recognised.;;;;;;;;;;;;;x
EVTTITLEcentury_of_blood.1;The Century of Blood;;;;;;;;;;;;;x
EVTDESCcentury_of_blood.1;The Valyrian Freehold has collapsed. A Doom has befallen the peninsula that means Valyria is now gone and the Freehold destroyed. It is said that the fire and smoke was so hot that even the dragons have been consumed. The destruction of Valyria has strongly reduced the number of dragonlords left in the known world: House Targaryen had already relocated to Dragonstone, some other dragonslords, those who had not been in Valyria when the Doom occurred, have survived as well.\n\nThe destruction of Valyria has left a power vacuum in Essos. Aurion, a dragonlord who had been visiting Qohor, has proclaimed himself the first Emperor of Valyria and raised forces from the Qohorik. Volantis, the mightiest of the nine Free Cities, has laid claim to Valyria's empire. Meanwhile, there are rumours of Dothraki riding out of the east...;;;;;;;;;;;;;x
EVTOPTAcentury_of_blood.1;I will take my host to claim the remains of Valyria!;;;;;;;;;;;;;x
EVTOPTBcentury_of_blood.1;I will rule over the remaining remnants of the Freehold;;;;;;;;;;;;;x
EVTOPTCcentury_of_blood.1;I will stay here and reign as King for now;;;;;;;;;;;;;x
TOOLTIPcentury_of_blood.3;You take your host on a dangerous quest into the remains of Valyria;;;;;;;;;;;;;x
EVTOPTAcentury_of_blood.2;There will surely be struggle and chaos;;;;;;;;;;;;;x
EVTTITLEcentury_of_blood.3;The Map to Valyria;;;;;;;;;;;;;x
EVTDESCcentury_of_blood.3;An old haggard man has arrived in [Root.Location.GetName] claiming to have escaped the Doom of Valyria, and is brought before your court. The old man gives a smile [Root.Religion.GetRandomGodName] would be afraid of, '[Root.PrimaryTitle.GetFOA], it has come to my attention that you are looking for a way to claim the riches of Valryia. As it happens, I have a map in my possession that may help you with your....ambition.'\n\nThe old man tells you he is certain about the safest route to the city. He points to it on the map and appears convinced. No doubt the journey there will be long, arduous and very dangerous, put purchasing this map and following it could yield great reward.;;;;;;;;;;;;;x
EVTOPTAcentury_of_blood.3;Yes, prepare my host!;;;;;;;;;;;;;x
EVTOPTBcentury_of_blood.3;This would be a dangerous folly;;;;;;;;;;;;;x
EVTDESCcentury_of_blood.4;You have managed to escape from Valyria relatively unharmed. The ancient heartlands of the Freehold are clearly lost to us. But now, having safely negotiated the Smoking Sea, you have landed the surviving members of your host in [aurions_landing_location.GetName] and can prepare a new plan of action...;;;;;;;;;;;;;x
EVTOPTAcentury_of_blood.4;The remnants of Valyria shall be united under me!;;;;;;;;;;;;;x
EVTOPTBcentury_of_blood.4;I shall rule here in [aurions_landing_location.GetName] for now;;;;;;;;;;;;;x

