#CODE;ENGLISH;FRENCH;GERMAN;;SPANISH;;;;;;;;;x
EVTDESCtourney.1;The ravens are ready to be sent forth notifying Knights and Lords alike of the Tourney of [Root.Capital.GetName]. How big shall this tourney be?;Les corbeaux sont prêts à être envoyés aux chevaliers et seigneurs pour les informer de l'organisation du Tournoi de [Root.Capital.GetName]. Ce tournoi aura-t-il du succès?;;;Los cuervos están listos para ser enviados a todos los caballeros y Señores e informarlos del torneo de [Root.Capital.GetName]. Cómo de grande será el torneo?;;;;;;;;;x
EVTOPTAtourney.1;A small local tourney will suffice;Un petit tournoi local suffira;;;Un pequeño torneo local será suficiente;;;;;;;;;x
TOOLTIPtourney.1LOCAL;Knights and Lords residing near [Root.Capital.GetName] are invited\n;Les chevaliers et seigneurs demeurant près de [Root.Capital.GetName] sont invités\n;;;Caballeros y Señores cercanos a [Root.Capital.GetName] serán invitados\n;;;;;;;;;x
EVTOPTBtourney.1;A larger regional tourney;Un tournoi régional;;;Un gran torneo regional;;;;;;;;;x
TOOLTIPtourney.1REGIONAL;All Knights and Lords of [This.GetName] are invited\n;Tous les chevaliers et seigneurs de [This.GetName] sont invités\n;;;Todos los caballeros y Señores de [This.GetName] serán invitados\n;;;;;;;;;x
EVTOPTCtourney.1;A grand tourney for all the realm!;Un grand tournoi pour tout le Royaume!;;;Un gran torneo para todo el Reino!;;;;;;;;;x
TOOLTIPtourney.1GRAND;All Knights and Lords of the realm are invited\n;Tous les chevaliers et seigneurs du Royaume sont conviés\n;;;Todos los caballeros y Señores del Reino serán invitados\n;;;;;;;;;x
EVTOPTDtourney.1;I don't want to hold a tourney after all;Finalement, je ne veux pas organiser de tournoi;;;No celebraré el torneo, he cambiado de idea;;;;;;;;;x
EVTDESCtourney.2A;[Root.GetTitledFirstNameWithDynasty], I hereby invite you to participate in the tourney of [From.Capital.GetName], where the Knights residing near [From.Capital.GetName] shall test their mettle.\n\n Regards,\n[From.GetFirstNameWithDynasty], [From.GetTitle] of [From.PrimaryTitle.GetName];[Root.GetOnlyDynastyName], je souhaite par la présente vous inviter au tournoi de [From.Capital.GetName], où les chevaliers de ce pays mettront à l'épreuve leur courage.\n\n Cordialement,\n[From.GetFirstNameWithDynasty], [From.GetTitle] de [From.PrimaryTitle.GetName].;;;[Root.GetTitledFirstNameWithDynasty], Por la presente os invito a asistir al torneo de [From.Capital.GetName], donde los caballeros y Señores cercanos a [From.Capital.GetName] demostrarán su valía en la liza.\n\n Saludos,\n[From.GetFirstNameWithDynasty], [From.GetTitle] de [From.PrimaryTitle.GetName];;;;;;;;;x
EVTDESCtourney.2B;[Root.GetTitledFirstNameWithDynasty], I hereby invite you to participate in the tourney of [From.Capital.GetName], where the best Knights and Lords of [tourney_kingdom.GetName] shall be invited to compete.\n\n Regards,\n[From.GetFirstNameWithDynasty], [From.GetTitle] of [From.PrimaryTitle.GetName];[Root.GetOnlyDynastyName], je souhaite par la présente vous inviter au tournoi de [From.Capital.GetName], où les meilleurs chevaliers et seigneurs de mettront à l'épreuve leur courage.\n\n Cordialement,\n[From.GetFirstNameWithDynasty], [From.GetTitle] de [From.PrimaryTitle.GetName].;;;[Root.GetTitledFirstNameWithDynasty], Por la presente os invito a asistir al torneo de [From.Capital.GetName], donde los mejores caballeros y Señores de [tourney_kingdom.GetName] serán invitados para competir.\n\n Saludos,\n[From.GetFirstNameWithDynasty], [From.GetTitle] de [From.PrimaryTitle.GetName];;;;;;;;;x
EVTDESCtourney.2C;[Root.GetTitledFirstNameWithDynasty], I hereby invite you to participate in the Grand Tourney of [From.Capital.GetName], where the the finest Knights and Lords of all the realm shall be invited to find out who is the most gallant and able knight in the land.\n\n Regards,\n[From.GetFirstNameWithDynasty], [From.GetTitle] of [From.PrimaryTitle.GetName];[Root.GetOnlyDynastyName], je souhaite par la présente vous inviter au Grand Tournoi de [From.Capital.GetName], où les plus habiles chevaliers et seigneurs du Royaume s'affronteront pour décider de qui est le plus vaillant d'entre eux.\n\n Cordialement,\n[From.GetFirstNameWithDynasty], [From.GetTitle] de [From.PrimaryTitle.GetName].;;;[Root.GetTitledFirstNameWithDynasty], Por la presente os invito a asistir al Gran Torneo de [From.Capital.GetName], donde los mejores caballeros y Señores de todo el Reino serán invitados para encontrar al caballero más galante y talentoso del Reino.\n\n Saludos,\n[From.GetFirstNameWithDynasty], [From.GetTitle] de [From.PrimaryTitle.GetName];;;;;;;;;x
EVTOPTC70000;This is below me;C'est au-dessous de mon niveau.;;;Está por debajo de mi nivel.;;;;;;;;;x
TOURNAMENTTITLE2;Tourney of [From.Capital.GetName];Tournoi de [From.Capital.GetName];;;Torneo de [From.Capital.GetName];;;;;;;;;x
TOURNAMENTTITLE3;Tourney of [Root.Capital.GetName];Tournoi de [Root.Capital.GetName];;;Torneo de [Root.Capital.GetName];;;;;;;;;x
hold_a_epic_tournament_LP;Hold a Grand Tourney of [Root.Capital.GetName];Organiser un Grand Tournoi à [Root.Capital.GetName];;;Organizar un Gran Torneo en [Root.Capital.GetName];;;;;;;;;x
hold_a_epic_tournament_LP_desc;Let us hold a tournament the like of which is only rumoured. All Knights and Lords of the realm will gather at [Root.Capital.GetName];Permettez-nous d'organiser un tournoi comme nul pareil. Tous les Chevaliers et les Seigneurs du Royaume se rassembleront à [Root.Capital.GetName].;;;Organizaremos un torneo que será recordado hasta el fin de los dias. Todos los caballeros y señores del Reino se darán cita en [Root.Capital.GetName];;;;;;;;;x
hold_a_epic_tournament_high_lord;Hold a regional Tourney;Organiser un Tournoi Régional;;;Organizar un Torneo regional;;;;;;;;;x
hold_a_epic_tournament_high_lord_desc;Let us hold a jousting tournament for the Knights and Lords of our region in [Root.Capital.GetName];Permettez-nous d'organiser une joute pour les Chevaliers et Seigneurs de notre région à [Root.Capital.GetName].;;;Organizaremos un torneo en el que se darán cita los caballeros y señores de la región en [Root.Capital.GetName];;;;;;;;;x
tournament_invite_1;Let all Knights and Lords of the region be invited;Permettez à tous les Chevaliers et Seigneurs de la région d'être invités.;;;Permite que todos los caballeros y señores de la región sean invitados.;;;;;;;;;x
hold_a_epic_tournament_lord;Hold a local Tourney;Organiser un Tournoi Local;;;Organizar un Torneo local;;;;;;;;;x
hold_a_epic_tournament_lord_desc;Let us hold a small tournament for local Knights and Lords in [Root.Capital.GetName];Permettez-nous d'organiser un tournoi pour les Chevaliers et les Lords des environs à [Root.Capital.GetName].;;;Organizaremos un torneo en el que se darán cita los caballeros y señores locales.;;;;;;;;;x
tournament_invite_2;Let all local Knights and Lords be invited;Permettez à tous les Chevaliers et Seigneurs des environs d'être invités.;;;Permite que todos los caballeros y señores locales sean invitados.;;;;;;;;;x
grand_tourny_1st;Grand tourney wins:;Victoires Grand Tournoi:;;;Victorias en Gran Torneo:;;;;;;;;;x
grand_tourny_2nd;Grand tourney second places:;Secondes places Grand Tournoi:;;;Segundas plazas en Gran Torneo:;;;;;;;;;x
grand_tourny_3rd;Grand tourney third places:;Troisièmes places Grand Tournoi:;;;Terceras plazas en Gran Torneo:;;;;;;;;;x
normal_tourny_1st;Regional tourney wins:;Victoires Tournoi Régional:;;;Victorias en Torneo Regional:;;;;;;;;;x
normal_tourny_2nd;Regional tourney second places:;Secondes places Tournoi Régional:;;;Segundas plazas en Torneo Regional:;;;;;;;;;x
normal_tourny_3rd;Regional tourney third places:;Troisèmes places Tournoi Régional:;;;Terceras plazas en Torneo Regional:;;;;;;;;;x
small_tourny_1st;Small tourney wins:;Victoires Petit Tournoi:;;;Victorias en Torneo Local:;;;;;;;;;x
small_tourny_2nd;Small tourney second places:;Secondes places Petit Tournoi:;;;Segundas plazas en Torneo Local:;;;;;;;;;x
small_tourny_3rd;Small tourney third places:;Troisièmes places Petit Tournoi:;;;Terceras plazas en Torneo Local:;;;;;;;;;x
EVTDESC70052;[FromFrom.GetTitledFirstNameWithDynasty] has been crowned the winner of [From.GetTitle] [From.GetFirstNameWithDynasty]'s tournament.;[FromFrom.GetTitle] [FromFrom.GetFirstNameWithDynasty] a été couronné vainqueur du tournoi de [From.GetTitle] [From.GetFirstNameWithDynasty].;;;[FromFrom.GetTitledFirstNameWithDynasty] ha sido coronado vencedor del Torneo de [From.GetTitle] [From.GetFirstNameWithDynasty].;;;;;;;;;x
EVTDESC70054;A previously unknown hedge knight has been crowned the winner of my tourney, perhaps I should take him into my service?;Un chevalier errant auparavant inconnu a été couronné vainqueur de mon tournoi. Peut-être devrais-je le prendre à mon service ?;;;Un caballero errante hasta ahora desconocido ha sido coronado como el ganador de mi torneo, tal vez debería llevarlo a mi corte?;;;;;;;;;x
EVTDESC70055;A previously unknown hedge knight has won second place at my tourney, perhaps I should take him into my service?;Un chevalier errant auparavant inconnu a remporté la seconde place de mon tournoi. Peut-être devrais-je le prendre à mon service ?;;;Un caballero errante hasta ahora desconocido ha quedado en segundo lugar en mi torneo, tal vez debería llevarlo a mi corte?;;;;;;;;;x
EVTDESC70056;A previously unknown hedge knight has won third place at my tourney, perhaps I should take him into my service?;Un chevalier errant auparavant inconnu a remporté la troisième place de mon tournoi. Peut-être devrais-je le prendre à mon service ?;;;Un caballero errante hasta ahora desconocido ha quedado en tercer lugar en mi torneo, tal vez debería llevarlo a mi corte?;;;;;;;;;x
EVTOPTA70054;Hedge Knights don't belong here;Les Chevaliers Errants n'ont rien à faire ici.;;;Los caballeros errantes no tienen cabida aquí.;;;;;;;;;x
EVTOPTB70054;I shall welcome him;Je l'accueillerai.;;;Voy a darle la bienvenida;;;;;;;;;x
opinion_queen_love_beauty;Named me Queen of Love and Beauty;Reine d'amour et de beauté;;;Reina del amor y la belleza;;;;;;;;;x
opinion_queen_love_beauty_chosen;My Queen of Love and Beauty;Ma reine d'amour et de beauté;;;Elegida Reina del Amor y la Belleza;;;;;;;;;x
EVTTOOLTIP70057;will be most pleased;sera enchantée;;;estará complacida;;;;;;;;;x
EVTDESC70053;As winner of the Tourney of [From.Capital.GetName] I have the honour of selecting the Queen of Love and Beauty for the tournament.;En tant que vainqueur du Tournoi de [From.Capital.GetName] j'ai l'honneur de choisir la reine d'amour et de beauté du tournoi.;;;Como ganador del Torneo de [From.Capital.GetName] tengo el honor de elegir a la Reina del Amor y la Belleza de este Torneo.;;;;;;;;;x
EVTOPT70053SPOUSE;Of course my fair [Root.Spouse.GetFirstName] is my queen;Il est évident que ma chère [Root.Spouse.GetFirstName] est ma reine;;;Obviamente mi querida [Root.Spouse.GetFirstName] será mi reina;;;;;;;;;x
EVTOPT70053BETROTHED;My beloved betrothed shall have this honour;Ma bien-aimée fiancée aura cet honneur;;;Mi amada prometida tendrá este honor;;;;;;;;;x
EVTOPT70053LOVER;My lover is my true queen;Mon amante est ma véritable reine;;;Mi amante es mi verdadera reina;;;;;;;;;x
EVTOPT70053QUEENCONSORT;[From.Spouse.GetTitledFirstName] is the only queen;[From.Spouse.GetTitledFirstName] est la seule reine;;;Mi amante es mi verdadera reina;;;;;;;;;x
EVTOPT70053QUEEN;[From.PrimaryTitle.GetFOA], you are the rightful queen;[From.PrimaryTitle.GetFOA], vous êtes la reine légitime;;;Mi amante es mi verdadera reina;;;;;;;;;x
EVTOPTA70053;She is truely a beauty;Elle est réellement une beauté.;;;Ella es verdaderamente hermosa;;;;;;;;;x
EVTOPTB70053;She is of a great family;Elle est d'une grande famille.;;;Ella es de una gran familia.;;;;;;;;;x
EVTOPTC70053;She is my love;C'est mon amour.;;;Ella es mi amor;;;;;;;;;x
EVTOPTD70053;Hmm, she will do;Hmm, cela ira.;;;Hmm, ella servirá;;;;;;;;;x
EVTDESC70057;A great honour has been bestowed upon me, [From.GetTitledFirstNameWithDynasty] has chosen me as Queen of Love and Beauty for the Tourney of [FromFrom.Capital.GetName]!;Un grand honneur m'a été accordé, [From.GetTitle] [From.GetFirstNameWithDynasty] m'a choisie comme Reine d'Amour et de Beauté du Tournoi de [FromFrom.Capital.GetName] !;;;Es un gran honor y privilegio que, [From.GetTitledFirstNameWithDynasty] me haya elegido como Reina del Amor y la Belleza del Torneo de [FromFrom.Capital.GetName];;;;;;;;;x
EVTOPTA70057;How wonderful!;Que c'est merveilleux !;;;Maravilloso!;;;;;;;;;x
EVTDESC70058;As victor of my tourney, [FromFrom.GetTitledFirstNameWithDynasty] has the honour of choosing the Queen of Love and Beauty. So [FromFrom.GetSheHe] has decided to crown [From.GetTitledFirstNameWithDynastyNoRegnal] as [FromFrom.GetHerHis] Queen.;En tant que vainqueur de mon tournoi, [FromFrom.GetTitledFirstNameWithDynasty] a eu l'honneur de choisir la reine d'amour et de beauté. [FromFrom.GetSheHeCap] a décidé de couronner [From.GetFirstNameWithDynasty] comme sa reine.;;;[From.GetFirstNameWithDynasty] ha sido coronada Reina del Amor y la Belleza de mi torneo.;;;;;;;;;x
EVTDESC70058B;As victor of my tourney, [FromFrom.GetTitledFirstNameWithDynasty] has the honour of choosing the Queen of Love and Beauty. Controversially, [FromFrom.GetSheHe] has decided to crown [From.GetTitledFirstNameWithDynastyNoRegnal] as [FromFrom.GetHerHis] Queen, which will likely provoke anger amongst her kin.;En tant que vainqueur de mon tournoi, [FromFrom.GetTitledFirstNameWithDynasty] a eu l'honneur de choisir la reine d'amour et de beauté. [FromFrom.GetSheHeCap] a décidé de couronner [From.GetFirstNameWithDynasty] comme sa reine.;;;[From.GetFirstNameWithDynasty] ha sido coronada Reina del Amor y la Belleza de mi torneo.;;;;;;;;;x
EVTDESC70058C;As victor of my tourney, [FromFrom.GetTitledFirstNameWithDynasty] has the honour of choosing the Queen of Love and Beauty. So [FromFrom.GetSheHe] has decided to crown [FromFrom.GetHerHis] own wife, [From.GetTitledFirstNameWithDynastyNoRegnal], as [FromFrom.GetHerHis] Queen.;En tant que vainqueur de mon tournoi, [FromFrom.GetTitledFirstNameWithDynasty] a eu l'honneur de choisir la reine d'amour et de beauté. [FromFrom.GetSheHeCap] a décidé de couronner [From.GetFirstNameWithDynasty] comme sa reine.;;;[From.GetFirstNameWithDynasty] ha sido coronada Reina del Amor y la Belleza de mi torneo.;;;;;;;;;x
EVTDESC70058D;As victor of my tourney, [FromFrom.GetTitledFirstNameWithDynasty] has the honour of choosing the Queen of Love and Beauty. So [FromFrom.GetSheHe] has decided to crown [FromFrom.GetHerHis] own betrothed, [From.GetTitledFirstNameWithDynastyNoRegnal], as [FromFrom.GetHerHis] Queen.;En tant que vainqueur de mon tournoi, [FromFrom.GetTitledFirstNameWithDynasty] a eu l'honneur de choisir la reine d'amour et de beauté. [FromFrom.GetSheHeCap] a décidé de couronner [From.GetFirstNameWithDynasty] comme sa reine.;;;[From.GetFirstNameWithDynasty] ha sido coronada Reina del Amor y la Belleza de mi torneo.;;;;;;;;;x
EVTDESC70058F;As victor of my tourney, [FromFrom.GetTitledFirstNameWithDynasty] has the honour of choosing the Queen of Love and Beauty. So [FromFrom.GetSheHe] has decided to honour me by crowning my own wife, [From.GetTitledFirstNameWithDynastyNoRegnal], as the Queen of the tourney.;En tant que vainqueur de mon tournoi, [FromFrom.GetTitledFirstNameWithDynasty] a eu l'honneur de choisir la reine d'amour et de beauté. [FromFrom.GetSheHeCap] a décidé de couronner [From.GetFirstNameWithDynasty] comme sa reine.;;;[From.GetFirstNameWithDynasty] ha sido coronada Reina del Amor y la Belleza de mi torneo.;;;;;;;;;x
EVTOPTA70058;A good choice;Un bon choix.;;;Una buena elección;;;;;;;;;x
EVTOPTA70058B;This could cause trouble;Un bon choix.;;;Una buena elección;;;;;;;;;x
EVTDESC70050;A fellow competitor, noticing your brave performance in the lists, has offered to knight you in recognition of this.;Un compétiteur, ayant remarqué votre bravoure dans les lices, a proposé de vous adouber.;;;Un competidor, notando tu valentía en las justas, te ha propuesto armarte caballero.;;;;;;;;;x
EVTOPTA70050;I deserve this;Je le mérite.;;;Lo merezco.;;;;;;;;;x
EVTOPTB70050;No thanks;Non merci.;;;No, gracias.;;;;;;;;;x
EVTDESC70051;For his solid performance in the lists, [From.GetTitledFirstNameWithDynasty] has been knighted by a fellow competitor.;Pour ses performances dans les lices, [From.GetFirstNameWithDynasty] a été fait chevalier par un des compétiteurs.;;;Por una gran muestra de valentía, [From.GetTitledFirstNameWithDynasty] ha sido nombrado caballero.;;;;;;;;;x
EVTOPTA70051;A good performance indeed;Une bonne performance en effet.;;;Una gran muestra, sin duda.;;;;;;;;;x
EVTDESC70060;My death sadly means the tourney has to be cancelled;Ma mort signifie malheusement que le tournoi doit être annulé.;;;Mi muerte significa que el torneo debe ser cancelado.;;;;;;;;;x
EVTOPTA70060;Do I really care now?;Je m'en fiche désormais.;;;¿Realmente importa ahora?;;;;;;;;;x
EVTDESC70059;As victor of the Tourney of [FromFromFrom.Capital.GetName], [FromFrom.GetTitledFirstNameWithDynasty] has the honour of choosing the Queen of Love and Beauty. So [FromFrom.GetSheHe] has decided to crown [From.GetTitledFirstNameWithDynastyNoRegnal] as [FromFrom.GetHerHis] Queen.;En tant que vainqueur du tournoi de [From.Capital.GetName], [FromFromFrom.GetTitledFirstNameWithDynasty] a eu l'honneur de choisir la reine d'amour et de beauté. [FromFromFrom.GetSheHeCap] a décidé de couronner [FromFrom.GetFirstNameWithDynasty] comme sa reine.;;;Como vencedor del torneo de [From.Capital.GetName], [FromFromFrom.GetTitledFirstNameWithDynasty] tiene el honor de elegir la Reina del Amor y la Belleza y ha decidido coronar a [FromFrom.GetFirstNameWithDynasty] como su reina.;;;;;;;;;x
EVTDESC70059B;As victor of the Tourney of [FromFromFrom.Capital.GetName], [FromFrom.GetTitledFirstNameWithDynasty] has the honour of choosing the Queen of Love and Beauty. Controversially, [FromFrom.GetSheHe] has decided to crown [From.GetTitledFirstNameWithDynastyNoRegnal] as [FromFrom.GetHerHis] Queen, which will likely provoke anger amongst her kin.;En tant que vainqueur du tournoi de [From.Capital.GetName], [FromFromFrom.GetTitledFirstNameWithDynasty] a eu l'honneur de choisir la reine d'amour et de beauté. [FromFromFrom.GetSheHeCap] a décidé de couronner [FromFrom.GetFirstNameWithDynasty] comme sa reine.;;;Como vencedor del torneo de [From.Capital.GetName], [FromFromFrom.GetTitledFirstNameWithDynasty] tiene el honor de elegir la Reina del Amor y la Belleza y ha decidido coronar a [FromFrom.GetFirstNameWithDynasty] como su reina.;;;;;;;;;x
EVTDESC70059C;As victor of the Tourney of [FromFromFrom.Capital.GetName], [FromFrom.GetTitledFirstNameWithDynasty] has the honour of choosing the Queen of Love and Beauty. So [FromFrom.GetSheHe] has decided to crown [FromFrom.GetHerHis] own wife, [From.GetTitledFirstNameWithDynastyNoRegnal], as [FromFrom.GetHerHis] Queen.;En tant que vainqueur de mon tournoi, [FromFrom.GetTitledFirstNameWithDynasty] a eu l'honneur de choisir la reine d'amour et de beauté. [FromFrom.GetSheHeCap] a décidé de couronner [From.GetFirstNameWithDynasty] comme sa reine.;;;[From.GetFirstNameWithDynasty] ha sido coronada Reina del Amor y la Belleza de mi torneo.;;;;;;;;;x
EVTDESC70059D;As victor of the Tourney of [FromFromFrom.Capital.GetName], [FromFrom.GetTitledFirstNameWithDynasty] has the honour of choosing the Queen of Love and Beauty. So [FromFrom.GetSheHe] has decided to crown [FromFrom.GetHerHis] own betrothed, [From.GetTitledFirstNameWithDynastyNoRegnal], as [FromFrom.GetHerHis] Queen.;En tant que vainqueur de mon tournoi, [FromFrom.GetTitledFirstNameWithDynasty] a eu l'honneur de choisir la reine d'amour et de beauté. [FromFrom.GetSheHeCap] a décidé de couronner [From.GetFirstNameWithDynasty] comme sa reine.;;;[From.GetFirstNameWithDynasty] ha sido coronada Reina del Amor y la Belleza de mi torneo.;;;;;;;;;x
EVTDESC70059E;As victor of the Tourney of [FromFromFrom.Capital.GetName], [FromFrom.GetTitledFirstNameWithDynasty] has the honour of choosing the Queen of Love and Beauty. So [FromFrom.GetSheHe] has decided to honour our host, [FromFromFrom.GetTitledFirstNameNoRegnal], by crowning her as the Queen of the tourney.;En tant que vainqueur de mon tournoi, [FromFrom.GetTitledFirstNameWithDynasty] a eu l'honneur de choisir la reine d'amour et de beauté. [FromFrom.GetSheHeCap] a décidé de couronner [From.GetFirstNameWithDynasty] comme sa reine.;;;[From.GetFirstNameWithDynasty] ha sido coronada Reina del Amor y la Belleza de mi torneo.;;;;;;;;;x
EVTDESC70059F;As victor of the Tourney of [FromFromFrom.Capital.GetName], [FromFrom.GetTitledFirstNameWithDynasty] has the honour of choosing the Queen of Love and Beauty. So [FromFrom.GetSheHe] has decided to honour our host, [FromFromFrom.GetTitledFirstNameNoRegnal], by crowning his wife [From.GetTitledFirstNameWithDynastyNoRegnal] as the Queen of the tourney.;En tant que vainqueur de mon tournoi, [FromFrom.GetTitledFirstNameWithDynasty] a eu l'honneur de choisir la reine d'amour et de beauté. [FromFrom.GetSheHeCap] a décidé de couronner [From.GetFirstNameWithDynasty] comme sa reine.;;;[From.GetFirstNameWithDynasty] ha sido coronada Reina del Amor y la Belleza de mi torneo.;;;;;;;;;x
opinion_potential_tourny_rival;Potential Tourney Rival;Potentiel rival en tournoi;;;Rival potencial en el torneo;;;;;;;;;x
EVTOPTD70000;No, don't bother me about tourneys again!;Non, ne me dérangez pas à nouveau à propos de tournois !;;;No, no me molestes más con torneos!;;;;;;;;;x
EVTOPTA70052;[FromFrom.GetSheHeCap] truly deserves it!;[FromFrom.GetSheHeCap] le mérite vraiment !;;;Realmente lo merece;;;;;;;;;x
EVTDESC70061;During the tourney feasts [From.GetTitledFirstNameWithDynasty] was heard to boast how many more jousts [From.GetSheHe] has won than you, and then went on to openly declare that [From.GetSheHe] would vanquish you in the lists, mocking your prowess all the while. Shall I let this stand?;Durant le festin organisé pour le tournoi, [From.GetTitledFirstNameWithDynasty] s'est vanté d'avoir remporté bien plus de titres que vous, puis [From.GetSheHe] a décrit comment [From.GetSheHe] vous vaincrait dans les lices lors de ce tournoi. Le laisserai-je faire?;;;Durante el festín organizado por el torneo, [From.GetTitledFirstNameWithDynasty] se jactó de cuantos títulos había ganado, a continuación, pasó a describir cómo te vencería en las justas. ¿Debo permitir que se ría sin más?;;;;;;;;;x
EVTDESC70061B;During the tourney feasts [From.GetTitledFirstNameWithDynasty] was heard to boast how many more jousts [From.GetSheHe] has won than you, and then went on to openly declare that House [Root.GetOnlyDynastyName] is not fit to compete. Shall I let this stand? From a [From.GetOnlyDynastyName] no less?;Durant le festin organisé pour le tournoi, [From.GetTitledFirstNameWithDynasty] s'est vanté d'avoir remporté bien plus de titres que vous, puis [From.GetSheHe] a décrit comment [From.GetSheHe] vous vaincrait dans les lices lors de ce tournoi. Le laisserai-je faire?;;;Durante el festín organizado por el torneo, [From.GetTitledFirstNameWithDynasty] se jactó de cuantos títulos había ganado, a continuación, pasó a describir cómo te vencería en las justas. ¿Debo permitir que se ría sin más?;;;;;;;;;x
EVTOPTA70061;[From.GetSheHeCap] merely jests;Ce n'était que de simples plaisanteries.;;;Él simplemente bromea.;;;;;;;;;x
EVTOPTB70061;I will show that [GetRootFromInsult]!;Je vais lui montrer.;;;Yo le enseñaré;;;;;;;;;x
EVTOPTC70061;That's it! I challenge you to single combat!;Très bien ! Je vous défie en combat singulier !;;;¡Ya está bien! ¡Te desafío a un duelo!;;;;;;;;;x
EVTTOOLTIP70062;will become your rival;va devenir votre rival;;;se convertirá en tu rival;;;;;;;;;x
EVTTOOLTIP70063;will be challenged to a duel;va être défié en duel;;;será desafiado a un duelo;;;;;;;;;x
EVTDESC70062;During the tourney feasts I was jesting with some companions about how I'd vanquish my opponents in the lists, particularly the inept [From.GetTitledFirstNameWithDynasty]. [From.GetSheHeCap] did not seem happy with the goading, and appears to bear a grudge now...;Durant le festin organisé pour le tournoi, j'ai plaisanté avec quelques compagnons sur la façon dont j'ai terrassé mes adversaires dans les lices, et particulièrement l'inepte [From.GetTitledFirstNameWithDynasty]. [From.GetSheHeCap] semble avoir une dent contre moi maintenant...;;;Durante el festín organizado por el torneo estuve bromeando con algunos compañeros sobre cómo venzo a mis oponentes en las justas, sobre todo del inepto de [From.GetTitledFirstNameWithDynasty], un caballero que tiene menos títulos que yo. Él parece guardarme rencor ahora…;;;;;;;;;x
EVTDESC70062B;During the tourney feasts I was jesting with some companions about how I'd vanquish my opponents in the lists, particularly the [From.GetOnlyDynastyName] [GetRootFromInsult], [From.GetTitledFirstNameNoRegnal]. [From.GetSheHeCap] did not seem happy with the goading, and now appears to hate me even more than any other [Root.GetOnlyDynastyName]...;Durant le festin organisé pour le tournoi, j'ai plaisanté avec quelques compagnons sur la façon dont j'ai terrassé mes adversaires dans les lices, et particulièrement l'inepte [From.GetTitledFirstNameWithDynasty]. [From.GetSheHeCap] semble avoir une dent contre moi maintenant...;;;Durante el festín organizado por el torneo estuve bromeando con algunos compañeros sobre cómo venzo a mis oponentes en las justas, sobre todo del inepto de [From.GetTitledFirstNameWithDynasty], un caballero que tiene menos títulos que yo. Él parece guardarme rencor ahora…;;;;;;;;;x
EVTOPTA70062;I will dominate [From.GetHerHim];Je vais le(a) battre.;;;Voy a luchar.;;;;;;;;;x
EVTDESC70063;During the tourney feasts I was jesting with some companions about how I'd vanquish my opponents in the lists, particularly the inept [From.GetTitledFirstNameWithDynasty]. After this goading, [From.GetShe] proceeded to walk calmly across the hall and threw [From.GetHerHis] glove full in my face, challenging me to single combat!;Durant le festin organisé pour le tournoi, j'ai plaisanté avec quelques compagnons sur la façon dont j'ai terrassé mes adversaires dans les lices, et particulièrement [From.GetTitledFirstNameWithDynasty] qui a moins de titres que moi. [From.GetShe] s'est levé et a traversé la grande salle avant de me jeter son gant au visage, me défiant en combat singulier !;;;Durante el festín organizado por el torneo estuve bromeando con algunos compañeros sobre cómo venzo a mis oponentes en las justas, sobre todo del inepto de [From.GetTitledFirstNameWithDynasty], un caballero que tiene menos títulos que yo.  Al escucharme, se acercó con calma y me lanzó su guante a mi cara. Me ha retado a un duelo!;;;;;;;;;x
EVTDESC70063B;During the tourney feasts I was jesting with some companions about how I'd vanquish my opponents in the lists, particularly the [From.GetOnlyDynastyName] [GetRootFromInsult], [From.GetTitledFirstNameNoRegnal]. After this goading, [From.GetShe] proceeded to walk calmly across the hall and threw [From.GetHerHis] glove full in my face, insulting House [Root.GetOnlyDynastyName] and challenging me to single combat!;Durant le festin organisé pour le tournoi, j'ai plaisanté avec quelques compagnons sur la façon dont j'ai terrassé mes adversaires dans les lices, et particulièrement [From.GetTitledFirstNameWithDynasty] qui a moins de titres que moi. [From.GetShe] s'est levé et a traversé la grande salle avant de me jeter son gant au visage, me défiant en combat singulier !;;;Durante el festín organizado por el torneo estuve bromeando con algunos compañeros sobre cómo venzo a mis oponentes en las justas, sobre todo del inepto de [From.GetTitledFirstNameWithDynasty], un caballero que tiene menos títulos que yo.  Al escucharme, se acercó con calma y me lanzó su guante a mi cara. Me ha retado a un duelo!;;;;;;;;;x
EVTOPTA70063;I apologise profusely;Je lui présente mes excuses.;;;Le presento mis disculpas;;;;;;;;;x
EVTOPTB70063;I accept!;J'accepte !;;;¡Acepto!;;;;;;;;;x
EVTTOOLTIP70069;The duel will end inconclusively;Le duel ne sera pas concluant.;;;El duelo termina sin resultados;;;;;;;;;x
EVTDESC70064;The hall fell silent as your glove fell to the floor after you threw it square in [From.GetTitledFirstNameWithDynasty]'s face. [From.GetSheHeCap] looked panicked before [From.GetSheHe] backed down and apologised profusely for [From.GetHerHis] dishonourable words.;Un silence de mort s'est abattu sur la grande salle au moment où votre gant a atteint avec force le visage de [From.GetTitledFirstNameWithDynasty]. Vous pouviez lire l'affolement dans son regard avant qu'[From.GetSheHe] ne cède et vous fasse ses plus plates excuses pour ses calomnies.;;;La sala entera quedó enmudecida cuando golpeaste con el guante en la cara de [From.GetTitledFirstNameWithDynasty]. Con el miedo en sus ojos, se disculpó por sus calumnias.;;;;;;;;;x
EVTDESC70064B;The hall fell silent as your glove fell to the floor after you threw it square in [From.GetTitledFirstNameWithDynasty]'s face. [From.GetSheHeCap] looked panicked before [From.GetSheHe] backed down and apologised profusely for [From.GetHerHis] dishonourable words. A victory for House [Root.GetOnlyDynastyName] over the [From.GetOnlyDynastyName]s.;Un silence de mort s'est abattu sur la grande salle au moment où votre gant a atteint avec force le visage de [From.GetTitledFirstNameWithDynasty]. Vous pouviez lire l'affolement dans son regard avant qu'[From.GetSheHe] ne cède et vous fasse ses plus plates excuses pour ses calomnies.;;;La sala entera quedó enmudecida cuando golpeaste con el guante en la cara de [From.GetTitledFirstNameWithDynasty]. Con el miedo en sus ojos, se disculpó por sus calumnias.;;;;;;;;;x
EVTOPTA70064;Good;Bien;;;Bien;;;;;;;;;x
EVTDESC70065;[FromFrom.GetTitledFirstNameWithDynasty] accepted my challenge to single combat, and I proceeded to vanquish [FromFrom.GetHerHim] comfortably, no-one will mock me now.;[FromFrom.GetTitledFirstNameWithDynasty] a accepté mon défi et m'a affronté en combat singulier. Je l'ai vaincu promptement, personne n'osera plus me railler désormais.;;;[From.GetTitledFirstNameWithDynasty] aceptó mi desafío a un duelo, y le vencí cómodamente, ahora nadie osará reírse de mí.;;;;;;;;;x
EVTDESC70066;[From.GetTitledFirstNameWithDynasty] accepted my challenge to single combat, and our duel ended without a clear victor before we were seperated. This will not be forgotten.;[From.GetTitledFirstNameWithDynasty] a accepté mon défi et m'a affronté en combat singulier. Notre duel s'est achevé sans qu'on puisse désigner clairement un vainqueur. Cela ne sera pas oublié.;;;[From.GetTitledFirstNameWithDynasty] aceptó mi desafío a un duelo, que terminó sin un claro vencedor. Esto no será olvidado.;;;;;;;;;x
EVTDESC70067;[From.GetTitledFirstNameWithDynasty] accepted my challenge to single combat, and proceeded to defeat me after a fierce clash. Perhaps I should have stayed silent...;[From.GetTitledFirstNameWithDynasty] a accepté mon défi et m'a affronté en combat singulier. Il m'a terrassé. Peut-être aurais-je dû garder le silence…;;;[From.GetTitledFirstNameWithDynasty] acepto mi desafio a un duelo, y desgraciadamente me vencio. Quizas deberia haberme callado …;;;;;;;;;x
EVTOPTA70065;My honour is restored;Mon honneur est lavé…;;;He lavado mi honor.;;;;;;;;;x
EVTOPTA70066;Until the next time...;Jusqu'à la prochaine fois…;;;Hasta la próxima vez...;;;;;;;;;x
EVTOPTA70067;The humiliation...;Quelle humiliation…;;;Que humillación.;;;;;;;;;x
EVTDESC70068;[From.GetTitledFirstNameWithDynasty] defeated me in the duel, [From.GetSheHe] claims [From.GetHerHis] honour is restored, what of mine?;[From.GetTitledFirstNameWithDynasty] m'a défait en duel, [From.GetSheHe] a proclamé que son honneur était lavé, mais le mien?;;;[FromFrom.GetTitledFirstNameWithDynasty] me derrotó en el duelo y proclama que ha limpiado su honor. ¿Qué pasa con el mío?;;;;;;;;;x
EVTOPTA70068;The humiliation...;Quelle humiliation…;;;Que humillación...;;;;;;;;;x
EVTDESC70069;The duel with [FromFrom.GetTitledFirstNameWithDynasty] ended without a clear victor before we were seperated, this will not be forgotten.;Le duel avec [FromFrom.GetTitledFirstNameWithDynasty] s'est achevé sans que l'on puisse désigner clairement un vainqueur. Ce ne sera pas oublié.;;;El duelo con [FromFrom.GetTitledFirstNameWithDynasty] terminó sin un claro vencedor antes de ser separados, esto no será olvidado.;;;;;;;;;x
EVTDESC70070;The duel with [FromFrom.GetTitledFirstNameWithDynasty] ended with me the clear victor, and my assertion of superior prowess vindicated. This bodes well for the tourney!;Le duel avec [FromFrom.GetTitledFirstNameWithDynasty] s'est achevé sur ma nette victoire et mes affirmations quant à ma supériorité confirmées. Ceci est de bon augure pour le tournoi ! ;;;El duelo con [FromFrom.GetTitledFirstNameWithDynasty] terminó conmigo como claro vencedor y mis afirmaciones de mi superioridad confirmadas. ¡Es un buen augurio para el torneo!;;;;;;;;;x
EVTDESC70071;The hall fell silent as [From.GetTitledFirstNameWithDynasty]'s glove fell to the floor after he threw it square in [FromFrom.GetTitledFirstNameWithDynasty]'s face. The men say this was because of [FromFrom.GetFirstName]'s jests, the result is [From.GetFirstNameWithDynasty]'s victory in the ensuing duel.;Un silence de mort s'est abattu sur la grande salle alors que le gant de [From.GetTitledFirstNameWithDynasty] retombait à terre après avoir gifflé le visage de [FromFrom.GetTitledFirstNameWithDynasty]. On dit que c'est à cause des plaisanteries de [FromFrom.GetFirstName]. Le duel qui s'ensuivit a vu la victoire de [From.GetFirstNameWithDynasty].;;;El silencio se apoderó de la sala cuando [From.GetFirstNameWithDynasty] retó a un duelo a [FromFrom.GetFirstNameWithDynasty]. Los hombres dicen que fue debido a las burlas de [FromFrom.GetFirstName]. El duelo lo venció [From.GetFirstNameWithDynasty].;;;;;;;;;x
EVTDESC70071B;The hall fell silent as [From.GetTitledFirstNameWithDynasty]'s glove fell to the floor after he threw it square in [FromFrom.GetTitledFirstNameWithDynasty]'s face. The men say this was because of the blood feud between the [From.GetOnlyDynastyName]s and [FromFrom.GetOnlyDynastyName]s, the result is [From.GetFirstNameWithDynasty]'s victory in the ensuing duel.;Un silence de mort s'est abattu sur la grande salle alors que le gant de [From.GetTitledFirstNameWithDynasty] retombait à terre après avoir gifflé le visage de [FromFrom.GetTitledFirstNameWithDynasty]. On dit que c'est à cause des plaisanteries de [FromFrom.GetFirstName]. Le duel qui s'ensuivit a vu la victoire de [From.GetFirstNameWithDynasty].;;;El silencio se apoderó de la sala cuando [From.GetFirstNameWithDynasty] retó a un duelo a [FromFrom.GetFirstNameWithDynasty]. Los hombres dicen que fue debido a las burlas de [FromFrom.GetFirstName]. El duelo lo venció [From.GetFirstNameWithDynasty].;;;;;;;;;x
EVTOPTA70071;How exciting!;Que c'est excitant !;;;Muy emocionante!;;;;;;;;;x
EVTDESC70072;The hall fell silent as [From.GetFirstNameWithDynasty]'s glove fell to the floor after he threw it square in [FromFrom.GetFirstNameWithDynasty]'s face. The men say this was because of [FromFrom.GetFirstName]'s jests, the victor was unclear before the combatants were seperated.;Un silence de mort s'est abattu sur la grande salle alors que le gant de [From.GetFirstNameWithDynasty] retombait à terre après avoir gifflé le visage de [FromFrom.GetFirstNameWithDynasty]. On dit que c'est à cause des plaisanteries de [FromFrom.GetFirstName]. Le duel qui s'ensuivit n'a pas réussi à départager les deux combattants.;;;El silencio se apoderó de la sala cuando [From.GetFirstNameWithDynasty] retó a un duelo a [FromFrom.GetFirstNameWithDynasty]. Los hombres dicen que fue debido a las burlas de [FromFrom.GetFirstName]. No quedó claro quien fue el vencedor del duelo antes de ser separados.;;;;;;;;;x
EVTDESC70072B;The hall fell silent as [From.GetFirstNameWithDynasty]'s glove fell to the floor after he threw it square in [FromFrom.GetFirstNameWithDynasty]'s face. The men say this was because of the blood feud between the [From.GetOnlyDynastyName]s and [FromFrom.GetOnlyDynastyName]s, the victor was unclear before the combatants were seperated.;Un silence de mort s'est abattu sur la grande salle alors que le gant de [From.GetFirstNameWithDynasty] retombait à terre après avoir gifflé le visage de [FromFrom.GetFirstNameWithDynasty]. On dit que c'est à cause des plaisanteries de [FromFrom.GetFirstName]. Le duel qui s'ensuivit n'a pas réussi à départager les deux combattants.;;;El silencio se apoderó de la sala cuando [From.GetFirstNameWithDynasty] retó a un duelo a [FromFrom.GetFirstNameWithDynasty]. Los hombres dicen que fue debido a las burlas de [FromFrom.GetFirstName]. No quedó claro quien fue el vencedor del duelo antes de ser separados.;;;;;;;;;x
EVTDESC70073;The hall fell silent as [From.GetTitledFirstNameWithDynasty]'s glove fell to the floor after he threw it square in [FromFrom.GetTitledFirstNameWithDynasty]'s face. The men say this was because of [FromFrom.GetFirstName]'s jests, the result is [FromFrom.GetFirstNameWithDynasty]'s victory in the ensuing duel.;Un silence de mort s'est abattu sur la grande salle alors que le gant de [From.GetTitledFirstNameWithDynasty] retombait à terre après avoir gifflé le visage de [FromFrom.GetTitledFirstNameWithDynasty]. On dit que c'est à cause des plaisanteries de [FromFrom.GetFirstName]. Le duel qui s'ensuivit a vu la victoire de [FromFrom.GetFirstNameWithDynasty].;;;El silencio se apoderó de la sala cuando [From.GetFirstNameWithDynasty] retó a un duelo a [FromFrom.GetFirstNameWithDynasty]. Los hombres dicen que fue debido a las burlas de [FromFrom.GetFirstName]. El duelo lo venció [FromFrom.GetFirstNameWithDynasty].;;;;;;;;;x
EVTDESC70073B;The hall fell silent as [From.GetTitledFirstNameWithDynasty]'s glove fell to the floor after he threw it square in [FromFrom.GetTitledFirstNameWithDynasty]'s face. The men say this was because of the blood feud between the [From.GetOnlyDynastyName]s and [FromFrom.GetOnlyDynastyName]s, the result is [FromFrom.GetFirstNameWithDynasty]'s victory in the ensuing duel.;Un silence de mort s'est abattu sur la grande salle alors que le gant de [From.GetTitledFirstNameWithDynasty] retombait à terre après avoir gifflé le visage de [FromFrom.GetTitledFirstNameWithDynasty]. On dit que c'est à cause des plaisanteries de [FromFrom.GetFirstName]. Le duel qui s'ensuivit a vu la victoire de [FromFrom.GetFirstNameWithDynasty].;;;El silencio se apoderó de la sala cuando [From.GetFirstNameWithDynasty] retó a un duelo a [FromFrom.GetFirstNameWithDynasty]. Los hombres dicen que fue debido a las burlas de [FromFrom.GetFirstName]. El duelo lo venció [FromFrom.GetFirstNameWithDynasty].;;;;;;;;;x
EVTDESC70074;During the post tourney celebrations I caught the gaze of my Queen of Love and Beauty, could it be that she desires me?;Durant les célébrations qui ont suivi le tournoi, j'ai remarqué les regards que m'a lancé ma Reine d'Amour et de Beauté. Se pourrait-il qu'elle me désire ?;;;Durante las celebraciones después del torneo capté la mirada de mi Reina del Amor y la Belleza, ¿podría ser que ella me desee?;;;;;;;;;x
EVTOPTA70074;I shall pursue her;Je vais lui faire des avances.;;;Voy a intentarlo;;;;;;;;;x
EVTTOOLTIP70075;will respond to your advances;va répondre à vos avances;;;responderá a tu intento;;;;;;;;;x
EVTOPTB70074;She's not for me;Elle n'est pas pour moi.;;;Ella no es para mi.;;;;;;;;;x
EVTDESC70075;[From.GetTitledFirstNameWithDynasty], the winner of the tourney and my champion, has been trying to seduce me all night. He did name me Queen of love and Beauty, perhaps we are meant for eachother?;[From.GetTitle] [From.GetFirstNameWithDynasty], le vainqueur du tournoi et mon champion, a tenté de me séduire durant une bonne partie de la nuit. Il m'a nommée Reine d'Amour et de Beauté, peut-être sommes nous faits l'un pour l'autre ?;;;[From.GetTitledFirstNameWithDynasty], el vencedor del torneo y mi campeón, ha intentado seducirme durante toda la noche. El me nombró Reina del Amor y la Belleza, ¿Quizás estemos destinados?;;;;;;;;;x
EVTOPTA70075;Embrace the passion;Embrassez la passion;;;Disfruta de la pasión;;;;;;;;;x
EVTTOOLTIP70076;will be thrilled;va être ravi;;;estará encantado;;;;;;;;;x
EVTOPTB70075;No thanks;Non merci.;;;No, gracias.;;;;;;;;;x
EVTTOOLTIP70077;will be disappointed;va être déçu;;;estará decepcionado;;;;;;;;;x
EVTDESC70076;After much flirting and merriment I have managed to seduce [From.GetFirstNameWithDynasty], my Queen of Love and Beauty. My tourney is complete!;Après l'avoir courtisé et égayé pendant des heures je suis parvenu à séduire [From.GetFirstNameWithDynasty], ma Reine d'Amour et de Beauté. Mon tournoi est une totale réussite!;;;Tras cortejarla y divertirla durante horas conseguí seducir a [From.GetFirstNameWithDynasty], mi Reina del Amor y de la Belleza. Mi torneo ha sido un éxito total!;;;;;;;;;x
EVTOPTA70076;Great!;Génial !;;;¡Genial!;;;;;;;;;x
EVTDESC70077;Despite my best efforts at flirtation and seduction, [From.GetFirstNameWithDynasty], my Queen of Love and Beauty, has rejected my advancements.;Malgré tous mes efforts pour la courtiser et la séduire, [From.GetFirstNameWithDynasty], ma Reine d'Amour et de Beauté, a repoussé mes avances.;;;A pesar de haber usado mis mejores trucos de seducción, [From.GetFirstNameWithDynasty], mi Reina del Amor y la Belleza, ha rechazado mis cortejos.;;;;;;;;;x
EVTOPTA70077;I'll have to find some wench then;Je devrai chercher une autre jouvencelle dans ce cas.;;;Tendré que buscarme a otra moza.;;;;;;;;;x
show_me_the_medal_winners;Show tourney medal winners;Voir les vainqueurs de médailles dans des tournois.;;;Ver los medalleros de los torneos;;;;;;;;;x
show_me_the_medal_winners_desc;Show tourney medal winners;Voir les vainqueurs de médailles dans des tournois.;;;Ver los medalleros de los torneos.;;;;;;;;;x
EVTDESC70078;My liege, please choose a tier of tourney for which you would like to know of the medal winners;Messire, choisissez s'il vous plaît une taille de tournoi pour lequel vous voudriez connaître les médailles des vainqueurs;;;Mi señor, elija el nivel de torneo del que le gustaría saber de los ganadores de las medallas.;;;;;;;;;x
EVTOPTA70078;Grand Tourney;Grand Tournoi;;;Gran Torneo;;;;;;;;;x
EVTOPTB70078;Regional Tourney;Tournoi Régional;;;Torneo Regional;;;;;;;;;x
EVTOPTC70078;Local Tourney;Tournoi Local;;;Torneo Local;;;;;;;;;x
EVTDESC70079;Here lists all living medal winners of the Grand Tourneys of Westeros, where all Knights and Lords of the realm are invited.;Ici sont inscrites toutes les personnes vivantes ayant remporté une médaille les Grands Tournois de Westeros, où tous les chevaliers et les seigneurs sont invités.;;;Aquí se enumeran todos los ganadores de medallas vivos de los Grandes Torneos de Poniente, donde se invita a todos los caballeros y señores del Reino.;;;;;;;;;x
EVTOPTA70079;Winners;Vainqueurs;;;Vencedores;;;;;;;;;x
EVTOPTB70079;Runners-up;Seconde place;;;Segunda plaza;;;;;;;;;x
EVTOPTC70079;Third Place;Troisième place;;;Tercera plaza;;;;;;;;;x
EVTDESC70080;Here lists all living medal winners of the Tourneys in your region.;Ici sont inscrites toutes les personnes vivantes ayant remporté une médialle dans les Grands Tournois de votre région.;;;Aquí se enumeran todos los ganadores de medallas vivos de los torneos en tu región.;;;;;;;;;x
EVTDESC70081;Here lists all living medal winners of the local Tourneys;Ici sont inscrites toutes les personnes ayant remporté une médaille dans les Tournois locaux.;;;Aquí se enumeran todos los ganadores de medallas vivos de los torneos locales.;;;;;;;;;x
EVTOPTE70000;Don't ask me about these small tournies again!;Ne me dérangez plus à propos de ces petits tournois !;;;¡No me molestes más con estos pequeños torneos!;;;;;;;;;x
EVTOPTF70000;Don't ask me about these type of tournies again!;Ne me dérangez plus à propos de ce type de tournois !;;;¡No me molestes más con este tipo de torneos!;;;;;;;;;x
EVTDESC70082;You stumble out to the tourney grounds in a haze of [FromFrom.GetAlcoholicDrink], ready to face your next joust. You try to mount your horse, but trip and fall from the saddle. You begin to notice the eyes of the tourney-goers on you, and realize to your horror that you've forgotten to don your armor and most of your clothes.;Vous vous sentez prêt à participez à votre prochaine joute. Vous empestez le vin et c'est en titubant que vous entrez sur le terrain. Vous essayez de monter sur votre cheval mais perdez l'équilibre avant de tomber de votre selle. Vous remarquez les regards de la foule et réalisez avec horreur que vous avez oublié de mettre votre armure et la plupart de vos vêtements.;;;Te sientes listo para participar en la próxima justa. Apestas a vino y llegas tambaleándote al campo. Intentas montarte al caballo, pero tropiezas y caes de la silla. Notas las miradas de la multitud y te horrorizas al descubrir que has olvidado la armadura y la mayor parte de la ropa.;;;;;;;;;x
EVTOPTA70082;Gods be good, what was I thinking...;Que les Dieux soient bons, à quoi pensais-je…;;;Que los dioses sean buenos, en que estaría pensando…;;;;;;;;;x
EVTDESC70083;It is [From.GetTitledFirstNameWithDynastyAndTitleNoRegnal]'s turn to joust, but to the crowd's shock, [From.GetSheHe] stumbles out to the tourney field late and clearly drunk from too much [Root.GetAlcoholicDrink], and with none of [From.GetHerHis] armor and only slightly more of [From.GetHerHis] clothing. [From.GetSheHeCap] tries to mount [From.GetHerHis] horse, but trips and falls comically to the ground, unable even to ride.;C'est au tour de [From.GetTitledFirstNameWithDynastyAndTitleNoRegnal] d'entrer en lice, mais la foule est choquée. [From.GetSheHe] arrive en titubant sur le terrain et est clairement ivre. [From.GetSheHe] ne porte pas d'armure et a oublié de mettre la plupart de ses vêtements. [From.GetSheHeCap] essaye de monter sur son cheval, mais tombe immédiatement de selle.;;;Es el turno de [From.GetTitledFirstNameWithDynastyAndTitleNoRegnal] para entrar en liza, pero para sorpresa de la multitud llega tarde y claramente borracho,  sin armadura y casi sin ropa. Intenta montar al caballo, pero se tambalea y cae al suelo.;;;;;;;;;x
EVTOPTA70083;Ha! Now there's a [From.GetManWoman] who knows how to celebrate!;Ha ! Voilà un(e) [From.GetManWoman] qui sait faire la fête !;;;Ja! Aquí un hombre que sabe divertirse!;;;;;;;;;x
EVTOPTB70083;[From.GetSheHeCap] is an embarrassment, remove [From.GetHerHim] from the lists;;;;;;;;;;;;;x
EVTOPTC70083;This is an outrage! Detain [From.GetHerHim]!;C'est un outrage !;;;Esto es un ultraje!;;;;;;;;;x
EVTDESC70084;Fortunately, [From.GetTitledFirstNameWithDynastyAndTitleNoRegnal] found your drunken antics more amusing than insulting. You still had to drop out of the tournament, but [From.GetHerHis] approval softens the blow to your reputation, somewhat.;Heureusement, [From.GetTitledFirstNameWithDynastyAndTitleNoRegnal] a trouvé vos cabrioles d'ivrogne plus amusantes qu'insultantes. Vous avez dû quitter le tournoi, mais son approbation a quelque peu atténué l'impact de cette frasque sur votre réputation.;;;Afortunadamente, [From.GetTitledFirstNameWithDynastyAndTitleNoRegnal] halló tus payasadas de borracho más divertidas que insultantes. Fuiste expulsado del torneo, pero su aprobación ha mitigado un poco el impacto de esta broma a tu reputación.;;;;;;;;;x
EVTOPTA70084;At least I'm amusing!;Il n'y aura pas de gloire pour moi cette année.;;;No habrá gloria para mí este año.;;;;;;;;;x
EVTDESC70085;[From.GetTitledFirstNameWithDynastyAndTitleNoRegnal] was visibly unhappy with your behaviour, publicly admonishing you and disqualifying you from the tourney.;[From.GetTitledFirstNameWithDynastyAndTitleNoRegnal] était furieux(se) de votre manque de respect et a demandé à ce que vous soyez mis à la porte du tournoi !;;;[From.GetTitledFirstNameWithDynastyAndTitleNoRegnal] estaba furioso por tu falta de respeto, y exigió que seas expulsado del torneo.;;;;;;;;;x
EVTOPTA70085;There'll be no glory for me this year;Il n'y aura pas de gloire pour moi cette année.;;;No habrá gloria para mí este año.;;;;;;;;;x
EVTDESCtourney.786;[From.GetTitledFirstNameWithDynastyAndTitleNoRegnal] was furious at your disrespect, ordering your immediate arrest and incarceration in the dungeon!;[From.GetTitledFirstNameWithDynastyAndTitleNoRegnal] était furieux(se) de votre manque de respect et a demandé à ce que vous soyez mis à la porte du tournoi !;;;[From.GetTitledFirstNameWithDynastyAndTitleNoRegnal] estaba furioso por tu falta de respeto, y exigió que seas expulsado del torneo.;;;;;;;;;x
EVTOPTAtourney.786;But...why?;;;;;;;;;;;;;x
EVTDESCtourney.787A;It is [FromFrom.GetTitledFirstNameWithDynastyAndTitleNoRegnal]'s turn to joust, but to the crowd's shock, [FromFrom.GetSheHe] stumbles out to the tourney field late and clearly drunk from too much [From.GetAlcoholicDrink], and with none of [FromFrom.GetHerHis] armor and only slightly more of [FromFrom.GetHerHis] clothing. [FromFrom.GetSheHeCap] tries to mount [FromFrom.GetHerHis] horse, but trips and falls comically to the ground, unable even to ride. Much to [FromFrom.GetHerHis] relief, [From.GetTitledFirstNameWithDynastyAndTitleNoRegnal] seemed to find this hilarious.;;;;;;;;;;;;;x
EVTDESCtourney.787B;It is [FromFrom.GetTitledFirstNameWithDynastyAndTitleNoRegnal]'s turn to joust, but to the crowd's shock, [FromFrom.GetSheHe] stumbles out to the tourney field late and clearly drunk from too much [From.GetAlcoholicDrink], and with none of [FromFrom.GetHerHis] armor and only slightly more of [FromFrom.GetHerHis] clothing. [FromFrom.GetSheHeCap] tries to mount [FromFrom.GetHerHis] horse, but trips and falls comically to the ground, unable even to ride. [From.GetTitledFirstNameWithDynastyAndTitleNoRegnal] seemed most displeased, publicly rebuking and disqualifying [FromFrom.GetHerHim] from the toruney.;;;;;;;;;;;;;x
EVTDESCtourney.787C;It is [FromFrom.GetTitledFirstNameWithDynastyAndTitleNoRegnal]'s turn to joust, but to the crowd's shock, [FromFrom.GetSheHe] stumbles out to the tourney field late and clearly drunk from too much [From.GetAlcoholicDrink], and with none of [FromFrom.GetHerHis] armor and only slightly more of [FromFrom.GetHerHis] clothing. [FromFrom.GetSheHeCap] tries to mount [FromFrom.GetHerHis] horse, but trips and falls comically to the ground, unable even to ride. [From.GetTitledFirstNameWithDynastyAndTitleNoRegnal] was enraged by this disrespect, ordering [FromFrom.GetHerHis] arrest.;;;;;;;;;;;;;x
EVTOPTAtourney.787;How embarassing;;;;;;;;;;;;;x
drunken_tournament;Drunken Fool;Imbécile ivre;;;Borracho idiota;;;;;;;;;x
drunken_tournament_desc;You once showed up drunk to a tournament and made such a shameful spectacle of yourself that you had to be thrown out.;Vous vous êtes une fois montré ivre à un tournoi, ce fut un spectacle si honteux que vous en avez été mis à la porte. ;;;Este personaje apareció borracho en un torneo dando un espectáculo vergonzoso y tuvo que ser expulsado.;;;;;;;;;x
opinion_spectating_tournament;Spectating Tournament;Spectateur du Tournoi;;;Espectador del torneo;;;;;;;;;x
EVTDESC70086A;[Root.GetTitledFirstNameWithDynasty], I hereby invite you to attend the tourney of [From.Capital.GetName], where the Knights residing near [From.Capital.GetName] shall test their mettle.\n\n Regards,\n[From.GetFirstNameWithDynasty], [From.GetTitle] of [From.PrimaryTitle.GetName];[Root.GetTitledFirstNameWithDynasty], par la présente je vous invite à assister au tournoi de [From.Capital.GetName], où les chevaliers de ce pays mettront à l'épreuve leur courage.\n\n Cordialement,\n[From.GetFirstNameWithDynasty], [From.GetTitle] de [From.PrimaryTitle.GetName].;;;[Root.GetTitledFirstNameWithDynasty], Por la presente os invito a asistir al torneo de [From.Capital.GetName], donde los caballeros y Señores cercanos a [From.Capital.GetName] demostrarán su valía en la liza.\n\n Cordialmente,\n[From.GetFirstNameWithDynasty], [From.GetTitle] de [From.PrimaryTitle.GetName];;;;;;;;;x
EVTDESC70086B;[Root.GetTitledFirstNameWithDynasty], I hereby invite you to attend the tourney of [From.Capital.GetName], where the best Knights and Lords of [tourney_kingdom.GetName] shall be invited to compete.\n\n Regards,\n[From.GetFirstNameWithDynasty], [From.GetTitle] of [From.PrimaryTitle.GetName];[Root.GetTitledFirstNameWithDynasty], par la présente je vous invite à assister au tournoi de [From.Capital.GetName], où les meilleurs chevaliers et seigneurs de mettront à l'épreuve leur courage.\n\n Cordialement,\n[From.GetFirstNameWithDynasty], [From.GetTitle] de [From.PrimaryTitle.GetName].;;;[Root.GetTitledFirstNameWithDynasty], Por la presente os invito a asistir al torneo de [From.Capital.GetName], donde los mejores caballeros y Señores de [tourney_kingdom.GetName] serán invitados para competir.\n\n Cordialmente,\n[From.GetFirstNameWithDynasty], [From.GetTitle] de [From.PrimaryTitle.GetName];;;;;;;;;x
EVTDESC70086C;[Root.GetTitledFirstNameWithDynasty], I hereby invite you to attend the Grand Tourney of [From.Capital.GetName], where the the finest Knights and Lords of all the realm shall be invited to find out who is the most gallant and able knight in the land.\n\n Regards,\n[From.GetFirstNameWithDynasty], [From.GetTitle] of [From.PrimaryTitle.GetName];[Root.GetTitledFirstNameWithDynasty], par la présente je vous invite à assister au tournoi de [From.Capital.GetName], où les plus habiles chevaliers et seigneurs du Royaume s'affronteront pour décider de qui est le plus vaillant d'entre eux.\n\n Cordialement,\n[From.GetFirstNameWithDynasty], [From.GetTitle] de [From.PrimaryTitle.GetName].;;;[Root.GetTitledFirstNameWithDynasty], Por la presente os invito a asistir al Gran Torneo de [From.Capital.GetName], donde los mejores caballeros y Señores de todo el Reino serán invitados para encontrar al caballero más galante y talentoso del Reino.\n\n Cordialmente,\n[From.GetFirstNameWithDynasty], [From.GetTitle] de [From.PrimaryTitle.GetName];;;;;;;;;x
EVTOPTA70086;I will attend, It shall be entertaining!;Je serai présent, ce sera amusant !;;;Asistiré, será divertido!;;;;;;;;;x
EVTOPTB70086;I have better things to do than watch jousting;J'ai des choses plus importantes à faire qu'à regarder des joutes.;;;Tengo cosas más importantes que hacer que mirar unas justas.;;;;;;;;;x
EVTDESC70087;[FromFrom.GetTitledFirstNameWithDynasty] placed second in [From.GetTitle] [From.GetFirstNameWithDynasty]'s tournament.;[FromFrom.GetTitledFirstNameWithDynasty] a obtenu la seconde place du tournoi de [From.GetTitle] [From.GetFirstNameWithDynasty].;;;[FromFrom.GetTitledFirstNameWithDynasty] obtuvo la segunda plaza en el torneo de [From.GetTitle] [From.GetFirstNameWithDynasty].;;;;;;;;;x
EVTOPTA70087;A worthy runner up;Un digne second.;;;Una digna segunda plaza.;;;;;;;;;x
EVTOPTBtourney.35;An honourable third for House [Root.GetOnlyDynastyName];Une honorable troisième place pour la maison [Root.GetOnlyDynastyName];;;Una honorable tercera plaza para la casa [Root.GetOnlyDynastyName];;;;;;;;;x
EVTOPTB70087;My [FromFrom.GetRootRelation] is the runner-up, [FromFrom.GetSheHe] did house [Root.GetOnlyDynastyName] proud;Mon [FromFrom.GetRootRelation] est deuxième, [FromFrom.GetSheHe] a rendu fier la maison [Root.GetOnlyDynastyName];;;Mi [FromFrom.GetRootRelation] quedó segundo, [FromFrom.GetSheHeCap] ha llevado el honor a la casa [Root.GetOnlyDynastyName];;;;;;;;;x
EVTOPTC70087;My [From.GetRootRelation] is the champion, glory to House [Root.GetOnlyDynastyName]!;Mon [From.GetRootRelation] est le champion, gloire à la maison [Root.GetOnlyDynastyName] !;;;Mi [From.GetRootRelation] es el campeón! Gloria a la casa [Root.GetOnlyDynastyName]!;;;;;;;;;x
EVTDESC70088;[FromFrom.GetTitledFirstNameWithDynasty] placed third in [From.GetTitle] [From.GetFirstNameWithDynasty]'s tournament.;[FromFrom.GetTitledFirstNameWithDynasty] a obtenu la troisième place du tournoi de [From.GetTitle] [From.GetFirstNameWithDynasty].;;;[FromFrom.GetTitledFirstNameWithDynasty] obtuvo la tercera plaza en el torneo de [From.GetTitle] [From.GetFirstNameWithDynasty].;;;;;;;;;x
EVTOPTA70088;[FromFrom.GetSheHeCap] fought well;[FromFrom.GetSheHeCap] s'est bien battu !;;;[FromFrom.GetSheHeCap] combatió muy bien!;;;;;;;;;x
EVTDESC70089;[FromFrom.GetTitledFirstNameWithDynasty] has been tragically killed during [From.GetTitle] [From.GetFirstNameWithDynasty]'s tournament.;[FromFrom.GetTitledFirstNameWithDynasty] a tragiquement trouvé la mort lors du tournoi de [From.GetTitle] [From.GetFirstNameWithDynasty].;;;[FromFrom.GetTitledFirstNameWithDynasty] ha muerto trágicamente en el torneo de [From.GetTitle] [From.GetFirstNameWithDynasty].;;;;;;;;;x
EVTOPTA70089;How unfortunate;Quel malheur !;;;Pobre desdichado.;;;;;;;;;x
EVTDESC70090;[FromFrom.GetTitledFirstNameWithDynasty] has been horrifically maimed jousting in [From.GetTitle] [From.GetFirstNameWithDynasty]'s tournament.;[FromFrom.GetTitledFirstNameWithDynasty] a été horiblement mutilé lors d'une joute au tournoi de [From.GetTitle] [From.GetFirstNameWithDynasty].;;;[FromFrom.GetTitledFirstNameWithDynasty] ha sido mutilado horriblemente en las justas del torneo de [From.GetTitle] [From.GetFirstNameWithDynasty].;;;;;;;;;x
EVTDESC70091;[FromFrom.GetTitledFirstNameWithDynasty] has been badly wounded fighting in [From.GetTitle] [From.GetFirstNameWithDynasty]'s tournament.;[FromFrom.GetTitledFirstNameWithDynasty] a été sévèrement blessé lors d'un combat au tournoi de [From.GetTitle] [From.GetFirstNameWithDynasty].;;;[FromFrom.GetTitledFirstNameWithDynasty] ha sido gravemente herido en las justas del torneo de [From.GetTitle] [From.GetFirstNameWithDynasty].;;;;;;;;;x
opinion_tournament_spectator;Attended Tourney;A assisé au Tournoi;;;Asistió a un torneo;;;;;;;;;x
EVTDESC70092;After much food, [From.GetAlcoholicDrink], jousting and combat, [From.GetTitle] [From.GetFirstNameWithDynasty]'s Tourney has finally ended.;Après de nombreux festins, beuveries, joutes et combats, le Tournoi de [From.GetTitle] [From.GetFirstNameWithDynasty] a finalement pris fin.;;;Después de mucha comida, vino, justas y combates, el torneo de [From.GetTitle] [From.GetFirstNameWithDynasty] ha llegado a su fin.;;;;;;;;;x
EVTOPTB70003;My squire deserves some credit;Mon écuyer mérite un certain crédit.;;;Mi escudero merece algo de crédito.;;;;;;;;;x
EVTOPTB70005;Personally I blame my squire;Personnellement, je blâme mon écuyer.;;;Personalmente, culpo a mi escudero.;;;;;;;;;x
opinion_squire_honoured;Honoured Squire;Ecuyer honoré;;;Escudero honrado;;;;;;;;;x
opinion_squire_humiliated;Humiliated Squire;Ecuyer Humilié;;;Escudero humillado;;;;;;;;;x
TOURNAMENTTITLE4;Tourney of [FromFrom.Capital.GetName];Tournoi de [FromFrom.Capital.GetName];;;Torneo de [FromFrom.Capital.GetName];;;;;;;;;x
EVTOPTA70092;It was a fine spectacle!;Ce fut un beau spectacle !;;;Fue un buen espectáculo!;;;;;;;;;x
EVTDESC70095;My [From.GetRootRelation] [From.GetTitledFirstName] has shown time and time again their skill at arms during the Tourney. Despite not winning, [From.GetSheHe] prevailed against many knights in the lists, covering [From.GetHerHim]self in glory.;Mon(a) [From.GetRootRelation] [From.GetTitledFirstName] a montré à de nombreuses reprises sa maîtrise des armes durant le Tournoi. Même s'[From.GetSheHe] n'a pas gagné, [From.GetSheHe] a battu de nombreux chevaliers dans les lices, se couvrant de gloire.;;;Mi [From.GetRootRelation] [From.GetTitledFirstName] demostró una y otra vez su habilidad con las armas durante el torneo. A pesar de no haber ganado, derrotó a muchos caballeros en la liza, cubriéndose a si mismo de gloria.;;;;;;;;;x
EVTOPTC70095;This reflects well on me and House [Root.GetOnlyDynastyName];Cela rejaillit sur moi et sur la Maison [Root.GetOnlyDynastyName].;;;Esto es buen reflejo de mí y de la Casa [Root.GetOnlyDynastyName];;;;;;;;;x
EVTDESC70096;My [From.GetRootRelation] [From.GetTitledFirstName] was paired with [FromFromFrom.GetTitledFirstNameWithDynasty] in [From.GetHerHis] next joust. After many tilts and broken lances [FromFromFrom.GetTitledFirstName] was eventually unhorsed, leaving [From.GetTitledFirstName] to be declared the winner.;Mon(a) [From.GetRootRelation] [From.GetTitledFirstName] a affronté [FromFrom.GetTitledFirstNameWithDynasty] lors de sa dernière joute. Après avoir brisé de nombreuses lances, [FromFrom.GetTitledFirstName] a fini par être désarçonné, laissant [From.GetTitledFirstName] remporté la victoire.;;;Mi [From.GetRootRelation] [From.GetTitledFirstName] no ganó el combate cuerpo a cuerpo del torneo pero su destreza con las armas no pasó desapercibida.;;;;;;;;;x
EVTOPTC70096;A good showing for House [Root.GetOnlyDynastyName];Une belle démonstration pour la Maison [Root.GetOnlyDynastyName].;;;Una buena demostración de la casa [Root.GetOnlyDynastyName];;;;;;;;;x
EVTDESC70097;My [FromFrom.GetRootRelation] [FromFrom.GetTitledFirstName] failed to display their full prowess during the Tourney. [FromFrom.GetSheHeCap] won a handful of tilts against lesser men, but was soundly beaten later on by a little known knight in one of the early rounds.;Mon(a) [FromFrom.GetRootRelation] [FromFrom.GetTitledFirstName] n'a pas réussi à montrer l'étendue de ses talents lors du tournoi. [FromFrom.GetSheHeCap] a remporté de nombreuses passes contre des hommes de moindre envergure mais a été sèchement vaincu par un petit chevalier de peu de renom lors des premiers tours.;;;Mi [From.GetRootRelation] [From.GetTitledFirstName] no pudo demostrar toda su destreza en el torneo. Ganó un puñado de combates contra hombres inferiores, pero fue derrotado en los combates posteriores.;;;;;;;;;x
EVTOPTC70097;A poor showing for House [Root.GetOnlyDynastyName];Une bien piètre démonstration pour la Maison [Root.GetOnlyDynastyName].;;;Una pobre actuación de la casa [Root.GetOnlyDynastyName];;;;;;;;;x
EVTDESC70098;My [FromFromFrom.GetRootRelation] [FromFromFrom.GetTitledFirstName] was paired with [From.GetTitledFirstNameWithDynasty] in [FromFromFrom.GetHerHis] next joust. After many tilts and broken lances [FromFromFrom.GetTitledFirstName] was eventually unhorsed, leaving [From.GetTitledFirstName] to be declared the winner. Your [FromFromFrom.GetRootRelation] has been eliminated as a result.;Mon(a) [FromFrom.GetRootRelation] [FromFrom.GetTitledFirstName] a affronté [From.GetTitledFirstNameWithDynasty] lors de sa dernière joute. Après avoir brisé de nombreuses lances, [FromFrom.GetTitledFirstName] a fini par être désarçonné, laissant [From.GetTitledFirstName] remporté la victoire. Votre [FromFrom.GetRootRelation] a donc été éliminé.;;;Mi [From.GetRootRelation] [From.GetTitledFirstName] fue derrotado en las primeras rondas del torneo. Todavía podemos oír el desprecio de la multitud, después de que fuera desmontado una y otra vez.;;;;;;;;;x
EVTOPTC70098;Unlucky my dear [FromFromFrom.GetRootRelation];Quelle malchance mon cher [FromFrom.GetRootRelation];;;Mala suerte querido [FromFrom.GetRootRelation];;;;;;;;;x
EVTOPTB70059;This is a great honour for our house;C'est un grand honneur pour notre Maison.;;;Es un gran honor para nuestra casa.;;;;;;;;;x
EVTOPTC70059;This is a grave dishonour on our kin!;;;;;;;;;;;;;x
EVTDESCtourney.8;The tourney had finally got underway, with the first day of the lists beginning in earnest. You failed to make it through undefeated however, and was unhorsed in a joust by [From.GetTitledFirstNameWithDynasty], whose prowess was clearly greater. You have been eliminated from the tourney.;Le tournoi a enfin commencé et la première journée est désormais terminée. Vous n'avez malheureusement pas réussi à créer l'exploit, vous avez été démonté par [From.GetTitledFirstNameWithDynasty], dont les aptitudes étaient clairement supérieures aux votres. Vous avez été éliminé du tournoi.;;;El torneo finalmente ha comenzado y el primer día ha pasado. No has podido realizar la hazaña y has sido desmontado por [From.GetTitledFirstNameWithDynasty], cuyas aptitudes eran claramente superiores a las tuya. Has sido eliminado del torneo.;;;;;;;;;x
EVTTOOLTIPtourney.8;You were defeated by [This.GetTitledFirstNameWithDynasty]\n;Vous avez été défait par [This.GetTitledFirstNameWithDynasty]\n;;;Has sido derrotado por [This.GetTitledFirstNameWithDynasty]\n;;;;;;;;;x
EVTOPTAtourney.8;I'll win next time;Je gagnerai la prochaine fois.;;;La próxima vez venceré.;;;;;;;;;x
EVTDESCtourney.9;The first days jousting is complete, with many lesser riders having already been eliminated from the competition. Now over the coming days the remaining men shall compete in the final lists, tilting until only one champion remains.;La première journée de joute est terminée et les cavaliers de moindre talent ont déjà été défaits. Demain les hommes toujours en course devront s'affonter dans les lices finales pour déterminer le champion.;;;La primera jornada de justas ha pasado y los caballeros de menos talento ya han sido eliminados. Mañana los hombres que quedan se enfrentarán en las justas finales para decidir el campeón.;;;;;;;;;x
EVTOPTAtourney.9;Fine jousters all of them;Tous de fins jouteurs.;;;Grandes justadores todos ellos.;;;;;;;;;x
TOOLTIPtourney.9;The following competitors made the final lists:\n;Les compétiteurs suivants participeront aux lices finales :\n;;;Los siguientes competidores participarán en las justas finales :\n;;;;;;;;;
TOOLTIPtourney.10;[This.GetTitledFirstNameWithDynasty];[This.GetTitledFirstNameWithDynasty];;;[This.GetTitledFirstNameWithDynasty];;;;;;;;;x
EVTDESCtourney.10;After arriving in [From.Capital.GetName] the first day of the tourney began in earnest. You tilted against many lesser knights throughout the day, most of whom you unhorsed easily. Now in the coming days the final round of lists begins, and the opposition shall surely be more fierce.;Après votre arrivée à [From.Capital.GetName] vous avez participé au premier jour du tournoi. Vous avez affronter de nombreux chevaliers de moindre talent que vous facilement démonté. Le dernier tour commence demain et les adversaires vont se sûrement être d'un tout autre niveau.;;;Tras tu llegada a [From.Capital.GetName] has participado en el primer día de torneo. Te has enfrentado a numerosos caballeros de menos talento que tú, fácilmente desmontables. La última ronda comienza mañana y los adversarios tendrán mayor nivel.;;;;;;;;;x
EVTOPTAtourney.10;I shall ready my horse;Je dois préparer mon cheval.;;;Debo preparar a mi caballo.;;;;;;;;;x
EVTDESCtourney.13;The tourney herald anounces the competitiors of the next joust, you have been drawn against [From.GetTitledFirstNameWithDynasty]. You mount your charge, take a lance from your squire and ride to the end of the list as [From.GetTitledFirstName] does likewise. Then on queue the horses break into a gallop...;Le héraut du tournoi annonce les compétiteurs pour la prochaine joute, vous avez été désigné pour affronter [From.GetTitledFirstNameWithDynasty]. Vous vous équipez, demandez une lance à votre écuyer puis vous chevauchez jusqu'au bout de la lice tandis que [From.GetTitledFirstName] fait de même. Puis les chevaux se lancent au galop l'un contre l'autre...;;;El heraldo del torneo anuncia los competidores para la próxima justa, has sido designado para enfrentarte a [From.GetTitledFirstNameWithDynasty]. Te equipas, pides una lanza a tu escudero y trotas hasta el extremo del campo mientras [From.GetTitledFirstName] hace lo propio. Entonces los caballos se lanzan al galope el uno contra el otro...;;;;;;;;;x
EVTOPTAtourney.13;Steady...;Maintenir…;;;Mantener...;;;;;;;;;x
TOOLTIPtourney.14;The first tilt begins...;La première joute commence…;;;Empieza la primera justa...;;;;;;;;;x
EVTDESCtourney.16;As you close in on your opponent you see an opening. You deftly guide your lance into strike whilst evading their charge...;Alors que vous vous rapprochez de votre adversaire vous repérez une ouverture. Vous guidez adroitement votre lance pour frapper tout en évitant la charge de votre opposant…;;;A medida que te acercas a tu adversario detectas una abertura. Hábilmente guías la lanza hacia ella, mientras evitas la carga del contrincante...;;;;;;;;;x
EVTOPTAtourney.16;Hit!;Touché !;;;Golpeado!;;;;;;;;;x
EVTDESCtourney.17;Your opponent got the better of you when you met in the centre of the lists. Your lance merely makes a glancing blow on their armour, whilst their lance hits true...;Votre adversaire a su repérer une ouverture au moment où vous vous êtes rencontrés au centre de la lice. Votre lance a à peine égratigner son armure tandis que la sienne a visé juste…;;;Tu adversario encontró una abertura cuando estabas en el centro de la liza. Tu lanza apenas ha rozado su armadura mientras que la suya ha dado en el blanco...;;;;;;;;;x
EVTOPTAtourney.17;Oh dear;Oh…;;;Oh...;;;;;;;;;x
EVTDESCtourney.18;Your opponent is unfortunately no longer available to joust.;Votre adversaire n'est malheureusement plus en état de jouter.;;;Tu oponento ya no es capaz de justar.;;;;;;;;;x
EVTOPTAtourney.18;Fine, another then!;Bien, un autre maintenant !;;;Bien, a por el siguiente!;;;;;;;;;x
EVTDESCtourney.20;The blow from [round_winner.GetTitledFirstNameWithDynasty]'s lance sends you reeling, and you struggle to stay on your horse. The crowd gasps, expecting you to fall. However you maintain your grip, bringing your mount around the other side of lists ready for another charge.;Le coup porté par la lance de [From.GetTitledFirstNameWithDynasty] vous a fait vacillé et vous luttez pour rester en selle. La foule retient son souffle, attendant que vous chutiez, mais vous parvenez à garder votre assise et replacez votre monture à l'autre bout de la lice, prêt pour une nouvelle charge.;;;El golpe de la lanza de [From.GetTitledFirstNameWithDynasty] te hace vacilar y luchas para no caer de la silla. El público contiene la respiración, esperando tu caída, pero consigues mantenerte sentado y sustituyes la montura  en el otro lado de la liza, listo para una nueva carga.;;;;;;;;;x
EVTOPTAtourney.20;This time I'll strike;Cette fois je vais frapper…;;;Esta vez le golpearé...;;;;;;;;;x
TOOLTIPtourney.21;A new tilt begins...;Une nouvelle joute commence…;;;Comienza una nueva carga...;;;;;;;;;x
EVTDESCtourney.21;[From.GetTitledFirstNameWithDynasty] took the full force of your lance and was sent reeling, and only managed a glancing blow upon your own armour. [From.GetSheHeCap] almost fell off, but managed to regain [From.GetHerHis] balance and round the other end of the lists ready for another tilt.;[From.GetTitledFirstNameWithDynasty] a encaissé votre violent coup de lance et vacille, tandis qu'il n'est parvenu qu'à égratigner votre armure. [From.GetSheHeCap] a failli tomber de cheval, mais est parvenu à récupérer son assise avant de se diriger vers le bout de la lice, prêt pour une nouvelle joute.;;;[From.GetTitledFirstNameWithDynasty] ha encajado tu violento golpe de lanza y vacila, mientras que el suyo sólamente te roza la armadura. Está a punto de caer del caballo, pero reacciona y consigue llegar al otro lado de la liza, listo para otra carga.;;;;;;;;;x
EVTOPTAtourney.21;I'll knock [From.GetHerHim] off this time;Cette fois, je vais le heurter violemment.;;;Esta vez, le daré más fuerte.;;;;;;;;;x
EVTDESCtourney.22;[round_winner.GetTitledFirstNameWithDynasty]'s lance strikes you square in the middle of your breastplate, exploding into many pieces as it hits. The force knocks the wind out of you and sends you flying from your horse. You are left lying in the dirt defeated as the crowd cheers [round_winner.GetTitledFirstNameNoRegnal].;La lance de [From.GetTitledFirstNameWithDynasty] vous a touché en plein milieu de votre pectoral avant de se briser en plusieurs morceaux. La violence du coup vous a propulsé loin de votre cheval. Vous gisez dans la boue tandis que la foule acclame [From.GetTitledFirstName].;;;La lanza de [From.GetTitledFirstNameWithDynasty] te ha dado justo en el centro del peto antes de romperse en pedazos. La violencia del golpe te lanza lejos del caballo. Te deslizas por el barro mientras el público aclama a [From.GetTitledFirstName].;;;;;;;;;x
EVTOPTAtourney.22;Ouch;Ouch;;;Ouch;;;;;;;;;x
EVTDESCtourney.23;You expertly struck [From.GetTitledFirstName] with your lance right in the middle of [From.GetHerHis] breastplate, causing your lance to shatter into a thousand pieces as [From.GetSheHe] is sent flying from the saddle. The crowd gives a great cheer at your victory, and is relieved to see [From.GetTitledFirstName] is unharmed.;Vous avez frappé [From.GetTitledFirstName] avec précision, en plein milieu de son pectoral. Votre lance s'est brisée en mille morceaux et a propulsé votre adversaire à plusieurs mètres de là. La foule vous acclame et est soulagé de constater que [From.GetTitledFirstName] n'est pas blessé. ;;;Golpeas a [From.GetTitledFirstName] con precisión, en pleno centro del peto. Tu lanza se rompe en mil pedazos y lanza a tu adversario al barro. El público te aclama y compruebas que [From.GetTitledFirstName] no está herido.;;;;;;;;;x
EVTOPTAtourney.23;A fine hit I must say;Un joli coup je dois dire.;;;Un bonito golpe.;;;;;;;;;x
EVTDESCtourney.25;You and [From.GetTitledFirstNameWithDynasty] collide fiercely, both lances shattering in a hail of splinters. You both ride on still ahorse to the other end of the lists to take a new lance from a squire. You notice [From.GetTitledFirstName] is now bleeding profusely from a wound, but [From.GetSheHe] urges [From.GetHerHis] mount on for another charge regardless.;[From.GetTitledFirstNameWithDynasty] et vous-même entrez violemment en collision, vos deux lances explosent en mille morceaux. Toujours à cheval, vous vous dirigez tout deux vers vos écuyers pour récupérer une nouvelle lance. Vous remarquez que [From.GetTitledFirstName] saigne désormais abondamment d'une blessure, mais [From.GetSheHe] ne semble pas s'en soucier et presse sa monture pour une nouvelle charge.;;;[From.GetTitledFirstNameWithDynasty] y tú colisionáis, vuestras lanzas explotan en mil pedazos. Todavía a caballo os dirigís hacia los escuderos a recoger otra lanza. Notas que a [From.GetTitledFirstName] le sangra abundantemente una herida, pero no parece haberse dado cuenta y prepara su montura para otra carga.;;;;;;;;;x
EVTOPTAtourney.25;This will give me an advantage;Cela va me donner un avantage.;;;Eso me dará una ventaja.;;;;;;;;;x
EVTDESCtourney.24;As you and [round_winner.GetTitledFirstName] meet you both score a good hit, both lances shattering as you both ride on still mounted. You are hit with a sudden bout of pain however as you realise you are now bleeding profusely. You take up a new lance from your squire anyway and charge gamely on.;[From.GetTitledFirstName] et vous même parvenez à délivrer une belle frappe, vos lances ont explosé mais vous êtes parvenu tout deux à rester en selle. Cependant vous ressentez tout à coup une douleur soudaine et réalisez que vous saignez abondamment. Sans vous en soucier outre mesure, vous demandez une nouvelle lance à votre écuyer et reprenez votre place pour une nouvelle charge.;;;[From.GetTitledFirstName] y tú conseguís un buen golpe, vuestras lanzas explotan en mil pedazos pero conseguís seguir montados. Sin embargo, sientes un dolor repentino y te das cuentas que sangras abundantemente. No le das mayor importancia y pides a tu escudero que te de otra lanza y te preparas para una nueva carga.;;;;;;;;;x
EVTOPTAtourney.24;This will not stop me;Cela ne va pas m'arrêter.;;;Esto no me parará.;;;;;;;;;x
EVTDESCtourney.26;You are helpless as [round_winner.GetTitledFirstNameWithDynasty]'s lance forcefully knocks you off your saddle and into the air. You land with a sickening crunch into the dirt. The pain is immense, you are sure something is broken...;Vous vous sentez impuissant au moment où la lance de [From.GetTitledFirstNameWithDynasty] vous touche avec violence et vous jette à bas de votre selle. Vous vous écrasez par terre, la douleur est immense, vous êtes sûr que quelque chose s'est brisé...;;;Te sientes impotente cuando la lanza de [From.GetTitledFirstNameWithDynasty] te golpea con fuerza y te arroja al suelo... Te estrellas contra el suelo, el dolor es inmenso, notas que alguna cosa se ha roto...;;;;;;;;;x
EVTOPTAtourney.26;Arrrggghhh!!!;Arrrggghhh!!!;;;Arrrggghhh!!!;;;;;;;;;x
EVTDESCtourney.27;The hapless [From.GetTitledFirstNameWithDynasty] has no chance as [From.GetSheHe] is sent flying by your ruthless strike of the lance. [From.GetSheHeCap] lands in the dirt with a sickening crunch at an awkward angle, and as a squire rushes to [From.GetHerHis] aid the crowd goes silent goes silent as they realise the seriousness of [From.GetHerHis] injuries.;Le malchanceux [From.GetTitledFirstNameWithDynasty] a été propulsé loin de sa monture par votre violent coup de lance. [From.GetSheHeCap] s'est écrasé par terre et vous avez nettement entendu un craquement. Un écuyer s'est précipité pour l'aider et la foule garde le silence, réalisant la gravité de ses blessures.;;;El desafortunado [From.GetTitledFirstNameWithDynasty] ha salido propulsado de su montura por tu violento golpe de lanza.  Se ha estrellado contra el suelo y has ecuchado nítidamente una rotura. Un escudero se precipita para ayudarle y el público guarda silencio al darse cuenta de la gravedad de las heridas.;;;;;;;;;x
EVTOPTAtourney.27;So, I win then?;Alors, j'ai gagné non ?;;;Entonces, he ganado no?;;;;;;;;;x
EVTDESCtourney.28;You know this is not right, you cannot land a blow on [round_winner.GetTitledFirstNameWithDynasty], whilst the point of [From.GetHerHis] lance is aimed true on you. As it strikes, the last thing you feel is the lance slipping between a gap in your armour, impaling you...;Vous savez que ce n'est pas bon. Vous n'arrivez pas à maintenir votre lance dans la direction de [From.GetTitledFirstNameWithDynasty], tandis que la pointe de la sienne fonce droit sur vous. La dernière chose que vous ressentez est une intense douleur au moment du choc. La lance a touché une des articulations de votre armure et pénètre votre chair...;;;Sabes que no es bueno. No llegaste a mantener la lanza en dirección a [From.GetTitledFirstNameWithDynasty], mientras que la punta de la suya se hundió en ti. Lo último que sientes es un intenso dolor al momento del choque. La lanza ha golpeado una de tus articulaciones de la armadura y ha penetrado en tu carne...;;;;;;;;;x
EVTOPTAtourney.28;Arrrggghhh!!!;Arrrggghhh!!!;;;Arrrggghhh!!!;;;;;;;;;x
EVTDESCtourney.29;At first you were pleased to land a hit, however the point of your lance found a gap in [From.GetTitledFirstNameWithDynasty]'s armour, impaling [From.GetHerHim] in a gruesome fashion. As people rush to [From.GetHerHis] aid, it becomes obvious there is nothing that can be done for [From.GetHerHim] as [From.GetHerHis] lifeblood spills onto the dirt.;Au départ vous étiez heureux d'avoir touché, puis vous vous êtes rendu compte que la pointe de votre lance avait rencontré un point faible de l'armure de [From.GetTitledFirstNameWithDynasty] qui a fini empalé. Alors que tout le monde se précipite pour l'aider, il est devenu clair que rien ne pourra le sauver.;;;Al principio estabas contento de haberlo golpeado, pero te das cuenta que la punta de tu lanza dió en el punto débil de la armadura de [From.GetTitledFirstNameWithDynasty] y la traspasó. Cuando todo el mundo acudía para ayudarle, quedó claro que nadie lo podría salvar.;;;;;;;;;x
EVTOPTAtourney.29;How unfortunate;Quel malheur !;;;Que desafortunado!;;;;;;;;;x
EVTDESCtourney.31;You have been declared the winner, defeating [FromFrom.GetTitledFirstNameWithDynasty] in a fine joust.;Vous avez été déclaré vainqueur, battant [From.GetTitledFirstNameWithDynasty] lors d'une bonne joute.;;;Has sido declarado vencedor, derrotando a [From.GetTitledFirstNameWithDynasty] trasn una buena justa.;;;;;;;;;x
EVTOPTAtourney.31;None can beat me;Personne ne peut me battre.;;;Nadie puede vencerme!;;;;;;;;;x
EVTDESCtourney.32;[From.GetTitledFirstNameWithDynasty] has been declared the winner, defeating you and eliminating you from the tourney.;[From.GetTitledFirstNameWithDynasty] a été déclaré vainqueur, vous ayant défait et éliminé du tournoi. ;;;[From.GetTitledFirstNameWithDynasty] ha sido declarado vencedor, habiéndote derrotado y eliminado del torneo.;;;;;;;;;x
EVTOPTAtourney.32;There is always next time;La prochaine fois !;;;Siempre hay una próxima vez!;;;;;;;;;x
EVTDESCtourney.33;[From.GetTitledFirstNameWithDynasty] and [FromFromFrom.GetTitledFirstNameWithDynasty] were the next to joust in the lists. After many tilts and broken lances [FromFromFrom.GetTitledFirstName] was eventually unhorsed, leaving [From.GetTitledFirstName] to be declared the winner.;[From.GetTitledFirstNameWithDynasty] et [FromFrom.GetTitledFirstNameWithDynasty] étaient les prochains à se rencontrer dans les lices. Après avoir brisé de nombreuses lances, [FromFrom.GetTitledFirstName] a fini par être démonté et [From.GetTitledFirstName] a été déclaré vainqueur.;;;[From.GetTitledFirstNameWithDynasty] y [FromFrom.GetTitledFirstNameWithDynasty] serán los siguientes a enfrentarse en la liza. Tras romper numerosas lanzas, [FromFrom.GetTitledFirstName] ha acabado siendo desmontado y [From.GetTitledFirstName] ha sido declarado vencedor.;;;;;;;;;x
EVTOPTAtourney.33;Well done, a fine joust!;Une belle joute !;;;Una preciosa justa!;;;;;;;;;x
EVTDESCtourney.34;After many tilts over several days only two knights remained undefeated. [From.GetTitledFirstNameWithDynasty] and [FromFromFrom.GetTitledFirstNameWithDynasty] faced eachother in the final joust, and after many tilts of finely executed jousting [FromFromFrom.GetTitledFirstName] was unhorsed, leaving [From.GetTitledFirstNameWithDynasty] to be declared the winner of the tourney.;Après de très nombreuses joutes, seuls deux chevaliers sont restés invaincus. [From.GetTitledFirstNameWithDynasty] et [FromFrom.GetTitledFirstNameWithDynasty] se sont rencontrés lors de la dernière joute et après de nombreuses et belles charges [FromFrom.GetTitledFirstName] a été démonté et [From.GetTitledFirstNameWithDynasty] a été déclaré vainqueur du tournoi.;;;Tras numerosas justas, sólamente dos caballeros quedan invictos. [From.GetTitledFirstNameWithDynasty] y [FromFrom.GetTitledFirstNameWithDynasty] se enfrentaron en la última justa y tras muchas y bellas cargas [FromFrom.GetTitledFirstName] ha sido desmontado y [From.GetTitledFirstNameWithDynasty] ha sido declarado vencedor del torneo.;;;;;;;;;x
EVTOPTAtourney.34;A worthy champion;Un digne champion.;;;Un digno campeón.;;;;;;;;;x
TOOLTIPtourney.29;The Tourney comes to an end;La tournoi prend fin.;;;El torneo acaba.;;;;;;;;;x
EVTOPTBtourney.9;I will watch every tilt!;Je vais aller voir toutes les joutes !;;;Voy a ver todas las justas!;;;;;;;;;x
EVTOPTBtourney.13;Maybe some coin can persuade [From.GetHerHim] to fall?;Peut-être que quelques pièces pourraient le(a) persuader de tomber ?;;;Tal vez algunas monedas podrían persuadirle de caerse?;;;;;;;;;x
TOOLTIPtourney.40;[From.GetTitledFirstName] will be offered a bribe to lose the joust;[From.GetTitledFirstName] va se voir proposer de l'argent pour perdre la joute.;;;[From.GetTitledFirstName] ofrecerá dinero por perder la justa.;;;;;;;;;x
EVTDESCtourney.40;You have been drawn against [From.GetTitledFirstNameWithDynasty] in the next joust, and [From.GetSheHe] is desperate to win it seems. [From.GetSheHeCap] has offered you a fine purse of coin to throw the tilt and let [From.GetHerHim] win.;Vous avez été désigné pour affronter [From.GetTitledFirstNameWithDynasty] lors de la prochaine joute et [From.GetSheHe] semble avoir peu d'espoir de gagner. [From.GetSheHeCap] vous a offert une belle bourse pour perdre la joute et le laisser gagner.;;;Has sido designado para enfrentarte a [From.GetTitledFirstNameWithDynasty] en la próxima justa y parece tener pocas esperanzas de ganar. Te ha ofrecido una buena bolsa por perder la justa y dejarle ganar.;;;;;;;;;x
EVTOPTAtourney.40;A fair deal, I shall fall at the first tilt;Une belle affaire, je vais tomebr lors de la première charge. ;;;Un buen negocio, me dejaré caer en la primera carga.;;;;;;;;;x
EVTOPTBtourney.40;This is dishonourable bribery!;Quelle ignoble pratique !;;;Es un soborno deshonroso!;;;;;;;;;x
TOOLTIPtourney.41;You purposely lose the joust against [From.GetTitledFirstName];Vous perdez délibérement la joute contre [From.GetTitledFirstName];;;Pierdes deliberadamente la justa contra [From.GetTitledFirstName];;;;;;;;;x
TOOLTIPtourney.42;The joust proceeds fairly;La joute se déroule normalement.;;;La justa se desarrolla con normalidad.;;;;;;;;;x
EVTDESCtourney.41;When [From.GetSheHe] heard of your bribe, [From.GetTitledFirstName] feigned disgust and reluctance at first, but this was clearly a face saving act. [From.GetSheHeCap] eventually accepted your coin, and will now throw the joust at the first tilt.;Lorsqu'[From.GetSheHe] a entendu parlé de votre offre, [From.GetTitledFirstName] a d'abord feint d'être dégouté et de vouloir refusé, mais il s'agissait clairement d'un jeu pour sauver la face. [From.GetSheHeCap] a fini par accepter votre argent et va perdre la joute lors de la première charge.;;;Cuando ha oído hablar de tu oferta, [From.GetTitledFirstName] ha pretendido hacerse el disgustado y se negó a tratar la oferta, pero era claramente un juego para salvar su cara. Ha acabado aceptando la oferta y se dejará perder en la primera carga.;;;;;;;;;x
EVTOPTAtourney.41;Everyone wins;Tout le monde gagne.;;;Todo el mundo gana.;;;;;;;;;x
EVTDESCtourney.42;[From.GetTitledFirstName] was outraged at your attempted bribe, [From.GetSheHe] called it a slight on [From.GetHerHis] honour and rejected it out of hand. [From.GetSheHeCap] vows to beat you on lists fairly. ;[From.GetTitledFirstName] a été choqué par votre tentative de corruption, [From.GetSheHe] a refusé d'entacher son honneur et à rejeter votre offre. [From.GetSheHeCap] veut désormais vous battre sur la lice.;;;[From.GetTitledFirstName] se sorprendió por tu tentativa de soborno, ha rechazado mancillar su honor y ha rechazadola oferta. Ahora quiere ganar en la liza.;;;;;;;;;x
EVTOPTAtourney.42;[From.GetSheHeCap] values honour too much;[From.GetSheHeCap] fait bien trop de cas de son honneur.;;;Hace demasiado caso a su honor.;;;;;;;;;x
EVTDESCtourney.43;[round_winner.GetTitledFirstNameWithDynasty]'s aim is poor, but you casually shift your body in the way so you catch a mild blow from it. You throw yourself from the horse, adding some theatrics to make it look convincing, and in doing so losing the joust.;Le coup porté par [From.GetTitledFirstNameWithDynasty] est très faible et mal ajusté mais vous parvenez à vous positionner de façon à le recevoir sur votre pectoral. Vous sautez de cheval tout en ajoutant un peu de comédie pour que le coup paraisse convaincant. Vous avez perdu la joute.;;;El golpe dado por [From.GetTitledFirstNameWithDynasty] es muy flojo y mal ajustado pero te posicionas de manera que lo recibes en el peto. Saltas del caballo añadiendo un poco de comedia paa que parezca convincente. Has perdido la justa.;;;;;;;;;x
EVTOPTAtourney.43;A well earned purse;Une bourse bien gagnée.;;;Una bolsa bien ganada.;;;;;;;;;x
EVTDESCtourney.44;You casually aim your lance in [From.GetTitledFirstNameWithDynasty]'s general direction, sure of a strike in any case. [From.GetTitledFirstName] duly gets in the way and takes a mild blow, theatrically falling from [From.GetHerHis] horse to make a convincing show of it.;Vous tendez votre lance comme vous le pouvez en direction de [From.GetTitledFirstNameWithDynasty], sûr que vous allez le toucher. [From.GetTitledFirstName] parvient à se positionner de façon à prendre le coup puis chute en ajoutant assez de comédié pour que l'affaire pariasse convaincante.;;;Extiendes la lanza como mejor puedes en dirección a [From.GetTitledFirstNameWithDynasty], seguro de que le vas a golpear. [From.GetTitledFirstName] se posiciona para recibir el golpe y cae al suelo añadiendo un poco de comedia para que parezca convincente.;;;;;;;;;x
EVTOPTAtourney.44;A win is a win;Une victoire est une victoire.;;;Una victoria es una victoria.;;;;;;;;;x
EVTDESCtourney.45;Whilst perparing for the tourney a young peasant boy has taken to helping with your horse and armour. You're not quite sure where he came from and how he came to start helping you, but he seems an earnest lad and eager to help. Perhaps he would make a good squire?;Alors que vous vous prépariez pour le tournoi, un jeune paysan vous a proposé de vous aider avec votre armure et votre monture. Vous ne savez pas trop d'où il vient et pourquoi il veut vous aider. Peut-être qu'il pourrait faire un bon écuyer ?;;;Mientras te preparabas para el torneo, un joven campesino se ofrece a ayudarte con la armadura y la montura. No sabes de dónde viene ni por que quiere ayudar. Tal vez sería un buen escudero?;;;;;;;;;x
EVTOPTAtourney.45;Yes, I'll take him on;Oui, je vais le prendre.;;;Sí, me lo llevo.;;;;;;;;;x
EVTOPTBtourney.45;I won't have some common urchin helping me, be gone!;Je ne vais pas prendre un gamin du commun comme écuyer, déguerpis !;;;No voy a tener de escudero a un vulgar crío, desaparece!;;;;;;;;;x
EVTDESCtourney.46;I've been helping [Root.Educator.GetTitledFirstName] in the tourney as [Root.Educator.GetHerHis] squire, and at the end of the days jousting me and some other squires found a lot of [Root.GetAlcoholicDrink]! We shared it with some serving girls and had a great time, but the next morning has come and now I feel terrible.;J'ai aidé [Root.Educator.GetTitledFirstName] au tournoi en qualité d'écuyer. Hier soir, après les joutes, j'ai trouvé, avec d'autres écuyers, plusieurs bouteilles de vin ! Nous l'avons partagé avec quelques servantes et nous avons passé du bon temps. Mais ce matin je me sens très mal.;;;Ayudé a [Root.Educator.GetTitledFirstName] en el torneo como escudero. Ayer por la noche, tras las justas, me junté con otros escuderos y varias botellas de vino. Las compartimos con algunas doncellas y nos lo pasamos en grande. Pero esta mañana me siento bastante mal.;;;;;;;;;x
EVTOPTAtourney.46;I hope [Root.Educator.GetTitledFirstName] wont be mad;J'espère que [Root.Educator.GetTitledFirstName] ne sera pas en colère.;;;Espero que [Root.Educator.GetTitledFirstName] no esté enfadado.;;;;;;;;;x
TOOLTIPtourney.47;[Root.Educator.GetTitledFirstName] reacts to your hungover state;[Root.Educator.GetTitledFirstName] réagit à votre gueule de bois.;;;[Root.Educator.GetTitledFirstName] reacciona a tu resaca.;;;;;;;;;x
EVTDESCtourney.47;The days jousting is about to begin, and you realise your squire [From.GetTitledFirstName] is horribly hungover. You learn that [From.GetSheHe] and some other squires found some [Root.GetAlcoholicDrink] and shared it with some serving girls, and got very drunk. His support as a squire in the lists will surely suffer.;La journée de joute est sur le point de commencer et vous réalisez que votre écuyer [From.GetTitledFirstName] a une terrible gueule de bois. Vous apprenez qu'[From.GetSheHe] a découvert, avec d'autres ecuyers, quelques bouteilles de vin qu'ils ont partagé avec de jeunes servantes. [From.GetSheHeCap] risque d'avoir du mal à vous aider dans les lices.;;;La jornada de justa está a punto de empezar y descubres que tu escudero [From.GetTitledFirstName] tiene una terrible resaca. Te enteras que él y otros escuderos cogieron algunas botellas de vino que compartieron con jóvenes doncellas. Es posible que no esté en plenas facultades para ayudarte en la justa.;;;;;;;;;x
EVTOPTAtourney.47;Ha! The young lad is growing up!;Ha ! Ce petit jeune est en train de grandir !;;;Ja! Este crío está creciendo!;;;;;;;;;x
EVTOPTBtourney.47;I shall lecture him about his duty as a squire;Je vais le sermonner sur ses devoirs en tant qu'écuyer.;;;Le voy a dar un sermón sobre los deberes de un escudero.;;;;;;;;;x
EVTOPTCtourney.47;Right, he has earned a good beating!;Bien, il a mérité une vonne taloche !;;;Bueno, se ha ganado una buena bofetada!;;;;;;;;;x
EVTDESCtourney.48;Whilst preparing for the tourney you and your squire have been training hard. You have been instructing him in the art of wielding a lance and riding a horse. There have also been intense sparring sessions, and he has been made to understand what his duties in the lists are.;Lors de la préparation pour le tournoi, vous et votre écuyer vous êtes durement entrainés. Vous lui avez appris à manier la lance et à monter un cheval. Vous l'avez aussi entrainé au combat et il semble avoir compris ce qu'il doit faire dans les lices.;;;Preparando el torneo, tú y tu escudero habéis entrenado duro. Le has enseñado a manejar la lanza y montar a caballo. También le has entrenado en el combate y parece comprender lo que ha de hacer en las justas.;;;;;;;;;x
EVTOPTAtourney.48;He seems ready to assist me in the lists;Il semble prêt à m'aider dans les lices.;;;Parece preparado para ayudarme en las justas.;;;;;;;;;x
EVTDESCtourney.49;Whilst preparing for the tourney, [From.GetTitledFirstName] has found time to fit in training for you. [From.GetSheHeCap] has been instructing you in the proper use of a lance, and has been given you intense sparring sessions. Your duties as a squire in the lists have also been made absolutely clear.;Lors de la préparation pour le tournoi, [From.GetTitledFirstName] a trouvé du temps pour vous entrainer. [From.GetSheHeCap] vous a instruit dans l'art du combat et de la lance. Vos devoirs dans les lices en tant qu'écuyer sont désormais tout à fait clairs.;;;Preparando el torneo, [From.GetTitledFirstName] ha encontrado tiempo para entrenarte. Te ha instruido en el arte del combate y la lanza y tienes claros tus deberes como escudero.;;;;;;;;;x
EVTOPTAtourney.49;I am a good squire!;Je suis un bon écuyer !;;;Soy un buen escudero!;;;;;;;;;x
hold_a_northern_melee;Hold a Melee;Organiser une mêlée;;;Organizar una melé;;;;;;;;;x
hold_a_northern_melee_desc;As knighthood is rare in the North, the knightly tourney and its pageantry and chivalry are as rare as hen’s teeth beyond the Neck. Northmen fight ahorse with war lances but seldom tilt for sport, preferring mêlées that are only just this side of battles.;De même que la chevalerie est rare dans le nord, les tournois de chevaliers et leur cérémonial sont aussi rares que les dents de poule au dela du Neck. Les nordiens combattent à cheval avec des lances de guerre, mais les utilisent rarement pour leurs loisirs, et préfèrent les mêlées et seulement cet aspect des combats.;;;Como los títulos de caballero son muy raros en el Norte, los torneos de caballería y su beato y caballerosidad son también muy raros más allá del Cuello. Los norteños combaten a caballo con lanzas de guerra, pero no las usan para divertimento, ya que prefieren las melés ya que es lo más parecido a las batallas.;;;;;;;;;x
MELEETITLE;The Melee of [GetYear];La mêlée de l'an [GetYear];;;La melé del año [GetYear];;;;;;;;;x
MELEETITLE4;The Melee of [GetYear];La mêlée de l'an [GetYear];;;La melé del año [GetYear];;;;;;;;;x
MELEETITLE3;The [Root.Capital.GetName] Melee of [GetYear];La mêlée de l'an [GetYear] à [Root.Capital.GetName];;;La melé del año [GetYear] en [Root.Capital.GetName];;;;;;;;;x
EVTDESCnorthern_melee.1;You have decided to hold a melee in the Northern tradition, with warriors from all over [Root.PrimaryTitle.GetName] assembling to take part. No doubt many among their number will be sorely maimed before the day is done.;Vous avez décidé d'organiser une mêlée dans la tradition nordienne, avec des combattants de tout [Root.PrimaryTitle.GetName], assemblés pour y prendre part. Sans aucun doute, beaucoup parmi eux seront sévèrement blessés avant la fin du jour.;;;Has decidido organizar una melé tradicional norteña, con combatientes de todo [Root.PrimaryTitle.GetName], reunidos para tomar parte. Sin lugar a dudas, muchos de ellos serán gravemente heridos antes del fin de la jornada.;;;;;;;;;x
EVTOPTAnorthern_melee.1;It will be quite the battle!;Il se tiendra loin de la bataille !;;;Será una gran batalla!;;;;;;;;;x
MELEETITLE2;The [From.Capital.GetName] Melee of [GetYear];La mêlée de l'an [GetYear] à [Root.Capital.GetName];;;La melé del año [GetYear] en [Root.Capital.GetName];;;;;;;;;x
EVTDESCnorthern_melee.2;[Root.GetTitledFirstNameNoRegnal], a great melee in the Northern tradition is to be held in [From.Capital.GetName]. I urge you to come and take part, and prove your prowess in battle.\n\nYours,\n[From.GetTitledFirstNameWithDynastyNoRegnal];[Root.GetTitledFirstNameNoRegnal], une grande mêlée dans la tradition du Nord va avoir lieu à [From.Capital.GetName]. Je vous recommande vivement de venir et d'y prendre part, et prouver votre excellence au combat.\n\nVotre,\n[From.GetTitledFirstNameWithDynastyNoRegnal];;;[Root.GetTitledFirstNameNoRegnal], una gran melé tradicional norteña tendrá lugar en [From.Capital.GetName]. Os insto a venir y participar, y probar vuestra excelencia en combate.\n\nSuyo,\n[From.GetTitledFirstNameWithDynastyNoRegnal];;;;;;;;;x
EVTOPTAnorthern_melee.2;I will go and prove my strength!;je m'y rendrai et ferai la preuve de ma force!;;;Iré y probaré mi fuerza!;;;;;;;;;x
EVTOPTBnorthern_melee.2;No, that would risk death;Non, je risquerais de mourir !;;;No, hay riesgo de morir!;;;;;;;;;x
EVTOPTCnorthern_melee.2;This is beneath me;C'est indigne de moi !;;;Esto es indigno para mi!;;;;;;;;;x
EVTOPTEnorthern_melee.2;Don't inform me of these small melees;Ne me signalez pas ces mêlées insignifiantes !;;;No me informes de estas melés insignificantes!;;;;;;;;;x
EVTOPTFnorthern_melee.2;Don't inform me of these melees;Ne m'informez pas de ces mêlées !;;;No me informes de estas melés!;;;;;;;;;x
EVTOPTDnorthern_melee.2;I will never fight in a melee;Je ne combattrai jamais dans une mêlée !;;;Nunca combatiré en una melé!;;;;;;;;;x
EVTDESCnorthern_melee.3;The warriors of [Root.PrimaryTitle.GetName] who have put their name forward for the melee have arrived in [Root.Capital.GetName]. A great feast shall be held, and then all shall enter the fighting fields upon the morrow to begin the battle.;Les combattants de [Root.PrimaryTitle.GetName] qui ont mis en avant leur nom pour la mêlée sont arrivés à  [Root.Capital.GetName]. Une grande fête aura lieu, et ensuite tous iront le lendemain sur le terrain de combat pour commencer la bataille.;;;Los combatientes de [Root.PrimaryTitle.GetName] que tomarán parte en la melé han llegado a [Root.Capital.GetName]. Una gran fiesta tendrá lugar, y al día siguiente todos irán al campo de batalla para comenzar la melé.;;;;;;;;;x
EVTOPTAnorthern_melee.3;Let the fight begin!;Le combat commence !;;;Que empiece el combate!;;;;;;;;;x
EVTOPTBnorthern_melee.3;The war must stop this mummers battle;La guerre interrompra ces bagarres de polichinelle;;;La guerra interrumpirá estas peleas de mentira;;;;;;;;;x
EVTDESCnorthern_melee.4;[From.GetTitledFirstNameNoRegnal]'s melee has unfortunately been cancelled;La mêlée de [From.GetTitledFirstNameNoRegnal] a malencontreusement été annulée;;;Desafortunadamente la melé de [From.GetTitledFirstNameNoRegnal] ha sido anulada;;;;;;;;;x
EVTOPTAnorthern_melee.4;I would have won I'm sure;Je devrais gagner, j'en suis sûr !;;;Hubiera ganado, estoy seguro!;;;;;;;;;x
EVTDESCnorthern_melee.10;The melee had finally begun, with all warriors assembling in the fighting fields to begin the battle. You hold your own for a while, but are eventually forced to yield by another competitor. You are eliminated from the melee, leaving the battle bruised and defeated.;La mêlée a finalement commencé avec tous les combattants assemblés sur le terrain, pour commencer la bataille. Vous tenez votre place pendant un moment, mais vous êtes finalement forcé de vous rendre par un autre compétiteur.Vous êtes éliminé de la mêlée, quittant la bataille meurtri et vaincu.;;;La melé finalmente ha comenzado, con todos los combatientes reunidos en el campo de batalla. Aguantas tu posición durante un tiempo, pero finalmente otro competidor te fuerza a rendirte. Te han eliminado de la melé, dejando la batalla herido y vencido.;;;;;;;;;x
EVTOPTAnorthern_melee.10;I will honour myself next time;Je me comblerai d'honneur la prochaine fois.;;;Me cubriré de honor la próxima vez;;;;;;;;;x
EVTDESCnorthern_melee.11;The early stages of the melee were choatic and frenzied, and has left fields trampled and villages half–torn down. Many have been forced to leave the battle either by injury or defeat, and the final warriors are left to fight to be champion.;Les premières étapes de la mêlée furent chaotiques et déchainées, et ont laissé des terres piétinées et des villages à moitié démolis. Beaucoup ont été forcés de quitter les combats, que ce soit pour blessures ou pour défaite, et les derniers combattants restèrent à combattre pour le titre de champion.;;;Las primeras etapas de la melé fueron caóticas y frenéticas. Muchos fueron forzados a abandonar los combates, ya sea debido a heridas o derrotados, y los últimos combatientes quedaron para decidir el título de campeón.;;;;;;;;;x
TOOLTIPnorthern_melee.12;[This.GetTitledFirstNameWithDynastyNoRegnal] competes;[This.GetTitledFirstNameWithDynastyNoRegnal] entre dans la compétition.;;;[This.GetTitledFirstNameWithDynastyNoRegnal] entra en la competición.;;;;;;;;;x
EVTOPTAnorthern_melee.11;This is too exciting;C'est vraiment passionnant !;;;Esto es apasionante!;;;;;;;;;x
EVTOPTBnorthern_melee.11;I will watch each fight intensely!;Je suivrai chaque combat avec passion !;;;Seguiré cada combate con pasión!;;;;;;;;;x
TOOLTIPEVTOPTBmelee.2;You will be reported of all fights in the melee;Vous serez informé de tous les combats de la mêlée.;;;Serás informado de todos los combates de la melé.;;;;;;;;;x
EVTDESCnorthern_melee.12;The early stages of the melee were choatic and frenzied, and has left fields trampled and villages half–torn down. Many have been forced to leave the battle either by injury or defeat, many at your hand. Now you stand among the remaining warriors to begin the final melee.;Les premières étapes de la mêlée furent chaotiques et déchainées, et ont laissé des terres piétinées et des villages à moitié démolis.  Beaucoup ont été forcés de quitter les combats, que ce soit pour blessures ou pour défaite, souvent de vos mains. Maintenant vous êtes parmi les derniers combattants pour la mêlée finale.;;;Las primeras etapas de la melé fueron caóticas y frenéticas. Muchos fueron forzados a abandonar los combates, ya sea debido a heridas o derrotados, a menudo por tu mano. Ahora estás entre los últimos combatientes para la melé final.;;;;;;;;;x
EVTOPTAnorthern_melee.12;Charge!!;Chargez !;;;Cargad!;;;;;;;;;x
EVTDESCnorthern_melee.14;You and [From.GetTitledFirstNameWithDynastyNoRegnal] sight eachother amongst the battle, and prepare to engage in combat...;Vous et [From.GetTitledFirstNameWithDynastyNoRegnal] vous observez l'un l'autre dans la bataille et vous vous préparez à engager le combat…;;;Tú y [From.GetTitledFirstNameWithDynastyNoRegnal] os veis en el campo de batalla y os preparáis para iniciar el combate...;;;;;;;;;x
EVTOPTAnorthern_melee.14;I will defeat [From.GetHerHim]!;Je vaincrai !;;;Venceré!;;;;;;;;;x
TOOLTIPnorthern_melee.15;A duel with [From.GetTitledFirstNameWithDynastyNoRegnal] begins...\n;Un duel avec [From.GetTitledFirstNameWithDynastyNoRegnal] commence...\n;;;Comienza un duelo con [From.GetTitledFirstNameWithDynastyNoRegnal]...\n;;;;;;;;;x
EVTDESCnorthern_melee.16;After a fierce duel you have forced [FromFrom.GetTitledFirstNameWithDynastyNoRegnal] to concede defeat. [FromFrom.GetSheHeCap] removes [FromFrom.GetHerHim]self from the field nursing [FromFrom.GetHerHis] injuries, whilst you seek a new opponent.;Après un duel acharné, vous avez contraint [FromFrom.GetTitledFirstNameWithDynastyNoRegnal] à s'avouer vaincu. [FromFrom.GetSheHeCap] se retire du champ de bataille pour soigner ses blessures, pendant que vous cherchez un nouvel adversaire.;;;Tras una pelea encarnizada, consigues forzar a [FromFrom.GetTitledFirstNameWithDynastyNoRegnal] para que se rinda. [FromFrom.GetSheHeCap] se retira del campo de batalla para curar sus heridas, mientras buscas un nuevo adversario.;;;;;;;;;x
EVTDESCnorthern_melee.16B;The duel with [FromFrom.GetTitledFirstNameWithDynastyNoRegnal] was fierce, perhaps too fierce for [FromFrom.GetSheHe] accidentally died at your hand. [FromFrom.GetHerHis] lifeless body is removed from the field, whilst you seek a new opponent.;Le duel avec [FromFrom.GetTitledFirstNameWithDynastyNoRegnal] fut acharné, peut-être trop pour  [FromFrom.GetSheHe], tué accidentellement de votre main. Son corps sans vie est retiré du champ de bataille,pendant que vous cherchez un nouvel adversaire.;;;La pelea con [FromFrom.GetTitledFirstNameWithDynastyNoRegnal] fue encarnizada, demasiado para [FromFrom.GetSheHe], muerto accidentalmente por ti. Su cuerpo sin vida es retirado del campo de batalla, mientras buscas un nuevo adversario.;;;;;;;;;x
EVTDESCnorthern_melee.16C;After a fierce duel you have forced [FromFrom.GetTitledFirstNameWithDynastyNoRegnal] to concede defeat. The spectators are shocked when you reject the yield and slay [FromFrom.GetHerHim], in what is apparently a dishonourable action.;Après un duel acharné, vous avez forcé  [FromFrom.GetTitledFirstNameWithDynastyNoRegnal] à concéder sa défaite. Les spectateurs sont outrés quand vous refusez sa reddition et le tuez, dans ce qui est apparemment une action déshonorante.;;;Tras una pelea encarnizada, consigues forzar a [FromFrom.GetTitledFirstNameWithDynastyNoRegnal] para que se rinda. Los espectadores se indignan cuando rechazas su rendición y lo matas, en una acción deshonrosa.;;;;;;;;;x
EVTOPTAnorthern_melee.16;[FromFrom.GetSheHeCap] knew the risks;[FromFrom.GetSheHeCap] connaissait les risques.;;;[FromFrom.GetSheHeCap] conocía los riesgos.;;;;;;;;;x
EVTDESCnorthern_melee.17;[From.GetTitledFirstNameWithDynastyNoRegnal] engages you in a fierce duel, but you are eventually forced to yield. You remove yourself from the field nursing your injuries, and are eliminated from the melee.;[From.GetTitledFirstNameWithDynastyNoRegnal] vous engage dans un duel féroce, mais vous êtes finalement forcé de vous rendre. Vous vous retirez du champ de bataille pour faire soigner vos blessures et êtes éliminé de la mêlée.;;;[From.GetTitledFirstNameWithDynastyNoRegnal] pelea contra ti ferozmente, y al final consigue forzarte a rendirte. Te retiras del campo de batalla para curar tus heridas, estás eliminado de la melé.;;;;;;;;;x
EVTOPTAnorthern_melee.17;Defeat is painful;La défaite est douloureuse !;;;La derrota es dolorosa!;;;;;;;;;x
EVTDESCnorthern_melee.18;[From.GetTitledFirstNameWithDynastyNoRegnal] and [FromFromFrom.GetTitledFirstNameWithDynastyNoRegnal] sighted eachother and engaged in combat. After a fierce duel, [From.GetTitledFirstNameNoRegnal] prevailed, forcing [FromFromFrom.GetTitledFirstNameNoRegnal] to yield.;[From.GetTitledFirstNameWithDynastyNoRegnal] et [FromFromFrom.GetTitledFirstNameWithDynastyNoRegnal] se rencontrèrent et engagèrent le combat. Après un duel féroce, [From.GetTitledFirstNameNoRegnal] s'imposa, forçant [FromFromFrom.GetTitledFirstNameNoRegnal] à se rendre.;;;[From.GetTitledFirstNameWithDynastyNoRegnal] y [FromFromFrom.GetTitledFirstNameWithDynastyNoRegnal] se encuentran y entablan combate. Tras una pelea feroz, [From.GetTitledFirstNameNoRegnal] se impone, forzando a [FromFromFrom.GetTitledFirstNameNoRegnal] a rendirse.;;;;;;;;;x
EVTDESCnorthern_melee.18B;[From.GetTitledFirstNameWithDynastyNoRegnal] and [FromFromFrom.GetTitledFirstNameWithDynastyNoRegnal] sighted eachother and engaged in combat. The duel was fierce, perhaps too fierce as [FromFromFrom.GetTitledFirstNameNoRegnal] accidentally died at [From.GetTitledFirstNameNoRegnal]'s hand. [FromFromFrom.GetHerHis] lifeless body is removed from the field whilst [From.GetTitledFirstNameNoRegnal] seeks a new opponent.;[From.GetTitledFirstNameWithDynastyNoRegnal]et [FromFromFrom.GetTitledFirstNameWithDynastyNoRegnal]  se rencontrèrent et engagèrent le combat. Après un duel féroce, peut-être trop, [FromFromFrom.GetTitledFirstNameNoRegnal] mourut accidentellement des mains de [From.GetTitledFirstNameNoRegnal]. Le corps sans vie de [FromFromFrom.GetHerHis] fut retiré du champ de bataille pendant que [From.GetTitledFirstNameNoRegnal] recherchait un nouvel adversaire.;;;[From.GetTitledFirstNameWithDynastyNoRegnal] y [FromFromFrom.GetTitledFirstNameWithDynastyNoRegnal] se encuentran y entablan combate. Tras una pelea feroz, demasiada para [FromFromFrom.GetTitledFirstNameNoRegnal], que muere accidentalmente a manos de [From.GetTitledFirstNameNoRegnal]. El cuerpo sin vida de [FromFromFrom.GetHerHis] es retirado del campo de batalla mientras que [From.GetTitledFirstNameNoRegnal] busca un nuevo adversario.;;;;;;;;;x
EVTDESCnorthern_melee.18C;[From.GetTitledFirstNameWithDynastyNoRegnal] and [FromFromFrom.GetTitledFirstNameWithDynastyNoRegnal] sighted eachother and engaged in combat. After a fierce duel, [From.GetTitledFirstNameNoRegnal] prevailed, forcing [FromFromFrom.GetTitledFirstNameNoRegnal] to yield. However everyone is shocked when the yield is rejected and [From.GetTitledFirstNameNoRegnal] slays [FromFrom.GetHerHim], in what is apparently a dishonourable action.;[From.GetTitledFirstNameWithDynastyNoRegnal] et [FromFromFrom.GetTitledFirstNameWithDynastyNoRegnal] se rencontrèrent et engagèrent le combat. Après un duel féroce, [From.GetTitledFirstNameNoRegnal] s'imposa, forçant [FromFromFrom.GetTitledFirstNameNoRegnal] à se rendre. Cependant chacun fut choqué lorsque sa reddition fut refusée et que [From.GetTitledFirstNameNoRegnal] l'acheva, dans ce qui est apparemment une action déshonorante.;;;[From.GetTitledFirstNameWithDynastyNoRegnal] y [FromFromFrom.GetTitledFirstNameWithDynastyNoRegnal] se encuentran y entablan combate. Tras una pelea feroz, [From.GetTitledFirstNameNoRegnal] se impone, forzando a [FromFromFrom.GetTitledFirstNameNoRegnal] a rendirse. Sin embargo, todos se estremecieron cuando rechazó la rendición y [From.GetTitledFirstNameNoRegnal] lo remató, en una acción deshonrosa.;;;;;;;;;x
EVTOPTAnorthern_melee.18;Well fought;Excellent combat !;;;Excelente combate!;;;;;;;;;x
EVTDESCnorthern_melee.19;After many hours of intense battle, only [From.GetTitledFirstNameWithDynastyNoRegnal] and [FromFromFrom.GetTitledFirstNameWithDynastyNoRegnal] remained in the field. They engaged in the final duel, which [From.GetTitledFirstNameNoRegnal] won after forcing [FromFromFrom.GetTitledFirstNameNoRegnal] to yield. This leaves [From.GetTitledFirstNameNoRegnal] to be proclaimed the winner of the melee!;Après de nombreuses heures de combat intense, seuls [From.GetTitledFirstNameWithDynastyNoRegnal] et [FromFromFrom.GetTitledFirstNameWithDynastyNoRegnal] restèrent sur le terrain.Ils engagèrent le duel final, que [From.GetTitledFirstNameNoRegnal] gagna après avoir forcé [FromFromFrom.GetTitledFirstNameNoRegnal] à se rendre. Seul resta [From.GetTitledFirstNameNoRegnal] qui fut proclamé vainqueur de la mêlée !;;;Tras muchas horas de intensos combates, sólamente [From.GetTitledFirstNameWithDynastyNoRegnal] y [FromFromFrom.GetTitledFirstNameWithDynastyNoRegnal] se mantienen en el campo de batalla. Entablan la pelea final, que [From.GetTitledFirstNameNoRegnal] gana tras forzar a [FromFromFrom.GetTitledFirstNameNoRegnal] a rendirse. Sólo queda felicitar a [From.GetTitledFirstNameNoRegnal] que ha sido proclamado vencedor de la melé!;;;;;;;;;x
EVTDESCnorthern_melee.19B;After many hours of intense battle, only [From.GetTitledFirstNameWithDynastyNoRegnal] and [FromFromFrom.GetTitledFirstNameWithDynastyNoRegnal] remained in the field. They engaged in the final duel, which [From.GetTitledFirstNameNoRegnal] won after [FromFromFrom.GetTitledFirstNameNoRegnal] died accidentally at [From.GetHerHis] hand. This leaves [From.GetTitledFirstNameNoRegnal] to be proclaimed the winner of the melee!;Après de nombreuses heures de combat intense, seuls [From.GetTitledFirstNameWithDynastyNoRegnal] et [FromFromFrom.GetTitledFirstNameWithDynastyNoRegnal] restèrent sur le terrain. Ils engagèrent le duel final, que [From.GetTitledFirstNameNoRegnal] gagna après avoir tué [FromFromFrom.GetTitledFirstNameNoRegnal] accidentellement de sa main. Seul resta [From.GetTitledFirstNameNoRegnal] qui fut proclamé  vainqueur de la mêlée !;;;Tras muchas horas de intensos combates, sólamente [From.GetTitledFirstNameWithDynastyNoRegnal] y [FromFromFrom.GetTitledFirstNameWithDynastyNoRegnal] se mantienen en el campo de batalla. Entablan la pelea final, que [From.GetTitledFirstNameNoRegnal] gana tras matar a [FromFromFrom.GetTitledFirstNameNoRegnal] accidentalmente. Sólo queda felicitar a [From.GetTitledFirstNameNoRegnal] que ha sido proclamado vencedor de la melé!;;;;;;;;;x
EVTDESCnorthern_melee.19C;After many hours of intense battle, only [From.GetTitledFirstNameWithDynastyNoRegnal] and [FromFromFrom.GetTitledFirstNameWithDynastyNoRegnal] remained in the field. They engaged in the final duel, which [From.GetTitledFirstNameNoRegnal] won after forcing [FromFromFrom.GetTitledFirstNameNoRegnal] to yield. However everyone is shocked when the yield is rejected and [From.GetTitledFirstNameNoRegnal] slays [FromFrom.GetHerHim], dishonourably claiming victory.;Après de nombreuses heures de combat intense, seuls [From.GetTitledFirstNameWithDynastyNoRegnal] et [FromFromFrom.GetTitledFirstNameWithDynastyNoRegnal] restèrent sur le terrain. Ils engagèrent le duel final, que [From.GetTitledFirstNameNoRegnal] gagna après avoir forcé [FromFromFrom.GetTitledFirstNameNoRegnal] à se rendre. Cependant chacun fut choqué lorsque sa reddition fut refusée et que [From.GetTitledFirstNameNoRegnal] le tua dans ce qui est apparemment une action déshonorante.;;;Tras muchas horas de intensos combates, sólamente [From.GetTitledFirstNameWithDynastyNoRegnal] y [FromFromFrom.GetTitledFirstNameWithDynastyNoRegnal] se mantienen en el campo de batalla. Entablan la pelea final, que [From.GetTitledFirstNameNoRegnal] gana tras forzar a [FromFromFrom.GetTitledFirstNameNoRegnal] a rendirse. Sin embargo, todos se estremecieron cuando rechazó la rendición y [From.GetTitledFirstNameNoRegnal] lo remató, en una acción deshonrosa.;;;;;;;;;x
EVTOPTAnorthern_melee.19;A worthy winner;Un gagnant digne d'estime !;;;Un digno ganador!;;;;;;;;;x
TOOLTIPnorthern_melee.25;The melee has ended;La mêlée s'est terminée !;;;La melé ha finalizado!;;;;;;;;;x
EVTOPTAnorthern_melee.20;[From.GetSheHeCap] fought bravely;[From.GetSheHeCap] a combattu bravement !;;;[From.GetSheHeCap] peleó valientemente!;;;;;;;;;x
EVTOPTBnorthern_melee.20;A valiant showing for the [FromFromFrom.GetOnlyDynastyName]s;Une vaillante démonstration de la maison [FromFromFrom.GetOnlyDynastyName] !;;;Una valiente demostración de la casa [FromFromFrom.GetOnlyDynastyName]!;;;;;;;;;x
EVTOPTAnorthern_melee.21;[From.GetSheHeCap] is a true warrior;[From.GetSheHeCap] est un vrai combattant !;;;[From.GetSheHeCap] es un verdadero guerrero!;;;;;;;;;x
EVTOPTCnorthern_melee.21;Victory and glory for the [From.GetOnlyDynastyName]s!;Victoire et gloire pour la maison [From.GetOnlyDynastyName] !;;;Gloria y victoria para la casa [From.GetOnlyDynastyName] !;;;;;;;;;x
EVTOPTBnorthern_melee.21;Second is a fair showing for the [FromFromFrom.GetOnlyDynastyName]s;La seconde place est une place honorable pour la maison [FromFromFrom.GetOnlyDynastyName] !;;;Conseguir la segunda plaza es un honor para la casa [FromFromFrom.GetOnlyDynastyName] !;;;;;;;;;x
EVTDESCnorthern_melee.22;After many hours of intense battle, you alone are left standing. You have beaten all who stood before you, and are are declared winner of the melee!;Après de nombreuses heures de combat intense, vous seul restez debout. Vous avez vaincu tous ceux qui se sont tenus devant vous, et êtes déclaré vainqueur de la mêlée !;;;Tras muchas horas de intensos combates, sólamente quedas tu en pie. Has vencido a todos contras los que has luchado, y has sido declarado vencedor de la melé!;;;;;;;;;x
EVTOPTAnorthern_melee.22;Glory to me!;A moi la gloire !;;;A mi la gloria!;;;;;;;;;x
EVTDESCnorthern_melee.23;The melee lasted for many hours, scores of combatants were injured or defeated before you finally fell in the final battle. You have earned much respect and honour for making it to this final duel.;La mêlée durait depuis de nombreuses heures et nombre de combattants étaient blessés ou vaincus, avant que vous ne tombiez dans le combat final. Vous avez gagné beaucoup de respect et d'honneur pour ce que vous avez accompli jusqu'à ce duel final.;;;La melé se prolongó durante muchas horas y muchos combatientes fueron heridos o derrotados, antes de que cayeras en el combate final. Has ganado mucho respeto y honor por conseguir llegar al combate final.;;;;;;;;;x
EVTOPTAnorthern_melee.23;I will win next time;Je gagnerai la prochaine fois !;;;Ganaré la próxima vez!;;;;;;;;;x
EVTDESCnorthern_melee.24;The final group of combatants fought fiercly, many were elimanated from the melee by your had. You reached the final four fighters, but was eventually subdued by another warrior;Le groupe final avait combattu avec acharnement et beaucoup avaient été éliminés de la mêlée de votre fait. Vous êtes parvenu à faire partie des quatre finalistes, mais avez finalement été soumis par un autre combattant.;;;El grupo final combatía encarnizadamente y muchos combatientes fueron eliminados por ti. Conseguiste llegar a los cuatro últimos combatientes, pero finalmente fuiste derrotado por otro combatiente.;;;;;;;;;x
EVTOPTAnorthern_melee.24;I was so close to winning;J'ai été si proche de la victoire !;;;He estado muy cerca de la victoria!;;;;;;;;;x
EVTDESCnorthern_melee.25;After many hours of intense battle, the melee is finally over. The final group provided a fine spectacle for all those present. Doubtless songs will be made about the Great [Root.Capital.GetName] Melee of [GetYear]!;Après nombre d'heures de combat intense, la mêlée est finalement terminée. Le groupe finaliste apporta un spectacle excellent à tous ceux qui étaient présents. Sans aucun doute, on fera des chansons sur la grande mêlée de l'an [GetYear] à [Root.Capital.GetName] !;;;Tras muchas horas de intensos combates, la melé finalmente terminó. El grupo finalista dio un espectáculo excelente a todos los presentes. Sin lugar a dudas, harán canciones sobre la gran melé del año [GetYear] de [Root.Capital.GetName]!;;;;;;;;;x
EVTOPTAnorthern_melee.25;Thank you all for coming!;Merci à tous d'être venus !;;;Gracias a todos por venir!;;;;;;;;;x
opinion_melee_spectator;Spectated Melee;Une mêlée spectaculaire !;;;Una melé espectacular!;;;;;;;;;x
EVTDESCnorthern_melee.26;After many hours of intense battle, [From.GetTitledFirstNameNoRegnal]'s melee is finally over. The final group provided a fine spectacle for all those present, and many approved of the good fight you provided.;Après nombre d'heures de combats intenses, la mêlée de [From.GetTitledFirstNameNoRegnal] s'est terminée. Le groupe final de combattants apporta un spectacle excellent à tous ceux qui étaient présents, et beaucoup apprécièrent le bon combat que vous avez mené !;;;Tras muchas horas de intensos combates, la melé de [From.GetTitledFirstNameNoRegnal] finalmente terminó. El grupo finalista dio un espectáculo excelente a todos los presentes, y muchos apreciarán el buen combate que has organizado!;;;;;;;;;x
EVTOPTAnorthern_melee.26;What a great fight!;Ce fut un grand combat !;;;Un gran combate!;;;;;;;;;x
EVTDESCnorthern_melee.27;[Root.GetTitledFirstNameNoRegnal], a great melee in the Northern tradition is to be held in [From.Capital.GetName]. I hereby invite you to attend, so that you can witness the fighting prowess first hand.\n\nYours,\n[From.GetTitledFirstNameWithDynastyNoRegnal];[Root.GetTitledFirstNameNoRegnal], une grande mêlée dans la tradition du Nord va se tenir à  [From.Capital.GetName]. Par la présente, je vous invite à y assister,  afin d'être témoin directement des prouesses des combattants.\n\nVotre,\n[From.GetTitledFirstNameWithDynastyNoRegnal];;;[Root.GetTitledFirstNameNoRegnal], una gran melé tradicional norteña tendrá lugar en [From.Capital.GetName]. Por la presente, os invito a asistir, para presenciar la destreza de los combatientes.\n\nVuestro,\n[From.GetTitledFirstNameWithDynastyNoRegnal];;;;;;;;;x
EVTOPTAnorthern_melee.27;I shall go to [From.Capital.GetName]!;Je me rendrai à [From.Capital.GetName] !;;;Iré a [From.Capital.GetName]!;;;;;;;;;x
EVTOPTBnorthern_melee.27;I have no time to watch pointless fights;Je n'ai pas le temps d'assister à de vains combats !;;;No tengo tiempo de asistir a vanas peleas!;;;;;;;;;x
EVTDESCnorthern_melee.28;After many hours of intense battle, [From.GetTitledFirstNameNoRegnal]'s melee is finally over. The final group provided a fine spectacle for all those present.;Après de nombreuses heures de combats intenses, la mêlée de [From.GetTitledFirstNameNoRegnal] s'est finalement  terminée. Le groupe final de combattants à apporté un excellent spectacle à tous ceux qui étaient présents.;;;Tras muchas horas de intensos combates, la melé de [From.GetTitledFirstNameNoRegnal] finalmente terminó. El grupo finalista dio un espectáculo excelente a todos los presentes.;;;;;;;;;x
EVTOPTAnorthern_melee.28;I love watching a good fight;J'aime assister à de bons combats.;;;Me gusta ver buenos combates.;;;;;;;;;x
EVTDESCnorthern_melee.30;Your [From.GetRootRelation] [From.GetTitledFirstNameNoRegnal] sighted [FromFromFrom.GetTitledFirstNameWithDynastyNoRegnal] and engaged [FromFromFrom.GetHerHim] in the melee. After a fierce duel, [From.GetTitledFirstNameNoRegnal] prevailed, forcing [FromFromFrom.GetTitledFirstNameNoRegnal] to yield.;Son/sa [From.GetRootRelation] [From.GetTitledFirstNameNoRegnal] repéra [FromFromFrom.GetTitledFirstNameWithDynastyNoRegnal] et l'affronta dans la mêlée. Après un duel féroce, [From.GetTitledFirstNameNoRegnal] s'imposa, forçant [FromFromFrom.GetTitledFirstNameNoRegnal] à se rendre.;;;Tu [From.GetRootRelation] [From.GetTitledFirstNameNoRegnal] se fija en [FromFromFrom.GetTitledFirstNameWithDynastyNoRegnal] y lo afronta en la melé. Tras una lucha feroz, [From.GetTitledFirstNameNoRegnal] se impone, forzando a [FromFromFrom.GetTitledFirstNameNoRegnal] a rendirse.;;;;;;;;;x
EVTDESCnorthern_melee.30B;Your [From.GetRootRelation] [From.GetTitledFirstNameNoRegnal] sighted [FromFromFrom.GetTitledFirstNameWithDynastyNoRegnal] and engaged [FromFromFrom.GetHerHim] in the melee. The duel was fierce, perhaps too fierce as [FromFromFrom.GetTitledFirstNameNoRegnal] accidentally died at [From.GetTitledFirstNameNoRegnal]'s hand. [FromFromFrom.GetHerHis] lifeless body is removed from the field whilst [From.GetTitledFirstNameNoRegnal] seeks a new opponent.;Son/sa [From.GetRootRelation] [From.GetTitledFirstNameNoRegnal] repéra [FromFromFrom.GetTitledFirstNameWithDynastyNoRegnal] et l'affronta dans la mêlée. Le duel fut féroce, peut-être trop lorsque  [FromFromFrom.GetTitledFirstNameNoRegnal] fut tué accidentellement  de la main de  [From.GetTitledFirstNameNoRegnal]. Le corps sans vie de [FromFromFrom.GetHerHis] fut retiré du champ de bataille pendant que [From.GetTitledFirstNameNoRegnal] recherchait un nouvel adversaire.;;;Tu [From.GetRootRelation] [From.GetTitledFirstNameNoRegnal] se fija en [FromFromFrom.GetTitledFirstNameWithDynastyNoRegnal] y lo afronta en la melé. Tras una lucha feroz, demasiada para [FromFromFrom.GetTitledFirstNameNoRegnal], muerto accidentalmente por [From.GetTitledFirstNameNoRegnal]. El cuerpo sin vida fue retirado mientras [From.GetTitledFirstNameNoRegnal] buscaba otro adversario.;;;;;;;;;x
EVTDESCnorthern_melee.30C;Your [From.GetRootRelation] [From.GetTitledFirstNameNoRegnal] sighted [FromFromFrom.GetTitledFirstNameWithDynastyNoRegnal] and engaged [FromFromFrom.GetHerHim] in the melee. After a fierce duel, [From.GetTitledFirstNameNoRegnal] prevailed, forcing [FromFromFrom.GetTitledFirstNameNoRegnal] to yield. However everyone is shocked when the yield is rejected and [From.GetTitledFirstNameNoRegnal] slays [FromFrom.GetHerHim], in what is apparently a dishonourable action.;Son/sa [From.GetRootRelation] [From.GetTitledFirstNameNoRegnal] repéra [FromFromFrom.GetTitledFirstNameWithDynastyNoRegnal] et engagea [FromFromFrom.GetHerHim] dans la mêlée. Après un duel féroce, [From.GetTitledFirstNameNoRegnal] s'imposa, et força [FromFromFrom.GetTitledFirstNameNoRegnal] à se rendre. Cependant chacun fut choqué lorsque sa reddition fut refusée et que [From.GetTitledFirstNameNoRegnal] le tua dans ce qui est apparemment une action déshonorante.;;;Tu [From.GetRootRelation] [From.GetTitledFirstNameNoRegnal] se fija en [FromFromFrom.GetTitledFirstNameWithDynastyNoRegnal] y lo afronta en la melé. Tras una lucha feroz, [From.GetTitledFirstNameNoRegnal] e impone, forzando a [FromFromFrom.GetTitledFirstNameNoRegnal] a rendirse. Sin embargo, todos se estremecieron cuando rechazó la rendición y [From.GetTitledFirstNameNoRegnal] lo remató, en una acción deshonrosa.;;;;;;;;;x
EVTOPTCnorthern_melee.30;Come on [From.GetRootRelation]! Beat them all!;Allez-y [From.GetRootRelation] ! Battez les tous !;;;Acude [From.GetRootRelation]! Derrótalos a todos!;;;;;;;;;x
EVTDESCnorthern_melee.31;The melee had finally begun, your [From.GetRootRelation] [From.GetTitledFirstNameNoRegnal] joining the warriors in the fighting fields to begin the battle. [From.GetSheHeCap] held [From.GetHerHis] own for a while, but was eventually forced to yield by another competitor.;La mêlée a enfin commencé, son/sa [From.GetRootRelation] [From.GetTitledFirstNameNoRegnal] rejoignit les combattants sur le terrain pour commencer la lutte. [From.GetSheHeCap] tint sa place pendant un moment, mais fut finallement forcé de se rendre par un autre adversaire.;;;La melé finalmente ha comenzado, tu [From.GetRootRelation] [From.GetTitledFirstNameNoRegnal] se reúne con los demás combatientes para comenzar la lucha. Aguanta su posición durante un tiempo, pero finalmente otro competidor le fuerza a rendirse.;;;;;;;;;x
EVTOPTCnorthern_melee.31;Not a good showing for the [From.GetOnlyDynastyName]s ;Ce n'est pas une bonne image pour la maison [From.GetOnlyDynastyName].;;;No es una buena imagen para la casa [From.GetOnlyDynastyName].;;;;;;;;;x
EVTDESCnorthern_melee.32;Your [FromFromFrom.GetRootRelation] [FromFromFrom.GetTitledFirstNameNoRegnal] was sighted by [From.GetTitledFirstNameWithDynastyNoRegnal] who engaged [FromFromFrom.GetHerHim] in the melee. After a fierce duel, [From.GetTitledFirstNameNoRegnal] prevailed, forcing your [FromFromFrom.GetRootRelation] to yield.;Son/sa [FromFromFrom.GetRootRelation] [FromFromFrom.GetTitledFirstNameNoRegnal] fut repéré par [From.GetTitledFirstNameWithDynastyNoRegnal] qui l'engagea dans la mêlée. Après un duel féroce, [From.GetTitledFirstNameNoRegnal] s'imposa, forçant son/sa  [FromFromFrom.GetRootRelation] à se rendre.;;;Tu [FromFromFrom.GetRootRelation] [FromFromFrom.GetTitledFirstNameNoRegnal] fue visto por [From.GetTitledFirstNameWithDynastyNoRegnal] quien lo afrontó en la melé. Tras una lucha feroz, [From.GetTitledFirstNameNoRegnal] se impone, forzando a tu [FromFromFrom.GetRootRelation] a rendirse.;;;;;;;;;x
EVTDESCnorthern_melee.32B;Your [FromFromFrom.GetRootRelation] [FromFromFrom.GetTitledFirstNameNoRegnal] was sighted by [From.GetTitledFirstNameWithDynastyNoRegnal] who engaged [FromFromFrom.GetHerHim] in the melee. The duel was fierce, perhaps too fierce as your [FromFromFrom.GetRootRelation] accidentally died at [From.GetTitledFirstNameNoRegnal]'s hand. [FromFromFrom.GetHerHis] lifeless body is removed from the field whilst [From.GetTitledFirstNameNoRegnal] seeks a new opponent.;Son/sa [FromFromFrom.GetRootRelation] [FromFromFrom.GetTitledFirstNameNoRegnal] fut repéré par [From.GetTitledFirstNameWithDynastyNoRegnal] qui l'engagea dans la mêlée. Le duel fut féroce, peut-être trop lorsque son/sa [FromFromFrom.GetRootRelation] fut tué accidentellement de la main de [From.GetTitledFirstNameNoRegnal]. Son corps sans vie  fut retiré du terrain, pendant que [From.GetTitledFirstNameNoRegnal] recherchait un nouvel adversaire.;;;Tu [FromFromFrom.GetRootRelation] [FromFromFrom.GetTitledFirstNameNoRegnal] fue visto por [From.GetTitledFirstNameWithDynastyNoRegnal] quien lo afrontó en la melé. Tras una lucha feroz, demasiada para tu [FromFromFrom.GetRootRelation], muerto accidentalmente por [From.GetTitledFirstNameNoRegnal]. Su cuerpo sin vida fue retirado del campo de batalla, mientras [From.GetTitledFirstNameNoRegnal] buscaba otro adversario.;;;;;;;;;x
EVTDESCnorthern_melee.32C;Your [FromFromFrom.GetRootRelation] [FromFromFrom.GetTitledFirstNameNoRegnal] was sighted by [From.GetTitledFirstNameWithDynastyNoRegnal] who engaged [FromFromFrom.GetHerHim] in the melee.  After a fierce duel, [From.GetTitledFirstNameNoRegnal] prevailed, forcing your [FromFromFrom.GetRootRelation] to yield. However everyone is shocked when the yield is rejected and [From.GetTitledFirstNameNoRegnal] slays [FromFrom.GetHerHim], in what is apparently a dishonourable action.;Son/sa [FromFromFrom.GetRootRelation] [FromFromFrom.GetTitledFirstNameNoRegnal] fut repéré par [From.GetTitledFirstNameWithDynastyNoRegnal] qui l'engagea dans la mêlée.  Après un duel féroce, [From.GetTitledFirstNameNoRegnal] s'imposa, forçant son/sa  [FromFromFrom.GetRootRelation] à se rendre.  Cependant chacun fut choqué lorsque sa reddition fut refusée et que [From.GetTitledFirstNameNoRegnal] le tua,  dans ce qui est apparemment une action déshonorante.;;;;;;;;;;;;x
EVTOPTCnorthern_melee.32;Oh my;Oh mon…;;;Ohh...;;;;;;;;;x
TOOLTIPMEDALWINNER;[This.GetTitledFirstNameWithDynasty]\n;[This.GetTitledFirstNameWithDynasty]\n;;;[This.GetTitledFirstNameWithDynasty]\n;;;;;;;;;x
TOOLTIPMEDALWINNERbastard;[This.GetTitledFirstNameWithNick]\n;[This.GetTitledFirstNameWithNick]\n;;;[This.GetTitledFirstNameWithNick]\n;;;;;;;;;x
hold_a_epic_tournamentREALMTOURNEY;No competing tourneys elsewhere in the realm are in progress\n;Aucun tournoi autre part dans le royaume n'est en cours.\n;;;Ningún otro torneo está en curso en el Reino.\n;;;;;;;;;x
hold_a_epic_tournamentCOOLDOWN;Has NOT held a tourney in the past 10 years\n;N'a PAS organisé de tournoi dans les dix dernières années\n;;;No ha organizado un torneo en los últimos diez años\n;;;;;;;;;x
hold_a_epic_tournamentATTENDING;Is NOT currently attending another tournament\n;N'est PAS actuellement en attente d'un autre tournoi\n;;;No está asistiendo a otro torneo\n;;;;;;;;;x
place_tourney_bet;Place a Bet on Tourney;;;;;;;;;;;;;x
place_tourney_bet_desc;Find a bookmaker who will take a bet on [Root.GetTitledFirstNameWithDynasty] winning the tourney;;;;;;;;;;;;;x
TOOLTIPplace_tourney_bet;Has NOT already placed a bet for the tourney;;;;;;;;;;;;;x
TOOLTIPtourney.55;You find a bookmaker...;;;;;;;;;;;;;x
EVTDESCtourney.55;You search the tourney grounds for a bookmaker who will take a bet on [From.GetTitledFirstNameWithDynasty] winning the tourney, and finally locate such a man. He is offering odds of [Root.tourney_bet_odds_displayed.GetValue]-[Root.denominator.GetValue] that [From.GetTitledFirstNameWithDynasty] will prevail from amongst the [Root.remaining_competitors.GetValue] remaining competitors.;;;;;;;;;;;;;x
EVTDESCtourney.55B;You search the tourney grounds for a bookmaker who will take a bet on [From.GetTitledFirstNameWithDynasty] winning the tourney, and finally locate such a man. He is offering even odds on [From.GetTitledFirstNameWithDynasty] prevailing from amongst the [Root.remaining_competitors.GetValue] remaining competitors.;;;;;;;;;;;;;x
EVTOPTAtourney.55;I will make a small bet;;;;;;;;;;;;;x
EVTOPTBtourney.55;I will make a medium bet;;;;;;;;;;;;;x
EVTOPTCtourney.55;I will make a large bet;;;;;;;;;;;;;x
EVTOPTDtourney.55;Those are ridiculous odds!;;;;;;;;;;;;;x
EVTDESCtourney.56;[From.GetTitledFirstNameWithDynasty] has won the tourney, therefore you have won your bet!;;;;;;;;;;;;;x
EVTOPTAtourney.56;A shrewd gamble!;;;;;;;;;;;;;x
EVTOPTDtourney.35;My bet has been lost!;;;;;;;;;;;;;x
EVTOPTBtourney.909;Perhaps I can place a bet?;;;;;;;;;;;;;x
TOOLTIPtourney.909;§YYou can place a bet on a competitor any time during the competition via diplomatic interaction§! (right click on the character's portrait);;;;;;;;;;;;;x
EVTDESCtourney.909;The first days jousting in [From.GetTitledFirstNameNoRegnal]'s tourney is complete, with many lesser riders having already been eliminated from the competition. Now over the coming days the remaining men shall compete in the final lists, tilting until only one champion remains.;La première journée de joute est terminée et les cavaliers de moindre talent ont déjà été défaits. Demain les hommes toujours en course devront s'affonter dans les lices finales pour déterminer le champion.;;;La primera jornada de justas ha pasado y los caballeros de menos talento ya han sido eliminados. Mañana los hombres que quedan se enfrentarán en las justas finales para decidir el campeón.;;;;;;;;;x
EVTOPTAtourney.909;This should be good;Tous de fins jouteurs.;;;Grandes justadores todos ellos.;;;;;;;;;x
EVTOPTBtourney.31;Would you perhaps like to join me for a drink?;;;;;;;;;;;;;x
TOOLTIPtourney.60;You invite [This.GetTitledFirstNameNoRegnal] to join you for post-joust drink;;;;;;;;;;;;;x
EVTDESCtourney.60;After the joust in which [From.GetSheHe] defeated you, [From.GetTitledFirstNameNoRegnal] approached you and asked if you wanted to join [From.GetHerHim] for a drink of [From.GetAlcoholicDrink]. [From.GetSheHeCap] seems to want to discuss the fight and other matters.;;;;;;;;;;;;;x
EVTOPTAtourney.60;I will of course accept this gracious invitation!;;;;;;;;;;;;;x
EVTOPTBtourney.60;No, it will not do to be seen with my vanquisher;;;;;;;;;;;;;x
EVTDESCtourney.61;[From.GetTitledFirstNameNoRegnal] seemed pleased with your gracious invitation to join you for a drink. You both went back to your pavilion where you discussed the joust and other matters over some [Root.GetAlcoholicDrink].;;;;;;;;;;;;;x
EVTOPTAtourney.61;We do seem to get along!;;;;;;;;;;;;;x
EVTDESCtourney.62;[From.GetTitledFirstNameNoRegnal] did not accept your invitation for a drink. [From.GetSheHeCap] made some excuses as to why [From.GetSheHe] could not join you, but clearly [From.GetSheHe] did not want the dishonour of conversing with [From.GetHerHis] vanquisher.;;;;;;;;;;;;;x
EVTOPTAtourney.62;[From.GetHerHisCap] loss;;;;;;;;;;;;;x
EVTDESCtourney.70;The tourney being held in [Root.Capital.GetName] is bringing many visitors to the area. The surrounding roads, inns and villages are reportedly very busy, and [Root.Capital.GetName] itself is full of merchants and smallfolk selling their wares.;;;;;;;;;;;;;x
EVTOPTAtourney.70;This is a welcome boost;;;;;;;;;;;;;x
tourney_prosperity;Prospering From Tourney;;;;;;;;;;;;;x
EVTOPTCtourney.13;Perhaps [From.GetHerHis] squire would be open to bribery?;;;;;;;;;;;;;x
TOOLTIPtourney_bet_winnings;Win [Root.tourney_bet_winnings.GetValue]¤;;;;;;;;;;;;;x
TOOLTIPtourney.75;You to attempt to bribe [This.GetTitledFirstNameNoRegnal] into sabotaging [Prev.GetTitledFirstNameNoRegnal]'s horse and equipment;;;;;;;;;;;;;x
EVTDESCtourney.75;You were preparing [FromFrom.GetTitledFirstNameNoRegnal]'s horse and armour for [FromFrom.GetHerHis] next joust in the tourney when [From.GetTitledFirstNameWithDynasty], [FromFrom.GetHerHis] next opponent, approached you. [From.GetSheHeCap] is offering you some gifts of coin in exchange for you sabotaging your sire's equipment!;;;;;;;;;;;;;x
EVTOPTAtourney.75;I will do it, I don't like [FromFrom.GetHerHim] much anyway;;;;;;;;;;;;;x
TOOLTIPtourney.76 ;You sabotage [FromFrom.GetTitledFirstNameNoRegnal]'s equipment, making [FromFrom.GetHerHim] much more likely to lose against [This.GetTitledFirstNameWithDynasty] ;;;;;;;;;;;;;x
EVTOPTBtourney.75;No way!;;;;;;;;;;;;;x
TOOLTIPtourney.77;[This.GetTitledFirstNameWithDynasty] is told to go away;;;;;;;;;;;;;x
EVTDESCtourney.76;Young [From.GetTitledFirstNameNoRegnal] seemed eager to accept your coin, and has agreed to sabotage the setting up of [FromFromFrom.GetTitledFirstNameWithDynasty]'s horse and armour.;;;;;;;;;;;;;x
EVTOPTAtourney.76;Good [From.GetLadLass];;;;;;;;;;;;;x
TOOLTIPtourney.77;[From.GetTitledFirstNameNoRegnal] will sabotage [FromFromFrom.GetTitledFirstNameNoRegnal]'s equipment, making you much more likely to win against  [FromFromFrom.GetHerHim];;;;;;;;;;;;;x
EVTDESCtourney.77;[From.GetTitledFirstNameNoRegnal] seemed shocked at your attempted bribery, [From.GetSheHe] refused and quickly got away from you.;;;;;;;;;;;;;x
EVTOPTAtourney.77;Insolent brat;;;;;;;;;;;;;x
EVTDESCtourney.78;During your joust with [FromFrom.GetTitledFirstNameWithDynasty] something didn't feel right. Your armour felt ill-fitted and your horse agitated. Clearly your squire [bribed_squire.GetTitledFirstNameNoRegnal] failed to perform [bribed_squire.GetHerHis] duties properly, and when confronted [bribed_squire.GetSheHe] admitted to taking a bribe from [FromFrom.GetTitledFirstNameNoRegnal] to sabotage you!;;;;;;;;;;;;;x
EVTOPTAtourney.78;This is an outrage, I will confront the [GetRootFromInsult] directly;;;;;;;;;;;;;x
TOOLTIPtourney.79;You privately accuse [This.GetTitledFirstNameNoRegnal] of dishonouring you;;;;;;;;;;;;;x
EVTOPTBtourney.78;I will appeal to the tourney host!;;;;;;;;;;;;;x
TOOLTIPtourney.81;You publicly appeal to [This.GetTitledFirstNameWithDynasty];;;;;;;;;;;;;x
EVTDESCtourney.299A;Your sire, [From.GetTitledFirstNameWithDynasty], has entered the upcoming Tourney of [FromFrom.Capital.GetName] hosted by [FromFrom.GetTitledFirstNameWithDynasty]. Knights residing near [FromFrom.Capital.GetName] shall be competing, and as [From.GetHerHis] squire you will accompany and assist [From.GetTitledFirstNameNoRegnal].;;;;;;;;;;;;;x
EVTDESCtourney.299B;Your sire, [From.GetTitledFirstNameWithDynasty], has entered the upcoming Tourney of [FromFrom.Capital.GetName] hosted by [FromFrom.GetTitledFirstNameWithDynasty]. The best knights and lords of [tourney_kingdom.GetName] shall be competing, and as [From.GetHerHis] squire you will accompany and assist [From.GetTitledFirstNameNoRegnal].;;;;;;;;;;;;;x
EVTDESCtourney.299A;Your sire, [From.GetTitledFirstNameWithDynasty], has entered the upcoming Grand Tourney of [FromFrom.Capital.GetName] hosted by [FromFrom.GetTitledFirstNameWithDynasty]. The finest knights and lords of all the realm shall be competing, and as [From.GetHerHis] squire you will accompany and assist [From.GetTitledFirstNameNoRegnal].;;;;;;;;;;;;;x
EVTOPTAtourney.299;I'm excited!;;;;;;;;;;;;;x
EVTDESCtourney.79;It seems [From.GetTitledFirstNameWithDynasty]'s squire, [bribed_squire.GetTitledFirstNameNoRegnal], did not cover [bribed_squire.GetHerHis] tracks sufficiently. [From.GetTitledFirstNameNoRegnal] discovered the sabotage of [From.GetHerHis] horse and arms, and has directly confronted you about it, vowing vengeance and calling you a [GetFromRootInsult].;;;;;;;;;;;;;x
EVTOPTAtourney.79;Good luck with that you [GetRootFromInsult]!;;;;;;;;;;;;;x
EVTDESCtourney.80;My sire [From.GetTitledFirstNameNoRegnal] seemed suspicious of [From.GetHerHis] ill prepared equipment, and when [From.GetSheHe] confronted you with evidence of deliberate sabotage you admitted to accepting a bribe from [FromFromFrom.GetTitledFirstNameWithDynasty]!;;;;;;;;;;;;;x
EVTOPTAtourney.80;How did you find out?!;;;;;;;;;;;;;x
EVTDESCtourney.81;[From.GetTitledFirstNameWithDynasty] has approached your pavilion with a shocking allegation. [From.GetSheHeCap] claims that [FromFromFrom.GetTitledFirstNameWithDynasty] bribed [From.GetHerHis] squire into deliberately sabotaging [From.GetHerHis] horse and arms, leading [From.GetHerHim] to lose the joust. [From.GetSheHeCap] is demanding that [FromFromFrom.GetTitledFirstNameNoRegnal] is disqualified and [From.GetHerHim] reinstated to the tourney.;;;;;;;;;;;;;x
EVTOPTAtourney.81;There is not enough evidence I'm afraid;;;;;;;;;;;;;x
EVTOPTBtourney.81;Yes, I will eject [FromFromFrom.GetTitledFirstNameNoRegnal] from the tourney;;;;;;;;;;;;;x
TOOLTIPtourneyDISQUALIFIED;[This.GetTitledFirstNameWithDynasty] is disqualified from the tourney;;;;;;;;;;;;;x
TOOLTIPtourneyREINSTATED;[This.GetTitledFirstNameWithDynasty] is reinstated to the tourney;;;;;;;;;;;;;x
EVTOPTCtourney.81;Guards, seize this dishonorable cheater!;;;;;;;;;;;;;x
EVTDESCtourney.82;It seems [FromFrom.GetTitledFirstNameWithDynasty]'s squire, [bribed_squire.GetTitledFirstNameNoRegnal], did not cover [bribed_squire.GetHerHis] tracks sufficiently. [FromFrom.GetTitledFirstNameNoRegnal] discovered the sabotage of [From.GetHerHis] horse and arms, and appealed to [From.GetTitledFirstNameWithDynasty] to have you disqualified. Fortunately our host backed you up, citing a lack of evidence.;;;;;;;;;;;;;x
EVTOPTAtourney.82;That [GetRootFromInsult] will have to try better than that;;;;;;;;;;;;;x
EVTDESCtourney.83;My sire [FromFrom.GetTitledFirstNameNoRegnal] seemed suspicious of [FromFrom.GetHerHis] ill prepared equipment, and when [FromFrom.GetSheHe] confronted you with evidence of deliberate sabotage you admitted to accepting a bribe from [FromFromFromFrom.GetTitledFirstNameWithDynasty]! The host of the tourney, [From.GetTitledFirstNameWithDynasty], cleared your name of such actions however.;;;;;;;;;;;;;x
EVTOPTAtourney.83;Yes, I was only saying that!;;;;;;;;;;;;;x
EVTDESCtourney.84;[From.GetTitledFirstNameWithDynasty] did not believe your accusations, saying there is a lack fo clear evidence. [FromFromFromFrom.GetTitledFirstNameWithDynasty] has been upheld has the winner of the joust.;;;;;;;;;;;;;x
EVTOPTAtourney.84;This is an outrage!;;;;;;;;;;;;;x
EVTDESCtourney.85;It seems [FromFrom.GetTitledFirstNameWithDynasty]'s squire, [bribed_squire.GetTitledFirstNameNoRegnal], did not cover [bribed_squire.GetHerHis] tracks sufficiently. [FromFrom.GetTitledFirstNameNoRegnal] discovered the sabotage of [From.GetHerHis] horse and arms, and appealed to [From.GetTitledFirstNameWithDynasty] to have you disqualified. [From.GetSheHeCap] agreed, and you have been removed from the lists in shame!;;;;;;;;;;;;;x
EVTOPTAtourney.85;All lies!;;;;;;;;;;;;;x
EVTDESCtourney.86;My sire [FromFrom.GetTitledFirstNameNoRegnal] seemed suspicious of [FromFrom.GetHerHis] ill prepared equipment, and when [FromFrom.GetSheHe] confronted you with evidence of deliberate sabotage you admitted to accepting a bribe from [FromFromFromFrom.GetTitledFirstNameWithDynasty]! The host of the tourney has disqualified [From.GetTitledFirstNameWithDynasty], and you have been shamed before the whole tourney.;;;;;;;;;;;;;x
EVTOPTAtourney.86;This is a stain on my character;;;;;;;;;;;;;x
EVTDESCtourney.87;[From.GetTitledFirstNameWithDynasty] seemed shocked at your accusations, and was convinced of [FromFromFromFrom.GetTitledFirstNameWithDynasty]'s treachery. Your opponent has been removed from the tourney in disgrace, with you rejoining in [FromFromFromFrom.GetHerHis] place. ;;;;;;;;;;;;;x
EVTOPTAtourney.87;Justice is done;;;;;;;;;;;;;x
EVTDESCtourney.88;A scandal befell the joust between [FromFrom.GetTitledFirstNameWithDynasty] and [FromFromFromFrom.GetTitledFirstNameWithDynasty]. [FromFrom.GetTitledFirstNameNoRegnal] lost, and accused [FromFromFromFrom.GetTitledFirstNameNoRegnal] of bribing [FromFrom.GetHerHis] squire to deliberate sabotage [FromFrom.GetHerHis] equipment. Our host, [From.GetTitledFirstNameWithDynasty], ignored this however, citing a lack of evidence.;;;;;;;;;;;;;x
EVTOPTAtourney.88;How shocking;;;;;;;;;;;;;x
EVTDESCtourney.89;A scandal befell the joust between [FromFrom.GetTitledFirstNameWithDynasty] and [FromFromFromFrom.GetTitledFirstNameWithDynasty]. [FromFrom.GetTitledFirstNameNoRegnal] lost, and accused [FromFromFromFrom.GetTitledFirstNameNoRegnal] of bribing [FromFrom.GetHerHis] squire to deliberate sabotage [FromFrom.GetHerHis] equipment. Our host, [From.GetTitledFirstNameWithDynasty], upheld this complaint, and removed [FromFromFromFrom.GetTitledFirstNameNoRegnal] from the lists in disgrace.;;;;;;;;;;;;;x
EVTOPTAtourney.89;That is most dishonourable;;;;;;;;;;;;;x
EVTDESCtourney.95;Whilst at the tourney in [tourney_lover.Liege.Capital.GetName] you have been spending much time in your pavilion with a beautiful local girl of common birth. She is asking to come back home with you to [Root.Capital.GetName]...;;;;;;;;;;;;;x
EVTOPTAtourney.95;I would like to, but I can't allow it;;;;;;;;;;;;;x
EVTOPTBtourney.95;No, I do not care for you;;;;;;;;;;;;;x
EVTOPTCtourney.95;Of course, my love!;;;;;;;;;;;;;x
EVTOPTDtourney.95;I have other...plans for you;;;;;;;;;;;;;x
EVTOPTEtourney.95;What is your name again?;;;;;;;;;;;;;x
EVTDESCtourney.350;Your choice of [From.GetTitledFirstNameWithDynasty] as Queen of Love and Beauty has proved controversial due to her already being matched to another. Her kin are most offended.;;;;;;;;;;;;;x
EVTOPTAtourney.350;I do not care!;;;;;;;;;;;;;x
opinion_qolb_scandal;Chose my Kin as Queen of Love and Beauty;;;;;;;;;;;;;x
TOOLTIPtourneyOPINION;All participants and spectators of the tourney get §G+5§! opinion of [Root.GetTitledFirstNameWithDynasty];;;;;;;;;;;;;x
hold_a_epic_tournament;Hold a Tourney of [Root.Capital.GetName];Organiser un tournoi à [Root.Capital.GetName];;;Organizar un gran torneo en [Root.Capital.GetName];;;;;;;;;x
hold_a_epic_tournament_desc;Let us hold a tournament the like of which is only rumoured. All Knights and Lords of the realm will gather at [Root.Capital.GetName];Allons, organisons un tournoi comme nul autre pareil. Tous les chevaliers et les seigneurs du Royaume se rassembleront à [Root.Capital.GetName];;;Organizar un torneo como ningún otro. Todos los caballeros y señores del Reino se reunirán en [Root.Capital.GetName].;;;;;;;;;x
tournament_invite;Let all Knights and Lords of the realm be invited;Inviter tous les chevaliers et les seigneurs du Royaume;;;Invitar a todos los caballeros y señores del Reino.;;;;;;;;;x
EVTDESC70000;[Root.GetTitledFirstNameWithDynasty], I hereby invite you to participate in the tourney of [From.Capital.GetName], where Knights and Lords shall test their mettle.\n\n Regards,\n[From.GetFirstNameWithDynasty], [From.GetTitle] of [From.PrimaryTitle.GetName];[Root.GetFirstNameWithDynasty], par la présente je vous invite à participer au tournoi de [From.Capital.GetName], où chevaliers et seigneurs prouveront leur valeur.\n\n Cordialement,\n[From.GetFirstNameWithDynasty], [From.GetTitle] de [From.PrimaryTitle.GetName];;;[Root.GetFirstNameWithDynasty], par la presente os invito a participar en el torneo de [From.Capital.GetName], donde caballeros y señores probarán su valor.\n\n Cordialmente,\n[From.GetFirstNameWithDynasty], [From.GetTitle] de [From.PrimaryTitle.GetName];;;;;;;;;x
TOURNAMENTTITLE;Jousting Tournament;Joute;;;Justa;;;;;;;;;x
EVTDESC70038;Everyone was enjoying the fine display of jousting when [FromFrom.GetTitledFirstNameWithDynasty] and [From.GetTitledFirstNameWithDynasty] were paired up. In the last tilt [FromFrom.GetTitledFirstName] did not fair well as [From.GetTitledFirstName] 's lance found a gap in the armour, gruesomely impaling [FromFrom.GetHerHim]. With [FromFrom.GetHerHim] in the dirt in a pool of blood it was clear [FromFrom.GetSheHe] would die.;Tout le monde appréciait la belle démonstration de joute lorsque [From.GetTitledFirstNameWithDynasty] et [FromFrom.GetTitledFirstNameWithDynasty] se sont rencontrés. Mais la joie s'est estompée lors de la dernière joute lorsque la lance de [FromFrom.GetTitledFirstName] a accidentellement trouvé une faiblesse dans l'armure de [From.GetTitledFirstName] et l'a littéralement empalé. La quantité de sang sur le sol n'a pas laissé le moindre espoir au public, [From.GetSheHe] était mort(e).;;;Todos disfrutamos de la hermosa demostración de justa cuando [From.GetTitledFirstNameWithDynasty] y [FromFrom.GetTitledFirstNameWithDynasty] se enfrentaron. Pero la alegría se desvaneció cuando en la última justa la lanza de [FromFrom.GetTitledFirstName] accidentalmente encontró una debilidad en la armadura de [From.GetTitledFirstName] y lo empaló literalmente. La cantidad de sangre sobre el suelo no dejaba ninguna duda al público, [From.GetSheHe] estaba muerto.;;;;;;;;;x
EVTDESC70039;It was [FromFrom.GetTitledFirstNameWithDynasty] and [From.GetTitledFirstNameWithDynasty]'s turn to joust in the lists, and [From.GetTitledFirstName] won soundly. In the final tilt [FromFrom.GetTitledFirstName] was sent flying from the saddle in a hail of shattered lance pieces. [FromFrom.GetSheHeCap] landed with a sickening crunch, clearly greviously injured.;C'était le tour de [From.GetTitledFirstNameWithDynasty] et de [FromFrom.GetTitledFirstNameWithDynasty] de se rencontrer dans les lices. [FromFrom.GetTitledFirstName] a remporté la joute avec fracas. Lors de la dernière charge [From.GetTitledFirstName] a été violemment expulsé de sa selle et la violence du choc a fait voler en éclat la lance de son adversaire. [From.GetSheHeCap] s'est écrasé à terre dans un terriblement bruit de craquement qui ne laissait guère de doute sur la gravité de sa blessure.;;;Era el turno de [From.GetTitledFirstNameWithDynasty] y de [FromFrom.GetTitledFirstNameWithDynasty] de enfrentarse en la liza. [FromFrom.GetTitledFirstName] venció, pero en la última carga [From.GetTitledFirstName] fue violentamente expulsado de su montura al chocar con la lanza de su adversario. Se estrelló contra el suelo, produciendo un sonido de rotura muy fuerte que no dejaba dudas a la gravedad de las heridas.;;;;;;;;;x
EVTDESC70040;My liege! Your guest [From.GetTitledFirstNameWithDynasty] has tragically been wounded during the tournament!;Mon seigneur ! Votre invité [From.GetTitle] [From.GetFirstNameWithDynasty]a été tragiquement blessé au cours du tournoi !;;;Mi señor! Vuestro invitado [From.GetTitle] [From.GetFirstNameWithDynasty] ha sido herido trágicamente en el torneo.;;;;;;;;;x
EVTDESC70034;Having won the final joust, [From.GetTitledFirstNameWithDynasty] has been crowned the winner of my grand tournament. As [From.GetSheHe] claims the winner's purse [From.GetSheHe] give me a few words of thanks, and now the celebratory feast can begin!;Ayant remporté la joute finale, [From.GetTitledFirstNameWithDynasty] a été couronné(e) vainqueur de mon grand tournoi. Tandis qu’[From.GetSheHe] récupère le prix qui lui est dû(e), [From.GetSheHe] m’adresse quelques mots de remerciements, et le banquet de victoire peut commencer !;;;Tras ganar la justa final, [From.GetTitledFirstNameWithDynasty] ha sido coronado como el ganador de mi gran torneo. Le entrego la bolsa como ganador, me dedica unas palabras de agradecimiento, y que empieze el festín!!;;;;;;;;;x
EVTDESC70035;[From.GetTitledFirstNameWithDynasty]'s bravery won [From.GetHerHim] second place in my tourney.;[From.GetTitle] [From.GetFirstNameWithDynasty] a bravement remporté la seconde place de mon tournoi. ;;;[From.GetTitle] [From.GetFirstNameWithDynasty] consiguió valientemente el segundo lugar de mi torneo.;;;;;;;;;x
EVTDESC70036;[From.GetTitledFirstNameWithDynasty] fought [From.GetHerHis] way to the third place in my tourney.;[From.GetTitle] [From.GetFirstNameWithDynasty] s'est taillé un chemin jusqu'à la troisième place de mon tournoi. ;;;[From.GetTitle] [From.GetFirstNameWithDynasty] logró el tercer lugar en mi torneo.;;;;;;;;;x
EVTDESC70033;Ravens have been sent forth notifying Knights and Lords alike of the tourney of [Root.Capital.GetName];Des corbeaux ont été envoyés pour prévenir les chevaliers et les seigneurs de la tenue du tournoi de [Root.Capital.GetName];;;Han sido enviados cuervos para anunciar a los Señores y caballeros la celebración del torneo de [Root.Capital.GetName].;;;;;;;;;x
EVTDESC1058;I've been betrayed too many times. Why do I continue to place my trust in people who have done nothing to earn it?;J’ai été trahi trop de fois. Pourquoi continuerais-je d’accorder ma confiance à des gens qui n’ont rien fait pour la mériter ? ;Nach mehreren Anschlagsversuchen und 'Leihgaben' weiß ich nicht, ob ich noch jemandem vertrauen kann.;;Fui traicionado demasiadas veces. ¿Por qué debería confiar en personas que no han hecho nada para merecerlo?;;;;;;;;;x
EVTOPTA1058;I'll never let them hurt me again.;Je ne les laisserai plus jamais me blesser;Warum versuchen sie, mir zu schaden?;;No dejaré que me hagan más daño.;;;;;;;;;x
EVTDESC3385;I'm content with my life and with my lands of [Root.PrimaryTitle.GetName], and because of this people do not see me as a threat. They all gladly attend my feasts, trusting me to uphold their guest right and to also leave their lands unmolested.;Ma vie et mes terres de [Root.PrimaryTitle.GetName] me satisfont pleinement, et de fait personne ne me considère comme une menace. Ils sont tous ravis d’assister à mes fêtes, me faisant confiance pour faire respecter les droits de l’hôte et ne pas convoiter leurs terres.;;;Estoy contento con mi vida y mis tierras de el [Root.PrimaryTitle.GetName], y por ello la gente no me ve como una amenaza. Asisten con gusto a mis fiestas, confiando en el derecho de hospitalidad y para dejar sus tierras sin molestias.;;;;;;;;;x
EVTOPTA3385;We should all just get along!;Nous devrions juste tous nous entendre !;;;Debemos llevarnos bien!;;;;;;;;;x
EVTDESC3325;I was one of the first to saddle my horse and chase after the bandits who had stolen one of the valuable statues from our local sept. When I returned, exhausted and with filthy clothes, I was told the old septon had simply misplaced the statue.;J'ai été l'un des premiers à sceller mon cheval et à me lancer à la poursuite des bandits qui avaient volé une des précieuses statues de notre septuaire local. Lorsque je suis revenu, épuisé et couvert de boue, on m'a annoncé que le septon avait simplement déplacé la statuette. ;;;Yo fui uno de los primeros en montar a mi caballo y salir en persecución de los bandidos que habían robado una preciosa estatua de nuestro septo local. Cuando regresé, exhausto y cubierto de barro, me dijeron que el septón simplemente la había cambiado de lugar.;;;;;;;;;x
TOOLTIPnorthern_melee.11;The following fighters made the final melee:;;;;;;;;;;;;;x
