#CODE;ENGLISH;FRENCH;GERMAN;;SPANISH;;;;;;;;;x
EVTDESCvolantis.300;The politics of [Root.TopLiege.PrimaryTitle.GetName] is dominated by two opposing factions, the Tigers who represent the military and the Elephants who represent the merchants.  As a freeborn landholder of [Root.TopLiege.PrimaryTitle.GetName], I am entitled to participate in this process.;La vie politique de [Root.TopLiege.PrimaryTitle.GetName] est dominée par deux factions opposées, les Tigres qui représentent les militaires et les Eléphants qui représentent les marchands. En tant que propriétaire terrien libre de [Root.TopLiege.PrimaryTitle.GetName], j'ai le droit d'y participer.;;;La política de [Root.TopLiege.PrimaryTitle.GetName] está dominada por dos facciones opuestas, los Tigres que representan los militares y los elefantes que representan a los mercaderes. Como hacendado libre de [Root.TopLiege.PrimaryTitle.GetName], tengo derecho a participar..;;;;;;;;;x
EVTOPTBvolantis.300;I side with the Tigers.;Je soutien les tigres.;;;Estoy a favor de los Tigres.;;;;;;;;;x
EVTOPTAvolantis.300;The Elephants have the right of it.;Les éléphants doivent de diriger la cité. ;;;Los Elefantes deben dirigir la ciudad.;;;;;;;;;x
EVTOPTCvolantis.300;Our party will prevail;Notre partie va prévaloir;;;Nuestro partido prevalecerá.;;;;;;;;;x
tiger;Tiger;Tigre;;;Tigre;;;;;;;;;x
tiger_desc;The Tigers are the party of the old aristocracy and warriors who advocate the sword.\nThey expect their Triarchs to back wars of conquest.;Les tigres représentent l'ancienne aristocratie et les guerriers qui soutiennent une politique de fermeté.\nIls attendent de leurs triarques qu'ils reprennent les guerres de conquête.;;;Los Tigres son el partido de la vieja aristocracia y los guerreros que defienden la espada.\nEsperan que sus patriarcas reanuden las guerras de conquista.;;;;;;;;;x
elephant;Elephant;Eléphant;;;Elefante;;;;;;;;;x
elephant_desc;The Elephants are the party of the merchants and moneylenders who advocate trade.\nThey expect their Triarchs to oppose wars of conquest.;Les éléphants représentent les marchands et les banquier.\nIls attendent que leurs triarques s'opposent aux guerres de conquête.;;;Los elefantes son el partido de los comerciantes y usureros quienes abogan por el comercio.\nSus patriarcas esperan oponerse a las guerras de conquista.;;;;;;;;;x
title_triarch;Triarch;Triarque;;;Triarca;;;;;;;;;x
EVTDESCvolantis.1;The Triarchs of [Root.PrimaryTitle.GetName] serve one year terms, and each year must stand for re-election with other would be Triarchs. The time of the elections has come, and for ten days the candidates will hold speeches and debates , and will no doubt cajole and bribe the voters. Only those with the blood of Old Valyria may stand for election.;Les triarques de [Root.PrimaryTitle.GetName] servent pendant un an et doivent se représenter chaque année pour être réélus. Le temps des élections est venu, pendant dix jours les candidats vont tenir des discours et débattre entre eux. Ils en profiteront sans aucun doute pour cajoler et corrompre les électeurs. Seuls ceux en qui coule le sang de l'Antique Valyria peuvent se présenter aux élections.;;;Los Triarcas de [Root.PrimaryTitle.GetName] sirven mandatos de un año y cada año deben presentarse a la reelección con los otros Triarcas. El momento de las elecciones ha llegado, y durante diez días, los candidatos sostendrán charlas y debates, y sin duda persuadirán y sobornarán a los electores. Sólo aquellos con la sangre de la vieja Valyria peude presentarse a las elecciones.;;;;;;;;;x
EVTOPTAvolantis.1;The madness begins...;Que la folie commence…;;;La locura comienza…;;;;;;;;;x
EVTDESCvolantis.2;The Triarchs of [From.PrimaryTitle.GetName] serve one year terms, and each year must stand for re-election with other would be Triarchs. The time of the elections has come, and for ten days the candidates will hold speeches and debates , and will no doubt cajole and bribe the voters. Only those with the blood of Old Valyria may stand for election.;Les triarques de [Root.PrimaryTitle.GetName] servent pendant un an et doivent se représenter chaque année pour être réélus. Le temps des élections est venu, pendant dix jours les candidats vont tenir des discours et débattre entre eux. Ils en profiteront sans aucun doute pour cajoler et corrompre les électeurs. Seuls ceux en qui coule le sang de l'Antique Valyria peuvent se présenter aux élections.;;;Los Triarcas de [From.PrimaryTitle.GetName] sirven mandatos de un año y cada año debe presentarse a la reelección con los otros Triarcas. El momento de las elecciones ha llegado, y durante diez días, los candidatos sostendrán charlas y debates, y sin duda persuadir y sobornar a los electores. Sólo aquellos con la sangre de la vieja Valyria podrán presentarse a las elecciones.;;;;;;;;;x
EVTOPTAvolantis.2;I am not eligible to stand;Je ne peux pas me présenter.;;;No puedo presentarme.;;;;;;;;;x
EVTOPTBvolantis.2;I shall stand for election;Je vais me présenter aux élections.;;;Me presento a las elecciones.;;;;;;;;;x
TOOLTIPEVTOPTBvolantis.2;You put yourself forward as a candidate for Triarch\n\n;Vous êtes candidat pour devenir triarque\n\n;;;Te presentas candidato para Triarca\n\n;;;;;;;;;x
EVTOPTCvolantis.2;I will not be a Triarch, but I shall vote;Je ne serais pas triarque mais je vais voter.;;;No seré Triarca, pero votaré;;;;;;;;;x
TOOLTIPvolantis.3;Many days of campaigning begin and, despite not standing for election, soon you will cast your vote\n\n;La campagne commence et bien que vous ne vous présentiez pas, vous devrez bientôt voter\n\n;;;Comienza la campaña y, a pesar de no presentarte a las elecciones, pronto votarás\n\n;;;;;;;;;x
TOOLTIPvolantis.3C;Many days of campaigning begin where you and all the candidates canvass for votes\n\n;La campagne commence. Vous et vos candidats rivaux allez commencer votre tournée pour réunir des votes en votre faveur\n\n;;;La campaña comienza y tú y los candidatos rivales buscáis votantes\n\n;;;;;;;;;x
EVTOPTDvolantis.2;I don't want to get involved this year;Je ne veux pas m'impliquer cette année.;;;No quiero involucrarme este año.;;;;;;;;;x
TOOLTIPvolantis.3b;You ignore the election this year, and so not voting or being informed of what happens;Vous ignorez l'élection cette année, vous ne votez donc pas et ne serez pas prévenu de ce qui se passe.;;;Este año ignoras las votaciones, por lo que no votarás ni serás informado de lo que sucede.;;;;;;;;;x
EVTDESCvolantis.7;For many restless days you campaigned in the city, entertaining the voters with hired mummers, minstrels and dancers whilst trying to curry favour. However this and your speeches and marches have fallen on deaf ears, and it is clear you have not gathered enough votes to become a Triarch.;Pendant de nombreux jours, sans prendre de repos, vous avez fait compagne dans la cité. Vous avez diverti les électeurs en leur offrant des spectacles grandioses comprenant des baladins, des ménestrels et des danseurs. Malheureusement, tout comme vos discours, ces démarches n'ont pas porté leur fruit, et il est clair que vous n'avez pas réuni assez de votes pour devenir un triarque.;;;Durante muchos días sin descanso has hecho campaña en la ciudad, has divertido a los votantes con malabaristas, juglares y bailarines tratando de ganarte el favor de los votantes. Por desgracia, al igual que tus discursos, estos esfuerzos no han dado sus frutos, y está claro que no has reunido los votos suficientes para convertirse en Triarca .;;;;;;;;;x
EVTOPTAvolantis.7;The voters are lackwits;Ces électeurs sont des idiots.;;;Los votantes son idiotas.;;;;;;;;;x
EVTDESCvolantis.8;After many days of fierce campaigning, filled with torchlight marches, speeches, mummers, minstrels and dancers the clear front runners for election have emerged. The city will now hold the last few days of voting to determine who will be the three Triarchs for the next year.;Après des jours de campagne acharnée, où la cité a vécu au rythme des marches aux flambeaux, des discours, des baladins, des ménestrels et des danseurs, les favoris de l'élection se détachent clairement. Les derniers jours de votes seront décisifs pour désigner les trois triarques de l'année prochaine. ;;;Después de días de implacable campaña, animando la ciudad con antorchas, procesiones, discursos, malabaristas, trovadores y bailarines, los favoritos de las elecciónes destacan claramente. Los últimos días de las votaciones serán cruciales para designar el Triarca del próximo año.;;;;;;;;;x
EVTOPTAvolantis.8;How exciting;C'est excitant !;;;Que excitante!;;;;;;;;;x
EVTDESCvolantis.9;Your first few days of the campaign have been a success. Many voters seem impressed with your speeches, and by the gifts and entertainment no doubt. Now the final few days of voting will begin. How shall we proceed with the campaign?;Vos premiers jours de campagne ont été un franc succès. De nombreux électeurs ont été impressionnés par vos discours, et bien entendu par les divers présents et divertissements que vous leur avez offert. Les derniers jours de votes approchent. Que devons nous faire ?;;;Los primeros días de la campaña han sido un éxito. Muchos votantes parecen impresionados con tus discursos, y también por los regalos y el entretenimiento, sin duda. Se acercan los últimos días para las eleccones. ¿Cómo vamos a seguir adelante con la campaña?;;;;;;;;;x
EVTOPTAvolantis.9;I shall shower the city with gifts and shows!;Je vais arroser la cité de présents et de spectacles !;;;Llenaré la ciudad con regalos y espectáculos!;;;;;;;;;x
EVTOPTBvolantis.9;Hire a large troupe of elephants to bear my name;Engagez une grande troupe d'éléphants pour diffuser mon nom.;;;Contratar a una tropa de elefantes para llevar mi nombre por toda la ciudad.;;;;;;;;;x
EVTOPTCvolantis.9;Organise some modest feasts;Organiser quelques fêtes modestes.;;;Organizar unas fiestas modestas.;;;;;;;;;x
EVTOPTDvolantis.9;I have no means but my words;Je n'ai rien d'autres que mes mots.;;;No tengo más medios que mis palabras.;;;;;;;;;x
EVTOPTFvolantis.9;The vermin shall vote for me or die!;La vermine devra voter pour moi ou mourir !;;;Las sabandijas votarán por mí o morirán!;;;;;;;;;x
EVTDESCvolantis.10;After many days of fierce campaigning, filled with torchlight marches, speeches, mummers, minstrels and dancers the clear front runners for election have emerged. The city will now hold the last few days of voting to determine who will be the three Triarchs for the next year. Who shall get your vote?;Après des jours de campagne acharnée, où la cité a vécu au rythme des marches aux flambeaux, des discours, des baladins, des ménestrels et des danseurs, les favoris de l'élection se détachent clairement. Les derniers jours de votes seront décisifs pour désigner les trois triarques de l'année prochaine. Qui obtiendra votre vote ?;;;Después de días de implacable campaña, animando la ciudad con antorchas, procesiones, discursos, malabaristas, trovadores y bailarines, los favoritos de las elecciónes destacan claramente. Los últimos días de las votaciones serán cruciales para designar los tres patriarcas del próximo año. ¿Quién se llevará mi voto?;;;;;;;;;x
EVTOPTAvolantis.10;They will be wise;Il sera sage.;;;Serán sabios.;;;;;;;;;x
volantis.10threats;[This.GetTitledFirstNameWithDynasty] makes many threats, promising vengeance against all who oppose [This.GetHerHim]\n;[This.GetTitledFirstNameWithDynasty] nous a ouvertement menacé, promettant de se venger contre tous ceux qui s'opposeront à [This.GetHerHim]\n;;;[This.GetTitledFirstNameWithDynasty] nos ha amenazado abiertamente, prometiendo venganza contra todos los que se le opongan\n;;;;;;;;;x
EVTOPTBvolantis.10;This candidate has been generous;Ce candidat a été généreux.;;;Este candidato ha sido generoso;;;;;;;;;x
EVTOPTCvolantis.10;I lend my support to this person;Je soutiens cette personne.;;;Apoyo a esta persona.;;;;;;;;;x
EVTOPTDvolantis.10;I support this person for Triarch;Je soutiens cette personne pour la triarchie.;;;Apoyo a esa persona para la Triarquía.;;;;;;;;;x
EVTOPTEvolantis.10;They are the most worthy;Il est le plus digne.;;;Son los mas dignos.;;;;;;;;;x
EVTOPTFvolantis.10;Who could be better?;Qui pourrait le surpasser ?;;;¿Quién podría ser mejor?;;;;;;;;;x
EVTDESCvolantis.16;Your frenzied campaign sprawled across the whole city. You had armies of dancers and mummers and  extravagant feasts entertaining voters, where handsome bribes were on offer. You even had slave girls and boys laying with them to try and win them over. It was not enough, as you did not gather enough votes to become Triarch.;Votre campagne extravagante a animée la cité. Vous aviez des armées de danseurs et de baladins à votre service qui organisaient des festivités inoubliables pour divertir les électeurs. Les pots de vins et les présents coulaient à flot. Vous disposiez même de jeunes esclaves des deux sexes qui donnaient de leur corps pour convaincre les Volantains de voter pour vous. Mais ce ne fut pas suffisant, vous n'avez pas réuni assez de votes pour devenir triarque. ;;;Tu frenética campaña animó la ciudad. Tenías ejércitos de bailarines y malabaristas a tu servicio que organizaron fiestas inolvidables para entretener a los votantes. Los sobornos y regalos fluían libremente. También tenías esclavos jóvenes de ambos sexos que dieron sus cuerpos para convencer a los volantinos de votarte. Pero no fue suficiente, no has reunido los votos suficientes para convertirte en triarca.;;;;;;;;;x
EVTOPTAvolantis.16;What a waste of wealth;Quelle gaspillage d'argent !;;;que desperdicio de dinero!;;;;;;;;;x
EVTDESCvolantis.17;[From.GetFirstNameWithDynasty]'s frenzied campaign sprawled across the whole city. [From.GetSheHeCap] had armies of dancers and mummers and  extravagant feasts entertaining voters, where handsome bribes were on offer. [From.GetSheHeCap] even had slave girls and boys laying with them to try and win them over. It was not enough, as [From.GetSheHe] did not gather enough votes to become Triarch.;La campagne extravagante de [From.GetFirstNameWithDynasty] a animée la cité. [From.GetSheHeCap] avait des armées de danseurs et de baladins à son service qui organisaient des festivités inoubliables pour divertir les électeurs. Les pots de vins et les présents coulaient à flot. [From.GetSheHeCap] disposait même de jeunes esclaves des deux sexes qui donnaient de leur corps pour convaincre les Volantains de voter pour lui. Mais ce ne fut pas suffisant, [From.GetSheHeCap] n'a pas réuni assez de votes pour devenir triarque. ;;;La frenética campaña de [From.GetFirstNameWithDynasty] animó a toda la ciudad. Tenía ejércitos de bailarines y malabaristas a su servicio que organizaron fiestas inolvidables para entretener a los votantes. Los sobornos y regalos fluían libremente. También tenía esclavos jóvenes de ambos sexos que dieron sus cuerpos para convencer a los volantinos de votarle. Pero no fue suficiente, no ha reunido los votos suficientes para convertirse en Triarca.;;;;;;;;;x
EVTDESCvolantis.161;Your efforts to become Triarch were concerted and organised. You held many key marches and rallies, where you gave many inspiring speeches. Your army of elephants with your name painted on the side surely gave you great renown. However the final vote count revealed otherwise, and you failed to become Triarch.;Vous vous êtes bien organisé et avez été efficace tout au long de votre campagne. Vous avez organisé de nombreuses marches et ralliements où vous avez donné des discours de qualité. Votre armée d'éléphants a parcourue la cité, avec votre nom peint sur leurs flancs, ce qui vous a fait connaître dans tout Volantis. Cependant, seul le résultat des votes compte, et vous avez échoué dans votre tentative pour devenir triarque.;;;Te organizaste bien y fuiste muy eficaz a lo largo de toda la campaña. Organizaste numerosas marchas y mítines clave, con discursos de calidad. Tu ejército de elefantes recorrió la ciudad, con tu nombre en sus flancos, que te dio a conocer en todo Volantis. Sin embargo, sólo el resultado de los votos cuenta, y has fracasado en tu tentativa de convertirte en Triarca.;;;;;;;;;x
EVTOPTAvolantis.161;I need a better strategy;J'ai besoin d'une meilleure stratégie.;;;Necesito una estrategia mejor.;;;;;;;;;x
EVTDESCvolantis.171;[From.GetFirstNameWithDynasty]'s efforts to become Triarch were concerted and organised. [From.GetSheHeCap] held large marches and rallies, but [From.GetHerHis] speeches were most ponderous. The army of elephants with [From.GetHerHis] name painted on the side were impressive though. The final vote count revealed the campaign was not inspring enough, as [From.GetSheHe] failed to become Triarch.;[From.GetFirstNameWithDynasty] s'est bien organisé et a été efficace tout au long de sa campagne. [From.GetSheHeCap] a organisé de nombreuses marches et ralliements où [From.GetSheHeCap] a donné des discours de qualité. Son armée d'éléphants a parcourue la cité, avec son nom peint sur leurs flancs, ce qui l'a fait connaître dans tout Volantis. Cependant, seul le résultat des votes compte, et [From.GetSheHeCap] a échoué dans sa tentative pour devenir triarque.;;;Los esfuerzos de [From.GetFirstNameWithDynasty] para convertirse en Patriarca fueron concertados y organizados. Celebrado grandes marchas y manifestaciones, pero sus duscursos resultaron un poco pesados. Su ejército de elefantes con su nombre pintado en el lado era impresionante. Pero, el recuento final de votos reveló que la campaña no fue suficiente, ya que [From.GetSheHe] no ha logrado convertirse Patriarca.;;;;;;;;;x
EVTDESCvolantis.162;You spent many days having private feasts with the voters, trying to convince them to vote for you. The gifts you granted semed to sway some of them, as did the bravos fighting duels for your honour. Other candidates had grander campaigns however, and you did not earn enough votes to be elected.;Vous avez passé beaucoup de temps à festoyer avec les électeurs pour les convaincre de voter pour vous. Les cadeaux et le duel de spadassin en votre honneur ont convaincu nombre d'entre eux de vous soutenir. Malheureusement les autres candidats ont financé des campagnes de plus grandes envergures et vous n'avez pas réussi à réunir assez de voix pour être élu.;;;Pasaste muchos días en fiestas privadas para los votantes, tratando de convencerlos de que voten por ti. Los regalos y el duelo en tu honor convencieron a muchos para apoyarte. Desgraciadamente, los otros candidatos financiaron campañas grandiosas y no ganaste los votos suficientes para ser elegido.;;;;;;;;;x
EVTOPTAvolantis.162;I will win next time;Je l'emporterai la prochaine fois.;;;Ganaré la próxima vez.;;;;;;;;;x
EVTDESCvolantis.172;[From.GetFirstNameWithDynasty] spent many days having private feasts with the voters, trying to convince them to vote for [From.GetHerHim]. The gifts [From.GetSheHe] granted semed to sway some of them, as did the bravos fighting duels for [From.GetHerHis] honour. Other candidates had grander campaigns however, and [From.GetSheHe] did not earn enough votes to be elected.;[From.GetFirstNameWithDynasty] a passé beaucoup de temps à festoyer avec les électeurs pour les convaincre de voter pour [From.GetHerHim]. Les cadeaux et le duel de spadassin en son honneur ont convaincu nombre d'entre eux de le(a) soutenir. Malheureusement les autres candidats ont financé des campagnes de plus grandes envergures et vous n'avez pas réussi à réunir assez de voix pour être élu.;;;[From.GetFirstNameWithDynasty] pasó muchos días en fiestas privadas para los votantes, tratando de convencerlos de que le votaran. Los regalos y el duelo en su honor convencieron a muchos para apoyarle. Desgraciadamente, los otros candidatos financiaron campañas grandiosas y no ganó los votos suficientes para ser elegido.;;;;;;;;;x
EVTDESCvolantis.163;Your austere campaign did not sway enough voters. You gave inspring speeches, which many voters seemed to sympathise greatly with. But in the end coin won the election, as other candidates with larger bribes and gimmics earned more votes.;Votre campagne austère n'est pas parvenu à convaincre assez d'électeurs. Vous avez fait des discours énergiques et inspirants et de nombreux Volantains semblaient convaincus par vos propos. Mais au bout du compte, seul l'argent décide qui sera triarque, les autres candidats ont remporté plus de voix avec leurs cadeaux et leurs spectacles frivoles. ;;;Tu campaña austera no consiguió suficientes votantes. Diste discursos enérgicos e inspiradores, que parecieron convencer a muchos votantes. Pero al final, el dinero ganó las elecciones, ya que los otros candidatos consiguieron más votos usando sobornos y regalos y espectáculos frívolos.;;;;;;;;;x
EVTOPTAvolantis.163;What corruption;Quelle corruption.;;;Cuanta corrupción.;;;;;;;;;x
EVTDESCvolantis.173;[From.GetFirstNameWithDynasty]'s austere campaign did not sway enough voters. [From.GetSheHeCap] gave inspring speeches, which many voters seemed to sympathise greatly with. But in the end coin won the election, as other candidates with larger bribes and gimmics earned more votes.;La campagne austère de [From.GetFirstNameWithDynasty] n'est pas parvenu à convaincre assez d'électeurs. [From.GetSheHeCap] a fait des discours énergiques et inspirants et de nombreux Volantains semblaient convaincus par ses propos. Mais au bout du compte, seul l'argent décide qui sera triarque, les autres candidats ont remporté plus de voix avec leurs cadeaux et leurs spectacles frivoles. ;;;La austera campaña de [From.GetFirstNameWithDynasty] no consiguió suficientes votantes. Dio discursos enérgicos e inspiradores, que parecieron convencer a muchos votantes. Pero al final, el dinero ganó las elecciones, ya que los otros candidatos consiguieron más votos usando sobornos y regalos y espectáculos frívolos.;;;;;;;;;x
EVTDESCvolantis.165;The scum of this city did not heed your warnings. You hired gangs of armed men and dangerous bravos to spread the word of your impending victory, or if not the voters demise. You gave fair warning, and now they will pay.;La racaille de cette cité n'a pas tenu compte de vos mises en garde. Vous avez engagé des bandes d'hommes armés et de dangereux spadassins pour les prévenir les électeurs qu'ils avaient le choix entre votre victoire écrasante et la mort. Vous les avez averti, maintenant ils vont payer.;;;La escoria de esta ciudad no hizo caso a tus advertencias. Contrataste a bandas de hombres armados y peligrosos jaques para propagar el mensaje de que tenían dos opciones, la muerte o tu victoria. Estaban advertidos, y ahora tendrán que pagar.;;;;;;;;;x
EVTOPTAvolantis.165;Fools!;Bande de fous !;;;Estúpidos!;;;;;;;;;x
EVTDESCvolantis.175;[From.GetFirstNameWithDynasty]'s campaign was one of the darker episodes of the election. [From.GetSheHeCap] hired gangs of armed thugs and dangerous bravos to try and intimidate the voters. [From.GetSheHeCap] promised repercussions for failing to offer [From.GetHerHim] a vote. The people did not cow before this posturing, and declined to elect [From.GetHerHim] Triarch.;La campagne de [From.GetFirstNameWithDynasty] fut un des plus sombres épisodes des élections. [From.GetSheHeCap] a engagé des bandes de voyous armés et de dangereux spadassins pour intimider les électeurs. [From.GetSheHeCap] a promis des représailles s'ils ne votaient pas pour lui. Le peuple n'a pas plié face aux menaces et a refusé de l'élire triarque.;;;La campaña de [From.GetFirstNameWithDynasty] fue uno de los episodios más oscuros de la elección. Contrató a bandas de hombres armados y peligrosos jaques para propagar el mensaje de que tenían dos opciones, la muerte o su victoria. El pueblo no se plegó a sus amenazas y no lo eligieron como Triarca.;;;;;;;;;x
EVTDESCvolantis.19;The final counts have been conducted, and your campaign has succeeded! The voters received your gifts and feasts warmly, greatly appreciating your words and promises. You have successfully acquired enough votes to be made Triarch for the coming year.;Le décompte final des voix est terminé, et votre campagne est un succès ! Les électeurs ont apprécié vos cadeaux, vos spectacles et vos fêtes, quant à vos promesses et vos discours, ils les ont marqué.  Vous avez réuni assez de voix pour être l'un des triarques de l'année qui vient.;;;El recuento final ha terminado, y tu campaña ha tenido éxito! Los votantes han apreciado tus regalos, espectáculos y fiestas, valorando altamente tus discursos y promesas. Has conseguido los votos suficientes para ser Triarca el próximo año.;;;;;;;;;x
EVTOPTAvolantis.19;A great honour;Un grand honneur.;;;Un gran honor.;;;;;;;;;x
EVTDESCvolantis.20;The final counts have been conducted, and [From.GetFirstNameWithDynasty] has been declared one of the winners. The voters received [From.GetHerHis] gifts and feasts warmly, greatly appreciating [From.GetHerHis] words and promises. [From.GetSheHeCap] successfully acquired enough votes to be made Triarch for the coming year.;Le décompte final des voix est terminé, et [From.GetFirstNameWithDynasty] est un des deux vainqueurs. Les électeurs ont apprécié ses cadeaux, ses spectacles et ses fêtes, quant à ses promesses et ses discours, ils les ont marqué.  [From.GetSheHeCap] a réuni assez de voix pour être l'un des triarques de l'année qui vient.;;;El recuento final ha terminado, y la campaña de [From.GetFirstNameWithDynasty] tuvo éxito! Los votantes han apreciado sus regalos, espectáculos y fiestas, valorando altamente sus discursos y promesas. Ha conseguido los votos suficientes para ser Triarca el próximo año.;;;;;;;;;x
EVTDESCvolantis.100;The system of Triarchy in [Root.PrimaryTitle.GetName] allows your fellow Triarchs to veto any declarations of war. You must find the agreement of at least one of them to continue the war against [From.PrimaryTitle.GetName].;Le système politique de la Triarchie à [Root.PrimaryTitle.GetName] permet aux autres triarques de mettre leur veto à n'importe quelle déclaration de guerre. Vous devez au moins obtenir l'accord de l'un d'entre eux pour continuer la guerre contre [From.PrimaryTitle.GetName].;;;El sistema político de la Triarquía en [Root.PrimaryTitle.GetName] permite a los otros Triarcas vetar cualquier declaración de guerra. Debes conseguir el favor de al menos uno de ellos para continuar la guerra contra [FromFrom.PrimaryTitle.GetName].;;;;;;;;;x
EVTOPTAvolantis.100;I'm sure they will concur;Je suis sûr qu'ils seront d'accord.;;;Estoy seguro de que estarán de acuerdo.;;;;;;;;;x
TOOLTIPvolantis.101;Shall decide their position;Va décider de sa position.;;;Decidirá su posición;;;;;;;;;x
EVTDESCvolantis.101;[From.GetTitledFirstNameWithDynasty] has proposed a declaration of war, and as one of the Triarchs of [From.PrimaryTitle.GetName] you can choose to approve or oppose this plan.;[From.GetTitledFirstNameWithDynasty] a proposé une déclaration de guerre, et en tant que triarque de [From.PrimaryTitle.GetName] vous pouvez choisir de vous y opposer ou donner votre accord.;;;[From.GetTitledFirstNameWithDynasty] ha propuesto una declaración de guerra, y como uno de los Triarcas de [From.PrimaryTitle.GetName] puedes elegir aprobar u oponerte a este plan.;;;;;;;;;x
EVTOPTAvolantis.101;I oppose this action;Je m'oppose à cette guerre.;;;Me opongo a esta guerra.;;;;;;;;;x
EVTOPTBvolantis.101;I approve of this war;J'approuve cette décision. ;;;Apruebo esta decisión.;;;;;;;;;x
EVTOPTCvolantis.101;I cannot currently vote;Je ne peux pas voter;;;;;;;;;;;;x
EVTDESCvolantis.102;Your fellow Triarchs have declared their positions, and the result shall be revealed to the people of the city...;Les autres triarques ont pris position, et leurs décisions vont être révélées aux habitants de la cité…;;;Los otros Triarcas han tomado su decisión.y la decisión será revelada a los habitantes de la ciudad...;;;;;;;;;x
EVTOPTAvolantis.102;The war shall proceed as planned;La guerre aura lieu comme prévu.;;;La guerra se llevará a cabo según lo previsto.;;;;;;;;;x
TOOLTIPveto;Triarch [This.GetFirstNameWithDynasty] §Ropposed§! the war\n;Le triarque [This.GetFirstNameWithDynasty] §R est opposé§! à la guerre\n;;;El Triarca [This.GetFirstNameWithDynasty] §Yse opone§! a la guerra\n;;;;;;;;;x
TOOLTIPno_veto;Triarch [This.GetFirstNameWithDynasty] §Gapproved§! the war\n;Le triarque [This.GetFirstNameWithDynasty] §Ga approuvé§! la guerre\n;;;El Triarca [This.GetFirstNameWithDynasty] §Yaprueba§! a la guerra\n;;;;;;;;;x
TOOLTIPno_triarch_vote;Triarch [This.GetFirstNameWithDynasty] §Yabstained§! from the vote\n;Triarque [This.GetFirstNameWithDynasty] §Ys'est abstenu§!\n;;;;;;;;;;;;x
EVTOPTBvolantis.102;The war has been vetoed;Les triarques ont opposé leur veto à la guerre.;;;La guerra ha sido vetada;;;;;;;;;x
EVTDESCvolantis.103;[From.GetTitledFirstNameWithDynasty] has proposed that [From.PrimaryTitle.GetName] declare war upon us, but [From.GetHerHis] fellow Triarchs vetoed the action.;[From.GetTitledFirstNameWithDynasty] a proposé que [From.PrimaryTitle.GetName] nous déclare la guerre, mais les autres triarques ont opposé leur veto.;;;[From.GetTitledFirstNameWithDynasty] ha propuesto que [From.PrimaryTitle.GetName] nos declare la guerra, pero los otros Triarcas han vetado la acción.;;;;;;;;;x
EVTOPTAvolantis.103;Lucky for them I say!;Voilà qui est sage de leur part.;;;Por suerte para ellos!;;;;;;;;;x
EVTDESCvolantis.104;[From.GetTitledFirstNameWithDynasty] has proposed that [From.PrimaryTitle.GetName] issue a declaration of war, but the other two Triarchs vetoed this action.;[From.GetTitledFirstNameWithDynasty] a proposé que [From.PrimaryTitle.GetName] déclare une guerre, mais les deux autres triarques ont opposé leur veto.;;;[From.GetTitledFirstNameWithDynasty] ha propuesto que [From.PrimaryTitle.GetName] declare una guerra, pero los otros dos Triarcas han vetado esta acción.;;;;;;;;;x
TOOLTIPvolantis.9;is one of the front runners;est un des favoris.;;;Es uno de los favoritos.;;;;;;;;;x
TOOLTIPvolantis.9large_gift;Each person who votes for you shall receive a gift depending on rank, ranging from 6 gold for the lowest in rank to 100 gold for King tier characters\n;Chaque personne qui vote pour vous recevra un cadeau dépendant de son rang, de 6 pièces d'or pour les rangs les plus bas à 100 pour les personnage de rang royal\n;;;Cada persona que vote por ti recibirá un regalo en función de su rango, desde 6 monedas de oro para los rangos más bajos a 100 monedas de oro para el rango real\n;;;;;;;;;x
TOOLTIPvolantis.9regular_gift;Each person who votes for you shall receive a gift depending on rank, ranging from 3 gold for the lowest in rank to 50 gold for King tier characters\n;Chaque personne qui vote pour vous recevra un cadeau dépendant de son rang, de 3 pièces d'or pour les rangs les plus bas à 50 pour les personnage de rang royal\n;;;Cada persona que vote por ti recibirá un regalo en función de su rango, desde 3 monedas de oro para los rangos más bajos a 50 monedas de oro para el rango real\n;;;;;;;;;x
TOOLTIPvolantis.9small_gift;Each person who votes for you shall receive a gift depending on rank, ranging from 1 gold for the lowest in rank to 25 gold for King tier characters\n;Chaque personne qui vote pour vous recevra un cadeau dépendant de son rang, de 1 pièce d'or pour les rangs les plus bas à 25 pour les personnage de rang royal\n;;;Cada persona que vote por ti recibirá un regalo en función de su rango, desde  moneda de oro para los rangos más bajos a 25 monedas de oro para el rango real\n;;;;;;;;;x
EVTOPTC50005;Appeal to the Triarchs;Faire appel devant les triarques.;;;Llamamiento a los Triarcas.;;;;;;;;;x
TOOLTIPvolantis.105;shall hear your appeal;entendra votre appel.;;;escucharán tu apelación;;;;;;;;;x
EVTDESCvolantis.105;As a Triarch of [Root.TopLiege.PrimaryTitle.GetName] you have the power to propose that a prisoner of the city be released. [From.GetTitledFirstNameWithDynasty] is one such prisoner, and appeals for your support in [From.GetHerHis] release. If one of your fellow Triarchs also approves [From.GetSheHe] shall be free to go.;En tant que triarque de [Root.TopLiege.PrimaryTitle.GetName] vous avez le pouvoir de proposer la libération d'un prisonnier de la cité. [From.GetTitledFirstNameWithDynasty] est l'un de ces prisonniers, et fait appel à vous pour soutenir sa libération. Si l'un des deux autres triarques approuve également cette décision, [From.GetSheHe] sera libre.;;;Como Triarca de [Root.TopLiege.PrimaryTitle.GetName] tienes la facultad de proponer que un preso sea liberado. [From.GetTitledFirstNameWithDynasty] es uno de esos presos y apela por tu apoyo para su liberación. Si uno de los otros Triarcas también lo aprueba, será puesto en libertad.;;;;;;;;;x
EVTOPTAvolantis.105;I will lend [From.GetHerHim] my support;Je vais lui accorder mon soutien.;;;Le prestaré mi apoyo.;;;;;;;;;x
opinion_voted_for_my_release;Supported my Release;A soutenu ma demande de libération;;;Ha apoyado mi solicitud de libertad;;;;;;;;;x
EVTOPTBvolantis.105;Ignore [From.GetHerHim];L'ignorer.;;;Ignorarlo.;;;;;;;;;x
opinion_voted_for_release;Voted for Prisoner's Release;A voté pour la libération du prisonnier;;;Ha votado para la liberación de un prisionero;;;;;;;;;x
EVTDESCvolantis.106;The Triarchs of [Host.PrimaryTitle.GetName] have convened at a meeting to discuss your captivity, and a final decision has been reached as to your request.;Les triarques de [Host.PrimaryTitle.GetName] a convenu, lors d'une réunion, de discuter de votre captivité, et une décision finale a été prise à votre demande.;;;Los Triarcas de [Host.PrimaryTitle.GetName] han convenido en una reunión hablar de tu cautiverio, y se ha alcanzado la decisión final en cuanto a tu solicitud.;;;;;;;;;x
EVTOPTAvolantis.102;You have been released!;La guerre aura lieu comme prévu.;;;Soy libre!;;;;;;;;;x
EVTOPTBvolantis.106;You are to be kept prisoner;Vous restez prisonnier.;;;Sigo siendo prisionero.;;;;;;;;;x
EVTDESCvolantis.107;The system of Triarchy in [Root.PrimaryTitle.GetName] allows your fellow Triarchs to authourise the release of prisoners of the city. At a meeting of the Triarchs [From.GetTitledFirstNameWithDynasty] captivity was discussed, and your colleagues voted to release [From.GetHerHim].;Le système de la triarchie de à [Root.PrimaryTitle.GetName] permet aux autres triarques d'autoriser la libération des prisonniers de la cité. Lors d'une réunion des triarques, la captivité de [From.GetTitledFirstNameWithDynasty] a été discutée, et vos collègues ont voté pour sa libération.;;;El sistema de la Triarquía en [Root.PrimaryTitle.GetName] permite a los otros Triarcas autorizar la liberación de los presos de la ciudad. En una reunión de los Triarcas, decidieron la liberación de [From.GetTitledFirstNameWithDynasty].;;;;;;;;;x
EVTOPTAvolantis.107;Fools;Fous !;;;Inútiles!;;;;;;;;;x
TOOLTIPvolantis.107;Triarch [This.GetFirstNameWithDynasty] voted for [From.GetHerHis] release \n;Le triarque [This.GetFirstNameWithDynasty] a voté pour sa libération \n;;;El Triarca [This.GetFirstNameWithDynasty] votó por su liberación \n;;;;;;;;;x
title_freeholder;Freeholder;Possessioné ;;;Hacendado;;;;;;;;;x
title_freeholder_desc;A Freeholder is a character who owns minor property within the city, and so is eligible to vote and to join parties;Un Possessioné est un personnage qui détient une propriété au sein de la cité, ce qui lui permet de voter et rejoindre des partis.;;;Un hacendado es un personaje que tiene una propiedad de menor importancia dentro de la ciudad, por lo que es elegible para votar y afiliarse a partidos.;;;;;;;;;x
EVTDESCvolantis.108;Should I purchase [From.GetTitledFirstNameWithDynasty] a Freehold, and so make them eligible to vote in elections?;Devrais-je acheter une propriété à [From.GetTitledFirstNameWithDynasty] pour qu'[From.GetSheHeCap] puisse voter aux élections ?;;;¿Debo comprarle una propiedad a [From.GetTitledFirstNameWithDynasty] para que pueda votar en las elecciones?;;;;;;;;;x
EVTOPTAvolantis.108;Yes I will;Oui, je vais le faire.;;;Sí, lo haré.;;;;;;;;;x
EVTOPTBvolantis.108;I don't think so;Non, je ne pense pas.;;;No, creo que no.;;;;;;;;;x
plot_council_triarch_appeal_decision;Appeal to the Triarchs;Faire appel aux triarques;;;Llamamiento a los Triarcas.;;;;;;;;;x
plot_council_triarch_appeal_decision_desc;[Root.PlotTarget.Liege.GetTitledFirstNameWithDynastyAndTitleNoRegnal] has two fellow Triarchs with the power to appoint you to the council in place of [Root.PlotTarget.GetTitledFirstNameWithDynastyAndTitleNoRegnal]. Perhaps appealing to them would further your cause?;Les collègues du triarque [Root.PlotTarget.Liege.GetTitledFirstNameWithDynastyAndTitleNoRegnal] ont le pouvoir de vous nommer aux conseil à la place de [Root.PlotTarget.GetTitledFirstNameWithDynastyAndTitleNoRegnal]. Peut-être que faire appel à eux pourrait vous permettre de remplir votre objectif ?;;;Los compañeros Triarcas de [Root.PlotTarget.Liege.GetTitledFirstNameWithDynastyAndTitleNoRegnal] tienen el poder de nombrarte miembro del Consejo en lugar de [Root.PlotTarget.GetTitledFirstNameWithDynastyAndTitleNoRegnal]. Tal vez apelando a ellos podría ayudar para conseguir el objetivo.;;;;;;;;;x
TOOLTIPvolantis.113;shall be informed of the Triarch's new appointment;sera informé de la nouvelle nomination du triarque;;;Se informará de la nueva designación del Triarca.;;;;;;;;;x
TOOLTIPvolantis.110;Triarch [This.GetFirstNameWithDynasty] will consider your suggestion that [From.GetTitledFirstNameWithDynasty] be appointed to the council in place of [From.PlotTarget.GetTitledFirstNameWithDynastyAndTitleNoRegnal];Le triarque [This.GetFirstNameWithDynasty] réfléchira à votre proposition de nommer [From.GetTitledFirstNameWithDynasty] au conseil à la place de [From.PlotTarget.GetTitledFirstNameWithDynastyAndTitleNoRegnal].;;;El Triarca [This.GetFirstNameWithDynasty] tendrá en cuenta tu sugerencia de que [From.GetTitledFirstNameWithDynasty] sea nombrado miembro del Consejo en lugar de [From.PlotTarget.GetTitledFirstNameWithDynastyAndTitleNoRegnal];;;;;;;;;x
EVTTOOLTIPvolantis.109;Triarch [This.GetFirstNameWithDynasty] will petition [This.GetHerHis] fellow Triarchs that you be appointed to the council in place of [Root.PlotTarget.GetTitledFirstNameWithDynastyAndTitleNoRegnal];Le triarque [This.GetFirstNameWithDynasty] proposera votre nom aux autres triarques pour remplacer [Root.PlotTarget.GetTitledFirstNameWithDynastyAndTitleNoRegnal] au conseil.;;;El Triarca [This.GetFirstNameWithDynasty] presentará tu candidatura a los otros Triarcas para entrar en el Consejo en lugar de [Root.PlotTarget.GetTitledFirstNameWithDynastyAndTitleNoRegnal].;;;;;;;;;x
EVTDESCvolantis.109;I am backing [From.GetFirstNameWithDynasty]'s plot to obtain a seat on the council of the city, and as a Triarch I have the power fulfil this and appoint [From.GetHerHim], that is if I get the backing of a fellow Triarch...;Je soutiens le complot de [From.GetFirstNameWithDynasty] pour qu'[From.GetSheHeCap]  obtienne un siège au conseil de la cité, et en tant que triarque j'ai le pouvoir de le nommer... si j'obtiens l'accord d'un des deux autres triarques.;;;Estoy a favor del complot de [From.GetFirstNameWithDynasty] para obtener un asiento en el Consejo de la ciudad, y como Triarca tengo poder para nombrarlo... si consigo el apoyo de otro Triarca.;;;;;;;;;x
EVTOPTAvolantis.109;They will see sense;Ils accepteront ce choix.;;;Verán que tiene sentido.;;;;;;;;;x
EVTOPTBvolantis.109;We already have the backing of two Triarchs;Nous avons déjà le soutien de deux triarques.;;;Ya contamos con el respaldo de dos Triarcas.;;;;;;;;;x
EVTOPTCvolantis.109;There is no Triarch to appeal to;Il n'y a pas de triarque à qui faire appel.;;;Actualmente no hay Triarca al que llamar.;;;;;;;;;x
EVTDESCvolantis.110;Triarch [Root.GetFirstNameWithDynasty], as fellow Triarch I have a proposition to make. I believe [FromFrom.GetTitledFirstNameWithDynasty] would make a fine [FromFrom.PlotTarget.GetJobTitle] for this city, and hereby suggest [FromFrom.GetSheHe] be appointed in place of [FromFrom.PlotTarget.GetTitledFirstNameWithDynastyAndTitleNoRegnal]. Can I count on your support?\n\nRegards,\nTriarch [From.GetFirstNameWithDynasty];Triarque [Root.GetFirstNameWithDynasty], en tant que triarque moi-même, j'ai une proposition à faire. Je pense que [FromFrom.GetTitledFirstNameWithDynasty] ferait un(e) bon(ne) [FromFrom.PlotTarget.GetJobTitle] pour la cité, aussi j'aimerais le(a) nommer à la place de [FromFrom.PlotTarget.GetTitledFirstNameWithDynastyAndTitleNoRegnal]. Pourrais-je compter sur votre soutien ?\n\nCordialement,\nTriarque [From.GetFirstNameWithDynasty];;;Triarca [Root.GetFirstNameWithDynasty], como Triarca que soy también, tengo una propuesta que hacerte. Creo que [FromFrom.GetTitledFirstNameWithDynasty] sería un buen consejero de esta ciudad, y por la presente sugiero que sea nombrado consejero en lugar de [FromFrom.PlotTarget.GetTitledFirstNameWithDynastyAndTitleNoRegnal]. ¿Puedo contar con tu apoyo? \n\nSaludos, \nTriarca [From.GetFirstNameWithDynasty];;;;;;;;;x
EVTOPTAvolantis.110;A fine notion, you have my support;Une bonne idée, vous avez mon soutien.;;;Una buena idea, tienes mi apoyo.;;;;;;;;;x
TOOLTIPvolantis.111;shall be informed of your support;sera informé de votre soutien.;;;será informado de tu apoyo.;;;;;;;;;x
opinion_fired_party_councillor;Fired Party Councillor;A renvoyé un conseiller;;;Ha despedido un consejero;;;;;;;;;x
EVTOPTBvolantis.110;No, [FromFrom.PlotTarget.GetTitledFirstName] is doing a good job;Non, [FromFrom.PlotTarget.GetTitledFirstName] fait du bon travail.;;;No, [FromFrom.PlotTarget.GetTitledFirstName] está haciendo un buen trabajo.;;;;;;;;;x
TOOLTIPvolantis.114;shall be informed of your rejection;sera informé de votre refus.;;;será informado de tu rechazo.;;;;;;;;;x
opinion_ignored_party_councillor;Ignored Party Council Candidate;A refusé un candidat au conseil;;;Ha rechazado un candidato al Consejo;;;;;;;;;x
EVTDESCvolantis.111;Triarch [Root.GetFirstNameWithDynasty], I agree with your fine proposal, and hereby lend you my support to your motion to appoint a new person to the council of the city.\n\nRegards,\nTriarch [From.GetFirstNameWithDynasty];Triarque [Root.GetFirstNameWithDynasty], je suis d'accord avec votre proposition, aussi je promet de soutenir votre motion visant à nommer un nouveau membre du conseil de la cité.\n\nCordialement,\nTriarque [From.GetFirstNameWithDynasty];;;Triarca [Root.GetFirstNameWithDynasty], estoy de acuerdo con tu propuesta, y por este medio presto mi apoyo a tu moción para nombrar a un nuevo miembro para el consejo de la ciudad.\n\nSaludos,\nTriarca [From.GetFirstNameWithDynasty];;;;;;;;;x
EVTOPTAvolantis.111;Fine teamwork;Un bon travail d'équipe.;;;Un buen trabajo en equipo.;;;;;;;;;x
EVTDESCvolantis.112;[Root.GetTitledFirstNameWithDynasty], I am pleased to inform you that Triarch [From.GetFirstNameWithDynasty] agreed with my proposal that you be appointed to the council of the city, and so using our collective power we do appoint you thus.\n\nRegards,\nTriarch [FromFrom.GetFirstNameWithDynasty];[Root.GetTitledFirstNameWithDynasty], je suis heureux de vous apprendre que le triarque [From.GetFirstNameWithDynasty] est d'accord avec ma proposition visant à vous nommer au conseil de la cité, en usant de nos deux voix nous pouvons vous nommer.\n\nCordialement,\nTriarque [FromFrom.GetFirstNameWithDynasty];;;[Root.GetTitledFirstNameWithDynasty], me complace informarle de que el Triarca [From.GetFirstNameWithDynasty] está de acuerdo con mi propuesta de que se te nombre miembro del consejo de la ciudad, mediante nuestros votos podemos hacerlo oficial.\n\nSaludos,\nTriarca [FromFrom.GetFirstNameWithDynasty];;;;;;;;;x
EVTOPTAvolantis.112;I am most grateful;Je vous suis redevable.;;;Estoy muy agradecido.;;;;;;;;;x
EVTDESCvolantis.113;During a meeting of the Triarchs of the city, Triarch [FromFrom.GetFirstNameWithDynasty] presented a proposal that [From.GetTitledFirstNameWithDynasty] replace [From.PlotTarget.GetTitledFirstName] [From.PlotTarget.GetOnlyDynastyName] as [From.PlotTarget.GetJobTitle] of the city. I of course dissented as I have my own ally on the council, however my other Triarch colleague agreed and the motion passes.;Lors d'une réunion des triarques de la cité, le triarque [FromFrom.GetFirstNameWithDynasty] a proposé de remplacer [From.PlotTarget.GetTitledFirstNameWithDynastyAndTitleNoRegnal] par [From.PlotTarget.GetTitledFirstName] [From.PlotTarget.GetOnlyDynastyName] comme [From.PlotTarget.GetJobTitle] de la cité. Je m'y suis bien opposé puisque cela n'allait pas dans le sens de mes intérêts et dans ceux de mes alliés au conseil, mais le troisième triarque a apporté son soutien à cette motion qui est donc passée.;;;Durante una reunión de los Triarcas de la ciudad, [FromFrom.GetFirstNameWithDynasty] ha propuesto a [From.GetTitledFirstNameWithDynasty] para que sustituya a [From.PlotTarget.GetTitledFirstNameWithDynastyAndTitleNoRegnal] como miembro del consejo de la ciudad . Yo me opuse porque es mi aliado en el consejo, sin embargo el tercer Triarca lo aprobó y la moción se aceptó.;;;;;;;;;x
EVTOPTAvolantis.113;I have no choice;Je n'ai pas le choix.;;;No tengo otra opción.;;;;;;;;;x
EVTDESCvolantis.114;Triarch [Root.GetFirstNameWithDynasty], I am afraid I do not agree with this proposal, as I believe the incumbent on the council is doing a sterling job as it is. May we work together closely on other matters in the future however.\n\nRegards,\nTriarch [From.GetFirstNameWithDynasty];Triarque [Root.GetFirstNameWithDynasty], je crains de n'être pas d'accord avec cette proposition. En effet, je pense que l'actuel titulaire de ce poste fait du bon travail. J'espère que nos avis seront plus proches sur d'autres sujets.\n\nCordialement,\nTriarque [From.GetFirstNameWithDynasty];;;Triarca [Root.GetFirstNameWithDynasty], me temo que no estoy de acuerdo con esta propuesta, ya que creo que el miembro del Consejo está haciendo un trabajo excelente. Espero que podemos trabajar estrechamente en otros asuntos en el futuro.\n\nSaludos,\nTriarca [From.GetFirstNameWithDynasty];;;;;;;;;x
EVTOPTAvolantis.114;A shame;Une honte.;;;Una pena.;;;;;;;;;x
EVTDESCvolantis.115;[Root.GetTitledFirstNameWithDynasty], I regret to inform you that I could not convince Triarch [From.GetFirstNameWithDynasty] to agree to appoint you to the council of the city, and so you will have to appeal to the Head Triarch if you wan't to succeed.\n\nRegards,\nTriarch [FromFrom.GetFirstNameWithDynasty];[Root.GetTitledFirstNameWithDynasty], je suis dans le regret de vous informer que je ne suis pas parvenu à convaincre le triarque [From.GetFirstNameWithDynasty] d'accepter votre nomination au conseil de la cité, aussi vous devez en appeler au premier triarque si vous voulez réussir.\n\nCordialement,\nTriarque [FromFrom.GetFirstNameWithDynasty];;;[Root.GetTitledFirstNameWithDynasty], lamento informar de que no pude convencer al Triarca [From.GetFirstNameWithDynasty] de aceptar nombrarte miembro del consejo de la ciudad, por lo que tendrás que apelar al otro Triarca si quieres tener éxito.\n\nSaludos,\nTriarca [FromFrom.GetFirstNameWithDynasty];;;;;;;;;x
EVTOPTAvolantis.115;I shall do just that;C'est ce que je vais faire.;;;Lo haré.;;;;;;;;;x
EVTDESCvolantis.116;Fortunately both Triarchs back your plot to gain a seat on the council. Therefore they shall use their collective power to pass a binding decree announcing your immediate appoinment.;Heureusement, les deux triarques ont accepté de soutenir votre complot visant à obtenir un siège au conseil. Ils vont utiliser leur pouvoir pour passer un décret annonçant votre nomination immédiate.;;;Afortunadamente ambos Triarcas apoyan tu plan para conseguir un asiento en el consejo. Utilizarán sus votos para anunciar tu nombramiento inmediatamente.;;;;;;;;;x
EVTOPTAvolantis.113;A fine system of governance!;Je n'ai pas le choix.;;;Un buen sistema de gobierno!;;;;;;;;;x
EVTDESCvolantis.117;[Root.GetTitledFirstNameWithDynasty], there is currently no third Triarch in the city, and so I have not the power to overrule my colleague's appointment as this time.\n\nRegards,\nTriarch [FromFrom.GetFirstNameWithDynasty];[Root.GetTitledFirstNameWithDynasty], la cité n'a pas de troisième triarque en ce moment, aussi je ne dispose pas du pouvoir nécessaire pour nommer ou contrecarrer les nominations de mon collègue.\n\nCordialement,\nTriarque [FromFrom.GetFirstNameWithDynasty];;;[Root.GetTitledFirstNameWithDynasty], actualmente no hay tercer Triarca en la ciudad, por lo que no tengo suficiente poder para nombrar ni cesar a nadie del Consejo.\n\nSaludos,\nTriarca [FromFrom.GetFirstNameWithDynasty];;;;;;;;;x
EVTDESCvolantis.21;Triarch [From.GetFirstNameWithDynasty] has passed on before [From.GetHerHis] term expired, and so as a senior member of the city's council you shall serve as interim Triarch until the next election.;Le triarque [From.GetFirstNameWithDynasty] est décédé avant la fin de son mandat, aussi, en tant que membre le plus âgé du conseil de la cité, vous servirez en tant que triarque intérimaire jusqu'aux prochaines élections.;;;El Triarca [From.GetFirstNameWithDynasty] murió antes de que finalizase su mandato, así que como miembro de más edad del consejo de la ciudad servirás como Trairca interino hasta las próximas elecciones.;;;;;;;;;x
EVTDESCvolantis.22;Triarch [FromFrom.GetFirstNameWithDynasty] has passed on before [FromFrom.GetHerHis] term expired, and so [From.GetFirstNameWithDynasty], as a senior member of the city's council, shall serve as interim Triarch until the next election.;Le triarque [FromFrom.GetFirstNameWithDynasty] est décédé avant la fin de son mandat, aussi [From.GetFirstNameWithDynasty], en tant que membre le plus âgé du conseil de la cité, servira en tant que triarque intérimaire jusqu'aux prochaines élections.;;;El Triarca [From.GetFirstNameWithDynasty] murió antes de que finalizase su mandato, así que [From.GetFirstNameWithDynasty], como el miembro de más edad del consejo de la ciudad, servirá como Triarca interino hasta las próximas elecciones.;;;;;;;;;x
TOOLTIPTRIARCHY;The city operates under a system of Triarchy where the senior ruler, or Triarch, of the city has two junior co-rulers also called Triarchs. \n\n§Y*§!The Triarchs are elected in yearly elections for one year terms, except when the city is under attack when elections are suspended.\n§Y*§!If re-elected, the senior Triarch remains senior regardless of how many votes they collected.\n§Y*§!If they are not re-elected the head of one of the 5 leading Freeholder (patrician) families that gained the most votes becomes senior Triarch. If no Freeholder head wins, the incumbent senior Triarch remians in power.\n§Y*§!Any freeborn landholder may join either the Elephant or Tiger parties and thus become eligible to vote in these elections.\n§Y*§!Only Freeholders who can trace their blood to Old Valyria may stand for election.\n§Y*§!The junior Triarchs have the following collective powers:\n  -Veto of wars of aggression (excluding wars to reclaim legal territory of the city)\n  -Release of prisoners of the city\n  -Issuing warrants of arrest for citizens of the city\n  -Appointments to the council of the city\n  -Ajudication of trials\n§Y*§!Junior Triarchs are also entitled to a portion of the city's yearly budget to spend as they see fit. This budget is granted upon a Triarch's election. They also enjoy diplomatic immunity from the senior Triarch. The senior Triarch oversees any trials held by a junior Triarch.\n§Y*§!Upon a junior Triarch's death a senior councillor serves as interim Triarch until the next election\n§Y*§!Upon the senior Triarch's death one of the junior triarchs assumes power. If this is not possible an immediate election is held\n§Y*§!If the senior Triarch is need of a regent, a junior Triarch must always be that regent if possible\n;La cité a à sa tête une triarchie, où le dirigeant principal de la cité, appelé triarque, est épaulé par deux autres dirigeants également dénommés triarques. \n\n§Y*§!Les triarques sont élus pour un an sauf lorsque la cité est attaquée, les élections sont alors suspendues.\n§Y*§!S'il est réélu, le triarque principal reste le dirigeant principal de la cité, quelque soit le résultat du vote.\n§Y*§!S'il n'est pas réélu, le chef de la famille de l'Ancien Sang qui a récolté le plus de vote, devient le triarque principal. Si aucun membre de l'Ancien Sang ne gagne, le triarque principal titulaire reste en poste.\n§Y*§!Tous les propriétaires libres peuvent rejoindre le parti des éléphants ou le parti des tigres et voter lors des élections.\n§Y*§!Seuls les membres des familles de l'Ancien Sang, qui peuvent remonter leur lignée jusqu'à l'antique Valyria peuvent se présenter aux élections.\n§Y*§!Les triarques mineurs ont les pouvoirs suivants:\n  -Veto les guerres d'agression (à l'exception des guerres pour récupérer des terres appartenant de droit à la cité)\n  -Libérer des prisonniers de la cité\n -Envoyer des ordres d'arrestation contre des citoyens de la cité\n  -Nommer les membres du conseil de la cité\n  -Présider des procès\n§Y*§!Ils reçoivent également une portion du budget annuel de la cité, octroyée après les élections. Ils disposent également d'une immunité, que ne peut remettre en cause le triarque principal. Le triarque principal préside les procès organisés par les triarques mineurs.\n§Y*§!A la mort d'un triarque mineur, le membre le plus âgé du conseil sert comme triarque intérimaire jusqu'aux prochaines élections.\n§Y*§!A la mort du triarque principal, l'un des triarques mineurs assure l'intérim.\n;;;La ciudad funciona bajo un sistema de Triarcado donde el gobernante principal de la ciudad, llamado Triarca, tiene el apoyo de otros dos gobernantes subalternos también llamados Triarcas.\n\n§Y*§!Los Triarcas son elegidos para un año excepto cuando la ciudad está siendo atacada que se aplazan las elecciones.\n§Y*§!Si es reelegido, el Triarca sigue siendo el máximo dirigente independientemente del número de votos que obtenga.\n§Y*§!Si no es reelegido, el jefe de la familia de uno de los 5 líderes hacendados que ganaron más votos se convierte en Triarca principal. Si no hay líder hacendado, el Triarca se mantiene en el poder.\n§Y*§!Cualquier hacendado nacido libre puede unirse a cualquiera de los partidos de los Elefantes o los Tigres y votar en las elecciones.\n§Y*§!Sólo los hacendados que puedan trazar su descendencia de la antigua Valyria pueden presentarse a las elecciones.\n§Y*§!Los Triarcas menores tienen las siguientes atribuciones:\n-Veto a las guerras de agresión (con exclusión de las guerras para reclamar tierras que pertenecen por derecho a la ciudad)\n-Liberación de los presos de la ciudad\n-Nombramientos en el consejo de la ciudad\n-Presidir juicios\n§Y*§!Los Triarcas menores también tienen derecho a una parte del presupuesto anual de la ciudad, para gastar como mejor les parezca. Otorgado tras las elecciones. También gozan de inmunidad diplomática frente al Alto Triarca.\nA la muerte de un triarca menor el consejero de más edad sirve como Triarca interino hasta las próximas elecciones.\n§Y*§! A la muerte del Triarca principal, uno de los Triarcas menores asume el poder.\n;;;;;;;;;x
EVTDESCvolantis.118;As a Triarch and member of the Elephant party you represent the interests of the merchants and tradesman. A group of influential party members petition that use some of your wealth and power to authorise and fund a construction project in the capital to enable a greater flow of wealth and trade.;En tant que triarque et membre du parti des éléphants, vous représentez les intérêts des marchands de la cité. Un groupe influent au sein du parti demande que vous utilisiez une partie de votre fortune et de votre pouvoir pour autoriser et financer un projet de construction dans la capitale qui favorisera le commerce.;;;Como Triarca y miembro del partido de los Elefantes representas los intereses de los mercaderes y comerciantes. Un grupo de miembros influyentes del partido piden que utilices una parte de tu riqueza y poder para autorizar y financiar un proyecto de construcción en la capital que favorecerá el comercio.;;;;;;;;;x
EVTOPTAvolantis.118;Yes, it is my duty to the city;Oui, tel est mon devoir envers ma cité.;;;Si, es mi deber con la ciudad.;;;;;;;;;x
EVTOPTBvolantis.118;No, my wealth is for my family;Non, ma fortune appartient à ma famille.;;;No, mi riqueza es para mi familia;;;;;;;;;x
opinion_no_fund_project;Did Not Fund Party Project;N'a pas financé un projet du parti.;;;No financió un proyecto del partido.;;;;;;;;;x
EVTDESCvolantis.119;Triarch [From.GetFirstNameWithDynasty] is a member of the Elephant party, and it seems [From.GetHerHis] party has convinced [From.GetHerHim] to fund a construction project in the city to benefit trade. [From.GetSheHeCap] has signed a decree authorising the project, as is [From.GetHerHis] right, and construction shall begin immediately.;Le triarque [From.GetFirstNameWithDynasty] est un éléphant, et il semble que son parti l'a convaincu de financer un projet de construction dans la cité pour favoriser le commerce. [From.GetSheHeCap] a signé un décret autorisant le projet et la construction devrait bientôt commencer.;;;El Triarca [From.GetFirstNameWithDynasty] es miembro del partido de los Elefantes, y parece que su partido le ha convencido para financiar un proyecto de construcción en la ciudad para promover el comercio. Ha firmado un decreto que autoriza el proyecto, y la construcción comenzará en breve.;;;;;;;;;x
EVTOPTAvolantis.119;How generous;Quelle générosité !;;;Qué generoso!;;;;;;;;;x
EVTDESCvolantis.120;As a Triarch and member of the Tiger party you represent the interests of the aristocracy and army. A group of influential party members petition that use some of your wealth and power to authorise and fund a construction project in the capital to improve the armed forces of the city, to better enable both defense and conquest.;En tant que triarque et membre du parti des tigres, vous représentez les intérêts de l'aristocratie et de l'armée. Un groupe influent au sein du parti demande que vous utilisiez une partie de votre fortune et de votre pouvoir pour autoriser et financer un projet de construction dans la capitale qui bénéficiera aux forces armées de la cité, que ce soit pour défendre la ville ou pour conquérir de nouveaux territoires.;;;Como Triarca y miembro del partido de los Tigres representas los intereses de la aristocracia y el ejército. Un grupo de miembros influyentes del partido te han pedido que utilices un poco de tu riqueza y poder para autorizar y financiar un proyecto de construcción en la capital para mejorar las fuerzas armadas de la ciudad, para permitir una mejora tanto en la defensa como en la conquista de nuevas tierras.;;;;;;;;;x
EVTDESCvolantis.121;Triarch [From.GetFirstNameWithDynasty] is a member of the Tiger party, and it seems [From.GetHerHis] party has convinced [From.GetHerHim] to fund a construction project in the city to improve the army. [From.GetSheHeCap] has signed a decree authorising the project, as is [From.GetHerHis] right, and construction shall begin immediately.;Le triarque [From.GetFirstNameWithDynasty] est un tigre, et il semble que son parti l'a convaincu de financer un projet de construction dans la cité qui bénéficiera à l'armée. [From.GetSheHeCap] a signé un décret autorisant le projet et la construction devrait bientôt commencer.;;;El Triarca [From.GetFirstNameWithDynasty] es miembro del partido de los Tigres, y parece que su partido le ha convencido para financiar un proyecto de construcción en la ciudad para mejorar el ejército. Ha firmado un decreto que autoriza el proyecto, y la construcción comenzará en breve.;;;;;;;;;x
TOOLTIPTIGERSUNHAPPY;The voters of the §YTiger§! party will be unhappy with this\n;Les électeurs proches des §Ytigres§! n'apprécieront pas\n;;;A los votantes del partido de los §YTigre§! no les gustará\n;;;;;;;;;x
TOOLTIPELEPHANTSUNHAPPY;The voters of the §YElephant§! party will be unhappy with this\n;Les électeurs proches des §Yéléphants§! n'apprécieront pas\n;;;A los votantes del partido de los §YElefantes§! no les gustará\n;;;;;;;;;x
EVTOPTA_volantis.122;Commence the takeover!;Débuter la prise de contrôle !;;;Comienza la toma del control!;;;;;;;;;x
plot_seize_trade_post_decision_elephant;Use Elephant Party to Seize the Trade Post;Utiliser le parti des éléphants pour s'emparer du comptoir commercial.;;;Utilizar al partido Elefante para apoderarse del puesto comercial;;;;;;;;;x
plot_seize_trade_post_decision_elephant_desc;As a member of the Elephant party you can use the party's trade nous and contacts to sieze the trade post;En tant que membre des éléphants vous pouvez utiliser le réseau et les contacts du parti pour vous emparer du comptoir commercial.;;;Como miembro del partido del Elefante puedes utilizar tus contactos comerciales para apoderarte del puesto comercial.;;;;;;;;;x
EVTTOOLTIPvolantis.122;You decide to make your move against the Trade Post with the support of the Elephant party.;Vous décidez de vous emparer du comptoir commercial avec l'aide du parti des éléphants.;;;Decides apoderarte del puesto comercial con el apoyo del partido del Elefante.;;;;;;;;;x
EVTDESCvolantis.122;The time has come for the [Root.GetOnlyDynastyName] family to [From.GetPlot]. The Elephant party supports this plan, and so surely we shall succeed.;Le temps est venu pour la famille [Root.GetOnlyDynastyName] de [From.GetPlot]. Le parti des éléphants soutien ce plan, nous avons donc de grandes chances de succès.;;;Ha llegado el momento de la familia [Root.GetOnlyDynastyName] para [From.GetPlot]. El partido del Elefante apoya este plan, con lo que seguramente tendremos éxito.;;;;;;;;;x
TOOLTIPELEPHANTSUNHAPPYWAR;The §YElephant Party§! is unhappy with your declaration of war\n;Le §Yparti des éléphants§! n'est pas content de votre déclaration de guerre\n;;;El §Ypartido del Elefante§! no está contento con tu declaración de guerra\n;;;;;;;;;x
opinion_elephant_declared_war;Declared War of Aggression;A déclaré une guerre d'agression;;;Ha declarado una guerra de agresión;;;;;;;;;x
EVTDESCvolantis.1041;Triarch [FromFrom.GetFirstNameWithDynasty]'s proposed declaration of war has been debated at a meeting of the Triarchy. Triarch [From.GetFirstNameWithDynasty] gave [From.GetHerHis] assent to the plan, and so with the backing of at least two Triarchs the war procedes as planned.;La proposition de déclaration de guerre du triarque [FromFrom.GetFirstNameWithDynasty] a été débattue lors d'une réunion des triarques. Le triarque [From.GetFirstNameWithDynasty] a donné son accord, aussi, avec l'accord d'un des deux triarques, la guerre peut avoir lieu.;;;La propuesta de declaración de guerra del Triarca [FromFrom.GetFirstNameWithDynasty] ha sido objeto de debate en una reunión de los Triarcas. El Triarca [From.GetFirstNameWithDynasty] dio su consentimiento al plan, y así, con el respaldo de dos Triarcas, la guerra tendrá lugar como estaba previsto.;;;;;;;;;x
show_me_triarchs;Show me the Triarchs;Montrez moi les triarques;;;Mostradme a los Triarcas;;;;;;;;;x
show_me_triarchs_desc;List the three characters of the realm who currently hold the rank of Triarch;Liste des trois personnages du royaume qui ont actuellement le rang de triarque.;;;Muestra los tres personajes que actualmente tienen el rango de Triarca;;;;;;;;;x
EVTDESCvolantis.123;[Root.PrimaryTitle.GetFOA], The current Triarchs of the realm are as follows...;[Root.PrimaryTitle.GetFOA], les triarques actuels sont els suivants...;;;[Root.PrimaryTitle.GetFOA], los Triarcas actuales son los siguientes...;;;;;;;;;x
TOOLTIPvolantis.123;Triarch [This.GetFirstNameWithDynasty] ;Triarque [This.GetFirstNameWithDynasty]\n;;;Triarca [This.GetFirstNameWithDynasty]\n;;;;;;;;;x
TOOLTIPvolantis.123TIGER;Triarch [This.GetFirstNameWithDynasty] of the §RTiger§! Party;Membre des §Rtigres§!\n;;;Triarca [This.GetFirstNameWithDynasty]\n;;;;;;;;;x
TOOLTIPvolantis.123ELEPHANT;Triarch [This.GetFirstNameWithDynasty] of the §BElephant§! Party;Membre des §Belephants§!\n;;;Triarca [This.GetFirstNameWithDynasty]\n;;;;;;;;;x
TOOLTIPvolantis.123ELECTORATE;There are currently §Y[Root.tiger_count.GetValue]§! §RTiger§! and §Y[Root.elephant_count.GetValue]§! §BElephant§! voters in the realm, giving a total electorate of §Y[Root.total_electorate.GetValue]§!\n;Pour le moment, on dénombre §Y[Root.tiger_count.GetValue]§! §RTigres§! et §Y[Root.elephant_count.GetValue]§! §BElephants§! parmi les votants du royaume, ce qui donne un nombre d’inscrits égal à §Y[Root.total_electorate.GetValue]§!\n;;;;;;;;;;;;x
volantis_switch_party;Switch Party Allegiance;Changer de parti;;;Cambiar de partido;;;;;;;;;x
volantis_switch_party_desc;Make the decision to switch to the opposing political party of the city, this disloyalty lowers your standing in the city.;Prendre la décision de soutenir le parti adverse. Ce manque de loyauté peut affecter votre position au sein de la cité.;;;Tomar la decisión de cambiar al partido político opuesto. Esta deslealtad disminuye tu prestigio en la ciudad.;;;;;;;;;x
TOOLTIPTIGERSANGRY;The voters of the §YTiger§! party will be angry with this\n;Les électeurs proches des §Ytigres§! seront en colères\n;;;Los votantes del partido §YTigre§! estarán furiosos\n;;;;;;;;;x
TOOLTIPELEPHANTSANGRY;The voters of the §YElephant§! party will be angry with this\n;Les électeurs proches des §Yéléphants§! seront en colères\n;;;Los votantes del partido §YElefante§! estarán furiosos\n;;;;;;;;;x
opinion_betrayed_party;Betrayed Party;A trahi le parti;;;Traicionó al partido;;;;;;;;;x
TOOLTIPvolantis.9A;You are one of the front runners;Vous l'un des favoris.;;;Eres uno de los candidatos favoritos.;;;;;;;;;x
EVTDESCvolantis.210;Triarch [From.GetFirstNameWithDynasty] has passed on before [From.GetHerHis] term expired, and so you shall now serve as senior Triarch until the next election.;Le triarque [From.GetFirstNameWithDynasty] est décédé avant la fin de son mandat, aussi, en tant que membre le plus âgé du conseil de la cité, vous servirez en tant que triarque intérimaire jusqu'aux prochaines élections.;;;El Triarca [From.GetFirstNameWithDynasty] murió antes de que acabara su mandato por lo que ahora servirás como Triarca principal hasta las próximas elecciónes.;;;;;;;;;x
EVTDESCvolantis.220;Triarch [FromFrom.GetFirstNameWithDynasty] has passed on before [FromFrom.GetHerHis] term expired, and so Triarch [From.GetFirstNameWithDynasty] shall now serve as senior Triarch until the next election.;Le triarque [FromFrom.GetFirstNameWithDynasty] est décédé avant la fin de son mandat, aussi [From.GetFirstNameWithDynasty], en tant que membre le plus âgé du conseil de la cité, servira en tant que triarque intérimaire jusqu'aux prochaines élections.;;;El Triarca [From.GetFirstNameWithDynasty] murió antes de que acabara su mandato por lo que como el consejero de más edad servirás como Triarca interino hasta las próximas elecciónes.;;;;;;;;;x
republic_triarch_for_life;[Root.Holder.GetTitle] for Life;Triarque à vie;;;Triarca Vitalicio;;;;;;;;;x
republic_triarch_for_life_option;Life Term;Triarque à vie;;;Triarca Vitalicio;;;;;;;;;x
republic_triarch_for_life_desc;If the [Root.Holder.GetTitle] has ruled for long enough they can try and make themself [Root.Holder.GetTitle] for Life and avoid the inconvenience of elections.;Si un triarque a gouverné assez longtemps, il peut essayer de s'autoproclamer triarque à vie pour éviter les inconvénients des élections annuelles.;;;Si un Triarca gobierna durante mucho tiempo puede tratar de proclamarse Triarca vitalicio y evitar la inconveniencia de las elecciones anuales.;;;;;;;;;x
TOOLTIPrepublic_triarch_for_lifeTRIARCH;At least one other Triarch has an opinion of [This.GetTitledFirstName] of at least 75\n;Au moins l'un des autres triarques à une opinion de [This.GetTitledFirstName] d'au moins 75\n;;;Al menos uno de los otros Triarcas tiene una opinión de [This.GetTitledFirstName] de al menos 75\n;;;;;;;;;x
TOOLTIPrepublic_triarch_for_life;[This.GetTitledFirstNameWithDynasty] will be proclaimed [This.GetTitle] for Life, and will no longer need to stand for re-election to remain in power.\n;[This.GetTitledFirstNameWithDynasty] sera proclamé triarque à vie, et n'aura plus à se présenter aux élections chaque année pour rester au pouvoir.\n;;;[This.GetTitledFirstNameWithDynasty] será proclamado Triarca vitalicio, y ya no tendrá que presentarse a la reelección cada año para mantenerse en el poder.\n;;;;;;;;;x
opinion_triarch_for_life_1;Proclaimed Triarch for Life;Proclamé Triarque à vie;;;Proclamado Triarca vitalicio;;;;;;;;;x
opinion_triarch_for_life_2;Proclaimed Triarch for Life;Proclamé Triarque à vie;;;Proclamado Triarca vitalicio;;;;;;;;;x
EVTOPTBvolantis.1;I am Triarch for Life, I need not worry;Je suis triarque à vie, je n'ai pas à m'inquiéter.;;;Soy Triarca vitalicio, no tengo de qué preocuparme;;;;;;;;;x
TOOLTIPvolantis.3D;Many days of campaigning begin where all the candidates for the other Triarch positions canvass for votes\n\n;Plusieurs jours de campagne commence et les candidats pour les autres postes de triarques vont se lancer dans la chasse aux voix\n\n;;;Los días de campaña comienzan con todos los candidatos solicitando votos para las otras dos posiciones de Patriarca\n\n;;;;;;;;;x
deposed_AGOT;Deposed;Déposé;;;Depuesto;;;;;;;;;x
commission_triarch_statue;Commission a Statue;Commander une statue;;;Encargar una estatua;;;;;;;;;x
commission_triarch_statue_desc;Order the building of a statue in the city to commemorate your family's Triarchy;Ordonner la construction d'une statue commémorant les triarchats de votre famille;;;Ordenar la construcción de una estatua que conmemore los Triarcas de tu familia.;;;;;;;;;x
statue_raised;The craftsmen start the process of casting and carving the statue.;Les sculpteurs ont commencé à sculpter et à peindre le tombeau.;Die Handwerker beginnen mit dem Prozess der Herstellung und Bemalung des Runensteins.;;Los escultores comienzan a moldear y esculpir la estatua.;;;;;;;;;x
statue_traits;You will raise a statue in honor of your own person.;Vous érigerez une statue en votre honneur.;Ihr werdet einen Runenstein zu eigenen Ehren errichten.;;Erigirás una estatua en tu honor.;;;;;;;;;x
EVTDESCvolantis.500;You have decided to have a statue made in honour of House [Root.GetOnlyDynastyName]'s contribution to the city as Triarchs and leaders. Whose likeness shall it bear?;Vous avez décidé de commander et d’ériger une grande statue en l'honneur de la contribution de la maison [Root.GetOnlyDynastyName] et de ses membres à la vie de la cité en tant que triarques et dirigeants. Que souhaitez-vous qu’on y grave ?;Ihr habt Euch entschlossen, einen großen Runenstein in Auftrag zu geben, der von zukünftigen Generationen betrachtet werden kann. Was soll in den Runenstein graviert werden?;;Has decidido encargar y erigir una gran estatua en honor de la de la casa [Root.GetOnlyDynastyName] y sus miembros Triarcas. ¿Qué debería tallarse en ella?;;;;;;;;;x
EVTOPTA_volantis_500;Let it speak of my triumphs;Qu’elle parle de mes triomphes.;Lasst ihn von mir sprechen.;;Que hable de mis triunfos.;;;;;;;;;x
EVTOPTB_volantis_500;My father, Triarch [Root.Father.GetFirstName];Mon père, triarque [Root.Father.GetFirstName];;;Mi padre, Triarca [Root.Father.GetFirstName];;;;;;;;;x
EVTDESCvolantis.501;The craftsmen who will cast and carve the statue are asking for instructions. Which of your qualities should it's plaque speak of?;Les artisans qui tailleront et peindront le tombeau demandent des instructions. Lesquelles de vos qualités seront exposées ?;Die Künstler, die den Runenstein bearbeiten und gravieren werden, bitten um Anweisungen. Von welcher Eurer Qualitäten wollt ihr berichten?;;Los escultores que esculpirán la estatua están pidiendo instrucciones. ¿De cuál de tus cualidades debería hablar?;;;;;;;;;x
EVTOPTA_volantis_501;Oh, I don't know. Make something up.;Oh, je ne sais pas. Improvisez.;Oh, ich weiß nicht. Lasst euch was einfallen.;;Oh, no lo sé. Inventa algo.;;;;;;;;;x
EVTOPTB_volantis_501;You ask me this!? You should know!;Vous me le demandez ? Vous devriez le savoir !;Ich weiß ganz genau, was der Runenstein sagen soll…;;Tu me lo preguntas ? Deberías saberlo!;;;;;;;;;x
EVTOPTC_volantis_501;It shall speak of Arbor gold, sweet Volantene, Lysene red....;Elle devra parler de Treille aurée, des doux volantains, du rouge lysien… ;Er scholl vonn Mmet, Geischtern *hicks* und anderen scholschen Wundern berrschichten.;;Debería hablar de dorados del Rejo, dulces volantinos, rojos lysenos...;;;;;;;;;x
EVTOPTD_volantis_501;Commemorate my life term as Triarch;Elle doit commémorer mon mandat en tant que triarque;Er soll meine Schönheit mit der Welt teilen.;;Debe conmemorar mi mandato como Triarca.;;;;;;;;;x
EVTOPTE_volantis_501;Let it show I was a giant of the city despite my stature.;Elle montrera que, malgré mon gabarit, j’étais un géant de la cité. ;Lasst ihn verkünden, was für ein Gigant ich war, wenn man mal von meiner Statur absieht.;;Que muestre lo gigante que era a pesar de mi estatura.;;;;;;;;;x
EVTOPTF_volantis_501;The wisdom I showed the people;Ma sagesse doit être conservée. ;Meine Weisheit muss für die Nachwelt festgehalten werden.;;Mi sabiduría debe ser preservada.;;;;;;;;;x
EVTOPTI_volantis_501;Uhm... you decide...;Heu… à vous de voir…;Ähm... Ihr entscheidet…;;Uhm... decide tú...;;;;;;;;;x
EVTOPTJ_volantis_501;The inscription must say that I had the strength of ten men!;L'inscription dira que je possédais la force de dix hommes !;Die Runen sollen davon berichten, dass ich die Stärke von zehn Mann hatte!;;¡La inscripción dirá que tenía la fuerza de diez hombres!;;;;;;;;;x
EVTOPTK_volantis_501;My great knowledge of the city and the world beyond;Ma grande connaissance de la cité et du monde.;Mein gewaltiges Wissen um diese Welt.;;Mi gran conocimiento de la ciudad y del mundo.;;;;;;;;;x
EVTOPTL_volantis_501;I care not what you write, but it must show my screaming enemies!;Je ne me soucie guère de ce que vous y écrirez, mais elle doit représenter mes ennemis souffrants et écrasés !;Mir gleich was dort steht, er soll meine aufgespießten Gegner zeigen!;;No importa lo que escribas, pero ¡debe mostrar mis enemigos empalados!;;;;;;;;;x
EVTOPTM_volantis_501;It should be a beautiful verse worthy of my rule;Elle présentera de veaux vers contant mon règne.;Er sollte von sommerlichen Feldern und mondbeschienenen Nächten berichten und…;;Debe ser un hermoso verso digno de mi mandato.;;;;;;;;;x
EVTOPTN_volantis_501;It does not matter, just make sure the statue is well-endowed.;Cela n'a pas d'importance, assurez-vous seulement que la statue soit dotée d'une belle virilité.;Graviert mein Abbild in den Stein und stellt sicher, dass die Ausstattung stimmt.;;Sólo talla mi imagen y asegúrate de que está bien dotado.;;;;;;;;;x
EVTOPTO_volantis_501;Chronicle all the great feasts I held;Contez mes magnifiques banquets et festins.;Graviert meine Lieblingsrezepte hinein.;;Relata todos mis banquetes y festines.;;;;;;;;;x
EVTOPTP_volantis_501;Let it speak my work with the poorfolk of the city;Qu'elle parle de mes bonnes actions envers les pauvres de la cité.;Es soll vom Teilen berichten.;;Que hable de mis buenas acciones hacia los pobres de la ciudad.;;;;;;;;;x
EVTOPTQ_volantis_501;It should speak of my belevolence;Elle pourra faire mention de ma bienveillance et de ma générosité.;Es sollte erwähnt werden wie wichtig es ist, zu anderen freundlich zu sein. ;;Debería mencionar mi benevolencia.;;;;;;;;;x
EVTOPTR_volantis_501;You will mention my greatness, the epic deeds I have performed and the...;Vous y mentionnerez ma grandeur, toutes mes épopées et les… ;Ihr werdet meine Großartigkeit erwähnen, meine epischen Taten und auch…;;Hablará de mi grandeza, las grandes obras que he realizado y los...;;;;;;;;;x
EVTOPTS_volantis_501;Oh, there is not much to say...;Oh, il n'y a pas beaucoup à dire…;Ach, da gibt es nicht viel zu sagen…;;Oh, no hay mucho que decir...;;;;;;;;;x
EVTOPTT_volantis_501;It will say my term as Triarch was bold;Elle dira que mon mandat en tant que triarque était particulièrement audacieux.;Man wird sagen, ich hatte vor nichts Angst.;;Dirá que mi mandato como Triarca fue particularmente audaz.;;;;;;;;;x
EVTOPTU_volantis_501;I wish to be known for my fair judgments;Je souhaite être reconnu pour mon équité en toutes choses.;Ich möchte für meine Gerechtigkeit in allen Belangen berühmt sein.;;Deseo ser conocido por mi justicia en todas las cosas.;;;;;;;;;x
EVTOPTV_volantis_501;Speak of my veneration of [Root.Religion.GetRandomGodName];Parlez de ma piété envers [Root.Religion.GetRandomGodName].;Meine starken Bindungen zu Odin.;;Que hable de la piedad de [Root.Religion.GetRandomGodName].;;;;;;;;;x
EVTOPTX_volantis_501;My harsh but necessary actions.;Mes actions rudes mais nécessaires.;Meine brutalen aber notwendigen Taten.;;Mis acciones duras pero necesarias.;;;;;;;;;x
EVTNAME_volantis_510;In memory of Triarch [Root.Father.GetFirstName];En mémoire du triarque [Root.Father.GetFirstName].;In Erinnerung an [Root.Father.GetFirstName];;En memoria del Triarca [Root.Father.GetFirstName];;;;;;;;;x
EVTDESCvolantis.510;The statue you commissioned has been finished, and a grand ceremony unveiling it has been held. You examine the inscription:\n\nThis statue was rised by [Root.GetTitle] [Root.GetFirstName] in memory of [Root.GetHerHis] father Triarch [Root.Father.GetFirstName] [Root.Father.GetOnlyDynastyName]. He served the city in the noblest of manners and died peacefully in bed. Ever will stand this memorial.\n\nYou leave the festivities, content in the knowledge that many years from now, when its features have been worn, the people of the city will remember the great leadership your family brought.;La statue que vous avez commandée est terminée et a été érigée à l’endroit que vous aviez choisi. Une grande cérémonie l'a dévoilé à la cité. Vous examinez les inscriptions :\n\n'Cette statue a été érigée par [Root.GetTitle] [Root.GetFirstName] à la mémoire du triarque [Root.Father.GetFirstName] [Root.Father.GetOnlyDynastyName]. Il a servi la cité de la plus noble des manières et est mort paisiblement dans son lit. Ce monument se tiendra ici à jamais.'\n\Vous quittez les festivités avec la satisfaction de savoir que, dans bon nombre d'années, les habitants de la cité se souviendront de votre puissante famille.;Der von Euch in Auftrag gegebene Runenstein wurde fertiggestellt und an der Stelle errichtet, die Ihr ausgewählt hattet. Ihr untersucht die Runen:\n\n'Dieser Stein wurde von [Root.GetFirstName] zu Ehren von [Root.Father.GetFirstName], [Root.GetHerHis] Vater und [Root.Father.Father.GetFirstName]s Sohn errichtet. Er lebte ein gutes Leben und verstarb friedlich in seinem Bett. Sein Andenken wird immer gewahrt werden. '\n\nIhr verlasst den Ort, zufrieden in dem Wissen, dass noch in vielen Generationen, wenn die Farbe des Steins bereits verblasst sein wird, Gelehrte die eingravierten Runen in dem Bemühen studieren werden, die Weisheit aus ihnen herauszubekommen.;;La estatua que encargaste se ha erigido en el lugar que elegiste para ella. Una ceremonia la ha inaugurado. Examinas las inscripciones:\n\nEsta estatua fue alzada por [Root.GetFirstName] en memoria de su padre [Root.Father.GetFirstName], hijo de [Root.Father.Father.GetFirstName]. Sirvió de manera noble a la ciudad y murió tranquilamente en la cama.\n\nDejas la celebración, sabiendo que dentro de muchos años, los habitantes de la ciudad recordarán a tu poderosa familia.;;;;;;;;;x
EVTDESCvolantis.511;The statue you commissioned has been finished, and a grand ceremony unveiling it has been held. You examine the inscription:\n\nThis statue was rised by [Root.GetTitle] [Root.GetFirstName] in memory of [Root.GetHerHis] father Triarch [Root.Father.GetFirstName] [Root.Father.GetOnlyDynastyName]. He died gloriously in battle defending the city from it's enemies. Ever will stand this memorial.\n\nYou leave the festivities, content in the knowledge that many years from now, when its features have been worn, the people of the city will remember the great leadership your family brought.;La statue que vous avez commandée est terminée et a été érigée à l’endroit que vous aviez choisi. Une grande cérémonie l'a dévoilé à la cité. Vous examinez les inscriptions :\n\n'Cette statue a été érigée par [Root.GetTitle] [Root.GetFirstName] à la mémoire du triarque [Root.Father.GetFirstName] [Root.Father.GetOnlyDynastyName]. Il est mort en défendant la cité contre ses ennemis. Ce monument se tiendra ici à jamais.'\n\Vous quittez les festivités avec la satisfaction de savoir que, dans bon nombre d'années, les habitants de la cité se souviendront de votre puissante famille.;Der von Euch in Auftrag gegebene Runenstein wurde fertiggestellt und an der Stelle errichtet, die Ihr ausgewählt hattet. Ihr untersucht die Runen:\n\n'Dieser Stein wurde von [Root.GetFirstName] zu Ehren von [Root.Father.GetFirstName], [Root.GetHerHis] Vater und [Root.Father.Father.GetFirstName]s Sohn errichtet. Er lebte ein gutes Leben und verstarb friedlich in seinem Bett. Sein Andenken wird immer gewahrt werden. '\n\nIhr verlasst den Ort, zufrieden in dem Wissen, dass noch in vielen Generationen, wenn die Farbe des Steins bereits verblasst sein wird, Gelehrte die eingravierten Runen in dem Bemühen studieren werden, die Weisheit aus ihnen herauszubekommen.;;La estatua que encargaste se ha erigido en el lugar que elegiste para ella. Una ceremonia la ha inaugurado. Examinas las inscripciones:\n\nEsta estatua fue alzada por [Root.GetTitle] [Root.GetFirstName] en honor al Triarca [Root.Father.GetFirstName] [Root.Father.GetOnlyDynastyName]. Murió defendiendo la ciudad.\n\nDejas la celebración, sabiendo que dentro de muchos años, los habitantes de la ciudad recordarán a tu poderosa familia.;;;;;;;;;x
EVTDESCvolantis.512;The statue you commissioned has been finished, and a grand ceremony unveiling it has been held. You examine the inscription:\n\nThis statue was rised by [Root.GetTitle] [Root.GetFirstName] in memory of [Root.GetHerHis] father Triarch [Root.Father.GetFirstName] [Root.Father.GetOnlyDynastyName]. Despite his selfless service, he was taken from this world by an ignoble attainment. Ever will stand this memorial.\n\nYou leave the festivities, content in the knowledge that many years from now, when its features have been worn, the people of the city will remember the great leadership your family brought.;La statue que vous avez commandée est terminée et a été érigée à l’endroit que vous aviez choisi. Une grande cérémonie l'a dévoilé à la cité. Vous examinez les inscriptions :\n\n'Cette statue a été érigée par [Root.GetTitle] [Root.GetFirstName] à la mémoire du triarque [Root.Father.GetFirstName] [Root.Father.GetOnlyDynastyName]. Malgré les services désintéressés qu'il a rendu à la cité, il est mort de la plus ignoble manière. Ce monument se tiendra ici à jamais.'\n\Vous quittez les festivités avec la satisfaction de savoir que, dans bon nombre d'années, les habitants de la cité se souviendront de votre puissante famille.;Der von Euch in Auftrag gegebene Runenstein wurde fertiggestellt und an der Stelle errichtet, die Ihr ausgewählt hattet. Ihr untersucht die Runen:\n\n'Dieser Stein wurde von [Root.GetFirstName] zu Ehren von [Root.Father.GetFirstName], [Root.GetHerHis] Vater und [Root.Father.Father.GetFirstName]s Sohn errichtet. Er lebte ein gutes Leben und verstarb friedlich in seinem Bett. Sein Andenken wird immer gewahrt werden. '\n\nIhr verlasst den Ort, zufrieden in dem Wissen, dass noch in vielen Generationen, wenn die Farbe des Steins bereits verblasst sein wird, Gelehrte die eingravierten Runen in dem Bemühen studieren werden, die Weisheit aus ihnen herauszubekommen.;;La estatua que encargaste se ha erigido en el lugar que elegiste para ella. Una ceremonia la ha inaugurado. Examinas las inscripciones:\n\nEsta estatua fue alzada por [Root.GetTitle] [Root.GetFirstName] en honor al Triarca [Root.Father.GetFirstName] [Root.Father.GetOnlyDynastyName]. Murió de forma innoble .\n\nDejas la celebración, sabiendo que dentro de muchos años, los habitantes de la ciudad recordarán a tu poderosa familia.;;;;;;;;;x
EVTDESCvolantis.513;The statue you commissioned has been finished, and a grand ceremony unveiling it has been held. You examine the inscription:\n\nThis statue was rised by [Root.GetTitle] [Root.GetFirstName] in memory of [Root.GetHerHis] father Triarch [Root.Father.GetFirstName] [Root.Father.GetOnlyDynastyName]. This faithful defender of the city was callously taken from the people. May vengeance one day be gained.\n\nYou leave the festivities, content in the knowledge that many years from now, when its features have been worn, the people of the city will remember the great leadership your family brought.;La statue que vous avez commandée est terminée et a été érigée à l’endroit que vous aviez choisi. Une grande cérémonie l'a dévoilé à la cité. Vous examinez les inscriptions :\n\n'Cette statue a été érigée par [Root.GetTitle] [Root.GetFirstName] à la mémoire du triarque [Root.Father.GetFirstName] [Root.Father.GetOnlyDynastyName]. Ce loyal défenseur de la cité a été tragiquement enlevé à son peuple. Puisse une terrible vengeance s'abattre un jour sur les responsables de sa mort.'\n\Vous quittez les festivités avec la satisfaction de savoir que, dans bon nombre d'années, les habitants de la cité se souviendront de votre puissante famille.;Der von Euch in Auftrag gegebene Runenstein wurde fertiggestellt und an der Stelle errichtet, die Ihr ausgewählt hattet. Ihr untersucht die Runen:\n\n'Dieser Stein wurde von [Root.GetFirstName] zu Ehren von [Root.Father.GetFirstName], [Root.GetHerHis] Vater und [Root.Father.Father.GetFirstName]s Sohn errichtet. Er lebte ein gutes Leben und verstarb friedlich in seinem Bett. Sein Andenken wird immer gewahrt werden. '\n\nIhr verlasst den Ort, zufrieden in dem Wissen, dass noch in vielen Generationen, wenn die Farbe des Steins bereits verblasst sein wird, Gelehrte die eingravierten Runen in dem Bemühen studieren werden, die Weisheit aus ihnen herauszubekommen.;;La estatua que encargaste se ha erigido en el lugar que elegiste para ella. Una ceremonia la ha inaugurado. Examinas las inscripciones:\n\nEsta estatua fue alzada por [Root.GetTitle] [Root.GetFirstName] en honor al Triarca [Root.Father.GetFirstName] [Root.Father.GetOnlyDynastyName]. Murió trágicamente.\n\nDejas la celebración, sabiendo que dentro de muchos años, los habitantes de la ciudad recordarán a tu poderosa familia.;;;;;;;;;x
EVTDESCvolantis.515;The statue you commissioned has been finished, and a grand ceremony unveiling it has been held. You examine the inscription:\n\nThis statue was rised by [Root.GetTitle] [Root.GetFirstName] in memory of [Root.GetHerHis] father Triarch [Root.Father.GetFirstName] [Root.Father.GetOnlyDynastyName]. He fell in a tragic accident, cutting short one of the greatest Triachies the city has ever seen. Ever will stand this memorial.\n\nYou leave the festivities, content in the knowledge that many years from now, when its features have been worn, the people of the city will remember the great leadership your family brought.;La statue que vous avez commandée est terminée et a été érigée à l’endroit que vous aviez choisi. Une grande cérémonie l'a dévoilé à la cité. Vous examinez les inscriptions :\n\n'Cette statue a été érigée par [Root.GetTitle] [Root.GetFirstName] à la mémoire du triarque [Root.Father.GetFirstName] [Root.Father.GetOnlyDynastyName]. Il est mort dans un tragique accident, mettant trop tôt fin à l'un des plus grands triarchats de l'histoire de la cité. Ce monument se tiendra ici à jamais.'\n\Vous quittez les festivités avec la satisfaction de savoir que, dans bon nombre d'années, les habitants de la cité se souviendront de votre puissante famille.;Der von Euch in Auftrag gegebene Runenstein wurde fertiggestellt und an der Stelle errichtet, die Ihr ausgewählt hattet. Ihr untersucht die Runen:\n\n'Dieser Stein wurde von [Root.GetFirstName] zu Ehren von [Root.Father.GetFirstName], [Root.GetHerHis] Vater und [Root.Father.Father.GetFirstName]s Sohn errichtet. Er lebte ein gutes Leben und verstarb friedlich in seinem Bett. Sein Andenken wird immer gewahrt werden. '\n\nIhr verlasst den Ort, zufrieden in dem Wissen, dass noch in vielen Generationen, wenn die Farbe des Steins bereits verblasst sein wird, Gelehrte die eingravierten Runen in dem Bemühen studieren werden, die Weisheit aus ihnen herauszubekommen.;;La estatua que encargaste se ha erigido en el lugar que elegiste para ella. Una ceremonia la ha inaugurado. Examinas las inscripciones:\n\nEsta estatua fue alzada por [Root.GetTitle] [Root.GetFirstName] en honor al Triarca [Root.Father.GetFirstName] [Root.Father.GetOnlyDynastyName]. Murió en un trágico accidente.\n\nDejas la celebración, sabiendo que dentro de muchos años, los habitantes de la ciudad recordarán a tu poderosa familia.;;;;;;;;;x
EVTDESCvolantis.516;The statue you commissioned has been finished, and a grand ceremony unveiling it has been held. You examine the inscription:\n\nThis statue was rised by [Root.GetTitle] [Root.GetFirstName] in memory of [Root.GetHerHis] father Triarch [Root.Father.GetFirstName] [Root.Father.GetOnlyDynastyName]. This most ablest of leaders suffered the ignomy of death in the captivity of his enemies. Ever will stand this memorial.\n\nYou leave the festivities, content in the knowledge that many years from now, when its features have been worn, the people of the city will remember the great leadership your family brought.;La statue que vous avez commandée est terminée et a été érigée à l’endroit que vous aviez choisi. Une grande cérémonie l'a dévoilé à la cité. Vous examinez les inscriptions :\n\n'Cette statue a été érigée par [Root.GetTitle] [Root.GetFirstName] à la mémoire du triarque [Root.Father.GetFirstName] [Root.Father.GetOnlyDynastyName]. Le plus capable des dirigeants est mort alors qu'il était captif des ennemis de la cité. Ce monument se tiendra ici à jamais.'\n\Vous quittez les festivités avec la satisfaction de savoir que, dans bon nombre d'années, les habitants de la cité se souviendront de votre puissante famille.;Der von Euch in Auftrag gegebene Runenstein wurde fertiggestellt und an der Stelle errichtet, die Ihr ausgewählt hattet. Ihr untersucht die Runen:\n\n'Dieser Stein wurde von [Root.GetFirstName] zu Ehren von [Root.Father.GetFirstName], [Root.GetHerHis] Vater und [Root.Father.Father.GetFirstName]s Sohn errichtet. Er lebte ein gutes Leben und verstarb friedlich in seinem Bett. Sein Andenken wird immer gewahrt werden. '\n\nIhr verlasst den Ort, zufrieden in dem Wissen, dass noch in vielen Generationen, wenn die Farbe des Steins bereits verblasst sein wird, Gelehrte die eingravierten Runen in dem Bemühen studieren werden, die Weisheit aus ihnen herauszubekommen.;;La estatua que encargaste se ha erigido en el lugar que elegiste para ella. Una ceremonia la ha inaugurado. Examinas las inscripciones:\n\nEsta estatua fue alzada por [Root.GetTitle] [Root.GetFirstName] en honor al Triarca [Root.Father.GetFirstName] [Root.Father.GetOnlyDynastyName]. Murió en cautividad.\n\nDejas la celebración, sabiendo que dentro de muchos años, los habitantes de la ciudad recordarán a tu poderosa familia.;;;;;;;;;x
EVTDESCvolantis.517;The statue you commissioned has been finished, and a grand ceremony unveiling it has been held. You examine the inscription:\n\nThis statue was rised by [Root.GetTitle] [Root.GetFirstName] in memory of [Root.GetHerHis] father Triarch [Root.Father.GetFirstName] [Root.Father.GetOnlyDynastyName]. This noble Triarch of the city was offered up as sacrifice to a savage's god. Ever will stand this memorial.\n\nYou leave the festivities, content in the knowledge that many years from now, when its features have been worn, the people of the city will remember the great leadership your family brought.;La statue que vous avez commandée est terminée et a été érigée à l’endroit que vous aviez choisi. Une grande cérémonie l'a dévoilé à la cité. Vous examinez les inscriptions :\n\n'Cette statue a été érigée par [Root.GetTitle] [Root.GetFirstName] à la mémoire du triarque [Root.Father.GetFirstName] [Root.Father.GetOnlyDynastyName]. Ce noble triarque a été offert en sacrifice à Dieu sauvage. Ce monument se tiendra ici à jamais.'\n\Vous quittez les festivités avec la satisfaction de savoir que, dans bon nombre d'années, les habitants de la cité se souviendront de votre puissante famille.;Der von Euch in Auftrag gegebene Runenstein wurde fertiggestellt und an der Stelle errichtet, die Ihr ausgewählt hattet. Ihr untersucht die Runen:\n\n'Dieser Stein wurde von [Root.GetFirstName] zu Ehren von [Root.Father.GetFirstName], [Root.GetHerHis] Vater und [Root.Father.Father.GetFirstName]s Sohn errichtet. Er lebte ein gutes Leben und verstarb friedlich in seinem Bett. Sein Andenken wird immer gewahrt werden. '\n\nIhr verlasst den Ort, zufrieden in dem Wissen, dass noch in vielen Generationen, wenn die Farbe des Steins bereits verblasst sein wird, Gelehrte die eingravierten Runen in dem Bemühen studieren werden, die Weisheit aus ihnen herauszubekommen.;;La estatua que encargaste se ha erigido en el lugar que elegiste para ella. Una ceremonia la ha inaugurado. Examinas las inscripciones:\n\nEsta estatua fue alzada por [Root.GetTitle] [Root.GetFirstName] en honor al Triarca [Root.Father.GetFirstName] [Root.Father.GetOnlyDynastyName]. Murió en un sacrificio divino.\n\nDejas la celebración, sabiendo que dentro de muchos años, los habitantes de la ciudad recordarán a tu poderosa familia.;;;;;;;;;x
EVTDESCvolantis.518;The statue you commissioned has been finished, and a grand ceremony unveiling it has been held. You examine the inscription:\n\nThis statue was rised by [Root.GetTitle] [Root.GetFirstName] in memory of [Root.GetHerHis] father Triarch [Root.Father.GetFirstName] [Root.Father.GetOnlyDynastyName]. He fell in single combat, upholding the traditions of the city as one of it's finest Triarchs. Ever will stand this memorial.\n\nYou leave the festivities, content in the knowledge that many years from now, when its features have been worn, the people of the city will remember the great leadership your family brought.;La statue que vous avez commandée est terminée et a été érigée à l’endroit que vous aviez choisi. Une grande cérémonie l'a dévoilé à la cité. Vous examinez les inscriptions :\n\n'Cette statue a été érigée par [Root.GetTitle] [Root.GetFirstName] à la mémoire du triarque [Root.Father.GetFirstName] [Root.Father.GetOnlyDynastyName]. Il est tombé en combat singulier en défendant les traditions de la cité en tant que l'un de ses plus grands triarques. Ce monument se tiendra ici à jamais.'\n\Vous quittez les festivités avec la satisfaction de savoir que, dans bon nombre d'années, les habitants de la cité se souviendront de votre puissante famille.;Der von Euch in Auftrag gegebene Runenstein wurde fertiggestellt und an der Stelle errichtet, die Ihr ausgewählt hattet. Ihr untersucht die Runen:\n\n'Dieser Stein wurde von [Root.GetFirstName] zu Ehren von [Root.Father.GetFirstName], [Root.GetHerHis] Vater und [Root.Father.Father.GetFirstName]s Sohn errichtet. Er lebte ein gutes Leben und verstarb friedlich in seinem Bett. Sein Andenken wird immer gewahrt werden. '\n\nIhr verlasst den Ort, zufrieden in dem Wissen, dass noch in vielen Generationen, wenn die Farbe des Steins bereits verblasst sein wird, Gelehrte die eingravierten Runen in dem Bemühen studieren werden, die Weisheit aus ihnen herauszubekommen.;;La estatua que encargaste se ha erigido en el lugar que elegiste para ella. Una ceremonia la ha inaugurado. Examinas las inscripciones:\n\nEsta estatua fue alzada por [Root.GetTitle] [Root.GetFirstName] en honor al Triarca [Root.Father.GetFirstName] [Root.Father.GetOnlyDynastyName]. Murió en combate singular.\n\nDejas la celebración, sabiendo que dentro de muchos años, los habitantes de la ciudad recordarán a tu poderosa familia.;;;;;;;;;x
EVTDESCvolantis.519;The statue you commissioned has been finished, and a grand ceremony unveiling it has been held. You examine the inscription:\n\nThis statue was rised by [Root.GetTitle] [Root.GetFirstName] in memory of [Root.GetHerHis] father Triarch [Root.Father.GetFirstName] [Root.Father.GetOnlyDynastyName]. His devotion to the city as it's leader overwhelmed him, the poor man dying at his own hand. May he find peace with [Root.Religion.GetRandomGodName].\n\nYou leave the festivities, content in the knowledge that many years from now, when its features have been worn, the people of the city will remember the great leadership your family brought.;La statue que vous avez commandée est terminée et a été érigée à l’endroit que vous aviez choisi. Une grande cérémonie l'a dévoilé à la cité. Vous examinez les inscriptions :\n\n'Cette statue a été érigée par [Root.GetTitle] [Root.GetFirstName] à la mémoire du triarque [Root.Father.GetFirstName] [Root.Father.GetOnlyDynastyName]. Sa dévotion envers la cité l'a consumé, le pauvre homme s'est donné la mort. Puisse-t-il trouver la paix auprès de [Root.Religion.GetRandomGodName]'\n\Vous quittez les festivités avec la satisfaction de savoir que, dans bon nombre d'années, les habitants de la cité se souviendront de votre puissante famille.;Der von Euch in Auftrag gegebene Runenstein wurde fertiggestellt und an der Stelle errichtet, die Ihr ausgewählt hattet. Ihr untersucht die Runen:\n\n'Dieser Stein wurde von [Root.GetFirstName] zu Ehren von [Root.Father.GetFirstName], [Root.GetHerHis] Vater und [Root.Father.Father.GetFirstName]s Sohn errichtet. Er lebte ein gutes Leben und verstarb friedlich in seinem Bett. Sein Andenken wird immer gewahrt werden. '\n\nIhr verlasst den Ort, zufrieden in dem Wissen, dass noch in vielen Generationen, wenn die Farbe des Steins bereits verblasst sein wird, Gelehrte die eingravierten Runen in dem Bemühen studieren werden, die Weisheit aus ihnen herauszubekommen.;;La estatua que encargaste se ha erigido en el lugar que elegiste para ella. Una ceremonia la ha inaugurado. Examinas las inscripciones:\n\nEsta estatua fue alzada por [Root.GetTitle] [Root.GetFirstName] en honor al Triarca [Root.Father.GetFirstName] [Root.Father.GetOnlyDynastyName]. Se suicidó.\n\nDejas la celebración, sabiendo que dentro de muchos años, los habitantes de la ciudad recordarán a tu poderosa familia.;;;;;;;;;x
EVTDESCvolantis.520;The statue you commissioned has been finished, and a grand ceremony unveiling it has been held. You examine the inscription:\n\nThis statue was rised by [Root.GetTitle] [Root.GetFirstName] in memory of [Root.GetHerHis] father Triarch [Root.Father.GetFirstName] [Root.Father.GetOnlyDynastyName]. The people of this great city loved and respected this man, as did his devoted [Root.GetSonDaughter] [Root.GetFirstName]. Ever will stand this memorial.\n\nYou leave the festivities, content in the knowledge that many years from now, when its features have been worn, the people of the city will remember the great leadership your family brought.;La statue que vous avez commandée est terminée et a été érigée à l’endroit que vous aviez choisi. Une grande cérémonie l'a dévoilé à la cité. Vous examinez les inscriptions :\n\n'Cette statue a été érigée par [Root.GetTitle] [Root.GetFirstName] à la mémoire du triarque [Root.Father.GetFirstName] [Root.Father.GetOnlyDynastyName]. Le peuple de cette grande cité aimait et respectait cette homme, tout comme son [Root.GetSonDaughter] dévoué [Root.GetFirstName]. Ce monument se tiendra ici à jamais.'\n\Vous quittez les festivités avec la satisfaction de savoir que, dans bon nombre d'années, les habitants de la cité se souviendront de votre puissante famille.;Der von Euch in Auftrag gegebene Runenstein wurde fertiggestellt und an der Stelle errichtet, die Ihr ausgewählt hattet. Ihr untersucht die Runen:\n\n'Dieser Stein wurde von [Root.GetFirstName] zu Ehren von [Root.Father.GetFirstName], [Root.GetHerHis] Vater und [Root.Father.Father.GetFirstName]s Sohn errichtet. Er lebte ein gutes Leben und verstarb friedlich in seinem Bett. Sein Andenken wird immer gewahrt werden. '\n\nIhr verlasst den Ort, zufrieden in dem Wissen, dass noch in vielen Generationen, wenn die Farbe des Steins bereits verblasst sein wird, Gelehrte die eingravierten Runen in dem Bemühen studieren werden, die Weisheit aus ihnen herauszubekommen.;;La estatua que encargaste se ha erigido en el lugar que elegiste para ella. Una ceremonia la ha inaugurado. Examinas las inscripciones:\n\nEsta estatua fue alzada por [Root.GetTitle] [Root.GetFirstName] en honor al Triarca [Root.Father.GetFirstName] [Root.Father.GetOnlyDynastyName]. El pueblo le quiso tanto como su hijo.\n\nDejas la celebración, sabiendo que dentro de muchos años, los habitantes de la ciudad recordarán a tu poderosa familia.;;;;;;;;;x
EVTDESCvolantis.521;The statue you commissioned has been finished, and a grand ceremony unveiling it has been held. You examine the inscription:\n\nThis statue was rised by [Root.GetTitle] [Root.GetFirstName] in memory of [Root.GetHerHis] father Triarch [Root.Father.GetFirstName] [Root.Father.GetOnlyDynastyName]. May his reign as leader of this city be remembered with fondness. Ever will stand this memorial.\n\nYou leave the festivities, content in the knowledge that many years from now, when its features have been worn, the people of the city will remember the great leadership your family brought.;La statue que vous avez commandée est terminée et a été érigée à l’endroit que vous aviez choisi. Une grande cérémonie l'a dévoilé à la cité. Vous examinez les inscriptions :\n\n'Cette statue a été érigée par [Root.GetTitle] [Root.GetFirstName] à la mémoire du triarque [Root.Father.GetFirstName] [Root.Father.GetOnlyDynastyName]. Puisse-t-on se souvenir avec affection de son règne en tant que dirigeant de la cité. Ce monument se tiendra ici à jamais.'\n\Vous quittez les festivités avec la satisfaction de savoir que, dans bon nombre d'années, les habitants de la cité se souviendront de votre puissante famille.;Der von Euch in Auftrag gegebene Runenstein wurde fertiggestellt und an der Stelle errichtet, die Ihr ausgewählt hattet. Ihr untersucht die Runen:\n\n'Dieser Stein wurde von [Root.GetFirstName] zu Ehren von [Root.Father.GetFirstName], [Root.GetHerHis] Vater und [Root.Father.Father.GetFirstName]s Sohn errichtet. Er lebte ein gutes Leben und verstarb friedlich in seinem Bett. Sein Andenken wird immer gewahrt werden. '\n\nIhr verlasst den Ort, zufrieden in dem Wissen, dass noch in vielen Generationen, wenn die Farbe des Steins bereits verblasst sein wird, Gelehrte die eingravierten Runen in dem Bemühen studieren werden, die Weisheit aus ihnen herauszubekommen.;;La estatua que encargaste se ha erigido en el lugar que elegiste para ella. Una ceremonia la ha inaugurado. Examinas las inscripciones:\n\nEsta estatua fue alzada por [Root.GetTitle] [Root.GetFirstName] en honor al Triarca [Root.Father.GetFirstName] [Root.Father.GetOnlyDynastyName]. Será recordado con mucho afecto.\n\nDejas la celebración, sabiendo que dentro de muchos años, los habitantes de la ciudad recordarán a tu poderosa familia.;;;;;;;;;x
EVTNAME_volantis_550;The Statue is Unveiled;La statue est dévoilée.;Der Stein wurde errichtet;;La estatua es inaugurada.;;;;;;;;;x
EVTDESCvolantis.550;The statue you commissioned has been finished, and a grand ceremony unveiling it has been held. You examine the inscription:\n\nTriarch [Root.GetFirstNameWithDynasty] of [Root.PrimaryTitle.GetName] had this likeness raised in honour of [Root.GetHerHis] rule over the city. May [Root.GetHerHis] reign be remembered with joy and happiness.\n\nYou leave the festivities, content in the knowledge that many years from now, when its features have been worn, the people of the city will remember the great leadership your family brought.;La sépulture que vous avez commandée est prête et a été érigée à l'endroit que vous aviez choisi. Vous examinez les inscriptions :\n\n'Cette tombe a été érigée de son vivant par [Root.GetFirstName], [Root.GetSonDaughter] de [Root.Father.GetFirstName] et de [Root.Mother.GetFirstName] pour honorer sa mémoire. Puisse-t-on s'en souvenir avec joie et bonheur.'\n\nVous laissez la pierre avec la satisfaction de savoir que, dans bon nombre de siècles, quand sa peinture se sera depuis longtemps effacée, des érudits étudieront ces inscription pour essayer de retrouver la sagesse de ses mots.;Der von Euch in Auftrag gegebene Runenstein wurde fertiggestellt und an der Stelle errichtet, die Ihr ausgewählt hattet. Ihr untersucht die Runen:\n\n'[Root.GetFirstName], [Root.GetSonDaughter] von [Root.Father.GetFirstName] und [Root.Mother.GetFirstName], ließ diesen Stein zu [Root.GetHerHis] eigenen Gedenken errichten, während [Root.GetSheHe] lebte. Möge [Root.GetSheHe] voll Friede und Glückseligkeit in unserer Erinnerung bleiben.'\n\nIhr verlasst den Ort, zufrieden in dem Wissen, dass noch in vielen Generationen, wenn die Farbe des Steins bereits verblasst sein wird, Gelehrte die eingravierten Runen in dem Bemühen studieren werden, die Weisheit aus ihnen herauszubekommen.;;La estatua que encargaste se ha erigido en el lugar que elegiste para ella. Una ceremonia la ha inaugurado. Examinas las inscripciones:\n\nEsta estatua fue alzada por [Root.GetTitle] [Root.GetFirstName] de la casa [Root.GetOnlyDynastyName], [Root.GetSonDaughter] de [Root.Father.GetFirstName] y [Root.Mother.GetFirstName] para honrar su memoria.\n\nDejas la celebración, sabiendo que dentro de muchos años, los habitantes de la ciudad recordarán a tu poderosa familia.;;;;;;;;;x
EVTOPTA_volantis_550;It's perfect!;Elle est parfaite !;Perfekt!;;¡Perfecto!;;;;;;;;;x
EVTDESCvolantis.551;The statue you commissioned has been finished, and a grand ceremony unveiling it has been held. You examine the inscription:\n\nTriarch [Root.GetFirstNameWithDynasty] of [Root.PrimaryTitle.GetName], [Root.GetSonDaughter] of the dragons of Old Valyria, had [Root.GetHerHis] minions raise this statue in honour of [Root.GetHerHis] glorious reign. [Root.GetSheHeCap] was a dragon reborn in the flesh of man, as fortold by the Stormsingers, sent to bring fire back to the world.\n\nYou leave the festivities, content in the knowledge that many years from now, when its features have been worn, the people of the city will remember the great leadership your family brought.;La statue que vous avez commandée est prête et a été érigée à l'endroit que vous aviez choisi. Une grande cérémonie a été organisée pour la dévoiler. Vous examinez les inscriptions :\n\n'Le triarque  [Root.GetFirstNameWithDynasty] de [Root.PrimaryTitle.GetName], [Root.GetSonDaughter] des dragons de l'Antique Valyria, a fait érigé par ses serviteurs en l'honneur de son glorieux règne. [Root.GetSheHeCap] était un dragon réincarné dans la peau d'un homme, comme l'ont annoncé les  enchanteurs de tornades, apportant le feu au monde.\n\nVous quittez les festivités avec la satisfaction de savoir que, dans bon nombre d'années, les habitants de la cité se souviendront de votre puissante famille.;Der von Euch in Auftrag gegebene Runenstein wurde fertiggestellt und an der Stelle errichtet, die Ihr ausgewählt hattet. Ihr untersucht die Runen:\n\n'[Root.GetFirstName], [Root.GetSonDaughter] von [Root.Father.GetFirstName] und [Root.Mother.GetFirstName], ließ diesen Stein zu [Root.GetHerHis] eigenen Gedenken errichten, während [Root.GetSheHe] lebte. Möge [Root.GetSheHe] voll Friede und Glückseligkeit in unserer Erinnerung bleiben.'\n\nIhr verlasst den Ort, zufrieden in dem Wissen, dass noch in vielen Generationen, wenn die Farbe des Steins bereits verblasst sein wird, Gelehrte die eingravierten Runen in dem Bemühen studieren werden, die Weisheit aus ihnen herauszubekommen.;;La estatua que encargaste se ha erigido en el lugar que elegiste para ella. Una ceremonia la ha inaugurado. Examinas las inscripciones:\n\nEl Triarca [Root.GetFirstNameWithDynasty] de [Root.PrimaryTitle.GetName], [Root.GetSonDaughter] de dragones de la Antigua Valyria, ha sido erigida por sus servidores en honer de su glorioso reino. Fue un dragón reencarnado en el cuerpo de un hombre, como lo anunciaron los bardos de tormentas, trayendo el fuego al mundo\n\nDejas la celebración, sabiendo que dentro de muchos años, los habitantes de la ciudad recordarán a tu poderosa familia.;;;;;;;;;x
EVTDESCvolantis.552;The statue you commissioned has been finished, and a grand ceremony unveiling it has been held. You examine the inscription:\n\nTriarch [Root.GetFirstNameWithDynasty] of [Root.PrimaryTitle.GetName] had this likeness raised in honour of [Root.GetHerHis] rule over the city. May [Root.GetSheHe] be remembered for having the finest wine collection in the known world.\n\nYou leave the festivities, content in the knowledge that many years from now, when its features have been worn, the people of the city will remember the great leadership your family brought.;La statue que vous avez commandée est prête et a été érigée à l'endroit que vous aviez choisi. Une grande cérémonie a été organisée pour la dévoiler. Vous examinez les inscriptions :\n\n'Le triarque  [Root.GetFirstNameWithDynasty] de [Root.PrimaryTitle.GetName] a érigé ce monument en l'honneur de son mandat en tant que dirigeant de la cité. Puisse-t-on se souvenir de lui comme possédant la plus incroyable collection de vins au monde.\n\nVous quittez les festivités avec la satisfaction de savoir que, dans bon nombre d'années, les habitants de la cité se souviendront de votre puissante famille.;Der von Euch in Auftrag gegebene Runenstein wurde fertiggestellt und an der Stelle errichtet, die Ihr ausgewählt hattet. Ihr untersucht die Runen:\n\n'[Root.GetFirstName], [Root.GetSonDaughter] von [Root.Father.GetFirstName] und [Root.Mother.GetFirstName], ließ diesen Stein zu [Root.GetHerHis] eigenen Gedenken errichten, während [Root.GetSheHe] lebte. Möge [Root.GetSheHe] voll Friede und Glückseligkeit in unserer Erinnerung bleiben.'\n\nIhr verlasst den Ort, zufrieden in dem Wissen, dass noch in vielen Generationen, wenn die Farbe des Steins bereits verblasst sein wird, Gelehrte die eingravierten Runen in dem Bemühen studieren werden, die Weisheit aus ihnen herauszubekommen.;;La estatua que encargaste se ha erigido en el lugar que elegiste para ella. Una ceremonia la ha inaugurado. Examinas las inscripciones:\n\nEl Triarca [Root.GetFirstNameWithDynasty] de [Root.PrimaryTitle.GetName], ha erigido esta estatua en honor a su persona, y será recordado como el mayor poseedor de la colección de vinos del mundo.\n\nDejas la celebración, sabiendo que dentro de muchos años, los habitantes de la ciudad recordarán a tu poderosa familia.;;;;;;;;;x
EVTDESCvolantis.553;The statue you commissioned has been finished, and a grand ceremony unveiling it has been held. You examine the inscription:\n\nTriarch [Root.GetFirstNameWithDynasty] of [Root.PrimaryTitle.GetName] had this likeness raised in honour of [Root.GetHerHis] lifetime of rule over the city. Though reluctant to accept, [Root.GetSheHe] was deemed such a just and able Triarch by [Root.GetHerHis] fellow Freeholders that they made [Root.GetHerHim] Triarch for life.\n\nYou leave the festivities, content in the knowledge that many years from now, when its features have been worn, the people of the city will remember the great leadership your family brought.;La statue que vous avez commandée est prête et a été érigée à l'endroit que vous aviez choisi. Une grande cérémonie a été organisée pour la dévoiler. Vous examinez les inscriptions :\n\n'Le triarque  [Root.GetFirstNameWithDynasty] de [Root.PrimaryTitle.GetName] a érigé ce monument en l'honneur de son mandat en tant que dirigeant de la cité. Bien que d'abord hésitant à accepter un tel honneur, il fut fait triarque à vie par ses pairs possessionnés qui voyaient en lui un triarque juste et capable.\n\nVous quittez les festivités avec la satisfaction de savoir que, dans bon nombre d'années, les habitants de la cité se souviendront de votre puissante famille.;Der von Euch in Auftrag gegebene Runenstein wurde fertiggestellt und an der Stelle errichtet, die Ihr ausgewählt hattet. Ihr untersucht die Runen:\n\n'[Root.GetFirstName], [Root.GetSonDaughter] von [Root.Father.GetFirstName] und [Root.Mother.GetFirstName], ließ diesen Stein zu [Root.GetHerHis] eigenen Gedenken errichten, während [Root.GetSheHe] lebte. Möge [Root.GetSheHe] voll Friede und Glückseligkeit in unserer Erinnerung bleiben.'\n\nIhr verlasst den Ort, zufrieden in dem Wissen, dass noch in vielen Generationen, wenn die Farbe des Steins bereits verblasst sein wird, Gelehrte die eingravierten Runen in dem Bemühen studieren werden, die Weisheit aus ihnen herauszubekommen.;;La estatua que encargaste se ha erigido en el lugar que elegiste para ella. Una ceremonia la ha inaugurado. Examinas las inscripciones:\n\nEl Triarca [Root.GetFirstNameWithDynasty] de [Root.PrimaryTitle.GetName], ha erigido esta estatua en honor a su persona, y será recordado como un gobernante justo y capaz.\n\nDejas la celebración, sabiendo que dentro de muchos años, los habitantes de la ciudad recordarán a tu poderosa familia.;;;;;;;;;x
EVTDESCvolantis.554;The statue you commissioned has been finished, and a grand ceremony unveiling it has been held. You examine the inscription:\n\nTriarch [Root.GetFirstNameWithDynasty] of [Root.PrimaryTitle.GetName] had this likeness raised in honour of [Root.GetHerHis] rule over the city. Though [Root.GetSheHe] was slight of size, [Root.GetFirstName] was a giant in the life of the city. May [Root.Religion.GetRandomGodName] bless [Root.GetHerHim].\n\nYou leave the festivities, content in the knowledge that many years from now, when its features have been worn, the people of the city will remember the great leadership your family brought.;La statue que vous avez commandée est prête et a été érigée à l'endroit que vous aviez choisi. Une grande cérémonie a été organisée pour la dévoiler. Vous examinez les inscriptions :\n\n'Le triarque  [Root.GetFirstNameWithDynasty] de [Root.PrimaryTitle.GetName] a érigé ce monument en l'honneur de son mandat en tant que dirigeant de la cité. Mais que sa taille fut modeste, [Root.GetSheHe] était un géant pour la cité. Puisse [Root.Religion.GetRandomGodName] le bénir.\n\nVous quittez les festivités avec la satisfaction de savoir que, dans bon nombre d'années, les habitants de la cité se souviendront de votre puissante famille.;Der von Euch in Auftrag gegebene Runenstein wurde fertiggestellt und an der Stelle errichtet, die Ihr ausgewählt hattet. Ihr untersucht die Runen:\n\n'[Root.GetFirstName], [Root.GetSonDaughter] von [Root.Father.GetFirstName] und [Root.Mother.GetFirstName], ließ diesen Stein zu [Root.GetHerHis] eigenen Gedenken errichten, während [Root.GetSheHe] lebte. Möge [Root.GetSheHe] voll Friede und Glückseligkeit in unserer Erinnerung bleiben.'\n\nIhr verlasst den Ort, zufrieden in dem Wissen, dass noch in vielen Generationen, wenn die Farbe des Steins bereits verblasst sein wird, Gelehrte die eingravierten Runen in dem Bemühen studieren werden, die Weisheit aus ihnen herauszubekommen.;;La estatua que encargaste se ha erigido en el lugar que elegiste para ella. Una ceremonia la ha inaugurado. Examinas las inscripciones:\n\nEl Triarca [Root.GetFirstNameWithDynasty] de [Root.PrimaryTitle.GetName], ha erigido esta estatua en honor a su persona, y será recordado como un giante a pesar de su pequeña estatura.\n\nDejas la celebración, sabiendo que dentro de muchos años, los habitantes de la ciudad recordarán a tu poderosa familia.;;;;;;;;;x
EVTDESCvolantis.555;The statue you commissioned has been finished, and a grand ceremony unveiling it has been held. You examine the inscription:\n\nTriarch [Root.GetFirstNameWithDynasty] of [Root.PrimaryTitle.GetName] had this likeness raised in honour of [Root.GetHerHis] rule over the city. [Root.GetSheHeCap] was truly one of the wisest and most able Triarchs this city has ever seen, blessing it's Freeholders with a golden age.\n\nYou leave the festivities, content in the knowledge that many years from now, when its features have been worn, the people of the city will remember the great leadership your family brought.;La statue que vous avez commandée est prête et a été érigée à l'endroit que vous aviez choisi. Une grande cérémonie a été organisée pour la dévoiler. Vous examinez les inscriptions :\n\n'Le triarque  [Root.GetFirstNameWithDynasty] de [Root.PrimaryTitle.GetName] a érigé ce monument en l'honneur de son mandat en tant que dirigeant de la cité. [Root.GetSheHeCap] était vraiment l'un des triarques plus sages et les plus capables que cette cité a jamais connu, les possessionnés ont vécu un âge d'or grâce à lui.\n\nVous quittez les festivités avec la satisfaction de savoir que, dans bon nombre d'années, les habitants de la cité se souviendront de votre puissante famille.;Der von Euch in Auftrag gegebene Runenstein wurde fertiggestellt und an der Stelle errichtet, die Ihr ausgewählt hattet. Ihr untersucht die Runen:\n\n'[Root.GetFirstName], [Root.GetSonDaughter] von [Root.Father.GetFirstName] und [Root.Mother.GetFirstName], ließ diesen Stein zu [Root.GetHerHis] eigenen Gedenken errichten, während [Root.GetSheHe] lebte. Möge [Root.GetSheHe] voll Friede und Glückseligkeit in unserer Erinnerung bleiben.'\n\nIhr verlasst den Ort, zufrieden in dem Wissen, dass noch in vielen Generationen, wenn die Farbe des Steins bereits verblasst sein wird, Gelehrte die eingravierten Runen in dem Bemühen studieren werden, die Weisheit aus ihnen herauszubekommen.;;La estatua que encargaste se ha erigido en el lugar que elegiste para ella. Una ceremonia la ha inaugurado. Examinas las inscripciones:\n\nEl Triarca [Root.GetFirstNameWithDynasty] de [Root.PrimaryTitle.GetName], ha erigido esta estatua en honor a su persona, y será recordado como un gobernante sabio que hizo florecer una edad de oro entre los volantinos.\n\nDejas la celebración, sabiendo que dentro de muchos años, los habitantes de la ciudad recordarán a tu poderosa familia.;;;;;;;;;x
EVTDESCvolantis.557;The statue you commissioned has been finished, and a grand ceremony unveiling it has been held. You examine the inscription:\n\nTriarch [Root.GetFirstNameWithDynasty] of [Root.PrimaryTitle.GetName] had this likeness raised in honour of [Root.GetHerHis] rule over the city. [Root.GetSheHeCap] posessed the strength of an elephant and the raw power and athleticism of a tiger. We will not see [Root.GetHerHis] like again.\n\nYou leave the festivities, content in the knowledge that many years from now, when its features have been worn, the people of the city will remember the great leadership your family brought.;La statue que vous avez commandée est prête et a été érigée à l'endroit que vous aviez choisi. Une grande cérémonie a été organisée pour la dévoiler. Vous examinez les inscriptions :\n\n'Le triarque  [Root.GetFirstNameWithDynasty] de [Root.PrimaryTitle.GetName] a érigé ce monument en l'honneur de son mandat en tant que dirigeant de la cité. [Root.GetSheHeCap] possédait la force d'un éléphant et la rage d'un tigre. Nous ne verrons plus un homme comme lui.\n\nVous quittez les festivités avec la satisfaction de savoir que, dans bon nombre d'années, les habitants de la cité se souviendront de votre puissante famille.;Der von Euch in Auftrag gegebene Runenstein wurde fertiggestellt und an der Stelle errichtet, die Ihr ausgewählt hattet. Ihr untersucht die Runen:\n\n'[Root.GetFirstName], [Root.GetSonDaughter] von [Root.Father.GetFirstName] und [Root.Mother.GetFirstName], beauftragte die Errichtung dieses Steins zu [Root.GetHerHis] Lebzeiten. Man sagte, dass [Root.GetSheHe] die Stärke von zehn Mann hatte und niemand dies in Frage stellte. Der Stein wurde von Orm gemeißelt.'\n\nIhr verlasst den Ort, zufrieden in dem Wissen, dass noch in vielen Generationen, wenn die Farbe des Steins bereits verblasst sein wird, Gelehrte die eingravierten Runen in dem Bemühen studieren werden, die Weisheit aus ihnen herauszubekommen.;;La estatua que encargaste se ha erigido en el lugar que elegiste para ella. Una ceremonia la ha inaugurado. Examinas las inscripciones:\n\nEl Triarca [Root.GetFirstNameWithDynasty] de [Root.PrimaryTitle.GetName], ha erigido esta estatua en honor a su persona, y será recordado por tener la fuerza de un elefante y la rabia de un tigre.\n\nDejas la celebración, sabiendo que dentro de muchos años, los habitantes de la ciudad recordarán a tu poderosa familia.;;;;;;;;;x
EVTDESCvolantis.558;The statue you commissioned has been finished, and a grand ceremony unveiling it has been held. You examine the inscription:\n\nTriarch [Root.GetFirstNameWithDynasty] of [Root.PrimaryTitle.GetName] asked that this likeness be raised in honour of [Root.GetHerHis] rule over the city. The knowledge [Root.GetSheHe] had of both the Freehold of old and all the wonders of today's world truly brought a great benefit to the city. May they always praise [Root.GetHerHis] time as Triarch.\n\nYou leave the festivities, content in the knowledge that many years from now, when its features have been worn, the people of the city will remember the great leadership your family brought.;La statue que vous avez commandée est prête et a été érigée à l'endroit que vous aviez choisi. Une grande cérémonie a été organisée pour la dévoiler. Vous examinez les inscriptions :\n\n'Le triarque  [Root.GetFirstNameWithDynasty] de [Root.PrimaryTitle.GetName] a érigé ce monument en l'honneur de son mandat en tant que dirigeant de la cité. Les connaissances qu'[Root.GetSheHe] avait des Possessions et des merveilles du monde ont grandement profitées à la cité. Puisse-t-on toujours louer son mandat en tant que triarque.\n\nVous quittez les festivités avec la satisfaction de savoir que, dans bon nombre d'années, les habitants de la cité se souviendront de votre puissante famille.;Der von Euch in Auftrag gegebene Runenstein wurde fertiggestellt und an der Stelle errichtet, die Ihr ausgewählt hattet. Ihr untersucht die Runen:\n\n'[Root.GetFirstName] ist gebildet, war [Root.GetSonDaughter] von [Root.Father.GetFirstName] und [Root.Mother.GetFirstName], und beauftragte die Errichtung dieses Steins in [Root.GetHerHis] Namen. Das Wissen, das [Root.GetSheHe] über diese Welt und ihre Wunder innehatte, wurde von allen beneidet. Hrolfr gravierte diese Worte.'\n\nIhr verlasst den Ort, zufrieden in dem Wissen, dass noch in vielen Generationen, wenn die Farbe des Steins bereits verblasst sein wird, Gelehrte die eingravierten Runen in dem Bemühen studieren werden, die Weisheit aus ihnen herauszubekommen.;;La estatua que encargaste se ha erigido en el lugar que elegiste para ella. Una ceremonia la ha inaugurado. Examinas las inscripciones:\n\nEl Triarca [Root.GetFirstNameWithDynasty] de [Root.PrimaryTitle.GetName], ha erigido esta estatua en honor a su persona, y será recordado como un gran conocedor de las maravillas del mundo.\n\nDejas la celebración, sabiendo que dentro de muchos años, los habitantes de la ciudad recordarán a tu poderosa familia.;;;;;;;;;x
EVTDESCvolantis.559;The statue you commissioned has been finished, and a grand ceremony unveiling it has been held. You examine the inscription:\n\nTriarch [Root.GetFirstNameWithDynasty] of [Root.PrimaryTitle.GetName] had this likeness raised upon the corpses and blood of [Root.GetHerHis] foes. [Root.GetSheHeCap] showed no mercy to the enemies of the city and [Root.GetHerHis] family alike. May forever people gaze upon this statue and remember the wroth of the [Root.GetOnlyDynastyName]s.\n\nYou leave the festivities, content in the knowledge that many years from now, when its features have been worn, the people of the city will remember the great leadership your family brought.;La statue que vous avez commandée est prête et a été érigée à l'endroit que vous aviez choisi. Une grande cérémonie a été organisée pour la dévoiler. Vous examinez les inscriptions :\n\n'Le triarque  [Root.GetFirstNameWithDynasty] de [Root.PrimaryTitle.GetName] a érigé ce monument sur les dépouilles de ses ennemis. [Root.GetSheHeCap] n'a montré aucune pitié pour les ennemis de la cité et leurs familles. Puisse le peuple de la cité toujours admirer cette statue et se souvenir de la colère des [Root.GetOnlyDynastyName].\n\nVous quittez les festivités avec la satisfaction de savoir que, dans bon nombre d'années, les habitants de la cité se souviendront de votre puissante famille.;Der von Euch in Auftrag gegebene Runenstein wurde fertiggestellt und an der Stelle errichtet, die Ihr ausgewählt hattet. Ihr untersucht die Runen:\n\n'[Root.GetFirstName], [Root.GetSonDaughter] von [Root.Father.GetFirstName] und [Root.Mother.GetFirstName], hat diesen Stein errichtet und mit dem Blut von [Root.GetHerHis] Feinden bemalen lassen, noch während [Root.GetSheHe] lebte. Diejenigen, die töricht genug waren, sich [Root.GetFirstName] entgegenzustellen, fanden ihr Ende an einem Pfahl. Egil gravierte diese Runen, bevor ihn dasselbe Schicksal ereilte.'\n\nIhr verlasst den Ort, zufrieden in dem Wissen, dass noch in vielen Generationen, wenn die Farbe des Steins bereits verblasst sein wird, Gelehrte die eingravierten Runen in dem Bemühen studieren werden, die Weisheit aus ihnen herauszubekommen.;;La estatua que encargaste se ha erigido en el lugar que elegiste para ella. Una ceremonia la ha inaugurado. Examinas las inscripciones:\n\nEl Triarca [Root.GetFirstNameWithDynasty] de [Root.PrimaryTitle.GetName], erigió esta estatua sobre los cuerpos de sus enemigos.\n\nDejas la celebración, sabiendo que dentro de muchos años, los habitantes de la ciudad recordarán a tu poderosa familia.;;;;;;;;;x
EVTDESCvolantis.560;The statue you commissioned has been finished, and a grand ceremony unveiling it has been held. You examine the inscription:\n\nTriarch [Root.GetFirstNameWithDynasty] of [Root.PrimaryTitle.GetName] asked that this likeness be raised in honour of [Root.GetHerHis] rule over the city. The beautiful verses and impassioned speeches [Root.GetSheHe] gave brought tears of joy to the Freeholders of the city. May future Triarchs learn from [Root.GetHerHis] words.\n\nYou leave the festivities, content in the knowledge that many years from now, when its features have been worn, the people of the city will remember the great leadership your family brought.;La statue que vous avez commandée est prête et a été érigée à l'endroit que vous aviez choisi. Une grande cérémonie a été organisée pour la dévoiler. Vous examinez les inscriptions :\n\n'Le triarque  [Root.GetFirstNameWithDynasty] de [Root.PrimaryTitle.GetName] a érigé ce monument en l'honneur de son mandat en tant que dirigeant de la cité. Les magnifiques vers et les discours passionnés qu'[Root.GetSheHe] a écrit et déclamé ont fait pleurer de joies les possessionnés de la cité. Puissent les futurs triarques s'inspirer de sa pensée.\n\nVous quittez les festivités avec la satisfaction de savoir que, dans bon nombre d'années, les habitants de la cité se souviendront de votre puissante famille.;Der von Euch in Auftrag gegebene Runenstein wurde fertiggestellt und an der Stelle errichtet, die Ihr ausgewählt hattet. Ihr untersucht die Runen:\n\n'Dieser Stein wurde von [Root.GetFirstName], [Root.Father.GetFirstName]s [Root.GetSonDaughter] errichtet, um die Schönheit dieser Welt zu feiern. Wie ein strahlender Regenbogen auf glitzernder See, brachte [Root.GetFirstName] Frohsinn und Licht in das Leben all jener, die [Root.GetHerHim] trafen. Asbjörn hat diese Worte widerwillig eingemeißelt.'\n\nIhr verlasst den Ort, zufrieden in dem Wissen, dass noch in vielen Generationen, wenn die Farbe des Steins bereits verblasst sein wird, Gelehrte die eingravierten Runen in dem Bemühen studieren werden, die Weisheit aus ihnen herauszubekommen.;;La estatua que encargaste se ha erigido en el lugar que elegiste para ella. Una ceremonia la ha inaugurado. Examinas las inscripciones:\n\nEl Triarca [Root.GetFirstNameWithDynasty] de [Root.PrimaryTitle.GetName], ha erigido esta estatua en honor a su persona, y será recordado por sus magníficos versos.\n\nDejas la celebración, sabiendo que dentro de muchos años, los habitantes de la ciudad recordarán a tu poderosa familia.;;;;;;;;;x
EVTDESCvolantis.561;The statue you commissioned has been finished, and a grand ceremony unveiling it has been held. You examine the inscription:\n\nTriarch [Root.GetFirstNameWithDynasty] of [Root.PrimaryTitle.GetName] had this likeness raised in honour of [Root.GetHerHis] virile rule over the city. The support [Root.GetSheHe] enjoyed in the city was as extensive as [Root.GetSheHe] was endowed. May [Root.GetHerHis] many descendents remember [Root.GetHerHim].\n\nYou leave the festivities, content in the knowledge that many years from now, when its features have been worn, the people of the city will remember the great leadership your family brought.;La statue que vous avez commandée est prête et a été érigée à l'endroit que vous aviez choisi. Une grande cérémonie a été organisée pour la dévoiler. Vous examinez les inscriptions :\n\n'Le triarque  [Root.GetFirstNameWithDynasty] de [Root.PrimaryTitle.GetName] a érigé ce monument en l'honneur de son viril mandat en tant que dirigeant de la cité. Le soutien dont il jouissait de la part de la cité était aussi grand que sa virilité. Puissent ces nombreux descendants se souvenir de lui.\n\nVous quittez les festivités avec la satisfaction de savoir que, dans bon nombre d'années, les habitants de la cité se souviendront de votre puissante famille.;Der von Euch in Auftrag gegebene Runenstein wurde fertiggestellt und an der Stelle errichtet, die Ihr ausgewählt hattet. Ihr untersucht die Runen:\n\n'[Root.GetFirstName], [Root.GetSonDaughter] von [Root.Father.GetFirstName] und [Root.Mother.GetFirstName], mit Sicherheit Elternteil zahlloser unehelicher Kinder, ließ diesen Stein zu [Root.GetHerselfHimself] eigenen Andenken errichten. Zweifellos liebte [Root.GetSheHe] jeden. Anund gravierte, Gorm bemalte den Stein.'\n\nIhr verlasst den Ort, zufrieden in dem Wissen, dass noch in vielen Generationen, wenn die Farbe des Steins bereits verblasst sein wird, Gelehrte die eingravierten Runen in dem Bemühen studieren werden, die Weisheit aus ihnen herauszubekommen.;;La estatua que encargaste se ha erigido en el lugar que elegiste para ella. Una ceremonia la ha inaugurado. Examinas las inscripciones:\n\nEl Triarca [Root.GetFirstNameWithDynasty] de [Root.PrimaryTitle.GetName], ha erigido esta estatua en honor a su persona, y será recordado por su virilidad.\n\nDejas la celebración, sabiendo que dentro de muchos años, los habitantes de la ciudad recordarán a tu poderosa familia.;;;;;;;;;x
EVTDESCvolantis.562;The statue you commissioned has been finished, and a grand ceremony unveiling it has been held. You examine the inscription:\n\nTriarch [Root.GetFirstNameWithDynasty] of [Root.PrimaryTitle.GetName] had this likeness raised in honour of [Root.GetHerHis] virile rule over the city. The election campaigns [Root.GetSheHe] held were known for fabulous feasts, where Freeholders dined on enormous quantities of the finest meats, spices and [Root.GetAlcoholicDrink]. May [Root.GetHerHis] rule of plenty be remembered.\n\nYou leave the festivities, content in the knowledge that many years from now, when its features have been worn, the people of the city will remember the great leadership your family brought.;La statue que vous avez commandée est prête et a été érigée à l'endroit que vous aviez choisi. Une grande cérémonie a été organisée pour la dévoiler. Vous examinez les inscriptions :\n\n'Le triarque  [Root.GetFirstNameWithDynasty] de [Root.PrimaryTitle.GetName] a érigé ce monument en l'honneur de son mandat en tant que dirigeant de la cité. Les campagnes électorales qu'il [Root.GetSheHe] a organisées étaient connues pour leurs fastes et leurs fabuleux banquets où les Possessionnés ont pu goûter aux meilleurs mets, épices et vins, et cela en grande quantité. Puisse-t-on se souvenir de son règne d'abondance.\n\nVous quittez les festivités avec la satisfaction de savoir que, dans bon nombre d'années, les habitants de la cité se souviendront de votre puissante famille.;Der von Euch in Auftrag gegebene Runenstein wurde fertiggestellt und an der Stelle errichtet, die Ihr ausgewählt hattet. Ihr untersucht die Runen:\n\n'[Root.GetFirstName], [Root.GetSonDaughter] von [Root.Father.GetFirstName], errichtete diesen Stein zu [Root.GetHerHis] Lebzeiten. Wie kein anderer vor [Root.GetHerHim], wusste [Root.GetFirstName] ein gutes Mahl stets zu schätzen. Hier das Rezept für geröstetes Wildschwein, wie [Root.GetSheHe] es bevorzugte…'\n\nIhr verlasst den Ort, zufrieden in dem Wissen, dass noch in vielen Generationen, wenn die Farbe des Steins bereits verblasst sein wird, Gelehrte die eingravierten Runen in dem Bemühen studieren werden, die Weisheit aus ihnen herauszubekommen.;;La estatua que encargaste se ha erigido en el lugar que elegiste para ella. Una ceremonia la ha inaugurado. Examinas las inscripciones:\n\nEl Triarca [Root.GetFirstNameWithDynasty] de [Root.PrimaryTitle.GetName], ha erigido esta estatua en honor a su persona, y será recordado por sus festines y banquetes.\n\nDejas la celebración, sabiendo que dentro de muchos años, los habitantes de la ciudad recordarán a tu poderosa familia.;;;;;;;;;x
EVTDESCvolantis.563;The statue you commissioned has been finished, and a grand ceremony unveiling it has been held. You examine the inscription:\n\nTriarch [Root.GetFirstNameWithDynasty] of [Root.PrimaryTitle.GetName] asked that this likeness be raised in honour of [Root.GetHerHis] rule over the city. Throughout the city, [Root.GetFirstName] was known for [Root.GetHerHis] great charity to others. No beggar or orphan went hungry under [Root.GetHerHis] noble Triarchy.\n\nYou leave the festivities, content in the knowledge that many years from now, when its features have been worn, the people of the city will remember the great leadership your family brought.;La statue que vous avez commandée est prête et a été érigée à l'endroit que vous aviez choisi. Une grande cérémonie a été organisée pour la dévoiler. Vous examinez les inscriptions :\n\n'Le triarque  [Root.GetFirstNameWithDynasty] de [Root.PrimaryTitle.GetName] a érigé ce monument en l'honneur de son mandat en tant que dirigeant de la cité. Dans la cité, [Root.GetFirstName] était connu pour sa grande générosité envers les autres. Aucun mendiant ou orphelin n'a connu la faim sous son noble triarchat.\n\nVous quittez les festivités avec la satisfaction de savoir que, dans bon nombre d'années, les habitants de la cité se souviendront de votre puissante famille.;Der von Euch in Auftrag gegebene Runenstein wurde fertiggestellt und an der Stelle errichtet, die Ihr ausgewählt hattet. Ihr untersucht die Runen:\n\n'[Root.GetFirstName] ist gebildet, war [Root.GetSonDaughter] von [Root.Father.GetFirstName] und [Root.Mother.GetFirstName], und beauftragte die Errichtung dieses Steins in [Root.GetHerHis] Namen. Das Wissen, das [Root.GetSheHe] über diese Welt und ihre Wunder innehatte, wurde von allen beneidet. Hrolfr gravierte diese Worte.'\n\nIhr verlasst den Ort, zufrieden in dem Wissen, dass noch in vielen Generationen, wenn die Farbe des Steins bereits verblasst sein wird, Gelehrte die eingravierten Runen in dem Bemühen studieren werden, die Weisheit aus ihnen herauszubekommen.;;La estatua que encargaste se ha erigido en el lugar que elegiste para ella. Una ceremonia la ha inaugurado. Examinas las inscripciones:\n\nEl Triarca [Root.GetFirstNameWithDynasty] de [Root.PrimaryTitle.GetName], ha erigido esta estatua en honor a su persona, y será recordado por su gran generosidad.\n\nDejas la celebración, sabiendo que dentro de muchos años, los habitantes de la ciudad recordarán a tu poderosa familia.;;;;;;;;;x
EVTDESCvolantis.564;The statue you commissioned has been finished, and a grand ceremony unveiling it has been held. You examine the inscription:\n\nTriarch [Root.GetFirstNameWithDynasty] of [Root.PrimaryTitle.GetName] asked that this likeness be raised in honour of [Root.GetHerHis] rule over the city. [Root.GetSheHeCap] was well loved by both the nobility and poorfolk of the city for the great kindness and belevolence that [Root.GetSheHe] ruled with. This Triarchy will be remembered for these nobel virtues.\n\nYou leave the festivities, content in the knowledge that many years from now, when its features have been worn, the people of the city will remember the great leadership your family brought.;La statue que vous avez commandée est prête et a été érigée à l'endroit que vous aviez choisi. Une grande cérémonie a été organisée pour la dévoiler. Vous examinez les inscriptions :\n\n'Le triarque  [Root.GetFirstNameWithDynasty] de [Root.PrimaryTitle.GetName] a érigé ce monument en l'honneur de son mandat en tant que dirigeant de la cité. [Root.GetSheHeCap] était bien aimé par les nobles et les pauvres de la cité pour sa gentillesse et sa générosité. Son triarchat restera dans les mémoires grâce à ses nobles vertus.\n\nVous quittez les festivités avec la satisfaction de savoir que, dans bon nombre d'années, les habitants de la cité se souviendront de votre puissante famille.;Der von Euch in Auftrag gegebene Runenstein wurde fertiggestellt und an der Stelle errichtet, die Ihr ausgewählt hattet. Ihr untersucht die Runen:\n\n'Dieser Stein wurde von [Root.GetFirstName] errichtet, [Root.Father.GetFirstName]s [Root.GetSonDaughter], bekannt für [Root.GetHerHis] wahre Güte allen Lebewesen gegenüber. Möge [Root.GetSheHe] jetzt und im Nachleben mit ebensolcher Güte behandelt werden.'\n\nIhr verlasst den Ort, zufrieden in dem Wissen, dass noch in vielen Generationen, wenn die Farbe des Steins bereits verblasst sein wird, Gelehrte die eingravierten Runen in dem Bemühen studieren werden, die Weisheit aus ihnen herauszubekommen.;;La estatua que encargaste se ha erigido en el lugar que elegiste para ella. Una ceremonia la ha inaugurado. Examinas las inscripciones:\n\nEl Triarca [Root.GetFirstNameWithDynasty] de [Root.PrimaryTitle.GetName], ha erigido esta estatua en honor a su persona, y será recordado por su gentileza y amabilidad.\n\nDejas la celebración, sabiendo que dentro de muchos años, los habitantes de la ciudad recordarán a tu poderosa familia.;;;;;;;;;x
EVTDESCvolantis.565;The statue you commissioned has been finished, and a grand ceremony unveiling it has been held. You examine the inscription:\n\nThe revered Triarch [Root.GetFirstName] of the noble House [Root.GetOnlyDynastyName] of [Root.PrimaryTitle.GetName] had this likeness raised in honour of [Root.GetHerHis] famous rule over the city, the legacy of which shall be known for centuries to come. Both Tiger and Elephant bowed to [Root.GetHerHis] will.\n\nYou leave the festivities, content in the knowledge that many years from now, when its features have been worn, the people of the city will remember the great leadership your family brought.;La statue que vous avez commandée est prête et a été érigée à l'endroit que vous aviez choisi. Une grande cérémonie a été organisée pour la dévoiler. Vous examinez les inscriptions :\n\n'Le triarque  [Root.GetFirstNameWithDynasty] de [Root.PrimaryTitle.GetName] a érigé ce monument en l'honneur de son fameux mandat en tant que dirigeant de la cité, qui restera grâvé dans les mémoires pendant des siècles. Tigres et éléphants se soumettaient à sa volonté.\n\nVous quittez les festivités avec la satisfaction de savoir que, dans bon nombre d'années, les habitants de la cité se souviendront de votre puissante famille.;Der von Euch in Auftrag gegebene Runenstein wurde fertiggestellt und an der Stelle errichtet, die Ihr ausgewählt hattet. Ihr untersucht die Runen:\n\n'[Root.GetFirstName], [Root.GetSonDaughter] von [Root.Father.GetFirstName] und [Root.Mother.GetFirstName], beauftragte die Errichtung dieses Steins zu [Root.GetHerHis] Lebzeiten. Man sagte, dass [Root.GetSheHe] die Stärke von zehn Mann hatte und niemand dies in Frage stellte. Der Stein wurde von Orm gemeißelt.'\n\nIhr verlasst den Ort, zufrieden in dem Wissen, dass noch in vielen Generationen, wenn die Farbe des Steins bereits verblasst sein wird, Gelehrte die eingravierten Runen in dem Bemühen studieren werden, die Weisheit aus ihnen herauszubekommen.;;La estatua que encargaste se ha erigido en el lugar que elegiste para ella. Una ceremonia la ha inaugurado. Examinas las inscripciones:\n\nEl Triarca [Root.GetFirstNameWithDynasty] de [Root.PrimaryTitle.GetName], ha erigido esta estatua en honor a su persona, y será recordado por someter tanto a tigres como a elefantes.\n\nDejas la celebración, sabiendo que dentro de muchos años, los habitantes de la ciudad recordarán a tu poderosa familia.;;;;;;;;;x
EVTDESCvolantis.566;The statue you commissioned has been finished, and a grand ceremony unveiling it has been held. You examine the inscription:\n\nTriarch [Root.GetFirstNameWithDynasty] of [Root.PrimaryTitle.GetName] consented that this likeness be raised in memory of [Root.GetHerHis] rule over the city. Let it be known that [Root.GetFirstName] did not seek power, and hopes that [Root.GetHerHis] Triarchy was considered fair, able but not grand.\n\nYou leave the festivities, content in the knowledge that many years from now, when its features have been worn, the people of the city will remember the great leadership your family brought.;La statue que vous avez commandée est prête et a été érigée à l'endroit que vous aviez choisi. Une grande cérémonie a été organisée pour la dévoiler. Vous examinez les inscriptions :\n\n'Le triarque  [Root.GetFirstNameWithDynasty] de [Root.PrimaryTitle.GetName] a érigé ce monument en l'honneur de son mandat en tant que dirigeant de la cité. Que tous sachent que [Root.GetFirstName] ne recherchait pas le pouvoir et espérait que son triarchat soit considéré comme juste et efficace, mais en aucun cas grandiose.\n\nVous quittez les festivités avec la satisfaction de savoir que, dans bon nombre d'années, les habitants de la cité se souviendront de votre puissante famille.;Der von Euch in Auftrag gegebene Runenstein wurde fertiggestellt und an der Stelle errichtet, die Ihr ausgewählt hattet. Ihr untersucht die Runen:\n\n'Dieser Stein wurde von [Root.GetFirstName], [Root.Father.GetFirstName]s [Root.GetSonDaughter] errichtet, um die Schönheit dieser Welt zu feiern. Wie ein strahlender Regenbogen auf glitzernder See, brachte [Root.GetFirstName] Frohsinn und Licht in das Leben all jener, die [Root.GetHerHim] trafen. Asbjörn hat diese Worte widerwillig eingemeißelt.'\n\nIhr verlasst den Ort, zufrieden in dem Wissen, dass noch in vielen Generationen, wenn die Farbe des Steins bereits verblasst sein wird, Gelehrte die eingravierten Runen in dem Bemühen studieren werden, die Weisheit aus ihnen herauszubekommen.;;La estatua que encargaste se ha erigido en el lugar que elegiste para ella. Una ceremonia la ha inaugurado. Examinas las inscripciones:\n\nEl Triarca [Root.GetFirstNameWithDynasty] de [Root.PrimaryTitle.GetName], ha erigido esta estatua en honor a su persona, y será recordado como un gobernante justo y eficaz.\n\nDejas la celebración, sabiendo que dentro de muchos años, los habitantes de la ciudad recordarán a tu poderosa familia.;;;;;;;;;x
EVTDESCvolantis.567;The statue you commissioned has been finished, and a grand ceremony unveiling it has been held. You examine the inscription:\n\nTriarch [Root.GetFirstNameWithDynasty] of [Root.PrimaryTitle.GetName] had this likeness raised in honour of [Root.GetHerHis] rule over the city. The city will remember [Root.GetHerHis] fearless leadership in face of many obstacles. All those who knew [Root.GetHerHim] say [Root.GetSheHe] was not afraid to make difficult decisions for the good of the people.\n\nYou leave the festivities, content in the knowledge that many years from now, when its features have been worn, the people of the city will remember the great leadership your family brought.;La statue que vous avez commandée est prête et a été érigée à l'endroit que vous aviez choisi. Une grande cérémonie a été organisée pour la dévoiler. Vous examinez les inscriptions :\n\n'Le triarque  [Root.GetFirstNameWithDynasty] de [Root.PrimaryTitle.GetName] a érigé ce monument en l'honneur de son mandat en tant que dirigeant de la cité. La cité se souviendra qu'[Root.GetSheHe] n'avait pas peur de faire face aux nombreux obstacles et difficultés. Tous ceux qui le connaissait affirment qu'[Root.GetSheHe] n'avait pas peur de prendre des décisions difficiles pour le bien du peuple.\n\nVous quittez les festivités avec la satisfaction de savoir que, dans bon nombre d'années, les habitants de la cité se souviendront de votre puissante famille.;Der von Euch in Auftrag gegebene Runenstein wurde fertiggestellt und an der Stelle errichtet, die Ihr ausgewählt hattet. Ihr untersucht die Runen:\n\n'Noch während [Root.GetSheHe] lebte, ließ [Root.GetFirstName], [Root.GetSonDaughter] von [Root.Father.GetFirstName] und [Root.Mother.GetFirstName], diesen Stein zu [Root.GetHerHis] eigenen Gedenken errichten. Selbst [Root.GetHerHis] Feinde können die große Tapferkeit von [Root.GetFirstName] nicht verleugnen. Alle, die [Root.GetHerHim] kannten, wussten, dass [Root.GetSheHe] angesichts von Gefahren stets furchtlos blieb.'\n\nIhr verlasst den Ort, zufrieden in dem Wissen, dass noch in vielen Generationen, wenn die Farbe des Steins bereits verblasst sein wird, Gelehrte die eingravierten Runen in dem Bemühen studieren werden, die Weisheit aus ihnen herauszubekommen.;;La estatua que encargaste se ha erigido en el lugar que elegiste para ella. Una ceremonia la ha inaugurado. Examinas las inscripciones:\n\nEl Triarca [Root.GetFirstNameWithDynasty] de [Root.PrimaryTitle.GetName], ha erigido esta estatua en honor a su persona, y será recordado por no conocer el miedo.\n\nDejas la celebración, sabiendo que dentro de muchos años, los habitantes de la ciudad recordarán a tu poderosa familia.;;;;;;;;;x
EVTDESCvolantis.568;The statue you commissioned has been finished, and a grand ceremony unveiling it has been held. You examine the inscription:\n\nTriarch [Root.GetFirstNameWithDynasty] of [Root.PrimaryTitle.GetName] asked that this likeness be raised in honour of [Root.GetHerHis] rule over the city. There was no Triarch more fair and just in all things. The freeholders of the city had no fear to seek [Root.GetHerHis] counsel in any dispute.\n\nYou leave the festivities, content in the knowledge that many years from now, when its features have been worn, the people of the city will remember the great leadership your family brought.;La statue que vous avez commandée est prête et a été érigée à l'endroit que vous aviez choisi. Une grande cérémonie a été organisée pour la dévoiler. Vous examinez les inscriptions :\n\n'Le triarque  [Root.GetFirstNameWithDynasty] de [Root.PrimaryTitle.GetName] a érigé ce monument en l'honneur de son mandat en tant que dirigeant de la cité. Il n'y eu jamais de triarques plus juste en toutes choses. Les possessionnés de la cité ne craignaient pas de faire appel à ses conseils et jugements lors de conflits.\n\nVous quittez les festivités avec la satisfaction de savoir que, dans bon nombre d'années, les habitants de la cité se souviendront de votre puissante famille.;Der von Euch in Auftrag gegebene Runenstein wurde fertiggestellt und an der Stelle errichtet, die Ihr ausgewählt hattet. Ihr untersucht die Runen:\n\n'Dieser Stein wurde von [Root.GetFirstName], [Root.Father.GetFirstName]s [Root.GetSonDaughter] errichtet, um die Schönheit dieser Welt zu feiern. Wie ein strahlender Regenbogen auf glitzernder See, brachte [Root.GetFirstName] Frohsinn und Licht in das Leben all jener, die [Root.GetHerHim] trafen. Asbjörn hat diese Worte widerwillig eingemeißelt.'\n\nIhr verlasst den Ort, zufrieden in dem Wissen, dass noch in vielen Generationen, wenn die Farbe des Steins bereits verblasst sein wird, Gelehrte die eingravierten Runen in dem Bemühen studieren werden, die Weisheit aus ihnen herauszubekommen.;;La estatua que encargaste se ha erigido en el lugar que elegiste para ella. Una ceremonia la ha inaugurado. Examinas las inscripciones:\n\nEl Triarca [Root.GetFirstNameWithDynasty] de [Root.PrimaryTitle.GetName], ha erigido esta estatua en honor a su persona, y será recordado como el Triarca más justo de la historia.\n\nDejas la celebración, sabiendo que dentro de muchos años, los habitantes de la ciudad recordarán a tu poderosa familia.;;;;;;;;;x
EVTDESCvolantis.569;The statue you commissioned has been finished, and a grand ceremony unveiling it has been held. You examine the inscription:\n\nTriarch [Root.GetFirstNameWithDynasty] of [Root.PrimaryTitle.GetName] had this likeness raised in honour of [Root.Religion.GetRandomGodName] who blessed [Root.GetHerHis] rule. No one was more devoted to the religion of the city, and no one will ever be as favoured again. May [Root.Religion.GetRandomGodName] forever protect [Root.GetHerHim].\n\nYou leave the festivities, content in the knowledge that many years from now, when its features have been worn, the people of the city will remember the great leadership your family brought.;La statue que vous avez commandée est prête et a été érigée à l'endroit que vous aviez choisi. Une grande cérémonie a été organisée pour la dévoiler. Vous examinez les inscriptions :\n\n'Le triarque  [Root.GetFirstNameWithDynasty] de [Root.PrimaryTitle.GetName] a érigé ce monument en l'honneur de [Root.Religion.GetRandomGodName] qui a béni son mandat en tant que dirigeant de la cité. Nul ne fut plus dévoué à la religion de la cité, et personne ne sera jamais plus aussi favorisé que lui. Puisse [Root.Religion.GetRandomGodName] toujours le protéger.\n\nVous quittez les festivités avec la satisfaction de savoir que, dans bon nombre d'années, les habitants de la cité se souviendront de votre puissante famille.;Der von Euch in Auftrag gegebene Runenstein wurde fertiggestellt und an der Stelle errichtet, die Ihr ausgewählt hattet. Ihr untersucht die Runen:\n\n'[Root.GetFirstName], [Root.GetSonDaughter] von [Root.Father.GetFirstName] und [Root.Mother.GetFirstName], ließ diesen Stein zu [Root.GetHerHis] eigenen Gedenken errichten, während [Root.GetSheHe] lebte. Möge [Root.GetSheHe] voll Friede und Glückseligkeit in unserer Erinnerung bleiben.'\n\nIhr verlasst den Ort, zufrieden in dem Wissen, dass noch in vielen Generationen, wenn die Farbe des Steins bereits verblasst sein wird, Gelehrte die eingravierten Runen in dem Bemühen studieren werden, die Weisheit aus ihnen herauszubekommen.;;La estatua que encargaste se ha erigido en el lugar que elegiste para ella. Una ceremonia la ha inaugurado. Examinas las inscripciones:\n\nEl Triarca [Root.GetFirstNameWithDynasty] de [Root.PrimaryTitle.GetName], ha erigido esta estatua en honor a su persona, y será recordado por ser un gran devoto de [Root.Religion.GetRandomGodName].\n\nDejas la celebración, sabiendo que dentro de muchos años, los habitantes de la ciudad recordarán a tu poderosa familia.;;;;;;;;;x
EVTDESCvolantis.571;The statue you commissioned has been finished, and a grand ceremony unveiling it has been held. You examine the inscription:\n\nTriarch [Root.GetFirstNameWithDynasty] of [Root.PrimaryTitle.GetName] had this likeness raised in honour of [Root.GetHerHis] rule over the city. No one was more feared than [Root.GetFirstName] in [Root.GetHerHis] city, and [Root.GetHerHis] enemies suffered the pains of a thousand deaths for daring to oppose [Root.GetHerHim].\n\nYou leave the festivities, content in the knowledge that many years from now, when its features have been worn, the people of the city will remember the great leadership your family brought.;La statue que vous avez commandée est prête et a été érigée à l'endroit que vous aviez choisi. Une grande cérémonie a été organisée pour la dévoiler. Vous examinez les inscriptions :\n\n'Le triarque  [Root.GetFirstNameWithDynasty] de [Root.PrimaryTitle.GetName] a érigé ce monument en l'honneur de son mandat en tant que dirigeant de la cité. Personne ne fut plus craint que [Root.GetFirstName] dans sa cité, et ses ennemis ont soufferts mille morts pour avoir osé s'opposer à lui.\n\nVous quittez les festivités avec la satisfaction de savoir que, dans bon nombre d'années, les habitants de la cité se souviendront de votre puissante famille.;Der von Euch in Auftrag gegebene Runenstein wurde fertiggestellt und an der Stelle errichtet, die Ihr ausgewählt hattet. Ihr untersucht die Runen:\n\n'[Root.GetFirstName], [Root.GetSonDaughter] von [Root.Father.GetFirstName] und [Root.Mother.GetFirstName], ließ diese Runen noch zu [Root.GetHerHis] Lebzeiten meißeln. Niemand war im Menschenreich gefürchteter als [Root.GetFirstName] und [Root.GetHerHis] Feinde erlitten die Leiden von tausend Toden als Strafe, sich [Root.GetHerHim] entgegengestellt zu haben.'\n\nIhr verlasst den Ort, zufrieden in dem Wissen, dass noch in vielen Generationen, wenn die Farbe des Steins bereits verblasst sein wird, Gelehrte die eingravierten Runen in dem Bemühen studieren werden, die Weisheit aus ihnen herauszubekommen.;;La estatua que encargaste se ha erigido en el lugar que elegiste para ella. Una ceremonia la ha inaugurado. Examinas las inscripciones:\n\nEl Triarca [Root.GetFirstNameWithDynasty] de [Root.PrimaryTitle.GetName], ha erigido esta estatua en honor a su persona, y será recordado por ser temido por todos sus enemigos.\n\nDejas la celebración, sabiendo que dentro de muchos años, los habitantes de la ciudad recordarán a tu poderosa familia.;;;;;;;;;x
triarch_statue;Triarch Statue;Statue de triarque;;;Estatua de Triarca;;;;;;;;;x
triarch_statue_desc;This character has a statue of their likeness in the city that was built in honour of their term as Triarch;Ce personnage possède une statue de lui construite dans cité en l'honneur de son mandat en tant que triarque.;;;Este personaje posee una estatua de él mismo construida en la ciudad en honor de su mandatao como Triarca.;;;;;;;;;x
opinion_defaced_statue;Defaced my Family's Statue;A endommagé la statue de la famille;;;Ha afeado la estatua de mi familia.;;;;;;;;;x
EVTDESCvolantis.1099;[From.GetFirstNameWithDynasty] seems intent on obtaining a seat on the council of the city, and has been petitioning me to try and convince my fellow triarchs to add [From.GetHerHim] in place of [From.PlotTarget.GetTitledFirstNameWithDynastyAndTitleNoRegnal].;[From.GetFirstNameWithDynasty] semble vouloir obtenir un siège au conseil de la cité et m'a demandé d'essayer de convaincre mes pairs triarques de le nommer à la place de [From.PlotTarget.GetTitledFirstNameWithDynastyAndTitleNoRegnal].;;;[From.GetFirstNameWithDynasty] parece querer obtener un asiento en el consejo de la ciudad y me ha pedido que intente convencer a los otros Triarcas para nombrarlo en lugar de [From.PlotTarget.GetTitledFirstNameWithDynastyAndTitleNoRegnal].;;;;;;;;;x
EVTOPTAvolantis.1099;Fine, I'll bring it up at our next meeting;Bien, j'en parlerai à la prochaine réunion.;;;Bien, lo hablaré en la próxima reunión.;;;;;;;;;x
EVTOPTBvolantis.1099;Stop pestering me!;Arrêtez de me harceler !;;;Deja de acosarme!;;;;;;;;;x
EVTDESCvolantis.1179;You finally managed to gain the attention of Triarch [From.GetFirstNameWithDynasty] and presented your petition to be made a councillor of the city. [From.GetSheHeCap] brusquely dismissed you however, and made it very clear that you would not have [From.GetHerHis] support.;Vous êtes finalement parvenu à obtenir l'attention du triarque [From.GetFirstNameWithDynasty] et avez pu présenté votre demande pour devenir conseiller de la cité. [From.GetSheHeCap] vous a malheureusement repoussé brutalement, montrant clairement que vous n'aurez pas son soutien.;;;Finalmente logras llamar la atención del Triarca [From.GetFirstNameWithDynasty] y puedes presentar tu petición de ser consejero de la ciudad. Desafortunadamente rechazó la propuesta, dejándote claro que no tendrás su apoyo.;;;;;;;;;x
EVTDESCvolantis.573;Your death has not had the effect on the city that you would like. Many of the populace has taken to the streets to celebrate your passing, no doubt encouraged by your enemies. Their main target is the statue of yourself celebrating your Triarchy, which they have beheaded.;La réaction de la cité à l'annonce de votre mort n'était pas réellement celle que vous escomptiez. Nombre d'habitants sont descendus dans les rues pour célébrer votre mort, probablement encouragés par vos ennemis. Ils s'en sont pris à votre statue célébrant votre triarchat, elle a été décapitée.;;;La reacción de la ciudad ante el anuncio de tu muerte no era la que esperabas. Numerosos habitantes salieron a las calles para celebrar tu muerte, probablemente animados por tus enemigos. Su principal objetivo fue la estatua erigida en tu honor, que fue decapitada.;;;;;;;;;x
EVTOPTA_volantis_573;Scum!;Racaille !;;;Escoria!;;;;;;;;;x
EVTDESCvolantis.574;The once Triarch [From.GetFirstNameWithDynasty] has died, and to some [From.GetHerHis] passing has been greeted by celebration. Many of the common populace have taken to the streets, their main focus the statue of [From.GetFirstName] celebrating [From.GetHerHis] Triarchy. The mob beheaded it and threw the head in the river.;L'ancien triarque [From.GetFirstNameWithDynasty] est mort, et certains n'ont pas hésité à fêter l'évènement. Le petit peuple a envahi les rues et s'en est prit à la statue de [From.GetFirstName] célébrant son triarchat. La foule a décapité la statue et jeté sa tête dans le fleuve.;;;El antiguo Triarca [From.GetFirstNameWithDynasty] está muerto, y algunos no han dudado en celebrar el acontecimiento. El pueblo ha invadido las calles y se ha dirigido a la estatua en honor de [From.GetFirstName]. La muchedumbre ha decapitado la estatua y ha arrojado la cabeza al río.;;;;;;;;;x
EVTOPTA_volantis_574;[From.GetSheHeCap] made many enemies it seems;[From.GetSheHeCap] semble s'être fait de nombreux ennemis.;;;Parece que hizo muchos enemigos.;;;;;;;;;x
EVTDESCvolantis.575;Your term as Triarch has not ended peacefully, you have been forced out of office against your will. Now your enemies encourage the populace of the city to take to the streets and celebrate, and organise an angry mob to deface and behead the statue of yourself dedicated to your term as Triarch.;La fin de votre mandat ne s'est pas achevé pacifiquement, vous avez été démis de vos fonctions. Vos ennemis encouragent désormais la populace à célébrer l'évènement dans les rues et poussent la foule à défigurer et décapiter la statue dédiée à votre triarchat.;;;El fin de tu mandato no ha acabado pacíficamente, has sido destituido de tus funciones. Tus enemigos animan al pueblo a celebrar el acontecimiento en las calles y han destrozadoy decapitado la estatua dedicada en tu honor.;;;;;;;;;x
EVTOPTA_volantis_575;The shame I have suffered;Quelle honte.;;;Que vergüenza he sufrido.;;;;;;;;;x
EVTDESCvolantis.577;[From.GetFirstNameWithDynasty] and [From.GetHerHis] house have long been my enemy. They have dishonoured House [Root.GetOnlyDynastyName] at every turn. Perhaps I should hire a gang of thugs to deface the statue of one of [From.GetHerHis] ancestor Triarchs to right these wrongs?;[From.GetFirstNameWithDynasty] et sa famille sont depuis longtemps mes ennemis. Ils ont déshonoré à plusieurs reprises la maison [Root.GetOnlyDynastyName]. Peut-être devrais-je engager une bande de voyous pour défigurer la statue de l'un de ses ancêtres triarques pour me venger ? ;;;[From.GetFirstNameWithDynasty] y su familia son desde hace mucho tiempo mis enemigos. Han deshornado en numerosas ocasiones a la casa [Root.GetOnlyDynastyName]. Tal vez debería contratar a unos matones para destrozar la estatua de uno de sus antepasados para vengarme?;;;;;;;;;x
EVTOPTA_volantis_577;Yes, behead it and spoil it!;Oui, décapitez moi cette statue !;;;Sí, decapitad esa estatua!;;;;;;;;;x
EVTOPTB_volantis_577;No, I will not stoop to that level;Non, je ne vais pas m'abaisser à leur niveau.;;;No, no me rebajaré a su nivel.;;;;;;;;;x
EVTDESCvolantis.578;[From.GetFirstNameWithDynasty] has long held a grudge against me and my house, and has stooped to the level of petty vandal to get back at me. [From.GetSheHeCap] hired a gang of thugs to attack my ancestors statue commemorating their Triarchy, having it beheaded and ruined.;[From.GetFirstNameWithDynasty] a depuis longtemps une haine contre moi et ma maison, et s'est abaissé au niveau pitoyable vandale pour m'atteindre. [From.GetSheHeCap] a engagé une bande de voyous pour s'attaquer à la statue de mon ancêtre commémorant son triarquat. Ils ont décapité la statue avant de la détruire.;;;[From.GetFirstNameWithDynasty] odia a mi familia y a mi desde hace mucho tiempom, y se ha rebajado al nivel de un vándalo común para fastidiarme. Ha contratado una banda de matones para atacar la estatua en honor a mi antepasado. Decapitaron la estatua antes de destrozarla.;;;;;;;;;x
EVTOPTA_volantis_578;I will have vengeance for this!;Je me vengerai !;;;Me vengaré!;;;;;;;;;x
elected_triarch_1;Newly Elected Triarch;Triarque nouvellement élu;;;Triarca recién elegido;;;;;;;;;x
elected_triarch_2;Newly Elected Triarch;Triarque nouvellement élu;;;Triarca recién elegido;;;;;;;;;x
TOOLTIPvolantisvotecountA;You received §Y[Root.election_votes.GetValue]§! votes\n;Vous obtenez les votes de §Y[From.GetLearning]§! \n;;;Recibes §Y[Root.election_votes.GetValue]§! votos\n;;;;;;;;;x
TOOLTIPvolantisvotecountB;[From.GetTitledFirstName] received §Y[From.election_votes.GetValue]§! Votes\n;[From.GetTitledFirstName] obtient les votes de §Y[FromFrom.GetLearning]§! \n;;;[From.GetTitledFirstName] ha recibido §Y[From.election_votes.GetValue]§! votos\n;;;;;;;;;x
triarch_imprison;Imprison (Triarch);Emprisonner (triarque);;;Encarcelar triarca;;;;;;;;;x
triarch_imprison_desc;You can use your powers as Triarch to try and have [Root.GetTitledFirstName] imprisoned. You will need the agreement of your fellow junior Triarch to do this.;Vous pouvez utiliser vos pouvoirs de triarque pour faire emprisonner [Root.GetTitledFirstName]. Vous aurez besoin de l'accord de l'un des triarques mineurs.;;;Puedes utilizar tus poderes de triarca para encarcelar a [Root.GetTitledFirstName]. Necesitarás que uno de los triarcas menores esté de acuerdo.;;;;;;;;;x
TOOLTIPtriarch_imprisonPROGRESS;Is NOT currently trying to have someone imprisoned\n;N'essaye pas de faire emprisonner quelqu'un\n;;;NO está tratando de encarcelar a nadie actualmente\n;;;;;;;;;x
TOOLTIPtriarch_imprisonTRIARCH;Is NOT a Triarch\n;N'est pas un triarque\n;;;NO es un triarca\n;;;;;;;;;x
TOOLTIPtriarch_imprisonREJECTED;[From.GetTitledFirstName] has NOT tried and failed to have [Root.GetFirstNameWithDynasty] imprisoned in the past year\n;[From.GetTitledFirstName] n'a pas essayé de faire emprisonné [Root.GetFirstNameWithDynasty] lors de l'année passée\n;;;[From.GetTitledFirstName] NO ha intentado encarcelar a [Root.GetFirstNameWithDynasty] durante un año\n;;;;;;;;;x
TOOLTIPvolantis.130;Triarch [This.GetFirstNameWithDynasty] will consider your proposal to have [Root.GetFirstNameWithDynasty] imprisoned.;Triarque [This.GetFirstNameWithDynasty] va examiner votre proposition de faire emprisonner [Root.GetFirstNameWithDynasty].;;;El Triarca [This.GetFirstNameWithDynasty] considerará tu propuesta de encarcelar a [Root.GetFirstNameWithDynasty].;;;;;;;;;x
TOOLTIPtriarch_imprisonCHANCE;That, if your fellow Triarch agrees, [Root.GetFirstNameWithDynasty] is successfully imprisoned. The senior Triarch will arbitrate if they are not.;Si les autres triarques sont d'accord [Root.GetFirstNameWithDynasty] sera emprisonné. S'ils ne sont pas d'accord, le triarque principal tranchera.;;;Si los otros triarcas están de acuerdo, [Root.GetFirstNameWithDynasty] será encarcelado. Si no lo están, el triarca principal decidirá.;;;;;;;;;x
EVTDESCvolantis.130;Your fellow Triach, [FromFrom.GetFirstNameWithDynasty], approaches you in private before a meeting of the Triarchy. [FromFrom.GetSheHeCap] says [FromFrom.GetSheHe] desires to see [From.GetTitledFirstNameWithDynasty] arrested, and is asking for your backing. With your collective power [From.GetTitledFirstName] can be imprisoned legally.;Votre collège triarque, [FromFrom.GetFirstNameWithDynasty], vous approche discrètement avant une réunion de la Triarchie. [FromFrom.GetSheHeCap] dit qu'[FromFrom.GetSheHe] désire voir [From.GetTitledFirstNameWithDynasty] être arrêté et demande votre soutien. Avec vos deux voix [From.GetTitledFirstName] sera légalement emprisonné.;;;El Triarca, [FromFrom.GetFirstNameWithDynasty], se acerca discretamente antes de una reunión de la Triarquía. Dice que desea ver encarcelado a [From.GetTitledFirstNameWithDynasty] y pide tu apoyo. Con vuestros dos votos [From.GetTitledFirstName] será legalmente arrestado.;;;;;;;;;x
EVTOPTAvolantis.130;Yes, I think that would be beneficial for everyone;Oui, je pense que cela pourrait être bénéfique pour nous deux.;;;Sí, creo que podría ser beneficioso para ambos.;;;;;;;;;x
TOOLTIPvolantis.135;Else the arrest fails, leaving the senior Triarch to arbitrate\n;Si l'arrêt échoue, le triarque principal arbitrera\n;;;Si el arresto fracasa, el Triarca principal decidirá\n;;;;;;;;;x
EVTOPTBvolantis.130;No, I see no just cause to do this;Non, je ne vois pas de raison de faire ça;;;No, no veo ninguna razón para ello.;;;;;;;;;x
TOOLTIPvolantis.134;is informed;est informé;;;será informado;;;;;;;;;x
EVTDESCvolantis.131;After a meeting of the Triarchy of the city, you were shocked to learn that a warrant was issued for your arrest! Apparently Triarchs [From.GetFirstNameWithDynasty] and [FromFromFrom.GetFirstNameWithDynasty] conspired to use their collective power to legally act against you. Their men arrested you before you had the chance to respond.;Après une réunion de la triarchie, vous avez été choqué d'apprendre qu'un mandat d'arrestation a été publié à votre encontre ! Apparemment les triarques [From.GetFirstNameWithDynasty] et [FromFromFrom.GetFirstNameWithDynasty] ont conspiré pour utiliser leur pouvoir pour agir légalement contre vous. Leurs hommes vous arrêtent avant que vous ne puissiez réagir.;;;Tras una reunión de la Triarquía, te ha sorprendido saber que han emitido una orden de arresto en tu contra!. Parece que los triarcas [From.GetFirstNameWithDynasty] y [FromFromFrom.GetFirstNameWithDynasty] han conspirado para utilizar su poder para actuar legalmente contra ti. Sus hombres te han arrestado antes de que pudieses reaccionar.;;;;;;;;;x
EVTOPTAvolantis.131;This is tyranny!;C'est un acte tyrannique !;;;Es un acto tiránico!;;;;;;;;;x
EVTDESCvolantis.132;At a meeting of the Triarchy you were surprised to hear of Triarch [FromFromFrom.GetFirstNameWithDynasty]'s proposal to have [FromFrom.GetTitledFirstNameWithDynasty] arrested. When Triarch [From.GetFirstNameWithDynasty] quickly agreed you had no choice but to approve the warrant for [FromFrom.GetHerHis] arrest. [FromFrom.GetTitledFirstName] was detained within hours.;Lors d'une rencontre de la triarchie vous avez été surpris d'entendre la proposition du triarque [FromFromFrom.GetFirstNameWithDynasty] de faire arrêter [FromFrom.GetTitledFirstNameWithDynasty]. Puisque le triarque [From.GetFirstNameWithDynasty] a rapidement donné son accord vous n'avez eu d'autres choix que d'accepter le mandat d'arrêt. [FromFrom.GetTitledFirstName] a été rapidement arrêté.;;;En una reunión de la Triarquía te ha sorprendido escuchar la propuesta del Triarca [FromFromFrom.GetFirstNameWithDynasty] para arrestar a [FromFrom.GetTitledFirstNameWithDynasty]. Como el Triarca [From.GetFirstNameWithDynasty] rápidamente estuvo de acuerdo no te queda más remedio que aceptar la orden de arresto. [FromFrom.GetTitledFirstName] ha sido rápidamente detenido.;;;;;;;;;x
EVTOPTAvolantis.132;Their collective power left me no choice;Leurs deux voix ne m'ont pas laissé le choix.;;;Sus votos conjuntos no me dejan elección;;;;;;;;;x
EVTDESCvolantis.133;Before a meeting of the Triarchy you mananged to convince Triarch [From.GetFirstNameWithDynasty] to agree to your proposal. You used your collective power to issue a warrant for [FromFrom.GetTitledFirstNameWithDynasty]'s arrest, which within hours was swiftly enforced before [FromFrom.GetSheHe] could respond.;Avant une réunion de la triarchie vous parvenez à convaincre le triarque [From.GetFirstNameWithDynasty] d'accepter votre proposition. Vous utilisez vos deux voix pour décréter un mandat d'arrêt contre [FromFrom.GetTitledFirstNameWithDynasty]. [FromFrom.GetSheHeCap] a été rapidement arrêté.;;;Antes de una reunión de la Triarquía intentas convencer al Triarca [From.GetFirstNameWithDynasty] de aceptar tu propuesta. Utilizáis vuestros dos votos para decretar una orden de arresto contra [FromFrom.GetTitledFirstNameWithDynasty], que rápidamente ha sido detenido.;;;;;;;;;x
EVTOPTAvolantis.133;[FromFrom.GetSheHeCap] is secure in my custody;Sous ma garde, [FromFrom.GetSheHe] sera en sécurité.;;;Bajo mi custodia, estará a salvo.;;;;;;;;;x
EVTDESCvolantis.134;You approached Triarch [From.GetFirstNameWithDynasty] asking for [From.GetHerHis] support in arresting [FromFrom.GetTitledFirstNameWithDynasty]. [From.GetSheHeCap] declined to help you, leaving you without the power to issue a warrant.;Vous approchez le triarque [From.GetFirstNameWithDynasty] pour lui demander de soutenir votre proposition de faire arrêter [FromFrom.GetTitledFirstNameWithDynasty]. [From.GetSheHeCap] a refusé de vous aider, vous laissant de l'incapacité de décréter un mandat d'arrestation.;;;Te acercas al Triarca [From.GetFirstNameWithDynasty] para pedirle que apoye tu propuesta de arrestar a [FromFrom.GetTitledFirstNameWithDynasty]. Él rechaza ayudarte, dejándote en minoría para poder decretar una orden de arresto.;;;;;;;;;x
EVTOPTAvolantis.134;I must find some other way;Je dois trouver un autre moyen.;;;Deberé encontar otra forma...;;;;;;;;;x
EVTDESCvolantis.135;After a meeting of the Triarchy of the city, you were shocked to learn that a warrant was issued for your arrest! Apparently Triarchs [From.GetFirstNameWithDynasty] and [FromFromFrom.GetFirstNameWithDynasty] conspired to use their collective power to legally act against you. Before their agents could catch you, however, you barricaded yourself in [Root.Capital.Capital.GetName].;Après une réunion de la triarchie, vous avez été choqué d'apprendre qu'un mandat d'arrestation a été publié à votre encontre ! Apparemment les triarques [From.GetFirstNameWithDynasty] et [FromFromFrom.GetFirstNameWithDynasty] ont conspiré pour utiliser leur pouvoir pour agir légalement contre vous. Avant que leurs hommes ne puissent vous attraper, vous vous barricadez à(dans) [Root.Capital.Capital.GetName].;;;Tras una reunión de la Triarquía, te ha sorprendido saber que han emitido una orden de arresto en tu contra!. Parece que los triarcas [From.GetFirstNameWithDynasty] y [FromFromFrom.GetFirstNameWithDynasty] han conspirado para utilizar su poder para actuar legalmente contra ti. Antes de que sus hombres te atrapen, te refugias en [Root.Capital.Capital.GetName].;;;;;;;;;x
EVTOPTAvolantis.135;Run away!!!;Foutez le camp !;;;Huye!;;;;;;;;;x
EVTOPTCvolantis.135;They will have to force me out!;Ils vont devoir me forcer à sortir !;;;Tendrán que forzarme para salir!;;;;;;;;;x
EVTOPTDvolantis.135;I will submit my myself to the senior Triarch instead;Je vais plutôt me rendre au triarque principal.;;;Me presentaré ante el Triarca principal;;;;;;;;;x
TOOLTIPvolantis.137;[This.GetFirstNameWithDynasty], the senior Triarch, may decide to enforce your arrest by force;[This.GetFirstNameWithDynasty], le triarque principal, peut décider de vous faire arrêter par la force.;;;[This.GetFirstNameWithDynasty], el Triarca principal, puede decidir que te detengan a la fuerza.;;;;;;;;;x
EVTDESCvolantis.136;Before a meeting of the Triarchy you and Triarch [FromFrom.GetFirstNameWithDynasty] came to an agreement. You used your collective power to issue a warrant for [From.GetTitledFirstNameWithDynasty]'s arrest. However [From.GetSheHe] managed to evade capture and has subsequently fled the city.;Avant une réunion de la triarchie vous êtes parvenu à un accord avec le triarque [FromFrom.GetFirstNameWithDynasty]. Vous avez utilisé vos deux voix pour décréter un mandat d'arrestation contre [From.GetTitledFirstNameWithDynasty]. Cependant [From.GetSheHe] est parvenu à éviter d'être capturé et a fui la cité.;;;Antes de una reunión de la Triarquía llegaste a un acuerdo con el Triarca [FromFrom.GetFirstNameWithDynasty]. Utilizasteis vuestros votos para decretar una orden de arresto contra [From.GetTitledFirstNameWithDynasty]. Sin embargo, consiguió escapar de la ciudad.;;;;;;;;;x
EVTDESCvolantis.136B;Before a meeting of the Triarchy you and Triarch [FromFromFromFrom.GetFirstNameWithDynasty] came to an agreement. You used your collective power to issue a warrant for [From.GetTitledFirstNameWithDynasty]'s arrest. However [From.GetSheHe] managed to evade capture and has subsequently fled the city.;Avant une réunion de la triarchie vous êtes parvenu à un accord avec le triarque [FromFromFromFrom.GetFirstNameWithDynasty]. Vous avez utilisé vos deux voix pour décréter un mandat d'arrestation contre [From.GetTitledFirstNameWithDynasty]. Cependant [From.GetSheHe] est parvenu à éviter d'être capturé et a fui la cité.;;;Antes de una reunión de la Triarquía llegaste a un acuerdo con el Triarca [FromFromFromFrom.GetFirstNameWithDynasty]. Utilizasteis vuestros votos para decretar una orden de arresto contra [From.GetTitledFirstNameWithDynasty]. Sin embargo, consiguió escapar de la ciudad.;;;;;;;;;x
EVTOPTAvolantis.136;Too cowardly to face judgement it seems;Trop lâche pour se soumettre à un procès.;;;Demasiado cobarde para someterse a un juicio.;;;;;;;;;x
EVTDESCvolantis.137;At a meeting of the Triarchy you were surprised to hear of Triarch [FromFromFromFrom.GetFirstNameWithDynasty]'s proposal to have [From.GetTitledFirstNameWithDynasty] arrested. When Triarch [FromFrom.GetFirstNameWithDynasty] quickly agreed you had no choice but to approve the warrant for [FromFrom.GetHerHis] arrest. [From.GetTitledFirstName] evaded capture however and barricaded [From.GetHerHim]self in [From.Capital.Capital.GetName]. Now it falls to you to enforce the law.;Lors d'une rencontre de la triarchie vous avez été surpris d'entendre la proposition du triarque [FromFromFrom.GetFirstNameWithDynasty] de faire arrêter [FromFrom.GetTitledFirstNameWithDynasty]. Puisque le triarque [From.GetFirstNameWithDynasty] a rapidement donné son accord vous n'avez eu d'autres choix que d'accepter le mandat d'arrêt. [From.GetTitledFirstName] est parvenu à échapper à la capture et s'est barricadé chez [From.GetHerHim] à(dans) [From.Capital.Capital.GetName]. Il revient désormais à vous de faire respecter la loi.;;;En una reunión de la Triarquía te ha sorprendido escuchar la propuesta del Triarca [FromFromFrom.GetFirstNameWithDynasty] para arrestar a [FromFrom.GetTitledFirstNameWithDynasty]. Como el Triarca [From.GetFirstNameWithDynasty] rápidamente estuvo de acuerdo no te queda más remedio que aceptar la orden de arresto. [From.GetTitledFirstName] consiguió evitar el arresto y se ha atrincherado en su casa de [From.Capital.Capital.GetName]. Ahora te corresponde a ti hacer cumplir la ley.;;;;;;;;;x
EVTOPTAvolantis.137;I will root [From.GetHerHim] out by force!;Je vais le(a) faire sortir par la force !;;;Lo haré salir por la fuerza!;;;;;;;;;x
EVTOPTBvolantis.137;This is not my fight;Ce n'est pas mon combat.;;;No es mi pelea.;;;;;;;;;x
EVTDESCvolantis.138;Triarch [From.GetFirstNameWithDynasty] has decided to enforce the Triarchy's warrant, and has raised arms against me!;Le triarque [From.GetFirstNameWithDynasty] a décidé de faire respecter le mandat d'arrestation de la triarchie et a pris les armes contre moi !;;;El Triarca [From.GetFirstNameWithDynasty] ha decidido respetar la orden de arresto de la Triarquía y ha tomado las armas contra mí!;;;;;;;;;x
EVTOPTAvolantis.138;Come and get me!;Viens donc si tu l'oses !;;;Venid a cogerme!;;;;;;;;;x
EVTDESCvolantis.139;Before a meeting of the Triarchy you and Triarch [FromFromFrom.GetFirstNameWithDynasty] came to an agreement. You used your collective power to issue a warrant for [FromFrom.GetTitledFirstNameWithDynasty]'s arrest. However [FromFrom.GetSheHe] managed to evade capture, barricading [FromFrom.GetHerHim]self in [FromFrom.Capital.Capital.GetName]. Consequently [From.GetFirstNameWithDynasty], the senior Triarch, has wisely decided to intervene and enforce the arrest by force of arms.;Avant une réunion de la triarchie vous êtes parvenu à un accord avec le triarque [FromFromFrom.GetFirstNameWithDynasty]. Vous avez utilisé vos deux voix pour décréter un mandat d'arrestation contre [FromFrom.GetTitledFirstNameWithDynasty]. Cependant [FromFrom.GetSheHe] est parvenu à éviter d'être capturé et s'est barricadé à(dans) [FromFrom.Capital.Capital.GetName]. Le triarque principal [From.GetFirstNameWithDynasty] a sagement décidé d'intervenir et de faire appliquer le mandat d'arrêt par les armes.;;;Antes de una reunión de la Triarquía llegaste a un acuerdo con el Triarca [FromFromFrom.GetFirstNameWithDynasty]. Utilizasteis vuestros votos para decretar una orden de arresto contra [FromFrom.GetTitledFirstNameWithDynasty]. Sin embargo, consiguió evitar la captura y se ha atrincherado en [FromFrom.Capital.Capital.GetName]. El Triarca principal [From.GetFirstNameWithDynasty] ha decidido sabiamente intervenir y aplicar la orden de arresto por la fuerza. ;;;;;;;;;x
EVTDESCvolantis.139B;Before a meeting of the Triarchy you and your fellow junior Triarch came to an agreement. You used your collective power to issue a warrant for [FromFrom.GetTitledFirstNameWithDynasty]'s arrest. However [FromFrom.GetSheHe] managed to evade capture, barricading [FromFrom.GetHerHim]self in [FromFrom.Capital.Capital.GetName]. Consequently [From.GetFirstNameWithDynasty], the senior Triarch, has wisely decided to intervene and enforce the arrest by force of arms.;Avant une réunion de la triarchie vous êtes parvenu à un accord avec l'autre triarque mineur. Vous avez utilisé vos deux voix pour décréter un mandat d'arrestation contre [FromFrom.GetTitledFirstNameWithDynasty]. Cependant [FromFrom.GetSheHe] est parvenu à éviter d'être capturé et s'est barricadé à(dans) [FromFrom.Capital.Capital.GetName]. Le triarque principal [From.GetFirstNameWithDynasty] a sagement décidé d'intervenir et de faire appliquer le mandat d'arrêt par les armes.;;;Antes de una reunión de la Triarquía llegaste a un acuerdo con el otro Triarca menor. Utilizasteis vuestros votos para decretar una orden de arresto contra [FromFrom.GetTitledFirstNameWithDynasty]. Sin embargo, consiguió evitar la captura y se ha atrincherado en [FromFrom.Capital.Capital.GetName]. El Triarca principal [From.GetFirstNameWithDynasty] ha decidido sabiamente intervenir y aplicar la orden de arresto por la fuerza. ;;;;;;;;;x
weak_triarch;Weak Triarch;Faible triarque;;;Triarca débil;;;;;;;;;x
EVTOPTAvolantis.139;[FromFrom.GetSheHeCap] will regret resisting us;[FromFrom.GetSheHeCap] va regretter sa résistance;;;[FromFrom.GetSheHeCap] lamentará su resistencia;;;;;;;;;x
EVTDESCvolantis.140;Triarch [From.GetFirstNameWithDynasty] has shown [From.GetHerHim]seld to be weak, for [From.GetSheHe] has decided not to enforce the Triarchy's warrant against you.;Le triarque [From.GetFirstNameWithDynasty] s'est montré faible, [From.GetSheHe] a décidé de ne pas faire appliquer le mandat d'arrestation de la triarchie contre vous.;;;El triarca [From.GetFirstNameWithDynasty] ha demostrado ser débil, ha decidido no aplicar la orden de arresto de la Triarquía contra tí.;;;;;;;;;x
EVTOPTAvolantis.140;[From.GetSheHeCap] is wise not to move against me;[From.GetSheHeCap] est sage de ne pas se dresser contre moi.;;;Ha sido muy sabio al no actuar en contra mía.;;;;;;;;;x
EVTDESCvolantis.144;Before a meeting of the Triarchy you and Triarch [FromFromFrom.GetFirstNameWithDynasty] came to an agreement. You used your collective power to issue a warrant for [FromFrom.GetTitledFirstNameWithDynasty]'s arrest. However [FromFrom.GetSheHe] managed to evade capture, barricading [FromFrom.GetHerHim]self in [FromFrom.Capital.Capital.GetName]. [From.GetFirstNameWithDynasty], the senior Triarch, should be obliged to enforce our warrant. [From.GetSheHeCap] has proved [From.GetHerHim]self weak, however, and has chosen not to enforce our will.;Avant une réunion de la triarchie vous êtes parvenu à un accord avec le triarque [FromFromFrom.GetFirstNameWithDynasty]. Vous avez utilisé vos deux voix pour décréter un mandat d'arrestation contre [FromFrom.GetTitledFirstNameWithDynasty]. Cependant [FromFrom.GetSheHe] est parvenu à éviter d'être capturé et s'est barricadé à(dans) [FromFrom.Capital.Capital.GetName]. [From.GetFirstNameWithDynasty], le triarque principal, était obligé de faire appliquer votre mandat d'arrestation. Mais [From.GetSheHe] a prouvé qu'[From.GetSheHe] était un faible en ne faisant pas appliquer le mandat. ;;;Antes de una reunión de la Triarquía llegaste a un acuerdo con el Triarca [FromFromFrom.GetFirstNameWithDynasty]. Utilizasteis vuestros votos para decretar una orden de arresto contra [FromFrom.GetTitledFirstNameWithDynasty]. Sin embargo, consiguió evitar la captura y se ha atrincherado en [FromFrom.Capital.Capital.GetName]. El Triarca principal [From.GetFirstNameWithDynasty] estaba obligado a aplicar la orden de arresto, pero ha demostrado ser débil al no hacerlo.;;;;;;;;;x
EVTDESCvolantis.144B;Before a meeting of the Triarchy you and your fellow junior Triarch came to an agreement. You used your collective power to issue a warrant for [FromFrom.GetTitledFirstNameWithDynasty]'s arrest. However [FromFrom.GetSheHe] managed to evade capture, barricading [FromFrom.GetHerHim]self in [FromFrom.Capital.Capital.GetName]. [From.GetFirstNameWithDynasty], the senior Triarch, should be obliged to enforce our warrant. [From.GetSheHeCap] has proved [From.GetHerHim]self weak, however, and has chosen not to enforce our will.;Avant une réunion de la triarchie vous êtes parvenu à un accord avec l'autre triarque mineur. Vous avez utilisé vos deux voix pour décréter un mandat d'arrestation contre [FromFrom.GetTitledFirstNameWithDynasty]. Cependant [FromFrom.GetSheHe] est parvenu à éviter d'être capturé et s'est barricadé à(dans) [FromFrom.Capital.Capital.GetName]. [From.GetFirstNameWithDynasty], le triarque principal, était obligé de faire appliquer votre mandat d'arrestation. Mais [From.GetSheHe] a prouvé qu'[From.GetSheHe] était un faible en ne faisant pas appliquer le mandat. ;;;Antes de una reunión de la Triarquía llegaste a un acuerdo con el otro Triarca menor. Utilizasteis vuestros votos para decretar una orden de arresto contra [FromFrom.GetTitledFirstNameWithDynasty]. Sin embargo, consiguió evitar la captura y se ha atrincherado en [FromFrom.Capital.Capital.GetName]. El Triarca principal [From.GetFirstNameWithDynasty] estaba obligado a aplicar la orden de arresto, pero ha demostrado ser débil al no hacerlo.;;;;;;;;;x
EVTOPTAvolantis.144;A weak and unjust action;Une décision injuste et qui démontre de la faiblesse.;;;Una decisión injusta y que demuestra su debilididad.;;;;;;;;;x
EVTDESCvolantis.142;At a meeting of the Triarchy you were surprised to hear of Triarch [FromFromFromFrom.GetFirstNameWithDynasty]'s proposal to have [From.GetTitledFirstNameWithDynasty] arrested. When Triarch [FromFrom.GetFirstNameWithDynasty] quickly agreed you had no choice but to approve the warrant for [FromFrom.GetHerHis] arrest. [From.GetTitledFirstName] evaded their capture however, and has chosen to submit [From.GetHerHim]self to your custody instead.;Lors d'une rencontre de la triarchie vous avez été surpris d'entendre la proposition du triarque [FromFromFrom.GetFirstNameWithDynasty] de faire arrêter [FromFrom.GetTitledFirstNameWithDynasty]. Puisque le triarque [From.GetFirstNameWithDynasty] a rapidement donné son accord vous n'avez eu d'autres choix que d'accepter le mandat d'arrêt. [From.GetTitledFirstName] est parvenu à échapper à la capture et a préféré se rendre à vous.;;;En una reunión de la Triarquía te ha sorprendido escuchar la propuesta del Triarca [FromFromFrom.GetFirstNameWithDynasty] para arrestar a [FromFrom.GetTitledFirstNameWithDynasty]. Como el Triarca [From.GetFirstNameWithDynasty] rápidamente estuvo de acuerdo no te queda más remedio que aceptar la orden de arresto. [From.GetTitledFirstName] ha logrado evitar la captura y ha acudido ante tí para entregarse.;;;;;;;;;x
EVTOPTAvolantis.142;Wise, I will certainly treat [From.GetHerHim] more honourably;Sage décision, je le(a) traiterai plus honorablement.;;;Sabia decisión, lo trataré honorablemente.;;;;;;;;;x
EVTDESCvolantis.143;Before a meeting of the Triarchy you and Triarch [FromFromFrom.GetFirstNameWithDynasty] came to an agreement. You used your collective power to issue a warrant for [FromFrom.GetTitledFirstNameWithDynasty]'s arrest. However [FromFrom.GetSheHe] managed to evade capture, and has chosen to submit [FromFrom.GetHerHim]self to senior Triarch [From.GetFirstNameWithDynasty]'s custody instead.;Avant une réunion de la triarchie vous êtes parvenu à un accord avec le triarque [FromFromFrom.GetFirstNameWithDynasty]. Vous avez utilisé vos deux voix pour décréter un mandat d'arrestation contre [FromFrom.GetTitledFirstNameWithDynasty]. Cependant [FromFrom.GetSheHe] est parvenu à éviter d'être capturé et a choisi de se rendre au triarque principal [From.GetFirstNameWithDynasty].;;;Antes de una reunión de la Triarquía llegaste a un acuerdo con el Triarca [FromFromFrom.GetFirstNameWithDynasty]. Utilizasteis vuestros votos para decretar una orden de arresto contra [FromFrom.GetTitledFirstNameWithDynasty]. Sin embargo, logró evitar la captura y se entregó directamente al Triarca principal [From.GetFirstNameWithDynasty].;;;;;;;;;x
EVTDESCvolantis.143B;Before a meeting of the Triarchy you and your fellow junior Triarch came to an agreement. You used your collective power to issue a warrant for [FromFrom.GetTitledFirstNameWithDynasty]'s arrest. However [FromFrom.GetSheHe] managed to evade capture, and has chosen to submit [FromFrom.GetHerHim]self to senior Triarch [From.GetFirstNameWithDynasty]'s custody instead.;Avant une réunion de la triarchie vous êtes parvenu à un accord avec l'autre triarque mineur. Vous avez utilisé vos deux voix pour décréter un mandat d'arrestation contre [FromFrom.GetTitledFirstNameWithDynasty]. Cependant [FromFrom.GetSheHe] est parvenu à éviter d'être capturé et a choisi de se rendre au triarque principal [From.GetFirstNameWithDynasty].;;;Antes de una reunión de la Triarquía llegaste a un acuerdo con el otro Triarca menor. Utilizasteis vuestros votos para decretar una orden de arresto contra [FromFrom.GetTitledFirstNameWithDynasty]. Sin embargo, logró evitar la captura y se entregó directamente al Triarca principal [From.GetFirstNameWithDynasty].;;;;;;;;;x
EVTOPTAvolantis.143;At least [FromFrom.GetSheHe] is being held captive;Au moins est-[FromFrom.GetSheHe] captif(ve);;;Al menos está encerrado;;;;;;;;;x
opinion_triarch_imprisonment_agreed;Agreed to Imprisonment;A accepté d'être emprisonné;;;Ha aceptado ser encarcelado;;;;;;;;;x
opinion_triarch_imprisoned_me;Triarch Imprisoned Me;Triarque m'a emprisonné;;;El Triarca me ha encarcelado;;;;;;;;;x
opinion_triarch_did_not_imprison_me;Triarch Did Not Imprion Me;Triarque ne pas m'a pas emprisonné;;;El triarca no me ha encarcelado;;;;;;;;;x
opinion_triarch_imprison_reject;Ignored Triarch Arrest Warrant;A ignoré le mandat;;;Ha ignorado la orden de arresto;;;;;;;;;x
grant_freehold;Grant a Freehold;Octroyer une possession;;;Otorgar una heredad;;;;;;;;;x
grant_freehold_desc;Purchase a Freehold for [Root.GetTitledFirstNameWithDynasty], which will make them eligible to vote in elections.;Offrir une possession à [Root.GetTitledFirstNameWithDynasty], ce qui donnera le droit de vote lors des élections.;;;Otorgar una heredad a [Root.GetTitledFirstNameWithDynasty], lo que le dará derecho a ser elegible en las elecciones.;;;;;;;;;x
revoke_freehold;Revoke Freehold;Révoquer la possession;;;Revocar una heredad;;;;;;;;;x
revoke_freehold_desc;Seize [Root.GetTitledFirstNameWithDynasty]'s Freehold, taking all [Root.GetHerHis] private lands and property. This will render [Root.GetHerHim] unable to vote in elections.;S'emparer de la possession de [Root.GetTitledFirstNameWithDynasty], le(a) privant de ses terres et propriétés. Ceci l'empêche de voter lors des élections.;;;Apoderarse de la heredad de [Root.GetTitledFirstNameWithDynasty], privándole de sus tierras y propiedades. Esto le impide votar en las elecciones.;;;;;;;;;x
title_triarch_for_life;Triarch For Life;Triarque à vie;;;Triarca de por vida;;;;;;;;;x
name_co_triarch_for_life;Name Co-[From.GetTitle] For Life;Nommez co-triarque à vie;;;Nombre Co-Triarca de por vida;;;;;;;;;x
name_co_triarch_for_life_named;Name [Root.GetTitledFirstName] Co-[From.GetTitle] For Life;Nommez [Root.GetTitledFirstName]  co-triarque à vie;;;Nombre [Root.GetTitledFirstName] Co-Triarca de por vida;;;;;;;;;x
name_co_triarch_for_life_desc;[Root.GetTitledFirstName], your dynastic heir, can be named Co-[From.GetTitle] For Life to rule alongside you. This will ensure continued [Root.GetOnlyDynastyName] rule over [Root.PrimaryTitle.GetName] and avoid the inconvenience of elections.;[Root.GetTitledFirstName], votre héritier dans la dynastie, peut être nommé co-triarque à vie pour régner à vos cotés. Ceci assurera une règne continue des [Root.GetOnlyDynastyName] comme [Root.PrimaryTitle.GetName] et évitera l'inconvénient des élections.;;;[Root.GetTitledFirstName], tu heredero dinástico, puede llamarse Co-Triarca de por vida para gobernar a tu lado. Esto asegurará un reinado continuo de  [Root.GetOnlyDynastyName] como [Root.PrimaryTitle.GetName] y evitará los inconvenientes de las elecciones.;;;;;;;;;x
opinion_named_me_co_triarch_for_life;Named me Co-Triarch For Life;M'a nommé co-triarque à vie;;;Me nombró Co-Triarca de por vida;;;;;;;;;x
TOOLTIPname_co_triarch_for_lifeREALM;The party members of the realm will be upset\n;Les membres du parti du royaume vont être mécontents\n;;;Los miembros del partido del Reino estarán descontentos\n;;;;;;;;;x
opinion_co_triarch_for_life;Named Co-Triarch For Life;Nommé co-triarque à vie;;;Nombrado Co-Triarca de por vida;;;;;;;;;x
EVTDESCvolantis.260;Not content with just being [From.GetTitle] for Life [FromFrom.GetHerHim]self, [FromFrom.GetTitledFirstNameWithDynasty] has named [FromFrom.GetHerHis] heir, [From.GetTitledFirstName], Co-[From.GetTitle] for Life. This will ensure continued [FromFrom.GetOnlyDynastyName] rule over [FromFrom.PrimaryTitle.GetName] into the future.;Non content d'être déjà triarque à vie, [FromFrom.GetTitledFirstNameWithDynasty] a nommé son héritier(ère), [From.GetTitledFirstName], co-triarque à vie.  Ceci assurera un règne continue des [FromFrom.GetOnlyDynastyName] comme [FromFrom.PrimaryTitle.GetName] dans le futur.;;;No contento con ser un triarca de por vida, [FromFrom.GetTitledFirstNameWithDynasty] ha nombrado a su heredero, [From.GetTitledFirstName], Co-Triarca de por vida. Esto asegurará el reinado continuo de [FromFrom.GetOnlyDynastyName] como [FromFrom.PrimaryTitle.GetName] en el futuro.;;;;;;;;;x
EVTOPTAvolantis.260;Some will say they need to be elected;Certains diront qu'ils doivent être élus.;;;Algunos dirán que deben ser elegidos;;;;;;;;;x
EVTOPTBvolantis.260;[From.GetFirstName] will one day rule in my place;[From.GetFirstName] sera un jour à ma place;;;[From.GetFirstName] un día estará en mi lugar;;;;;;;;;x
EVTOPTCvolantis.260;I am pleased with this;Ça me plait;;;Estoy satisfecho con esto;;;;;;;;;x
EVTDESCvolantis.270;As you have been rendered incapable to rule as Triarch in your own right, one of the junior Triarchs shall assume the regency.;Comme vous avez été reconnu incapable de régner comme triarque, un des triarques mineurs doit assurer la régence.;;;Como se te ha hecho incapaz de gobernar como Triarca por derecho propio, uno de los triarcas menores asumirá la regencia.;;;;;;;;;x
TOOLTIPtitle_patrician_heirNOTTRIARCHFORLIFE;Has NOT been named Triarch for Life;;;;Has NOT been named Triarca de por vida;;;;;;;;;x
triarch_economy_project;Small Elephant Project;;;;Proyecto Pequeño Elefante;;;;;;;;;x
triarch_military_project;Small Tiger Project;;;;Proyecto Pequeño Tigre;;;;;;;;;x
EVTOPTCvolantis.118;I can only afford a small project;;;;Solo puedo pagar un pequeño proyecto;;;;;;;;;x
