#CODE;ENGLISH;FRENCH;GERMAN;;SPANISH;;;;;;;;;x
valyrian_steel;Valyrian Steel Sword;Epée en acier valyrien;;;Espada de acero valyrio;;;;;;;;;x
valyrian_steel_desc;Valyrian steel is a magical alloy invented in Valyria and used to make weapons of unparalleled quality.;L'acier valyrien est un alliage magique inventé à Valyria et utilisé pour forger des armes d'une qualité inégalable.;;;El acero valyrio es una aleación metálica mágica inventada en Valyria y usada en la fabricación de armas de calidad incomparable.;;;;;;;;;x
dawn;Dawn;Aube;;;Albor;;;;;;;;;x
dawn_desc;The ancestral greastsword of House Dayne, said to be made from metal forged from the heart of a fallen star. Dawn is largely the reason for House Dayne's fame. Its origins are lost to legend, but it seems likely that the Daynes have carried it for thousands of years. The blade is as pale as milkglass, looking like no Valyrian blade, yet sharing all of the properties, being incredibly strong and sharp. Unlike other houses who have ancestral swords, House Dayne does not pass its sword from lord to lord. Only a knight of House Dayne who is worthy can wield it, with this wielder being traditionally known as the Sword of the Morning.;L'épée ancestrale de la Maison Dayne, dont on raconte qu'elle a été forgée à partir d’une étoile tombée du ciel. Aube est grande partie responsable de la gloire de la maison Dayne. On ne connaît pas exactement son origine, on ne se rappelle que ce qu'en disent les légendes mais il est probable que les Dayne la portent depuis des milliers d'années. La lame est pâle et ne ressemble à aucune épée en acier valyrien bien qu'elle partage toutes les qualités, étant incroyablement solide et acérée. Contrairement aux autres maisons qui possèdent une épée ancestrale, les Dayne ne se passe pas l'épée de seigneur en seigneur. Seul un chevalier de la maison Dayne qui en est digne porte Aube, ce porteur est traditionnellement connu sous le titre d’Epée du Matin.;;;La espada ancestral de la Casa Dayne, se dice que se forjo desde el metal de una estrella caída del cielo. Su portador se conoce tradicionalmente como la Espada del Amanecer.;;;;;;;;;x
TOOLTIPclaim_dawn_dishonorable;You must not be any tier of dishonorable\n;Vous ne devez pas être déshonorable\n;;;No debes ser deshonorable\n;;;;;;;;;x
EVTDESC250277;Your [From.GetRootRelation] [From.GetTitledFirstName] has died. By the laws of inheritance you will receive [From.GetValyrianSwordHerHis], use it with honour;Votre [From.GetRootRelation] [From.GetTitledFirstName] est décédé(e). Par les lois de l'héritage, vous recevez[From.GetValyrianSwordHerHis], usez-en avec honneur;;;Has heredado de [Root.GetTitledFirstName] su famosa espada de acero valyrio, úsala con honor;;;;;;;;;x
EVTDESC250277B;[From.GetTitledFirstName], the dishonourable blacksmith, has died. This means [Root.GetValyrianSwordOwned] has been returned to you, no longer in the hands of a thief. Use it with honour.;[From.GetTitledFirstName], le maudit forgeron, est mort. Cela veut dire que [Root.GetValyrianSwordOwned] vous est revenue. Usez-en avec honneur.;;;Has heredado de [Root.GetTitledFirstName] su famosa espada de acero valyrio, úsala con honor;;;;;;;;;x
EVTOPTA250277;It shall be done;Il en sera ainsi;;;Así se hará;;;;;;;;;x
EVTDESC250278;The enemy army is routed and the field is yours, for now. Wandering the battlefield in search of survivors, you notice a gleam of inky-black half-buried beneath the mud. Reaching down, you dig into the dirt with your fingers, only to suddenly cut them on some kind of sharp object. You scrabble to uncover the item, eventually revealing a prized Valyrian-steel blade.;L'armée ennemie est en déroute et le terrain est à vous, pour le moment. Alors que vous recherchez des survivants sur le champ de bataille, vous apercevez une faible lueur d'un noir d'encre provenant d'un petit monticule de boue. Vous vous agenouillez et creusez la poussière avec vos ongles, quand vous vous coupez subitement sur un objet tranchant. Vous extirpez celui-ci de la terre et le grattez jusqu'à découvrir une très convoitée lame en acier valyrien !;;;El ejército enemigo huye y el campo de batalla te pertenece. Recorres el campo de batalla en busca de supervivientes y te fijas en algo que brilla dentro de un montón de lodo, tras escarbar con las manos consigues extraer un objeto afilado...se trata de una espada acero valyrio!;;;;;;;;;x
EVTOPTA250278;To the victor go the spoils!;Au vainqueur va le butin !;;;El botín es para el vencedor!;;;;;;;;;x
EVTDESC250279;The battle rages around you, cries of anger and pain echoing from all angles. As you slash out against yet another assailant, you feel a leaden weight hit you in the chest and you crash to the ground, stunned. It is not until after the battle do you realise that [Root.GetValyrianSwordOwned], your ancestral blade, that you so foolishly wore into battle has been lost in the chaos.;Les combats font rage autour de vous, les cris de douleur et de colère se répercutant sur tout le champ de bataille. Alors que vous frappez de taille un nouvel assaillant, vous sentez un choc violent au niveau de la poitrine et vous vous effondré, sonné par l’impact. Ce n’est qu’après la bataille que vous réalisez que, dans le chaos des combats, vous avez égaré [Root.GetValyrianSwordOwned], votre ancestrale lame, que vous aviez sottement amené avec vous !;;;La batalla retumba a tu alrededor y los gritos de dolor y miedo te rodean. Un golpe de maza en el costado proveniente de un jinete enemigo hace que te tambalees en el caballo y te toca alejarte para no ser derribado. Cuando estás en lugar seguro adviertes que has perdido la famosa hoja de acero valyrio que poseias.;;;;;;;;;x
EVTOPTA250279;Damnation!;Merde !;;;Maldición!;;;;;;;;;x
EVTDESC251400;Your [Root.GetMyCastellanName] brings you a list of all owners of Valyrian blades.;Votre Maître d'Armes vous a compilé une liste de tous les possesseurs d'épées valyriennes.;;;Tu Maestro de Armas te trae una lista de todos los propietarios de espadas de acero valyrio.;;;;;;;;;x
EVTOPTA251400;Swords, axes and arakhs;Ils sont : (regardez l'infobulle).;;;Ellos son: (mirar en la descripción).;;;;;;;;;x
show_me_val_swords;Show owners of Valyrian blades;Montrer les possesseurs d'épées valyriennes;;;Mostrar Espadas de Acero Valyrio;;;;;;;;;x
show_me_val_swords_desc;Ask your Master-at-Arms for a list with all known owners of Valyrian blades.;Demander à votre Maître d'Armes une liste des possesseurs d'épées valyriennes.;;;Solicitar al Maestro de Armas que haga una lista de los propietarios de espadas de acero valyrio.;;;;;;;;;x
opinion_gave_sword_to_me;Gave Me Our Ancestral Sword;M’a donné notre épée ancestrale;;;Me concedió nuestra espada ancestral.;;;;;;;;;x
opinion_didnt_give_sword_to_me;Denied Me Our Ancestral Sword;M’a refusé notre épée ancestrale;;;Me denegó nuestra espada ancestral.;;;;;;;;;x
give_valyrian_sword_to_son;Grant Valyrian Sword;Donner votre épée valyrienne;;;Ceder tu espada de acero valyrio.;;;;;;;;;x
give_valyrian_sword_to_son_desc;I will pass on my sword to [Root.GetFirstName], [Root.GetSheHe] needs it more than I do.;Je vais donner mon épée à [Root.GetFirstName], [Root.GetSheHe] en a plus besoin que moi.;;;Cederé mi espada de acero valyrio a [Root.GetFirstName], la necesita más que yo.;;;;;;;;;x
blackfyre;Blackfyre;Feunoyr;;;Fuegoscuro;;;;;;;;;x
blackfyre_desc;Blackfyre was one of two Valyrian steel swords the Targaryens brought from Dragonstone after the Doom, making it one of the most prized possessions of the Targaryen family;Feunoyr fut l'une des deux épées en acier valyrien que les Targaryen ramenèrent de Peyredragon après le Fléau, faisant d'elle l'une des possessions les plus prisées de la famille Targaryen.;;;Fuegoscuro es una  espada bastarda y una de las dos espadas de acero valyrio que los Targaryen trajeron a Rocadragón antes de la Maldición, por lo que es una de las posesiones más preciadas de la familia Targaryen. Maelys el Monstruoso fue el último poseedor conocido de la espada.;;;;;;;;;x
darksister;Dark Sister;Noire Sœur;;;Hermana Oscura;;;;;;;;;x
darksister_desc;Dark Sister was one of two Valyrian steel swords the Targaryens brought from Dragonstone after the Doom, making it one of the most prized possessions of the Targaryen family. Bloodraven was the last known wielder of the blade.\n\n-If the owner of Dark Sister is a Targaryen, then the head of House Targaryen will usually inherit this sword on the owners death.;Noire Sœur fut l'une des deux épées en acier valyrien que les Targaryen ramenèrent de Peyredragon après le Fléau, faisant d'elle l'une des possessions les plus prisées de la famille Targaryen. Freuxsanglant fut le dernier porteur connu de la lame. ;;;Hermana Oscura una de las dos espadas de acero valyrio que los Targaryen trajeron a Rocadragón antes de la Maldición, por lo que es una de las posesiones más preciadas de la familia Targaryen. Cuervo de Sangre fue el último poseedor conocido de la espada.;;;;;;;;;x
ice;Ice;Glace;;;Hielo;;;;;;;;;x
ice_desc;Ice is the ancestral Valyrian steel greatsword of House Stark, spellforged in Valyria a century before Aegon's conquest.;Glace est l’ancestrale épée en acier valyrien de la Maison Stark, forgée par magie un siècles avant le Débarquement d’Aegon.;;;Hielo es el mandoble ancestral de acero valyrio de la Casa Stark, forjado con magia en Valyria un siglo antes de la conquista de Aegon.;;;;;;;;;x
ice_desc_REFORGED;Ice is the reforged ancestral Valyrian steel greatsword of House Stark, spellforged in Valyria a century before Aegon's conquest. [Root.GetTitledFirstName] recovered the stolen blades Widowswail and Oathkeeper, and had them remade into this sword.;Glace est l’ancestrale épée en acier valyrien de la Maison Stark, forgée par magie un siècles avant le Débarquement d’Aegon.;;;Hielo es el mandoble ancestral de acero valyrio de la Casa Stark, forjado con magia en Valyria un siglo antes de la conquista de Aegon.;;;;;;;;;x
ice_desc_REMNANT;Ice is the ancestral Valyrian steel greatsword of House Stark, spellforged in Valyria a century before Aegon's conquest. [This.Owner.GetTitledFirstName] recovered this remnant of Ice, orginally stolen and reforged into Widowswail and Oathkeeper by the Lannisters.;Glace est l’ancestrale épée en acier valyrien de la Maison Stark, forgée par magie un siècles avant le Débarquement d’Aegon.;;;Hielo es el mandoble ancestral de acero valyrio de la Casa Stark, forjado con magia en Valyria un siglo antes de la conquista de Aegon.;;;;;;;;;x
longclaw;Longclaw;Grand-Griffe;;;Garra;;;;;;;;;x
longclaw_desc;Longclaw is the ancestral Valyrian steel sword of house Mormont which has been in the hands of the Mormont dynasty for hundreds of years.;Grand-Griffe est l’ancestrale épée en acier valyrien de la Maison Mormont qui l’a en sa possession depuis des centaines d’années.;;;Garra es la espada bastarda ancestral de acero valyrio de la casa Mormont y ha pasado de generación en generación durante casi quinientos años.;;;;;;;;;x
longclaw_snow;Longclaw;Grand-Griffe;;;Garra;;;;;;;;;x
longclaw_snow_desc;Longclaw is the ancestral Valyrian steel sword of house Mormont passed onto Jon Snow when Jon and his direwolf saved Mormont's life at Castle Black.;Grand-Griffe est l’ancestrale épée en acier valyrien de la Maison Mormont qui a été remise à Jon Snow après que Jon et son loup-garou aient sauvé la vie de Mormont à Château-Noir.;;;Garra es la espada bastarda ancestral de acero valyrio de la casa Mormont cedida a Jon Nieve cuando Jon y su lobo huargo salvaron la vida de Jeor Mormont en el Castillo Negro.;;;;;;;;;x
brightroar;Brightroar;Rugissante;;;Rugido;;;;;;;;;x
brightroar_desc;Brightroar is the lost ancestral Valyrian steel sword of House Lannister, lost with Tommen II in the Doom of Valyria;Rugissante est l'ancestrale épée en acier valyrien disparue de la Maison Lannister, perdue avec Tommen II lors du Fléau de Valyria;;;Rugido es la espada ancestral de acero valyrio de la Casa Lannister, comprada un siglo antes de la maldición de Valyria. Se perdió cuando el Rey de la Roca Tommen II se embarcó a Valyria y nunca regresó.;;;;;;;;;x
lightbringer;Lightbringer;Illumination;;;Dueña de Luz;;;;;;;;;x
lightbringer_desc;Lightbringer is supposedly the sword of Azor Ahai, a legendary hero who is prophesied to fight the Great Other. Lightbringer is thought to be a sword made of living fire. It is also known as the Red Sword of Heroes.;Selon la légende, Illumination est l'épée de Azor Ahai, un héros légendaire qui, selon la prophétie, doit combattre le Grand Autre. Illumination est censée être faite de feu vivant. Elle est aussi connue sous le nom d'épée rouge des héros.;;;Dueña de Luz, a veces llamada también Portadora de Luz y la Espada Roja de los Héroes, es la espada de Azor Ahai, un héroe legendario que según la profecía combatirá al Gran Otro. Se cree que Dueña de Luz es una espada hecha de fuego. ;;;;;;;;;x
heartsbane;Heartsbane;Corvenin;;;Veneno de Corazón;;;;;;;;;x
heartsbane_desc;Heartsbane is the ancestral Valyrian steel sword of House Tarly. It is a two-handed greatsword which, up until the end of the third century AL, has been in the family for five hundred years.;Corvenin est l'ancestrale épée en acier valyrien de la maison Tarly. C'est une grande épée à deux mains qui, jusqu’à la fin du troisième siècle après la Conquête, a été transmise dans la famille pendant cinq cents ans.;;;Veneno de Corazón es el mandoble ancestral de acero valyrio de la Casa Tarly. Ha estado en la familia durante quinientos años.;;;;;;;;;x
crabspincer;Crab's Pincer;Pince-Crabe;;;Pinza de Cangrejo;;;;;;;;;x
crabspincer_desc;Crab's Pincer is the Valyrian steel axe belonging to House Celtigar.;Pince-Crabe est la hache en acier valyrien de la maison Celtigar.;;;Pinza de Cangrejo es el hacha de acero valyrio ancestral de la Casa Celtigar.;;;;;;;;;x
ladyforlorn;Lady Forlorn;Dame Affliction;;;Dama Desesperada;;;;;;;;;x
ladyforlorn_desc;Lady Forlorn is the Valyrian steel sword belonging to House Corbray. It has a heart-shaped ruby in its pommel.\n\n-If the owner of Lady Forlorn is a Corbray, then the head of House Corbray will usually inherit this sword on the owners death.;Dame Affliction est l'épée en acier valyrien appartenant la Maison Corbray. Son pommeau est serti d'un rubis en forme de cœur.;;;Dama Desesperada es la espada ancestral de acero valyrio de la Casa Corbray. Tiene un rubí en forma de corazón en el pomo.;;;;;;;;;x
redrain;Red Rain;Pluie Pourpre;;;Lluvia Roja;;;;;;;;;x
redrain_desc;Red Rain is rumored to be the old Valyrian steel sword of House Reyne. Hilmar Drumm later acquired it for House Drumm with just his wits and a wooden cudgel.;La rumeur court que Pluie Pourpre serait l’ancienne épée en acier valyrien de la Maison Reyne. Hilmar Timbal s’en empara pour le compte de la Maison Timbal en usant de sa vivacité d’esprit et d’un simple gourdin de bois. ;;;Lluvia Roja es una espada de acero valyrio que se rumorea es la ancestral espada de acero valyrio de la Casa Reyne. Hilmar Drumm la adquirió para la Casa Drumm usando sólo su ingenio y un garrote de madera.;;;;;;;;;x
widowswail;Widow's Wail;Pleurs-de-Veuve;;;Lamento de Viuda;;;;;;;;;x
widowswail_desc;Widow's Wail is a new Valyrian steel sword forged from the old blade Ice on the orders of Tywin Lannister. It has red and black ripples through the steel and its scabbard is garishly decorated with gold, cherrywood, red leather and golden lion heads with ruby eyes.;Pleurs-de-Veuve est une épée en acier valyrien nouvellement forgée à partir de l’antique épée Glace à la demande de Tywin Lannister. La lame d’acier est moirée de rouge et de noir et son fourreau est décoré à outrance d’or, de merisier, de maroquin rouge et de mufles léonins d’or aux yeux de rubis.;;;Lamento de Viuda es una nueva espada de acero valyrio forjada a partir del mandoble ancestral de la Casa Stark, Hielo. Tiene una hermana de forja, Guardajuramentos. Su apariencia es de una hoja con bucles rojos y negros, la vaina está decorada con oro, madera de cerezo y cuero rojo con cabezas de leones de oro, cuyos ojos son rubíes.;;;;;;;;;x
widowswail_descB;[This.GetName] is a new Valyrian steel sword forged from the old blade Ice on the orders of Tywin Lannister. It has red and black ripples through the steel and its scabbard is garishly decorated with gold, cherrywood, red leather and golden lion heads with ruby eyes.;Pleurs-de-Veuve est une épée en acier valyrien nouvellement forgée à partir de l’antique épée Glace à la demande de Tywin Lannister. La lame d’acier est moirée de rouge et de noir et son fourreau est décoré à outrance d’or, de merisier, de maroquin rouge et de mufles léonins d’or aux yeux de rubis.;;;Lamento de Viuda es una nueva espada de acero valyrio forjada a partir del mandoble ancestral de la Casa Stark, Hielo. Tiene una hermana de forja, Guardajuramentos. Su apariencia es de una hoja con bucles rojos y negros, la vaina está decorada con oro, madera de cerezo y cuero rojo con cabezas de leones de oro, cuyos ojos son rubíes.;;;;;;;;;x
oathkeeper;Oathkeeper;Féale;;;Guardajuramentos;;;;;;;;;x
oathkeeper_desc;Oathkeeper is a new Valyrian steel sword forged from the old blade Ice on the orders of Tywin Lannister. It has red and black ripples through the steel.;Féale est une épée en acier valyrien nouvellement forgée à partir de l’antique épée Glace à la demande de Tywin Lannister. Son acier est moiré de rouge et de noir.;;;Guardajuramentos es una espada larga de acero valyrio forjada a partir del mandoble ancestral de la Casa Stark, Hielo. Tiene una hermana de forja, Lamento de Viuda. Su apariencia es de una hoja con bucles rojos y negros.;;;;;;;;;x
oathkeeper_descB;[This.GetName] is a new Valyrian steel sword forged from the old blade Ice on the orders of Tywin Lannister. It has red and black ripples through the steel.;Féale est une épée en acier valyrien nouvellement forgée à partir de l’antique épée Glace à la demande de Tywin Lannister. Son acier est moiré de rouge et de noir.;;;Guardajuramentos es una espada larga de acero valyrio forjada a partir del mandoble ancestral de la Casa Stark, Hielo. Tiene una hermana de forja, Lamento de Viuda. Su apariencia es de una hoja con bucles rojos y negros.;;;;;;;;;x
strangers_mercy;Stranger's Mercy;Mort-Merci;;;Misericordia del Desconocido;;;;;;;;;x
strangers_mercy_desc;Stranger's Mercy is a bastard sword of Valyrian Steel, the pommel set with a piece of polished dragonglass.;Mort-Merci est une épée bâtarde en acier valyrien, du verredragon est incrusté dans son pommeau.;;;Misericordia del Desconocido es una espada bastarda de acero valyrio, la empuñadura está engastada con un pedazo de vidriagón pulido.;;;;;;;;;x
truth;Truth;Vérité;;;Verdad;;;;;;;;;x
truth_desc;Truth is the Valyrian Steel sword of House Rogare, a noble family of ancient lineage from Lys.;Vérité est l'épée en acier valyrien de la maison Rogare, une noble famille lysienne à l'antique ascendance;;;Verdad es la espada de acero valyrio de la casa Rogare, una noble familia lysena de antigua ascendencia.;;;;;;;;;x
lamentation;Lamentation;Lamentation;;;Lamento;;;;;;;;;x
lamentation_desc;Lamentation is the Valyrian Steel sword of House Royce, an old and powerful noble house of the Vale. Pre-dating the Arryn rule of the Vale, they can trace their blood back to the days of the First Men who once populated the Vale and their rule as the Bronze Kings of Runestone, until the Andal conquest in which they were defeated by Artys Arryn, the King of Mountain and Vale.;Lamentation est l'épée en acier valyrien de la maison Royce, une ancienne et puissante maison du Val. Les Royce peuvent remonter leur lignage bien avant l'arrivée des Arryn. A l'époque des Premiers Hommes ils gouvernaient en tant que rois de Bronze des Roches-aux-runes, et cela jusqu'à leur défaite face aux Andals et Artys Arryn, le roi de la Montagne et du Val.;;;Lamento es la espada de acero valyrio de la casa Royce, una antigua y poderosa casa del Valle. Los Royce pueden rastrear su linaje hasta los Primeros Hombres que habitaron el Valle antes de la llegada de los Ándalos.;;;;;;;;;x
poison;Poison;Poison;;;Veneno;;;;;;;;;x
poison_desc;Poison is the Valyrian Steel sword of House Vunatis, a bastard sword of Valyrian steel which was originally intended to be traded for bags of gold with the Volantene across the Narrow Sea, before the ship it traveled on was seized by the Pirate Lords of Bloodstone. The grip is made of dragonbone, carved in a corkscrew pattern.;Poison est l'épée bâtarde en acier valyrien de la maison Vunatis. cette dernière devait au départ être vendue à de riches Volantains, mais le navire sur lequel elle était transportée fut attaqué les seigneurs pirates de Peyresang. Le Pommeau est en os de dragon.;;;Veneno es la espada bastarda de acero valyrio de la casa Vunatis. Inicialmente estaba destinado a ser vendida a ricos volantinos, pero el navío en el que la transportaban fue atacado por los piratas de Piedra Sangrienta. La empuñadura es de huesodragón.;;;;;;;;;x
TOOLTIPVALYRIANSWORDWIELDER;[Prev.GetTitledFirstNameWithDynastyAndTitle] wields §Y[This.GetName]§!\n;[This.GetFirstNameWithDynasty] manie une §Yépée en acier valyrien§!\n;;;[This.GetFirstNameWithDynasty] blande una §Yespada de acero valyrio§!\n;;;;;;;;;x
seafoam;Seafoam;Seafoam;;;Seafoam;;;;;;;;;x
seafoam_desc;Seafoam is the valyrian steel sword which, according to legend, belonged to House Velaryon before the Doom. The pommel is in the shape of a seahorse.;Seafoam est l'épée en acier de Valyrian appartenant à la maison Velaryon, le pommeau est en forme d'hippocampe.;;;Seafoam es la espada de acero de Valyr que pertenece a la Casa Velaryon, el pomo tiene la forma de un caballito de mar.;;;;;;;;;x
TOOLTIPICEWIELDER;[This.GetFirstNameWithDynasty] wields §YIce§!\n;[This.GetFirstNameWithDynasty] manie §YGlace§!\n;;;[This.GetFirstNameWithDynasty] blande a §YHielo§!\n;;;;;;;;;x
TOOLTIPDAWNWIELDER;[This.GetFirstNameWithDynasty] is the Sword of the Morning, wielding §YDawn§!\n;[This.GetFirstNameWithDynasty] est l'Epée du Matin, maniant §YAube§!\n;;;[This.GetFirstNameWithDynasty] es la Espada del Alba, blandiendo a §YAlbor§!\n;;;;;;;;;x
TOOLTIPLONGCLAWWIELDER;[This.GetFirstNameWithDynasty] wields §YLongclaw§!\n;[This.GetFirstNameWithDynasty] manie §YGrand-Griffe§!\n;;;[This.GetFirstNameWithDynasty] blande a §YGarra§!\n;;;;;;;;;x
TOOLTIPBLACKFYREWIELDER;[This.GetFirstNameWithDynasty] wields §YBlackfyre§!\n;[This.GetFirstNameWithDynasty] manie §YFeunoyr§!\n;;;[This.GetFirstNameWithDynasty] blande a §YFuegoscuro§!\n;;;;;;;;;x
TOOLTIPBRIGHTROARWIELDER;[This.GetFirstNameWithDynasty] wields §YBrightroar§!\n;[This.GetFirstNameWithDynasty] manie §YRugissante§!\n;;;[This.GetFirstNameWithDynasty] blande a §YRugido§!\n;;;;;;;;;x
TOOLTIPHEARTSBANEWIELDER;[This.GetFirstNameWithDynasty] wields §YHeartsbane§!\n;[This.GetFirstNameWithDynasty] manie §YCorvenin§!\n;;;[This.GetFirstNameWithDynasty] blande a §YVeneno de Corazón§!\n;;;;;;;;;x
TOOLTIPSTRANGERSMERCYWIELDER;[This.GetFirstNameWithDynasty] wields §YStranger's Mercy§!\n;[This.GetFirstNameWithDynasty] manie §YMort-Merci§!\n;;;[This.GetFirstNameWithDynasty] blande a §YMisericordia del Desconocido§!\n;;;;;;;;;x
CB_NAME_RECLAIM_SWORD;Reclaim Ancestral Heirloom;Réclamer l'épée ancestrale;;;Reclamar la Espada Ancestral;;;;;;;;;x
WAR_NAME_RECLAIM_SWORD;$CLAIMANT$'s $ORDER$ War to reclaim their ancestral heirloom from $DEFENDER$;$ORDER$$FIRST_ADJ$ Guerre pour reprendre l'épée ancestrale des mains de $DEFENDER$;;;$ORDER$$FIRST_ADJ$ Guerra para recuperar la espada ancestral de las manos de $DEFENDER$;;;;;;;;;x
reclaim_ancestral_sword_desc;§Y$CLAIMANT$§! can declare war to reclaim their houses' ancestral heirloom from §Y$TARGET$§! ;§Y$CLAIMANT$§! peut déclarer la guerre à §Y$TARGET$§! pour reprendre l'épée ancestrale de sa maison;;;§Y$CLAIMANT$§! Puede declarar la guerra a §Y$TARGET$§! para recuperar la espada ancestral de su casa.;;;;;;;;;x
TOOLTIPRECLAIMVALYRIANSTEELWAR;[This.GetFirstNameWithDynasty] shall surrender their §YValyrian Blade§! To §Y[Root.GetFirstNameWithDynasty]§!\n;[This.GetFirstNameWithDynasty] livrera son §Ylame en acier valyrien§! à §Y[Root.GetFirstNameWithDynasty]§!\n;;;[This.GetFirstNameWithDynasty] deberá entregar su §Yespada de acero valyrio§! a §Y[Root.GetFirstNameWithDynasty]§!\n;;;;;;;;;x
TOOLTIPRECLAIMICEWAR;[This.GetFirstNameWithDynasty] shall surrender §YIce§! To §Y[Root.GetFirstNameWithDynasty]§!\n;[This.GetFirstNameWithDynasty] livrera §YGlace§! à §Y[Root.GetFirstNameWithDynasty]§!\n;;;[This.GetFirstNameWithDynasty] deberá entregar §YHielo§! a §Y[Root.GetFirstNameWithDynasty]§!\n;;;;;;;;;x
TOOLTIPRECLAIMLONGCLAWWAR;[This.GetFirstNameWithDynasty] shall surrender §YLongclaw§! To §Y[Root.GetFirstNameWithDynasty]§!\n;[This.GetFirstNameWithDynasty] livrera §YGrand-Griffe§! à §Y[Root.GetFirstNameWithDynasty]§!\n;;;[This.GetFirstNameWithDynasty] deberá entregar §YGarra§! a §Y[Root.GetFirstNameWithDynasty]§!\n;;;;;;;;;x
TOOLTIPRECLAIMBLACKFYREWAR;[This.GetFirstNameWithDynasty] shall surrender §YBlackfyre§! To §Y[Root.GetFirstNameWithDynasty]§!\n;[This.GetFirstNameWithDynasty] livrera §YFeunoyr§! à §Y[Root.GetFirstNameWithDynasty]§!\n;;;[This.GetFirstNameWithDynasty] deberá entregar §YFuegoscuro§! a §Y[Root.GetFirstNameWithDynasty]§!\n;;;;;;;;;x
TOOLTIPRECLAIMBRIGHTROARWAR;[This.GetFirstNameWithDynasty] shall surrender §YBrightroar§! To §Y[Root.GetFirstNameWithDynasty]§!\n;[This.GetFirstNameWithDynasty] livrera §YRugissante§! à §Y[Root.GetFirstNameWithDynasty]§!\n;;;[This.GetFirstNameWithDynasty] deberá entregar §YRugido§! a §Y[Root.GetFirstNameWithDynasty]§!\n;;;;;;;;;x
TOOLTIPRECLAIMHEARTSBANEWAR;[This.GetFirstNameWithDynasty] shall surrender §YHeartsbane§! To §Y[Root.GetFirstNameWithDynasty]§!\n;[This.GetFirstNameWithDynasty] livrera §YCorvenin§! à §Y[Root.GetFirstNameWithDynasty]§!\n;;;[This.GetFirstNameWithDynasty] deberá entregar §YVeneno de Corazón§! a §Y[Root.GetFirstNameWithDynasty]§!\n;;;;;;;;;x
TOOLTIPRECLAIMDARKSISTERWAR;[This.GetFirstNameWithDynasty] shall surrender §YDark Sister§! To §Y[Root.GetFirstNameWithDynasty]§!\n;[This.GetFirstNameWithDynasty] livrera §YNoire Soeur§! à §Y[Root.GetFirstNameWithDynasty]§!\n;;;[This.GetFirstNameWithDynasty] deberá entregar §YHermana Oscura§! a §Y[Root.GetFirstNameWithDynasty]§!\n;;;;;;;;;x
TOOLTIPRECLAIMstrangers_mercyWAR;[This.GetFirstNameWithDynasty] shall surrender §YStranger's Mercy§! To §Y[Root.GetFirstNameWithDynasty]§!\n;[This.GetFirstNameWithDynasty] livrera §YMort-Merci§! To §Y[Root.GetFirstNameWithDynasty]§!\n;;;[This.GetFirstNameWithDynasty] deberá entregar §YMiseridordia del Desconocido§! a §Y[Root.GetFirstNameWithDynasty]§!\n;;;;;;;;;x
nightfall;Nightfall;Crépuscule;;;Anochecer;;;;;;;;;x
nightfall_desc;Nightfall is a Valyrian steel sword that belonged to House Harlaw towards the end of the third century AL. It has a moonstone pommel.;Crépuscule est une épée en acier valyrien qui appartenait à la Maison Harloi durant la fin du troisième siècle après la Conquête. Son pommeau est en pierre de lune.;;;Anochecer es el mandoble ancestral de acero valyrio de la Casa Harlaw. La espada tiene una empuñadura de piedra con una luna. ;;;;;;;;;x
TOOLTIPNIGHTFALLWIELDER;[This.GetFirstNameWithDynasty] wields §YNightfall§!\n;[This.GetFirstNameWithDynasty] manie §YCrépuscule§!\n;;;[This.GetFirstNameWithDynasty] blande a §YAnochecer§!\n;;;;;;;;;x
TOOLTIPRECLAIMNIGHTFALLWAR;[This.GetFirstNameWithDynasty] shall surrender §YNightfall§! To §Y[Root.GetFirstNameWithDynasty]§!\n;[This.GetFirstNameWithDynasty] livrera §YCrépuscule§! à §Y[Root.GetFirstNameWithDynasty]§!\n;;;[This.GetFirstNameWithDynasty] deberá entregar §YAnochecer§! a §Y[Root.GetFirstNameWithDynasty]§!\n;;;;;;;;;x
TOOLTIPDARKSISTERWIELDER;[This.GetFirstNameWithDynasty] wields §YDark Sister§!\n;[This.GetFirstNameWithDynasty] manie §YNoire Soeur§!\n;;;[This.GetFirstNameWithDynasty] blande a §YHermana Oscura§!\n;;;;;;;;;x
give_ice_to_son;Grant Ice;Donner Glace;;;Ceder Hielo;;;;;;;;;x
give_ice_to_son_desc;I will pass on Ice to [Root.GetFirstName], [Root.GetSheHe] needs it more than I do.;Je vais donner Glace à [Root.GetFirstName], [Root.GetSheHe] en a plus besoin que moi. ;;;Cederé Hielo a [Root.GetFirstName], la necesita más que yo.;;;;;;;;;x
give_longclaw_to_son;Grant Longclaw;Donner Grand-Griffe;;;Ceder Garra;;;;;;;;;x
give_longclaw_to_son_desc;I will pass on Longclaw to [Root.GetFirstName], [Root.GetSheHe] needs it more than I do.;Je vais donner Grand-Griffe à [Root.GetFirstName], [Root.GetSheHe] en a plus besoin que moi. ;;;Cederé Garra a [Root.GetFirstName], la necesita más que yo.;;;;;;;;;x
give_longclaw_snow_to_son;Grant Longclaw;Donner Grand-Griffe;;;Ceder Garra;;;;;;;;;x
give_longclaw_snow_to_son_desc;I will pass on Longclaw to [Root.GetFirstName], [Root.GetSheHe] needs it more than I do.;Je vais donner Grand-Griffe à [Root.GetFirstName], [Root.GetSheHe] en a plus besoin que moi. ;;;Cederé Garra a [Root.GetFirstName], la necesita más que yo.;;;;;;;;;x
give_blackfyre_to_son;Grant Blackfyre;Donner Feunoyr;;;Ceder Fuegoscuro;;;;;;;;;x
give_blackfyre_to_son_desc;I will pass on Blackfyre to [Root.GetFirstName], [Root.GetSheHe] needs it more than I do.;Je vais donner Feunoyr à [Root.GetFirstName], [Root.GetSheHe] en a plus besoin que moi. ;;;Cederé Fuegoscuro a [Root.GetFirstName], la necesita más que yo.;;;;;;;;;x
give_brightroar_to_son;Grant Brightroar;Donner Rugissante;;;Ceder Rugido;;;;;;;;;x
give_brightroar_to_son_desc;I will pass on Brightroar to [Root.GetFirstName], [Root.GetSheHe] needs it more than I do.;Je vais donner Rugissante à [Root.GetFirstName], [Root.GetSheHe] en a plus besoin que moi. ;;;Cederé Rugido a [Root.GetFirstName], la necesita más que yo.;;;;;;;;;x
give_heartsbane_to_son;Grant Heartsbane;Donner Corvenin;;;Ceder Veneno de Corazón;;;;;;;;;x
give_heartsbane_to_son_desc;I will pass on Heartsbane to [Root.GetFirstName], [Root.GetSheHe] needs it more than I do.;Je vais donner Corvenin à [Root.GetFirstName], [Root.GetSheHe] en a plus besoin que moi. ;;;Cederé Veneno de Corazón a [Root.GetFirstName], la necesita más que yo.;;;;;;;;;x
give_nightfall_to_son;Grant Nightfall;Donner Crépuscule;;;Ceder Anochecer;;;;;;;;;x
give_nightfall_to_son_desc;I will pass on Nightfall to [Root.GetFirstName], [Root.GetSheHe] needs it more than I do.;Je vais donner Crépuscule à [Root.GetFirstName], [Root.GetSheHe] en a plus besoin que moi. ;;;Cederé Anochecer a [Root.GetFirstName], la necesita más que yo.;;;;;;;;;x
give_darksister_to_son;Grant Dark Sister;Donner Noire Sœur;;;Ceder Hermana Oscura;;;;;;;;;x
give_darksister_to_son_desc;I will pass on Dark Sister to [Root.GetFirstName], [Root.GetSheHe] needs it more than I do.;Je vais donner Noire Soeur à [Root.GetFirstName], [Root.GetSheHe] en a plus besoin que moi. ;;;Cederé Hermana Oscura a [Root.GetFirstName], la necesita más que yo.;;;;;;;;;x
give_strangers_mercy_to_son;Grant Stranger's Mercy;Donner Mort-Merci;;;Ceder Misericordia del Desconocido;;;;;;;;;x
give_strangers_mercy_to_son_desc;I will pass on Stranger's Mercy to [Root.GetFirstName], [Root.GetSheHe] needs it more than I do.;Je vais donner Mort-Merci à [Root.GetFirstName], [Root.GetSheHe] en a plus besoin que moi. ;;;Cederé Misericordia del Desconocido a [Root.GetFirstName], la necesita más que yo.;;;;;;;;;x
TOOLTIPLADYFORLORNWIELDER;[This.GetFirstNameWithDynasty] wields §YLady Forlorn§!\n;[This.GetFirstNameWithDynasty] manie §YDame Affliction§!\n;;;[This.GetFirstNameWithDynasty] blande a §YDama Desesperada§!\n;;;;;;;;;x
TOOLTIPRECLAIMLADYFORLORNWAR;[This.GetFirstNameWithDynasty] shall surrender §YLady Forlorn§! To §Y[Root.GetFirstNameWithDynasty]§!\n;[This.GetFirstNameWithDynasty] livrera §YDame Affliction§! à §Y[Root.GetFirstNameWithDynasty]§!\n;;;[This.GetFirstNameWithDynasty] deberá entregar §YDama Desesperada§! a §Y[Root.GetFirstNameWithDynasty]§!\n;;;;;;;;;x
TOOLTIPREDRAINWIELDER;[This.GetFirstNameWithDynasty] wields §YRed Rain§!\n;[This.GetFirstNameWithDynasty] manie §YPluie Pourpre§!\n;;;[This.GetFirstNameWithDynasty] blande a §YLluvia Roja§!\n;;;;;;;;;x
TOOLTIPRECLAIMREDRAINWAR;[This.GetFirstNameWithDynasty] shall surrender §YRed Rain§! To §Y[Root.GetFirstNameWithDynasty]§!\n;[This.GetFirstNameWithDynasty] livrera §YPluie Pourpre§! à §Y[Root.GetFirstNameWithDynasty]§!\n;;;[This.GetFirstNameWithDynasty] deberá entregar §YLluvia Roja§! a §Y[Root.GetFirstNameWithDynasty]§!\n;;;;;;;;;x
TOOLTIPCRABSPINCERWIELDER;[This.GetFirstNameWithDynasty] wields §YCrab's Pincer§!\n;[This.GetFirstNameWithDynasty] manie §YPince-Crabe§!\n;;;[This.GetFirstNameWithDynasty] blande a §YPinza de Cangrejo§!\n;;;;;;;;;x
TOOLTIPRECLAIMCRABSPINCERWAR;[This.GetFirstNameWithDynasty] shall surrender §YCrab's Pincer§! To §Y[Root.GetFirstNameWithDynasty]§!\n;[This.GetFirstNameWithDynasty] livrera §YPince-Crabe§! à §Y[Root.GetFirstNameWithDynasty]§!\n;;;[This.GetFirstNameWithDynasty] deberá entregar §YPinza de Cangrejo§! a §Y[Root.GetFirstNameWithDynasty]§!\n;;;;;;;;;x
give_ladyforlorn_to_son;Grant Lady Forlorn;Donner Dame Affliction;;;Ceder Dama Desesperada;;;;;;;;;x
give_ladyforlorn_to_son_desc;I will pass on Lady Forlorn to [Root.GetFirstName], [Root.GetSheHe] needs it more than I do.;Je vais donner Dame Affliction à [Root.GetFirstName], [Root.GetSheHe] en a plus besoin que moi. ;;;Cederé Dama Desesperada a [Root.GetFirstName], la necesita más que yo.;;;;;;;;;x
give_redrain_to_son;Grant Red Rain;Donner Pluie Pourpre;;;Ceder Lluvia Roja;;;;;;;;;x
give_redrain_to_son_desc;I will pass on Red Rain to [Root.GetFirstName], [Root.GetSheHe] needs it more than I do.;Je vais donner Pluie Pourpre à [Root.GetFirstName], [Root.GetSheHe] en a plus besoin que moi. ;;;Cederé Lluvia Roja a [Root.GetFirstName], la necesita más que yo.;;;;;;;;;x
give_crabspincer_to_son;Grant Crab's Pincer;Donner Pince-Crabe;;;Ceder Pinza de Cangrejo;;;;;;;;;x
give_crabspincer_to_son_desc;I will pass on Crab's Pincer to [Root.GetFirstName], [Root.GetSheHe] needs it more than I do.;Je vais donner Pince-Crabe à [Root.GetFirstName], [Root.GetSheHe] en a plus besoin que moi. ;;;Cederé Pinza de Cangrejo a [Root.GetFirstName], la necesita más que yo.;;;;;;;;;x
TOOLTIPWIDOWSWAILWIELDER;[This.GetFirstNameWithDynasty] wields §YWidow's Wail§!\n;[This.GetFirstNameWithDynasty] manie §YPleurs-de-Veuve§!\n;;;[This.GetFirstNameWithDynasty] blande a §YLamento de Viuda§!\n;;;;;;;;;x
TOOLTIPRECLAIMWIDOWSWAILWAR;[This.GetFirstNameWithDynasty] shall surrender §YWidow's Wail§! To §Y[Root.GetFirstNameWithDynasty]§!\n;[This.GetFirstNameWithDynasty] livrera §YPleurs-de-Veuve§! à §Y[Root.GetFirstNameWithDynasty]§!\n;;;[This.GetFirstNameWithDynasty] deberá entregar §YLamento de Viuda§! a §Y[Root.GetFirstNameWithDynasty]§!\n;;;;;;;;;x
TOOLTIPOATHKEEPERWIELDER;[This.GetFirstNameWithDynasty] wields §YOathkeeper§!\n;[This.GetFirstNameWithDynasty] manie §YFéale§!\n;;;[This.GetFirstNameWithDynasty] blande a §YGuardajuramentos§!\n;;;;;;;;;x
TOOLTIPRECLAIMOATHKEEPERWAR;[This.GetFirstNameWithDynasty] shall surrender §YOathkeeper§! To §Y[Root.GetFirstNameWithDynasty]§!\n;[This.GetFirstNameWithDynasty] livrera §YFéale§! à §Y[Root.GetFirstNameWithDynasty]§!\n;;;[This.GetFirstNameWithDynasty] deberá entregar §YGuardajuramentos§! a §Y[Root.GetFirstNameWithDynasty]§!\n;;;;;;;;;x
TOOLTIPREREFORGEWIDOWSWAILWAR;[This.GetFirstNameWithDynasty] shall surrender §YWidow's Wail§! To §Y[Root.GetFirstNameWithDynasty]§!, which shall be reforged into §YIce§!\n;[This.GetFirstNameWithDynasty] livrera §Pleurs-de-Veuve§! To §Y[Root.GetFirstNameWithDynasty]§!, qui sera reforgée pour redevenir §YGlace§!\n;;;[This.GetFirstNameWithDynasty] deberá entregar §YLamento de Viuda§! a §Y[Root.GetFirstNameWithDynasty]§!, para que sea reforjada a §YHielo§!\n;;;;;;;;;x
TOOLTIPREREFORGEOATHKEEPERWAR;[This.GetFirstNameWithDynasty] shall surrender §YOathkeeper§! To §Y[Root.GetFirstNameWithDynasty]§!, which shall be reforged into §YIce§!\n;[This.GetFirstNameWithDynasty] livrera §YFéale§! To §Y[Root.GetFirstNameWithDynasty]§!, qui sera reforgée pour redevenir §YGlace§!\n;;;[This.GetFirstNameWithDynasty] deberán entregar a §YGuardajuramentos§! A §Y[Root.GetFirstNameWithDynasty]§!, para que sea reforjada a §YHielo§!\n;;;;;;;;;x
give_widowswail_to_son;Grant Widow's Wail;Donner Pleurs-de-Veuve;;;Ceder Lamento de Viuda;;;;;;;;;x
give_widowswail_to_son_desc;I will pass on Widow's Wail to [Root.GetFirstName], [Root.GetSheHe] needs it more than I do.;Je vais donner Pleurs-de-Veuve à [Root.GetFirstName], [Root.GetSheHe] en a plus besoin que moi. ;;;Cederé Lamento de Viuda a [Root.GetFirstName], la necesita más que yo.;;;;;;;;;x
give_oathkeeper_to_son;Grant Oathkeeper;Donner Féale;;;Ceder Guardajuramentos;;;;;;;;;x
give_oatkeeper_to_son_desc;I will pass on Oathkeeper to [Root.GetFirstName], [Root.GetSheHe] needs it more than I do.;Je vais donner Féale à [Root.GetFirstName], [Root.GetSheHe] en a plus besoin que moi. ;;;Cederé Guardajuramentos a [Root.GetFirstName], la necesita más que yo.;;;;;;;;;x
plot_steal_valyrian_sword_short;Steal a Valyrian Sword;Voler une épée valyrienne;;;Robar una espada de acero Valyrio;;;;;;;;;x
plot_steal_valyrian_sword_title;Steal the Valyrian Sword of [This.GetTitledFirstNameWithDynastyAndTitleNoRegnal];Voler l'épée valyrienne de [This.GetTitledFirstNameWithDynastyAndTitleNoRegnal];;;Robar la espada de acero valyrio de [This.GetTitledFirstNameWithDynastyAndTitleNoRegnal];;;;;;;;;x
plot_steal_valyrian_sword_desc;[From.GetTitledFirstNameWithDynastyAndTitleNoRegnal] wants to obtain the Valyrian sword of [This.GetTitledFirstNameWithDynastyAndTitleNoRegnal] at all costs.;[From.GetTitledFirstNameWithDynastyAndTitleNoRegnal] veut obtenir l'épée valyrienne de [This.GetTitledFirstNameWithDynastyAndTitleNoRegnal] à n'importe quel prix.;;;[From.GetTitledFirstNameWithDynastyAndTitleNoRegnal] quiere obtener la espada de acero valyrio de [This.GetTitledFirstNameWithDynastyAndTitleNoRegnal] a cualquier precio.;;;;;;;;;x
EVTDESC250280;"With the traitor Eddard Stark executed, his ancient Valyrian greatsword ""Ice"" is now in our possession. This would be an excellent opportunity to create new dynastic blades for House Lannister, since our own sword ""Brightroar"" was lost in the ruins of old Valyria. To the victors go the spoils!";Suite à l’exécution du félon Eddard Stark, son antique épée valyrienne Glace est désormais en notre possession. Ce pourrait être une excellente opportunité de forger de nouvelles épées dynastiques pour la Maison Lannister, puisque notre propre épée Rugissante a été perdue dans les ruines de l’Antique Valyria. Au vainqueur va le butin !;;;"Con el traidor Eddard Stark ejecutado, su antiguo mandoble de acero valyrio ""Hielo"" está en nuestro poder. Podría ser una excelente oportunidad para forjar nuevas espadas dinásticas de la Casa Lannister, ya que nuestra propia espada ""Rugido"" se perdió en las ruinas de la antigua Valyria. Para los vencedores  el botín!";;;;;;;;;x
EVTOPTA250280;Reforge the blade in the image of House Lannister!;Reforger l'épée à l'image de la Maison Lannister ! ;;;Reforjar la espada a la imagen de la Casa Lannister!;;;;;;;;;x
EVTOPTB250280;Keep the sword as it is.;Garder l'épée telle qu'elle est.;;;Mantener la espada como está.;;;;;;;;;x
TOOLTIPEVTOPTB250280;No effect.;Sans effet.;;;Sin efectos.;;;;;;;;;x
EVTDESC250281;A dubious merchant from across the Narrow Sea approaches you and offers you an ancient and genuine Valyrian steel sword for a kingly sum of gold dragons.;Un douteux marchand venu d’au-delà du Détroit se présente à vous pour vous proposer une ancienne et véritable épée en acier valyrien en échange d’une petite fortune en dragons d’or.;;;Un mercader de dudosa confianza proveniente del otro lado del Mar Angosto se te acerca y te ofrece una antigua y genuina espada de acero valyrio por una gran suma de dragones de oro.;;;;;;;;;x
EVTOPTA250281;Genuine Valyrian steel? Are you trying to fool me, merchant?!;En véritable acier valyrien? Ne serais-tu pas en train de te moquer de moi, marchand ?!;;;Acero valyrio genuino? ¿Estás tratando de engañarme, mercader?!;;;;;;;;;x
TOOLTIP250281B;Suspecting treachery, you pay to have an expert inspect the valyrian steel before paying. If it is real you will pay 750¤for it.;;;xSospechando la traición, pagas para que un experto inspeccione el acero valyrio antes de pagar. Si es real, pagarás 750¤ por ello.;;;;;;;;;;x
EVTOPTB250281;Buy it!;L'acheter !;;;¡Cómprala!;;;;;;;;;x
TOOLTIP250281;You trust the merchant and pay for the valyrian steel, in the hope it's real...;;;Confías en el comerciante y pagas por el acero valyrio, con la esperanza de que sea real...;;;;;;;;;;x
EVTOPTC250281;We cannot afford this.;Nous ne pouvons nous permettre pareille dépense;;;No nos podemos permitir semejante desembolso.;;;;;;;;;x
EVTDESC250282;Upon closer inspection of the blade you notice several flaws and irregularities in the steel. This merchant is a fraud!;Une inspection plus poussée de la lame vous a révélé des défauts et des irrégularités dans l'acier. Ce marchand est un escroc !;;;Tras una inspección más cercana de la espada se observan varios errores e irregularidades en el acero. Este mercader es un estafador!;;;;;;;;;x
EVTOPTA250282;Guards, seize this man and throw him into the dungeon!;Gardes, emparez-vous de cet homme et jetez-le au cachot ! ;;;Guardias, prended a este hombre y encerradlo en el calabozo!;;;;;;;;;x
EVTOPTB250282;Banish the merchant from your lands.;Bannir le marchand de vos terres.;;;Desterrar al mercader de tus tierras.;;;;;;;;;x
EVTDESC250283;As your guards try to get a hold of the unscrupulous merchant, he is nowhere to be found.;Vos gardes ont tenté de mettre la main sur le marchand sans scrupule, mais il est introuvable. ;;;Los guardias trataron de capturar al mercader sin escrúpulos, pero no pudo ser encontrado...;;;;;;;;;x
EVTOPT250283;Curses!;Malédiction !;;;Maldición!;;;;;;;;;x
EVTDESC250284;The merchant has handed over the valyrian steel in exchange for the gold, and it does appear to be the real thing!;;;;;;;;;;;;;x
EVTOPT250284;A fine heirloom for House [Root.GetOnlyDynastyName]!;;;¡Una hermosa reliquia para la Casa [Root.GetOnlyDynastyName]!;;;;;;;;;;x
TOOLTIPEVTOPTA250282;The merchant is imprisoned.;Le marchand est emprisonné.;;;El mercader es encarcelado.;;;;;;;;;x
TOOLTIPEVTOPTB250282;The merchant is thrown out of the castle.;Le marchand est mis à la porte du château.;;;El comerciante es arrojado fuera del castillo.;;;;;;;;;x
TOOLTIP250282C;The merchant escapes with the gold;;;El mercader escapa con el oro;;;;;;;;;;x
TOOLTIPANGERWIELDER;[This.GetFirstNameWithDynasty] wields §YMother's Grief§!\n;[This.GetFirstNameWithDynasty] manie §YIre§!\n;;;[This.GetFirstNameWithDynasty] blande a §YDuelo de la Madre§!\n;;;;;;;;;x
TOOLTIPBLACK_DEATHWIELDER;[This.GetFirstNameWithDynasty] wields §YBlack Death§!\n;[This.GetFirstNameWithDynasty] manie §YMort-Noire§!\n;;;[This.GetFirstNameWithDynasty] blande a §YMuerte Negra§!\n;;;;;;;;;x
TOOLTIPCOMPASSIONWIELDER;[This.GetFirstNameWithDynasty] wields §YGlory§!\n;[This.GetFirstNameWithDynasty] manie §YCompassion§!\n;;;[This.GetFirstNameWithDynasty] blande a §YGloria§!\n;;;;;;;;;x
TOOLTIPCONCESSIONWIELDER;[This.GetFirstNameWithDynasty] wields §YSkinpeeler§!\n;[This.GetFirstNameWithDynasty] manie §Yepluche-peau§!\n;;;[This.GetFirstNameWithDynasty] blande a §YDesolladora§!\n;;;;;;;;;x
TOOLTIPDEL_PINOWIELDER;[This.GetFirstNameWithDynasty] wields §YDel Pino§!\n;[This.GetFirstNameWithDynasty] manie §YBrise-Pin§!\n;;;[This.GetFirstNameWithDynasty] blande a §YQuebrantapinos§!\n;;;;;;;;;x
TOOLTIPEL_SWORDOWIELDER;[This.GetFirstNameWithDynasty] wields §YGoodsword§!\n;[This.GetFirstNameWithDynasty] manie §YFleuret§!\n;;;[This.GetFirstNameWithDynasty] blande a §YBuenaspada§!\n;;;;;;;;;x
TOOLTIPGOLD_SWORDWIELDER;[This.GetFirstNameWithDynasty] wields §YDornish Kiss§!\n;[This.GetFirstNameWithDynasty] manie §YOr§!\n;;;[This.GetFirstNameWithDynasty] blande a §YBeso Dorniense§!\n;;;;;;;;;x
TOOLTIPHAPPYNESSWIELDER;[This.GetFirstNameWithDynasty] wields §YFather's Fury§!\n;[This.GetFirstNameWithDynasty] manie §YJoie§!\n;;;[This.GetFirstNameWithDynasty]blande a §YFuria del Padre§!\n;;;;;;;;;x
TOOLTIPHUBRISWIELDER;[This.GetFirstNameWithDynasty] wields §YTalon§!\n;[This.GetFirstNameWithDynasty] manie §YHubris§!\n;;;[This.GetFirstNameWithDynasty] blande a §YOrgullo Desmesurado§!\n;;;;;;;;;x
TOOLTIPJUSTICEWIELDER;[This.GetFirstNameWithDynasty] wields §YJade§!\n;[This.GetFirstNameWithDynasty] manie §YJustice§!\n;;;[This.GetFirstNameWithDynasty] blande a §YJade§!\n;;;;;;;;;x
TOOLTIPKINGMAKERWIELDER;[This.GetFirstNameWithDynasty] wields §YKingmaker§!\n;[This.GetFirstNameWithDynasty] manie §YFaiseuse-de-Roi§!\n;;;[This.GetFirstNameWithDynasty] blande a §YHacedora de Reyes§!\n;;;;;;;;;x
TOOLTIPPASSIONWIELDER;[This.GetFirstNameWithDynasty] wields §YPassion§!\n;[This.GetFirstNameWithDynasty] manie §YPassion§!\n;;;[This.GetFirstNameWithDynasty] blande a §YPasión§!\n;;;;;;;;;x
TOOLTIPRAGEWIELDER;[This.GetFirstNameWithDynasty] wields §YStranger's Touch§!\n;[This.GetFirstNameWithDynasty] manie §YRage§!\n;;;[This.GetFirstNameWithDynasty] blande a §YToque del Desconocido§!\n;;;;;;;;;x
TOOLTIPSIGHTBLINDERWIELDER;[This.GetFirstNameWithDynasty] wields §YMourning Mace§!\n;[This.GetFirstNameWithDynasty] manie §YVoyante§!\n;;;[This.GetFirstNameWithDynasty] blande a §YMaza del Luto§!\n;;;;;;;;;x
TOOLTIPTHE_MONARCHISTWIELDER;[This.GetFirstNameWithDynasty] wields §YTitan's Bite§!\n;[This.GetFirstNameWithDynasty] manie §Yla Monarchiste§!\n;;;[This.GetFirstNameWithDynasty] blande a §YMordisco del Titán§!\n;;;;;;;;;x
TOOLTIPTHE_USURPERWIELDER;[This.GetFirstNameWithDynasty] wields §YDragonbane§!\n;[This.GetFirstNameWithDynasty] manie §Yl'Usurpatrice§!\n;;;[This.GetFirstNameWithDynasty] blande a §YVenganza de Dragón§!\n;;;;;;;;;x
TOOLTIPWORLDEATERWIELDER;[This.GetFirstNameWithDynasty] wields §YFinger Eater§!\n;[This.GetFirstNameWithDynasty] manie §YMangemonde§!\n;;;[This.GetFirstNameWithDynasty] blande a §YComededos§!\n;;;;;;;;;x
TOOLTIPWORLDS_ENVYWIELDER;[This.GetFirstNameWithDynasty] wields §YRakh Arakh§!\n;[This.GetFirstNameWithDynasty] manie §YEnvie§!\n;;;[This.GetFirstNameWithDynasty] blande a §YRakh Arakh§!\n;;;;;;;;;x
anger;Mother's Grief;Chagrin-des-Mères;;;Duelo de la Madre;;;;;;;;;x
anger_desc;Reforged from [This.GetName] by [This.Owner.GetTitledFirstNameWithDynastyAndTitle], this is a fine valyrian longsword, blessed by the high septon himself.;Une bonne lame valyrienne, bénie par le Grand Septon lui-même.;;;Una espada larga valyria, bendecida por el mismo Septón Supremo.;;;;;;;;;x
black_death;Black Death;Mort-Noire;;;Muerte Negra;;;;;;;;;x
black_death_desc;Reforged from [This.GetName] by [This.Owner.GetTitledFirstNameWithDynastyAndTitle];Une épée en acier valyrien reforgée;;;Una espada de acero valyrio reforjada.;;;;;;;;;x
compassion;Glory;Gloire;;;Gloria;;;;;;;;;x
compassion_desc;Reforged from [This.GetName] by [This.Owner.GetTitledFirstNameWithDynastyAndTitle], this is a well balanced valyrian steel sword with a hilt decorated in gold.;Une bonne épée en acier valyrien avec une poignée en or.;;;Una espada de acero valyrio bien equilibrada con una empuñadura decorada en oro.;;;;;;;;;x
concession;Skinpeeler;Epluche-peau;;;Desolladora;;;;;;;;;x
concession_desc;Reforged from [This.GetName] by [This.Owner.GetTitledFirstNameWithDynastyAndTitle], this is a crooked broadsword designed for extra gore yet is surprisingly well balanced.;Une épée à double tranchant conçue pour saigner son adversaire et qui reste étonnamment bien équilibrée.;;;Una espada mellada diseñada para desollar. Todavía está sorprendentemente bien equilibrada.;;;;;;;;;x
del_pino;Del Pino;Brise-Pin;;;Quebrantapinos;;;;;;;;;x
del_pino_desc;Reforged from [This.GetName] by [This.Owner.GetTitledFirstNameWithDynastyAndTitle], this is a hybrid of a mace and javelin with a valyrian tip.;Une arme hybride, à mi-chemin entre la masse d'arme et le javelot dont le tranchant est en acier valyrien.;;;Un híbrido entre una maza y una jabalina con una punta de acero valyrio.;;;;;;;;;x
el_swordo;Goodsword;Bonnelame;;;Buenaspada;;;;;;;;;x
el_swordo_desc;Reforged from [This.GetName] by [This.Owner.GetTitledFirstNameWithDynastyAndTitle];Une bonne lame valyrienne.;;;Una buena espada larga valyria.;;;;;;;;;x
gold_sword;Dornish Kiss;Baiser-Dornien;;;Beso Dorniense;;;;;;;;;x
gold_sword_desc;Reforged from [This.GetName] by [This.Owner.GetTitledFirstNameWithDynastyAndTitle];Une petite épée valyrienne.;;;Una buena espada corta valyria.;;;;;;;;;x
happyness;Father's Fury;Furie-des-Pères;;;Furia del Padre;;;;;;;;;x
happyness_desc;Reforged from [This.GetName] by [This.Owner.GetTitledFirstNameWithDynastyAndTitle], this is a gigantic two-handed sword made of valyrian steel.;Une gigantesque épée à deux mains en acier valyrien.;;;Una gigantesca espada a dos manos de acero valyrio.;;;;;;;;;x
hubris;Talon;Serre;;;Orgullo Desmesurado;;;;;;;;;x
hubris_desc;Reforged from [This.GetName] by [This.Owner.GetTitledFirstNameWithDynastyAndTitle]. The pommel of this fine valyrian steel sword is in the shape of a bird of prey.;Le pommeau de cette bonne lame en acier valyrien a la forme d'un oiseau de proie.;;;El pomo de esta espada de acero valyrio tiene forma de un ave de presa.;;;;;;;;;x
justice;Jade;Jade;;;Jade;;;;;;;;;x
justice_desc;Reforged from [This.GetName] by [This.Owner.GetTitledFirstNameWithDynastyAndTitle]. The hilt of this fine valyrian steel sword is made out of jade.;La poignée de cette lame en acier valyrien est en jade.;;;La empuñadura de esta espada de acero valyrio está hecha de jade.;;;;;;;;;x
kingmaker;Kingmaker;Faiseuse-de-Roi;;;Hacedora de Reyes;;;;;;;;;x
kingmaker_desc;Reforged from [This.GetName] by [This.Owner.GetTitledFirstNameWithDynastyAndTitle];Une bonne épée longue en acier valyrien.;;;Una buena espada larga valyria.;;;;;;;;;x
passion;Passion;Passion;;;Pasión;;;;;;;;;x
passion_desc;Reforged from [This.GetName] by [This.Owner.GetTitledFirstNameWithDynastyAndTitle];Une bonne épée longue en acier valyrien.;;;Una buena espada larga valyria.;;;;;;;;;x
rage;Stranger's Touch;L'Etranger;;;Toque del Desconocido;;;;;;;;;x
rage_desc;Reforged from [This.GetName] by [This.Owner.GetTitledFirstNameWithDynastyAndTitle]. The pommel of this fine valyrian steel two-handed sword is shaped like a human skull with two ruby eyes.;Le pommeau de cette bonne lame en acier valyrien a la forme d'un crâne avec deux rubis à la place des yeux.;;;El pomo de esta espada de acero valyrio tiene la forma de un cráneo con los ojos de rubí.;;;;;;;;;x
sightblinder;Mourning Mace;Masse-de-Deuil;;;Maza del Luto;;;;;;;;;x
sightblinder_desc;Reforged from [This.GetName] by [This.Owner.GetTitledFirstNameWithDynastyAndTitle], this is a mace made out of valyrian steel.;Une masse d'arme en acier valyrien.;;;Una maza hecha de acero valyrio.;;;;;;;;;x
the_monarchist;Titan's Bite;Morsure-des-Titans;;;Mordisco del Titán;;;;;;;;;x
the_monarchist_desc;Reforged from [This.GetName] by [This.Owner.GetTitledFirstNameWithDynastyAndTitle], this is a two handed valyrian steel greatsword which with blue gems in its hilt and pommel that emanate an icy chill.;Une épée à deux mains en acier valyrien avec des gemmes bleues incrustées dans le pommeau et la poignée;;;Un mandoble de acero valyrio extrañamente coloreado en azul claro.;;;;;;;;;x
the_usurper;Dragonbane;Fléaudragon;;;Venganza de Dragón;;;;;;;;;x
the_usurper_desc;Reforged from [This.GetName] by [This.Owner.GetTitledFirstNameWithDynastyAndTitle]. The guard of this fine valyrian steel sword is wing shaped.;La garde de cette épée en acier valyrien a la forme d'une aile de dragon.;;;El protector de esta espada de acero valyrio tiene forma de ala de dragón.;;;;;;;;;x
worldeater;Finger Eater;Mange-Doigt;;;Comededos;;;;;;;;;x
worldeater_desc;Reforged from [This.GetName] by [This.Owner.GetTitledFirstNameWithDynastyAndTitle];Une hache en acier valyrien.;;;Una hacha de mano de acero valyrio.;;;;;;;;;x
worlds_envy;Rakh Arakh;Rakh Arakh;;;Rakh Arakh;;;;;;;;;x
worlds_envy_desc;Reforged from [This.GetName] by [This.Owner.GetTitledFirstNameWithDynastyAndTitle];Un Rakh Arakh en acier valyrien.;;;Un Arakh de acero valyrio.;;;;;;;;;x
give_anger_to_son;Grant Mother's Grief;Donner Ire;;;Ceder Duelo de la Madre;;;;;;;;;x
give_anger_to_son_desc;I will pass on Mother's Grief to [Root.GetFirstName], [Root.GetSheHe] needs it more than I do.;Je vais donner Ire à [Root.GetFirstName], [Root.GetSheHe] en a plus besoin que moi. ;;;Cederé Duelo de la Madre a [Root.GetFirstName], la necesita más que yo.;;;;;;;;;x
give_black_death_to_son;Grant Black Death;Donner Mort-Noire;;;Ceder Muerte Negra;;;;;;;;;x
give_black_death_to_son_desc;I will pass on Black Death to [Root.GetFirstName], [Root.GetSheHe] needs it more than I do.;Je vais donner Mort-Noire à [Root.GetFirstName], [Root.GetSheHe] en a plus besoin que moi. ;;;Cederé Muerte Negra a [Root.GetFirstName], la necesita más que yo.;;;;;;;;;x
give_compassion_to_son;Grant Glory;Donner Compassion;;;Ceder Gloria;;;;;;;;;x
give_compassion_to_son_desc;I will pass on Glory to [Root.GetFirstName], [Root.GetSheHe] needs it more than I do.;Je vais donner Compassion à [Root.GetFirstName], [Root.GetSheHe] en a plus besoin que moi. ;;;Cederé Gloria a [Root.GetFirstName], la necesita más que yo.;;;;;;;;;x
give_concession_to_son;Grant Concession;Donner Concession;;;Ceder Desolladora;;;;;;;;;x
give_concession_to_son_desc;I will pass on Concession to [Root.GetFirstName], [Root.GetSheHe] needs it more than I do.;Je vais donner Concession à [Root.GetFirstName], [Root.GetSheHe] en a plus besoin que moi. ;;;Cederé Desolladora a [Root.GetFirstName], la necesita más que yo.;;;;;;;;;x
give_del_pino_to_son;Grant Del Pino;Donner Brise-Pin;;;Ceder Quebrantapinos;;;;;;;;;x
give_del_pino_to_son_desc;I will pass on Del Pino to [Root.GetFirstName], [Root.GetSheHe] needs it more than I do.;Je vais donner Brise-Pin à [Root.GetFirstName], [Root.GetSheHe] en a plus besoin que moi. ;;;Cederé Quebrantapinos a [Root.GetFirstName], la necesita más que yo.;;;;;;;;;x
give_el_swordo_to_son;Grant Goodsword;Donner Fleuret;;;Ceder Buenaspada;;;;;;;;;x
give_el_swordo_to_son_desc;I will pass on Goodsword to [Root.GetFirstName], [Root.GetSheHe] needs it more than I do.;Je vais donner Fleuret à [Root.GetFirstName], [Root.GetSheHe] en a plus besoin que moi. ;;;Cederé Buenaspada a [Root.GetFirstName], la necesita más que yo.;;;;;;;;;x
give_gold_sword_to_son;Grant Dornish Kiss;Donner Or ;;;Ceder Beso Dorniense;;;;;;;;;x
give_gold_sword_to_son_desc;I will pass on Dornish Kiss to [Root.GetFirstName], [Root.GetSheHe] needs it more than I do.;Je vais donner Or à [Root.GetFirstName], [Root.GetSheHe] en a plus besoin que moi. ;;;Cederé Beso Dorniense a [Root.GetFirstName], la necesita más que yo.;;;;;;;;;x
give_happyness_to_son;Grant Father's Fury;Donner Joie;;;Ceder Furia del Padre;;;;;;;;;x
give_happyness_to_son_desc;I will pass on Father's Fury to [Root.GetFirstName], [Root.GetSheHe] needs it more than I do.;Je vais donner Joie à [Root.GetFirstName], [Root.GetSheHe] en a plus besoin que moi. ;;;Cederé Furia del Padre a [Root.GetFirstName], la necesita más que yo.;;;;;;;;;x
give_hubris_to_son;Grant Talon;Donner Hubris;;;Ceder Orgullo Desmesurado;;;;;;;;;x
give_hubris_to_son_desc;I will pass on Talon to [Root.GetFirstName], [Root.GetSheHe] needs it more than I do.;Je vais donner Hubris à [Root.GetFirstName], [Root.GetSheHe] en a plus besoin que moi. ;;;Cederé Orgullo Desmesurado a [Root.GetFirstName], la necesita más que yo.;;;;;;;;;x
give_justice_to_son;Grant Jade;Donner Justice;;;Ceder Jade;;;;;;;;;x
give_justice_to_son_desc;I will pass on Jade to [Root.GetFirstName], [Root.GetSheHe] needs it more than I do.;Je vais donner Justice à [Root.GetFirstName], [Root.GetSheHe] en a plus besoin que moi. ;;;Cederé Jade a [Root.GetFirstName], la necesita más que yo.;;;;;;;;;x
give_kingmaker_to_son;Grant Kingmaker;Donner Faiseuse-de-Roi;;;Ceder Hacedora de Reyes;;;;;;;;;x
give_kingmaker_to_son_desc;I will pass on Kingmaker to [Root.GetFirstName], [Root.GetSheHe] needs it more than I do.;Je vais donner Faiseuse-de-Roi à [Root.GetFirstName], [Root.GetSheHe] en a plus besoin que moi. ;;;Cederé Hacedora de Reyes a [Root.GetFirstName], la necesita más que yo.;;;;;;;;;x
give_passion_to_son;Grant Passion;Donner Passion;;;Ceder Pasión;;;;;;;;;x
give_passion_to_son_desc;I will pass on Passion to [Root.GetFirstName], [Root.GetSheHe] needs it more than I do.;Je vais donner Passion à [Root.GetFirstName], [Root.GetSheHe] en a plus besoin que moi. ;;;Cederé Pasión a [Root.GetFirstName], la necesita más que yo.;;;;;;;;;x
give_rage_to_son;Grant Stranger's Touch;Donner Caresse de l'Etranger;;;Ceder Toque del Desconocido;;;;;;;;;x
give_rage_to_son_desc;I will pass on Stranger's Touch to [Root.GetFirstName], [Root.GetSheHe] needs it more than I do.;Je vais donner Caresse de l'Etranger à [Root.GetFirstName], [Root.GetSheHe] en a plus besoin que moi. ;;;Cederé Toque del Desconocido a [Root.GetFirstName], la necesita más que yo.;;;;;;;;;x
give_sightblinder_to_son;Grant Mourning Mace;Donner Endeuillée;;;Ceder Maza del Luto;;;;;;;;;x
give_sightblinder_to_son_desc;I will pass on Mourning Mace to [Root.GetFirstName], [Root.GetSheHe] needs it more than I do.;Je vais donner Endeuillée à [Root.GetFirstName], [Root.GetSheHe] en a plus besoin que moi. ;;;Cederé Maza del Luto a [Root.GetFirstName], la necesita más que yo.;;;;;;;;;x
give_the_monarchist_to_son;Grant Titan's Bite;Donner la Morsure du Titan;;;Ceder Mordisco del Titán;;;;;;;;;x
give_the_monarchist_to_son_desc;I will pass on Titan's Bite to [Root.GetFirstName], [Root.GetSheHe] needs it more than I do.;Je vais donner la Morsure du Titan à [Root.GetFirstName], [Root.GetSheHe] en a plus besoin que moi. ;;;Cederé Mordisco del Titán a [Root.GetFirstName], la necesita más que yo.;;;;;;;;;x
give_the_usurper_to_son;Grant Dragonbane;Donner Tue-Dragon;;;Ceder Venganza de Dragón;;;;;;;;;x
give_the_usurper_to_son_desc;I will pass on Dragonbane to [Root.GetFirstName], [Root.GetSheHe] needs it more than I do.;Je vais donner Tue-Dragon à [Root.GetFirstName], [Root.GetSheHe] en a plus besoin que moi. ;;;Cederé Venganza de Dragón a[Root.GetFirstName], la necesita más que yo.;;;;;;;;;x
give_worldeater_to_son;Grant Finger Eater;Donner Mangedoigt;;;Ceder Comededos;;;;;;;;;x
give_worldeater_to_son_desc;I will pass on Finger Eater to [Root.GetFirstName], [Root.GetSheHe] needs it more than I do.;Je vais donner Mangedoigt à [Root.GetFirstName], [Root.GetSheHe] en a plus besoin que moi. ;;;Cederé Comededos a [Root.GetFirstName], la necesita más que yo.;;;;;;;;;x
give_worlds_envy_to_son;Grant Rakh Arakh;Donner Rakh Arakh;;;Ceder Rakh Arakh;;;;;;;;;x
give_worlds_envy_to_son_desc;I will pass on Rakh Arakh to [Root.GetFirstName], [Root.GetSheHe] needs it more than I do.;Je vais donner Rakh Arakh à [Root.GetFirstName], [Root.GetSheHe] en a plus besoin que moi. ;;;Cederé Rakh Arakh a [Root.GetFirstName], la necesita más que yo.;;;;;;;;;x
reforge_valyrian_steel;Reforge Valyrian Steel Sword;Reforger une épée en acier valyrien;;;Reforjar una espada de acero valyrio;;;;;;;;;x
reforge_valyrian_steel_desc;Find a suitable blacksmith to turn your plain Valyrian Steel Sword into the pride of your dynasty!;Trouver un forgeron compétent pour transformer votre épée en acier valyrien en la fierté de votre maison !;;;Encontrar un herrero adecuado para convertir tu simple espada de acero valyrio en el orgullo de tu dinastía!;;;;;;;;;x
CUSTOMTOOLTIPthissword;[This.GetTitledFirstNameWithDynastyAndTitleNoRegnal] will return when the sword is complete.;[This.GetTitledFirstNameWithDynastyAndTitleNoRegnal] reviendra lorsque l'épée sera achevée. ;;;[This.GetTitledFirstNameWithDynastyAndTitleNoRegnal] volverá cuando la espada se haya completado.;;;;;;;;;x
EVTDESC250285;Two blacksmiths offer you their services.;Deux forgerons offrent leur service.;;;Dos herreros te ofrecen sus servicios.;;;;;;;;;x
EVTOPTA250285;I choose you;Je te choisis toi.;;;Te elijo a ti.;;;;;;;;;x
EVTOPTB250285;These two are useless, bring me more.;Ces deux là sont des incapables, qu'on m'en amène d'autres.;;;Estos dos son unos inútiles, tráeme más.;;;;;;;;;x
EVTOPTC250285;I will NEVER reforge this sword.;Je ne reforgerai JAMAIS cette épée !;;;Nunca reforjaré esta espada!;;;;;;;;;x
EVTDESC250286;Which design will be used?;Quelle esthétique préférez vous ?;;;¿Qué diseño preferirás?;;;;;;;;;x
EVTOPT250286;I want that one!;Je veux ce style là !;;;Quiero este de aquí!;;;;;;;;;x
EVTOPT250286_1;Mother's Grief;Chagrin-des-Mères;;;Duelo de la Madre;;;;;;;;;x
EVTOPT250286_2;Black Death;Mort-Noire;;;Muerte Negra;;;;;;;;;x
EVTOPT250286_3;Glory;Gloire;;;Gloria;;;;;;;;;x
EVTOPT250286_4;Skinpeeler;Epluche-peau;;;Desolladora;;;;;;;;;x
EVTOPT250286_5;Del Pino;Brise-Pin;;;Quebrantapinos;;;;;;;;;x
EVTOPT250286_6;Goodsword;Bonnelame;;;Buenaspada;;;;;;;;;x
EVTOPT250286_7;Dornish Kiss;Baiser-Dornien;;;Beso Dorniense;;;;;;;;;x
EVTOPT250286_8;Father's Fury;Furie-des-Pères;;;Furia del Padre;;;;;;;;;x
EVTOPT250286_9;Talon;Serre;;;Orgullo Desmesurado;;;;;;;;;x
EVTOPT250286_10;Jade;Jade;;;Jade;;;;;;;;;x
EVTOPT250286_11;Kingmaker;Faiseuse-de-Roi;;;Hacedora de Reyes;;;;;;;;;x
EVTOPT250286_12;Passion;Passion;;;Pasión;;;;;;;;;x
EVTOPT250286_13;Stranger's Touch;L'Etranger;;;Toque del Desconocido;;;;;;;;;x
EVTOPT250286_14;Mourning Mace;Masse-de-Deuil;;;Maza del Luto;;;;;;;;;x
EVTOPT250286_15;Titan's Bite;Morsure-des-Titans;;;Mordisco del Titán;;;;;;;;;x
EVTOPT250286_16;Dragonbane;Fléaudragon;;;Venganza de Dragón;;;;;;;;;x
EVTOPT250286_17;Finger Eater;Mange-Doigt;;;Comededos;;;;;;;;;x
EVTOPT250286_18;Rakh Arakh;Rakh Arakh;;;Rakh Arakh;;;;;;;;;x
EVTOPTB250286;Show me more!;Montrez moi en plus !;;;Muéstrame más!;;;;;;;;;x
EVTDESC250292;I am an AI Blacksmith deciding;Le forgeron réfléchit;;;La idea del herrero;;;;;;;;;x
EVTOPTA250292;I will steal;Je vais la voler;;;La robaré;;;;;;;;;x
EVTOPTB250292;I will not steal;Je ne vais pas la voler;;;No la robaré;;;;;;;;;x
EVTOPTB250292;I accidentally melted it into vapor.;Je ne vais pas la voler;;;Accidentalmente se derritió en vapor.;;;;;;;;;x
EVTDESC250293;The blacksmith [From.GetTitledFirstNameWithDynastyAndTitleNoRegnal] has dishonored the contract and stolen [sword_to_reforge.GetName]! He has taken it and fled [Root.Capital.GetName]! \n\nYou have three years to kill [From.GetHerHim] before your right to the sword is forgotten.;Le forgeron [From.GetTitledFirstNameWithDynastyAndTitleNoRegnal] n'a pas honoré son contrat et a volé [From.GetValyrianSwordOwned]. Il s'est enfuit de [Root.Capital.GetName] !\n\nVous avez un an pour le/la tuer, ou vous perdrez vos droits sur l'épée. ;;;El herrero [From.GetTitledFirstNameWithDynastyAndTitleNoRegnal] ha deshonrado el contrato y ha robado su espada. Él ha huido a otra corte! \n\n Tienes un año para matar a [from.GetHerHim] antes de que tu derecho a la espada se olvide.;;;;;;;;;x
EVTOPTA250293;I will look for you, I will find you, and I will kill you;Je te chercherai, je te trouverai, et je te tuerai;;;Quiero su cabeza!!;;;;;;;;;x
EVTDESC250294;The blacksmith [From.GetTitledFirstNameWithDynastyAndTitleNoRegnal] has completed his work and presents you with the newly reforged Valyrian steel sword!;Le forgeron [From.GetTitledFirstNameWithDynastyAndTitleNoRegnal] a terminé son travail et se présente à vous avec la nouvelle épée en acier valyrien reforgée !;;;El herrero [From.GetTitledFirstNameWithDynastyAndTitleNoRegnal]  ha terminado su trabajo y se presenta con laespada de acero valyrio recién reforjada!;;;;;;;;;x
EVTOPTA250294;Good. I name it [sword_to_reforge.GetName];Bien. Je la nomme [From.GetValyrianSwordOwned];;;Muy bien;;;;;;;;;x
EVTDESC250295;The blacksmith [From.GetTitledFirstNameWithDynastyAndTitleNoRegnal] you hired was incompetent. He brings before you a small ball of Valyrian steel the size of a coin and explains that while reforging it most of the steel was vaporized or lost.;Le forgeron [From.GetTitledFirstNameWithDynastyAndTitleNoRegnal] que vous avez engagé était incompétent. Il se présente à vous avec une petite boule d'acier valyrien dans la main et vous explique que la plupart de l'acier a été perdu pendant l'opération.;;;El herrero [From.GetTitledFirstNameWithDynastyAndTitleNoRegnal] que contrató era un incompetente. Él trae ante ti una pequeña bola de acero valyrio del tamaño de una moneda y explica que mientras reforjaba la mayor parte del acero esté se vaporiza o se pierde.;;;;;;;;;x
EVTOPTA250295;YOU INCOMPETENT WRETCH!;ABRUTI INCOMPÉTENT ! HORS DE MA VUE, AVANT QUE JE NE TE FASSE COUPER LA TÊTE !;;;Desgraciado incompetente!;;;;;;;;;x
opinion_stole_longclaw;Stole Longclaw ;A volé Grand-Griffe;;;Ha robado a Garra;;;;;;;;;x
opinion_stole_blackfyre;Stole Blackfyre;A volé Feunoyr;;;Ha robado a Fuegoscuro;;;;;;;;;x
opinion_stole_brightroar;Stole Brightroar;A volé Rugissante;;;Ha robado a Rugido;;;;;;;;;x
opinion_stole_heartsbane;Stole Heartsbane;A volé Corvenin;;;Ha robado a Veneno de Corazón;;;;;;;;;x
opinion_stole_ice;Stole Ice;A volé Glace;;;Ha robado a Hielo;;;;;;;;;x
opinion_stole_nightfall;Stole Nightfall;A volé Crépuscule;;;Ha robado a Anochecer;;;;;;;;;x
opinion_stole_darksister;Stole Darksister;A volé Noire Sœur;;;Ha robado a Hermana Oscura;;;;;;;;;x
opinion_stole_ladyforlorn;Stole Lady Forlorn;A volé Dame Affliction;;;Ha robado a Dama Desesperada;;;;;;;;;x
opinion_stole_redrain;Stole Redrain;A volé Pluie Pourpre;;;Ha robado a Lluvia Roja;;;;;;;;;x
opinion_stole_widowswail;Stole Widow's Wail;A volé Pleurs-de-Veuve;;;Ha robado a Lamento de Viuda;;;;;;;;;x
opinion_stole_oathkeeper;Stole Oathkeeper;A volé Féale;;;Ha robado a Guardajuramentos;;;;;;;;;x
opinion_stole_crabspincer;Stole Crabspincer;A volé Pince-Crabe;;;Ha robado a Pinza de Cangrejo;;;;;;;;;x
opinion_stole_strangers_mercy;Stole Stranger's Mercy;A volé Mort-Merci;;;Ha robado a Misericordia del Desconocido;;;;;;;;;x
opinion_stole_anger;Stole my Sword;A volé mon épée;;;Ha robado a Duelo de la Madre;;;;;;;;;x
opinion_stole_black_death;Stole my Sword;A volé mon épée;;;Ha robado a Muerte Negra;;;;;;;;;x
opinion_stole_compassion;Stole my Sword;A volé mon épée;;;Ha robado a Gloria;;;;;;;;;x
opinion_stole_concession;Stole my Sword;A volé mon épée;;;Ha robado a Desolladora;;;;;;;;;x
opinion_stole_del_pino;Stole my Sword;A volé mon épée;;;Ha robado a Quebrantapinos;;;;;;;;;x
opinion_stole_el_swordo;Stole my Sword;A volé mon épée;;;Ha robado a Buenaspada;;;;;;;;;x
opinion_stole_gold_sword;Stole my Sword;A volé mon épée;;;Ha robado a Beso Dorniense;;;;;;;;;x
opinion_stole_happyness;Stole my Sword;A volé mon épée;;;Ha robado a Furia del Padre;;;;;;;;;x
opinion_stole_hubris;Stole my Sword;A volé mon épée;;;Ha robado a Orgullo Desmesurado;;;;;;;;;x
opinion_stole_justice;Stole my Sword;A volé mon épée;;;Ha robado a Jade;;;;;;;;;x
opinion_stole_kingmaker;Stole my Sword;A volé mon épée;;;Ha robado a Hacedora de Reyes;;;;;;;;;x
opinion_stole_passion;Stole my Sword;A volé mon épée;;;Ha robado a Pasión;;;;;;;;;x
opinion_stole_rage;Stole my Sword;A volé mon épée;;;Ha robado a Toque del Desconocido;;;;;;;;;x
opinion_stole_sightblinder;Stole my Sword;A volé mon épée;;;Ha robado a Maza del Luto;;;;;;;;;x
opinion_stole_the_monarchist;Stole my Sword;A volé mon épée;;;Ha robado a Mordisco del Titán;;;;;;;;;x
opinion_stole_the_usurper;Stole my Sword;A volé mon épée;;;Ha robado a Venganza de Dragón;;;;;;;;;x
opinion_stole_worldeater;Stole my Sword;A volé mon épée;;;Ha robado a Comededos;;;;;;;;;x
opinion_stole_worlds_envy;Stole my Sword;A volé mon épée;;;Ha robado a Rakh Arakh;;;;;;;;;x
vigilance;Vigilance;Vigilance;;;Vigilancia;;;;;;;;;x
vigilance_desc;Vigilance is the ancestral Valyrian steel sword of house Hightower;Vigilance est l’ancestrale épée en acier valyrien de la Maison Hightower.;;;Vigilancia es la espada ancestral de acero valyrio de la casa Hightower.;;;;;;;;;x
orphan_maker;Orphan Maker;Faiseuse d'Orphelin;;;Hacedora de Huérfanos;;;;;;;;;x
orphan_maker_desc;Orphan Maker is the ancestral Valyrian steel sword of house Roxton;Faiseuse d'Orphelin est l’ancestrale épée en acier valyrien de la Maison Roxton.;;;Hacedora de Huérfanos es la espada ancestral de acero valyrio de casa Roxton.;;;;;;;;;x
TOOLTIPRECLAIMVIGILANCEWAR;[This.GetFirstNameWithDynasty] shall surrender §YVigilance§! To §Y[Root.GetFirstNameWithDynasty]§!\n;[This.GetFirstNameWithDynasty] livrera §YVigilance§! To §Y[Root.GetFirstNameWithDynasty]§!\n;;;[This.GetFirstNameWithDynasty] deberá entregar §YVigilancia§! a §Y[Root.GetFirstNameWithDynasty]§!\n;;;;;;;;;x
TOOLTIPRECLAIMORPHANMAKERWAR;[This.GetFirstNameWithDynasty] shall surrender §YOrphan Maker§! To §Y[Root.GetFirstNameWithDynasty]§!\n;[This.GetFirstNameWithDynasty] livrera §YFaiseuse d'Orphelin§! To §Y[Root.GetFirstNameWithDynasty]§!\n;;;[This.GetFirstNameWithDynasty] deberá entregar §YHacedora de Huérfanos§! a §Y[Root.GetFirstNameWithDynasty]§!\n;;;;;;;;;x
TOOLTIPVIGILANCEWIELDER;[This.GetFirstNameWithDynasty] wields §YVigilance§!\n;[This.GetFirstNameWithDynasty] manie §YVigilance§!\n;;;[This.GetFirstNameWithDynasty] blande a §YVigilancia§!\n;;;;;;;;;x
TOOLTIPORPHANMAKERWIELDER;[This.GetFirstNameWithDynasty] wields §YOrphan Maker§!\n;[This.GetFirstNameWithDynasty] manie §YFaiseuse d'Orphelin§!\n;;;[This.GetFirstNameWithDynasty] blande a §YHacedora de Huérfanos§!\n;;;;;;;;;x
give_vigilance_to_son;Grant Vigilance;Donner [Root.GetFirstName] Vigilance;;;Ceder Vigilancia;;;;;;;;;x
give_vigilance_to_son_desc;I will pass on Vigilance to [Root.GetFirstName], [Root.GetSheHe] needs it more than I do.;Je vais donner Vigilance à [Root.GetFirstName], [Root.GetSheHe] en a plus besoin que moi. ;;;Cederé Vigilancia a [Root.GetFirstName], la necesita más que yo.;;;;;;;;;x
give_orphan_maker_to_son;Grant Orphan Maker;Donner Faiseuse d'Orphelin;;;Ceder a [Root.GetFirstName] Hacedora de Huérfanos;;;;;;;;;x
give_orphan_maker_to_son_desc;I will pass on Orphan Maker to [Root.GetFirstName], [Root.GetSheHe] needs it more than I do.;Je vais donner Faiseuse d'Orphelin à [Root.GetFirstName], [Root.GetSheHe] en a plus besoin que moi. ;;;Cederé Hacedora de Huérfanos a [Root.GetFirstName], la necesita más que yo.;;;;;;;;;x
opinion_stole_vigilance;Stole Vigilance;A volé Vigilance;;;Ha robado a Vigilancia;;;;;;;;;x
opinion_stole_orphan_maker;Stole Orphan Maker;A volé Faiseuse d'Orphelin;;;Ha robado a Hacedora de Huérfanos;;;;;;;;;x
EVTOPTB251400;What are the rules of sword inheritance?;Quelles sont les règles d'héritage pour les épées ?;;;Cuáles son las leyes para heredar una espada?;;;;;;;;;x
TOOLTIPVALYRIANSTEELINHERITANCE;Upon the death of an owner of a valyrian steel blade, the order of precendence for inheritance is:\n1- The current heir, if the same dynasty or child of holder\n2- A grandchild who is head of dynasty\n3- A child/grandchild of the same dynasty\n4- A sibling of the same dynasty\n5- Any member of the same dynasty\n6- Any child/grandchild\n7- Spouse\n8- The current heir, regardless of relation\n9- Liege\n10 -Any vassal\n\nThe sword Dawn is an exception, usually only great knights of House Dayne can claim this sword.\n\nA Targaryen or Corbray will also usually pass Dark Sister or Lady Forlorn respectively to the head of the house upon their death, as traditionally only great warriors of these houses wield these swords.;A la mort d'un détenteur d'une lame en acier valyrien, l'ordre de succession pour l'héritage est le suivant:\n1- L'héritier actuel, s'il est de la même dynastie\n2- Un enfant de la même dynastie\n3- Un parent de la même dynastie\n4- N'importe quel membre de la même dynastie\n5- L'héritier actuel\n6- N'importe quel enfant\n7- L'épouse\n8- Le suerain\n9 -N'importe quel vassal\n\nL'épée Auve est une exception, traditionnellement, seuls les plus grands chevaliers peuvent revendiquer cette épée.\n\nUn Targaryen ou un Corbray lègueront Noire Soeur ou Dame Affliction au chef de la maison après leur mort, puisque traditionnellement, seuls les plus grands guerriers de leur maison manient ces épées.;;;A la muerte de un poseedor de una espada de acero valyrio, el orden de sucesión para heredarla es el siguiente:\n1- El heredero actual, si es de la misma dinastía\n2- Un niño de la misma dinastía\n3- Un pariente de la misma dinastía\n4- Cualquier miembro de la misma dinastía\n5- El heredero actual\n6- Cualquier niño\n7- La esposa\n8- El Señor\n9 -Cualquier vasallo\n\nAlbor es la excepción, tradicionalmente, sólo los mejores caballeros pueden reclamar esta espada.\n\nUn Targaryen o un Corbray legarán Hermana Negra o Dame Desesperada al cabeza de la casa tras su muerte, ya que sólo los más grandes guerreros de sus casas blanden estas espadas.;;;;;;;;;x
EVTDESC250276;[Root.GetTitledFirstName], I wish to offer you and your house a great gift. I hereby grant you [FromFromFrom.GetName], to be passed down to your heirs in perpetuity. I bid you use it with honour.\n\n Yours,\n[FromFrom.GetTitledFirstNameWithDynastyAndTitleNoRegnal];[Root.GetTitledFirstName], j'aimerais vous offrir à vous et à votre famille un grand présent. Je vous remets une lame en acier valyrien que vous pourrez léguer à perpétuité à vos héritiers. J'espère que vous en userez avec honneur.\n\n Bien à vous,\n[FromFrom.GetTitledFirstName] de la maison [FromFrom.GetOnlyDynastyName];;;[Root.GetTitledFirstName], me gustaría ofreceros un presente a vos y a vuestra familia. Os entrego una espada de acero valyrio que podréis legar a perpetuidad a vuestros herederos. Espero que la uséis con honor.\n\n Atentamente,\n[FromFrom.GetTitledFirstName] de la casa [FromFrom.GetOnlyDynastyName];;;;;;;;;x
EVTOPTA250276;Why thank you!;Grand merci !;;;Muchas gracias!;;;;;;;;;x
TOOLTIPRECLAIMTRUTHWAR;[This.GetFirstNameWithDynasty] shall surrender §YTruth§! To §Y[Root.GetFirstNameWithDynasty]§!\n;[This.GetFirstNameWithDynasty] devra rendre §YTruth§! à §Y[Root.GetFirstNameWithDynasty]§!\n;;;[This.GetFirstNameWithDynasty] deberán entregar a §YVerdad§! a §Y[Root.GetFirstNameWithDynasty]§!\n;;;;;;;;;x
TOOLTIPTRUTHWIELDER;[This.GetFirstNameWithDynasty] wields §YTruth§!\n;[This.GetFirstNameWithDynasty] manie §YVérité§!\n;;;[This.GetFirstNameWithDynasty] blande a §YVerdad§!\n;;;;;;;;;x
give_truth_to_son;Grant Truth;Donner Vigilance;;;Ceder Verdad;;;;;;;;;x
give_truth_to_son_desc;I will pass on Truth to [Root.GetFirstName], [Root.GetSheHe] needs it more than I do.;Je vais donner Vigilance à [Root.GetFirstName], [Root.GetSheHe] en a plus besoin que moi. ;;;Cederé Verdad a [Root.GetFirstName], la necesita más que yo.;;;;;;;;;x
opinion_stole_truth;Stole Truth;A volé Vigilance;;;Ha robado a Verdad;;;;;;;;;x
TOOLTIP_claim_dawn_calc;Has two of the traits just, kind, brave, diligent, honorable, patient or zealous\n;A deux des traits suivants : juste, aimable, brave, prudent ou honorable.\n;;;;;;;;;;;;x
TOOLTIPRECLAIMLAMENTATIONWAR;[This.GetFirstNameWithDynasty] shall surrender §YLamentation§! To §Y[Root.GetFirstNameWithDynasty]§!\n;[This.GetFirstNameWithDynasty] devra rendre §YLamentation§! à §Y[Root.GetFirstNameWithDynasty]§!\n;;;[This.GetFirstNameWithDynasty] deberán entregar a §YLamento§! a §Y[Root.GetFirstNameWithDynasty]§!\n;;;;;;;;;x
TOOLTIPLAMENTATIONWIELDER;[This.GetFirstNameWithDynasty] wields §YLamentation§!\n;[This.GetFirstNameWithDynasty] manie §YLamentation§!\n;;;[This.GetFirstNameWithDynasty] blande a §YLamento§!\n;;;;;;;;;x
give_lamentation_to_son;Grant Lamentation;Donner Lamentation;;;Ceder Lamento;;;;;;;;;x
give_lamentation_to_son_desc;I will pass on Lamentation to [Root.GetFirstName], [Root.GetSheHe] needs it more than I do.;Je vais donner Lamentation à [Root.GetFirstName], [Root.GetSheHe] en a plus besoin que moi. ;;;Cederé Lamento a [Root.GetFirstName], la necesita más que yo.;;;;;;;;;x
opinion_stole_lamentaion;Stole Lamentation;A volé Lamentation;;;Ha robado a Lamento;;;;;;;;;x
TOOLTIPRECLAIMPOISONWAR;[This.GetFirstNameWithDynasty] shall surrender §YPoison§! To §Y[Root.GetFirstNameWithDynasty]§!\n;[This.GetFirstNameWithDynasty] devra rendre §YPoison§! à §Y[Root.GetFirstNameWithDynasty]§!\n;;;[This.GetFirstNameWithDynasty] deberán entregar a §YVeneno§! a §Y[Root.GetFirstNameWithDynasty]§!\n;;;;;;;;;x
TOOLTIPPOISONWIELDER;[This.GetFirstNameWithDynasty] wields §YPoison§!\n;[This.GetFirstNameWithDynasty] manie §YPoison§!\n;;;[This.GetFirstNameWithDynasty] blande a §YVeneno§!\n;;;;;;;;;x
give_poison_to_son;Grant Poison;Donner Poison;;;Ceder Veneno;;;;;;;;;x
give_poison_to_son_desc;I will pass on Poison to [Root.GetFirstName], [Root.GetSheHe] needs it more than I do.;Je vais donner Poison à [Root.GetFirstName], [Root.GetSheHe] en a plus besoin que moi. ;;;Cederé Veneno a [Root.GetFirstName], la necesita más que yo.;;;;;;;;;x
opinion_stole_poison;Stole Poison;A volé Poison;;;Ha robado a Veneno;;;;;;;;;x
TOOLTIPSEAFOAMWIELDER;[This.GetFirstNameWithDynasty] wields §YSeafoam§!\n;[This.GetFirstNameWithDynasty] manie §YSeafoam§!\n;;;[This.GetFirstNameWithDynasty] blande a §YSeafoam§!\n;;;;;;;;;x
has_valyrian_steel_sword_trigger;[This.GetTitledFirstName] owns a valyrian steel sword\n;[This.GetTitledFirstName] possède une épée en acier valyrien\n;;;[This.GetTitledFirstName] posee una espada de acero valyrio\n;;;;;;;;;x
owns_valyrian_steel_sword;Owns a Valyrian Steel Weapon;Possède une arme en acier valyrien;;;Posee un arma de acero valyrio;;;;;;;;;x
EVTDESCvalyrian_steel.100;That lowly curr of a blacksmith still has my Valyrian steel sword, and is still beyond my grasp. My [Root.GetMySpymasterName] [Root.job_spymaster.GetTitledFirstName] has tracked [valyrian_steel_blacksmith.GetHerHim] down to somewhere in [valyrian_steel_blacksmith.Location.GetName], and says if you were to provide some funds [Root.job_spymaster.GetSheHe] could recover [sword_to_reforge.GetName].;Ce maudit forgeron a toujours mon épée en acier valyrien, et il est toujours hors de portée. Mon [Root.GetMySpymasterName] [Root.job_spymaster.GetTitledFirstName] l'a poursuivi jusque dans les environs de [valyrian_steel_blacksmith.Location.GetName], et [Root.job_spymaster.GetSheHe] dit que si vous lui fournissez des fonds [Root.job_spymaster.GetSheHe] peut récupérer [valyrian_steel_blacksmith.GetValyrianSwordOwned].;;;Ese maldito herrero todavía  tiene mi espada en acero Valyrian, y  siempre está fuera  de mi alcance. Mi [Root.GetMySpymasterName] [Root.job_spymaster.GetTitledFirstName] lo persiguió en [valyrian_steel_blacksmith.Location.GetName], y [Root.job_spymaster.GetSheHe] dijo que si le proporcionaba fondos [Root.job_spymaster] .GetSheHe] puede recuperar [valyrian_steel_blacksmith.GetValyrianSwordOwned].;;;;;;;;;x
EVTOPTAvalyrian_steel.100;Do whatever it takes!;Faites ce qu'il faut !;;;¡Haz lo que sea necesario!;;;;;;;;;x
TOOLTIPvalyrian_steel.101;[sword_to_reforge.GetName] is recovered;[valyrian_steel_blacksmith.GetValyrianSwordOwned] est récupérée;;;[valyrian_steel_blacksmith.GetValyrianSwordOwned] se ha recuperado;;;;;;;;;x
TOOLTIPvalyrian_steel.102;[sword_to_reforge.GetName] is NOT recovered;[valyrian_steel_blacksmith.GetValyrianSwordOwned] n'est PAS récupérée;;;[valyrian_steel_blacksmith.GetValyrianSwordOwned] NO se ha recuperado;;;;;;;;;x
EVTOPTBvalyrian_steel.100;It is surely beyond our grasp now;C'est sûrement hors de notre portée maintenant;;;Seguramente está fuera de nuestro alcance por ahora;;;;;;;;;x
EVTDESCvalyrian_steel.101A;Your [Root.GetMySpymasterName] [Root.job_spymaster.GetTitledFirstName] brings good news of [Root.job_spymaster.GetHerHis] mission to find [sword_to_reforge.GetName]! [Root.job_spymaster.GetSheHeCap] says [Root.job_spymaster.GetHerHis] agents overhead the blacksmith drunkenly boasting of the sword in a tavern in [valyrian_steel_blacksmith.Location.GetName], and so hired some men to track him and have him killed. The sword is now back in your possession.;Votre [Root.GetMySpymasterName] [Root.job_spymaster.GetTitledFirstName] apporte de bonnes nouvelles de sa mission de recherche de [valyrian_steel_blacksmith.GetValyrianSwordOwned] ! [Root.job_spymaster.GetSheHeCap] dit que ses agents ont surpris le forgeron ivre et se vantant de l'épée dans une taverne à [valyrian_steel_blacksmith.Location.GetName], ils ont engagé des hommes pour le suivre et le tuer. L'épée est à nouveau en votre possession.;;;Su [Root.GetMySpymasterName] [Root.job_spymaster.GetTitledFirstName] trae buenas noticias de su misión para buscar [Root.job_spymaster.GetHerHis] para encontrar [valyrian_steel_blacksmith.GetValyrianSwordOwned]! [Root.job_spymaster.GetSheHeCap] dice a los agentes [Root.job_spymaster.GetHerHis] sorprendieron al herrero borracho y se jactaba de la espada en una taberna en [valyrian_steel_blacksmith.Location.GetName], por lo que contrató a algunos hombres para rastrearlo y matarlo. La espada ahora está de vuelta en tu posesión.;;;;;;;;;x
EVTDESCvalyrian_steel.101B;[Root.job_spymaster.GetTitledFirstName] has found the rogue blacksmith! [Root.job_spymaster.GetSheHeCap] hired many spies to roam the streets of [valyrian_steel_blacksmith.Location.GetName], looking and listening for signs of the sword. The blacksmith was eventually kidnapped, and has been brought here with [sword_to_reforge.GetName] to [Root.Capital.GetName].;[Root.job_spymaster.GetTitledFirstName] a trouvé le forgeron félon ! [Root.job_spymaster.GetSheHeCap] a engagé de nombreux espions pour parcourir les rues de [valyrian_steel_blacksmith.Location.GetName], à la recherche de signes de l'épée. Le forgeron a été finalement kidnappé et a été amené avec [valyrian_steel_blacksmith.GetValyrianSwordOwned] à [Root.Capital.GetName].;;;[Root.job_spymaster.GetTitledFirstName] ha encontrado al herrero deshonesto. [Root.job_spymaster.GetSheHeCap] contrató a muchos espías para buscar por las calles de [valyrian_steel_blacksmith.Location.GetName], buscando y buscando signos de la espada. El herrero fue finalmente secuestrado, y lo trajeron aquí con [valyrian_steel_blacksmith.GetValyrianSwordOwned] a [Root.Capital.GetName];;;;;;;;;x
EVTDESCvalyrian_steel.101C;The sword that was stolen has been found! [Root.job_spymaster.GetTitledFirstName] issued a bounty for both [sword_to_reforge.GetName] and the blacksmith's head, and so a sellsword from [valyrian_steel_blacksmith.Location.GetName] eventually came forward. He says he obtained the sword from the blacksmith, but soon realised the identity of the true owner and came to [Root.Capital.GetName] to claim the reward.;L'épée qui a été volée a été trouvée ! [Root.job_spymaster.GetTitledFirstName] a promis une récompense pour [valyrian_steel_blacksmith.GetValyrianSwordOwned] et la tête du forgeron, finalement un reître de [valyrian_steel_blacksmith.Location.GetName] a fini par se manifester. Il dit qu'il acquit l'épée auprès du forgeron mais qu'il a vite réalisé l'identité du véritable propriétaire de l'épée et il est venu à [Root.Capital.GetName] pour réclamer sa récompense.;;;¡Se ha encontrado la espada que fue robada! [Root.job_spymaster.GetTitledFirstName] emitió una recompensa por ambos [valyrian_steel_blacksmith.GetValyrianSwordOwned] y por la cabeza del herrero, por lo que una palabra de venta de [valyrian_steel_blacksmith.Location.GetName] finalmente apareció. Él dice que obtuvo la espada del herrero, pero pronto se dio cuenta de la identidad del verdadero dueño y acudió a [Root.Capital.GetName] para reclamar la recompensa.;;;;;;;;;x
EVTOPTAvalyrian_steel.101;Excellent, my [Root.GetMySpymasterName] has done well!;Parfait, mon [Root.GetMySpymasterName] a réussi !;;;Excelente, mi [Root.GetMySpymasterName] lo ha hecho bien!;;;;;;;;;x
EVTDESCvalyrian_steel.102;Despite sending many spies to [valyrian_steel_blacksmith.Location.GetName] to search for the blacksmith, as well as offering a large bounty, [Root.GetMySpymasterName] [Root.job_spymaster.GetTitledFirstName] could not find [sword_to_reforge.GetName]. [Root.job_spymaster.GetSheHeCap] says more time and gold could yet see the sword return to your possession however.;Malgré l'envoi de nombreux espions à la recherche du forgeron à [valyrian_steel_blacksmith.Location.GetName] ainsi que l'offre d'une généreuse récompense, [Root.GetMySpymasterName] [Root.job_spymaster.GetTitledFirstName] n'a pas réussi à trouver [valyrian_steel_blacksmith.GetValyrianSwordOwned]. [Root.job_spymaster.GetSheHeCap] dit que plus de temps et plus d'or vous permettrait de voir revenir l'épée en votre possession.;;;A pesar de enviar muchos espías a [valyrian_steel_blacksmith.Location.GetName] para buscar al herrero, además de ofrecer una gran recompensa, [Root.GetMySpymasterName] [Root.job_spymaster.GetTitledFirstName] no pudo encontrar [valyrian_steel_blacksmith.GetValyrianSwordOwned] . [Root.job_spymaster.GetSheHeCap] dice que más tiempo y más oro te permitirán volver a ver la espada en tu poder.;;;;;;;;;x
EVTOPTAvalyrian_steel.102;Yes, continue the search!;Oui, continuez de chercher !;;;Sí, continuad la búsqueda;;;;;;;;;x
EVTOPTBvalyrian_steel.102;I will not waste more gold on your inept intrigues;Je ne dépenserai pas plus d'argent pour vos stupides intrigues;;;No gastaré más dinero en tus estúpidos planes;;;;;;;;;x
valyrian_armour;Valyrian Steel Armour;Armure en acier valyrien;;;Armadura de acero valyrio;;;;;;;;;x
valyrian_armour_desc;Valyrian steel is a magical alloy invented in Valyria and used to make weapons of unparalleled quality. A suit of armour made of such material would be worth a kingdoms fortune.;L'acier valyrien est un alliage magique inventé à Valyria et utilisé pour forger des armes d'une qualité inégalable. Une armure d'un tel acier vaut la fortune de tout un royaume.;;;El acero valyrio es una aleación mágica traida de Valyria y usada para hacer armas de gran calidad. Una armadura hecha de tal material valdría la fortuna de un reino;;;;;;;;;x
opinion_stole_valyrian_armour;Stole my Valyrian Armour;A volé mon armure en acier valyrien;;;Robó mi Armadura;;;;;;;;;x
TOOLTIPRECLAIMvalyrian_armourWAR;[This.GetFirstNameWithDynasty] shall surrender [This.GetHerHis] §YValyrian Steel Armour§! To §Y[Root.GetFirstNameWithDynasty]§!\n;[This.GetFirstNameWithDynasty] doit rendre [This.GetHerHis] §Yarmure en acier valyrien§! à §Y[Root.GetFirstNameWithDynasty]§!\n;;;[This.GetFirstNameWithDynasty] rendirá su §YArmadura de acero Valyrio§! a §Y[Root.GetFirstNameWithDynasty]§!\n;;;;;;;;;x
give_valyrian_armour_to_son;Grant Valyrian Steel Armour;Donner votre armure en acier valyrien;;;Dale a tu armadura de acero Valyria;;;;;;;;;x
give_valyrian_armour_to_son_desc;I will pass on my Valyrian Steel Armour to [Root.GetFirstName], [Root.GetSheHe] needs it more than I do.;Je vais donner mon armure en acier valyrien à [Root.GetFirstName], il/elle en a plus besoin que moi.;;;Le pasaré mi armadura de acero Valyria a [Root.GetFirstName], [Root.GetSheHe] la necesita más que yo.;;;;;;;;;x
TOOLTIPVALYRIANARMOURWIELDER;[This.GetFirstNameWithDynasty] owns a suit of §YValyrian Steel Armour§!\n;[This.GetFirstNameWithDynasty] possède une §Yarmure en acier valyrien§!\n;;;[This.GetFirstNameWithDynasty] posee una §YArmadura de acero Valyria§!\N;;;;;;;;;x
ValyrianSword;a Valyrian steel sword;une épée en acier valyrien;;;Una espada hecha de acero Valyrio;;;;;;;;;x
ValyrianSwordYours;your Valyrian steel sword;votre épée en acier valyrien;;;Tu espada de acero Valyrian;;;;;;;;;x
ValyrianSwordHis;his Valyrian steel sword;son épée en acier valyrien;;;Su espada en acero Valyrio;;;;;;;;;x
ValyrianSwordHer;her Valyrian steel sword;son épée en acier valyrien;;;Su espada de acero Valyrio;;;;;;;;;x
ValyrianSworddawn;Dawn;Aube;;;Albor;;;Alba;;;;;;x
ValyrianSwordblackfyre;Blackfyre;Feunoyr;;;Fuegoscuro;;;;;;;;;x
ValyrianSworddarksister;Dark Sister;Noire Sœur;;;Hermana oscura;;;;;;;;;x
ValyrianSwordice;Ice;Glace;;;Hielo;;;;;;;;;x
ValyrianSwordlongclaw;Longclaw;Grand-Griffe;;;Garra;;;;;;;;;x
ValyrianSwordbrightroar;Brightroar;Rugissante;;;Rugido;;;;;;;;;x
ValyrianSwordlightbringer;Lightbringer;Illumination;;;Dueña de Luz;;;;;;;;;x
ValyrianSwordheartsbane;Heartsbane;Corvenin;;;Veneno de Corazón;;;;;;;;;x
ValyrianSwordcrabspincer;Crab's Pincer;Pince-Crabe;;;Pinza de Cangrejo;;;;;;;;;x
ValyrianSwordladyforlorn;Lady Forlorn;Dame Affliction;;;Dama Desesperada;;;;;;;;;x
ValyrianSwordredrain;Red Rain;Pluie Pourpre;;;Lluvia Roja;;;;;;;;;x
ValyrianSwordwidowswail;Widow's Wail;Pleurs-de-Veuve;;;Lamento de Viuda;;;;;;;;;x
ValyrianSwordoathkeeper;Oathkeeper;Féale;;;Guardajuramentos;;;;;;;;;x
ValyrianSwordstrangers_mercy;Stranger's Mercy;Mort-Merci;;;Misericordia del desconocido;;;;;;;;;x
ValyrianSwordtruth;Truth;Vérité;;;Verdad;;;;;;;;;x
ValyrianSwordlamentation;Lamentation;Lamentation;;;Lamento;;;;;;;;;x
ValyrianSwordpoison;Poison;Poison;;;Veneno;;;;;;;;;x
ValyrianSwordseafoam;Seafoam;Seafoam;;;;;;;;;;;;x
ValyrianSwordnightfall;Nightfall;Crépuscule;;;Anochecer;;;;;;;;;x
ValyrianSwordanger;Mother's Grief;Chagrin-des-Mères;;;Dolores de Madres;;;;;;;;;x
ValyrianSwordblack_death;Black Death;Mort-Noire;;;Muerte Negra;;;;;;;;;x
ValyrianSwordcompassion;Glory;Gloire;;;Gloria;;;;;;;;;x
ValyrianSwordconcession;Skinpeeler;Epluche-peau;;;Desollador;;;;;;;;;x
ValyrianSworddel_pino;Del Pino;Brise-Pin;;;Del Pino;;;;;;;;;x
ValyrianSwordel_swordo;Goodsword;Bonnelame;;;Buenaspada;;;;;;;;;x
ValyrianSwordgold_sword;Dornish Kiss;Baiser-Dornien;;;Beso Dorniense;;;;;;;;;x
ValyrianSwordhappyness;Father's Fury;Furie-des-Pères;;;La Furia del Padre;;;;;;;;;x
ValyrianSwordhubris;Talon;Serre;;;Garra;;;;;;;;;x
ValyrianSwordjustice;Jade;Jade;;;Jade;;;;;;;;;x
ValyrianSwordkingmaker;Kingmaker;Faiseuse-de-Roi;;;Hacedor de Reyes;;;;;;;;;x
ValyrianSwordpassion;Passion;Passion;;;Pasión;;;;;;;;;x
ValyrianSwordrage;Stranger's Touch;L'Etranger;;;Toque de Extraños;;;;;;;;;x
ValyrianSwordsightblinder;Mourning Mace;Masse-de-Deuil;;;Maza de luto;;;;;;;;;x
ValyrianSwordthe_monarchist;Titan's Bite;Morsure-des-Titans;;;Mordedura del Titán;;;;;;;;;x
ValyrianSwordthe_usurper;Dragonbane;Fléaudragon;;;Perdición del Dragón;;;;;;;;;x
ValyrianSwordworldeater;Finger Eater;Mange-Doigt;;;Devorador de Dedos;;;;;;;;;x
ValyrianSwordworlds_envy;Rakh Arakh;Rakh Arakh;;;Rakh Arakh;;;;;;;;;x
ValyrianSwordvigilance;Vigilance;Vigilance;;;Vigilancia;;;;;;;;;x
ValyrianSwordorphan_maker;Orphan Maker;Faiseuse d'Orphelin;;;Hacedora de Huérfanos;;;;;;;;;x
EVTDESCvalyrian_steel.150;Only true knights of House Dayne may carry their ancestral greatsword Dawn, forged from the heart of a fallen star. Of all of House Dayne's members, you alone has proven yourself worthy of this honor.;Seul les vrais chevaliers de la maison Dayne peuvent prétendre porter l’ancestrale et mythique épée Aube, forgée dans le cœur d'un météore. De tous les membres de la maison Dayne, [From.GetTitledFirstNameWithDynastyAndTitleNoRegnal] ,seul, a prouvé que son honneur était digne de [From.GetHerHim];;;Solo los verdaderos caballeros de la Casa Dayne pueden portar la ancestral espada Albor, forjada del corazón de una estrella caída. De todos los miembros de la Casa Dayne, solo [From.GetTitledFirstNameWithDynastyAndTitleNoRegnal] ha probado ser digno de tal honor.;;;;;;;;;x
EVTOPTAvalyrian_steel.150;Rise with the sun, for you are the Sword of the Morning.;Lève-toi avec le soleil, à toi est l’Épée du Matin;;;Levantaos con el sol porque sois la Espada del Amanecer.;;;;;;;;;x
EVTDESCvalyrian_steel.151;Only true knights of House Dayne may carry their ancestral greatsword Dawn, forged from the heart of a fallen star. Of all of House Dayne's members, [From.GetTitledFirstNameWithDynastyAndTitleNoRegnal] alone has proven [From.GetHerHim]self worthy of this honor.;Seul les vrais chevaliers de la maison Dayne peuvent prétendre porter l’ancestrale et mythique épée Aube, forgée dans le cœur d'un météore. De tous les membres de la maison Dayne, [From.GetTitledFirstNameWithDynastyAndTitleNoRegnal] ,seul, a prouvé que son honneur était digne de [From.GetHerHim];;;Solo los verdaderos caballeros de la Casa Dayne pueden portar la ancestral espada Albor, forjada del corazón de una estrella caída. De todos los miembros de la Casa Dayne, solo [From.GetTitledFirstNameWithDynastyAndTitleNoRegnal] ha probado ser digno de tal honor.;;;;;;;;;x
EVTOPTAvalyrian_steel.151;Good for [From.GetHerHim];Lève-toi avec le soleil, à toi est l’Épée du Matin;;;Levantaos con el sol porque sois la Espada del Amanecer.;;;;;;;;;x
claim_dawn;Claim Dawn;Revendiquer Aube;;;Reclamar a Albor;;;;;;;;;x
claim_dawn_desc;This person will claim Dawn and assume the mantle of The Sword of the Morning.;Revendiquer Aube et assumer le rôle d’Épée du Matin;;;Esta persona reclamará a Alba y asumirá el cargo de Espada del Amanecer.;;;;;;;;;x
seize_sword;Seize Valuable Artifact;;;;Confiscar la espada Valyria;;;;;;;;;x
seize_sword_desc;Seize a valuable artifact from your prisoner;;;;Confiscar la espada Valyria de tu prisionero;;;;;;;;;x
TOOLTIPseize_swordCLAIM;[This.GetTitledFirstNameWithDynasty] has an ancestral claim on on [FromFrom.GetName];;;;;;;;;;;;;x
TOOLTIPseize_swordSTOLEN;[FromFrom.GetName] was stolen from [This.GetTitledFirstNameWithDynasty];;;;;;;;;;;;;x
TOOLTIPseize_swordCLAIMTITLE;[FromFrom.GetName] is an heirloom of [This.GetTitledFirstNameWithDynasty]'s realm;;;;;;;;;;;;;x
EVTDESCvalyrian_steel.160;Your captor, [FromFrom.GetTitledFirstNameWithDynasty], has seized [FromFromFrom.GetName] from you!;;;;Su captor, [FromFrom.GetTitledFirstNameWithDynasty], ha confiscado [FromFromFet.GetName] de usted!;;;;;;;;;x
EVTOPTAvalyrian_steel.160;This is an outrage!;;;;¡Esto es un atropello!;;;;;;;;;x
ValyrianSwordartifact;[valyrian_steel_sword.GetName];;;;;;;;;;;;;x
demand_return_of_valyrian_steel;Demand Return of Artifact;;;;Reclamar el retorno de la espada Valyria;;;;;;;;;x
demand_return_of_valyrian_steel_desc;An artifact that is justly property of House [From.GetOnlyDynastyName] is currently in [Root.PrimaryTitle.GetName]. A demand can be sent for its return under the threat of war.;;;;La espada Valyria que es justamente propiedad de la Casa [From.GetOnlyDynastyName] se encuentra actualmente en [Root.PrimaryTitle.GetName]. Se puede enviar una Reclamacion para su devolución bajo la amenaza de la guerra.;;;;;;;;;x
opinion_demanded_valyrian_steel;Demanded Return of an Artifact;;;;Reclamar vuelta de espada valiria;;;;;;;;;x
TOOLTIPvalyrian_steel.170;A message is sent to [Root.GetTitledFirstNameWithDynasty] demanding return of artifacts, threatening war if this is not done.;;;;Se envía un mensaje a [Root.GetTitledFirstNameWithDynasty] exigiendo que devuelva la espada valyria, amenazando con una guerra si esto no se hace.;;;;;;;;;x
TOOLTIPdemand_return_of_valyrian_steel;[This.GetName], currently held by [This.Owner.GetTitledFirstNameWithDynasty], is demanded;;;;[This.GetName], actualmente en posesión de [This.Owner.GetTitledFirstNameWithDynasty], se exige;;;;;;;;;x
EVTDESCvalyrian_steel.170;[Root.GetTitledFirstName], certain valuable artifacts that are rightfully the property of House [FromFrom.GetOnlyDynastyName] are currently being unjustly held in [Root.PrimaryTitle.GetName]. I demand that they are returned intact to [FromFrom.Capital.GetName], or else we may resort to more direct means to retrieve them.\n\n Signed,\n[FromFrom.GetTitledFirstNameWithDynastyAndTitle];;;;[Root.GetTitledFirstName], la espada Valyria que es legítimamente propiedad de la Casa [FromFrom.GetOnlyDynastyName] está siendo retenido injustamente en [Root.PrimaryTitle.GetName]. Exijo que se devuelva intacto a [FromFrom.Capital.GetName], o bien podemos recurrir a medios más directos para recuperarlo.\n\n Signed,\n[FromFrom.GetTitledFirstNameWithDynastyAndTitle];;;;;;;;;x
EVTOPTAvalyrian_steel.170;Yes, this would seem the wisest course;;;;Sí, esta parece ser la opción más sabia;;;;;;;;;x
opinion_returned_valyrian_steel;Returned Valuable Artifact;;;;Devolver espada Valyria;;;;;;;;;x
TOOLTIPvalyrian_steel.173;You issue a command to [This.GetTitledFirstNameWithDynastyAndTitle], ordering [This.GetHerHim] to return [Prev.GetName] to [FromFrom.GetTitledFirstName];;;;Usted emite una orden para [This.GetTitledFirstNameWithDynastyAndTitle], ordenando [This.GetHerHim] que devuelva [Prev.GetName] a [FromFrom.GetTitledFirstName];;;;;;;;;x
EVTOPTBraid_events.151;I will not cave to threats from that [GetRootFromInsult]!;;;;¡No cederé a las amenazas de ese [GetRootFromInsult]!;;;;;;;;;x
opinion_refused_valyrian_steel_demand;Refused to Return Artifact;;;;Se negó a devolver la espada Valyria;;;;;;;;;x
TOOLTIPvalyrian_steel.171;[This.GetTitledFirstNameWithDynastyAndTitle] will have just cause to declare war;;;;[This.GetTitledFirstNameWithDynastyAndTitle] tendrá una causa justa para declarar la guerra;;;;;;;;;x
EVTDESCvalyrian_steel.171;To the [GetFromRootInsult] [Root.GetTitledFirstName], we will not cave in to these naked threats. The artifact which you say to claim will remain in [From.PrimaryTitle.GetName].\n\n Signed,\n[From.GetTitledFirstNameWithDynastyAndTitle];;;;xPara [GetFromRootInsult] [Root.GetTitledFirstName], no cederemos a estas amenazas vacías. La espada valyria que dices reclamar permanecerá en [From.PrimaryTitle.GetName].\n\n Firmado,\n[From.GetTitledFirstNameWithDynastyAndTitle];;;;;;;;;x
EVTOPTAvalyrian_steel.171;Fine, call the banners!;;;;Bien, llama a los abanderados;;;;;;;;;x
EVTOPTBvalyrian_steel.171;This is not worth a war;;;;Esto no vale una guerra;;;;;;;;;x
EVTDESCvalyrian_steel.1711;[From.GetTitledFirstNameNoRegnal]'s threats were empty it seems, for [From.GetSheHe] has backed down and not gone to war after receiving our reply to [Fron.GetHerHis] demands.;;;;Las amenazas de [From.GetTitledFirstNameNoRegnal] estaban vacías, parece, que se ha retirado y no ha ido a la guerra después de recibir nuestra respuesta a las demandas de [Fron.GetHerHis].;;;;;;;;;x
EVTOPTAvalyrian_steel.1711;Craven;;;;Cobarde;;;;;;;;;x
EVTDESCvalyrian_steel.172;To the [GetFromRootCompliment] [Root.GetTitledFirstName], I find your request just, the artifact which you claim shall be sent to [Root.Capital.GetName] immediately. I trust this will satisfy you and that peace can be kept.\n\n Signed,\n[From.GetTitledFirstNameWithDynastyAndTitle];;;;Para [GetFromRootCompliment] [Root.GetTitledFirstName], me parece justa su solicitud, de la espada valyria que usted reclama será enviada a [Root.Capital.GetName] de inmediato. Confío en que esto los satisfará y que se pueda mantener la paz.\n\nFirmado,\n[From.GetTitledFirstNameWithDynastyAndTitle];;;;;;;;;x
EVTOPTAvalyrian_steel.172;A wise choice [From.PrimaryTitle.GetFOA];;;;Una sabia elección [From.PrimaryTitle.GetFOA];;;;;;;;;x
EVTDESCvalyrian_steel.173;[Root.GetTitledFirstName], Artifacts that are rightfully the property of [FromFromFrom.GetTitledFirstNameWithDynastyAndTitle] are currently being held in your possession. I command that they be returned intact to [FromFromFrom.Capital.GetName], or else be branded traitor.\n\n Signed,\n[From.GetTitledFirstNameWithDynastyAndTitle];;;;x[Root.GetTitledFirstName], la espada Valyria que es legítimamente propiedad de  [FromFromFrom.GetTitledFirstNameWithDynastyAndTitle]  se encuentra actualmente en su poder. Le ordeno que se devuelva intacto a [FromFromFrom.Capital.GetName], o bien que se lo llame traidor.\n\n Firmado,\n[From.GetTitledFirstNameWithDynastyAndTitle];;;;;;;;;x
EVTOPTAvalyrian_steel.173;As you command [From.PrimaryTitle.GetFOA];;;;Como usted ordene [From.PrimaryTitle.GetFOA];;;;;;;;;x
EVTOPTBvalyrian_steel.173;[From.GetSheHeCap] may cave to threats, but I will not!;;;;[From.GetSheHeCap] puede ceder a las amenazas, ¡pero yo no lo haré!;;;;;;;;;x
EVTOPTCvalyrian_steel.173;Flee into exile;;;;Huir al exilio;;;;;;;;;x
EVTDESCvalyrian_steel.174;To the [GetFromRootCompliment] [Root.GetTitledFirstName], I find your request just, the artifact currently in the possession of [From.GetTitledFirstNameWithDynastyAndTitle] shall be sent from to [Root.Capital.GetName] immediately. I trust this will satisfy you and that peace can be kept.\n\n Signed,\n[FromFrom.GetTitledFirstNameWithDynastyAndTitle];;;;Para [GetFromRootCompliment] [Root.GetTitledFirstName], encuentro que su solicitud es justa, la espada valyria actualmente en posesión de  [From.GetTitledFirstNameWithDynastyAndTitle] se enviará desde [Root.Capital.GetName] de inmediato. Confío en que esto los satisfará y que se pueda mantener la paz.\n\n Firmado,\n[FromFrom.GetTitledFirstNameWithDynastyAndTitle];;;;;;;;;x
EVTOPTAvalyrian_steel.174;I am satisfied;;;;Estoy satisfecho;;;;;;;;;x
EVTDESCvalyrian_steel.175;[Root.PrimaryTitle.GetFOA], I shall of course obey your command, the artifact shall be sent to [FromFromFrom.Capital.GetName] immediately.\n\n Signed,\n[From.GetTitledFirstNameWithDynastyAndTitle];;;;[Root.PrimaryTitle.GetFOA], por supuesto, obedeceré su orden, el acero valyriano se enviará a [FromFromFrom.Capital.GetName] de inmediato.\n\n Firmado,\n[From.GetTitledFirstNameWithDynastyAndTitle];;;;;;;;;x
EVTDESCvalyrian_steel.176;To the [GetFromRootCompliment] [Root.GetTitledFirstName], whilst I agree that the artifact currently in the possession of [From.GetTitledFirstNameWithDynastyAndTitle] should be returned to you, [From.GetSheHe] has rejected my command to do so and has called [From.GetHerHis] banners. Rest assured that this traitor will be brought to justice.\n\n Signed,\n[FromFrom.GetTitledFirstNameWithDynastyAndTitle];;;;Para [GetFromRootCompliment] [Root.GetTitledFirstName], aunque estoy de acuerdo en que la espada valyria actualmente en posesión de [From.GetTitledFirstNameWithDynastyAndTitle] debe devolvérsela, ha rechazado mi orden para hacerlo y ha llamado a sus abanderados. Tenga la seguridad de que este traidor será llevado ante la justicia.\n\n Firmado,\n[FromFrom.GetTitledFirstNameWithDynastyAndTitle];;;;;;;;;x
EVTDESCvalyrian_steel.176B;To the [GetFromRootCompliment] [Root.GetTitledFirstName], whilst I agree that the artifact currently in the possession of [From.GetTitledFirstNameWithDynastyAndTitle] should be returned to you, [From.GetSheHe] has rejected my command to do so and has fled into exile. Rest assured that this traitor will be brought to justice.\n\n Signed,\n[FromFrom.GetTitledFirstNameWithDynastyAndTitle];;;;Para [GetFromRootCompliment] [Root.GetTitledFirstName], aunque estoy de acuerdo en que la espada valyriana actualmente en posesión de  [From.GetTitledFirstNameWithDynastyAndTitle] debe devolvérsele, [From.GetSheHe] ha rechazado mi orden para hacerlo y ha huido a exilio. Tenga la seguridad de que este traidor será llevado ante la justicia.\n\n Firmado,\n[FromFrom.GetTitledFirstNameWithDynastyAndTitle];;;;;;;;;x
EVTOPTAvalyrian_steel.176;I should hope so!;;;;¡Eso espero!;;;;;;;;;x
EVTDESCvalyrian_steel.177;[Root.PrimaryTitle.GetFOA], I will not give up what is rightfully mine, and whilst you will cave into threats from the [FromFromFrom.GetOnlyDynastyName]s, I will not. You will have to come to [From.Capital.GetName] and forcibly take my possession.\n\n Signed,\n[From.GetTitledFirstNameWithDynastyAndTitle];;;;[Root.PrimaryTitle.GetFOA], no voy a renunciar a lo que es legítimamente mío, y si bien vas a ceder ante las amenazas de los [FromFromFrom.GetOnlyDynastyName] yo, no lo haré. Tendrás que venir a [From.Capital.GetName] y tomar mi espada por la fuerza.\n\n Signed,\n[From.GetTitledFirstNameWithDynastyAndTitle];;;;;;;;;x
EVTOPTAvalyrian_steel.177;This is treason!;;;;!Esto es una traición!;;;;;;;;;x
opinion_failed_return_valyrian_steel;Failed to Return Artifact;;;;No se pudo devolver la espada Valyria;;;;;;;;;x
opinion_returned_vassal_valyrian_steel;Vassal Returned Artifact;;;;El vasallo devolvió la espada Valyria;;;;;;;;;x
GetSwordName_A;[This.GetSwordName_OneWord_Prefix][This.GetSwordName_OneWord_Suffix];;;;;;;;;;;;;x
GetSwordName_B;[This.GetSwordName_TwoWord_Prefix] [This.GetSwordName_TwoWord_Suffix];;;;;;;;;;;;;x
GetSwordName_C;[This.GetSwordName_OneWord];;;;;;;;;;;;;x
GetSwordName_OneWord_A;[This.GetSwordName_TwoWord_Suffix];;;;;;;;;;;;;x
GetSwordName_OneWord_B;[This.GetSwordName_OneWord_Special];;;;;;;;;;;;;x
GetSwordName_Black;Black;;;;Negro;;;;;;;;;x
GetSwordName_White;White;;;;Blanco;;;;;;;;;x
GetSwordName_Red;Red;;;;Rojo;;;;;;;;;x
GetSwordName_Blue;Blue;;;;Azul;;;;;;;;;x
GetSwordName_Gold;Gold;;;;Oro;;;;;;;;;x
GetSwordName_Golden;Golden;;;;Dorado;;;;;;;;;x
GetSwordName_Silver;Silver;;;;Plata;;;;;;;;;x
GetSwordName_Bright;Bright;;;;Brillante;;;;;;;;;x
GetSwordName_Dark;Dark;;;;Oscuro;;;;;;;;;x
GetSwordName_Heart;Heart;;;;Corazón;;;;;;;;;x
GetSwordName_Hearts;Hearts;;;;Corazones;;;;;;;;;x
GetSwordName_Light;Light;;;;Ligero;;;;;;;;;x
GetSwordName_Long;Long;;;;Largo;;;;;;;;;x
GetSwordName_Night;Night;;;;Noche;;;;;;;;;x
GetSwordName_Short;Short;;;;Corto;;;;;;;;;x
GetSwordName_Good;Good;;;;Bueno;;;;;;;;;x
GetSwordName_This.GetTitles;[This.Owner.GetTitle]s;;;;;;;;;;;;;x
GetSwordName_This.Spouse.GetTitles;[This.Owner.Spouse.GetTitle]s;;;;;;;;;;;;;x
GetSwordName_This.TopLiege.GetTitles;[This.Owner.TopLiege.GetTitle]s;;;;;;;;;;;;;x
GetSwordName_This.TopLiege.Spouse.GetTitles;[This.Owner.TopLiege.Spouse.GetTitle]s;;;;;;;;;;;;;x
GetSwordName_Mourn;Mourn;;;;Lloro;;;;;;;;;x
GetSwordName_Death;Death;;;Muerte;;;;;;;;;;x
GetSwordName_Shadow;Shadow;;;Sombra;;;;;;;;;;x
GetSwordName_Storm;Storm;;;;Tormenta;;;;;;;;;x
GetSwordName_Bronze;Bronze;;;;xBronce;;;;;;;;;x
GetSwordName_Fire;Fire;;;Fuego;;;;;;;;;;x
GetSwordName_Iron;Iron;;;;Hierro;;;;;;;;;x
GetSwordName_Great;Great;;;;;;;;;;;;;x
GetSwordName_Blood;Blood;;;Sangre;;;;;;;;;;x
GetSwordName_Frozen;Frozen;;;;;;;;;;;;;x
GetSwordName_Ice;Ice;;;;;Hielo;;;;;;;;x
GetSwordName_Hells;Hells;;;;;;;;;;;;;x
GetSwordName_Will;Will;;;;;;;;;;;;;x
GetSwordName_Blaze;Blaze;;;;;;;;;;;;;x
GetSwordName_Sun;Sun;;;;Sol;;;;;;;;;x
GetSwordName_Cruel;Cruel;;;;Cruel;;;;;;;;;x
GetSwordName_Oath;Oath;;;;Juramento;;;;;;;;;x
GetSwordName_Wither;Wither;;;;;;;;;;;;;x
GetSwordName_Draught;Draught;;;;;;;;;;;;;x
GetSwordName_Wind;Wind;;;;Viento;;;;;;;;;x
GetSwordName_Swift;Swift;;;;Rápido;;;;;;;;;x
GetSwordName_Snow;Snow;;;;Nieve;;;;;;;;;x
GetSwordName_Blight;Blight;;;;;;;;;;;;;x
GetSwordName_Solar;Solar;;;;;;;;;;;;;x
GetSwordName_Earth;Earth;;;;;;;;;;;;;x
GetSwordName_Life;Life;;;;;;;;;;;;;x
GetSwordName_Herons;Herons;;;;;;;;;;;;;x
GetSwordName_Way;Way;;;;;;;;;;;;;x
GetSwordName_Wound;Wound;;;;;;;;;;;;;x
GetSwordName_Town;Town;;;;;;;;;;;;;x
GetSwordName_Ring;Ring;;;;;;;;;;;;;x
GetSwordName_Green;Green;;;;;;;;;;;;;x
GetSwordName_Grey;Grey;;;;;;;;;;;;;x
GetSwordName_Pink;Pink;;;;;;;;;;;;;x
GetSwordName_Crow;Crow;;;Cuervo;;;;;;;;;;x
GetSwordName_Spring;Spring;;;;Primavera;;;;;;;;;x
GetSwordName_Winter;Winter;;;;Invierno;;;;;;;;;x
GetSwordName_Summer;Summer;;;;Verano;;;;;;;;;x
GetSwordName_Old;Old;;;;Antigua;;;;;;;;;x
GetSwordName_Pure;Pure;;;;;;;;;;;;;x
GetSwordName_Gods;Gods;;;;Dioses;;;;;;;;;x
GetSwordName_Lion;Lion;;;;León;;;;;;;;;x
GetSwordName_Dragon;Dragon;;;;Dragón;;;;;;;;;x
GetSwordName_Wolf;Wolf;;;;Lobo;;;;;;;;;x
GetSwordName_Stag;Stag;;;;Ciervo;;;;;;;;;x
GetSwordName_Rose;Rose;;;;Rosa;;;;;;;;;x
GetSwordName_Falcon;Falcon;;;;Halcón;;;;;;;;;x
GetSwordName_Kraken;Kraken;;;;;;;;;;;;;x
GetSwordName_Rebel;Rebel;;;;;;;;;;;;;x
GetSwordName_Foes;Foes;;;;;;;;;;;;;x
GetSwordName_Glow;Glow;;;;;;;;;;;;;x
GetSwordName_Torments;Torments;;;;;;;;;;;;;x
GetSwordName_Raven;Raven;;;;;;;;;;;;;x
GetSwordName_Coin;Coin;;;;;;;;;;;;;x
GetSwordName_Doom;Doom;;;;;;;;;;;;;x
GetSwordName_Far;Far;;;;;;;;;;;;;x
GetSwordName_Mind;Mind;;;;;;;;;;;;;x
GetSwordName_Shield;Shield;;;;;;;;;;;;;x
GetSwordName_Sight;Sight;;;;;;;;;;;;;x
GetSwordName_Rain;Rain;;;;;;;;;;;;;x
GetSwordName_Sage;Sage;;;;;;;;;;;;;x
GetSwordName_Brave;Brave;;;;;;;;;;;;;x
GetSwordName_Chaos;Chaos;;;;;;;;;;;;;x
GetSwordName_Key;Key;;;;;;;;;;;;;x
GetSwordName_Tall;Tall;;;;;;;;;;;;;x
GetSwordName_Just;Just;;;;;;;;;;;;;x
GetSwordName_Pan;Pan;;;;;;;;;;;;;x
GetSwordName_Bastard;Bastard;;;;;;;;;;;;;x
GetSwordName_Twin;Twin;;;;;;;;;;;;;x
GetSwordName_Fair;Fair;;;;;;;;;;;;;x
GetSwordName_Quick;Quick;;;;;;;;;;;;;x
GetSwordName_Slow;Slow;;;;;;;;;;;;;x
GetSwordName_Strong;Strong;;;;;;;;;;;;;x
GetSwordName_Duel;Duel;;;;;;;;;;;;;x
GetSwordName_Sloth;Sloth;;;;;;;;;;;;;x
GetSwordName_Zeal;Zeal;;;;;;;;;;;;;x
GetSwordName_Trust;Trust;;;;;;;;;;;;;x
GetSwordName_Brood;Brood;;;;;;;;;;;;;x
GetSwordName_Dull;Dull;;;;;;;;;;;;;x
GetSwordName_Giant;Giant;;;;;;;;;;;;;x
GetSwordName_Salt;Salt;;;;;;;;;;;;;x
GetSwordName_Rude;Rude;;;;;;;;;;;;;x
GetSwordName_Drown;Drown;;;;;;;;;;;;;x
GetSwordName_Grace;Grace;;;;;;;;;;;;;x
GetSwordName_Love;Love;;;;;;;;;;;;;x
GetSwordName_Eagle;Eagle;;;;;;;;;;;;;x
GetSwordName_Dire;Dire;;;;;;;;;;;;;x
GetSwordName_Wake;Wake;;;;;;;;;;;;;x
GetSwordName_Silent;Silent;;;;;;;;;;;;;x
GetSwordName_Half;Half;;;;;;;;;;;;;x
GetSwordName_Mad;Mad;;;;;;;;;;;;;x
GetSwordName_Bold;Bold;;;;;;;;;;;;;x
GetSwordName_Truth;Truth;;;;;;;;;;;;;x
GetSwordName_Jade;Jade;;;;;;;;;;;;;x
GetSwordName_Open;Open;;;;;;;;;;;;;x
GetSwordName_World;World;;;;;;;;;;;;;x
GetSwordName_Sand;Sand;;;;;;;;;;;;;x
GetSwordName_Dusk;Dusk;;;;;;;;;;;;;x
GetSwordName_Bitter;Bitter;;;;;;;;;;;;;x
GetSwordName_Break;Break;;;;;;;;;;;;;x
GetSwordName_Oaken;Oaken;;;;;;;;;;;;;x
GetSwordName_Sharp;Sharp;;;;;;;;;;;;;x
GetSwordName_Pale;Pale;;;;;;;;;;;;;x
GetSwordName_Even;Even;;;;;;;;;;;;;x
GetSwordName_Hard;Hard;;;;;;;;;;;;;x
GetSwordName_Sweet;Sweet;;;;;;;;;;;;;x
GetSwordName_Ebon;Ebon;;;;;;;;;;;;;x
GetSwordName_Sea;Sea;;;;;;;;;;;;;x
GetSwordName_Wild;Wild;;;;;;;;;;;;;x
GetSwordName_Grim;Grim;;;;;;;;;;;;;x
GetSwordName_Woe;Woe;;;;;;;;;;;;;x
GetSwordName_Ever;Ever;;;;;;;;;;;;;x
GetSwordName_Battle;Battle;;;;;;;;;;;;;x
GetSwordName_Widow;Widow;;;;;;;;;;;;;x
GetSwordName_Frost;Frost;;;;;;;;;;;;;x
GetSwordName_fyre;fyre;;;;Fuego;;;;;;;;;x
GetSwordName_roar;roar;;;;Rugido;;;;;;;;;x
GetSwordName_bane;bane;;;;Perdición;;;;;;;;;x
GetSwordName_claw;claw;;;;Garra;;;;;;;;;x
GetSwordName_GetWeaponType;[This.GetWeaponType];;;;;;;;;;;;;x
GetSwordName_fall;fall;;;;;;;;;;;;;x
GetSwordName_death;death;;;;;;;;;;;;;x
GetSwordName_rage;rage;;;;;;;;;;;;;x
GetSwordName_raze;raze;;;;;;;;;;;;;x
GetSwordName_fury;fury;;;;;;;;;;;;;x
GetSwordName_soul;soul;;;;;;;;;;;;;x
GetSwordName_reaver;reaver;;;;;;;;;;;;;x
GetSwordName_ghost;ghost;;;;;;;;;;;;;x
GetSwordName_whisper;whisper;;;;;;;;;;;;;x
GetSwordName_breaker;breaker;;;;;;;;;;;;;x
GetSwordName_slaughter;slaughter;;;;;;;;;;;;;x
GetSwordName_weep;weep;;;;;;;;;;;;;x
GetSwordName_slayer;slayer;;;;asesino;;;;;;;;;x
GetSwordName_moon;moon;;;;Luna;;;;;;;;;x
GetSwordName_breath;breath;;;;;;;;;;;;;x
GetSwordName_blade;blade;;;;;;;;;;;;;x
GetSwordName_steel;steel;;;;;;;;;;;;;x
GetSwordName_stalker;stalker;;;;;;;;;;;;;x
GetSwordName_brand;brand;;;;;;;;;;;;;x
GetSwordName_lust;lust;;;;lujuria;;;;;;;;;x
GetSwordName_thunder;thunder;;;;trueno;;;;;;;;;x
GetSwordName_scar;scar;;;;;;;;;;;;;x
GetSwordName_song;song;;;;;;;;;;;;;x
GetSwordName_guard;guard;;;;;;;;;;;;;x
GetSwordName_fear;fear;;;;;;;;;;;;;x
GetSwordName_peril;peril;;;;;;;;;;;;;x
GetSwordName_crusher;crusher;;;;;;;;;;;;;x
GetSwordName_spore;spore;;;;;;;;;;;;;x
GetSwordName_shadow;shadow;;;;;;;;;;;;;x
GetSwordName_heart;heart;;;;;;;;;;;;;x
GetSwordName_wand;wand;;;;;;;;;;;;;x
GetSwordName_spinner;spinner;;;;;;;;;;;;;x
GetSwordName_finder;finder;;;;;;;;;;;;;x
GetSwordName_wine;wine;;;;;;;;;;;;;x
GetSwordName_burn;burn;;;;;;;;;;;;;x
GetSwordName_lord;lord;;;;;;;;;;;;;x
GetSwordName_flower;flower;;;;;;;;;;;;;x
GetSwordName_flayer;flayer;;;;;;;;;;;;;x
GetSwordName_dream;dream;;;;;;;;;;;;;x
GetSwordName_knight;knight;;;;;;;;;;;;;x
GetSwordName_skin;skin;;;;;;;;;;;;;x
GetSwordName_river;river;;;;;;;;;;;;;x
GetSwordName_caller;caller;;;;;;;;;;;;;x
GetSwordName_shaper;shaper;;;;;;;;;;;;;x
GetSwordName_bearer;bearer;;;;;;;;;;;;;x
GetSwordName_pact;pact;;;;;;;;;;;;;x
GetSwordName_wand;wand;;;;;;;;;;;;;x
GetSwordName_bringer;bringer;;;;;;;;;;;;;x
GetSwordName_power;power;;;;;;;;;;;;;x
GetSwordName_giver;giver;;;;;;;;;;;;;x
GetSwordName_slicer;slicer;;;;;;;;;;;;;x
GetSwordName_blinder;blinder;;;;;;;;;;;;;x
GetSwordName_stone;stone;;;;;;;;;;;;;x
GetSwordName_saver;saver;;;;;;;;;;;;;x
GetSwordName_kind;kind;;;;;;;;;;;;;x
GetSwordName_guilt;guilt;;;;;;;;;;;;;x
GetSwordName_maim;maim;;;;;;;;;;;;;x
GetSwordName_hunt;hunt;;;;;;;;;;;;;x
GetSwordName_scheme;scheme;;;;;;;;;;;;;x
GetSwordName_watch;watch;;;;;;;;;;;;;x
GetSwordName_cloak;cloak;;;;;;;;;;;;;x
GetSwordName_ruin;ruin;;;;;;;;;;;;;x
GetSwordName_walker;walker;;;;;;;;;;;;;x
GetSwordName_warrior;warrior;;;;;;;;;;;;;x
GetSwordName_master;master;;;;;;;;;;;;;x
GetSwordName_hand;hand;;;;;;;;;;;;;x
GetSwordName_mark;mark;;;;;;;;;;;;;x
GetSwordName_binder;binder;;;;;;;;;;;;;x
GetSwordName_slave;slave;;;;;;;;;;;;;x
GetSwordName_flame;flame;;;;;;;;;;;;;x
GetSwordName_tooth;tooth;;;;;;;;;;;;;x
GetSwordName_legend;legend;;;;;;;;;;;;;x
GetSwordName_wind;wind;;;;;;;;;;;;;x
GetSwordName_whirl;whirl;;;;;;;;;;;;;x
GetSwordName_side;side;;;;;;;;;;;;;x
GetSwordName_cast;cast;;;;;;;;;;;;;x
GetSwordName_gazer;gazer;;;;;;;;;;;;;x
GetSwordName_viper;viper;;;;;;;;;;;;;x
GetSwordName_hawk;hawk;;;;;;;;;;;;;x
GetSwordName_born;born;;;;;;;;;;;;;x
GetSwordName_eye;eye;;;;;;;;;;;;;x
GetSwordName_maker;maker;;;;;;;;;;;;;x
GetSwordName_raider;raider;;;;;;;;;;;;;x
GetSwordName_mask;mask;;;;;;;;;;;;;x
GetSwordName_killer;killer;;;;;;;;;;;;;x
GetSwordName_grief;grief;;;;;;;;;;;;;x
GetSwordName_son;son;;;;;;;;;;;;;x
GetSwordName_Black;Black;;;;;;;;;;;;;x
GetSwordName_White;White;;;;;;;;;;;;;x
GetSwordName_Red;Red;;;;;;;;;;;;;x
GetSwordName_Blue;Blue;;;;;;;;;;;;;x
GetSwordName_Purple;Purple;;;;;;;;;;;;;x
GetSwordName_Silver;Silver;;;;;;;;;;;;;x
GetSwordName_Gold;Gold;;;;;;;;;;;;;x
GetSwordName_Golden;Golden;;;;;;;;;;;;;x
GetSwordName_Dark;Dark;;;;;;;;;;;;;x
GetSwordName_Lady's;Lady's;;;;;;;;;;;;;x
GetSwordName_Long;Long;;;;;;;;;;;;;x
GetSwordName_Night;Night;;;;;;;;;;;;;x
GetSwordName_Titan's;Titan's;;;;;;;;;;;;;x
GetSwordName_Hatred's;Hatred's;;;;;;;;;;;;;x
GetSwordName_Fortune's;Fortune's;;;;;;;;;;;;;x
GetSwordName_Shadow's;Shadow's;;;;;;;;;;;;;x
GetSwordName_Storm's;Storm's;;;;;;;;;;;;;x
GetSwordName_Bronze;Bronze;;;;;;;;;;;;;x
GetSwordName_Iron;Iron;;;;;;;;;;;;;x
GetSwordName_Faith's;Faith's;;;;;;;;;;;;;x
GetSwordName_Whisper's;Whisper's;;;;;;;;;;;;;x
GetSwordName_Frozen;Frozen;;;;;;;;;;;;;x
GetSwordName_Moon;Moon;;;;;;;;;;;;;x
GetSwordName_Sun's;Sun's;;;;;;;;;;;;;x
GetSwordName_Son's;Son's;;;;;;;;;;;;;x
GetSwordName_Eternal;Eternal;;;;;;;;;;;;;x
GetSwordName_Doom's;Doom's;;;;;;;;;;;;;x
GetSwordName_Hope's;Hope's;;;;;;;;;;;;;x
GetSwordName_Butcher's;Butcher's;;;;;;;;;;;;;x
GetSwordName_Destiny's;Destiny's;;;;;;;;;;;;;x
GetSwordName_Frail;Frail;;;;;;;;;;;;;x
GetSwordName_Misty;Misty;;;;;;;;;;;;;x
GetSwordName_Unending;Unending;;;;;;;;;;;;;x
GetSwordName_Life's;Life's;;;;;;;;;;;;;x
GetSwordName_Sailor's;Sailor's;;;;;;;;;;;;;x
GetSwordName_Blessed;Blessed;;;;;;;;;;;;;x
GetSwordName_Misfortune's;Misfortune's;;;;;;;;;;;;;x
GetSwordName_Dire;Dire;;;;;;;;;;;;;x
GetSwordName_Pain's;Pain's;;;;;;;;;;;;;x
GetSwordName_Truth's;Truth's;;;;;;;;;;;;;x
GetSwordName_Snow's;Snow's;;;;;;;;;;;;;x
GetSwordName_Hero's;Hero's;;;;;;;;;;;;;x
GetSwordName_Crystal;Crystal;;;;;;;;;;;;;x
GetSwordName_Grey;Grey;;;;;;;;;;;;;x
GetSwordName_GetNobleName's;[This.Owner.GetNobleName]'s;;;;;;;;;;;;;x
GetSwordName_This.GetTitle's;[This.Owner.GetTitle]'s;;;;;;;;;;;;;x
GetSwordName_This.Spouse.GetTitle's;[This.Owner.Spouse.GetTitle]'s;;;;;;;;;;;;;x
GetSwordName_This.TopLiege.GetTitle's;[This.Owner.TopLiege.GetTitle]'s;;;;;;;;;;;;;x
GetSwordName_This.TopLiege.Spouse.GetTitle's;[This.Owner.TopLiege.Spouse.GetTitle]'s;;;;;;;;;;;;;x
GetSwordName_Crow's;Crow's;;;;;;;;;;;;;x
GetSwordName_Winter's;Winter's;;;;;;;;;;;;;x
GetSwordName_Summer's;Summer's;;;;;;;;;;;;;x
GetSwordName_Spring's;Spring's;;;;;;;;;;;;;x
GetSwordName_River's;River's;;;;;;;;;;;;;x
GetSwordName_Gods;God's;;;;;;;;;;;;;x
GetSwordName_Seven's;Seven's;;;;;;;;;;;;;x
GetSwordName_RandomGodName;[This.Religion.GetRandomGodName]'s;;;;;;;;;;;;;x
GetSwordName_FirstName;[This.GetFirstName]'s;;;;;;;;;;;;;x
GetSwordName_CultureGroup;[This.Culture.GetGroupName];;;;;;;;;;;;;x
GetSwordName_Cultures;[This.Culture.GetName]'s;;;;;;;;;;;;;x
GetSwordName_Culture;[This.Culture.GetName];;;;;;;;;;;;;x
GetSwordName_Lion's;Lion's;;;;;;;;;;;;;x
GetSwordName_Dragon's;Dragon's;;;;;;;;;;;;;x
GetSwordName_Wolf's;Wolf's;;;;;;;;;;;;;x
GetSwordName_Stag's;Stag's;;;;;;;;;;;;;x
GetSwordName_Rose's;Rose's;;;;;;;;;;;;;x
GetSwordName_Falcon's;Falcon's;;;;;;;;;;;;;x
GetSwordName_Kraken's;Kraken's;;;;;;;;;;;;;x
GetSwordName_Dawn's;Dawn's;;;;;;;;;;;;;x
GetSwordName_Stone;Stone;;;;;;;;;;;;;x
GetSwordName_Singing;Singing;;;;;;;;;;;;;x
GetSwordName_Fierce;Fierce;;;;;;;;;;;;;x
GetSwordName_Brave;Brave;;;;;;;;;;;;;x
GetSwordName_Humble;Humble;;;;;;;;;;;;;x
GetSwordName_Kind;Kind;;;;;;;;;;;;;x
GetSwordName_Brutal;Brutal;;;;;;;;;;;;;x
GetSwordName_Elusive;Elusive;;;;;;;;;;;;;x
GetSwordName_Brilliant;Brilliant;;;;;;;;;;;;;x
GetSwordName_Quick;Quick;;;;;;;;;;;;;x
GetSwordName_Duelist's;Duelist's;;;;;;;;;;;;;x
GetSwordName_Hunter's;Hunter's;;;;;;;;;;;;;x
GetSwordName_Falconer's;Falconer's;;;;;;;;;;;;;x
GetSwordName_Pride's;Pride's;;;;;;;;;;;;;x
GetSwordName_Honest;Honest;;;;;;;;;;;;;x
GetSwordName_Shy;Shy;;;;;;;;;;;;;x
GetSwordName_Zealot's;Zealot's;;;;;;;;;;;;;x
GetSwordName_Seducer's;Seducer's;;;;;;;;;;;;;x
GetSwordName_Schemer's;Schemer's;;;;;;;;;;;;;x
GetSwordName_Willful;Willful;;;;;;;;;;;;;x
GetSwordName_Ruin's;Ruin's;;;;;;;;;;;;;x
GetSwordName_Walker's;Walker's;;;;;;;;;;;;;x
GetSwordName_Widow's;Widow's;;;;;;;;;;;;;x
GetSwordName_Warrior's;Warrior's;;;;;;;;;;;;;x
GetSwordName_Tiger's;Tiger's;;;;;;;;;;;;;x
GetSwordName_Elephant's;Elephant's;;;;;;;;;;;;;x
GetSwordName_Pirate's;Pirate's;;;;;;;;;;;;;x
GetSwordName_Holy;Holy;;;;;;;;;;;;;x
GetSwordName_Unyielding;Unyielding;;;;;;;;;;;;;x
GetSwordName_Stubborn;Stubborn;;;;;;;;;;;;;x
GetSwordName_Ruthless;Ruthless;;;;;;;;;;;;;x
GetSwordName_Silent;Silent;;;;;;;;;;;;;x
GetSwordName_Drowned;Drowned;;;;;;;;;;;;;x
GetSwordName_Eagle's;Eagle's;;;;;;;;;;;;;x
GetSwordName_Slave's;Slave's;;;;;;;;;;;;;x
GetSwordName_Strange;Strange;;;;;;;;;;;;;x
GetSwordName_Cleansing;Cleansing;;;;;;;;;;;;;x
GetSwordName_Exalted;Exalted;;;;;;;;;;;;;x
GetSwordName_Whirling;Whirling;;;;;;;;;;;;;x
GetSwordName_Hollow;Hollow;;;;;;;;;;;;;x
GetSwordName_Accursed;Accursed;;;;;;;;;;;;;x
GetSwordName_Undying;Undying;;;;;;;;;;;;;x
GetSwordName_Benign;Benign;;;;;;;;;;;;;x
GetSwordName_Righteous;Righteous;;;;;;;;;;;;;x
GetSwordName_Jade;Jade;;;;;;;;;;;;;x
GetSwordName_Winged;Winged;;;;;;;;;;;;;x
GetSwordName_Viper's;Viper's;;;;;;;;;;;;;x
GetSwordName_Gallant;Gallant;;;;;;;;;;;;;x
GetSwordName_World's;World's;;;;;;;;;;;;;x
GetSwordName_GetEarthName's;[This.Owner.GetEarthName]'s;;;;;;;;;;;;;x
GetSwordName_GetMoonName's;[This.Owner.GetMoonName]'s;;;;;;;;;;;;;x
GetSwordName_GetRegionalBigAnimalCap's;[This.Owner.GetRegionalBigAnimalCap]'s;;;;;;;;;;;;;x
GetSwordName_Unlikely;Unlikely;;;;;;;;;;;;;x
GetSwordName_Bright;Bright;;;;;;;;;;;;;x
GetSwordName_Morning's;Morning's;;;;;;;;;;;;;x
GetSwordName_Dusk's;Dusk's;;;;;;;;;;;;;x
GetSwordName_Pale;Pale;;;;;;;;;;;;;x
GetSwordName_Raider's;Raider's;;;;;;;;;;;;;x
GetSwordName_Faithful;Faithful;;;;;;;;;;;;;x
GetSwordName_Mighty;Mighty;;;;;;;;;;;;;x
GetSwordName_Daring;Daring;;;;;;;;;;;;;x
GetSwordName_Vieled;Vieled;;;;;;;;;;;;;x
GetSwordName_Last;Last;;;;;;;;;;;;;x
GetSwordName_Mummer's;Mummer's;;;;;;;;;;;;;x
GetSwordName_Grim;Grim;;;;;;;;;;;;;x
GetSwordName_Savage;Savage;;;;;;;;;;;;;x
GetSwordName_Devout;Devout;;;;;;;;;;;;;x
GetSwordName_Evening's;Evening's;;;;;;;;;;;;;x
GetSwordName_Nimble;Nimble;;;;;;;;;;;;;x
GetSwordName_Bard's;Bard's;;;;;;;;;;;;;x
GetSwordName_Sister;Sister;;;;;;;;;;;;;x
GetSwordName_Bane;Bane;;;;;;;;;;;;;x
GetSwordName_Maid;Maid;;;;;;;;;;;;;x
GetSwordName_Tooth;Tooth;;;;;;;;;;;;;x
GetSwordName_Rain;Rain;;;;;;;;;;;;;x
GetSwordName_Grief;Grief;;;;;;;;;;;;;x
GetSwordName_Anger;Anger;;;;;;;;;;;;;x
GetSwordName_Death;Death;;;;;;;;;;;;;x
GetSwordName_Glory;Glory;;;;;;;;;;;;;x
GetSwordName_Kiss;Kiss;;;;;;;;;;;;;x
GetSwordName_Fury;Fury;;;;;;;;;;;;;x
GetSwordName_Talon;Talon;;;;;;;;;;;;;x
GetSwordName_Justice;Justice;;;;;;;;;;;;;x
GetSwordName_Passion;Passion;;;;;;;;;;;;;x
GetSwordName_Rage;Rage;;;;;;;;;;;;;x
GetSwordName_Touch;Touch;;;;;;;;;;;;;x
GetSwordName_Mourning;Mourning;;;;;;;;;;;;;x
GetSwordName_Bite;Bite;;;;;;;;;;;;;x
GetSwordName_Guardian;Guardian;;;;;;;;;;;;;x
GetSwordName_Might;Might;;;;;;;;;;;;;x
GetSwordName_Fury;Fury;;;;;;;;;;;;;x
GetSwordName_Reaver;Reaver;;;;;;;;;;;;;x
GetSwordName_Hubris;Hubris;;;;;;;;;;;;;x
GetSwordName_Maid;Maid;;;;;;;;;;;;;x
GetSwordName_Weaver;Weaver;;;;;;;;;;;;;x
GetSwordName_Blood;Blood;;;;;;;;;;;;;x
GetSwordName_Chaos;Chaos;;;;;;;;;;;;;x
GetSwordName_Tyranny;Tyranny;;;;;;;;;;;;;x
GetSwordName_Defender;Defender;;;;;;;;;;;;;x
GetSwordName_Slaughter;Slaughter;;;;;;;;;;;;;x
GetSwordName_Daughter;Daughter;;;;;;;;;;;;;x
GetSwordName_Brother;Brother;;;;;;;;;;;;;x
GetSwordName_Father;Father;;;;;;;;;;;;;x
GetSwordName_Sapphire;Sapphire;;;;;;;;;;;;;x
GetSwordName_Sorrow;Sorrow;;;;;;;;;;;;;x
GetSwordName_Cruelty;Cruelty;;;;;;;;;;;;;x
GetSwordName_Oath;Oath;;;;;;;;;;;;;x
GetSwordName_Promise;Promise;;;;;;;;;;;;;x
GetSwordName_Venom;Venom;;;;;;;;;;;;;x
GetSwordName_Vengeance;Vengeance;;;;;;;;;;;;;x
GetSwordName_Honour;Honour;;;;;;;;;;;;;x
GetSwordName_Pledge;Pledge;;;;;;;;;;;;;x
GetSwordName_End;End;;;;;;;;;;;;;x
GetSwordName_Thunder;Thunder;;;;;;;;;;;;;x
GetSwordName_Scar;Scar;;;;;;;;;;;;;x
GetSwordName_Song;Song;;;;;;;;;;;;;x
GetSwordName_Denial;Denial;;;;;;;;;;;;;x
GetSwordName_Legacy;Legacy;;;;;;;;;;;;;x
GetSwordName_Bitch;Bitch;;;;;;;;;;;;;x
GetSwordName_Fear;Fear;;;;;;;;;;;;;x
GetSwordName_Bond;Bond;;;;;;;;;;;;;x
GetSwordName_Silence;Silence;;;;;;;;;;;;;x
GetSwordName_Vow;Vow;;;;;;;;;;;;;x
GetSwordName_Chance;Chance;;;;;;;;;;;;;x
GetSwordName_Scourge;Scourge;;;;;;;;;;;;;x
GetSwordName_Eye;Eye;;;;;;;;;;;;;x
GetSwordName_Might;Might;;;;;;;;;;;;;x
GetSwordName_Mercy;Mercy;;;;;;;;;;;;;x
GetSwordName_Traitor;Traitor;;;;;;;;;;;;;x
GetSwordName_Sting;Sting;;;;;;;;;;;;;x
GetSwordName_Forest;Forest;;;;;;;;;;;;;x
GetSwordName_Omen;Omen;;;;;;;;;;;;;x
GetSwordName_Throne;Throne;;;;;;;;;;;;;x
GetSwordName_Knight;Knight;;;;;;;;;;;;;x
GetSwordName_Rogue;Rogue;;;;;;;;;;;;;x
GetSwordName_Prince;Prince;;;;;;;;;;;;;x
GetSwordName_Law;Law;;;;;;;;;;;;;x
GetSwordName_Rainbow;Rainbow;;;;;;;;;;;;;x
GetSwordName_Warden;Warden;;;;;;;;;;;;;x
GetSwordName_Luck;Luck;;;;;;;;;;;;;x
GetSwordName_Fall;Fall;;;;;;;;;;;;;x
GetSwordName_Rebel;Rebel;;;;;;;;;;;;;x
GetSwordName_Foe;Foe;;;;;;;;;;;;;x
GetSwordName_Glow;Glow;;;;;;;;;;;;;x
GetSwordName_Air;Air;;;;;;;;;;;;;x
GetSwordName_Torment;Torment;;;;;;;;;;;;;x
GetSwordName_Day;Day;;;;;;;;;;;;;x
GetSwordName_Scalpel;Scalpel;;;;;;;;;;;;;x
GetSwordName_Blade;Blade;;;;;;;;;;;;;x
GetSwordName_Power;Power;;;;;;;;;;;;;x
GetSwordName_Shield;Shield;;;;;;;;;;;;;x
GetSwordName_Soul;Soul;;;;;;;;;;;;;x
GetSwordName_Wound;Wound;;;;;;;;;;;;;x
GetSwordName_Memory;Memory;;;;;;;;;;;;;x
GetSwordName_Claw;Claw;;;;;;;;;;;;;x
GetSwordName_Child;Child;;;;;;;;;;;;;x
GetSwordName_Master;Master;;;;;;;;;;;;;x
GetSwordName_Key;Key;;;;;;;;;;;;;x
GetSwordName_Wroth;Wroth;;;;;;;;;;;;;x
GetSwordName_Protector;Protector;;;;;;;;;;;;;x
GetSwordName_Sentinel;Sentinel;;;;;;;;;;;;;x
GetSwordName_Poem;Poem;;;;;;;;;;;;;x
GetSwordName_Eminence;Eminence;;;;;;;;;;;;;x
GetSwordName_Lunacy;Lunacy;;;;;;;;;;;;;x
GetSwordName_Bastard;Bastard;;;;;;;;;;;;;x
GetSwordName_Scholar;Scholar;;;;;;;;;;;;;x
GetSwordName_Impaler;Impaler;;;;;;;;;;;;;x
GetSwordName_Chastity;Chastity;;;;;;;;;;;;;x
GetSwordName_Greed;Greed;;;;;;;;;;;;;x
GetSwordName_Charity;Charity;;;;;;;;;;;;;x
GetSwordName_Envy;Envy;;;;;;;;;;;;;x
GetSwordName_Deceit;Deceit;;;;;;;;;;;;;x
GetSwordName_Ambition;Ambition;;;;;;;;;;;;;x
GetSwordName_Cynic;Cynic;;;;;;;;;;;;;x
GetSwordName_Trick;Trick;;;;;;;;;;;;;x
GetSwordName_Game;Game;;;;;;;;;;;;;x
GetSwordName_Idol;Idol;;;;;;;;;;;;;x
GetSwordName_Immortality;Immortality;;;;;;;;;;;;;x
GetSwordName_Cannibal;Cannibal;;;;;;;;;;;;;x
GetSwordName_Master;Master;;;;;;;;;;;;;x
GetSwordName_Dishonour;Dishonour;;;;;;;;;;;;;x
GetSwordName_Poison;Poison;;;;;;;;;;;;;x
GetSwordName_Seafoam;Seafoam;;;;;;;;;;;;;x
GetSwordName_Mark;Mark;;;;;;;;;;;;;x
GetSwordName_Favour;Favour;;;;;;;;;;;;;x
GetSwordName_Grace;Grace;;;;;;;;;;;;;x
GetSwordName_Love;Love;;;;;;;;;;;;;x
GetSwordName_Avenger;Avenger;;;;;;;;;;;;;x
GetSwordName_Flame;Flame;;;;;;;;;;;;;x
GetSwordName_Usurper;Usurper;;;;;;;;;;;;;x
GetSwordName_Martyr;Martyr;;;;;;;;;;;;;x
GetSwordName_Legend;Legend;;;;;;;;;;;;;x
GetSwordName_Terror;Terror;;;;;;;;;;;;;x
GetSwordName_Butcher;Butcher;;;;;;;;;;;;;x
GetSwordName_Wind;Wind;;;;;;;;;;;;;x
GetSwordName_Monster;Monster;;;;;;;;;;;;;x
GetSwordName_Purifier;Purifier;;;;;;;;;;;;;x
GetSwordName_Confession;Confession;;;;;;;;;;;;;x
GetSwordName_Cunning;Cunning;;;;;;;;;;;;;x
GetSwordName_Truth;Truth;;;;;;;;;;;;;x
GetSwordName_Peace;Peace;;;;;;;;;;;;;x
GetSwordName_Steel;Steel;;;;;;;;;;;;;x
GetSwordName_Weeper;Weeper;;;;;;;;;;;;;x
GetSwordName_Woe;Woe;;;;;;;;;;;;;x
GetSwordName_Battle;Battle;;;;;;;;;;;;;x
GetSwordName_Triumph;Triumph;;;;;;;;;;;;;x
GetSwordName_Compassion;Compassion;;;;;;;;;;;;;x
GetSwordName_Concession;Concession;;;;;;;;;;;;;x
GetSwordName_Jade;Jade;;;;;;;;;;;;;x
GetSwordName_Kingmaker;Kingmaker;;;;;;;;;;;;;x
GetSwordName_Extinction;Extinction;;;;;;;;;;;;;x
GetSwordName_Redemption;Redemption;;;;;;;;;;;;;x
GetSwordName_Cunning;Cunning;;;;;;;;;;;;;x
GetSwordName_Betrayer;Betrayer;;;;;;;;;;;;;x
GetSwordName_Champion;Champion;;;;;;;;;;;;;x
GetSwordName_Desecration;Desecration;;;;;;;;;;;;;x
GetSwordName_Peacekeeper;Peacekeeper;;;;;;;;;;;;;x
GetSwordName_Betrayal;Betrayal;;;;;;;;;;;;;x
GetSwordName_Summoner;Summoner;;;;;;;;;;;;;x
GetSwordName_Incarnation;Incarnation;;;;;;;;;;;;;x
GetSwordName_Savagery;Savagery;;;;;;;;;;;;;x
GetSwordName_Deflector;Deflector;;;;;;;;;;;;;x
GetSwordName_Cometfell;Cometfell;;;;;;;;;;;;;x
GetSwordName_Phoenix;Phoenix;;;;;;;;;;;;;x
GetSwordName_Malignant;Malignant;;;;;;;;;;;;;x
GetSwordName_Eternal;Eternal;;;;;;;;;;;;;x
GetSwordName_Damnation;Damnation;;;;;;;;;;;;;x
GetSwordName_Mangler;Mangler;;;;;;;;;;;;;x
GetSwordName_Reckoning;Reckoning;;;;;;;;;;;;;x
GetSwordName_Delusion;Delusion;;;;;;;;;;;;;x
GetSwordName_Visage;Visage;;;;;;;;;;;;;x
GetSwordName_Amnesia;Amnesia;;;;;;;;;;;;;x
GetSwordName_Harmony;Harmony;;;;;;;;;;;;;x
GetSwordName_Souleater;Souleater;;;;;;;;;;;;;x
GetSwordName_Phantom;Phantom;;;;;;;;;;;;;x
GetSwordName_Malificent;Malificent;;;;;;;;;;;;;x
GetSwordName_Nightmare;Nightmare;;;;;;;;;;;;;x
GetSwordName_Insanity;Insanity;;;;;;;;;;;;;x
GetSwordName_Massacre;Massacre;;;;;;;;;;;;;x
GetSwordName_Mirage;Mirage;;;;;;;;;;;;;x
GetSwordName_Glorious;Glorious;;;;;;;;;;;;;x
GetSwordName_Backbite;Backbite;;;;;;;;;;;;;x
GetSwordName_RandomEvilGodName;[This.Religion.GetRandomEvilGodName]'s;;;;;;;;;;;;;x
GetSwordName_Hywelbane;Hywelbane;;;;;;;;;;;;;x
GetSwordName_The_Sword_of_capitalname;The [This.GetWeaponType] of [This.Owner.Capital.GetName];;;;;;;;;;;;;x
GetSwordName_The_Sword_of_title;The [This.GetWeaponType] of [This.Owner.PrimaryTItle.GetName];;;;;;;;;;;;;x
GetSwordName_Dragnipur;Dragnipur;;;;;;;;;;;;;x
GetSwordName_Callandor;Callandor;;;;;;;;;;;;;x
GetSwordName_Scalpel;Scalpel;;;;;;;;;;;;;x
GetSwordName_Naegling;Naegling;;;;;;;;;;;;;x
GetSwordName_Tamerlein;Tamerlein;;;;;;;;;;;;;x
GetSwordName_Backbiter;Backbiter;;;;;;;;;;;;;x
GetSwordName_Gryffin;Gryffin;;;;;;;;;;;;;x
GetSwordName_Wayfinder;Wayfinder;;;;;;;;;;;;;x
GetSwordName_Vanguard;Vanguard;;;;;;;;;;;;;x
GetSwordName_Glamdring;Glamdring;;;;;;;;;;;;;x
GetSwordName_Narsil;Narsil;;;;;;;;;;;;;x
GetSwordName_Werewindle;Werewindle;;;;;;;;;;;;;x
GetSwordName_Clamorer;Clamorer;;;;;;;;;;;;;x
GetSwordName_Zirael;Zirael;;;;;;;;;;;;;x
GetSwordName_Sihill;Sihill;;;;;;;;;;;;;x
GetSwordName_Balaraw;Balaraw;;;;;;;;;;;;;x
GetSwordName_Hina;Hina;;;;;;;;;;;;;x
GetSwordName_Singing_Sword;Singing [This.GetWeaponType];;;;;;;;;;;;;x
GetSwordName_Master_Sword;Master [This.GetWeaponType];;;;;;;;;;;;;x
GetSwordName_Humility;Humility;;;;;;;;;;;;;x
GetSwordName_Excelsior;Excelsior;;;;;;;;;;;;;x
GetSwordName_Guilty;Guilty;;;;;;;;;;;;;x
GetSwordName_Caliburn;Caliburn;;;;;;;;;;;;;x
GetSwordName_Arondight;Arondight;;;;;;;;;;;;;x
GetSwordName_Harp;Harp;;;;;;;;;;;;;x
GetSwordName_Possession;Possession;;;;;;;;;;;;;x
GetSwordName_Impregnation;Impregnation;;;;;;;;;;;;;x
GetSwordName_Kinslayer;Kinslayer;;;;;;;;;;;;;x
GetSwordName_Celibacy;Celibacy;;;;;;;;;;;;;x
GetSwordName_Hedonist;Hedonist;;;;;;;;;;;;;x
GetSwordName_Gardener;Gardener;;;;;;;;;;;;;x
GetSwordName_Myticism;Myticism;;;;;;;;;;;;;x
GetSwordName_Temperance;Temperance;;;;;;;;;;;;;x
GetSwordName_Diligence;Diligence;;;;;;;;;;;;;x
GetSwordName_Patience;Patience;;;;;;;;;;;;;x
GetSwordName_Contentment;Contentment;;;;;;;;;;;;;x
GetSwordName_Inspiration;Inspiration;;;;;;;;;;;;;x
GetSwordName_Affection;Affection;;;;;;;;;;;;;x
GetSwordName_Timidity;Timidity;;;;;;;;;;;;;x
GetSwordName_Indolence;Indolence;;;;;;;;;;;;;x
GetSwordName_Conscience;Conscience;;;;;;;;;;;;;x
GetSwordName_Curiousity;Curiousity;;;;;;;;;;;;;x
GetSwordName_Desertion;Desertion;;;;;;;;;;;;;x
GetSwordName_Obedience;Obedience;;;;;;;;;;;;;x
GetSwordName_Berserker;Berserker;;;;;;;;;;;;;x
GetSwordName_Ravager;Ravager;;;;;;;;;;;;;x
GetSwordName_Adventure;Adventure;;;;;;;;;;;;;x
GetSwordName_Authority;Authority;;;;;;;;;;;;;x
GetSwordName_Obsession;Obsession;;;;;;;;;;;;;x
GetSwordName_Resurrection;Resurrection;;;;;;;;;;;;;x
GetSwordName_Sympathy;Sympathy;;;;;;;;;;;;;x
GetSwordName_Empathy;Empathy;;;;;;;;;;;;;x
GetSwordName_Apathy;Apathy;;;;;;;;;;;;;x
GetSwordName_Liberator;Liberator;;;;;;;;;;;;;x
GetSwordName_Freedom;Freedom;;;;;;;;;;;;;x
GetSwordName_Dynasty;Dynasty;;;;;;;;;;;;;x
GetSwordName_Lawgiver;Lawgiver;;;;;;;;;;;;;x
GetSwordName_Conqueror;Conqueror;;;;;;;;;;;;;x
GetSwordName_Restorer;Restorer;;;;;;;;;;;;;x
GetSwordName_Whisper;Whisper;;;;;;;;;;;;;x
GetSwordName_Beheader;Beheader;;;;;;;;;;;;;x
GetSwordName_Survivor;Survivor;;;;;;;;;;;;;x
GetSwordName_Destroyer;Destroyer;;;;;;;;;;;;;x
GetSwordName_Vengeful;Vengeful;;;;;;;;;;;;;x
GetSwordName_Tormentor;Tormentor;;;;;;;;;;;;;x
GetSwordName_Mutilation;Mutilation;;;;;;;;;;;;;x
GetSwordName_Despoiler;Despoiler;;;;;;;;;;;;;x
GetSwordName_Abomination;Abomination;;;;;;;;;;;;;x
GetSwordName_Kingslayer;Kingslayer;;;;;;;;;;;;;x
GetSwordName_Submission;Submission;;;;;;;;;;;;;x
GetSwordName_Deliverence;Deliverence;;;;;;;;;;;;;x
GetSwordName_Illumination;Illumination;;;;;;;;;;;;;x
GetSwordName_Exaltation;Exaltation;;;;;;;;;;;;;x
GetSwordName_Awakening;Awakening;;;;;;;;;;;;;x
GetSwordName_Enlightenment;Enlightenment;;;;;;;;;;;;;x
GetSwordName_Arrogance;Arrogance;;;;;;;;;;;;;x
GetSwordName_Resiliance;Resiliance;;;;;;;;;;;;;x
GetSwordName_Oppression;Oppression;;;;;;;;;;;;;x
GetSwordName_Magnificence;Magnificence;;;;;;;;;;;;;x
GetSwordName_Prudence;Prudence;;;;;;;;;;;;;x
GetSwordName_Brilliance;Brilliance;;;;;;;;;;;;;x
GetSwordName_Prodigy;Prodigy;;;;;;;;;;;;;x
GetSwordName_Elegance;Elegance;;;;;;;;;;;;;x
GetSwordName_Evenstar;Evenstar;;;;;;;;;;;;;x
GetSwordName_GetSunName;[This.Owner.GetSunName];;;;;;;;;;;;;x
GetSwordName_GetRandomPlanetName;[This.Owner.GetRandomPlanetName];;;;;;;;;;;;;x
GetSwordName_GetAlcoholicDrink;[This.Owner.GetAlcoholicDrink];;;;;;;;;;;;;x
GetSwordName_Conciliator;Conciliator;;;;;;;;;;;;;x
GetSwordName_Implacable;Implacable;;;;;;;;;;;;;x
GetSwordName_Breaker;Breaker;;;;;;;;;;;;;x
GetSwordName_Burner;Burner;;;;;;;;;;;;;x
GetSwordName_Anvilbreaker;Anvilbreaker;;;;;;;;;;;;;x
GetSwordName_Latecomer;Latecomer;;;;;;;;;;;;;x
GetSwordName_Badbrother;Badbrother;;;;;;;;;;;;;x
GetSwordName_Thunderbolt;Thunderbolt;;;;;;;;;;;;;x
GetSwordName_Boarkiller;Boarkiller;;;;;;;;;;;;;x
GetSwordName_Nightingale;Nightingale;;;;;;;;;;;;;x
GetSwordName_Widowmaker;Widowmaker;;;;;;;;;;;;;x
GetSwordName_Necromancer;Necromancer;;;;;;;;;;;;;x
GetSwordName_Stoneheart;Stoneheart;;;;;;;;;;;;;x
GetSwordName_Enchantment;Enchantment;;;;;;;;;;;;;x
GetSwordName_Captivation;Captivation;;;;;;;;;;;;;x
GetSwordName_MyDragon;[owners_dragon.GetFirstName];;;;;;;;;;;;;x
GetSwordName_MyDragons;[owners_dragon.GetFirstName]'s;;;;;;;;;;;;;x
forge_valyrian_steel;Forge Valyrian Steel;;;;Forja una espada Valyria;;;;;;;;;x
forge_valyrian_steel_desc;Valyrian steel, possibly forged with dragons, is manufactured in the Valyrian Freehold. Have a stormsinger help you forge some with your own dragon.;;;;El acero Valyrio, posiblemente este forjado con dragones, se fabricaba en el Feudo Franco de Valyria. Haz que un Bardo de Tormenta te ayude a forjarla con tu propio dragón.;;;;;;;;;x
TOOLTIPforge_valyrian_steel_STORMSINGER;A powerful stormsinger is available in your court (a character with at least 15 learning and valyrian religion);;;;Un poderoso Bardo de Tormenta está disponible en tu corte (un personaje con al menos 15 aprendizajes y religión valyriana).;;;;;;;;;x
TOOLTIPforge_valyrian_steel_VALYRIA;Any demesne province is in the Valyrian heartland region;;;;Cualquier provincia de dominio que se encuentre en la región del corazón de Valyria;;;;;;;;;x
TOOLTIPforge_valyrian_steel_FORGING;Is NOT already forging valyrian steel;;;;NO ya está forjando acero valyrio;;;;;;;;;x
EVTDESCvalyrian_steel.190;[stormsinger_forger.GetTitledFirstNameWithDynasty] has the power to focus [dragon_forger.GetFirstName]'s dragonflame into a potent forge. From it [stormsinger_forger.GetSheHe] will use [stormsinger_forger.GetHerHis] spells to create valyrian steel.;;;;[Stormsinger_forger.GetTitledFirstNameWithDynasty] tiene el poder de enfocar la llamas de  [dragon_forger.GetFirstName] en una forja potente.El [stormsinger_forger.GetSheHe] utilizará los hechizos [stormsinger_forger.GetHerHis] para crear la espada valyria.;;;;;;;;;x
EVTOPTAvalyrian_steel.190;Proceed;;;;Proceder;;;;;;;;;x
TOOLTIPvalyrian_steel.190A;The forging of the valyrian steel sword will take several months;;;;La forja de la espada de acero valyriano tomará varios meses;;;;;;;;;x
EVTOPTBvalyrian_steel.190;I want a suit of armour!;;;;¡Quiero una armadura!;;;;;;;;;x
TOOLTIPvalyrian_steel.190B;Due to the stormsinger's skill and the dragon's strength, you can pay extra to commision a valyrian suit of armour;;;;Debido a la habilidad del Bardo de Tormenta y la fuerza del dragón, puedes pagar una suma extra para hacer una armadura valyria.;;;;;;;;;x
EVTOPTCvalyrian_steel.190;Use your skills to craft me a dragonhorn;;;;Usa tus habilidades para crearme un Cuerno Dragón;;;;;;;;;x
TOOLTIPvalyrian_steel.190C;Due to the stormsinger's skill and the dragon's strength, you can pay extra to commision a dragon horn;;;;Debido a la habilidad del Bardo de Tormenta y la fuerza del dragón, puedes pagar una suma extra para hacer un cuerno de dragón.;;;;;;;;;x
EVTDESCvalyrian_steel.191;After many months of using [dragon_forger.GetFirstName]'s powerful dragonflame, [stormsinger_forger.GetTitledFirstNameWithDynasty] has completed the valyrian steel sword!;;;;Después de muchos meses de usar la poderosa llama de dragón de [dragon_forger.GetFirstName], [stormfor_forger.GetTitledFirstNameWithDynasty] ha completado la espada de acero valyrio.;;;;;;;;;x
EVTOPTAvalyrian_steel.191;I commend your good work;;;;Elogio tu buen trabajo;;;;;;;;;x
EVTDESCvalyrian_steel.192;After many months of focusing [dragon_forger.GetFirstName]'s powerful dragonflame and performing elaborate spells, [stormsinger_forger.GetTitledFirstNameWithDynasty] has completed the valyrian steel armour!;;;;Después de muchos meses de enfocar la poderosa llama de dragón de [dragon_forger.GetFirstName] y realizar hechizos elaborados, [stormsinger_forger.GetTitledFirstNameWithDynasty] ha completado la armadura de acero valyrio.;;;;;;;;;x
EVTOPTAvalyrian_steel.192;It is magnificent!;;;;¡Es magnifica!;;;;;;;;;x
EVTDESCvalyrian_steel.193;[stormsinger_forger.GetTitledFirstNameWithDynasty] has spent many months performing spells and using [dragon_forger.GetFirstName] to test [stormsinger_forger.GetHerHis] work, and has now finally finished the dragonhorn!;;;;[Stormsinger_forger.GetTitledFirstNameWithDynasty] ha pasado muchos meses realizando hechizos y utilizando [dragon_forger.GetFirstName] a probado el trabajo [stormsinger_forger.GetHerHis], ¡y finalmente ha terminado el cuerno de dragón!.;;;;;;;;;x
EVTOPTAvalyrian_steel.193;This will prove most useful;;;;Esto sera muy útil;;;;;;;;;x
TOOLTIP250286;§YNOTE:§! Images of the different sword options can be viewed by clicking on the wiki link of the 'valyrian steel' character shown in this tooltip;;;;§! Las imágenes de las diferentes opciones de espada se pueden ver haciendo clic en el enlace de la wiki del personaje de 'acero valyriano' que se muestra en esta información sobre herramientas.;;;;;;;;;x
TOOLTIPnick_the_sword_of_the_morning;Is the Sword of the Morning;;;;Es la espada del mañana;;;;;;;;;x
TOOLTIPseize_swordTRAITOR;[Root.GetTitledFirstNameWithDynasty] is a traitor;;;;[Root.GetTitledFirstNameWithDynasty] es un traidor;;;;;;;;;x
reforge_ice;Reforge Ice;;;;Reforge el hielo;;;;;;;;;x
reforge_ice_desc;Ned Stark was unjustly beheaded with his own sword Ice, the blade subsequently stolen and sullied by the Lannisters. Obtain the remnants and reforge it into what it once was!;;;;Ned Stark fue decapitado injustamente con su propia espada Huelo, la espada posteriormente fue robada y reforgada por los Lannisters. ¡Obtenga las armas y reforje hielo en lo que una vez fue!;;;;;;;;;x
TOOLTIPreforge_iceA;[Root.GetTitledFirstNameWithDynasty] owns both remnants of Ice;;;;[Root.GetTitledFirstNameWithDynasty] posee ambos restos de hielo;;;;;;;;;x
TOOLTIPreforge_iceB;[This.GetName] and the other blade are reforged into Ice;;;;[This.GetName] y la otra hoja se vuelven a formar en Hielo;;;;;;;;;x
valyrian_steel_arakh;Valyrian Steel Arakh;;;;Espada Arakh Valyria;;;;;;;;;x
valyrian_steel_arakh_desc;The blade of this arakh is made of valyrian steel. An arakh is a sword commonly used by the Dothraki. It is shaped half like a sword and half like a scythe.;;;;La hoja de este arakh está hecha de acero valyrio. Un arakh es una espada comúnmente utilizada por los Dothrakis. Tiene la forma de una espada y la mitad de una guadaña.;;;;;;;;;x
EVTOPTC251400;Armor;;;;;;;;;;;;;x
EVTOPTD251400;Daggers;;;;;;;;;;;;;x
EVTDESCvalyrian_steel.99;The blacksmith is no longer available, and so the reforging of the sword has been cancelled.;;;;;;;;;;;;;x
