#CODE;ENGLISH;FRENCH;GERMAN;;SPANISH;;;;;;;;;x
wikid;On a Quest Overseas;Dans une quête outre-mer;;;En una búsqueda en el extranjero;;;;;;;;;x
wikid_desc;This character is not at court, and is on a quest in foreign lands;Ce personnage n'est pas à la cour, il est actuellement en terre étrangère pour mener une quête;;;Este personaje no está en la corte, actualmente se encuentra en territorio extranjero realizando una misión;;;;;;;;;x
wikiddirewolf;The pillar displays a Direwolf;Un Loup Garou est représenté sur le pilier;;;El pilar muestra un Lobo huargo;;;;;;;;;x
wikidcrow;The pillar displays a Crow;Un Corbeau est représenté sur le pilier;;;El pilar muestra un cuervo ;;;;;;;;;x
wikideagle;The pillar displays an Eagle;Un Aigle est représenté sur le pilier;;;El pilar muestra un águila;;;;;;;;;x
wikiddog;The pillar displays a Dog;Un Chien est représenté sur le pilier;;;El pilar muestra un perro;;;;;;;;;x
wikiddirewolf_desc;The pillar displays a Direwolf;Un Loup Garou est représenté sur le pilier;;;El pilar muestra un lobo huargo;;;;;;;;;x
wikidcrow_desc;The pillar displays a Crow;Un Corbeau est représenté sur le pilier;;;El pilar muestra un cuervo;;;;;;;;;x
wikideagle_desc;The pillar displays an Eagle;Un Aigle est représenté sur le pilier;;;El pilar muestra un águila;;;;;;;;;x
wikiddog_desc;The pillar displays a Dog;Un Chien est représenté sur le pilier;;;El pilar muestra un perro;;;;;;;;;x
CUSTOMTOOLTIPwikidsuccess;You Succeed.;Succès;;;Triunfas;;;;;;;;;x
CUSTOMTOOLTIPwikidfail;You Fail.;Echec;;;Fallas;;;;;;;;;x
CUSTOMTOOLTIPwikidcompanionloves;Your companion think's fondly of you because of this.;Votre compagnon(e) vous aime pour cela.;;;Su compañero piensa con cariño debido a eso.;;;;;;;;;x
CUSTOMTOOLTIPwikidcompanionhates;Your companion dislikes you because of this.;Votre compagnon(e) vous déteste pour cela.;;;Su compañero piensa con odio debido a eso.;;;;;;;;;x
CUSTOMTOOLTIPwikidcompanionbetrayinform;You have treated your companion so poorly that they have decided to claim the sword for themselves;Vous avez tellement mal traité votre compagnon(e) qu'il a décidé de prendre l'épée pour lui(elle)-même;;;Trataste a tu compañero tan mal que decidió tomar la espada por él mismo;;;;;;;;;x
EVTTITLEwikid.1;An old man with a map;Un vieil homme avec une carte;;;Un anciano con un mapa;;;;;;;;;x
EVTDESCwikid.1;My [Root.GetMyPhysicianName] came to me today, a bit annoyed and tired.\n\n'[Root.PrimaryTitle.GetFOA], there is an old man in the courtyard claiming he has to speak with you. He claims he has something you'd pay a great sum of money for. The old man seems to me to be a lunatic, but...well he claimed he had a map.......an old map of Valyria where great treasures are hidden.';Mon [Root.GetMyLordSpiritualName] est venu à moi aujourd'hui, un peu ennuyé et fatigué.\n\n'[Root.PrimaryTitle.GetFOA], il y a un vieil homme dans la cour qui dit avoir à parler avec vous. Il affirme être en possession de quelque chose que vous seriez prêt à acheter à grand prix. Il me semble un peu lunatique mais... enfin, il dit qu'il a une carte.... Une antique carte de Valyria indiquant où sont cachés de grands trésors. ';;;Mi [Root.GetMyPhysicianName] vino a mí hoy, un poco molesto y cansado.\n\n'[Root.PrimaryTitle.GetFOA], hay un anciano en el patio que dice que tiene que hablar con usted. Él dice que tiene algo por lo que pagarías una gran suma de dinero. El viejo parece un lunático, pero afirmó que tenía un antiguo mapa.. Un mapa de la antigua Valyria, donde se esconden grandes tesoros.;;;;;;;;;x
EVTOPTAwikid.1;Let's hear what he has to say.;Ecoutons ce qu'il a à dire.;;;Escuchemos lo que tiene que decir;;;;;;;;;x
EVTOPTBwikid.1;Get out of here old man;Qu'il prenne ses cartes et déguerpisse !;;;!Sal de aquí viejo!;;;;;;;;;x
EVTOPTCwikid.1;I will die in real life;Je vais mourir pour de vrai;;;Voy a morir de verdad;;;;;;;;;x
EVTTITLEwikid.2;The Beginning of a Story;Le début d'une histoire;;;El comienzo de una historia;;;;;;;;;x
EVTDESCwikid.2;Before you stands an old haggard man in his fifties, maybe sixties. He doesn't look Westerosi, nor does he look like a beggar. Intrigued you asked him about the map. The old man gave a smile [Root.Religion.GetRandomGodName] would be afraid of, '[Root.PrimaryTitle.GetFOA], it has come to my attention that you are looking for a way to acquire a valyrian steeel weapon. As it happens, I have a map in my possession that may help you with your....ambition. But before we continue, may I ask for an alcoholic refreshment?' Your [Root.GetMyLordSpiritualName], obviously annoyed, quickly asks 'Why do you need alcohol?'. The old man looks a bit down at his feet, waits a few seconds and refocuses back on you. 'Well, my lords, because no great story ever started with someone eating a salad.' ;Devant vous se tient un vieil homme au visage marqué par le temps. Il ne semble pas venir de Westeros ni être un mendiant. Intrigué, vous lui posez des questions à propos de la carte. Le vieil homme vous répond par un sourire à faire faire à [Root.Religion.GetRandomGodName]. '[Root.PrimaryTitle.GetFOA], il est venu à mes oreilles que vous cherchiez à acquérir une épée en acier valyrien. J'ai justement en ma possession une carte qui pourrait vous aider dans vos... ambitions. Mais avant tout chose, puis-je vous demander un verre d'alcool ?' Votre  [Root.GetMyLordSpiritualName], qui ne semble guère apprécier le personnage, s'empresse de lui demander pourquoi veut-il un verre d'alcool. 'Eh bien, m'sires, mon vieux gosier est sec comme le désert rouge. Et aucune grande histoire n'a jamais commencé par un homme mangeant une feuille de salade...';;;Frente a usted se encuentra un anciano con una cara marcada por el tiempo. Él no parece ser de Poniente, ni se ve como un mendigo. Intrigado, le preguntas sobre el mapa. El viejo sonrió y dice temeroso que [Root.Religion.GetRandomGodName] le da miedo.'[Root.PrimaryTitle.GetFOA], me ha llamado la atención que estás buscando la forma de adquirir un arma de acero valyrio. Da la casualidad, de que tengo un mapa en mi posesión que puede ayudarte con tu ambición. Pero antes de continuar, ¿puedo pedir un trago? El [Root.GetMyLordSpiritualName], obviamente molesto, rápidamente pregunta '¿Por qué necesita un trago?'. El anciano se mira un poco sus pies, espera unos segundos y vuelve a enfocarse en ti. 'Bueno, mis señores, porque ninguna gran historia comenzó con alguien comiendo una ensalada..;;;;;;;;;x
EVTDESCwikid.2B;Before you stands an old haggard man in his fifties, maybe sixties. He doesn't look [Root.Culture.GetGroupName], nor does he look like a beggar. Intrigued you asked him about the map. The old man gave a smile [Root.Religion.GetRandomGodName] would be afraid of, '[Root.PrimaryTitle.GetFOA], it has come to my attention that you are looking for a way to acquire a valyrian steeel weapon. As it happens, I have a map in my possession that may help you with your....ambition. But before we continue, may I ask for an alcoholic refreshment?' Your [Root.GetMyLordSpiritualName], obviously annoyed, quickly asks 'Why do you need alcohol?'. The old man looks a bit down at his feet, waits a few seconds and refocuses back on you. 'Well, my lords, because no great story ever started with someone eating a salad.' ;Devant vous se tient un vieil homme au visage marqué par le temps. Il ne semble pas être [Root.Culture.GetGroupName] ni être un mendiant. Intrigué, vous lui posez des questions à propos de la carte. Le vieil homme vous répond par un sourire à faire faire à [Root.Religion.GetRandomGodName]. '[Root.PrimaryTitle.GetFOA], il est venu à mes oreilles que vous cherchiez à acquérir une épée en acier valyrien. J'ai justement en ma possession une carte qui pourrait vous aider dans vos... ambitions. Mais avant tout chose, puis-je vous demander un verre d'alcool ?' Votre  [Root.GetMyLordSpiritualName], qui ne semble guère apprécier le personnage, s'empresse de lui demander pourquoi veut-il un verre d'alcool. 'Eh bien, m'sires, mon vieux gosier est sec comme le désert rouge. Et aucune grande histoire n'a jamais commencé par un homme mangeant une feuille de salade...';;;Frente a usted se encuentra un anciano con una cara marcada por el tiempo. Él no parece ser de [Root.Culture.GetGroupName], ni se ve como un mendigo. Intrigado, le preguntas sobre el mapa. El viejo sonrió y dice temeroso que [Root.Religion.GetRandomGodName] le da miedo.'[Root.PrimaryTitle.GetFOA], me ha llamado la atención que estás buscando la forma de adquirir un arma de acero valyrio. Da la casualidad, de que tengo un mapa en mi posesión que puede ayudarte con tu ambición. Pero antes de continuar, ¿puedo pedir un trago? El [Root.GetMyLordSpiritualName], obviamente molesto, rápidamente pregunta '¿Por qué necesita un trago?'. El anciano se mira un poco sus pies, espera unos segundos y vuelve a enfocarse en ti. 'Bueno, mis señores, porque ninguna gran historia comenzó con alguien comiendo una ensalada..;;;;;;;;;x
EVTDESCwikid.2C;Before you stands an old haggard man in his fifties, maybe sixties. He appears to be of valyrian descent, and does not look like a beggar. Intrigued you asked him about the map. The old man gave a smile [Root.Religion.GetRandomGodName] would be afraid of, '[Root.PrimaryTitle.GetFOA], it has come to my attention that you are looking for a way to acquire a valyrian steeel weapon. As it happens, I have a map in my possession that may help you with your....ambition. But before we continue, may I ask for an alcoholic refreshment?' Your [Root.GetMyLordSpiritualName], obviously annoyed, quickly asks 'Why do you need alcohol?'. The old man looks a bit down at his feet, waits a few seconds and refocuses back on you. 'Well, my lords, because no great story ever started with someone eating a salad.' ;Devant vous se tient un vieil homme au visage marqué par le temps. Il ne semble être un descendent valyrien ni être un mendiant. Intrigué, vous lui posez des questions à propos de la carte. Le vieil homme vous répond par un sourire à faire faire à [Root.Religion.GetRandomGodName]. '[Root.PrimaryTitle.GetFOA], il est venu à mes oreilles que vous cherchiez à acquérir une épée en acier valyrien. J'ai justement en ma possession une carte qui pourrait vous aider dans vos... ambitions. Mais avant tout chose, puis-je vous demander un verre d'alcool ?' Votre  [Root.GetMyLordSpiritualName], qui ne semble guère apprécier le personnage, s'empresse de lui demander pourquoi veut-il un verre d'alcool. 'Eh bien, m'sires, mon vieux gosier est sec comme le désert rouge. Et aucune grande histoire n'a jamais commencé par un homme mangeant une feuille de salade...';;;Frente a usted se encuentra un anciano con una cara marcada por el tiempo. Él parece ser un decesdiente de Valyria y, no se ve como un mendigo. Intrigado, le preguntas sobre el mapa. El viejo sonrió y dice temeroso que [Root.Religion.GetRandomGodName] le da miedo.'[Root.PrimaryTitle.GetFOA], me ha llamado la atención que estás buscando la forma de adquirir un arma de acero valyrio. Da la casualidad, de que tengo un mapa en mi posesión que puede ayudarte con tu ambición. Pero antes de continuar, ¿puedo pedir un trago? El [Root.GetMyLordSpiritualName], obviamente molesto, rápidamente pregunta '¿Por qué necesita un trago?'. El anciano se mira un poco sus pies, espera unos segundos y vuelve a enfocarse en ti. 'Bueno, mis señores, porque ninguna gran historia comenzó con alguien comiendo una ensalada..;;;;;;;;;x
EVTOPTAwikid.2;You had my curiosity, but now you have my full attention!;Vous aviez ma curiosité. Maintenant, vous avez mon attention.;;;Conseguiste mi curiosidad, ¡Pero ahora tienes toda mi atención!;;;;;;;;;x
EVTOPTBwikid.2;Be gone you beggar! Off with you!;Va-t'en pouilleux ! J'en ai assez de toi !;;;¡Fuera, mendigo estoy cansado de ti!;;;;;;;;;x
EVTTITLEwikid.3;To quest or not to quest;Partir en quête ou ne pas partir en quête.;;;No parti en una busqueda;;;;;;;;;x
EVTDESCwikid.3;The old man tells you he is certain about the location of the valyrian steel you seek. He points to it on the map and appears convinced. No doubt the journey there will be long, arduous and very dangerous, put purchasing this map and following it could yield great reward.;Le vieil homme affirme être certain de l'endroit où se trouve l'épée en acier valyrien. Il indique un endroit sur la carte et semble convaincu. Pas de doute que le voyage sera long, ardu et dangereux. Mais acheter cette carte et suivre ses indications peuvent conduire à une grande récompense.;;;El anciano te dice que está seguro de la ubicación del acero valyrio que buscas. Lo señala en el mapa y parece convencido. Sin duda el viaje allí será largo, arduo y muy peligroso, con la compra de este mapa podria emprender un viaje del que podria conseguir una gran recompensa.;;;;;;;;;x
EVTOPTAwikid.3;I am ready and prepared to undertake this.;Je suis prêt à m'en emparer.;;;Estoy listo y preparado para el viaje.;;;;;;;;;x
TOOLTIPwikid.4;You purchase the map, and prepare for the journey;Vous achetez la carte et vous préparez votre voyage;;;Usted compra el mapa y se prepara para el viaje;;;;;;;;;x
EVTOPTBwikid.3;I'm not interested.;Je ne suis pas intéressé.;;;No estoy interesado.;;;;;;;;;x
EVTTITLEwikid.4;The Fellowship of House [Root.GetOnlyDynastyName];La compagnie de la maison [Root.GetOnlyDynastyName].;;;La compañía de la Casa [Root.GetOnlyDynastyName].;;;;;;;;;x
EVTDESCwikid.4;Whilst preparing for the journey, your [Root.GetMyLordSpiritualName] suggests you should take someone with you on this journey. '[Root.PrimaryTitle.GetFOA], I have assembled a group of people who are at the top of their respective fields, and would be suitable to accompany you on your quest.';En préparant votre voyage, votre [Root.GetMyLordSpiritualName] vous conseille d'emmener quelqu'un avec vous pour ce voyage. '[Root.PrimaryTitle.GetFOA], j'ai rassemblé un groupe de personnes qui excellent dans leur domaine respectif.';;;Mientras se prepara el viaje, su [Root.GetMyLordSpiritualName] sugiere que debe llevar a alguien con usted en este viaje. '[Root.PrimaryTitle.GetFOA], ha reunido un grupo de personas que sobresalen en sus respectivos campos.;;;;;;;;;x
EVTOPTAwikid.4;The great warrior;Le guerrier fort;;;El gran guerrero;;;;;;;;;x
EVTOPTBwikid.4;The sailor and navigator;Le marin doublé d'un navigateur;;;El marinero y el navegador;;;;;;;;;x
EVTOPTCwikid.4;The comely healer;Une dame versée dans les arts de la guérison;;;Una dama versada en las artes curativas;;;;;;;;;x
EVTOPTDwikid.4;The old man shall come with me;Le vieil homme devrait venir avec moi;;;El viejo vendrá conmigo;;;;;;;;;x
EVTTITLEwikid.5;Preparations for the Journey;Préparatifs pour le voyage.;;;Preparándose para el viaje;;;;;;;;;x
EVTDESCwikid.5;A ship will be required to travel across the leagues of sea to our destination, and through the dangers that will no doubt arise. Therefore it is time to go down to the docks to choose a vessel.;Un navire est nécessaire pour voyager à travers les mers jusqu'à votre destination, et au travers des dangers qui ne manqueront pas d'arriver. Il est temps de se rendre au port et de choisir un vaisseau.;;;Se requerirá que un barco viaje a través de los mares del mar hasta nuestro destino y a través de los peligros que sin duda surgirán. Por lo tanto, es hora de bajar a los muelles para elegir un buque.;;;;;;;;;x
EVTOPTAwikid.5;A small transport ship will do;Un petit bateau de transport suffira;;;Un pequeño barco de transporte servirá;;;;;;;;;x
EVTOPTBwikid.5;I will hire a sturdy cargo ship;Je vais louer une solide coque;;;Contrataré un barco de carga robusto;;;;;;;;;x
EVTOPTCwikid.5;Build me a large warship!;Construisez-moi un grand navire de guerre !;;;¡Constrúyeme un gran barco de guerra!;;;;;;;;;x
EVTOPTDwikid.5;Have my [Root.GetShipName], prepared and provisioned!;Que '[Root.GetTitledFirstName]', mon navire amiral, soit prêt à appareiller !;;;¡Tengo mi [Root.GetShipName], preparado y aprovisionado!;;;;;;;;;x
TOOLTIPoneyearconstruction;This powerful warship will take one year to build;Ce puissant navire de guerre va prendre une année à construire.;;;Este poderoso buque de guerra tardará un año en construirse.;;;;;;;;;x
EVTTITLEwikid.6;The Departed;Le Voyageur;;;Ya Partimos;;;;;;;;;x
EVTDESCwikid.6;The ship is docked fully loaded and crewed ready to depart on our quest. [wikid_companion.GetFirstName] is alongside you on the bridge as you give the command to cast off.;Le navire est chargé et l'équipage est prêt au départ pour votre quête. [wikid_companion.GetFirstName] est à vos côtés sur le pont lorsque vous donner l'ordre de larguer les amarres.;;;El barco está cargado y la tripulación está lista para partir hacia tu búsqueda. [wikid_companion.GetFirstName] está a tu lado en el puente cuando das la orden de lanzar los amarres.;;;;;;;;;x
EVTOPTBwikid.6;You make a joke about naval life;Vous faites une blague sur la vie de marin.;;;Usted hace una broma sobre la vida de un marinero.;;;;;;;;;x
EVTTITLEwikid.7;It's not a pirates life for me;Ce n'est pas une vie de pirate pour moi.;;;a vida de pirata no es para mí;;;;;;;;;x
EVTDESCwikid.7;After many weeks sailing the seas, you are growing bored. Perhaps something can be done with [wikid_companion.GetFirstName] to pass the time?;Après plusieurs semaines en mer, la vie sur un bateau est ennuyeuse, vous devriez faire quelque chose avec [wikid_companion.GetFirstName] pour passer le temps.;;;Después de varias semanas en el mar, la vida en un barco es aburrida, debes hacer algo con [wikid_companion.GetFirstName] para pasar el tiempo.;;;;;;;;;x
EVTOPTAwikid.7;I will visit [wikid_companion.GetHerHis] cabin tonight;Je visiterai sa cabine, cette nuit.;;;Voy a visitar la cabina de [wikid_companion.GetHerHis] esta noche;;;;;;;;;x
EVTOPTBwikid.7;We shall play cyvasse;Nous devrions jouer au cyvosse.;;;Jugaremos a Sitrang.;;;;;;;;;x
EVTOPTCwikid.7;We should have a duel;Nous devrions organiser un duel.;;;Deberíamos tener un duelo.;;;;;;;;;x
EVTOPTDwikid.7;I will read a book;Je vais lire un livre.;;;Leeré un libro.;;;;;;;;;x
EVTOPTEwikid.7;I will amuse myself;Je vais trouver de quoi me distraire.;;;Encontraré algo para distraerme.;;;;;;;;;x
TOOLTIPwikid.8;You pay a visit to [wikid_companion.GetFirstName]...;Vous rendez visite à [wikid_companion.GetFirstName]…;;;Usted visita a [wikid_companion.GetFirstName]..;;;;;;;;;x
TOOLTIPwikid.11;You have a game of cyvasse with [wikid_companion.GetFirstName];Vous jouez au cyvosse avec [wikid_companion.GetFirstName];;;Juegas a Sitrang con [wikid_companion.GetFirstName];;;;;;;;;x
TOOLTIPwikid.18;You and [wikid_companion.GetFirstName] have a training duel;Vous vous entraînez au duel avec [wikid_companion.GetFirstName];;;Usted y [wikid_companion.GetFirstName] tienen un duelo de entrenamiento;;;;;;;;;x
EVTDESCwikid.8;AI - Lady desc;AI - Description de la Dame;;;AI - Descripción de la Dama;;;;;;;;;x
EVTOPTAwikid.8;AI - Lady says yes;AI - La Dame dit oui;;;AI - La mujer dice que si;;;;;;;;;x
EVTOPTBwikid.8;AI - Lady says no;AI - La dame dit non;;;AI - La mujer dice que no;;;;;;;;;x
EVTDESCwikid.9;At the onset of night, you crept into [wikid_companion.GetFirstName]'s cabin. You enjoyed eachothers company for hours.;Au milieu de la nuit, vous vous faufilez dans sa cabine. Vous profitez l'un de l'autre pendant des heures.;;;Al inicio de la noche, estás en la cabina de [wikid_companion.GetFirstName]. En medio de la noche, te escabulles en su cama. Disfrutas el uno al otro durante horas.;;;;;;;;;x
EVTOPTAwikid.9;What a pleasant young [wikid_companion.GetLadLass];Quelle plaisant(e) jeune homme/femme;;;Qué joven tan agradable [wikid_companion.GetLadLass];;;;;;;;;x
EVTDESCwikid.10;Come dusk, you crept into [wikid_companion.GetFirstName]'s cabin. [wikid_companion.GetSheHeCap] appeared to dislike it however.;Au crépuscule, vous vous faufilez dans la cabine de [wikid_companion.GetFirstName]. [wikid_companion.GetSheHeCap] semble ne pas avoir apprécié ce moment.;;;Al anochecer, te arrastraste a la cabina de [wikid_companion.GetFirstName]. [wikid_companion.GetSheHeCap] sin embargo pareció no gustarle.;;;;;;;;;x
EVTOPTAwikid.10;That was most unfortunate;Voilà qui est malheureux.;;;Eso fue muy desafortunado;;;;;;;;;x
EVTDESCwikid.11;AI - I will pick a move;AI - Je vais déplacer une pièce;;;AI: voy a mover una pieza;;;;;;;;;x
EVTOPTZwikid.11;AI - I win;AI - Je gagne;;;AI - Yo gano;;;;;;;;;x
EVTOPTAwikid.11;AI - Dragon;AI - Dragon;;;AI - Dragón;;;;;;;;;x
EVTOPTBwikid.11;AI - Archer;AI - Archer;;;AI - Arquero;;;;;;;;;x
EVTOPTCwikid.11;AI - Swordsman;AI - Lancier;;;AI - Lancero;;;;;;;;;x
EVTOPTDwikid.11;AI - Rabble;AI - Piétaille;;;AI - Pueblo llano;;;;;;;;;x
EVTDESCwikid.12;You and [wikid_companion.GetFirstName] are playing cyvasse on the boat, [wikid_companion.GetSheHe] attacks with [wikid_companion.GetHerHis] dragon.;Vous et [wikid_companion.GetFirstName] jouez au cyvosse sur le bateau, [wikid_companion.GetSheHe] attaque avec son dragon.;;;Tú y [wikid_companion.GetFirstName] están jugando a Sitrang en el barco, [wikid_companion.GetSheHe] ataca con su Dragón.;;;;;;;;;x
EVTOPTZwikid.12;A foolish move, your pieces are in position and you slay [wikid_companion.GetHerHis] King.;Un mouvement stupide, vos pièces sont en position et font tomber son roi. ;;;Un movimiento tonto, tus piezas están en posición y matas a su Rey.;;;;;;;;;x
EVTOPTAwikid.12;You attack with your Archer;Vous attaquez avec votre archer.;;;Atacas con tu Arquero;;;;;;;;;x
EVTOPTBwikid.12;You attack with your Swordsman;Vous attaquez avec votre lancier.;;;Atacas con tu Lancero;;;;;;;;;x
EVTOPTCwikid.12;You attack with your Rabble;Vous attaquez avec la piétaille.;;;Atacas con tu Pueblo llano;;;;;;;;;x
EVTOPTDwikid.12;You attack with your King;Vous attaquez avec votre roi.;;;Atacas con tu Rey;;;;;;;;;x
EVTDESCwikid.13;You and [wikid_companion.GetFirstName] are playing cyvasse on the boat, [wikid_companion.GetSheHe] attacks with [wikid_companion.GetHerHis] archer.;Vous et [wikid_companion.GetFirstName] jouez au cyvosse sur le bateau, [wikid_companion.GetSheHe] attaque avec son archer.;;;Tú y [wikid_companion.GetFirstName] están jugando a Sitrang en el barco, [wikid_companion.GetSheHe] ataca con su Arquero.;;;;;;;;;x
EVTOPTZwikid.13;A foolish move, your pieces are in position and you slay [wikid_companion.GetHerHis] King.;Un mouvement stupide, vos pièces sont en position et font tomber son roi. ;;;Un movimiento tonto, tus piezas están en posición y matas a su Rey.;;;;;;;;;x
EVTOPTAwikid.13;You attack with your Archer;Vous attaquez avec votre archer.;;;Atacas con tu Arquero;;;;;;;;;x
EVTOPTBwikid.13;You attack with your Swordsman;Vous attaquez avec votre lancier.;;;Atacas con tu Lancero;;;;;;;;;x
EVTOPTCwikid.13;You attack with your Rabble;Vous attaquez avec la piétaille.;;;Atacas con tu Pueblo llano;;;;;;;;;x
EVTOPTDwikid.13;You attack with your King;Vous attaquez avec votre roi.;;;Atacas con tu Rey;;;;;;;;;x
EVTDESCwikid.14;You and [wikid_companion.GetFirstName] are playing cyvasse on the boat, [wikid_companion.GetSheHe] attacks with [wikid_companion.GetHerHis] swordsmen.;Vous et [wikid_companion.GetFirstName] jouez au cyvosse sur le bateau, [wikid_companion.GetSheHe] attaque avec ses lanciers.;;;Tú y [wikid_companion.GetFirstName] están jugando a Sitrang en el barco, [wikid_companion.GetSheHe] ataca con su Lancero.;;;;;;;;;x
EVTOPTZwikid.14;A foolish move, your pieces are in position and you slay [wikid_companion.GetHerHis] King.;Un mouvement stupide, vos pièces sont en position et font tomber son roi. ;;;Un movimiento tonto, tus piezas están en posición y matas su Rey.;;;;;;;;;x
EVTOPTAwikid.14;You attack with your Archer;Vous attaquez avec votre archer.;;;Atacas con tu Arquero;;;;;;;;;x
EVTOPTBwikid.14;You attack with your Swordsman;Vous attaquez avec votre lancier.;;;Atacas con tu Lancero;;;;;;;;;x
EVTOPTCwikid.14;You attack with your Rabble;Vous attaquez avec votre piétaille.;;;Atacas con tu Pueblo llano;;;;;;;;;x
EVTOPTDwikid.14;You attack with your King;Vous attaquez avec votre roi.;;;Atacas con tu Rey;;;;;;;;;x
EVTDESCwikid.15;You and [wikid_companion.GetFirstName] are playing cyvasse on the boat, [wikid_companion.GetSheHe] attacks with [wikid_companion.GetHerHis] rabble.;Vous et [wikid_companion.GetFirstName] jouez au cyvosse sur le bateau, [wikid_companion.GetSheHe] attaque avec la piétaille.;;;Tú y [wikid_companion.GetFirstName] están jugando a Sitrang en el barco, [wikid_companion.GetSheHe] ataca con su Pueblo llano.;;;;;;;;;x
EVTOPTZwikid.15;A foolish move, your pieces are in position and you slay [wikid_companion.GetHerHis] King.;Un mouvement stupide, vos pièces sont en position et font tomber son roi. ;;;Un movimiento tonto, tus piezas están en posición y matas su Rey.;;;;;;;;;x
EVTOPTAwikid.15;You attack with your Archer;Vous attaquez avec votre archer.;;;Atacas con tu Arquero;;;;;;;;;x
EVTOPTBwikid.15;You attack with your Swordsman;Vous attaquez avec votre lancier.;;;Atacas con tu Lancero;;;;;;;;;x
EVTOPTCwikid.15;You attack with your Rabble;Vous attaquez avec la piétaille.;;;Atacas con tu Pueblo llano;;;;;;;;;x
EVTOPTDwikid.15;You attack with your King;Vous attaquez avec votre roi.;;;Atacas con tu Rey;;;;;;;;;x
EVTDESCwikid.16;Your mastery of tactics and combat has secured you a victory on the cyvasse table.;Votre maîtrise des tactiques de combat et de la stratégie vous a apporté la victoire sur la table de cyvosse.;;;Tu dominio de las tácticas y el combate te ha asegurado la victoria en la mesa de Sitrang.;;;;;;;;;x
EVTOPTAwikid.16;I am victorious!;Je suis victorieux !;;;¡Salgo victorioso!;;;;;;;;;x
EVTDESCwikid.17;[wikid_companion.GetFirstName]'s mastery of tactics and strategy has secured [wikid_companion.GetHerHim] a victory on the cyvasse table.;La maîtrise de [wikid_companion.GetFirstName] des tactiques de combat et de la stratégie lui a apporté la victoire sur la table de cyvosse.;;;El dominio de tácticas y estrategia de [wikid_companion.GetFirstName] ha asegurado su victoria en la tabla de Sitrang.;;;;;;;;;x
EVTOPTAwikid.17;I don't like childrens games anyway;Je n'aime pas jeux de gamins, de toute façon.;;;No me gustan los juegos de niños de todos modos;;;;;;;;;x
EVTDESCwikid.18;AI - Having a duel ;AI - Battons-nous en duel ;;;AI - Tengamos un duelo.;;;;;;;;;x
EVTOPTAwikid.18;AI- Fight;AI- En garde !;;;AI- En guardia.;;;;;;;;;x
EVTDESCwikid.180;Me and [wikid_companion.GetFirstName] had a fierce training duel on the deck of the ship, with many of the crew stopping to spectate. [wikid_companion.GetFirstName] defeated me in this fight.;[wikid_companion.GetFirstName] et moi nous nous sommes défiés en duel sur le pont du bateau. L'équipage a arrêté son travail pour nous regarder. Il semble que ma maîtrise des armes soit inférieure à la sienne car j'ai été défait.;;;Yo y [wikid_companion.GetFirstName] tuvimos un feroz duelo de entrenamiento en la cubierta del barco, y muchos de los tripulantes se detuvieron para observar. [wikid_companion.GetFirstName] me derrotó en esta pelea.;;;;;;;;;x
EVTOPTAwikid.180;I will learn from this;J'ai appris de cette défaite.;;;Aprenderé de esto.;;;;;;;;;x
EVTDESCwikid.181;Me and [wikid_companion.GetFirstName] had a fierce training duel on the deck of the ship, with many of the crew stopping to spectate. [wikid_companion.GetFirstName] was tough, but I managed to overcome [wikid_companion.GetHerHim].;[wikid_companion.GetFirstName] et moi nous nous sommes défié en duel sur le pont du bateau. L'équipage a arrêté son travail pour nous regarder. [wikid_companion.GetFirstName] est habile mais j'ai gagné.;;;Yo y [wikid_companion.GetFirstName] tuvimos un feroz duelo de entrenamiento en la cubierta del barco, y muchos de los tripulantes se detuvieron para observar. [wikid_companion.GetFirstName] fue difícil, pero logré superar a [wikid_companion.GetHerHim].;;;;;;;;;x
EVTOPTAwikid.181;Practice makes perfect;L'entrainement aide à se perfectionner.;;;;;;;;;;;;x
EVTDESCwikid.182;Me and [wikid_companion.GetFirstName] had a fierce training duel on the deck of the ship, with many of the crew stopping to spectate. The duel was tough, and eventually ended in a draw.;[wikid_companion.GetFirstName] et moi nous nous sommes défié en duel sur le pont du bateau. L'équipage a arrêté son travail pour nous regarder. [wikid_companion.GetFirstName] est habile mais j'ai gagné.;;;Yo y [wikid_companion.GetFirstName] tuvimos un feroz duelo de entrenamiento en la cubierta del barco, y muchos de los tripulantes se detuvieron para observar. [wikid_companion.GetFirstName] fue difícil, pero logré superar a [wikid_companion.GetHerHim].;;;;;;;;;x
EVTOPTAwikid.182;That was good practice;L'entrainement aide à se perfectionner.;;;;;;;;;;;;x
EVTDESCwikid.19;I have a selection of books stowed on the ship to read...;J'ai apporté avec moi quelques livres…;;;Tengo una selección de libros guardados en el barco para leer...;;;;;;;;;x
EVTOPTAwikid.19;The Lusty Tyroshian Maid;La Femme de Chambre Tyroshi;;;La doncella Tyroshi;;;;;;;;;x
EVTOPTBwikid.19;Naval Signals and Etiquette;Signes Nautiques et Etiquette;;;Señales Navales y Etiqueta;;;;;;;;;x
EVTOPTCwikid.19;Valyrian For Dummies;Le Haut Valyrien Pour Les Nuls;;;Dummies de Valyria;;;;;;;;;x
EVTOPTDwikid.19;Review [Root.PrimaryTitle.GetName]'s accounts for the last year;Revoir les comptes de [Root.PrimaryTitle.GetName] pour l'année dernière.;;;Revise las cuentas de [Root.PrimaryTitle.GetName] del último año.;;;;;;;;;x
EVTTITLEwikid.20;Pirates Sighted!;Des pirates ont été aperçus !;;;¡Piratas avistados!;;;;;;;;;x
EVTDESCwikid.20;The look-out atop the ship's mast has spotted another vessel on the horizon. As it comes closer you realise that it must be pirates...;La vigie a aperçu un autre vaisseau à l'horizon. Alors qu'il s'approche, vous réalisez qu'il s'agit de pirates…;;;El observador sobre el mástil del barco ha visto otro barco en el horizonte. A medida que se acerca, te das cuenta de que deben ser piratas...;;;;;;;;;x
EVTOPTAwikid.20;Drakarys!;Dracarys !;;;!Dracarys!;;;;;;;;;x
EVTOPTBwikid.20;Lord of Light Give me strength and ignite the pirates gunpowder stores.;Que le Maître de la Lumière me donne la force et embrase les réserves de poudre  de ces mécréants.;;;Que el Señor de Luz me dé fuerza y encienda las reservas de polvo de estos incrédulos.;;;;;;;;;x
EVTOPTCwikid.20;Your whale attacks!;Votre baleine attaque !;;;!Tu ballena ataca!;;;;;;;;;x
EVTOPTDwikid.20;Sea Lion attacks!;Votre otarie attaque !;;;!Tu León marino ataca!;;;;;;;;;x
EVTOPTEwikid.20;Use your knowlege of Naval signals to request a parley;Utiliser vos connaissances en signaux maritimes pour demander une rencontre.;;;Utilice su conocimiento de las señales navales para solicitar una reunión;;;;;;;;;x
EVTOPTFwikid.20;Use your [wikid_companion.GetFirstName]'s knowlege of naval signals to request a parley;Utiliser les connaissances en signaux maritimes de [wikid_companion.GetFirstName] pour demander une rencontre.;;;Usa el conocimiento de [wikid_companion.GetFirstName] de señales navales para solicitar una reunión;;;;;;;;;x
EVTOPTGwikid.20;Attempt to fight them using your large warship;Tenter de les affronter avec votre grand navire de guerre.;;;Intenta luchar contra ellos usando tu gran buque de guerra;;;;;;;;;x
EVTOPTHwikid.20;Attempt to fight them using your cargo ship;Tenter de les affronter avec votre cogue.;;;Intenta luchar con tu buque de carga;;;;;;;;;x
EVTOPTIwikid.20;Attempt to fight them using your small transport ship;Tenter de les affronter avec votre petit bateau de transport.;;;Intenta luchar con tu pequeño barco de transporte;;;;;;;;;x
EVTOPTJwikid.20;Attempt to board them and slay the crew;Tenter de les aborder et de tuer l'équipage.;;;xIntenta abordarlos y matar a la tripulación;;;;;;;;;x
EVTOPTKwikid.20;Attempt to sail away and escape;Tenter de leur échapper.;;;Intentar navegar y escapar;;;;;;;;;x
TOOLTIPwikid.21;Your dragon burns the pirates...;Votre dragon met le feu aux pirates…;;;Tu dragón quema a los piratas...;;;;;;;;;x
TOOLTIPwikid.22;The pirate ship suffers a fatal calamity...;Le navire pirate subit un dommage fatal ;;;El barco pirata sufre una calamidad fatal...;;;;;;;;;x
TOOLTIPwikid.23;Your whale attacks...;La baleine attaque…;;;Su ballena ataca;;;;;;;;;x
TOOLTIPwikid.24;Your sealion attacks...;L'otarie attaque…;;;Su León marino ataca;;;;;;;;;x
TOOLTIPwikid.25;You parley with the pirates...;Vous parlementez avec les pirates…;;;Estás hablando con los piratas..;;;;;;;;;x
EVTTITLEwikid.200;Escaped;A fuit.;;;Escapamos;;;;;;;;;x
EVTDESCwikid.200;Raising the mainsail and turning in the direction of the wind was enough to beat the pirates at sea.;Lever la grand-voile et mettre le bateau de le sens du vent a suffi pour semer les pirates.;;;Levantar la vela mayor y girar en dirección al viento fue suficiente para vencer a los piratas en el mar.;;;;;;;;;x
EVTOPTAwikid.200;Ho ho ho and a bottle of.....;Ho ho ho, et une bouteille de...;;;Ho ho ho y una botella de...;;;;;;;;;x
EVTTITLEwikid.201;Victory!;Victoire !;;;!Victoria!;;;;;;;;;x
EVTDESCwikid.201;Your ship fired its cannons at the pirate ship, the pirate ship fired its cannons at you, then you fired your cannons at the pirate ship and it fired its cannons back at you. This went on for a while but then the pirate ship was sunk.;Votre bateau engage le navire pirate. Les deux équipages lancent des traits et de nombreux hommes perdent la vie d'un côté comme de l'autre. Le combat dure depuis plusieurs minutes lorsque vous parvenez enfin à faire charger la grande baliste placée à la proue du navire. Vous faites feu, vous entendez un grand craquement puis des cris. Vous avez coulé le bateau ennemi !;;;Tu barco se enfrenta al barco pirata. Ambas tripulaciones lanzan disparos y muchos hombres pierden la vida en ambos lados. La pelea dura varios minutos cuando finalmente logras cargar el gran cañon colocada en la proa del barco. Disparas, oyes un fuerte crujido y gritos. ¡Has hundido al barco enemigo!;;;;;;;;;x
EVTOPTAwikid.201;Proceed onwards!;Poursuivez-les !;;;!Desplieguar velas!;;;;;;;;;x
EVTOPTBwikid.201;Hug your ships mainsail and proceed;Déployez la grand-voile et poursuivez-les !;;;¡Despliegue la vela mayor y continúe!;;;;;;;;;x
EVTTITLEwikid.21;Drakarys;Dracarys !;;;;;;;;;;;;x
EVTDESCwikid.21;You lept atop your dragon, and bathed the pirate ship in fire from the air, avoiding all arrows and crossbow bolts aimed in your direction. The pirates burned alive and the ship is now nothing but charred wood at the bottom of the sea.;Votre dragon a bien travaillé, volant autour du navire ennemi, évitant les flèches et carreaux ennemies, frôlant son mât à plusieurs reprises avant de déverser une pluie de feu sur l'équipage. Les pirates ont brûlé vif et le navire n'est plus qu'un amas de cendres et de bois calcinés au fond des mers;;;Usted saltó sobre su dragón, y bañó al barco pirata en fuego desde el aire, evitando todas las flechas y los pernos de ballesta apuntando en su dirección. Los piratas fueron quemados vivos y el barco ahora no es más que madera chamuscada en el fondo del mar.;;;;;;;;;x
EVTOPTAwikid.21;*You smirk*;Vous souriez, satisfait.;;;* Sonríes *;;;;;;;;;x
EVTTITLEwikid.22;Through the Fire and the Flames;Par le feu et les flammes.;;;Thoros: Señor de la Luz, vela por nosotros;;;;;;;;;x
EVTDESCwikid.22;You close your eyes and ask for the lord of light's help. The second you open them the pirate ship explodes. The smell of burnt flesh and burning wood is all that remains of the pirates;Vous fermez les yeux et implorez l'aide du Maître de la Lumière. Au moment même où vous les rouvrez le navire pirate explose dans une gerbe de feu. L'odeur de chair et de bois brûlés est tout ce qui reste des pirates.;;;Cierras los ojos y pides ayuda al señor de luz. En el momento en que abres los ojos el barco pirata explota. El olor a carne quemada y madera quemada es todo lo que queda de los piratas;;;;;;;;;x
EVTOPTAwikid.22;The night is dark and full of terrors;La nuit est sombre et pleine de terreur.;;;La noche es oscura y alberga cosas aterradoras.;;;;;;;;;x
EVTTITLEwikid.23;Killer Whale;Baleine tueuse;;;Ballena asesina;;;;;;;;;x
EVTDESCwikid.23;On command your whale suddenly emerges from the water and slams into the side of the pirate ship, causing it to capsize and sink.;Sur votre ordre, votre baleine surgit des flots et percute avec violence la coque du navire pirate, créant une brèche qui fait couler le bateau.;;;A su orden, su ballena se levanta de las olas y golpea violentamente el casco del barco pirata, creando una brecha que hace que el bote se hunda.;;;;;;;;;x
EVTOPTAwikid.23;Good work whale;Bien joué baleine !;;;!Buen trabajo ballena!;;;;;;;;;x
EVTTITLEwikid.24;Killer Sea Lion;Otarie tueuse;;;León marino asesino;;;;;;;;;x
EVTDESCwikid.24;Your sea lion cunningly punches many holes in the hull of the pirate ship. They are unable to stem the flood of water into their ship, and eventually sink.;Votre otarie parvient à creuser plusieurs trous dans la coque du navire pirate. Ils n'arrivent pas à colmater les brèches et finalement, ils coulent.;;;Su león marino golpea astutamente muchos agujeros en el casco del barco pirata. El león marino logra cavar varios agujeros en el casco del barco pirata. No pueden cerrar las brechas y finalmente se hunden;;;;;;;;;x
EVTOPTAwikid.24;Good work Sea Lion;Bien joué !;;;!Buen trabajo león marino!;;;;;;;;;x
EVTTITLEwikid.25;A Dance with Pirates;Une danse avec les pirates;;;Un baile con los piratas;;;;;;;;;x
EVTDESCwikid.25;You signal the pirate ship to approach, draw alongside and begin a parley with the captain of the pirate ship.;Vous demandez au bateau de pirate d'approcher grâce à vos signaux. Vous voulez parlementer.;;;Le indicas al barco pirata que se acerque, a través de sus señales. Quieres hablar.;;;;;;;;;x
EVTOPTAwikid.25;I am [Root.GetFirstName] of House [Root.GetOnlyDynastyName], you had best leave now;Intimider - Je suis [Root.GetFirstName] de la maison [Root.GetOnlyDynastyName]. Vous feriez mieux de déguerpir, maintenant.;;;Soy [Root.GetFirstName] de la Casa [Root.GetOnlyDynastyName], es mejor que te vayas ahora;;;;;;;;;x
EVTOPTBwikid.25;I am no merchant to plunder, take this tribute and be gone;Corrompre - Je ne suis pas un marchand à qui on fait les poches… prenez ces dragons d'or et partez.;;;No soy un mercader para saquear, toma este tributo y dejame irme;;;;;;;;;x
EVTOPTCwikid.25;Launch a surprise attack!;Attaque surprise - En garde !;;;¡Lanza un ataque sorpresa!;;;;;;;;;x
EVTOPTDwikid.25;Oh you are so great at pirating, please don't hurt me!;Flatter - Vous êtes sûrement les plus fiers et courageux pirates que je n'ai jamais vu. Je suis sûr que vous êtes aussi des hommes miséricordieux…;;;Eres el pirata más orgulloso y valiente que he visto en mi vida. Estoy seguro de que tú también eres un hombre misericordioso;;;;;;;;;x
EVTDESCwikid.26;A battle with the pirates begin, you and [wikid_companion.GetFirstName] draw swords....;Une bataille contre les pirates commence, vous et [wikid_companion.GetFirstName] dégainez vos armes.;;;Comienza una batalla con los piratas, tú y [wikid_companion.GetFirstName] enfrentamos espadas...;;;;;;;;;x
EVTOPTAwikid.26;I will fight this pirate captain;Je vais affronter ce capitaine pirate.;;;Lucharé contra el capitán pirata;;;;;;;;;x
EVTOPTBwikid.26;[wikid_companion.GetFirstName], take the captain!;[wikid_companion.GetFirstName], va affronter ce capitaine pirate !;;;![wikid_companion.GetFirstName], enfrenta al capitán!;;;;;;;;;x
TOOLTIPwikid.27;You duel [This.GetTitledFirstName];Vous vous battez en duel avec [This.GetTitledFirstName];;;Te enfrentas a [This.GetTitledFirstName];;;;;;;;;x
TOOLTIPwikid.27B;[wikid_companion.GetFirstName] duels [This.GetTitledFirstName];[wikid_companion.GetFirstName] se bat en duel avec [This.GetTitledFirstName];;;[wikid_companion.GetFirstName] lucha un duelo con [This.GetTitledFirstName];;;;;;;;;x
EVTDESCwikid.27;Event 27 - AI Pirate initiates;Evénement 27 - AI - le pirate commence;;;Evento 27 - AI - el pirata comienza;;;;;;;;;x
EVTOPTAwikid.27;AI - Pirate 1 v player;AI - Pirate 1  contre Joueur;;;AI - 1 Pirata vs Jugador;;;;;;;;;x
EVTOPTBwikid.27;AI - Pirate 1 v companion;AI - Pirate 1 contre compagnon;;;AI - 1 Pirata vs compañero;;;;;;;;;x
EVTDESCwikid.28;AI - companion begins duel;AI - le compagnon commence le duel;;;AI - Compañero comienza duelo;;;;;;;;;x
EVTOPTAwikid.28;AI - companion v pirate1;AI - Compagnon contre Pirate 1;;;AI - Compañero contra 1 pirata;;;;;;;;;x
EVTDESCwikid.29;AI - pirate begins vs companion;AI - pirate begins vs le companion;;;AI - Comienza pirata vs contra compañero;;;;;;;;;x
EVTOPTAwikid.29;Ai- as above;AI - comme ci-dessus;;;Ai- como arriba;;;;;;;;;x
EVTDESCwikid.30;[wikid_companion.GetFirstName] fought bravely against the pirates, taking on the captain in single combat...;[wikid_companion.GetFirstName] s'est battu avec bravoure contre les pirates, il a rencontré le capitaine en combat singulier…;;;[wikid_companion.GetFirstName] luchó valientemente contra los piratas, gano al capitán en combate singular...;;;;;;;;;x
EVTOPTAwikid.30;But alas [wikid_companion.GetSheHe] died!;...mais [wikid_companion.GetSheHe] a malheureusement trouvé la mort.;;;Pero por desgracia [wikid_companion.GetSheHe] murió.;;;;;;;;;x
EVTOPTAwikid.30;and [wikid_companion.GetSheHe] won unscathed!;...mais [wikid_companion.GetSheHe] a malheureusement trouvé la mort.;;;Y [wikid_companion.GetSheHe] ganó ileso!;;;;;;;;;x
EVTOPTBwikid.30;and [wikid_companion.GetSheHe] defeated the captain, but was wounded;...et [wikid_companion.GetSheHe] a réussi à les battre, mais a été blessé(e).;;;Y [wizkid companion.GetSheEt] derrotó al capitán, pero fue herido.;;;;;;;;;x
EVTOPTCwikid.30;and [wikid_companion.GetSheHe] defeated the captain, but was maimed;...et [wikid_companion.GetSheHe] a réussi à les battre, mais a été estropié(e).;;;Y [wikid_companion.GetSheHe] derrotó al capitán, pero fue mutilado.;;;;;;;;;x
EVTDESCwikid.31;The battle is over, you have won! Search the deck for any other enemies.;Le combat est terminé et vous avez vaincu ! Cherchez sur le pont d'autres ennemis à affronter.;;;La batalla ha terminado, ¡has ganado! Buscas en la cofa a cualquier otro enemigo.;;;;;;;;;x
EVTOPTAwikid.31;Attack the pirate who killed your companion;Attaquer le pirate qui a tué votre compagnon(e).;;;Ataca al pirata que mató a tu compañero;;;;;;;;;x
EVTOPTBwikid.31;All enemies are defeated and you sail onwards;Tous vos ennemis ont été défaits et vous pouvez repartir.;;;Todos los enemigos son derrotados y puedes irte.;;;;;;;;;x
EVTTITLEwikid.32;The Pirates Defeated;Les pirates ont été défaits;;;Los piratas han sido derrotados;;;;;;;;;x
EVTDESCwikid.32;The pirate threat has been dealt with, the defeat of their captain caused them to flee back onto their ship and sail away. It is now time to continue on our way.;La menace pirate a été écartée, la défaite de leur capitaine les a fait fuir. Vous continuez votre voyage.;;;La amenaza pirata se ha solucionado, la derrota de su capitán hizo que huyeran a su barco y navegaran. Ahora es el momento de continuar nuestro camino.;;;;;;;;;x
EVTOPTAwikid.32;Shiver me timbers;Que mes membrures se fissurent.;;;La madera tiembla.;;;;;;;;;x
EVTTITLEwikid.33;A Storm of Water;Une tempête d'eau;;;Una tormenta de agua;;;;;;;;;x
EVTDESCwikid.33;Storms are common this time of year, so it wasn't entirely unexpected to be caught amidst one, but this was different. It arose suddenly and took your ship with a vengeance. The vessel groaned in protest as it was violently rocked back and forth by the waves, crew members being flung like ragdolls by the fury of the sea. A loud CRACK rips through the wailing of the storm, and you look up to see the center mast toppling down upon your head, knocking you out.;Les tempêtes sont fréquentes à cette époque de l'année, donc vous n'avez pas été surpris d'en subir une. Mais celle-ci était différente. La force des vents était impressionnante et la mer était déchaînée. Le navire gémissait tandis que les vagues le bousculaient de tout côté. Nombre de membres de l'équipage passèrent par-dessus bord. Un terrible craquement finit par se faire entendre et c'est avec horreur que vous avez vu le mât se détacher et tomber sur vous...;;;Las tormentas son comunes en esta época del año, por lo que no era del todo inesperado atrapar una. Pero esta era diferente. La fuerza del viento fue impresionante y el mar se desató. El barco gimió cuando las olas lo empujaron por todos lados. Muchos de los miembros de la tripulación fueron arrojados por la borda. Se oye un terrible crujido ves con horror que el mástil se desprendió cayendo sobre tu cabeza, noqueándote...;;;;;;;;;x
EVTOPTAwikid.33;You yell generic sailing instructions!;Vous donnez des instructions aux marins, criant à en perdre la voix.;;;¡Gritas instrucciones de navegación genéricas!;;;;;;;;;x
EVTTITLEwikid.34;The Riddle;L'énigme.;;;El enigma.;;;;;;;;;x
EVTDESCwikid.34;A mural on the corridor depicts...\n\nNear a tree by a river there's a hole in the ground,\nSeven direwolves fight five dogs while two eagles fly around and around.\nSix direwolves died while killing the five dogs in the veil of the night\nWhile one eagle was killed by a crow in a terrible fight\n\nBelow each section of the mural the following text appears...\nI got time to kill, dly looks in corridors,\nWithout a plan of yours.\nA blackbird sings on bluebird hill,\nThanks to the calling of the wild, wise man's child.;Une peinture murale dans le couloir dépeint...\n\nPrès d'un arbre au bord d'une rivière se trouve un trou creusé dans le sol,\n7 loup-garous se battent avec 5 chiens tandis que 2 aigles les survolent.\n6 loup-garous meurent en tuant 5 chiens dans le voile de la nuit.\nTandis qu'un aigle est tué par une corneille dans un combat épouvantable.\n\nEntre chaque peinture murale on peut lire le texte suivant...\nJ'ai du temps à tuer, des regards rusés dans le couloir,\nSans un plan pour les vôtres.\nUn oiseau noir chante sur une colline d'oiseau bleu,\nMerci pour l'appel de la nature, sage fils des hommes.;;;Un mural en el pasillo representa...\n\nCerca de un árbol junto a un río hay un agujero en el suelo,\nSiete lobos huargo luchan contra cinco perros mientras dos águilas vuelan alrededor.\nSeis lobos huargo murieron mientras mataban a los cinco perros en el velo de la noche\nMientras que un águila fue asesinado por un cuervo en una pelea terriblen\nDebajo de cada sección del mural, aparece el siguiente texto...\nTengo tiempo para matar, mirad por los pasillos,\nSin un plan para los suyos.\nUn pájaro negro canta en una colina de pájaro azul,\nGracias por la llamada de la naturaleza, sabio hijo de los hombres.;;;;;;;;;x
EVTDESCwikid.341;A mural on the corridor depicts...\n\nNear a tree by a river there's a hole in the ground,\nFive direwolves fight seven dogs while two crows fly around and around.\nSix dogs died while killing the five direwolves in the veil of the night\nWhile one crow was killed by an eagle in a terrible fight\n\nBelow each section of the mural the following text appears...\nI got time to kill, sly looks in corridors,\nWithout a plan of yours.\nA blackbird sings on bluebird hill,\nThanks to the calling of the wild, wise man's child.;Une peinture murale dans le couloir dépeint...\n\nPrès d'un arbre au bord d'une rivière se trouve un trou creusé dans le sol,\n5 loup-garous se battent avec 7 chiens tandis que 2 corneilles les survolent.\n6 chiens meurent en tuant 5 loup-garous dans le voile de la nuit.\nTandis qu'une corneille est tuée par un aigle dans un combat épouvantable.\n\nEntre chaque peinture murale on peut lire le texte suivant...\nJ'ai du temps à tuer, des regards rusés dans le couloir,\nSans un plan pour les vôtres.\nUn oiseau noir chante sur une colline d'oiseau bleu,\nMerci pour l'appel de la nature, sage fils des hommes.;;;Un mural en el pasillo representa...\n\nCerca de un árbol junto a un río hay un agujero en el suelo,\nSiete lobos huargo luchan contra siete perros mientras dos cuervos vuelan alrededor.\nSeis perros murieron mientras mataban cinco lobos huargo en el velo de la noche\nMientras que un cuervo fue asesinado por un águila en una pelea terriblen\nDebajo de cada sección del mural, aparece el siguiente texto...\nTengo tiempo para matar, mirad por los pasillos,\nSin un plan para los suyos.\nUn pájaro negro canta en una colina de pájaro azul,\nGracias por la llamada de la naturaleza, sabio hijo de los hombres.;;;;;;;;;x
EVTDESCwikid.342;A mural on the corridor depicts...\n\nNear a tree by a river there's a hole in the ground,\nOne crow and four proud eagles fly around and around.\nA lone direwolf appears in the veil of the night\nWhile all eagles were killed by a dog in a terrible fight.\n\nBelow each section of the mural the following text appears...\nI got time to kill, sly looks in corridors,\nWithout a plan of yours.\nA blackbird sings on bluebird hill,\nThanks to the calling of the wild, wise man's child.;Une peinture murale dans le couloir dépeint...\n\nPrès d'un arbre au bord d'une rivière se trouve un trou creusé dans le sol,\n1 corneille et 4 fiers aigles volent dans le ciel.\nUn loup-garou solitaire apparait dans le voile de la nuit.\nTandis que tous les aigles sont tués par un chien dans un combat épouvantable.\n\nEntre chaque peinture murale on peut lire le texte suivant...\nJ'ai du temps à tuer, des regards rusés dans le couloir,\nSans un plan pour les vôtres.\nUn oiseau noir chante sur une colline d'oiseau bleu,\nMerci pour l'appel de la nature, sage fils des hommes.;;;Un mural en el pasillo representa...\n\nCerca de un árbol junto a un río hay un agujero en el suelo,\nUn cuervo y cuatro águilas orgullosas vuelan alrededor.\nUn solitario lobo huargo aparece en el velo de la noche\nMientras todas las águilas fueron asesinadas por un perro en una terrible pelea.n\nDebajo de cada sección del mural, aparece el siguiente texto...\nTengo tiempo para matar, mirad por los pasillos,\nSin un plan para los suyos.\nUn pájaro negro canta en una colina de pájaro azul,\nGracias por la llamada de la naturaleza, sabio hijo de los hombres.;;;;;;;;;x
EVTOPTAwikid.34;This seems important, I'll look at it closely before proceeding.;Cela semble intéressant, je vais examiner ça de plus prêt.;;;Esto parece importante, lo analizaré detenidamente antes de proceder.;;;;;;;;;x
EVTDESCwikid.35;A stone door closes behind you. Infront of you there is a lever with three rotating pillars. Each pillar has four pictures that look suprizingly similar to the mural you looked at in the corridor. A loud mechanical screeching noise begins to fill the room, with such tenacity it seems to disturb your equlibrium. It's quite painful.;Une porte de pierre se ferme derrière vous. Devant vous se tient un levier avec trois piliers rotatifs. Chaque pilier a quatre images qui ressemblent étrangement aux peintures murales que vous avez vues dans le couloir. Un bruit mécanique assourdissant commence à emplir la pièce, tellement fort que vous en perdez l'équilibre. C'est très douloureux.;;;Una puerta de piedra se cierra detrás de ti. Delante de usted se encuentra una palanca con tres pilares giratorios. Cada pilar tiene cuatro imágenes que se parecen sospechosamente a los murales que viste en el pasillo. Un ruido mecánico ensordecedor comienza a llenar la habitación, tanto que pierdes el equilibrio. Es muy doloroso.;;;;;;;;;x
EVTOPTAwikid.35;Rotate Pillar One;Faire tourner le premier pilier.;;;Gire el pilar Uno;;;;;;;;;x
EVTOPTBwikid.35;Rotate Pillar Two;Faire tourner le deuxième pilier.;;;Gire el Pilar Dos;;;;;;;;;x
EVTOPTCwikid.35;Rotate Pillar Three;Faire tourner le troisième pilier.;;;Gire el Pilar Tres;;;;;;;;;x
EVTOPTDwikid.35;Activate the lever;Actionner le levier.;;;Activar la palanca;;;;;;;;;x
EVTTITLEwikid.36;Maximun Pain;Souffrance maximale.;;;Máximo dolor;;;;;;;;;x
EVTDESCwikid.361;NA;Nan;;;Nada;;;;;;;;;x
EVTOPTAwikid.361;ignore;Ignorer;;;Desconocido;;;;;;;;;x
EVTOPTAwikid.361;ignore;Ignorer;;;Desconocido;;;;;;;;;x
EVTDESCwikid.36;The lever resets and you hear a feint clicking of cogs that get louder and louder. The room shakes and blood begins to trickle from your eyes, nose and ears. You body is telling you that you are in pain.;Le levier revient à sa position initiale, le bruit s'amplifie, devenant de plus en plus désagréable. La pièce se met à trembler et du sang commence à vous sortir par les yeux, les oreilles et le nez. Vous souffrez terriblement.;;;La palanca se reinicia y escuchas un chasquido de engranajes que se hacen cada vez más fuertes. La habitación tiembla y la sangre comienza a gotear de tus ojos, nariz y oídos. Tu cuerpo te está diciendo que estás sufriendo.;;;;;;;;;x
EVTOPTAwikid.36;The pain stops and the wall behind the lever rolls open;La douleur s'arrête et le mur derrière le levier s'ouvre.;;;El dolor se detiene y la pared detrás de la palanca se abre.;;;;;;;;;x
EVTOPTBwikid.36;The pain continues, it is maddening!;La douleur continue, c'est insupportable !;;;El dolor continúa, es enloquecedor!;;;;;;;;;x
EVTTITLEwikid.37;The Journey's End;La fin du voyage;;;El final del viaje;;;;;;;;;x
EVTDESCwikid.37;There is an eleborate looking vault with a giant chest in the middle surrounded by piles of gold. You move towards it as you can see a blade made of Valyrian Steel! [wikid_companion.GetFirstName] grabs you by the arm and says 'Wait! I need to talk to you.';Vous pénétrez dans une grande pièce où se trouve toute sorte de trésors, des montagnes de pièces d'or ainsi qu'un grand coffre. Vous ouvrez ce dernier et découvrez une épée en acier valyrien ! [wikid_companion.GetFirstName] vous arrête au moment où vous alliez vous en emparer. 'Attendez ! Je dois vous parler.';;;Entras en una habitación grande donde hay todo tipo de tesoros, montañas de monedas de oro y un cofre grande. ¡Lo abres y descubres una espada de acero Valyrio! [wikid_companion.GetFirstName] te detiene cuando la levantas y dice !Espera!..!Tengo que hablar contigo!.;;;;;;;;;x
EVTOPTAwikid.37;Take the sword from the chest!;Prendre l'épée en acier valyrien !;;;¡Coge la espada del cofre!;;;;;;;;;x
EVTOPTBwikid.37;Listen to [wikid_companion.GetHerHim];Ecouter [wikid_companion.GetFirstName];;;Escucha a [wikid_companion.GetHerHim];;;;;;;;;x
EVTDESCwikid.38;I remember the night we spent together in my cabin on the ship...;Je me rappelle la nuit que nous avons passée ensemble…;;;Recuerdo la noche que pasamos juntos;;;;;;;;;x
EVTOPTAwikid.38;It was magical!;C'était magique !;;;!Fue mágico!;;;;;;;;;x
EVTOPTBwikid.38;I cant believe you did that to me!;Je ne comprends pas comment vous avez pu me faire ça, à moi !;;;¡No puedo creer que me hayas hecho eso!;;;;;;;;;x
EVTOPTCwikid.38;You read books instead of keeping me company;Vous avez lu ces sales bouquins au lieu de me tenir compagnie.;;;Has leído estos sucios libros en vez de hacerme compañía;;;;;;;;;x
EVTDESCwikid.39;AI - Scope Adjustment;AI - Ajustement du périmètre;;;AI - Ajuste del perímetro;;;;;;;;;x
EVTOPTAwikid.39;AI - as above;AI - comme ci-dessus;;;AI - como arriba;;;;;;;;;x
EVTDESCwikid.40;While on the boat together I remember our duel on the boat...;Je me rappelle notre duel sur le bateau…;;;Recuerdo nuestro duelo en el barco;;;;;;;;;x
EVTOPTAwikid.40;You are a great warrior and I have much to learn from you.;Vous êtes un grand guerrier et j'ai beaucoup à apprendre de vous.;;;Eres un gran guerrero y tengo mucho que aprender de ti.;;;;;;;;;x
EVTOPTBwikid.40;I beat you in that duel, are you worthy to claim this sword?;Je vous ai battu, êtes-vous vraiment digne de manier cette épée ?;;;Te vencí en ese duelo, ¿eres digno de reclamar esta espada?;;;;;;;;;x
EVTOPTCwikid.40;You read books instead of training;Vous avez lu des livres au lieu de vous entrainer.;;;Lees libros en lugar de entrenar;;;;;;;;;x
EVTDESCwikid.41;While on the boat together I remember our game of cyvasse...;Je me rappelle de notre partie de cyvosse…;;;Mientras estaba en el barco, recuerdo mi juego de Sitrang...;;;;;;;;;x
EVTOPTAwikid.41;You beat me with superior stratergy. You are indeed wise.;Vous m'avez battu grâce à vos talents de stratège. Vous êtes quelqu'un de sage.;;;Me ganaste gracias a tus habilidades de estrategia. Eres una persona sabia;;;;;;;;;x
EVTOPTBwikid.41;You made rash decisions and many tactical errors while playing.;Vous avez pris de très mauvaises décisions et fait de nombreuses erreurs tactiques lors de cette partie. ;;;Tomó decisiones imprudentes y muchos errores tácticos mientras jugaba.;;;;;;;;;x
EVTOPTCwikid.41;You read during the trip, knowlege is power.;Vous avez beaucoup lu durant ce travail. Le savoir c'est le pouvoir.;;;Usted leyó mucho durante este viaje. El conocimiento es poder;;;;;;;;;x
EVTDESCwikid.42;You set sail on this journey knowing of the dangers and cleverly brought a sailor...;Vous avez pris le large, sachant pertinemment que ce voyage serait dangereux. Vous avez intelligemment  engagé un marin…;;;Despegaste, sabiendo muy bien que este viaje sería peligroso. Y contrataste inteligentemente a un marinero.;;;;;;;;;x
EVTOPTAwikid.42;and even the magnificant ship your built couldn't stop the storm.;et même votre magnifique navire de guerre n'a pu vaincre la tempête.;;;e incluso la gran nave que construyó no pudo detener la tormenta.;;;;;;;;;x
EVTOPTAwikid.42;but you put us at risk with your niggardly ship choice.;et même votre magnifique navire de guerre n'a pu vaincre la tempête.;;;pero usted nos pone en riesgo con su elección de barco insignificante.;;;;;;;;;x
EVTDESCwikid.43;When pirates attacked I remember that you...;Lorsque les pirates ont attaqué je me rappelle que vous…;;;Cuando los piratas atacaron, recuerdo que tú...;;;;;;;;;x
EVTOPTAwikid.43;Cleverly used a large ship to destroy the pirates.;avez utilisé avec habilité les capacités de votre navire pour les battre.;;;Ha utilizado hábilmente las capacidades de su nave para vencerlos.;;;;;;;;;x
EVTOPTBwikid.43;Risked our lives fighting a pirate ship with a medium ship.;avez risqué nos vies en engageant un bateau pirate avec un simple cogue.;;;Arriesgamos nuestras vidas luchando contra un barco pirata con un barco mediano.;;;;;;;;;x
EVTOPTCwikid.43;Tried to defeat pirates with a small ship.;avez essayé de battre les pirates avec un petit bateau.;;;;;;;;;;;;x
EVTOPTDwikid.43;Used your mighty dragon to burn our enemies!;avez utilisé votre puissant dragon pour brûler nos ennemis !;;;¡Usaste tu poderoso dragón para quemar a nuestros enemigos!;;;;;;;;;x
EVTOPTEwikid.43;Used your whale to defeat our enemies!;avez utilisé votre baleine pour battre nos ennemis !;;;!Usaste tu ballena para derrotar a nuestros enemigos!;;;;;;;;;x
EVTOPTFwikid.43;Used your Sea Lion to defeat our enemies;avez utilisé votre otarie pour battre nos ennemis !;;;!Usaste tu león marino para vencer a nuestros enemigos!;;;;;;;;;x
EVTOPTGwikid.43;Asked the Lord of Light for help and he answered.;avez demandé de l'aide au Maître de la Lumière et il vous a répondu.;;;Preguntó al Señor de Luz por ayuda y él respondió.;;;;;;;;;x
EVTOPTHwikid.43;Outwitted the pirates, as smart as Lann the Clever.;les avez roulés, tel Lann le Futé.;;;Supero a los piratas, tan inteligente como Lann el Astuto.;;;;;;;;;x
EVTOPTIwikid.43;Valued our lives more than money;avez estimé nos vies plus importantes que l'argent.;;;He valorado nuestras vidas más que el dinero;;;;;;;;;x
EVTOPTJwikid.43;tried to flatter the pirates and failed miserably.;avez essayé de flatter ces pirates mais avez échoué misérablement.;;;Trató de halagar a los piratas y falló miserablemente.;;;;;;;;;x
EVTOPTKwikid.43;Tried to flee by beating pirates at naval maneuvering.;avez essayé de leur échapper en les distançant grâce à des manœuvres audacieuses.;;;Intentó huir derrotando a piratas en maniobras navales.;;;;;;;;;x
EVTOPTLwikid.43;Pretended you wanted to talk then attacked them.;avez prétendu vouloir parlementer avant de les attaquer.;;;Fingió que quería hablar y luego atacó.;;;;;;;;;x
EVTOPTMwikid.43;We fought bravely and I was unscathed!;Nous nous sommes battus avec bravoure et avons vaincu !;;;¡Luchamos con valentía y ganamos!;;;;;;;;;x
EVTOPTNwikid.43;We fought together but I was wounded.;Nous nous sommes battus ensemble mais j'ai été blessé(e).;;;Luchamos juntos, pero fui herido.;;;;;;;;;x
EVTOPTOwikid.43;We fought together but I was maimed.;Nous nous sommes battus ensemble mais j'ai été estropié(e).;;;Luchamos juntos pero fui mutilado.;;;;;;;;;x
EVTOPTPwikid.43;You fought the pirates and won.;Nous avons affronté les pirates, et nous avons vaincu.;;;Luchó contra los piratas y ganó.;;;;;;;;;x
EVTDESCwikid.44;When we arrived on the island I remember that you...;Lorsque nous sommes arrivés sur l'île, je me rappelle que vous…;;;Cuando llegamos a la isla, recuerdo que tú..;;;;;;;;;x
EVTOPTAwikid.44;You got me wounded while trying to escape!;Vous m'avez blessé(e) en tentant de vous échapper !;;;¡Me heriste al intentar escapar!;;;;;;;;;x
EVTOPTBwikid.44;You got me maimed while trying to escape!;Vous m'avez estropié(e) en tentant de vous échapper !;;;¡Me has mutilado mientras intentabas escapar!;;;;;;;;;x
EVTOPTCwikid.44;Your plan to escape was brilliant!;Vous avez trouvé un plan parfait pour vous échapper !;;;¡Tu plan para escapar fue brillante!;;;;;;;;;x
EVTOPTDwikid.44;You were very concerned with my life while on the island.;Vous vous inquiétiez beaucoup pour ma vie lorsque nous étions sur cette île.;;;Estabas muy preocupado por mi vida mientras estaba en la isla.;;;;;;;;;x
EVTOPTEwikid.44;I felt you did not care about my life.;Vous sembliez ne pas vous soucier de mon état ou même de ma vie.;;;Parece que no te importa mi condición o incluso mi vida.;;;;;;;;;x
EVTDESCwikid.45;AI-Based on all these things I have decided..;AI - Basé sur toutes les choses que j'ai décidées …;;;AI - Basado en todas las cosas que decidí...;;;;;;;;;x
EVTOPTAwikid.45;AI-You are unworthy and put my life at risk several times.;AI - Vous n'êtes pas fiable et vous avez mis ma vie en danger plusieurs fois.;;;AI: No eres digno y arriesgas mi vida varias veces.;;;;;;;;;x
EVTOPTAwikid.45;AI-That you are a great man and I swear fealty to you.;AI - Vous n'êtes pas fiable et vous avez mis ma vie en danger plusieurs fois.;;;AI: que eres un gran hombre y te juro lealtad.;;;;;;;;;x
EVTDESCwikid.46;I have decided that you are unworthy because of the choices you have made and the way you have treated me.;J'ai décidé que vous êtes une personne indigne à cause de tous les choix que vous avez fait et la façon dont vous m'avez traité. ;;;He decidido que no eres digno debido a las elecciones que has hecho y la forma en que me has tratado.;;;;;;;;;x
EVTOPTAwikid.46;I did not want this!;Je ne veux pas de ça !;;;¡No quería esto!;;;;;;;;;x
EVTTITLEwikid.47;A Sad Day;Une triste journée;;;Un día triste;;;;;;;;;x
EVTDESCwikid.47;You have slain [FromFrom.GetFirstName], foiling [FromFrom.GetHerHis] attempt to steal the sword. You walk over to [FromFrom.GetHerHis] fallen body and pick up the sword at [FromFrom.GetHerHis] side, taking into your house's possession and completing your quest.;Vous avez tué [FromFrom.GetFirstName], réduisant à néant sa tentative de voler l'épée. Vous contourner son corps pour ramasser l'épée tombée à son côté, vous en prenez possession pour votre maison et complétant, par là même, votre quête.;;;Mataste a [FromFrom.GetFirstName], destruyendo su intento de robar la espada. Pasas por alto su cuerpo para recoger la espada que cae a su lado, tomas posesión y te vas a tu hogar y por lo tanto completas, tu búsqueda.;;;;;;;;;x
EVTOPTAwikid.47;Valar Morgulis;Valar Morgulis;;;;;;;;;;;;x
EVTTITLEwikid.48;Friends Forever;Amis pour la vie;;;Amigos para siempre;;;;;;;;;x
EVTDESCwikid.48;[wikid_companion.GetFirstName] falls to [wikid_companion.GetHerHis] knees and swears an oath of fealty, vowing to serve you and your house from this day to the end [wikid_companion.GetHerHis] last day;[FromFrom.GetFirstName] ploie le genou et vous fait vœu d'allégeance envers vous et votre maison pour le reste de sa vie.;;;[wikid_companion.GetFirstName] cae en [wikid_companion.GetHerHis] de rodillas y hace un juramento de lealtad, jurando servirte a ti y a tu casa desde este día hasta el final de sus dias..;;;;;;;;;x
EVTOPTAwikid.48;Rise my friend!;Lève-toi mon ami !;;;¡Levántate, amigo mío!;;;;;;;;;x
EVTTITLEwikid.50;Mission Accomplished;Mission accomplie;;;Misión cumplida;;;;;;;;;x
EVTDESCwikid.50;You walk over to the treasure chest and take out the sword. Your journey has been a success!;Vous retirez l'épée du coffre et la brandissez. Votre voyage est un succès !;;;Caminas hacia el cofre del tesoro y sacas la espada. ¡Tu viaje ha sido un éxito!;;;;;;;;;x
EVTOPTAwikid.50;I AM THE GREATEST!;C'EST MOI LE PATRON !;;;¡SOY EL MEJOR!;;;;;;;;;x
EVTTITLEwikid.51;Home Sweet Home;Enfin de retour !;;;Hogar dulce hogar;;;;;;;;;x
EVTDESCwikid.51;After a long journey with many adventures along the way you have finally arrived home in [Root.Capital.GetName].;Avec un long voyage de retour où vous avez connu de nombreuses aventures, vous êtes enfin arrivé chez vous à [Root.Capital.GetName].;;;Después de un largo viaje con muchas aventuras en el camino, finalmente has llegado a casa en [Root.Capital.GetName].;;;;;;;;;x
EVTDESCwikid.51B;After a long journey to the ruined heart of Valyria you have finally arrived home. Whilst it is now apparent that the ravaged lands of The Freehold are truly uninhabitable, you have acquired much glory and wealth from your perilous voyage into the Doom!;Avec un long voyage de retour où vous avez connu de nombreuses aventures, vous êtes enfin arrivé chez vous à [Root.Capital.GetName].;;;Después de un largo viaje al corazón arruinado de Valyria finalmente has llegado a casa. ¡Mientras que ahora es evidente que las devastadas tierras del Feudo son realmente inhabitables, has adquirido mucha gloria y riqueza con tu peligroso viaje en las tierras de la Maldición de Valyria!.;;;;;;;;;x
EVTOPTAwikid.51;It was too easy!;Un vrai jeu d'enfant !;;;¡Fue un juego de niños!;;;;;;;;;x
EVTDESCwikid.60;You awake on the sandy beaches of a deserted island, your companion had died fighting the pirates and you sailing skills were no match for the storm. On the beach next to you one piece of debris from the ship, a single empty jar.;Vous vous réveillez sur une plage de sable d'une île déserte. Votre compagnon(e) a trouvé la mort en combattant les pirates et vos compétences navales n'étaient pas suffisantes pour échapper à la colère de la tempête. A côté de vous flotte un petit débris du bateau... une jarre vide.;;;Despertaste en las playas arenosas de una isla desierta, tu compañero había muerto luchando contra los piratas y tus habilidades de navegación no podían competir con la tormenta. En la playa, junto a ti, una pieza de escombros del barco, y una jarra vacía.;;;;;;;;;x
EVTTITLEwikid.60;Lost and Alone;Seul au monde;;;Perdido y solo;;;;;;;;;x
EVTDESCwikid.61;Several months have passed by, you have spent your time building a makeshift hut and gathering food. It's awfully lonely.;Plusieurs mois ont passé, vous avez construit une hutte de fortune et tentez de survivre en trouvant de quoi manger. Vous êtes si seul !;;;Han pasado varios meses, has construido una cabaña improvisada y tratas de sobrevivir buscando algo para comer. ¡Estás tan solo!;;;;;;;;;x
EVTTITLEwikid.61;Lost and Alone;Seul au monde;;;Perdido y solo;;;;;;;;;x
EVTOPTAwikid.60;Bring the jar;Prendre la jarre;;;Toma la jarra;;;;;;;;;x
EVTOPTBwikid.60;Leave the jar;Laisser la jarre;;;Deja la jarra;;;;;;;;;x
EVTOPTAwikid.61;Start talking to an imaginary friend;Commencer à discuter avec un ami imaginaire.;;;Comienza a hablar con un amigo imaginario.;;;;;;;;;x
EVTOPTBwikid.61;Paint a face on the jar and call it Fashbinder;Peindre un visage sur la jarre et l'appeler Fashbinder.;;;Pinta una cara en el frasco y llámalo Wilson.;;;;;;;;;x
EVTOPTCwikid.61;Paint a face on the jar and call it Jorda;Peindre un visage sur la jarre et l'appeler Jorda.;;;Pinta una cara en el frasco y llámalo Jorda.;;;;;;;;;x
EVTOPTDwikid.61;Paint a face on the jar and call it Cyricist;Peindre un visage sur la jarre et l'appeler Cyricist;;;Pinta una cara en el frasco y llámalo Cyricist.;;;;;;;;;x
EVTOPTEwikid.61;Paint a face on the jar and call it Umbra;Peindre un visage sur la jarre et l'appeler Umbra.;;;Pinta una cara en el frasco y llámalo Umbra.;;;;;;;;;x
EVTTITLEwikid.62;Fun with Friends;Passer du bon temps avec des amis;;;Pasar un buen rato con tu amigo;;;;;;;;;x
EVTDESCwikid.62;You take your new friend you everywhere, hunting, fishing, cooking and to bed with you. The two of you have such fun together you forget about life back home and would be content living here for the rest of your days. \n\nOne day while hunting a pig, your friend falls down a hole that is so deep you don't even hear a thud.;Vous emmenez votre ami partout avec vous, à la chasse, à la pêche, lorsque vous cuisinez ou dormez. Vous vous amusez tellement avec lui que vous oubliez votre vie d'avant et vous estimerez heureux de vivre ainsi jusqu'à la fin de votre vie. \n\nUn jour, alors que vous chassez un cochon, votre ami tombe dans un trou si profond que vous n'entendez même pas le bruit de sa chute.;;;Lleva a tu nuevo amigo a todas partes, a cazar, a pescar, a cocinar y a la cama contigo. Ustedes dos se divierten tanto que se olvidan de la vida en casa y se contentan con vivir aquí el resto de sus días. \n\nUn día mientras caza un cerdo, su amigo se cae por un agujero tan profundo que ni siquiera se oye un ruido sordo;;;;;;;;;x
EVTOPTAwikid.62;I'll save you friend!;Je te sauverai mon ami, quoi qu'il en coûte !;;;¡Te salvaré amigo, cueste lo que cueste!;;;;;;;;;x
EVTOPTBwikid.62;With my best friend gone, my life is not worth living.;Avec mon ami disparu, je n'ai plus de raisons de vivre.;;;Con mi amigo perdido, no tengo ningún motivo para vivir.;;;;;;;;;x
TOOLTIPwikid.63;You leap into the hole...;Vous vous glissez dans le trou…;;;Saltas al hoyo;;;;;;;;;x
EVTTITLEwikid.63;A Dark Corridor;Un sombre couloir;;;Un corredor oscuro;;;;;;;;;x
EVTDESCwikid.63;You fall down the hole but surprisingly are unharmed. The room is small and you can see the outline of a dark square shaped corridor.;Vous vous jetez dans le trou, mais étrangement vous ne vous faites aucun mal en vous réceptionnant. La pièce est petite et vous apercevez les contours sombres d'un couloir.;;;Te arrojas al hoyo, pero extrañamente no te lastimas al caer. La habitación es pequeña y puedes ver los contornos oscuros de un corredor.;;;;;;;;;x
EVTOPTAwikid.63;I will continue onwards.;Je vais continuer par là.;;;Continuaré para adelante.;;;;;;;;;x
EVTTITLEwikid.64;An Unfamiliar Place;Un endroit inconnu;;;Un lugar desconocido;;;;;;;;;x
EVTDESCwikid.64;You throw up what seems to be near half the ocean as you stagger onto the shore. The storm caught you completely off-guard, with your last memories before going overboard being that of your crew desperately hurrying from side to side, trying to get the vessel back on track. You cough again, ridding the last of the water from your lungs, and look around. With the storm still raging on as heavily as ever, you can hardly see beyond arm's length. However, you can make out one thing rather clearly.... a castle, perched on a clifftop overlooking the sea.;Sur la rive, vous vomissez ce qui semble être la moitié de l'océan. La tempête vous a complètement pris au dépourvu. Votre dernier souvenir remonte à quelques secondes avant de passer par-dessus bord, alors que votre équipage tentait toujours de maintenir à flot le navire. Vous recrachez encore une dernière salve d'eau, vidant complètement vos poumons. Autour de vous la tempête fait toujours rage et vous n'arrivez pas à distinguer grand-chose. Cependant vous apercevez clairement une grande silhouette sombre... un château, perché sur une falaise en face de la mer.;;;En la orilla, vomitas lo que parece ser la mitad del océano. La tormenta te tomó por sorpresa. Tu último recuerdo se remonta unos segundos antes de irte por la borda, mientras su tripulación todavía intentaba mantener la nave a flote. Escupías otra corriente de agua, vaciando por completo tus pulmones. A tu alrededor, la tormenta seguía azotando y no podías distinguir mucho. Sin embargo, ves claramente una gran silueta oscura...Un castillo, encaramado en un acantilado frente al mar.;;;;;;;;;x
EVTOPTAwikid.64;I will head up there.;Je vais aller là-bas.;;;Iré allí;;;;;;;;;x
EVTTITLEwikid.65;An Unfamiliar Place;Un endroit inconnu;;;Un lugar desconocido;;;;;;;;;x
EVTDESCwikid.65;On your way up, you hear a familiar voice. '[Root.PrimaryTitle.GetFOA]! [Root.PrimaryTitle.GetFOA]!' Looking around, you see [wikid_companion.GetFirstName] rushing towards you. 'We're lucky to be alive, [Root.GetTitledFirstNameNoRegnal]. I have not found any of the others. They're most likely dead or still lost at sea.' You nod and the two of you continue your way up to the castle. It is unfamiliar to you and there is something about it that unsettles you to the core. As you approach, a hatch swings open on the gate, revealing an old man's face. 'Who are you? What do you want?'.;Sur le chemin vous entendez une voix familière. '[Root.PrimaryTitle.GetFOA]! [Root.PrimaryTitle.GetFOA]!' Regardant autour de vous, vous apercevez [wikid_companion.GetFirstName] qui vient vers vous. 'Nous avons beaucoup de chance d'être en vie, [Root.GetTitledFirstNameNoRegnal]. Je n'ai trouvé aucun des autres. Ils sont probablement morts ou toujours perdus en mer.' Vous hochez de la tête avant de continuer votre chemin vers le château. Il vous est inconnu mais vous ne saurez dire pourquoi, il vous met mal à l'aise. Alors que vous approchez, une petite ouverture à même la porte s'entrouvre, découvrant le visage d'un vieillard. 'Qui êtes-vous ? Que voulez-vous ?';;;"En tu camino hacia arriba, escuchas una voz familiar. '[Root.PrimaryTitle.GetFOA]! [Root.PrimaryTitle.GetFOA]! ' Al mirar a tu alrededor, ves a [wikid_companion.GetFirstName] corriendo hacia usted. 'Tenemos suerte de estar vivos, [Root.GetTitledFirstNameNoRegnal]. No he encontrado ninguno de los otros. Lo más probable es que estén muertos o aún esten perdidos en el mar "". Asientes y los dos continúan su camino hacia el castillo. Es desconocido para ti, pero no sabes por qué, te hace sentir incómodo. Al acercarse, se abre una pequeña abertura en la puerta, que revela el rostro de un anciano '¿Quién eres tú? ¿Qué deseas?'";;;;;;;;;x
EVTOPTAwikid.65;[wikid_companion.GetFirstName] says 'This is [Root.GetFirstName] of House [Root.GetOnlyDynastyName]';[wikid_companion.GetFirstName] dit: 'C'est [Root.GetTitledFirstNameWithDynastyAndTitleNoRegnal] de la maison [Root.GetOnlyDynastyName].';;;[wikid_companion.GetFirstName] dice 'Este es [Root.GetFirstName] de la Casa [Root.GetOnlyDynastyName];;;;;;;;;x
EVTOPTBwikid.65;I am [Root.GetFirstName] of House [Root.GetOnlyDynastyName].;Je suis [Root.GetFirstName] de la maison [Root.GetOnlyDynastyName].;;;Soy [Root.GetFirstName] de la Casa [Root.GetOnlyDynastyName].;;;;;;;;;x
EVTOPTCwikid.65;I am Martin of House Gregor;Je suis Martin de la famille Gregor;;;Soy Martin de la Casa Gregor;;;;;;;;;x
EVTOPTDwikid.65;I am Aurion and this is Ayrmidon;Je m'appelle Chett et voici Grand Tom.;;;Soy Aurion y este es Ayrmidon;;;;;;;;;x
EVTTITLEwikid.66;An Unfamiliar Place;Un endroit inconnu;;;Un lugar desconocido;;;;;;;;;x
EVTDESCwikid.66;The old man says 'My Lord has never been one to turn down a guest, please come inside.' \n\nYou meet with the lord, and he seems like a nice fellow, if perhaps a little odd at times. You talk of your quest to bring glory to your family, and he shares a tale that there might be one in the region. The food they serve is good, and they have a large selection of drinks.;Le vieillard dit : 'Mon seigneur ne refuse jamais l'hospitalité à quiconque'. \n\nVous rencontrez le seigneur, il semble quelqu'un de bien, bien qu'un peu étrange parfois. Vous parlez de votre quête pour ramener gloire et honneur à votre famille et il vous narre un conte selon lequel il y aurait peut-être un trésor dans la région. La nourriture servie est bonne et il y a moult boissons pour l'accompagner.;;;"El anciano dice: ""Mi Señor nunca ha rechazado a un invitado, por favor, entra"".' \n\nTe encuentras con el señor, parece una buena persona, aunque un poco extraño a veces. Usted habla de su búsqueda para devolver la gloria y el honor a su Casa y le cuenta una historia de que puede haber un tesoro en el área. La comida que se sirve es buena y hay muchas bebidas para acompañarla.";;;;;;;;;x
EVTOPTAwikid.66;I'll have some ale from Westeros!;Je prendrai bien une bonne bière de Westeros !;;;¡Tomaré cerveza de Poniente!;;;;;;;;;x
EVTOPTBwikid.66;D'ya have any strong meads from The Free Cities?;N'auriez-vous pas quelque chose d'un peu plus fort ? De l'hydromel des Cités libres peut-être ?;;;¿No tendrías algo un poco más fuerte? ¿Aguamiel de Ciudades Libres quizás?;;;;;;;;;x
EVTOPTCwikid.66;Is that an Arbor gold I see?;Est-ce dw La Treille Auré que je vois là ?;;;¿Eso que veo es Dorado del Rejo?;;;;;;;;;x
EVTOPTDwikid.66;Bring me the finest Dornish wine you have!;Amenez-moi votre meilleur vin de Dorne !;;;¡Tráeme el mejor vino de Dorne que tengas!;;;;;;;;;x
EVTTITLEwikid.67;An Unfamiliar Place;Un endroit inconnu;;;Un lugar desconocido;;;;;;;;;x
EVTDESCwikid.67;The lord comes over, pouring his drink for you himself. You think you see a flickering movement across your glass, but you think nothing of it. The Lord calls for a toast, but as soon as you drink you feel a sharp, bitter taste beyond what you would expect. Mists cloud your vision, and the world starts to spin. At your side, you see [wikid_companion.GetFirstName] collapsing the same way. As you fade away into darkness, you hear the lord, talking to the old man. 'Fools, much like the others. Take them down to the dungeon.';Le lord s'approche de vous et vous sert lui-même. Durant une seconde vous pensez voir quelque chose dans votre verre, mais vous vous rassurez rapidement en vous disant que votre esprit fatigué vous joue des tours. Le lord demande un toast, à votre première gorgée la boisson vous semble étrangement amère. Votre vision se brouille et le monde autour se met à tourner. Juste avant de plonger dans les ténèbres vous avez le temps de voir  [wikid_companion.GetFirstName] s'écrouler à son tour. Vous entendez le lord parler au vieillard, de très loin, comme s'il se trouvait à des lieues de vous. 'Des imbéciles, comme les autres. Faites-les porter jusqu’aux cachots.';;;El Señor se acerca a ti y te sirve el mismo. Por un segundo crees que ves algo en tu copa, pero te tranquilizas rápidamente diciéndote a ti mismo que tu mente cansada y te engaña. El Señor pide un brindis, al primer sorbo, la bebida parece extrañamente amarga. Tu visión se hace borrosa y el mundo gira. Justo antes de zambullirte en la oscuridad tienes tiempo de ver [wikid_companion.GetFirstName] desmoronarse. Oyes que el Señor le habla al anciano desde muy lejos, como si estuviera a kilómetros de ti. 'Tontos, como los demás. Que los lleven a las mazmorras.;;;;;;;;;x
EVTOPTAwikid.67;....;....;;;;;;;;;;;;x
EVTTITLEwikid.68;Imprisoned;Emprisonné;;;Encarcelado;;;;;;;;;x
EVTDESCwikid.68;You regain consciousness and find that you and [wikid_companion.GetFirstName] are locked in a prison cell. You glance at eachother and start to come up with a plan...;Vous reprenez conscience petit à petit. Vous vous trouvez dans une cellule avec [wikid_companion.GetFirstName]. Vous vous regardez l'un l'autre puis hochez la tête d’un air entendu. ;;;Recuperas la conciencia y descubres que tú y [wikid_companion.GetFirstName] están encerrados en una celda de la prisión. Se miran uno al otro y empiezan a pensar en un plan.;;;;;;;;;x
EVTOPTAwikid.68;Enact this plan;Mettre en route ce plan;;;Comience este plan;;;;;;;;;x
CUSTOMTOOLTIPwikidarborgold;[wikid_companion.GetFirstName] has sampled much Arbor Gold in [wikid_companion.GetHerHis] time and realized the drink was poisoned. [wikid_companion.GetSheHeCap] palmed a guards keychain as you were being dragged away and you can use this to escape.;[wikid_companion.GetFirstName] a bu assez de La Treille Auré dans sa vie pour remarquer qu'il était empoisonné. Il a subtilisé une clé du garde pendant que vous étiez transportés jusqu'à la cellule, et vous pouvez l'utiliser pour vous échapper.;;;[wikid_companion.GetFirstName] ha probado mucho Dorado del Rejo en [wikid_companion.GetHerHis] y se dio cuenta de que la bebida estaba envenenada. [wikid_companion.GetSheHeCap] robo un llavero de los guardias mientras te arrastraban y puedes usarlo para escapar.;;;;;;;;;x
CUSTOMTOOLTIPwikiddornish;[wikid_companion.GetFirstName], being a Dornishman like youself, has sampled much Dornish wine and realized the drink was poisoned. [wikid_companion.GetSheHeCap] palmed a guards keychain as you were being dragged away and you can use this to escape.;[wikid_companion.GetFirstName] étant un Dornien comme vous il connaissait assez le vin dornien et les poisons pour se rendre compte qu'il était empoisonné. Il a subtilisé une clé du garde pendant que vous étiez transportés jusqu'à la cellule, et vous pouvez l'utiliser pour vous échapper.;;;[wikid_companion.GetFirstName], siendo un Dorniense como tú, ha probado mucho vino de Dorne y se dio cuenta de que la bebida estaba envenenada. [wikid_companion.GetSheHeCap] robo un llavero de los guardias mientras te arrastraban y puedes usarlo para escapar.;;;;;;;;;x
CUSTOMTOOLTIPwikidnorthmead;[wikid_companion.GetFirstName] has sampled many meads from The Free Cities in [wikid_companion.GetHerHis] time as an adventurer and realized the drink was poisoned. He palmed a guards keychain as you were being dragged away and you can use this to escape.;[wikid_companion.GetFirstName] a bu assez d'hydromel des Cités libres dans sa vie d'aventurier pour remarquer qu'il était empoisonné. Il a subtilisé une clé du garde pendant que vous étiez transportés jusqu'à la cellule, et vous pouvez l'utiliser pour vous échapper.;;;[wikid_companion.GetFirstName] ha tomado  de muchas bebidas de las Ciudades Libres en [wikid_companion.GetHerHis] como aventurero y se dio cuenta de que la bebida estaba envenenada. Él robo un llavero de los guardias mientras te arrastraban y puedes usarlo para escapar.;;;;;;;;;x
CUSTOMTOOLTIPwikidkingsale;[wikid_companion.GetFirstName] has sampled much ale in [wikid_companion.GetHerHis] time as a sailor in the ports of King's Landing and realized the drink was poisoned. [wikid_companion.GetSheHeCap] palmed a guards keychain as you were being dragged away and you can use this to escape.;[wikid_companion.GetFirstName] a bu assez de bière à Port-Réal dans sa vie de marin pour remarquer qu'elle était empoisonnée. Il a subtilisé une clé du garde pendant que vous étiez transportés jusqu'à la cellule, et vous pouvez l'utiliser pour vous échapper.;;;[wikid_companion.GetFirstName] ha tomado muestras de mucha cerveza en [wikid_companion.GetHerHis] como marinero en los puertos de Desembarco del Rey y se dio cuenta de que la bebida estaba envenenada. [wikid_companion.GetSheHeCap] robo un llavero de guardias mientras te arrastraban y puedes usarlo para escapar.;;;;;;;;;x
CUSTOMTOOLTIPwikidoldman;[wikid_companion.GetFirstName] is a very comely [wikid_companion.GetLadLass] and the solitary guard on patrol in the dungeon could be allured by [wikid_companion.GetHerHis] beauty.;[wikid_companion.GetFirstName] est une dame très avenante et le garde solitaire pour être conquis par sa beauté.;;;[wikid_companion.GetFirstName] es muy atractivo y la guardia solitaria de patrulla en el calabozo podría ser atraída por [wikid_companion.GetHerHis] gracias a su belleza.;;;;;;;;;x
CUSTOMTOOLTIPwikidredwyne;You are a Redwyne but you didn't tell them your real name. You noticed something was wrong with the drink even before it was placed infront of you and had plenty of time to hide a dagger in your boot as well as pickpocket a guards keychain.;Vous êtes un Redwyne mais vous ne leur avez pas dit votre véritable nom. Vous avez remarqué que quelque chose ne tournait pas rond avec la boisson avant même qu'on vous tende le verre. Vous avez eu le temps de glisser une dague dans votre botte et de subtiliser une clé à l'un des gardes.;;;Eres un Redwyne pero no les dijiste tu nombre real. Notaste que algo andaba mal con la bebida, incluso antes de que la colocasen delante de ti y tenías tiempo de sobra para esconder una daga en tu bota, así como de robar un llavero de los guardias.;;;;;;;;;x
CUSTOMTOOLTIPwikidfeignillness;The poisoned drink took you by suprize but it appears as though you are wanted alive. Perhaps if [wikid_companion.GetFirstName] was to feign death to lure the guard in, you could subdue him and escape.;La boisson empoisonnée vous a prit par surprise mais il semble qu'ils vous veuillent en vie. Peut-être que si [wikid_companion.GetFirstName] feignait d'être mort(e), auriez-vous une chance d'attirer le garde dans la cellule et de le maîtriser.;;;La bebida envenenada te sorprendió pero parece que te quieren vivo. Tal vez si [wikid_companion.GetFirstName] fuera a fingir la muerte para atraer al guardia, podrías someterlo y escapar.;;;;;;;;;x
EVTTITLEwikid.67;Escape;Un endroit inconnu;;;Escape;;;;;;;;;x
EVTDESCwikid.69;The plan worked! You and [wikid_companion.GetFirstName] find an abandoned passageway in the dungeons, filled with spiderwebs and obviously untouched for hundreds of years. You follow this passage for hours until you reach a dark, square shaped corridor.;Le plan a fonctionné ! Vous et [wikid_companion.GetFirstName] avez trouvé un passage abandonné partant des cachots. Il est sombre et plein de toiles d'araignée. Vous suivez ce passage pendant des heures avant d'atteindre un sombre couloir bien mieux construit.;;;¡El plan funcionó! Tú y [wikid_companion.GetFirstName] encuentran un pasillo abandonado en las mazmorras, lleno de telarañas y obviamente intacto durante cientos de años. Sigue este pasaje durante horas hasta que llegan a un corredor oscuro y de forma cuadrada.;;;;;;;;;x
EVTOPTAwikid.69;I will continue onwards;Je vais continuer par là.;;;Continuaré adelante.;;;;;;;;;x
EVTTITLEwikid.70;Alive!;En vie !;;;¡Viva!;;;;;;;;;x
EVTDESCwikid.70;You awaken with a start, coughing violently, facedown in the sand with the surf lapping at your legs. You get to your knees and take stock of the area around you. No one else seems to be there, you realize with growing panic. Are you the sole survivor? Wait... no, there's a body washing up on shore! It's [wikid_companion.GetFirstName], but [wikid_companion.GetSheHe] is unconscious.;Vous vous réveillez d'un coup, vomissant de l'eau, la tête dans le sable et les jambes caressées par le ressac. Vous vous mettez à genou et jetez un œil autour de vous. Vous réalisez avec horreur qu'il n'y a personne autour de vous. Etes-vous le seul survivant ? Attendez ... non, il y a un corps affalé sur la plage. C'est  [wikid_companion.GetFirstName], inconscient(e).;;;Te despiertas tosiendo violentamente, boca abajo en la arena con  espuma en tus piernas. Te pones de rodillas y haces un balance del área que te rodea. Nadie parece estar por allí, te das cuenta con creciente pánico. ¿Eres el único superviviente? Espera ... ¡No!, hay un cuerpo en la orilla! Es [wikid_companion.GetFirstName], pero [wikid_companion.GetSheHe] está inconsciente.;;;;;;;;;x
EVTOPTAwikid.70;Try to wake them by pressing on their chest and breathing into their lungs;Le souvenir des instructions données par votre mestre durant votre enfance  vous revient. Vous devez appuyer sur son torse et souffler dans sa bouche.;;;Intentas despertarlo presionando sobre su pecho y respirando en sus pulmones.;;;;;;;;;x
EVTOPTBwikid.70;You run over and kick them in the side. 'Get up, you lazy wretch!';Vous courez jusqu'à lui(elle) et lui donnez un coup de pied. 'Réveille-toi, fainéant(e) !';;;Usted corre y los patea en el costado. '¡Levántate, estúpido infeliz!';;;;;;;;;x
EVTDESCwikid.71;You storm through the jungle with [wikid_companion.GetFirstName] trailing behind, struggling to keep up. You mutter continually about the cruelty of [Root.Religion.GetRandomGodName] in ruining your adventure, complaining about the heat in this damnable jungle and how the day just keeps getting worse. So caught up in your own woes, you almost miss [wikid_companion.GetFirstName]'s sudden cry for help. You glance back to see a large snake wrapping itself around your [wikid_companion.GetHerHis] legs, as [wikid_companion.GetSheHe] lies prone on the ground.;Vous traversez la jungle,  [wikid_companion.GetFirstName] derrière vous, tentant de tenir la cadence. Vous ne pouvez vous empêcher de maudire [Root.Religion.GetRandomGodName] pour avoir ruiné votre aventure. Vous vous plaignez de cette foutue jungle, et de ces jours qui s'enchaînent et qui ne vous apportent que plus de malheurs. Tout à vos jurons, vous n'entendez presque pas les appels au secours de votre compagnon(e). Vous vous retournez pour découvrir  [wikid_companion.GetFirstName] attaqué(e) par un serpent qui s'enroule autour de sa jambe.;;;Atraviesas la jungla con [wikid_companion.GetFirstName] detrás, luchando por mantener el ritmo. Murmuras continuamente sobre lo tonto que es [Root.Religion.GetRandomGodName] arruinando tu aventura, quejándote del calor en esta maldita jungla y cómo el día sigue empeorando. Tan atrapado en tus propios problemas, que casi te pierdes, oyes  el grito repentino de [wikid_companion.GetFirstName]  pidiendo ayuda. Miras hacia atrás y ves una gran serpiente envolviendo las piernas de [wikid_companion.GetHerHis].;;;;;;;;;x
EVTTITLEwikid.72;Snakes on an Island;Serpents dans la jungle;;;Serpientes en la jungla;;;;;;;;;x
EVTOPTAwikid.71;You wrestle with the snake with your bare hands;A mains nues, vous tentez de faire lâcher prise au serpent.;;;Luchas con la serpiente con tus manos desnudas.;;;;;;;;;x
EVTOPTBwikid.71;You find a large stick, and take swings at the snake;Vous cherchez autour de vous quelque chose qui pourrait faire office d'arme. Vous trouvez un bâton assez grand pour vous servir d'épée de fortune et vous commencez à frapper le serpent.;;;Buscar algo que podría ser un arma.;;;;;;;;;x
EVTOPTCwikid.71;You laugh mockingly as [wikid_companion.GetFirstName] struggles;Vous vous moquez de [wikid_companion.GetFirstName] et feignez d'être également attaqué par un serpent.;;;Te ríes burlonamente cuando [wikid_companion.GetFirstName] lucha.;;;;;;;;;x
EVTOPTDwikid.71;You take timid swipes at the snake causing it to attack wildly;Vous donnez des coups bien trop timides ce qui ne fait que rendre le serpent plus sauvage encore.;;;Le das golpes demasiados flojos que solo hacen que la serpiente se vuelva más salvaje.;;;;;;;;;x
EVTDESCwikid.72;You manage to free [wikid_companion.GetFirstName] from the jaws of the snake and you carry [wikid_companion.GetHerHim] to a nearby cave. You notice once inside the cave the walls are dark and square, it seems like a man made corridor.;Vous parvenez à libérer [wikid_companion.GetFirstName] de la morsure du serpent et le(a) trainez jusqu'à une petite grotte. A l'intérieur, vous remarquez que les murs sont sombres et taillés, comme si des mains d'hommes avaient creusé un couloir.;;;Logras liberar a [wikid_companion.GetFirstName] de las fauces de la serpiente y llevas a [wikid_companion.GetHerHim] a una cueva cercana. Observas que una vez dentro de la cueva las paredes son oscuras y cuadradas, parece un pasillo hecho por un hombre.;;;;;;;;;x
EVTTITLEwikid.72;Snakes on an Island;Serpents dans la jungle;;;Serpientes en la jungla;;;;;;;;;x
EVTOPTAwikid.72;I will continue onwards;Je vais continuer par là.;;;Continuaré adelante;;;;;;;;;x
EVTDESCwikid.251;Your young [From.GetRootRelation] [From.GetTitledFirstName] has approached you with a request. [From.GetSheHeCap] desires to travel to foreign lands, where [From.GetSheHe] says [From.GetSheHe] will stay for a number of months. This tour will perhaps make [From.GetHerHim] a better [From.GetManWoman], but [From.GetSheHe] needs coin to help [From.GetHerHim] start.;Votre jeune [From.GetRootRelation] [From.GetTitledFirstName] vous approche avec une requête. [From.GetSheHeCap] veut se rendre dans les terres étrangères pour voyager. [From.GetSheHeCap] dit qu'[From.GetSheHe] veut y rester quelques mois. Ce voyage pourrait peut-être en faire un(e) [From.GetManWoman] meilleur(e), mais [From.GetSheHe] a besoin d'argent pour une telle aventure.;;;Su joven [From.GetRootRelation] [From.GetTitledFirstName] lo aborda con una solicitud. [From.GetSheHeCap] quiere viajar a tierras extranjeras para viajar. [From.GetSheHeCap] dice que quiere quedarse por unos meses. Este viaje podría hacer que un mejor [From.GetManWoman], pero necesita dinero para una aventura así.;;;Su joven [From.GetRootRelation] [From.GetTitledFirstName] ha anunciado su deseo de viajar a tierras extranjeras, donde dice que se quedará por un número de meses. [From.GetSheHeCap] ha usado su propia riqueza para fletar un barco, y parte de [Root.Capital.GetName] en los próximos días.;;;;;;x
EVTDESCwikid.251B;Your young [From.GetRootRelation] [From.GetTitledFirstName] has announced [From.GetHerHis] desire to travel to foreign lands, where [From.GetSheHe] says [From.GetSheHe] will stay for a number of months. [From.GetSheHeCap] has used [From.GetHerHis] own wealth to charter a ship, and departs from [Root.Capital.GetName] in the coming days.;Votre jeune [From.GetRootRelation] [From.GetTitledFirstName] a fait part de sa volonté de voyager à l'étranger, où [From.GetSheHe] veut rester quelques mois. [From.GetSheHeCap] a utilisé ses propres fonds pour louer un navire et va quitter [Root.Capital.GetName] dans les prochains jours.;;;Su joven [From.GetRootRelation] [From.GetTitledFirstName] ha expresado su deseo de viajar al extranjero, donde quiere quedarse unos meses. [From.GetSheHeCap] utilizó sus propios fondos para alquilar un barco y abandonará [Root.Capital.GetName] en los próximos días.;;;;;;;;;x
EVTOPTAwikid.251;No, I will not fund this tour;Non, je ne vais pas financer ce voyage.;;;No, no financiaré este viaje;;;;;;;;;x
EVTOPTBwikid.251;I will give you the coin, good luck;Je vais te donner l'argent nécessaire. Bonne chance.;;;Te daré el dinero necesario. Buena suerte;;;;;;;;;x
EVTOPTCwikid.251;I'm sure [From.GetSheHe] will come back a better [From.GetManWoman];Je suis sûr qu'[From.GetSheHe] deviendra un(e) [From.GetManWoman] meilleur(e);;;Estoy seguro de que el se convertirá en un mejor [From.GetManWoman];;;;;;;;;x
EVTOPTDwikid.251;I will not you defiling the [Root.GetOnlyDynastyName] name abroad with your depravity!;Je ne te laisserai pas salir le nom des [Root.GetOnlyDynastyName] à l'étranger avec tes pitreries !;;;!No voy a dejarte profanar el nombre [Root.GetOnlyDynastyName] en el extranjero con tu depravación!;;;;;;;;;x
EVTOPTEwikid.251;I consent, as long as you find yourself a suitable wife;J'y consens, à la condition que tu trouves une femme convenable;;;Estoy de acuerdo, siempre que encuentres una mujer adecuada;;;;;;;;;x
EVTOPTBwikid.293;Good, I will urge [From.GetHerHim] to find a suitable spouse;Bien, je vais lui demander de trouver une épouse convenable;;;Bien, voy a instar a [De.GetHerHim] para encontrar una esposa adecuado;;;;;;;;;x
TOOLTIPwikid.274;Will attempt to find a suitable bride from a foreign realm;va tenter de trouver une épouse convenable à l'étranger;;;Intentará encontrar una esposa adecuada en el extranjero;;;;;;;;;x
EVTDESCwikid.253;After many months sailing foreign seas, your [From.GetRootRelation] [From.GetTitledFirstName] has returned from [From.GetHerHis] tour. [From.GetSheHeCap] apparently acquired a sturdy trading cog, and used [From.GetHerHis] knowledge of trade and coin to ferry goods between towns and cities. By the time of [From.GetHerHis] last voyage from [foreign_realm.Capital.GetName] to [Root.Capital.GetName], the hold of [From.GetHerHis] cog contained an abudance of exotic treasures.;Après de nombreux mois passés à naviguer en eaux étrangères, votre [From.GetRootRelation] [From.GetTitledFirstName] est revenu de son voyage. Apparemment [From.GetSheHe] a fait l'acquisition d'un robuste cogue de commerce et a fait usage de ses connaissances dans l'art du commerce pour transporter des marchandises entre les ports. Son dernier voyage entre [foreign_realm.Capital.GetName] et [Root.Capital.GetName] a laissé ses cales remplies de marchandises exotiques.;;;Después de muchos meses navegando en aguas extranjeras, su [From.GetRootRelation] [From.GetTitledFirstName] ha regresado de su viaje. Aparentemente ha adquirido conocimiento de negocios y ha utilizado su conocimiento en el arte de comerciar para transportar mercancías entre puertos. Su último viaje entre [foreign_realm.Capital.GetName] y [Root.Capital.GetName] dejó sus reservas llenas de productos exóticos.;;;;;;;;;x
EVTOPTAwikid.253;Very well done [From.GetRootRelation]!;Bien joué [From.GetRootRelation] !;;;!Muy bien hecho [From.GetRootRelation]!;;;;;;;;;x
EVTDESCwikid.254;A raven has arrived bearing a message from your [From.GetRootRelation] [From.GetTitledFirstName]. [From.GetSheHeCap] says [From.GetSheHe] is stranded in [foreign_realm.Capital.GetName], having expended all of [From.GetHerHis] coin and then abandoned by [From.GetHerHis] men. Apparently [From.GetSheHe] has been begging for free passage back home to [Root.Capital.GetName], and asks for assistance.;Un corbeau est arrivé, il est porteur d'un message de votre [From.GetRootRelation] [From.GetTitledFirstName]. [From.GetSheHeCap] dit qu'[From.GetSheHe] est coincé à [foreign_realm.Capital.GetName]. [From.GetSheHeCap] a dépensé tout son argent et a été abandonné par tous ses hommes. Apparemment [From.GetSheHe] a besoin de payer un passeur pour revenir à [Root.Capital.GetName], et demande de l'aide.;;;Un cuervo ha llegado con un mensaje de tu [From.GetRootRelation] [From.GetTitledFirstName]. [From.GetSheHeCap] dice que está varado en [foreign_realm.Capital.GetName], habiendo gastado todo el dinero y luego abandonado por sus hombres. Aparentemente ha estado pidiendo un pasaje gratuito a casa a [Root.Capital.GetName], y pide ayuda.;;;;;;;;;x
EVTOPTAwikid.254;Yes, I had better send someone to bring [From.GetHerHim] home;Oui, je ferais mieux d'envoyer quelqu'un pour le(a) ramener à la maison.;;;Sí, es mejor que envíe a alguien para llevarlo a casa.;;;;;;;;;x
EVTOPTBwikid.254;No, [From.GetSheHe] needs to fend for [From.GetHerHim]self;Non, [From.GetSheHe] doit se débrouiller tout(e) seul(e).;;;No, tiene que valerse por sí solo.;;;;;;;;;x
EVTDESCwikid.255;Vagrants and beggars are often picked up and imprisoned by the guards of [Root.Capital.GetName], and one such prisoner is more important than [FromFrom.GetSheHe] seems. The filthy [FromFrom.Culture.GetGroupName] [FromFrom.GetManWoman] claims to be [FromFrom.GetTitledFirstName] from [From.Capital.GetName], and bears a [FromFrom.GetOnlyDynastyName] seal.;Des vagabonds et des mendiants sont souvent emprisonnés par les gardes de [Root.Capital.GetName], et l'un de ces prisonniers est plus important qu'il ne semble. Le(a) dégoûtant(e) [FromFrom.GetManWoman] [FromFrom.Culture.GetGroupName] dit être [FromFrom.GetTitledFirstName] de [From.Capital.GetName], et arbore l'emblème des [FromFrom.GetOnlyDynastyName].;;;Vagabundos y mendigos a menudo son encarcelados por los guardias de [Root.Capital.GetName], y uno de estos prisioneros es más importante de lo que parece. El (a) repugnante [FromFrom.GetManWoman] [FromFrom.Culture.GetGroupName] dice que es [FromFrom.GetTitledFirstName] de [From.Capital.GetName] y tiene el emblema de [FromFrom.GetOnlyDynastyName];;;;;;;;;x
EVTOPTAwikid.255;Clearly an adventure gone wrong;Une aventure qui a sûrement mal tournée.;;;Claramente, la aventura salió mal.;;;;;;;;;x
EVTDESCwikid.256;After spending much time touring [foreign_realm.Culture.GetGroupName] lands and cities, your [From.GetRootRelation] [From.GetTitledFirstName] has finally returned home. [From.GetSheHeCap] arrives with an extra person in tow however, a young and pretty peasant maid called [From.Spouse.GetFirstName] [From.GetSheHe] met in [foreign_realm.Capital.GetName]. Apparently they fell in love, and got married not long after!;Après avoir passé pas mal de temps à visiter les terres et cités [foreign_realm.Culture.GetGroupName], votre [From.GetRootRelation] [From.GetTitledFirstName] est finalement revenu à la maison. Cependant [From.GetSheHe] n'est pas revenu seul puisqu'[From.GetSheHe] est accompagné d'une jeune et jolie paysanne nommée [From.Spouse.GetFirstName] qu'[From.GetSheHe] a rencontré à [foreign_realm.Capital.GetName]. Apparemment ils sont tombés amoureux et se sont mariés peu après !;;;Después de pasar mucho tiempo recorriendo [foreign_realm.Culture.GetGroupName] tierras y ciudades, tu [From.GetRootRelation] [From.GetTitledFirstName] finalmente ha regresado a casa. [From.GetSheHeCap] llega con una persona extra a cuestas,  una persona bastante guapa llamada [From.Spouse.GetFirstName] se reunió en [foreign_realm.Capital.GetName]. !Aparentemente se enamoraron y se casaron no mucho después!;;;;;;;;;x
EVTOPTAwikid.256;A marriage for love, how poetic;Un mariage d'amour, comme c'est romantique !;;;Un matrimonio por amor, qué poético;;;;;;;;;x
EVTDESCwikid.257;Over the past few months your [From.GetRootRelation] [From.GetTitledFirstName] appears to have acquired a taste for [foreign_realm.Culture.GetGroupName] ways. After touring many cities and foreign courts, [From.GetSheHe] arrived at the court of [foreign_realm.GetTitledFirstName] in [foreign_realm.Capital.GetName]. [From.GetFirstName] decided [From.GetSheHe] liked life there, and has sent word [From.GetSheHe] will be staying there indefinitely.;Depuis quelques mois votre [From.GetRootRelation] [From.GetTitledFirstName] semble avoir pris goût à la culture [foreign_realm.Culture.GetGroupName]. Après avoir visité de nombreuses cités et cours étrangères, [From.GetSheHe] est arrivé à la cour de [foreign_realm.GetTitledFirstName] à [foreign_realm.Capital.GetName]. [From.GetFirstName] a décidé qu'[From.GetSheHe] appréciait la vie là-bas et a envoyé un message nous informant qu'[From.GetSheHe] allait s'y installer définitivement.;;;En los últimos meses, parece que a su [From.GetRootRelation] [From.GetTitledFirstName] le gustó la cultura [foreign_realm.Culture.GetGroupName]. Después de visitar muchas ciudades y cortes extranjeras, llegó a la corte de [foreign_realm.GetTitledFirstName] en [foreign_realm.Capital.GetName]. [From.GetFirstName] decidió que disfruta de la vida allí y envió un mensaje informándonos que se iba a establecerse allí permanentemente.;;;;;;;;;x
EVTOPTAwikid.257;Will we ever see [From.GetHerHim] again?;Le(a) reverrais-je un jour ?;;;¿Alguna vez lo veremosde nuevo ?;;;;;;;;;x
EVTDESCwikid.258;Often adventuring foreigners visit the courts of [Root.Capital.GetName], a [FromFrom.Culture.GetGroupName] named [FromFrom.GetTitledFirstNameWithDynasty] being the latest. [FromFrom.GetSheHeCap] has stayed with us for a number of months now, and seems to have become comfortable with [Root.Culture.GetGroupName] court life. So much so [FromFrom.GetSheHe] has chosen to stay and serve here indefinitely.;Il est courant que des étrangers visitent la cour de [Root.Capital.GetName], un(e) [FromFrom.Culture.GetGroupName] nommé(e) [FromFrom.GetTitledFirstNameWithDynasty] est le(a) dernier(e) en date. [FromFrom.GetSheHeCap] est ici depuis de nombreux mois désormais et semble apprécier la vie de cour [Root.Culture.GetGroupName]. Au point qu'[FromFrom.GetSheHe] a choisi de s'installer définitivement.;;;A menudo, los extranjeros y aventureros visitan la corte de [Root.Capital.GetName], y [FromFrom.Culture.GetGroupName] esta ultima le a llamado [FromFrom.GetTitledFirstNameWithDynasty] la atencion a [FromFrom.GetSheHeCap] se ha quedado con nosotros durante varios meses y parece haberse acostumbrado a la vida de la corte [Root.Culture.GetGroupName]. Tanto que ha elegido quedarse y servir aquí indefinidamente.;;;;;;;;;x
EVTOPTAwikid.258;You are of course welcome to stay!;Vous pouvez bien entendu rester ici !;;;!Por supuesto, te invitamos a quedarte!;;;;;;;;;x
EVTDESCwikid.259;[From.GetTitledFirstName], your [From.GetRootRelation] who has been adventuring in foreign lands these past months, has returned. [From.GetSheHeCap] has been soaking in strange cultures and religions in many cities and courts, and whilst in [foreign_realm.Capital.GetName] [From.GetSheHe] was especially seduced by [foreign_realm.Religion.GetName]. [From.GetSheHeCap] has arrived home to [Root.Capital.GetName] a full adherent and convert to the religion.;[From.GetTitledFirstName], votre [From.GetRootRelation] qui voyageait en terres étrangères ces derniers mois, est revenu. [From.GetSheHeCap] a baigné dans d'étranges cultures et religions dans de nombreuses cours et cités. A [foreign_realm.Capital.GetName] [From.GetSheHe] a particulièrement été séduit(e) par [foreign_realm.Religion.GetName]. [From.GetSheHeCap] est retourné à [Root.Capital.GetName], converti(e) à cette religion.;;;[From.GetTitledFirstName], ha regresado su [From.GetRootRelation] que viajó a tierras extranjeras en los últimos meses. [From.GetSheHeCap] ha estado inmerso en culturas y religiones extrañas en muchos cortes y ciudades. En [foreign_realm.Capital.GetName] fue especialmente atraído por [foreign_realm.Religion.GetName]. [From.GetSheHeCap] se vuelve a [Root.Capital.GetName], convertido a esa religión.;;;;;;;;;x
EVTOPTAwikid.259;Have you forgotten [Root.Religion.GetName]?;As-tu oublié [Root.Religion.GetName] ?;;;¿Has olvidado [Root.Religion.GetName] ?;;;;;;;;;x
EVTDESCwikid.260;[From.GetTitledFirstName], your restless adventuring [From.GetRootRelation], has arrived back in [Root.Capital.GetName] after [From.GetHerHis] foreign tour. [From.GetSheHeCap] appears to of come back a changed [From.GetManWoman], [From.GetHerHis] months of experiencing new cultures and courts having a good influence. [From.GetSheHeCap] speaks highly of the people of [foreign_realm.Capital.GetName] in particular.;[From.GetTitledFirstName], votre agité et aventureux(se) [From.GetRootRelation], est de retour à [Root.Capital.GetName] après son voyage à l'étranger. [From.GetSheHeCap] semble être un(e) [From.GetManWoman] métamorphosé(e), ces mois à découvrir de nouvelles cultures et cours ont eu une bonne influence. [From.GetSheHeCap] a beaucoup de respect pour [foreign_realm.Capital.GetName] en particulier.;;;[From.GetTitledFirstName], tu aventuro [From.GetRootRelation], ha regresado a [Root.Capital.GetName] después de la gira en el extranjero. [From.GetSheHeCap] parece haber regresado cambiado  [De.GetManWoman], de meses de experiencia de nuevas culturas y cortes teniendo una buena influencia con [From.GetSheHeCap] habla muy bien de la gente de [foreign_realm.Capital.GetName] en particular.;;;;;;;;;x
EVTOPTAwikid.260;I'm glad it was worth it for [From.GetHerHim];Je suis content que cela ait servi à quelque chose.;;;Me alegro valió la pena;;;;;;;;;x
EVTDESCwikid.261;After many months travelling across foreign lands, your [From.GetRootRelation] [From.GetTitledFirstName] has returned from [From.GetHerHis] tour. [From.GetSheHeCap] visited many prestigious princes and lords, practicing [From.GetHerHis] skills with words and people at feasts, weddings and formal audiences. A meeting with [foreign_realm.GetTitledFirstName] of [foreign_realm.PrimaryTitle.GetName] went particularly well apparently.;Après de nombreux mois de voyages à travers les terres étrangères, votre [From.GetRootRelation] [From.GetTitledFirstName] est de retour. [From.GetSheHeCap] a visité de nombreux princes et seigneurs prestigieux et a entrainé ses talents d'orateurs lors de grands festins, de mariages et lors d'audiences officielles. Une rencontre avec [foreign_realm.GetTitledFirstName] de [foreign_realm.PrimaryTitle.GetName] s'est particulièrement bien passée apparemment.;;;Después de muchos meses de viajar por tierras extranjeras, tu [From.GetRootRelation] [From.GetTitledFirstName] ha regresado de la gira. [From.GetSheHeCap] visitó muchos príncipes y señores de prestigio, practicando habilidades con palabras y personas en fiestas, bodas y audiencias formales. Una reunión con [foreign_realm.GetTitledFirstName] de [foreign_realm.PrimaryTitle.GetName] fue particularmente bien aparentemente.;;;;;;;;;x
EVTOPTAwikid.261;Quite the diplomat you have become!;Quel diplomate, tu es devenu !;;;¡Te has convertido en un diplomático!;;;;;;;;;x
EVTDESCwikid.262;[From.GetTitledFirstName], your [From.GetRootRelation] who has been adventuring in foreign lands these past months, has returned. [From.GetSheHeCap] has been busy involving [From.GetHerHim]self in court life of [foreign_realm.Culture.GetGroupName] nobles, notably spending a number of months in [foreign_realm.Capital.GetName]. There [From.GetSheHe] learnt the workings of this strange domain, and even partook in a number of petty intrigues to learn more.;[From.GetTitledFirstName], votre [From.GetRootRelation] qui voyageait à l'étranger ces derniers mois est de retour. [From.GetSheHeCap] a été impliqué(e) dans la vie de cour des nobles [foreign_realm.Culture.GetGroupName], et a notamment passé plusieurs mois à [foreign_realm.Capital.GetName]. C'est là qu'[From.GetSheHe] a découvert le fonctionnement de cet étrange endroit, prenant même part à quelques menus complots pour en apprendre plus.;;;[From.GetTitledFirstName], su [From.GetRootRelation] que ha estado aventurándose en tierras extranjeras estos últimos meses, ha regresado. [From.GetSheHeCap] ha estado ocupado involucrandose en la vida de la corte de [foreign_realm.Culture.GetGroupName] nobles, en particular pasando un número de meses en [foreign_realm.Capital.GetName]. Allí aprendió el funcionamiento de este extraño dominio, e incluso participó en una serie de pequeñas intrigas para aprender más.;;;;;;;;;x
EVTOPTAwikid.262;Welcome home;Bienvenue à la maison.;;;Bienvenido a casa;;;;;;;;;x
EVTDESCwikid.263;By all accounts, your [From.GetRootRelation] [From.GetTitledFirstName] was having a fruitful journey across strange lands and far away seas. [From.GetSheHeCap] often sent word from many cities and towns saying of the grand time [From.GetSheHe] and was having, and was last seen leaving [foreign_realm.Capital.GetName] for home. However, according to a surviving companion who made it home, their ship was attacked by pirates, leading [From.GetFirstName] to be captured!;En tout point, le voyage à l'étranger de votre [From.GetRootRelation] [From.GetTitledFirstName] a été bénéfique. [From.GetSheHeCap] a souvent envoyé des lettres très enthousiastes depuis les villes et ports qu'[From.GetSheHe] visitait. Les dernières nouvelles indiquait qu'[From.GetSheHe] se trouvait à [foreign_realm.Capital.GetName] et comptait rentrer. Mais d'après un de ses compagnons survivants qui est parvenu à rentrer, son bateau a été attaqué par des pirates et [From.GetFirstName] a été capturé(e) !;;;En todos los aspectos, el viaje al extranjero de su [From.GetRootRelation] [From.GetTitledFirstName] ha sido beneficioso. [From.GetSheHeCap] a menudo ha enviado cartas muy entusiastas desde las ciudades y puertos que visitó. Las últimas noticias indicaban que estaba en [foreign_realm.Capital.GetName] y planeaba regresar. Pero según uno de sus compañeros sobrevivientes que logró regresar, su barco fue atacado por piratas y ¡[From.GetFirstName] fue capturado!;;;;;;;;;x
EVTOPTAwikid.263;The seas are dangerous to travel;Les mers sont dangereuses.;;;Los mares son peligrosos;;;;;;;;;x
EVTDESCwikid.264;One of your subordinate ships was prowling the seas near [Root.Location.GetName] when they sucessfully boarded a lone ship and captured its crew. The noble [FromFrom.GetTitledFirstNameWithDynasty] of [From.PrimaryTitle.GetName] is amongst the prisoners, apparently [FromFrom.GetSheHe] was sailing home after a tour of foreign lands.;L'un de vos bateaux rôdait dans les mers près de [Root.Location.GetName] lorsqu'il a abordé un bateau isolé et capturé son équipage. Le(a) noble [FromFrom.GetTitledFirstNameWithDynasty] de [From.PrimaryTitle.GetName] fait partie des prisonniers, apparemment [FromFrom.GetSheHe] rentrait à la maison après un voyage à l'étranger.;;;Uno de tus barcos subordinados estaba rondando los mares cerca de [Root.Location.GetName] cuando abordaron con éxito un barco solitario y capturaron a su tripulación. El noble [FromFrom.GetTitledFirstNameWithDynasty] de [From.PrimaryTitle.GetName] está entre los prisioneros, aparentemente navegaba a casa después de un recorrido por tierras extranjeras.;;;;;;;;;x
EVTOPTAwikid.264;I hope [From.GetTitledFirstName] pays a good ransom!;J'espère que [From.GetTitledFirstName] va payer une bonne rançon !;;;Espero que [From.GetTitledFirstName] pague un buen rescate!;;;;;;;;;x
EVTDESCwikid.265;Your [From.GetRootRelation] [From.GetTitledFirstName] has arrived home to [Root.Capital.GetName] from [From.GetHerHis] tour, and [From.GetSheHe] seems shaken up. After visiting many exotic places, [From.GetSheHe] arrived in [foreign_realm.Capital.GetName], and their got in a dispute with a local merchant. Apparently this led to [From.GetFirstName] being kidnapped and suffering painful injuries at the merchant's command. [From.GetSheHeCap] refuses to name this merchant.;Votre [From.GetRootRelation] [From.GetTitledFirstName] est rentré(e) à [Root.Capital.GetName] après son voyage, et [From.GetSheHe] semble bouleversé(e). Après avoir visité de nombreux endroits exotiques [From.GetSheHe] est arrivé(e) à [foreign_realm.Capital.GetName], et s'y est disputé(e) avec un marchand local. Apparemment [From.GetFirstName] a été kidnappé(e) et a souffert de terribles blessures infligées sur ordre du marchand. [From.GetSheHeCap] refuse de nommer cet homme.;;;Su [From.GetRootRelation] [From.GetTitledFirstName] ha llegado a su casa en [Root.Capital.GetName], y parece agitado. Después de visitar muchos lugares exóticos, llegó a [foreign_realm.Capital.GetName] y se metieron en una disputa con un comerciante local. Aparentemente esto llevó a que [From.GetFirstName] fuera secuestrado y sufriera heridas dolorosas a las órdenes del comerciante. [From.GetSheHeCap] se niega a nombrar a este comerciante.;;;;;;;;;x
EVTOPTAwikid.265;I'm not surprised [From.GetSheHe] made some enemies;Je ne suis pas surpris qu'[From.GetSheHe] se soit fait quelques ennemis.;;;No estoy sorprendido el hizo algunos enemigos;;;;;;;;;x
EVTDESCwikid.266;Your [From.GetRootRelation] [From.GetTitledFirstName] is finally back from [From.GetHerHis] voyage, and quite the epic voyage it was. After setting sail from [foreign_realm.Capital.GetName], [From.GetSheHe] sailed the Shivering Sea to Ibben, then on to navigate the treacherous Thousand Islands. Finally, [From.GetSheHe] voyaged as far as Nefer, the old capital of the Kingdom of N'Ghai. All the while [From.GetFirstName] gained an abundance of eastern treasures.;Votre [From.GetRootRelation] [From.GetTitledFirstName] est finalement revenu de son voyage, et ce fut un voyage épique. Après avoir quitté [foreign_realm.Capital.GetName], [From.GetSheHe] a traversé la mer Grelotte jusqu'à Ibben, puis il a poussé jusqu'aux Mille-îles. Finalement [From.GetSheHe] est allé jusqu'à Nefer, l'ancienne capitale du royaume de N'Ghai. En chemin [From.GetFirstName] a amassé de nombreux trésors orientaux.;;;Su [From.GetRootRelation] [From.GetTitledFirstName] finalmente ha regresado de su viaje, y ha sido un viaje épico. Después de zarpar de [foreign_realm.Capital.GetName], navegó por el Mar Tembloroso hacia Ibben, y luego navegó por las traicioneras Mil Islas. Finalmente, viajó hasta Nefer, la antigua capital del Reino de N'Ghai. Todo el tiempo [From.GetFirstName] ganó una gran cantidad de tesoros orientales.;;;;;;;;;x
EVTOPTAwikid.266;You are a true legend;Tu es une véritable légende.;;;Eres una verdadera leyenda;;;;;;;;;x
EVTDESCwikid.267;We have word that [FromFrom.GetTitledFirstNameWithDynasty] has come back from a long voyage, and quite the epic voyage it was. After setting sail from [foreign_realm.Capital.GetName], [FromFrom.GetSheHe] sailed the Shivering Sea to Ibben, then on to navigate the treacherous Thousand Islands. Finally, [FromFrom.GetSheHe] voyaged as far as Nefer, the old capital of the Kingdom of N'Ghai. All the while [FromFrom.GetFirstName] gained an abundance of eastern treasures.;Nous avons entendu dire que [FromFrom.GetTitledFirstNameWithDynasty] est revenu de son voyage, et ce fut un voyage épique. Après avoir quitté [foreign_realm.Capital.GetName], [FromFrom.GetSheHe] a traversé la mer Grelotte jusqu'à Ibben, puis a poussé jusqu'aux Mille-îles. Finalement [FromFrom.GetSheHe] est allé jusqu'à Nefer, l'ancienne capitale du royaume de N'Ghai. En chemin [FromFrom.GetFirstName] a amassé de nombreux trésors orientaux.;;;Tenemos noticias de que [FromFrom.GetTitledFirstNameWithDynasty] ha regresado de un largo viaje, y ha sido bastante épico. Después de zarpar de [foreign_realm.Capital.GetName], navegó por el Mar Tembloroso hacia Ibben, y luego navegó en las traicioneras Mil Islas. Finalmente, viajó hasta Nefer, la antigua capital del Reino de N'Ghai. Todo el tiempo [FromFrom.GetFirstName] ganó una gran cantidad de tesoros orientales.;;;;;;;;;x
EVTOPTAwikid.267;[FromFrom.GetSheHeCap] is a true legend;[FromFrom.GetSheHeCap] est une véritable légende.;;;[FromFrom.GetSheHeCap] es una verdadera leyenda.;;;;;;;;;x
EVTDESCwikid.268;[From.GetTitledFirstName], your adventuring [From.GetRootRelation], has arrived back from [From.GetHerHis] long journey. After leaving port in [foreign_realm.Capital.GetName], [From.GetSheHe] managed to traverse many dangerous lands and sailed the Jade Sea before eventually reaching far Asshai. [From.GetSheHeCap] talks of a great city: dark, gloomy and made of black stone as if cast in shadow. Its people also dark and solemn, all masked or veiled. Few Westerosi reach Asshai, so [From.GetFirstName] has earned great renown and wealth from doing so.;Votre [From.GetRootRelation] [From.GetTitledFirstName] est finalement revenu de son voyage, et ce fut un voyage épique. Après avoir quitté [foreign_realm.Capital.GetName], [From.GetSheHe] a traversé la mer Grelotte jusqu'à Ibben, puis il a poussé jusqu'aux Mille-îles. Finalement [From.GetSheHe] est allé jusqu'à Nefer, l'ancienne capitale du royaume de N'Ghai. En chemin [From.GetFirstName] a amassé de nombreux trésors orientaux.;;;[From.GetTitledFirstName], su aventuro [From.GetRootRelation], ha regresado del largo viaje. Después de abandonar el puerto en [foreign_realm.Capital.GetName], logró atravesar muchas tierras peligrosas y navegó por el Mar de Jade antes de llegar finalmente a Asshai. [From.GetSheHeCap] habla de una gran ciudad: oscura, sombría y hecha de piedra negra como si estuviera en la sombra. Su gente también es oscura y solemne, todos enmascarados  o con velos. Poca gente de Poniente llega a Asshai, por lo que [From.GetFirstName] ha ganado gran renombre y riqueza al hacerlo.;;;;;;;;;x
EVTOPTAwikid.268;What a fascinating tale;Tu es une véritable légende.;;;Qué cuento tan fascinante;;;;;;;;;x
EVTDESCwikid.269;News from [From.Capital.GetName], [FromFrom.GetTitledFirstNameWithDynasty] has apparently arrived home from a long journey. After leaving port in [foreign_realm.Capital.GetName], [FromFrom.GetSheHe] managed to traverse many dangerous lands and sailed the Jade Sea before eventually reaching far Asshai. [FromFrom.GetSheHeCap] talks of a great city: dark, gloomy and made of black stone as if cast in shadow. Its people also dark and solemn, all masked or veiled. Few Westerosi reach Asshai, so [FromFrom.GetFirstName] has earned great renown and wealth from doing so.;Nouvelles de [From.Capital.GetName], [FromFrom.GetTitledFirstNameWithDynasty] est revenu(e) de son long voyage. Après avoir quitté le port de [foreign_realm.Capital.GetName], [FromFrom.GetSheHe] est parvenu(e) à traverser de nombreux pays dangereux avant de traversé la mer de Jade et d'atteindre Asshai. [FromFrom.GetSheHeCap] parle d'une grande cité, sombre et lugubre, construite en pierres si noires que l'on jurerait qu'elles sont faîtes d'ombres. Ses habitants sont également sombres, tous masqués ou voilés. Peu d'Ouestriens sont parvenus jusqu'à Asshai, aussi [FromFrom.GetFirstName] a obtenu un grand renom et de grandes richesses en accomplissant cet exploit.;;;Las noticias de [From.Capital.GetName], [FromFrom.GetTitledFirstNameWithDynasty] han llegado a casa después de un largo viaje. Después de abandonar el puerto en [foreign_realm.Capital.GetName], logró atravesar muchas tierras peligrosas y navegó por el Mar de Jade antes de llegar finalmente a Asshai. [FromFrom.GetSheHeCap] habla de una gran ciudad: oscura y sombría y hecha de piedra negra como si estuviera proyectada en la sombra. Su gente también es oscura y solemne todos enmascarado o con velos pocos en Poniente alcanzan Asshai, por lo que [FromFrom.GetFirstName] ha ganado gran renombre y riqueza al hacerlo.;;;;;;;;;x
EVTOPTAwikid.269;[FromFrom.GetSheHeCap] is quite the adventurer;Voilà un sacré aventurier.;;;[FromFrom.GetSheHeCap] es muy aventurero;;;;;;;;;x
EVTDESCwikid.270;Your [From.GetRootRelation] [From.GetTitledFirstName] is finally back from [From.GetHerHis] voyage, a voyage that took [From.GetHerHim] to the edge of the world. After setting sail from [foreign_realm.Capital.GetName], [From.GetSheHe] traversed the vast expanse of seas to the lands of the Free Cities, stopping off to gather and trade exotic treasures. Finally [From.GetSheHe] arrived in far Westeros and the city of Oldtown, the stunningly beautiful home of The Hightower and The Citadel. Alas the Sunset Sea prevented further travel west.;Votre [From.GetRootRelation] [From.GetTitledFirstName] est finalement revenu(e) de son voyage qui l'a mené(e) jusqu'au bout du monde. Après avoir quitté [foreign_realm.Capital.GetName], [From.GetSheHe] a traversé les vastes terres et mers des Cités Libres, s'arrêtant de temps en temps pour faire l'acquisition de trésors exotiques. Finalement [From.GetSheHe] est arrivé(e) dans la lointaine Westeros, dans la cité de Villevieille, l'impressionnante et magnifique ville avec sa Grand-Tour et la Citadelle. Malheureusement la mer du Crépuscule l'a empêché(e) de pousser plus loin vers l'ouest.;;;Su [From.GetRootRelation] [From.GetTitledFirstName] finalmente regresó de su viaje, un viaje que lo llevó al borde del mundo. Después de zarpar desde [foreign_realm.Capital.GetName], atravesó la vasta extensión de mares hacia las tierras de las Ciudades Libres, deteniéndose para reunir y comerciar tesoros exóticos. Finalmente, llegó a Poniente y a la ciudad de Antigua, la increíblemente hermosa ciudad de la Casa Hightower.Por desgracia, el Mar del Ocaso impidió viajar más al oeste.;;;;;;;;;x
EVTOPTAwikid.270;A legendary journey;Un voyage légendaire;;;Un viaje legendario;;;;;;;;;x
EVTDESCwikid.271;We have had word that [FromFrom.GetTitledFirstNameWithDynasty] has come back from a long voyage, a voyage that took [FromFrom.GetHerHim] to the edge of the world. After setting sail from [foreign_realm.Capital.GetName], [FromFrom.GetSheHe] traversed the vast expanse of seas to the lands of the Free Cities, stopping off to gather and trade exotic treasures. Finally [FromFrom.GetSheHe] arrived in far Westeros and the city of Oldtown, the stunningly beautiful home of The Hightower and The Citadel. Alas the Sunset Sea prevented further travel west.;Nous avons entendu dire que [FromFrom.GetTitledFirstNameWithDynasty] est revenu(e) de son long voyage, un périple qui l'a mené(e) au bout du monde. Après avoir quitté [foreign_realm.Capital.GetName], [FromFrom.GetSheHe] a traversé les vastes terres et mers des Cités Libres, s'arrêtant de temps en temps pour faire l'acquisition de trésors exotiques. Finalement [FromFrom.GetSheHe] est arrive(e) dans la lointaine Westeros, dans la cité de Villevieille, l'impressionnante et magnifique ville avec sa Grand-Tour et la Citadelle. Malheureusement la mer du Crépuscule l'a empêché(e) de pousser plus loin vers l'ouest.;;;Hemos tenido noticias de que [FromFrom.GetTitledFirstNameWithDynasty] ha regresado de un largo viaje, un viaje que llevó [FromFrom.GetHerHim] al borde del mundo. Después de zarpar desde [foreign_realm.Capital.GetName], atravesó la vasta extensión de mares hacia las tierras de las Ciudades Libres, deteniéndose para reunir y comerciar tesoros exóticos. Finalmente llegó a Poniente y la ciudad de Antigua, la increíblemente hermosa ciudad de la Casa Hightower. Por desgracia, el Mar del Ocaso impidió viajar más al oeste.;;;;;;;;;x
EVTOPTAwikid.271;A legendary journey;Un voyage légendaire;;;Un viaje legendario;;;;;;;;;x
EVTDESCwikid.272;Your [From.GetRootRelation] [From.GetTitledFirstName] is finally back from [From.GetHerHis] voyage, an epic voyage that took [From.GetHerHim] to the southern limits of the known world. After setting sail from [foreign_realm.Capital.GetName], [From.GetSheHe] headed to Sothoryos, the largely unexplored, jungle covered southern continent. There [From.GetSheHe] explored the ruined cities of Zamettar, Yeen, Gogossos and Gorosh, before proceeding to sail even further south. [From.GetSheHeCap] did not manage to find the bottom of the continent though, saying [From.GetSheHe] found only endless jungle, deserts, and mountains.;[From.GetTitledFirstName] a exploré loin au sud via [foreign_realm.Capital.GetName];;;Su [From.GetRootRelation] [From.GetTitledFirstName] finalmente regresó de su viaje, un viaje épico que lo llevó a los límites del sur del mundo conocido. Después de zarpar a [foreign_realm.Capital.GetName], se dirigió a Sothoryos, el continente sureño cubierto de jungla, casi inexplorado. Allí exploró las ciudades en ruinas de Zamettar, Yeen, Gogossos y Gorosh, antes de proceder a navegar aún más al sur. [From.GetSheHeCap] no logró encontrar el fondo del continente, diciendo que solo encontró interminables junglas, desiertos y montañas.;;;;;;;;;x
EVTOPTAwikid.272;A brave journey;;;Un valiente viaje;;;;;;;;;;x
EVTDESCwikid.273;We have had word that [FromFrom.GetTitledFirstNameWithDynasty] has come back from a long voyage, an epic voyage that took [From.GetHerHim] to the southern limits of the known world. After setting sail from [foreign_realm.Capital.GetName], [From.GetSheHe] headed to Sothoryos, the largely unexplored, jungle covered southern continent. There [From.GetSheHe] explored the ruined cities of Zamettar, Yeen, Gogossos and Gorosh, before proceeding to sail even further south. [From.GetSheHeCap] did not manage to find the bottom of the continent though, saying [From.GetSheHe] found only endless jungle, deserts, and mountains.;[FromFrom.GetTitledFirstName] a exploré loin au sud;;;Hemos tenido noticias de que [FromFrom.GetTitledFirstNameWithDynasty] ha regresado de un largo viaje, un viaje épico que lo llevó a los límites del sur del mundo conocido. Después de zarpar de [foreign_realm.Capital.GetName], se dirigió a Sothoryos, el continente sureño cubierto de jungla, casi inexplorado. Allí exploró las ciudades en ruinas de Zamettar, Yeen, Gogossos y Gorosh. [From.GetSheHeCap]  navego aún más al sur pero no logró encontrar el fondo del continente, solo encontró interminables junglas, desiertos y montañas.;;;;;;;;;x
EVTOPTAwikid.273;A brave journey;;;Un valiente viaje;;;;;;;;;;x
EVTDESCwikid.275;A young [From.Culture.GetGroupName] adventurer named [From.GetTitledFirstNameWithDynasty] has been staying with us in [Root.Capital.GetName] for a number of weeks now. [From.GetSheHeCap] is touring many cities, feasting with lords and princes. [From.GetSheHeCap] is also known to be looking for a marriage, and proposes that an alliance with [From.Liege.PrimaryTitle.GetName] be sealed with a match between him and my daughter [foreign_marriage_daughter.GetTitledFirstName].;Un jeune aventurier [From.Culture.GetGroupName] nommé [From.GetTitledFirstNameWithDynasty] se trouve avec nous à [Root.Capital.GetName] depuis plusieurs semaines. [From.GetSheHeCap] visite de nombreuses cités et participe aux banquets des seigneurs et princes. [From.GetSheHeCap] est aussi connu pour rechercher une union, et propose qu'une alliance avec [From.Liege.PrimaryTitle.GetName] soit scellée par un mariage entre lui et ma fille [foreign_marriage_daughter.GetTitledFirstName].;;;Un aventurero joven [From.Culture.GetGroupName] llamado [From.GetTitledFirstNameWithDynasty] se ha quedado con nosotros en [Root.Capital.GetName] durante varias semanas. [From.GetSheHeCap] está recorriendo muchas ciudades, festejando con señores y príncipes. [From.GetSheHeCap] también se sabe que está buscando un matrimonio, y propone que una alianza con [From.Liege.PrimaryTitle.GetName] se selle con un matrimonio entre él y mi hija [foreign_marriage_daughter.GetTitledFirstName].;;;;;;;;;x
EVTOPTAwikid.275;I graciously accept your proposal;J'accepte gracieusement cette proposition.;;;Acepto amablemente su propuesta;;;;;;;;;x
EVTOPTBwikid.275;A fine proposal, I will ask [From.Liege.GetTitledFirstName];Une bonne proposition, je vais en informer [From.Liege.GetTitledFirstName];;;Una buena propuesta, le preguntaré a [From.Liege.GetTitledFirstName];;;;;;;;;x
EVTOPTCwikid.275;No, I will not have some [From.Culture.GetGroupName] marrying my daughter;Non, je ne laisserai pas un [From.Culture.GetGroupName] épouser ma fille;;;No, no permitiré que [From.Culture.GetGroupName] se case con mi hija;;;;;;;;;x
EVTDESCwikid.276;A raven has arrived from my adventuring [FromFrom.GetRootRelation] [FromFrom.GetTitledFirstName]! [FromFrom.GetSheHeCap] is currently in [From.Capital.GetName] staying with [From.GetTitledFirstNameWithDynasty], and has been busy negotiating a marriage for [FromFrom.GetHerHim]self.  [FromFrom.GetSheHeCap] has secured a match with [FromFrom.Spouse.GetTitledFirstName] [FromFrom.Spouse.GetOnlyDynastyName], along with an alliance with [From.PrimaryTitle.GetName].;Un corbeau nous est parvenu avec un message de mon aventurier(e) de [FromFrom.GetRootRelation] [FromFrom.GetTitledFirstName] ! [FromFrom.GetSheHeCap] est actuellement à [From.Capital.GetName] pour rencontrer [From.GetTitledFirstNameWithDynasty], et a passé son temps à négocier son propre mariage. [FromFrom.GetSheHeCap] est parvenu(e) à épouser [FromFrom.Spouse.GetTitledFirstName] [FromFrom.Spouse.GetOnlyDynastyName], et à obtenir une alliance avec [From.PrimaryTitle.GetName].;;;Un cuervo vino a nosotros con un mensaje de mi aventurero [FromFrom.GetRootRelation] [FromFrom.GetTitledFirstName]! [FromFrom.GetSheHeCap] se encuentra actualmente en [From.Capital.GetName] quedándose con [From.GetTitledFirstNameWithDynasty], y ha dedicado su tiempo a negociar su propia boda [FromFrom.GetHerHim] self. [FromFrom.GetSheHeCap] ha logrado casarse con [FromFrom.Spouse.GetTitledFirstName] [FromFrom.Spouse.GetOnlyDynastyName], junto con una alianza con [From.PrimaryTitle.GetName].;;;;;;;;;x
EVTOPTAwikid.276;Good for [FromFrom.GetHerHim];Très bien !;;;Bueno para [FromFrom.GetHerHim];;;;;;;;;x
EVTDESCwikid.277;A raven has arrived from my adventuring [FromFrom.GetRootRelation] [FromFrom.GetTitledFirstName]! [FromFrom.GetSheHeCap] is currently in [From.Capital.GetName] staying with [From.GetTitledFirstNameWithDynasty], and has been busy negotiating a marriage for [FromFrom.GetHerHim]self.  [FromFrom.GetSheHeCap] has agreed to a match with [foreign_marriage_daughter.GetTitledFirstName] [foreign_marriage_daughter.GetOnlyDynastyName], and so with your assent an alliance with [From.PrimaryTitle.GetName] can be secured.;Un corbeau nous est parvenu avec un message de mon aventurier(e) de [FromFrom.GetRootRelation] [FromFrom.GetTitledFirstName] ! [FromFrom.GetSheHeCap] est actuellement à [From.Capital.GetName] pour rencontrer [From.GetTitledFirstNameWithDynasty], et a passé son temps à négocier son propre mariage. [FromFrom.GetSheHeCap] a accepté une union avec [FromFrom.Spouse.GetTitledFirstName] [FromFrom.Spouse.GetOnlyDynastyName], aussi, avec votre accord, une alliance avec [From.PrimaryTitle.GetName] pourrait voir le jour.;;;Un cuervo ha llegado de mi aventuro [FromFrom.GetRootRelation] [FromFrom.GetTitledFirstName]! [FromFrom.GetSheHeCap] se encuentra actualmente en [From.Capital.GetName] quedándose con [From.GetTitledFirstNameWithDynasty], y ha estado ocupado negociando un matrimonio con [FromFrom.GetHerHim] self. [FromFrom.GetSheHeCap] ha aceptado un matrimonio con [foreign_marriage_daughter.GetTitledFirstName] [foreign_marriage_daughter.GetOnlyDynastyName], por lo que con su consentimiento se puede asegurar una alianza con [From.PrimaryTitle.GetName].;;;;;;;;;x
EVTOPTAwikid.277;A fine proposal, you have my blessing;Une bonne proposition, vous avez ma bénédiction.;;;Una buena propuesta, tienes mi bendición;;;;;;;;;x
EVTOPTBwikid.277;No, I will not have my [FromFrom.GetRootRelation] marry some [From.Culture.GetGroupName]!;Non, mon(a) [FromFrom.GetRootRelation] n'épousera pas une [From.Culture.GetGroupName] !;;;!No, no tendré a mi [FromFrom.GetRootRelation] casado con alguien de [From.Culture.GetGroupNames]!;;;;;;;;;x
EVTDESCwikid.278;A message has come back from [From.Capital.GetName]. [From.GetTitledFirstNameWithDynasty] has given [From.GetHerHis] assent to the marriage between [FromFromFrom.GetTitledFirstName] and [foreign_marriage_daughter.GetTitledFirstName]. The wedding is promptly held, and the alliance with [From.PrimaryTitle.GetName] sealed.;Une réponse nous est revenue de [From.Capital.GetName]. [From.GetTitledFirstNameWithDynasty] a donné son accord pour le mariage entre [FromFromFrom.GetTitledFirstName] et [foreign_marriage_daughter.GetTitledFirstName]. Le mariage est promptement organisé et l'alliance avec [From.PrimaryTitle.GetName] est scellée.;;;Un mensaje ha vuelto de [From.Capital.GetName]. [From.GetTitledFirstNameWithDynasty] ha otorgado su consentimiento para el matrimonio entre [FromFromFrom.GetTitledFirstName] y [foreign_marriage_daughter.GetTitledFirstName]. La boda se celebra de inmediato, y la alianza con [From.PrimaryTitle.GetName] sera sellada.;;;;;;;;;x
EVTOPTAwikid.278;Excellent news;Excellentes nouvelles.;;;Excelentes noticias;;;;;;;;;x
EVTDESCwikid.279;A message has come back from [From.Capital.GetName]. [From.GetTitledFirstNameWithDynasty] has rejected the proposed marriage between [FromFromFrom.GetTitledFirstName] and [foreign_marriage_daughter.GetTitledFirstName]. The wedding is called off, and [FromFromFrom.GetTitledFirstName] makes a hasty exit from [Root.Capital.GetName].;Une réponse nous est revenue de [From.Capital.GetName]. [From.GetTitledFirstNameWithDynasty] a rejeté le mariage proposé entre [FromFromFrom.GetTitledFirstName] et [foreign_marriage_daughter.GetTitledFirstName]. Le mariage est annulé et [FromFromFrom.GetTitledFirstName] part précipitamment de [Root.Capital.GetName].;;;Un mensaje ha vuelto de [From.Capital.GetName]. [From.GetTitledFirstNameWithDynasty] ha rechazado el matrimonio propuesto entre [FromFromFtr.GetTitledFirstName] y [foreign_marriage_daughter.GetTitledFirstName]. La boda se cancela y [FromFromFrom.GetTitledFirstName] realiza una salida apresurada de [Root.Capital.GetName].;;;;;;;;;x
EVTOPTAwikid.279;Perhaps we are best rid of this [From.Culture.GetGroupName] afterall;Peut-être est-ce une bonne chose de se débarrasser de ce [From.Culture.GetGroupName] après tout.;;;Tal vez es una buena idea deshacerse de [From.Culture.GetGroupName] después de todo;;;;;;;;;x
EVTDESCwikid.281;A few weeks ago a [From.Culture.GetGroupName] noble named [From.GetTitledFirstNameWithDynasty] arrived in [Root.Capital.GetName] seeking hospitality. Apparently [From.GetSheHe] is on a tour of foreign lands, so I of course welcomed [From.GetHerHim]. [From.GetSheHeCap] has attended feasts and functions, and has got on well with many at court, becoming particularly friendly with [foreign_lover.GetTitledFirstName].;Il y a quelques semaines un(e) noble [From.Culture.GetGroupName] du nom de [From.GetTitledFirstNameWithDynasty] est arrivé(e) à [Root.Capital.GetName] et a demandé l'hospitalité. Apparemment [From.GetSheHe] fait un voyage à travers le monde, aussi l'ai-je accueilli(e). [From.GetSheHeCap] a participé à de nombreuses fêtes et soirée et s'est fait(e) apprécié(e) par de nombreux personnages de la cour. [From.GetSheHeCap] semble particulièrement attentionné(e) envers [foreign_lover.GetTitledFirstName].;;;Hace unas semanas, un noble [From.Culture.GetGroupName] llamado [From.GetTitledFirstNameWithDynasty] llegó a [Root.Capital.GetName] en busca de hospitalidad. Aparentemente está de gira por tierras extranjeras, así que, por supuesto, le di la bienvenida. [From.GetSheHeCap] ha asistido a fiestas y funciones, y se ha llevado bien con muchos en la corte, volviéndose particularmente amigable con [foreign_lover.GetTitledFirstName].;;;;;;;;;x
EVTOPTAwikid.281;What a pleasant [From.GetManWoman];Voilà un(e) [From.GetManWoman] particulièrement plaisant(e);;;Qué agradable [From.GetManWoman];;;;;;;;;x
EVTDESCwikid.282;[FromFrom.GetTitledFirstName] has sent word, these past weeks [From.GetSheHe] has been residing with [From.GetTitledFirstName] in [From.Capital.GetName]. There [From.GetSheHe] says [From.GetSheHe] has attended numerous feasts and events, making many friends and ingratiating [From.GetHerHim]self to [From.GetHerHis] [From.Culture.GetName] hosts.;[FromFrom.GetTitledFirstName] a envoyé des nouvelles. Depuis quelques semaines [From.GetSheHe] réside chez [From.GetTitledFirstName] à [From.Capital.GetName]. [From.GetSheHeCap] dit avoir participé à de nombreux festins et évènements, s'est fait de nombreux amis et est entré(e) dans les bonnes grâces de ses hôtes.;;;[FromFrom.GetTitledFirstName] ha enviado una carta, estas últimas semanas ha estado residiendo con [From.GetTitledFirstName] en [From.Capital.GetName]. Allí dice que ha asistido a numerosas fiestas y eventos, haciendo amigos y congraciando a sus anfitriones de [From.Culture.GetName].;;;;;;;;;x
EVTOPTAwikid.282;I'm glad to hear [From.GetSheHe] is well;Je suis content(e) d'apprendre qu'[From.GetSheHe] va bien;;;Me alegra saber que está bien;;;;;;;;;x
EVTDESCwikid.284;The upcoming feast has attracted the attention of a young [From.Culture.GetGroupName] named [From.GetTitledFirstNameWithDynasty]. This [From.GetManWoman] is currently on a tour of the cities and lands of the region, and would like to attend your feast whilst [From.GetSheHe] is in [Root.Location.GetName].;Le prochain banquet a attiré l'attention d'un(e) jeune [From.Culture.GetGroupName] nommé(e) [From.GetTitledFirstNameWithDynasty]. Cet(te) [From.GetManWoman] est actuellement en voyage pour visiter les cités et cours de la région, et voudrait participer au banquet pendant son séjour à [Root.Location.GetName].;;;La próxima fiesta ha atraído la atención de un joven [From.Culture.GetGroupName] llamado [From.GetTitledFirstNameWithDynasty]. Esta [From.GetManWoman] se encuentra actualmente en un recorrido por las ciudades y tierras de la región, y le gustaría asistir a su fiesta mientras está en [Root.Location.GetName].;;;;;;;;;x
EVTOPTAwikid.284;You are of course welcome by esteemed guest!;Vous êtes bien entendu le(a) bienvenue !;;;¡Por supuesto que eres (a) bienvenido!;;;;;;;;;x
EVTDESCwikid.285;Your [FromFrom.GetRootRelation] [FromFrom.GetTitledFirstName] has recently sent word from [From.Capital.GetName] where [FromFrom.GetSheHe] is has just arrived on [FromFrom.GetHerHis] tour. [FromFrom.GetSheHeCap] says [FromFrom.GetSheHe] is currently enjoying the hospitality of [From.GetTitledFirstNameWithDynasty], and will be the guest of honour at an upcoming feast.;Votre [FromFrom.GetRootRelation] [FromFrom.GetTitledFirstName] a récemment envoyé des nouvelles de [From.Capital.GetName] où [FromFrom.GetSheHe] vient juste d'arriver. [FromFrom.GetSheHeCap] dit qu'[FromFrom.GetSheHe] profite actuellement de l'hospitalité de [From.GetTitledFirstNameWithDynasty], et sera l'un(e) des invités d'honneur d'un banquet.;;;Su [FromFrom.GetRootRelation] [FromFrom.GetTitledFirstName] recibió nuevas noticias de [From.Capital.GetName] desde donde acaba de llegar. [FromFrom.GetSheHeCap] dice que está disfrutando de la hospitalidad de [From.GetTitledFirstNameWithDynasty], habrá uno de los invitados de honor en un banquete.;;;;;;;;;x
EVTOPTAwikid.285;Do your house proud;Fait la fierté de notre maison.;;;Haz tu casa orgullosa;;;;;;;;;x
EVTDESCwikid.287;The upcoming wedding in [Root.Location.GetName] will be an event all seek attend, even foreign guests. One such [From.Culture.GetGroupName] [From.GetManWoman] named [From.GetTitledFirstNameWithDynasty] wishes to partake in festivities. [FromFrom.GetSheHeCap] says [FromFrom.GetSheHe] is on a tour of foreign lands, and wishes to sample a [Root.Culture.GetName] wedding.;Le prochain mariage à [Root.Location.GetName] sera un évènement que beaucoup de personnes ne voudront pas manquer, même les invités étrangers. Un(e) [From.GetManWoman] [From.Culture.GetGroupName] nommé(e) [From.GetTitledFirstNameWithDynasty] souhaite participer aux festivités. [FromFrom.GetSheHeCap] dit qu'[FromFrom.GetSheHe] voyage en ce moment pour découvrir l'étranger, et souhaite assister à un mariage [Root.Culture.GetName].;;;La próxima boda en [Root.Location.GetName] será un evento al que todos buscarán asistir, incluso los invitados extranjeros. Uno de ellos [From.Culture.GetGroupName] [From.GetManWoman] llamado [From.GetTitledFirstNameWithDynasty] desea participar en las festividades. [FromFrom.GetSheHeCap] dice que está de gira por tierras extranjeras, y desea asistir a una boda [Root.Culture.GetName].;;;;;;;;;x
EVTOPTAwikid.287;Yes, I shall give you pride of place;Oui, je vais vous donner une place de choix.;;;Sí, te daré un lugar de honor;;;;;;;;;x
EVTDESCwikid.288;Your [FromFrom.GetRootRelation] [FromFrom.GetTitledFirstName] has recently arrived in [From.Capital.GetName] whilst on [FromFrom.GetHerHis] foreign tour. There, [FromFrom.GetSheHe] has been invited to many feasts and events by local dignitaries, and was even invited as a guest of honour to the wedding of [FromFromFromFrom.GetTitledFirstName] and [FromFromFromFrom.Spouse.GetTitledFirstName] hosted by [From.GetTitledFirstNameWithDynasty].;Votre [FromFrom.GetRootRelation] [FromFrom.GetTitledFirstName] est récemment arrivé(e) à [From.Capital.GetName]. [FromFrom.GetSheHeCap] a été invité(e) à de nombreux banquets et d'autres évènements par des dignitaires locaux et est même devenu un invité(e) d'honneur au mariage de [FromFromFromFrom.GetTitledFirstName] et [FromFromFromFrom.Spouse.GetTitledFirstName] organisé par [From.GetTitledFirstNameWithDynasty].;;;Su [FromFrom.GetRootRelation] [FromFrom.GetTitledFirstName] ha llegado recientemente a [From.Capital.GetName] mientras estaba en su viaje al extranjero. Allí, ha sido invitado a muchas fiestas y eventos por dignatarios locales, e incluso fue invitado como invitado de honor a la boda de [FromFromFromFrom.GetTitledFirstName] y [FromFromFromFrom.Spouse.GetTitledFirstName] organizada por [From. GetTitledFirstNameWithDynasty].;;;;;;;;;x
EVTOPTAwikid.288;A [From.Culture.GetName] wedding must have been fascinating;Un mariage [From.Culture.GetName] doit être fascinant;;;Una boda [From.Culture.GetName] debe haber sido fascinante;;;;;;;;;x
EVTDESCwikid.289;[From.GetTitledFirstName], your restless adventuring [From.GetRootRelation], has arrived back in [Root.Capital.GetName] after [From.GetHerHis] foreign tour, and apparently it was quite a debauched tour. [From.GetSheHeCap] spent many months travelling from city to city, partaking in countless wild parties and feasts, drinking copious amounts of wine and mead. It seems  [From.GetSheHe] first acquired this taste for hedonism in the brothels and taverns of [foreign_realm.Capital.GetName].;[From.GetTitledFirstName], votre aventureux(se) et agité [From.GetRootRelation], est revenu(e) à [Root.Capital.GetName] après son long voyage, et apparemment ce fut un voyage de débauché. [From.GetSheHeCap] a passé de nombreux mois à voyager de cités en cités, participant à un nombre incalculable de banquets et de fêtes où [From.GetSheHe] a copieusement bu et mangé. Il semble que ses goûts hédonistes se soient déclarés dans les tavernes et les bordels de [foreign_realm.Capital.GetName].;;;[From.GetTitledFirstName], su inquietante aventuro [From.GetRootRelation], ha regresado a [Root.Capital.GetName] después de la gira en el extranjero que aparentemente fue una gira bastante libertina. [From.GetSheHeCap] pasó muchos meses viajando de ciudad en ciudad, participando en innumerables fiestas y fiestas salvajes, bebiendo copiosas cantidades de vino y aguamiel. Parece que adquirió este gusto por el hedonismo en los burdeles y tabernas de [foreign_realm.Capital.GetName].;;;;;;;;;x
EVTOPTAwikid.289;I'm sure there will be some clear memories;De sacrés souvenirs…;;;Estoy seguro de que habrá tenido algunos recuerdos inolvidables;;;;;;;;;x
EVTDESCwikid.290;I have come into my inheritance of [Root.PrimaryTitle.GetName], and so must travel home to [Root.Capital.GetName] from my foreign tour and assume my duty.;J'ai hérité de [Root.PrimaryTitle.GetName], et je dois mettre fin à mon voyage et retourner à [Root.Capital.GetName] pour assumer mon devoir.;;;Heredé [Root.PrimaryTitle.GetName], y tengo que finalizar mi viaje y regresar a [Root.Capital.GetName] para asumir mi deber.;;;;;;;;;x
EVTOPTAwikid.290;It was good whilst it lasted;C'était une super expérience.;;;Fue bueno mientras duró;;;;;;;;;x
went_on_foreign_tour;Has Been on Foreign Tour;A fait un grand voyage;;;Ha estado en gira por el extranjero;;;;;;;;;x
went_on_foreign_tour_desc;This character went on a tour of foreign lands in their youth;Ce personnage a fait un voyage à l'étranger dans sa jeunesse.;;;Este personaje realizó una gira por tierras extranjeras en su juventud.;;;;;;;;;x
EVTDESCwikid.291;[FromFrom.GetTitledFirstNameWithDynasty] has started a quest;[FromFrom.GetTitledFirstNameWithDynasty] a débuté une quête;;;[FromFrom.GetTitledFirstNameWithDynasty] ha comenzado una misión;;;;;;;;;x
offer_quest;Propose Foreign Tour;Proposer un voyage à l'étranger;;;Proponer un viaje al extranjero;;;;;;;;;x
offer_quest_desc;Offer to fund a tour of foreign lands for [Root.GetTitledFirstName], so that [Root.GetSheHe] may learn and become a better [Root.GetManWoman].;Offrir  à [Root.GetTitledFirstName] de financer son voyage à l’étranger, afin qu’[From.GetSheHe] puisse découvrir la vie et devenir une meilleur personne.;;;Ofrézcase para financiar una gira por tierras extranjeras para [Root.GetTitledFirstName], para que que pueda aprender y convertirse en un mejor [From.GetManWoman].;;;;;;;;;x
TOOLTIPrejected_adventure;Has NOT already rejected or been denied a quest\n;N’a PAS déjà refusé ou s’est vu refuser une quête\n;;;NO, se negó o se le negó una misión\n;;;;;;;;;x
TOOLTIPwikid.292;[Root.GetTitledFirstName] will respond to your proposal;[Root.GetTitledFirstName] va répondre à votre offre;;;[Root.GetTitledFirstName] responderá a tu propuesta;;;;;;;;;x
EVTDESCwikid.293;Your [From.GetRootRelation] [From.GetFirstName] seemed excited at your proposal, and has agreed to undertake a tour of foreign lands in the name of House [From.GetOnlyDynastyName].  [From.GetSheHeCap] will travel for a number of months, using your coin to charter a ship that will depart from [Root.Capital.GetName] in the coming days.;Votre [From.GetRootRelation] [From.GetFirstName] semblait excité par votre offre, et a accepté de voyager à l’étranger au nom de la maison [From.GetOnlyDynastyName]. [From.GetSheHeCap] voyager pendant plusieurs mois, et utilisera votre argent pour apprêter un bateau qui quittera [Root.Capital.GetName] dans les jours à venir.;;;[From.GetRootRelation] [From.GetFirstName] pareció entusiasmada con su propuesta y acordó realizar una gira por tierras extranjeras en nombre de la Casa [From.GetOnlyDynastyName]. [From.GetSheHeCap] viajará durante varios meses, utilizando tu dinero para fletar un barco que partirá de [Root.Capital.GetName] en los próximos días.;;;;;;;;;x
EVTDESCwikid.294;Despite your offer to fund [From.GetHerHis] journey, your [From.GetRootRelation] [From.GetFirstName] did not seem keen to undertake a tour, and so has rejected your proposal.;Malgré votre offre de financer son voyage, votre [From.GetRootRelation] [From.GetFirstName] ne semble pas intéressé(e), et a refusé votre proposition.;;;A pesar de su oferta para financiar el viaje [De.GetHerHis], su [From.GetRootRelation] [From.GetFirstName] no pareció interesado en realizar el viaje, por lo que ha rechazado su propuesta.;;;;;;;;;x
EVTDESCwikid.294B;Your [From.GetRootRelation] [From.GetFirstName] has rejected your offer to fund a tour, saying [From.GetSheHe] would prefer to wait in [Root.Capital.GetName] for [From.GetHerHis] rightful inheritance.;Malgré votre offre de financer son voyage, votre [From.GetRootRelation] [From.GetFirstName] ne semble pas intéressé(e), et a refusé votre proposition. [From.GetSheHe]  préfère rester à [Root.Capital.GetName] pour attendre un héritage.;;;Su [From.GetRootRelation] [From.GetFirstName] ha rechazado su oferta para financiar un viaje, diciendo que preferiría esperar en [Root.Capital.GetName] para su herencia legítima.;;;;;;;;;x
EVTDESCwikid.294C;Your [From.GetRootRelation] [From.GetFirstName] insists that as one of your councillors, [From.GetSheHe] has important work to do here in [Root.Capital.GetName] and that [From.GetSheHe] will not leave to go on a foreign tour.;Votre [From.GetRootRelation] [From.GetFirstName] considère, qu'en tant que l'un de vos conseillers, [From.GetSheHe] doit rester ici à [Root.Capital.GetName] car [From.GetSheHe] a un travail important et [From.GetSheHe] ne peut pas partir faire ce voyage.;;;Su [From.GetRootRelation] [From.GetFirstName] insiste en que, como uno de sus consejeros, tiene un trabajo importante que hacer aquí en [Root.Capital.GetName] y que no se irá. en un viaje por el extranjero.;;;;;;;;;x
EVTDESCwikid.294D;Your [From.GetRootRelation] [From.GetFirstName] seemed angered at your proposal to send [From.GetHerHim] away on a tour of foreign lands, saying you wont get rid of [From.GetHerHim] that easily.;Votre [From.GetRootRelation] [From.GetFirstName] semble en colère après que vous lui avez proposé de l'envoyer en voyage dans des terres étrangères, disant que vous ne vous débarrasserez pas de lui/elle si facilement.;;;Su [From.GetRootRelation] [From.GetFirstName] pareció enojada por su propuesta de enviarlo lejos en un viaje por tierras extranjeras, diciendo que no se desharía de el tan fácilmente.;;;;;;;;;x
EVTOPTCwikid.294;I am disappointed;Je suis déçu(e);;;Estoy decepcionado;;;;;;;;;x
opinion_funded_trip;Funded My Foreign Tour;A financé mon voyage;;;Financió mi viaje por el extranjero;;;;;;;;;x
TOOLTIPwikid.51;The Quest Ends;La fin de la quête;;;;;;;;;;;;x
EVTOPTBwikid.181;My companion is dead, my quest must end...;Mon compagnon est mort, ma quête doit prendre fin…;;;Mi compañero está muerto, mi búsqueda debe terminar...;;;;;;;;;x
opinion_wikid_quest_like;Happy With Quest;Content avec la Quête;;;;Feliz con la búsqueda;;;;;;;;x
opinion_wikid_quest_dislike;Unhappy With Quest;Mécontent avec la Quête;;;Infeliz con la búsqueda;;;;;;;;;x
EVTTITLEwikid.81;The Stop Over;L'arrêt;;;Una parada más;;;;;;;;;x
EVTDESCwikid.81A;After many weeks sailing, we have finally crossed The Summer Sea and have arrived in port at Volantis to take on supplies. This is when you tell the men you intend to sail into the Smoking Sea in search of Old Valyria, as the old man's map instructs to do. Many baulk at this and desert, but others, including the trusty [wikid_companion.GetFirstName], remain loyal. More worthy men willing to take the risk can be hired anyway.\n\nTo pass the time whilst the ship is resupplied you and [wikid_companion.GetFirstName] visit a local tavern. The atmosphere is raucous and friendly, but a group of hardened looking sailors, clearly oblivious of your rank and status, take a disliking to [wikid_companion.GetFirstName]. They are throwing insults at [wikid_companion.GetHerHim] and slighting [wikid_companion.GetHerHis] honour.;Après plusieurs semaines en mer, vous traversez la Mer d'Eté et vous atteignez finalement le port de Volantis pour vous approvisionner. C'est à ce moment-là, que vous apprenez à vos hommes que vous avez l'intention de faire voile vers la Mer Fumeuse pour chercher l'antique Valyria, comme indiqué sur la carte du vieil homme. Plusieurs lâches vous abandonnent mais les autres, dont le fidèle [wikid_companion.GetFirstName], vous restent loyaux. En outre, d'autres hommes qui acceptent de prendre des risques peuvent être engagés.\n\nPour passer le temps, pendant que le bateau est réapprovisionné, vous et [wikid_companion.GetFirstName] allez visiter une taverne. La salle est bruyante et festive mais un groupe de vieux loups de mers, clairement inconscient de votre rang, prennent à partie [wikid_companion.GetFirstName]. Ils l'insultent et mettent en doute son honneur.;;;Después de muchas semanas navegando, finalmente hemos cruzado el mar de verano y hemos llegado al puerto de Volantis para coger suministros. Es cuando le dices a los hombres que tienes la intención de navegar hacia el Mar Humeante en busca de la Vieja Valyria, como el mapa del viejo marca. Muchos se oponen a esto y desertan, pero otros, incluido el fiel [wikid_companion.GetFirstName], permanecen leales. En cualquier caso, se pueden contratar hombres más dignos dispuestos a correr el riesgo.\n\nPara pasar el tiempo mientras se reabastece el barco, usted y [wikid_companion.GetFirstName] visitan una taberna local. La atmósfera es ruidosa y amistosa, pero a un grupo de marineros de aspecto endurecido, claramente ajenos a tu rango y estatus, te desagradan. Están lanzando insultos a [wikid_companion.GetHerHim] y menosprecian [wikid_companion.GetHerHis] su honor.;;;;;;;;;x
EVTDESCwikid.81B;After many weeks sailing, we have finally crossed The Gulf of Grief and have arrived in port at Astapor to take on supplies. This is when you tell the men you intend to sail into the Smoking Sea in search of Old Valyria, as the old man's map instructs to do. Many baulk at this and desert, but others, including the trusty [wikid_companion.GetFirstName], remain loyal. More worthy men willing to take the risk can be hired anyway.\n\nTo pass the time whilst the ship is resupplied you and [wikid_companion.GetFirstName] visit a local tavern. The atmosphere is raucous and friendly, but a group of hardened looking sailors, clearly oblivious of your rank and status, takes a disliking to [wikid_companion.GetFirstName]. They are throwing insults at [wikid_companion.GetHerHim] and slighting [wikid_companion.GetHerHis] honour.;Après plusieurs semaines en mer, vous traversez le Golfe de Douleur et vous atteignez finalement le port d'Astapor pour vous approvisionner. C'est à ce moment-là, que vous apprenez à vos hommes que vous avez l'intention de faire voile vers la Mer Fumeuse pour chercher l'antique Valyria, comme indiqué sur la carte du vieil homme. Plusieurs lâches vous abandonnent mais les autres, dont le fidèle [wikid_companion.GetFirstName], vous restent loyaux. En outre, d'autres hommes qui acceptent de prendre des risques peuvent être engagés.\n\nPour passer le temps, pendant que le bateau est réapprovisionné, vous et [wikid_companion.GetFirstName] allez visiter une taverne. La salle est bruyante et festive mais un groupe de vieux loups de mers, clairement inconscient de votre rang, prennent à partie [wikid_companion.GetFirstName]. Ils l'insultent et mettent en doute son honneur.;;;Después de muchas semanas navegando, finalmente hemos cruzado el Golfo de las Penas y hemos llegado al puerto de Astapor para coger suministros. Es cuando le dices a los hombres que tienes la intención de navegar hacia el Mar Humeante en busca de la Vieja Valyria, como el mapa del viejo marca. Muchos se oponen a esto y desertan, pero otros, incluido el fiel [wikid_companion.GetFirstName], permanecen leales. En cualquier caso, se pueden contratar hombres más dignos dispuestos a correr el riesgo.\n\nPara pasar el tiempo mientras se reabastece el barco, usted y [wikid_companion.GetFirstName] visitan una taberna local. La atmósfera es ruidosa y amistosa, pero un grupo de marineros de aspecto endurecido, claramente ajeno a tu rango y estatus, te desagradan.Están lanzando insultos a [wikid_companion.GetHerHim] y menospreciando [wikid_companion.GetHerHis] ;;;;;;;;;x
EVTDESCwikid.81C;After many weeks sailing, we have finally arrived in port near the Valyrian peninsula to take on supplies. This is when you tell the men you intend to sail into the Smoking Sea in search of Old Valyria, as the old man's map instructs to do. Many baulk at this and desert, but others, including the trusty [wikid_companion.GetFirstName], remain loyal. More worthy men willing to take the risk can be hired anyway.\n\nTo pass the time whilst the ship is resupplied you and [wikid_companion.GetFirstName] visit a local tavern. The atmosphere is raucous and friendly, but a group of hardened looking sailors, clearly oblivious of your rank and status, takes a disliking to [wikid_companion.GetFirstName]. They are throwing insults at [wikid_companion.GetHerHim] and slighting [wikid_companion.GetHerHis] honour.;Après plusieurs semaines en mer, vous arrivez finalement dans un port proche de la péninsule de Valyria pour vous approvisionner. C'est à ce moment-là, que vous apprenez à vos hommes que vous avez l'intention de faire voile vers la Mer Fumeuse pour chercher l'antique Valyria, comme indiqué sur la carte du vieil homme. Plusieurs lâches vous abandonnent mais les autres, dont le fidèle [wikid_companion.GetFirstName], vous restent loyaux. En outre, d'autres hommes qui acceptent de prendre des risques peuvent être engagés.\n\nPour passer le temps, pendant que le bateau est réapprovisionné, vous et [wikid_companion.GetFirstName] allez visiter une taverne. La salle est bruyante et festive mais un groupe de vieux loups de mers, clairement inconscient de votre rang, prennent à partie [wikid_companion.GetFirstName]. Ils l'insultent et mettent en doute son honneur.;;;Después de muchas semanas navegando, finalmente llegamos al puerto cerca de la península Valyria para coger suministros. Es es cuando le dices a los hombres que tienes la intención de navegar hacia el Mar Humeante en busca de la Vieja Valyria, como el mapa del viejo marca. Muchos se oponen a esto y desertan, pero otros, incluido el fiel [wikid_companion.GetFirstName], permanecen leales. En cualquier caso, se pueden contratar hombres más dignos dispuestos a correr el riesgo.\n\nPara pasar el tiempo mientras se reabastece el barco, usted y [wikid_companion.GetFirstName] visitan una taberna local. La atmósfera es ruidosa y amistosa, pero un grupo de marineros de aspecto endurecido, claramente ajeno a tu rango y estatus, te desagradan. Están lanzando insultos a [wikid_companion.GetHerHim] y menosprecian [wikid_companion.GetHerHis] su honor.;;;;;;;;;x
EVTOPTAwikid.81;This is intolerable! Lets take this outside!;C'est intolérable ! Allons régler ça dehors !;;;¡Es intolerable! Vamos a resolver esto!;;;;;;;;;x
TOOLTIPwikid.82;A brawl in the street ensues...;Une bagarre dans la rue s'ensuit…;;;Una pelea en la calle;;;;;;;;;x
EVTOPTBwikid.81;They laugh now, but an accident will befall them;Ils rient maintenant, mais un accident est si vite arrivé…;;;Se ríen ahora, pero les sucederá un accidente...;;;;;;;;;x
TOOLTIPwikid.83;You have them discreetly dealt with...;Vous vous occupez d'eux discrètement…;;;Te ocupas de ellos discretamente...;;;;;;;;;x
EVTOPTCwikid.81;I have just the witty retort for this!;J'ai justement une réplique spirituelle pour ceci !;;;¡Tengo una idea ingeniosa para resolver esto!;;;;;;;;;x
EVTOPTDwikid.81;Ha! I think they are right my dear [wikid_companion.GetFirstName]!;Ah ! Je pense qu'ils ont raison, mon cher [wikid_companion.GetFirstName] !;;;!Ah! Creo que tienes razón [wikid_companion.GetFirstName]!;;;;;;;;;x
EVTDESCwikid.82;Outside the tavern you and [wikid_companion.GetFirstName] have a fierce fist fight with the drunken sailors. You are outnumbered, but you and [wikid_companion.GetFirstName] manage to break a few teeth and spill some blood before you are in turn beaten...;A l'extérieur de la taverne, vous et [wikid_companion.GetFirstName] avez une féroce bagarre avec les marins ivres. Vous êtes surpassés en nombre mais [wikid_companion.GetFirstName] arrive quand même à casser quelques dents et à les blesser avant d'être battu.;;;Fuera de la taberna, tú y [wikid_companion.GetFirstName] luchan ferozmente contra los marineros borrachos. Usted está en inferioridad numérica, pero usted y [wikid_companion.GetFirstName] logran romper algunos dientes y derramar un poco de sangre antes de que a su vez sea golpeado..;;;;;;;;;x
EVTOPTAwikid.82;Bring it on!;Même pas peur !;;;¡Dale!;;;;;;;;;x
EVTDESCwikid.83;At first [wikid_companion.GetFirstName] is angry that you did not defend [wikid_companion.GetHerHis] honour, but when the sailors leave the tavern you bid [wikid_companion.GetHerHim] follow you after them. From a distance you both watch as hooded figures emerge from a dark alley and slit their throats from behind as shocked passers-by look on.;Au départ, [wikid_companion.GetFirstName] était fâché que vous ne défendiez pas son honneur mais lorsque les marins quittent la taverne, vous lui faites signe que vous allez les suivre. A distance, vous regardez des silhouettes encapuchonnés sortir des ombres et trancher la gorge des marins.;;;Al principio [wikid_companion.GetFirstName] está enojado porque no defendiste su honor, pero cuando los marineros salen de la taberna haces una oferta a [wikid_companion.GetHerHim] te sigue después de ellos. Desde la distancia, los dos mirais cómo unas figuras encapuchadas emergen de un callejón oscuro y les cortan la garganta por detrás mientras los transeúntes observan conmocionado.;;;;;;;;;x
EVTOPTAwikid.83;I trust this vengeance pleases you;Je savais que cette vengeance te plairait;;;Confío en que esta venganza te agrade;;;;;;;;;x
EVTTITLEwikid.84;The Feast;Le banquet;;;La fiesta;;;;;;;;;x
EVTDESCwikid.84A;The first leg of the journey has passed, with the ship arriving in port at Volantis after crossing The Summer Sea. This is when you tell the men you intend to sail into the Smoking Sea in search of Old Valyria, as the old man's map instructs to do. Many baulk at this and desert, but others, including the trusty [wikid_companion.GetFirstName], remain loyal. More worthy men willing to take the risk can be hired anyway.\n\n Whilst waiting for the ship to be resupplied, you receive an offical invitation from [wikid_feast_host.GetTitledFirstName] [wikid_feast_host.GetOnlyDynastyName], a local Volantene noble, to join [wikid_feast_host.GetHerHim] at a feast. You and [wikid_companion.GetFirstName] attend that very evening as guests of honour.;La première partie du voyage se termine en atteignant le port de Volantis après avoir traversé la Mer d'Eté. C'est à ce moment-là, que vous apprenez à vos hommes que vous avez l'intention de faire voile vers la Mer Fumeuse pour chercher l'antique Valyria, comme indiqué sur la carte du vieil homme. Plusieurs lâches vous abandonnent mais les autres, dont le fidèle [wikid_companion.GetFirstName], vous restent loyaux. En outre, d'autres hommes qui acceptent de prendre des risques peuvent être engagés.\n\nAlors que vous attendez que le bateau soit réapprovisionné, vous recevez une invitation officielle de [wikid_feast_host.GetTitledFirstName] [wikid_feast_host.GetOnlyDynastyName], un noble volantain, pour participer à un banquet. Avec [wikid_companion.GetFirstName], vous serez les invités d'honneur de cette soirée.;;;La primera etapa del viaje ha pasado, con el barco llegando a puerto en Volantis después de cruzar el mar de verano. Esto es cuando le dices a los hombres que tienes la intención de navegar hacia el Mar Humeante en busca de la Vieja Valyria, como el mapa del viejo marca. Muchos se oponen a esto y desertan, pero otros, incluido el fiel [wikid_companion.GetFirstName], permanecen leales. En cualquier caso, se pueden contratar hombres más valiosos dispuestos a correr el riesgo.\n\n Mientras se espera el reabastecimiento del barco, se recibe una invitación oficial de [wikid_feast_host.GetTitledFirstName] [wikid_feast_host.GetOnlyDynastyName], un noble local de Volantis, para unirse [wikid_feast_host.GetHerHim] en una fiesta. Usted y [wikid_companion.GetFirstName] asisten esa misma tarde como invitados de honor.;;;;;;;;;x
EVTDESCwikid.84B;The first leg of the journey has passed, with the ship arriving in port at Astapor after crossing The Gulf of Grief. This is when you tell the men you intend to sail into the Smoking Sea in search of Old Valyria, as the old man's map instructs to do. Many baulk at this and desert, but others, including the trusty [wikid_companion.GetFirstName], remain loyal. More worthy men willing to take the risk can be hired anyway.\n\n Whilst waiting for the ship to be resupplied, you receive an offical invitation from [wikid_feast_host.GetTitledFirstName] [wikid_feast_host.GetOnlyDynastyName], a local Astapori noble, to join [wikid_feast_host.GetHerHim] at a feast. You and [wikid_companion.GetFirstName] attend that very evening as guests of honour.;La première partie du voyage se termine en atteignant le port de Astapor après avoir traversé le Golfe de Douleur. C'est à ce moment-là, que vous apprenez à vos hommes que vous avez l'intention de faire voile vers la Mer Fumeuse pour chercher l'antique Valyria, comme indiqué sur la carte du vieil homme. Plusieurs lâches vous abandonnent mais les autres, dont le fidèle [wikid_companion.GetFirstName], vous restent loyaux. En outre, d'autres hommes qui acceptent de prendre des risques peuvent être engagés.\n\nAlors que vous attendez que le bateau soit réapprovisionné, vous recevez une invitation officielle de [wikid_feast_host.GetTitledFirstName] [wikid_feast_host.GetOnlyDynastyName], un noble astapori pour participer à un banquet. Avec [wikid_companion.GetFirstName], vous serez les invités d'honneur de cette soirée.;;;La primera etapa del viaje ha pasado, con el barco llegando al puerto de Astapor después de cruzar el Golfo de las Penas. Esto es cuando le dices a los hombres que tienes la intención de navegar hacia el Mar Humeante en busca de la Vieja Valyria, como el mapa del viejo marca. Muchos se oponen a esto y desertan, pero otros, incluido el fiel [wikid_companion.GetFirstName], permanecen leales. En cualquier caso, se pueden contratar hombres más valiosos dispuestos a correr el riesgo.\n\n Mientras se espera el reabastecimiento del barco, se recibe una invitación oficial de [wikid_feast_host.GetTitledFirstName] [wikid_feast_host.GetOnlyDynastyName], un noble local de Astapor, para unirse [wikid_feast_host.GetHerHim] en una fiesta. Usted y [wikid_companion.GetFirstName] asisten esa misma tarde como invitados de honor.;;;;;;;;;x
EVTDESCwikid.84C;The first leg of the journey has passed, with the ship arriving in port at [wikid_feast_host.Capital.GetName]. This is when you tell the men you intend to sail into the Smoking Sea in search of Old Valyria, as the old man's map instructs to do. Many baulk at this and desert, but others, including the trusty [wikid_companion.GetFirstName], remain loyal. More worthy men willing to take the risk can be hired anyway.\n\n Whilst waiting for the ship to be resupplied, you receive an offical invitation from [wikid_feast_host.GetTitledFirstName] [wikid_feast_host.GetOnlyDynastyName], a local noble, to join [wikid_feast_host.GetHerHim] at a feast. You and [wikid_companion.GetFirstName] attend that very evening as guests of honour.;La première partie du voyage se termine en atteignant le port de [wikid_feast_host.Capital.GetName]. C'est à ce moment-là, que vous apprenez à vos hommes que vous avez l'intention de faire voile vers la Mer Fumeuse pour chercher l'antique Valyria, comme indiqué sur la carte du vieil homme. Plusieurs lâches vous abandonnent mais les autres, dont le fidèle [wikid_companion.GetFirstName], vous restent loyaux. En outre, d'autres hommes qui acceptent de prendre des risques peuvent être engagés.\n\nAlors que vous attendez que le bateau soit réapprovisionné, vous recevez une invitation officielle de [wikid_feast_host.GetTitledFirstName] [wikid_feast_host.GetOnlyDynastyName], un noble de la ville pour participer à un banquet. Avec [wikid_companion.GetFirstName], vous serez les invités d'honneur de cette soirée.;;;La primera etapa del viaje ha pasado, con el barco llegando al puerto en [wikid_feast_host.Capital.GetName]. Esto es cuando le dices a los hombres que tienes la intención de navegar hacia el Mar Humeante en busca de la Vieja Valyria, como el mapa del viejo marca. Muchos se oponen a esto y desertan, pero otros, incluido el fiel [wikid_companion.GetFirstName], permanecen leales. En cualquier caso, se pueden contratar hombres más valiosos dispuestos a correr el riesgo.\n\n Mientras se espera el reabastecimiento del barco, se recibe una invitación oficial de [wikid_feast_host.GetTitledFirstName] [wikid_feast_host.GetOnlyDynastyName], un noble local, para unirse [ wikid_feast_host.GetHerHim] en una fiesta. Usted y [wikid_companion.GetFirstName] asisten esa misma tarde como invitados de honor.;;;;;;;;;x
EVTOPTAwikid.84;[wikid_feast_host.GetTitledFirstNameNoRegnal] seemed to enjoy our presence;[wikid_feast_host.GetTitledFirstNameNoRegnal] a l'air d'apprécier notre présence;;;[wikid_feast_host.GetTitledFirstNameNoRegnal] parecía disfrutar de nuestra presencia;;;;;;;;;x
EVTOPTBwikid.84;I didn't get on with [wikid_feast_host.GetTitledFirstNameNoRegnal];Je n'en ai pas fini avec [wikid_feast_host.GetTitledFirstNameNoRegnal];;;[wikid_feast_host.GetTitledFirstNameNoRegnal] no parecía disfrutar de nuestra presencia;;;;;;;;;x
EVTOPTCwikid.84;Our hosts enjoyed my wit and charm;Nos hôtes ont apprécié mon esprit et mon charme;;;Nuestros anfitriones disfrutaron mi ingenio y encanto;;;;;;;;;x
EVTOPTDwikid.84;[wikid_feast_host.GetTitledFirstNameNoRegnal] was impressed by my use of valyrian;[wikid_feast_host.GetTitledFirstNameNoRegnal] a été impressionné par mon valyrien.;;;[wikid_feast_host.GetTitledFirstNameNoRegnal] quedó impresionado por mi uso del valyrio;;;;;;;;;x
EVTDESCwikid.85;The ship has set sail again, bound for The Smoking Sea. This sea was created from the shattered remains of Valyria after the Doom, and is now filled with volcanoes and smoking stacks of rock. The men are apprehensive, some say it boils in places and is haunted by demons.;Le navire a mis les voiles à nouveau, faisant route vers la Mer Fumeuse. Cette mer est issue des vestiges de Valyria brisée après le Fléau. Elle est maintenant remplie de volcans et de roches fumantes. Les hommes sont inquiets, certains disent que la mer bout par endroit et qu'elle est hantée par des démons.;;;El barco ha zarpado otra vez, con destino al mar Humeante.Este mar fue creado a partir de los restos destrozados de Valyria después del cataclismo, y ahora está lleno de volcanes y pilas de rocas humeantes.Los hombres son aprensivos, el área de Valyria es actualmente descrita como habitada por demonios, y mucha gente teme acercarse, diciendo La Maldición aún continúa en Valyria.;;;;;;;;;x
EVTOPTAwikid.85;These myths are no danger, set course!;Ces racontars ne sont pas des dangers, en avant !;;;Estos mitos no son peligro, ¡Marca el rumbo!;;;;;;;;;x
EVTDESCwikid.86;For many leagues we sailed through the Smoking Sea, with visibility gradually declining as a humid mist envelops the ship. Before the course can be changed it becomes clear we have come far too close to an active volcano! The mist is becoming hotter and hotter, with a rain of searing ash beginning to rain on the ship!;Pendant bien des lieues, nous avons navigué à travers la Mer Fumeuse, la visibilité diminuant progressivement alors qu'une vapeur humide enveloppe le navire. Avant que le cap puisse être changé, il devient clair que nous nous sommes trop approchés près d'un volcan en activité ! La brume devient de plus en plus chaude, avec une pluie de cendres brûlantes qui commence à pleuvoir sur le vaisseau !;;;Durante muchas leguas navegamos a través del Mar Humeante, con una visibilidad que decrece gradualmente a medida que una niebla húmeda envuelve la nave. ¡Antes de que se pueda cambiar el curso, queda claro que nos hemos acercado demasiado a un volcán activo! La neblina se está volviendo cada vez más cálida, ¡Con una lluvia de cenizas abrasadoras empezando a llover en el barco!;;;;;;;;;x
EVTOPTAwikid.86A;This warship is strong, we can sail through this!;Ce navire de guerre est solide, nous pouvons naviguer avec lui !;;;Este buque de guerra es fuerte, ¡Podemos navegar a través de esto!;;;;;;;;;x
EVTOPTAwikid.86B;I trust this cargo ship is sturdy enough;J'ai confiance que cette coque est assez solide.;;;Confío en que este buque de carga sea lo suficientemente resistente;;;;;;;;;x
EVTOPTAwikid.86C;We should have taken a larger ship...;Nous aurions dû prendre un bateau plus grand…;;;Deberíamos haber cogido un barco más grande...;;;;;;;;;x
CUSTOMTOOLTIPwikid86A;Safely Navigate the Cloud;Naviguer sans encombre le Nuage;;;Navega de forma segura por la niebla;;;;;;;;;x
CUSTOMTOOLTIPwikid86B;Calamity Befalls the Ship...;Une catastrophe frappe le navire…;;;La Calamidad Cae sobre el barco...;;;;;;;;;x
EVTDESCwikid.87;Proving our bravery and the crew's able seamanship, we have safely navigated ourselves away from the hot ash cloud. The ship suffered some mild damage after some outbreaks of fire, but the crew managed to contain it and keep the ship afloat.;Grâce à notre bravoure et à la capacité à naviguer de l'équipage, nous avons laissé derrière nous le nuage de cendres chaudes. Le bateau a subi quelques dommages après des éruptions de feu mais l'équipage a réussi à le contenir et à garder le bateau à flots.;;;Demostrando nuestra valentía y la habilidad marinera de la tripulación, nos hemos alejado de la niebla de cenizas calientes de forma segura. El barco sufrió un daño leve después de algunos brotes de incendio, pero la tripulación logró contenerlo y mantener el barco a flote.;;;;;;;;;x
EVTOPTAwikid.87;Well done men;Beau travail, les gars !;;;!Buen trabajo, chicos!;;;;;;;;;x
EVTDESCwikid.88;After many days of sailing, a vicious storm takes hold of the ship. We are buffeted by high winds and rains of hot ash and water. The ship, now out of control, veers towards a massive whirlpool, with many men falling overboard to their deaths. When you and the crew finally navigate your way out of the whirlpool, you realise [wikid_companion.GetFirstName] is missing!;Après plusieurs jours en mer, une tempête s'abat sur le bateau. Nous sommes ballottés par les vents violents et submergés par les vagues. Le navire, à présent, hors de contrôle, se dirige vers un énorme tourbillon, alors que les hommes se jettent par-dessus bord espérant, en vain, échapper à la mort. Lorsqu'avec l'aide de l'équipage, vous parvenez, à naviguer hors du danger, vous réalisez que [wikid_companion.GetFirstName] a disparu !;;;Después de muchos días de navegación, una tormenta nos azota. Nos golpea un viento fuerte y una lluvia de ceniza caliente. El barco, ahora fuera de control, se dirige hacia un enorme remolino, con muchos hombres cayendo por la borda a la muerte. Cuando tú y la tripulación finalmente navegan para salir del remolino, te das cuenta de que falta [wikid_companion.GetFirstName].;;;;;;;;;x
EVTOPTAwikid.88;Bring the ship around to save [wikid_companion.GetHerHim]!;Manœuvrez le bateau pour  [wikid_companion.GetHerHim] sauver !;;;!Maniobre el barco para salvar a [wikid_companion.GetHerHim]!;;;;;;;;;x
CUSTOMTOOLTIPwikid89;[wikid_companion.GetFirstName] is saved;[wikid_companion.GetFirstName] est sauvé(e) !;;;[wikid_companion.GetFirstName] es salvado;;;;;;;;;x
EVTOPTCwikid.88;I will pick [wikid_companion.GetHerHim] up with my dragon;Je vais  [wikid_companion.GetHerHim] récupérer avec mon dragon;;;Voy a recuperar a [wikid_companion.GetHerHim] con mi dragón;;;;;;;;;x
EVTOPTDwikid.88;My whale will find [wikid_companion.GetHerHim];Ma baleine [wikid_companion.GetHerHim] trouvera;;;Mi ballena encontrará a [wikid_companion.GetHerHim];;;;;;;;;x
EVTOPTBwikid.88;The risk of rescue is too great;Le risque du sauvetage est trop grand;;;El riesgo de rescate es demasiado grande;;;;;;;;;x
EVTDESCwikid.89;Sailing around the edge of the whirlpool, a member of the crew spots [wikid_companion.GetFirstName] in the water. Ropes are hurled into the sea and then haul [wikid_companion.GetHerHim] back onto the ship. [wikid_companion.GetSheHeCap] is cold and wet, and was seemingly on the verge of drowning, but is now safely aboard and grateful for the risk you took in rescuing [wikid_companion.GetHerHim].;En navigant au bord du tourbillon, un membre d'équipage aperçoit [wikid_companion.GetFirstName] dans l'eau. Des cordes sont jetées and la mer et vous hissez [wikid_companion.GetFirstName] à bord. Il(elle) est trempé(e) et transi(e) de froid et semble au bord de l'épuisement. Mais maintenant en sûreté à bord, il(elle) vous remercie pour les risques qui ont été pris en venant à son secours.;;;Navegando alrededor del borde del remolino, un miembro de la tripulación ve a [wikid_companion.GetFirstName] en el agua. Las cuerdas son arrojadas al mar y luego arrastran a [wikid_companion.GetHerHim] de vuelta al barco. [wikid_companion.GetSheHeCap] esta frío y húmedo, y aparentemente estaba a punto de ahogarse, pero ahora está a salvo a bordo y agradecido por el riesgo que corriste al rescatarlo.;;;;;;;;;x
EVTDESCwikid.89B;Flying through the rain and ash over the whirlpool you spot [wikid_companion.GetFirstName] in the water. You urge your dragon dive and haul [wikid_companion.GetHerHim] onto the back of your dragon with you and return to the ship. [wikid_companion.GetSheHeCap] is cold and wet, and was seemingly on the verge of drowning, but is now safely aboard and grateful for the risk you took in rescuing [wikid_companion.GetHerHim].;En volant à travers la pluie et la cendre au-dessus du tourbillon, vous apercevez [wikid_companion.GetFirstName] dans l'eau. Vous ordonnez à votre dragon de plonger et vous hissez votre compagnon sur le dos de votre dragon avant de retourner au bateau.  Il(elle) est trempé(e) et transi(e) de froid et semble au bord de l'épuisement. Mais maintenant en sûreté à bord, il(elle) vous remercie pour les risques qui ont été pris en venant à son secours.;;;Mientras vuelas a través de la lluvia de cenizas sobre el remolino, ves a [wikid_companion.GetFirstName] en el agua. Usted ordena a su dragón que se zambulla y coja a su compañero regresais a salvo al barco. Él (ella) está empapado y frío, y parece estar al borde del agotamiento. Pero ahora seguro a bordo, él te agradece los riesgos que se han tomado al venir a su rescate.;;;;;;;;;x
EVTDESCwikid.89C;You send your whale into the whirlpool to find [wikid_companion.GetFirstName], and sometime later it returns with your friend riding on its back. Ropes are hurled into the sea and then haul [wikid_companion.GetHerHim] back onto the ship. [wikid_companion.GetSheHeCap] is cold and wet, and was seemingly on the verge of drowning, but is now safely aboard and grateful for the risk you took in rescuing [wikid_companion.GetHerHim].;Vous envoyez votre baleine dans le tourbillon pour trouver [wikid_companion.GetFirstName]. Quelques instants plus tard, vous apercevez votre ami sur le dos de l'animal.  Des cordes sont jetées and la mer et vous hissez [wikid_companion.GetFirstName] à bord. Il(elle) est trempé(e) et transi(e) de froid et semble au bord de l'épuisement. Mais maintenant en sûreté à bord, il(elle) vous remercie pour les risques qui ont été pris en venant à son secours.;;;Envías tu ballena al torbellino para encontrar a [wikid_companion.GetFirstName], y algún tiempo después regresa con tu amigo montado sobre su espalda. Las cuerdas son arrojadas al mar y luego arrastran a [wikid_companion.GetHerHim] de vuelta al barco. Esta frío y húmedo, y aparentemente estaba a punto de ahogarse, pero ahora está a salvo a bordo y agradecido por el riesgo que corriste al rescatarlo.;;;;;;;;;x
EVTOPTAwikid.89;No problem my friend;Je t'en prie mon ami !;;;No hay problema, mi amigo;;;;;;;;;x
EVTDESCwikid.90;The sea was calm and no dangers had been encountered, lulling us all into a false sense of safety. This calm was broken when a huge Kraken attacked the ship! It was thought they were just a myth, but this monstrous giant squid is very real! It is wrapping its tentacles around the ship, furiously trying to pull ship and crew to the bottom of the sea.;La mer était calme et aucun danger n'a été rencontré, nous donnant un faux sentiment de sécurité. Ce calme a été rompu quand un énorme kraken a attaqué le navire ! Nous pensions qu'ils n'étaient qu'un mythe, mais ce kraken géant monstrueux est très réel ! Il enveloppe ses tentacules autour du vaisseau, essayant furieusement de tirer le navire et l'équipage au fond de la mer.;;;El mar estaba en calma y no se habían encontrado peligros, induciendo a todos a una falsa sensación de seguridad. ¡Esta calma se rompió cuando un enorme Kraken atacó el barco! Se pensó que solo eran un mito, ¡Pero este monstruoso calamar gigante es muy real! Está envolviendo sus tentáculos alrededor de la nave, tratando furiosamente de llevar al barco y la tripulación hasta el fondo del mar.;;;;;;;;;x
EVTOPTAwikid.90;To arms!;Aux armes !;;;¡A las armas!;;;;;;;;;x
EVTOPTBwikid.90;Dracarys!;Dracarys !;;;;;;;;;;;;x
EVTDESCwikid.91;The Kraken pulled many of the men into the sea to their deaths, but our attacks managed to free the ship from its grasp and scare it off!;Le kraken a tiré beaucoup d'hommes dans la mer jusqu'à leur mort, mais nos attaques ont réussi à libérer le navire de son étreinte et à l'effrayer !;;;!El Kraken llevó a muchos de los hombres al mar a su muerte, pero nuestros ataques lograron liberar el barco de su alcance y asustarlo!;;;;;;;;;x
EVTOPTAwikid.91;Thank [Root.Religion.GetHighGodName];Merci [Root.Religion.GetHighGodName];;;Gracias [Root.Religion.GetHighGodName];;;;;;;;;x
EVTDESCwikid.92;Despite our desperate attacks, the kraken is not deterred. Its grip is tightening and gradually the ship falls apart with the wrenching splitting and breaking of wood. We are all pulled down into the sea in its grasp...;Malgré nos attaques désespérées, le kraken n'est pas découragé. Son étreinte se resserre et peu à peu le navire part en morceaux avec le déchirement et la rupture du bois. Nous sommes tous tirés vers la mer à sa portée...;;;A pesar de nuestros desesperados ataques, el kraken no se detiene. Su agarre se aprieta y poco a poco el barco se deshace desgarradolo y partiéndolo en dos rompimiento la madera. Todos fuimos arrojados al mar en sus manos...;;;;;;;;;x
EVTOPTAwikid.92;Arrrrgh!!!;Arrrrgh!!!;;;;;;;;;;;;x
EVTDESCwikid.94;The ship has navigated the Smoking Sea intact, with not too many losses, and finally makes land on the broken Valyrian mainland. The land starts with sheer cliffs many hundreds of feet high, with seemingly no visible way to reach the plateau above. These cliffs were no doubt formed when the peninsula was wrought asunder.;Le navire a traversé sans trop de pertes la Mer Fumeuse pour finalement aborder le continent brisé de Valyria. La terre commence par des falaises abruptes de plusieurs centaines de pieds de haut, avec apparemment aucune façon visible d'atteindre le plateau au-dessus. Ces falaises furent sans doute formées lorsque la péninsule fut ravagée.;;;El barco navegó por el Mar de Humeante intacto, sin demasiadas pérdidas, y finalmente aterriza en tierra firme de Valyria. La tierra comienza con escarpados acantilados de muchos cientos de pies de altura, con una forma aparentemente no visible de llegar a la meseta de arriba. Sin duda, estos acantilados se formaron cuando la península se dividió en dos.;;;;;;;;;x
EVTDESCwikid.94B;The ship has navigated the Smoking Sea intact, with not too many losses, and finally makes land on the broken Valyrian mainland. Here we find a surly [wikid_companion.GetFirstName] waiting, having seemingly survived the sea and upset we didn't come back to save [wikid_companion.GetHerHim]! You both resolve to move on however, observing the sheer cliffs many hundreds of feet high before you, with seemingly no visible way to reach the plateau above. These cliffs were no doubt formed when the peninsula was wrought asunder.;Le navire a traversé sans trop de pertes la Mer Fumeuse pour finalement aborder le continent brisé de Valyria. Vous retrouvez [wikid_companion.GetFirstName] qui vous attend de pied ferme. Il/elle a survécu à la mer mais il/elle est de mauvaise humeur que vous n'ayez pas faire demi-tour pour le/la sauver. Néanmoins, vous décidez tous les deux d'aller de l'avant et vous observez les falaises abruptes de plusieurs centaines de pieds de haut, avec apparemment aucune façon visible d'atteindre le plateau au-dessus. Ces falaises furent sans doute formées lorsque la péninsule fut ravagée.;;;El barco navegó por el Mar de Humeante intacto, sin demasiadas pérdidas, y finalmente aterriza en la tierra firme de Valyria. Aquí encontramos a un enfadado [wikid_companion.GetFirstName] esperando, que aparentemente sobrevivió al mar y molesto por no haber regresado para salvarlo. Sin embargo, ambos deciden seguir adelante, observando los escarpados acantilados a muchos cientos de pies de altura delante de ustedes, con una forma aparentemente invisible de alcanzar la meseta de arriba. Sin duda, estos acantilados se formaron cuando la península se dividió en dos.;;;;;;;;;x
EVTDESCwikid.94C;The ship is broken and burned in the storm of ash, with the loss of all crew. Fortunately you and [wikid_companion.GetFirstName] both survive by clinging to some wreckage, and are washed up on the nearby Valyrian mainland. The land starts with sheer cliffs many hundreds of feet high, with seemingly no visible way to reach the plateau above. These cliffs were no doubt formed when the peninsula was wrought asunder.;Le navire est brisé et brulé par des orages de cendres, tout l'équipage est perdu. Heureusement que vous et [wikid_companion.GetFirstName] arrivez à survivre en vous accrochant à des débris. Vous êtes rejetés par la mer sur une plage du continent brisé de Valyria. La terre commence par des falaises abruptes de plusieurs centaines de pieds de haut, avec apparemment aucune façon visible d'atteindre le plateau au-dessus. Ces falaises furent sans doute formées lorsque la péninsule fut ravagée.;;;La nave se rompe y se quema en la tormenta de cenizas, con la pérdida de toda la tripulación. Afortunadamente, tú y [wikid_companion.GetFirstName] sobreviven aferrándose a algunos restos, y se arrojan a la tierra cercana de Valyria. La tierra comienza con escarpados acantilados de muchos cientos de pies de altura, con una forma aparentemente no visible de llegar a la meseta de arriba. Sin duda, estos acantilados se formaron cuando la península se dividió en dos.;;;;;;;;;x
EVTOPTAwikid.94;We must scale directly up, no matter the danger;Nous devons grimper directement, quel que soit le danger;;;Debemos escalar directamente hacia arriba, sin importar el peligro;;;;;;;;;x
TOOLTIPwikid.95;The Cliffs are Scaled Safely;Vous escaladez les falaises sans encombre;;;Los acantilados se escalan de forma segura;;;;;;;;;x
TOOLTIPwikid.96;[wikid_companion.GetFirstName] Intervenes;[wikid_companion.GetFirstName] intervient;;;[wikid_companion.GetFirstName] Interviene;;;;;;;;;x
TOOLTIPwikid.97;A Calamity Befalls You Both;Une catastrophe vous frappe tous les deux;;;Una calamidad les sucede a ambos;;;;;;;;;x
EVTOPTBwikid.94;It may take longer, be we must scout a safe way up;Ça prendra plus de temps mais nous devons partir en reconnaissance pour trouver une voie sûre.;;;Llevará más tiempo, pero tenemos que ir en busca de un camino seguro;;;;;;;;;x
EVTOPTCwikid.94;Ah, we can just fly up!;Ah, nous pouvons voler là-haut !;;;¡Ah, podemos volar!;;;;;;;;;x
EVTOPTDwikid.94;My crow can scout a safe route up for us;Mon corbeau peut partir en reconnaissance d'une route sûre pour nous;;;Mi cuervo puede explorar una ruta segura para nosotros;;;;;;;;;x
EVTOPTEwikid.94;My eagle can scout a safe route up for us;Mon aigle peut partir en reconnaissance d'une route sûre pour nous;;;Mi águila puede explorar una ruta segura para nosotros;;;;;;;;;x
EVTDESCwikid.95;The cliffs have been safely scaled, there were some moments where you almost slipped, but your grip held firm. Now you have reached the mainland of the Freehold it is time to trek across the charred and ruined landscape to Old Valyria itself.;Vous escaladez les falaises sans encombre. A certains moments, vous glissez mais vous réussissez à maintenir une prise ferme. Maintenant que vous avez atteint le cœur des Possessions, il est temps de parcourir le paysage carbonisé et ruiné de l'ancienne Valyria elle-même.;;;Los acantilados se han escalado de forma segura, hubo algunos momentos en los que casi te resbalaste, pero tu agarre se mantuvo firme. Ahora que has llegado a la tierra firme del Feudo, es hora de caminar por el paisaje carbonizado y arruinado hasta la Vieja Valyria.;;;Los acantilados se han escalado de forma segura, hubo algunos momentos en los que casi te resbalaste, pero tu agarre se mantuvo firme. Ahora has llegado a la parte continental del Feudo, que parece carbonizado y arruinado por la reciente catástrofe, y ahora debes viajar hasta Valyria.;;;;;;x
EVTDESCwikid.95B;The cliffs have been safely scaled, there were some moments where you almost slipped, but your grip held firm. Now you have reached the mainland of the Freehold, which seems charred and ruined by the recent catastrophe, and now must trek to Valyria itself.;Vous escaladez les falaises sans encombre. A certains moments, vous glissez mais vous réussissez à maintenir une prise ferme. Maintenant que vous avez atteint le cœur des Possessions, il est temps de parcourir le paysage carbonisé et ruiné de l'ancienne Valyria elle-même.;;;Los acantilados se han escalado de forma segura, hubo algunos momentos en los que casi te resbalaste, pero tu agarre se mantuvo firme. Ahora has llegado al continente del Feudo que parece carbonizado y arruinado por la reciente catástrofe, y ahora debes viajar hasta Valyria.;;;;;;;;;x
EVTOPTAwikid.95;Onwards!;En avant !;;;¡Adelante!;;;;;;;;;x
EVTDESCwikid.96;You thought you were making good progress up the cliffs, that is until the rock crumbled beneath your feet! Luckily [wikid_companion.GetFirstName] managed to stick out an arm and grab you, preventing you from falling to your death. Together you reach the top of the cliff, and begin the trek across the charred and ruined landscape to Old Valyria itself.;Vous pensez avoir bien progressé dans la falaise, lorsqu'un caillou se dérobe sous votre pied ! Par chance [wikid_companion.GetFirstName] arrive à élancer son bras et à vous agripper, vous empêchant de plonger vers la mort. Ensemble, vous atteignez le sommet de la falaise, et vous débutez votre parcours à travers le paysage carbonisé et ruiné de l'ancienne Valyria.;;;¡Pensaste que estabas haciendo un buen progreso en los acantilados, eso es hasta que la roca se derrumbó bajo tus pies! Afortunadamente [wikid_companion.GetFirstName] logró sacar un brazo y agarrarte, evitando que te caigas a la muerte. Juntos llegan a la cima del acantilado y comienzan la caminata por el paisaje carbonizado y arruinado hasta la Vieja Valyria.;;;;;;;;;x
EVTDESCwikid.96B;You thought you were making good progress up the cliffs, that is until the rock crumbled beneath your feet! Luckily [wikid_companion.GetFirstName] managed to stick out an arm and grab you, preventing you from falling to your death. Together you reach the top of the cliff, and begin the trek across the recently ravaged land to Valyria.;Vous pensez avoir bien progressé dans la falaise, lorsqu'un caillou se dérobe sous votre pied ! Par chance [wikid_companion.GetFirstName] arrive à élancer son bras et à vous agripper, vous empêchant de plonger vers la mort. Ensemble, vous atteignez le sommet de la falaise, et vous débutez votre parcours à travers le paysage carbonisé et ruiné de l'ancienne Valyria.;;;¡Pensaste que estabas haciendo un buen progreso en los acantilados, eso es hasta que la roca se derrumbó bajo tus pies! Afortunadamente [wikid_companion.GetFirstName] logró sacar un brazo y agarrarte, evitando que te caigas a la muerte. Juntos llegan a la cima del acantilado y comienzan la caminata por la devastada tierra hacia Valyria.;;;;;;;;;x
EVTOPTAwikid.96;Thanks for saving me!;Merci de m'avoir sauvé !;;;¡Gracias por salvarme!;;;;;;;;;x
EVTDESCwikid.97;The climb up the cliffs was proving arduous, so you and [wikid_companion.GetFirstName] came to rest on small ledge. You both notcied a sudden rumbling high above however, and soon you are engulfed in a large rockslide! You are both swept off the ledge into the abyss below...;L'escalade des falaises se révèle ardue, ainsi avec [wikid_companion.GetFirstName], vous décidez de vous reposer sur une saillie rocheuse. Bientôt vous remarquez un grondement soudain au-dessus de vous et bientôt vous êtes engloutis dans une avalanche de rochers ! Vous êtes tous deux balayés de la corniche et précipitez dans l'abîme au-dessous de vous...;;;Subir por los acantilados era arduo, así que tú y [wikid_companion.GetFirstName] descansaron en una pequeña repisa. ¡Sin embargo, ambos notaron un estruendo repentino en lo alto, y pronto quedaron envueltos en un gran desprendimiento de rocas! Ambos son arrastrados fuera de la cornisa hacia el abismo..;;;;;;;;;x
EVTOPTAwikid.97;Arghhh!;Arghhh!;;;;;;;;;;;;x
EVTDESCwikid.98;Most of the shattered island upon which the ruined city of Valyria lies is accesible only by high, sheer cliffs. Fortunately you have managed to navigate to one of the few shallow inlets left on the isle. Now it is time to trek against across the devastated mainland to Old Valyria itself.;La plus grande partie de l'île dévastée sur laquelle se trouve la cité de Valyria n'est accessible que par de hautes falaises escarpées. Heureusement que vous avez réussi à vous diriger vers l'une des rares entrées qui restent dans l'ile. Maintenant, il est temps de débuter votre parcours à travers le paysage carbonisé et ruiné de l'ancienne Valyria.;;;La mayor parte de la isla destrozada sobre la que se encuentra la ciudad en ruinas de Valyria es accesible solo por altos acantilados. Afortunadamente, has logrado encontrar a una de las pocas entradas poco profundas que quedan en la isla. Ahora es el momento de caminar en la devastada tierra firme hasta la Vieja Valyria.;;;;;;;;;x
EVTDESCwikid.98B;Most of the shattered island upon which the ruined city of Valyria lies is accesible only by high, sheer cliffs. Fortunately you have managed to navigate to one of the few shallow inlets left on the isle. Here we find a surly [wikid_companion.GetFirstName] waiting, having seemingly survived the sea and upset we didn't come back to save [wikid_companion.GetHerHim]! You both resolve to move on however, and begin the trek against across the devastated mainland to Old Valyria itself.;La plus grande partie de l'île dévastée sur laquelle se trouve la cité de Valyria n'est accessible que par de hautes falaises escarpées. Heureusement que vous avez réussi à vous diriger vers l'une des rares entrées qui restent dans l'ile. Vous retrouvez [wikid_companion.GetFirstName] qui vous attend de pied ferme. Il/elle a survécu à la mer mais il/elle est de mauvaise humeur que vous n'ayez pas faire demi-tour pour le/la sauver. Néanmoins, vous décidez tous les deux d'aller de l'avant et  il est temps de débuter votre parcours à travers le paysage carbonisé et ruiné de l'ancienne Valyria.;;;La mayor parte de la isla destrozada sobre la que se encuentra la ciudad en ruinas de Valyria es accesible solo por altos acantilados. Afortunadamente, has logrado encontrar una de las pocas entradas poco profundas que quedan en la isla. Aquí encontramos a un enfadado [wikid_companion.GetFirstName] esperando, que aparentemente sobrevivió al mar y molesto por no haber regresado para salvarlo. Ambos deciden seguir adelante y comenzar la caminata en el devastado continente hacia la Vieja Valyria.;;;;;;;;;x
EVTDESCwikid.98C;Most of the shattered island upon which the city of Valyria now lies is accesible only by high, sheer cliffs. Fortunately you have managed to navigate to one of the few shallow inlets left on the isle. You observe that the land seems charred and ruined by the recent catastrophe, but begin the trek to Valyria in earnest.;La plus grande partie de l'île dévastée sur laquelle se trouve la cité de Valyria n'est accessible que par de hautes falaises escarpées. Heureusement que vous avez réussi à vous diriger vers l'une des rares entrées qui restent dans l'ile. Maintenant, il est temps de débuter votre parcours à travers le paysage carbonisé et ruiné de l'ancienne Valyria.;;;La mayor parte de la isla destrozada en la que ahora se encuentra la ciudad de Valyria solo es accesible por altos acantilados. Afortunadamente, has logrado encontrar una de las pocas entradas poco profundas que quedan en la isla. Observas que la tierra parece carbonizada y arruinada por la reciente catástrofe, pero comienzas el viaje a Valyria.;;;;;;;;;x
EVTDESCwikid.98D;Most of the shattered island upon which the ruined city of Valyria lies is accesible only by high, sheer cliffs. Fortunately you have managed to navigate to one of the few shallow inlets left on the isle. Here we find a surly [wikid_companion.GetFirstName] waiting, having seemingly survived the sea and upset we didn't come back to save [wikid_companion.GetHerHim]! You both resolve to move on however, and begin the trek against across the seemingly devastated mainland to Valyria itself.;La plus grande partie de l'île dévastée sur laquelle se trouve la cité de Valyria n'est accessible que par de hautes falaises escarpées. Heureusement que vous avez réussi à vous diriger vers l'une des rares entrées qui restent dans l'ile. Vous retrouvez [wikid_companion.GetFirstName] qui vous attend de pied ferme. Il/elle a survécu à la mer mais il/elle est de mauvaise humeur que vous n'ayez pas faire demi-tour pour le/la sauver. Néanmoins, vous décidez tous les deux d'aller de l'avant et  il est temps de débuter votre parcours à travers le paysage carbonisé et ruiné de l'ancienne Valyria.;;;La mayor parte de la isla destrozada sobre la que se encuentra la ciudad en ruinas de Valyria es accesible solo por altos acantilados. Afortunadamente, has logrado encontrar una de las pocas entradas poco profundas que quedan en la isla. Aquí encontramos a un enfadado [wikid_companion.GetFirstName] esperando, que aparentemente sobrevivió al mar y molesto por no haber regresado para salvarlo. Ambos deciden seguir adelante y comenzar el viaje en el territorio continental aparentemente devastado de Valyria.;;;;;;;;;x
EVTOPTAwikid.98;That was fortuitous;C'était fortuit;;;Eso fue fortuito;;;;;;;;;x
EVTTITLEwikid.99;Old Valyria;L'ancienne Valyria;;;Vieja Valyria;;;;;;;;;x
EVTDESCwikid.99;After many days of travelling on the arrow straight valyrian roads, we have finally arrived in Old Valyria. You walk on in an awed silence as you survey the ruins of this long-dead city of wonderment. The fabled topless towers lay ruined and scorched, and great rents can be seen in the earth, rents that have swallowed magestic palaces and sprawling temples.  Truly this proud city must have been a sight to behold at its peak before the doom.\n\nTo this day, no one knows what caused the Doom. Most say that it was a natural cataclysm, a catastrophic explosion caused by the eruption of all Fourteen Flames. A handful of maesters hold that Valyria had used spells to tame the Fourteen Flames for thousands of years, that their hunger for slaves and wealth was as much to sustain these spells as to expand their power, and that when at last those spells faltered, the cataclysm became inevitable.;Après bien des jours de voyage sur les routes valyriennes, vous arrivez finalement à l'ancienne Valyria. Vous marchez dans un silence émerveillé en regardant les ruines de cette merveilleuse ville morte depuis longtemps. Les fabuleuses tours sans toit, ruinées et brûlées, sont tombées à terre. De grandes fissures peuvent être vues par terre, des fissures qui ont englouti des palais magnifiques et des temples énormes. Vraiment cette fière ville devait avoir été un spectacle à voir à son apogée avant le Fléau.\n\nDe nos jours, personne ne sait ce qui a provoqué le Fléau. On pense qu'il s'agit une immense catastrophe naturelle provoquée par l'éruption simultanée des Quatorze Flammes. Un petit nombre de mestres pensent que Valyria a apaisé les volcans grâces à des sorts pendant des milliers d'années, que leur faim d'esclaves et de richesses était telle pour soutenir ces sortilèges et pour étendre leur pouvoir, et que lorsque ces sortilèges vacillèrent, le cataclysme est devenu inévitable.;;;Después de muchos días viajando por valyria, finalmente llegamos a la Vieja Valyria. Caminas en silencio atemorizado mientras exploras las ruinas de esta majestuosa ciudad muerta. Las legendarias torres en topless yacen arruinadas y quemadas, y se pueden ver grandes rentas en la tierra, palacios olvidados y silenciosos templos. Esta ciudad debe haber sido un espectáculo digno de contemplar en su apogeo antes del cataclismo.\n\nActualmente, nadie sabe qué fue lo que causó la Maldición. La mayoría dice que fue un cataclismo natural, una explosión catastrófica causada por la erupción de las Catorce Llamas. Un puñado de maestres sostiene que Valyria había usado hechizos para domar las Catorce Llamas durante miles de años y que su necesidad de esclavos y riqueza era tanto que usaron estos hechizos para expandir su poder, y que cuando por fin esos hechizos flaquearon, el cataclismo se hizo inevitable.;;;;;;;;;x
EVTDESCwikid.99B;After many days of travelling on the arrow straight valyrian roads, we have finally arrived in Valyria. You walk on in an awed silence as you survey that this once great city is now in ruins. The fabled topless towers lay ruined and scorched, and great rents can be seen in the earth, rents that have swallowed magestic palaces and sprawling temples. Truly this once proud city has been destroyed by the doom.\n\nNo one knows what caused the Doom. Most say that it was a natural cataclysm, a catastrophic explosion caused by the eruption of all Fourteen Flames. A handful of maesters hold that Valyria had used spells to tame the Fourteen Flames for thousands of years, that their hunger for slaves and wealth was as much to sustain these spells as to expand their power, and that when at last those spells faltered, the cataclysm became inevitable.;Après bien des jours de voyage sur les routes valyriennes, vous arrivez finalement à l'ancienne Valyria. Vous marchez dans un silence émerveillé en regardant les ruines de cette merveilleuse ville morte depuis longtemps. Les fabuleuses tours sans toit, ruinées et brûlées, sont tombées à terre. De grandes fissures peuvent être vues par terre, des fissures qui ont englouti des palais magnifiques et des temples énormes. Vraiment cette fière ville devait avoir été un spectacle à voir à son apogée avant le Fléau.\n\nDe nos jours, personne ne sait ce qui a provoqué le Fléau. On pense qu'il s'agit une immense catastrophe naturelle provoquée par l'éruption simultanée des Quatorze Flammes. Un petit nombre de mestres pensent que Valyria a apaisé les volcans grâces à des sorts pendant des milliers d'années, que leur faim d'esclaves et de richesses était telle pour soutenir ces sortilèges et pour étendre leur pouvoir, et que lorsque ces sortilèges vacillèrent, le cataclysme est devenu inévitable.;;;Después de muchos días de viajar en línea recta por valyria, finalmente llegamos a la Vieja Valyria. Caminas en silencio atemorizado mientras exploras las ruinas de esta ciudad majestuosa muerta hace mucho tiempo. Las legendarias torres en topless yacen arruinadas y quemadas, y se pueden ver grandes rentas en la tierra, palacios olvidados y silenciosos templos. Esta ciudad debe haber sido un espectáculo digno de contemplar en su apogeo antes del cataclismo.\n\nActualmente, nadie sabe qué fue lo que causó la Maldición. La mayoría dice que fue un cataclismo natural, una explosión catastrófica causada por la erupción de las Catorce Llamas. Un puñado de maestres sostiene que Valyria había usado hechizos para domar las Catorce Llamas durante miles de años, que su hambre de esclavos y riqueza era tanto que usaron estos hechizos para expandir su poder, y que cuando por fin esos hechizos flaquearon, el cataclismo se hizo inevitable.;;;;;;;;;x
EVTOPTAwikid.99;The ruin of this great city is truly a tragedy;La ruine de cette grande cité est une vraie tragédie;;;La ruina de esta gran ciudad es realmente una tragedia;;;;;;;;;x
EVTDESCwikid.100;After exploring the ruins of the city, we have located the palace marked on the old man's map. This palace is one of the grandest in the city, cascading many feet into the air and adourned with Valyrian sphinxes made of fused black stone. Remarkably it seems mostly intact! You and [wikid_companion.GetFirstName] enter the palace to seek out its treasure...;Après avoir exploré les ruines de la cité, vous avez découvert le palais marqué sur la carte du vieil homme. Le palais est l'un des plus grands dans la ville, culminant à bien des pieds dans les airs et entourés de sphinx valyrien fait de pierre noire fondue. Il est remarquable qu'il soit presque intact ! Avec [wikid_companion.GetFirstName], vous entrez dans le palais pour rechercher le trésor...;;;Después de explorar las ruinas de la ciudad, hemos localizado el palacio marcado en el mapa del anciano. Este palacio es uno de los más grandiosos de la ciudad, tiene muchas plantas y está adornado con esfinges de Valyria hechas de piedra negra fundida. ¡Sorprendentemente parece estar intacto! Tú y [wikid_companion.GetFirstName] entras al palacio para buscar el tesoro...;;;;;;;;;x
EVTOPTAwikid.100;Here we shall find our prize;Ici, nous trouverons notre récompense;;;Aquí encontraremos nuestro premio;;;;;;;;;x
EVTTITLEwikid.101;A Wild Dragon Appears!;Un dragon sauvage apparaît !;;;¡Aparece un dragón salvaje!;;;;;;;;;x
EVTDESCwikid.101;The map leads you down far beneath the palace through a system of tunnels and corridors. Finally you come to a dark cavern, a cavern so large the ceiling cannot be seen amidst the gloom. A great mountain of gold, silver and other treasures are here, but you also notice an orange glow shrouding the top of this pile. A dragon is dozing on the pile of gold! It appears maimed and mishapen, but still formidable in its own right. No doubt it is guarding the treasure from intruders...;La carte vous conduit bien en dessous de la surface, sous le palais, dans un système de corridors et de tunnels. Finalement vous arrivez dans une sombre caverne, une caverne si grande que le plafond ne peut pas être vu au travers de l'obscurité. Une grande montagne d'or, d'argent et d'autres trésors sont ici, mais vous remarquez également une lueur orange enveloppant le sommet de cette pile. Un dragon s'assoupit sur le tas d'or ! Il semble blessé et difforme mais toujours formidable. Sans doute, il protège le trésor des intrus…;;;El mapa te lleva hasta debajo del palacio a través de un sistema de túneles y corredores. Finalmente llegas a una caverna oscura, una caverna tan grande que el techo no se puede ver en medio de la penumbra. Una gran montaña de oro, plata y otros tesoros están aquí, pero también se observa un resplandor naranja que cubre la parte superior de esta pila. ¡Un dragón está durmiendo sobre la pila de oro! Parece mutilado y mal formado, pero aún formidable. Sin duda está protegiendo el tesoro de los intrusos...;;;;;;;;;x
EVTDESCwikid.101B;The map leads you down far beneath the palace through a system of tunnels and corridors. Finally you come to a dark cavern, a cavern so large the ceiling cannot be seen amidst the gloom. A great mountain of gold, silver and other treasures are here, but you also notice an orange glow shrouding the top of this pile. A dragon is dozing on the pile of gold! It appears maimed and mishapen, but still formidable in its own right. No doubt it is guarding the treasure from intruders...but before you can do anything [wikid_companion.GetFirstName] runs toward the dragon!;La carte vous conduit bien en dessous de la surface, sous le palais, dans un système de corridors et de tunnels. Finalement vous arrivez dans une sombre caverne, une caverne si grande que le plafond ne peut pas être vue au travers de l'obscurité. Une grande montagne d'or, d'argent et d'autres trésors sont ici, mais vous remarquez également une lueur orange enveloppant le sommet de cette pile. Un dragon s'assoupit sur le tas d'or ! Il semble blessé et difforme mais toujours formidable. Sans doute, il protège le trésor des intrus ... mais avant que vous ne fassiez quoi que ce soit, [wikid_companion.GetFirstName] s'élance vers le dragon !;;;El mapa te lleva hasta debajo del palacio a través de un sistema de túneles y corredores. Finalmente llegas a una caverna oscura, una caverna tan grande que el techo no se puede ver en medio de la penumbra. Ves una gran montaña de oro, plata y otros tesoros, pero también se observa un resplandor naranja que cubre la parte superior de esta pila. ¡Un dragón está dormiendo sobre la pila de oro! Parece mutilado y mal formado, pero aún formidable. Sin duda, está protegiendo el tesoro de los intrusos... pero antes de que puedas hacer nada ![¡wikid_companion.GetFirstName] corre hacia el dragón !;;;;;;;;;x
EVTOPTAwikid.101;I will make it mine;Ce sera à moi;;;Lo haré mío;;;;;;;;;x
EVTOPTBwikid.101;We must kill the wild beast!;Nous devons tuer cette bête sauvage !;;;¡Debemos matar a la bestia salvaje!;;;;;;;;;x
EVTOPTCwikid.101;What are you doing?!;Mais que fais-tu !?;;;¡¿Qué estás haciendo?!;;;;;;;;;x
TOOLTIPwikid.105;[wikid_companion.GetFirstName] leaps onto the back of the dragon...;[wikid_companion.GetFirstName] saute sur le dos du dragon…;;;[wikid_companion.GetFirstName] salta sobre la parte posterior del dragón...;;;;;;;;;x
EVTDESCwikid.102;You have managed to bend the dragon to your own will, and it has taken you for its rider and master. Therefore you have also come into possession of the treasure it was guarding, a treasure that also includes a marvelous valyrian steel sword! The quest has been a success, and now it is time to return home.;Vous avez réussi à plier le dragon à votre volonté and il vous a accepté comme maître et cavalier. Vous avez également pris possession du trésor qu'il gardait y compris une merveilleuse épée en acier valyrien ! Votre quête est couronnée de succès, il est temps de retourner chez vous.;;;Has logrado doblegar el dragón a tu propia voluntad, y te ha tomado por su jinete y maestro. ¡Por lo tanto, también has tomado posesión del tesoro que guardaba, un tesoro que también incluye una maravillosa espada de acero valyria! La búsqueda ha sido todo un éxito, y ahora es el momento de volver a casa.;;;;;;;;;x
EVTOPTAwikid.102;I am truly the heir to Old Valyria!;Je suis le véritable héritier de l'ancienne Valyria !;;;¡Soy el verdadero heredero de la vieja Valyria!;;;;;;;;;x
EVTDESCwikid.103;The dragon has been slain at your hand, the final obstacle to our prize removed. You have come into possession of the treasure it was guarding, a treasure that includes a marvelous valyrian steel sword! The quest has been a success, and now it is time to return home.;Le dragon gît mort à vos pieds, le dernier obstacle entre vous et votre récompense a été éliminé. Vous avez pris possession du trésor qu'il gardait y compris une merveilleuse épée en acier valyrien ! Votre quête est couronnée de succès, il est temps de retourner chez vous.;;;El dragón ha sido asesinado de tu mano, el último obstáculo para nuestro premio a sido eliminado. ¡Has tomado posesión del tesoro que guardaba, un tesoro que incluye una maravillosa espada de acero valyria! La búsqueda ha sido un éxito, y ahora es el momento de volver a casa.;;;;;;;;;x
EVTOPTAwikid.103;Even dragons will not stop me;Même les dragons ne m'arrêteront pas;;;Ni los dragones me detendrán;;;;;;;;;x
EVTDESCwikid.104;Despite its age and deformity, the dragon is too ferocious and strong to overcome. It bathes both you and [wikid_companion.GetFirstName] in its dragonfire...;Malgré son âge et son infirmité, le dragon est trop furieux et fort pour être vaincu. [wikid_companion.GetFirstName] et vous êtes engloutis par ses flammes...;;;A pesar de su edad y deformidad, el dragón es demasiado feroz y fuerte para vencerlo. Baña tanto a ti como a [wikid_companion.GetFirstName] en su fuego...;;;;;;;;;x
EVTOPTAwikid.104;Arghhh!;Arghhh!;;;;;;;;;;;;x
EVTDESCwikid.105;[wikid_companion.GetFirstName] leaps atop the dragon, taming it and becoming its rider! 'I have decided that you are unworthy', [wikid_companion.GetSheHe] says. 'The path you have taken us on and the way you have treated me tells me I am more worthy of this prize!';[wikid_companion.GetFirstName] saute sur le dos du dragon et arrive à le dompter et devient son cavalier ! 'J'ai décidé que vous n'en êtes pas digne.', dit-[wikid_companion.GetSheHe]. 'Le chemin que vous nous avez fait prendre et la manière dont vous m'avez traité ne fait penser que vous n'êtes pas digne de cette récompense.' ;;;"[wikid_companion.GetFirstName] salta sobre el dragón, domándolo y convirtiéndose en su jinete! ""He decidido que eres indigno"", [wikid_companion.GetSheHe] dice. ""¡El camino por el que nos has llevado y la forma en que me has tratado me dice que soy más digno de este premio!""";;;;;;;;;x
EVTOPTAwikid.105;Traitor!;Traître !;;;¡Traidor!;;;;;;;;;x
TOOLTIPwikid.105B;You battle [wikid_companion.GetFirstName];Vous vous battez avec [wikid_companion.GetFirstName] ;;;Usted batalla contra [wikid_companion.GetFirstName];;;;;;;;;x
EVTDESCwikid.106;The dragon is strong, but its age and deformity allows you to do battle with it and [wikid_companion.GetFirstName]. You manage to slay the dragon with a well timed swing of your sword, and then execute [wikid_companion.GetFirstName] who is left crippled beneath the stricken beast. You claim the treasure and valyrian steel sword as your own, and begin the journey home.;Le dragon est fort mais son âge et son infirmité vous permet de vous battre avec lui et [wikid_companion.GetFirstName]. Vous réussissez à tuer le dragon grâce à un coup d'épée bien ajusté. Ensuite vous exécutez [wikid_companion.GetFirstName] qui était resté coincé sous la bête abattue. Vous réclamez le trésor et l'épée en acier valyrien et vous vous mettez en route pour le voyage de retour.;;;El dragón es fuerte, pero su edad y deformidad te permiten luchar contra él y [wikid_companion.GetFirstName]. Te las arreglas para matar al dragón con un corte bien sincronizado de tu espada, y luego ejecutas a [wikid_companion.GetFirstName] que queda lisiado debajo de la bestia herida. Reclamas el tesoro y la espada de acero valyrio como propia y comienzas el viaje a casa.;;;;;;;;;x
EVTOPTAwikid.106;I regret it had to come to this;Je regrette d'en être arrivé là;;;Lamento que hayas tenido que venir para esto;;;;;;;;;x
EVTDESCwikid.107;[wikid_companion.GetFirstName] launches a furious attack on you from atop the dragon. The dragon is aged and deformed, but still formidable. You try to dodge its fires and claws and try to slay it with a swing of your sword, but it is not enough. Eventually you are engulfed in its dragonfire...;[wikid_companion.GetFirstName] lance une furieuse attaque depuis le dos du dragon. Le dragon est âgé et infirme mais toujours formidable. Vous essayez d'éviter ses flammes et ses griffes et vous essayer de le tuer avec votre épée mais ce n'est pas suffisant. Finalement vous êtes englouti par les flammes...;;;[wikid_companion.GetFirstName] te lanza un furioso ataque desde lo alto del dragón. El dragón es viejo y deforme, pero aún formidable. Intentas esquivar sus fuegos y garras e intentas matarlo con un golpe de tu espada, pero no es suficiente. Eventualmente te ves envuelto en su fuego...;;;;;;;;;x
EVTOPTAwikid.107;Oh;Oh;;;;;;;;;;;;x
EVTDESCwikid.110START;The map leads you into a chamber at the heart of the palace. A door of fused black stone swings shut and traps you in. Four arches stand before you, under which all of them is flame of different colours. Clearly this is the start of some sort of labyrinth designed to keep out unwanted intruders.;La carte conduit à une pièce au cœur du palais. Une porte de pierre fondue noire se referme derrière vous et vous fait prisonnier. Quatre arches se trouvent devant vous, sous chacune d'entre elles brille une flamme de couleurs différentes. Il est clair qu'il s'agit du début d'une sorte de labyrinthe prévu pour dissuadé les intrus.;;;El mapa te lleva a una cámara en el corazón del palacio. Una puerta de piedra negra fundida se cierra y te atrapa. Cuatro arcos frente a ti, debajo de los cuales todos son de diferentes colores. Claramente este es el comienzo de algún tipo de laberinto diseñado para mantener alejados a los intrusos no deseados.;;;;;;;;;x
EVTDESCwikid.110;You land with an awkward bump back in the chamber with the black door and archways of fire. It would seem there is only one route out of this labyrinth... ;Vous atterrissez sur le dos dans une pièce avec une porte noire et des arches de feu. Il semble qu'il s'agit de la seule route vers la sortie de ce labyrinthe…;;;Caes de un golpe en una cámara con la puerta negra y arcos de fuego. Parece que solo hay una ruta para salir de este laberinto..;;;;;;;;;x
EVTOPTAwikid.110;Pass through the arch of red fire;Passer par l'arche de feu rouge;;;Atraviesa el arco de fuego rojo;;;;;;;;;x
EVTOPTBwikid.110;Pass through the arch of green fire;Passer par l'arche de feu vert;;;Atraviesa el arco de fuego verde;;;;;;;;;x
EVTOPTCwikid.110;Pass through the arch of blue fire;Passer par l'arche de feu bleu;;;Atraviesa el arco de fuego azul;;;;;;;;;x
EVTOPTDwikid.110;Pass through the arch of black fire;Passer par l'arche de feu noir;;;Atraviesa el arco de fuego negro;;;;;;;;;x
TOOLTIPwikidLABYRINTHA;You take the first path;Vous prenez le premier chemin;;;Tomas el primer camino;;;;;;;;;x
TOOLTIPwikidLABYRINTHB;You take the second path;Vous prenez le deuxième chemin;;;Tomas el segundo camino;;;;;;;;;x
TOOLTIPwikidLABYRINTHC;You take the third path;Vous prenez le troisième chemin;;;Tomas el tercero camino;;;;;;;;;x
TOOLTIPwikidLABYRINTHD;You take the fourth path;Vous prenez le quatrième chemin;;;Tomas el cuarto camino;;;;;;;;;x
EVTDESCwikid.111A;You proceed down onto a dark spiral staircase, but as you and [wikid_companion.GetFirstName] descend the steps slide together to form a steep slide!;Vous marchez le long d'un sombre escalier en spirale mais tout à coup, les marches se transforment en toboggan et vous glissez avec [wikid_companion.GetFirstName] !;;;Caminas por una escalera de caracol oscura pero de repente, los escalones se convierten en un tobogán y te resbalas con [wikid_companion.GetFirstName].;;;;;;;;;x
EVTDESCwikid.111B;As you enter the next passage way a trapdoor opens beneath you! You fall into the dark pit, doing your best to avoid the barbs and spikes the line the walls...;Alors que vous entrez dans le prochain passage, un piège s'ouvre derrière vous ! Vous tombez dans un sombre puits, faisant de votre mieux pour éviter les pointes le long des parois...;;;Al ingresar al siguiente pasaje, se abre una trampilla debajo de ti. Caes en un pozo oscuro, haciendo todo lo posible para evitar las púas y los picos en la línea de las paredes...;;;;;;;;;x
EVTDESCwikid.111C;You enter what seems a harmless chamber, but quickly a red shroud of thick gas envelops you and [wikid_companion.GetFirstName]. A sense of both endless falling and drowziness takes hold...;Vous entrez dans ce qui semble une pièce toute simple, mais rapidement un nuage rouge de gaz épais vous enveloppe vous et [wikid_companion.GetFirstName]. Vous êtes pris de somnolence et vous avez l'impression de partir dans une chute sans fin…;;;Entras en lo que parece una cámara inofensiva, pero rápidamente te envuelve un gas rojo a ti y a  [wikid_companion.GetFirstName]. sientes una sensación de caída interminable y de pereza...;;;;;;;;;x
EVTDESCwikid.111D;Jets of red hot flame and clouds of ash attack at you from all directions as you proceed into the next cavern! The only visible safe place is a large well at the centre of the room which both you and [wikid_companion.GetFirstName] try to leap into...;Des jets de flammes et des nuages de cendres vous attaquent de toutes les directions alors que vous vous engagez dans la caverne ! Le seul endroit sûr semble être le centre de la pièce, alors avec [wikid_companion.GetFirstName] vous essayez de vous y réfugier ...;;;¡Aviones de llamas candentes y nubes de cenizas te atacan desde todas las direcciones mientras avanzas hacia la siguiente sala! El único lugar seguro visible es un pozo grande en el centro de la sala en el que tanto tú como [wikid_companion.GetFirstName] intentan refugiarse allí....;;;;;;;;;x
EVTDESCwikid.111E;You enter a narrow corridor filled with a cold murkey water. As you wade through it, the walls start to press on you from both sides! You and [wikid_companion.GetFirstName] frantically search for a way of escape, and at the last moment before you are crushed find a narrow hatch...;Vous entrez dans un couloir étroit rempli d'une eau froide et croupie. Alors que vous progressez, les parois se referment sur vous des deux côtés ! Avec [wikid_companion.GetFirstName], vous cherchez frénétiquement à vous échapper, et au dernier moment avant que vous soyez écrasés trouver une trappe étroite ...;;;Entras en un estrecho corredor lleno de agua fría y oscura. A medida que avanzas, las paredes comienzan a presionarte desde ambos lados. Tú y [wikid_companion.GetFirstName] buscan frenéticamente una vía de escape, y en el último momento, antes de que te aplasten, encuentras una escotilla estrecha....;;;;;;;;;x
EVTOPTAwikid.111;I should really go the right way...;Je devrais vraiment prendre le bon chemin…;;;Debería ir por el camino correcto;;;;;;;;;x
EVTOPTBwikid.111;What is this!?;Que se passe-t-il !?;;;¿Qué es esto?;;;;;;;;;x
TOOLTIPwikid.110;You fall down a trap door...;Vous tombez dans un piège…;;;Caes en una trampa...;;;;;;;;;x
EVTDESCwikid.112;You enter what seems to a be a crypt. In the middle of this circular room is a grand tomb adourned with the likeness of a long dead valyrian dragonlord, surrounded by dragons of black stone. Arrayed around this central tomb are four other tombs with statues above them, each with staircases leading beneath them.;Vous entrez dans ce qui ressemble à une crypte. Au milieu d'une pièce circulaire, se trouve un grand tombeau décoré par ce qui semble être celle d'un seigneur dragon valyrien, entourée par des dragons de pierre noire. De part et d'autre, se trouvent quatre autres tombeaux avec des statues au-dessus d'eux. Chacun avec un escalier conduisant en dessous.;;;Entras en lo que parece ser una cripta. En el centro de esta habitación circular hay una gran tumba adornada con la imagen de un dragón valyrio muerto hace mucho tiempo, rodeado de dragones de piedra negra. Arregladas alrededor de esta tumba central hay otras cuatro tumbas con estatuas sobre ellas, cada una con escaleras que conducen a algun sitio.;;;;;;;;;x
EVTOPTAwikid.112;Take the staircase beneath the beautiful woman;Prendre l'escalier sous la belle femme;;;Tomas las escaleras de la bella mujer;;;;;;;;;x
EVTOPTBwikid.112;Take the staircase beneath the young warrior;Prendre l'escalier sous le jeune guerrier;;;Tomas las escaleras del joven guerrero;;;;;;;;;x
EVTOPTCwikid.112;Take the staircase beneath the little girl;Prendre l'escalier sous la petite fille;;;Tomas las escaleras de la niña;;;;;;;;;x
EVTOPTDwikid.112;Take the staircase beneath the old man;Prendre l'escalier sous le vieil homme;;;Tomas las escaleras del anciano;;;;;;;;;x
EVTDESCwikid.113;After walking through many winding corridors you enter a chamber lit by dim torches. The ceiling is a large dome adourned with a map of the Freehold at its height. Next to four marked colonies of Valyria on this map is a door of black valyrian stone.;Après avoir marché dans des corridors venteux, vous entrez dans une pièce éclairée par des torches. Le plafond est un grand dôme décoré avec une carte des Possessions au temps de sa splendeur. A côté de chacune des quatre colonies de Valyria marquées sur la carte se trouve une porte en pierre noire de Valyria.;;;Después de caminar a través de muchos corredores sinuosos, entras a una cámara iluminada por antorchas tenues. El techo es una gran cúpula adornada con un mapa del Feudo en la altura. Al lado hay cuatro colonias Valyrias marcadas. En este mapa tambien hay una puerta de piedra valyria negra.;;;;;;;;;x
EVTOPTAwikid.113;I'll take the door beneath Mantarys;Je vais prendre la porte sous Mantarys;;;Voy a tomar la puerta debajo de Mantarys;;;;;;;;;x
EVTOPTBwikid.113;I'll take the door beneath Tyria;Je vais prendre la porte sous Tyria;;;Voy a tomar la puerta debajo de Tyria;;;;;;;;;x
EVTOPTCwikid.113;I'll take the door beneath Volantis;Je vais prendre la porte sous Volantis;;;Voy a tomar la puerta debajo de Volantis;;;;;;;;;x
EVTOPTDwikid.113;I'll take the door beneath Dragonstone;Je vais prendre la porte sous Peyredragon;;;Voy a tomar la puerta debajo de Rocadragón;;;;;;;;;x
EVTDESCwikid.114;You reach must what be an inner courtyard of the palace. Here is a where must have been once a beautiful garden, for there are charred remnants of many trees. There are no obvious exits, although at each corner are dragon skulls. Each has a depiction of a dragon above it and each must of been bigger than even Balerion the Black Dread, all the skulls have their jaw wide open...;Vous atteignez ce qui doit être la cour intérieure du palais. Ici devaient se trouver jadis de magnifiques jardins dont il ne reste que des arbres calcinés. Il n'y a apparemment pas de sortie, bien qu'à chaque extrémité on trouve un crâne de dragon. Chacun est surmonté d'une représentation d'un dragon qui a dû être plus grand que Balerion la Terreur noire lui-même. Chacun des crânes a les mâchoires grandes ouvertes.;;;Llegas a lo que debe ser el patio interior del palacio. Aquí hay un lugar donde debe haber habido una vez un hermoso jardín, ya que hay restos carbonizados de muchos árboles. No hay salidas, aunque en cada esquina hay cráneos de dragón. Cada uno tiene una representación de un dragón deben haber sido más grandes que el famoso   Balerion el Terror Negro, todos los cráneos tienen la mandíbula abierta...;;;;;;;;;x
EVTOPTAwikid.114;Enter the mouth of the black dragon;Entrer par la bouche du dragon noir;;;Entrar en la boca del dragón negro;;;;;;;;;x
EVTOPTBwikid.114;Enter the mouth of the golden dragon;Entrer par la bouche du dragon d'or;;;Entrar en la boca del dragón dorado;;;;;;;;;x
EVTOPTCwikid.114;Enter the mouth of the red dragon;Entrer par la bouche du dragon rouge;;;Entrar en la boca del dragón rojo;;;;;;;;;x
EVTOPTDwikid.114;Enter the mouth of the silver dragon;Entrer par la bouche du dragon d'argent;;;Entrar en la boca del dragón plata;;;;;;;;;x
EVTDESCwikid.115;After blindly groping through the darkness you eventually reach what must be a throne room. The throne is charred and twisted metal, the drapes and windows long rotted and smashed. Behind the throne are four doors, above which are murals of peoples defeated and enslaved by the Freehold.;Après avoir tâté aveuglément dans l'obscurité, vous atteignez finalement ce qui doit être une salle du trône. Le trône est carbonisé et le métal tordu, les rideaux pourris et les fenêtres brisées depuis longtemps. Derrière le trône se trouvent quatre portes, au-dessus desquelles vous apercevez des peintures murales des peuples vaincus et asservis par les Possessions.;;;Después de andar ciegamente a tientas en la oscuridad, finalmente llegas a lo que debe ser una sala del trono. El trono está chamuscado y retorcido de metal, las cortinas y las ventanas se pudrieron y durante mucho tiempo. Detrás del trono hay cuatro puertas, encima de las cuales hay murales de pueblos derrotados y esclavizados por el Feudo.;;;;;;;;;x
EVTOPTAwikid.115;I'll take the door beneath the Andals;Je pendrai la porte au-dessous des Andals;;;Voy a tomar la puerta debajo de los Andalos;;;;;;;;;x
EVTOPTBwikid.115;I'll take the door beneath the Ghiscari;Je pendrai la porte au-dessous des Ghiscaris;;;Voy a tomar la puerta debajo de los Ghiscarios;;;;;;;;;x
EVTOPTCwikid.115;I'll take the door beneath the Rhoynar;Je pendrai la porte au-dessous des Rhoynars;;;Voy a tomar la puerta debajo de los Rhoynars;;;;;;;;;x
EVTOPTDwikid.115;I'll take the door beneath the Sarnori;Je pendrai la porte au-dessous des Ibbéniens;;;Voy a tomar la puerta debajo de los ibbeneses;;;;;;;;;x
EVTDESCwikid.116;Through more twisting passage ways you go until you reach the last room. Here is one black stone wall before which is a large bottle of mysterious blue liquid. Clearly it must be drunk. You and [wikid_companion.GetFirstName] drink and the wall vanishes and four doors appear! You suffer terrible visions of dragons, wyverns and wolves attacking however, and desperately flee to a door to escape the terror...;Au travers des passages encore plus tortueux, vous atteignez la dernière pièce. Vous vous trouvez devant un mur de pierre noire devant lequel se trouve une grande bouteille qui contient un mystérieux liquide bleu. Clairement, il faut le boire. Avec [wikid_companion.GetFirstName], vous buvez et le mur disparaît pour laisser apparaître quatre portes ! A ce moment, vous avez de terribles visions de dragons, de wyvernes et de loups qui vous attaquent, vous fuyez désespérément vers une porte pour échapper à cette terreur...;;;Vas a través de pasillos y llegas a la última habitación. Aquí hay una pared de piedra negra delante en la cual hay una gran botella de misterioso líquido azul. Claramente debes estar borracho. ¡Tú y [wikid_companion.GetFirstName] beben y el muro se desvanece y aparecen cuatro puertas! Sufres visiones de dragones, Guivernos y lobos que te atacan, desesperadamente huyes a una puerta para escapar...;;;;;;;;;x
EVTOPTAwikid.116;The first door!;La première porte !;;;¡La primera puerta!;;;;;;;;;x
EVTOPTBwikid.116;The second door!;La deuxième porte !;;;¡La segunda puerta!;;;;;;;;;x
EVTOPTCwikid.116;The third door!;La troisième porte !;;;¡La tercera puerta!;;;;;;;;;x
EVTOPTDwikid.116;The fourth door!;La quatrième porte !;;;¡La cuarta puerta!;;;;;;;;;x
EVTDESCwikid.118;After crashing through the door in a frenzied panic, you and [wikid_companion.GetFirstName] fortunately come to rest in large hallway. It would seem we have found the end of the labyrinth, the doors to a large vault stand before you. Before you can enter, however, [wikid_companion.GetFirstName] stops you and says '[Root.PrimaryTitle.GetFOA], I must have a word if it may please you.';Après avoir enfoncé la porte dans une peur panique, vous et [wikid_companion.GetFirstName] pouvez vous reposer dans un grand couloir. Il semble que vous avez trouvé la fin du labyrinthe, les portes vers une grande voûte se trouvent devant vous. Avant de pouvoir entrer, [wikid_companion.GetFirstName] vous arrête et s'adresse à vous '[Root.PrimaryTitle.GetFOA], si je puis vous dire un mot.';;;Después de estrellaros contra la puerta en pánico frenético, tú y [wikid_companion.GetFirstName] afortunadamente descansan en un gran pasillo. Parece que hemos encontrado el final del laberinto, las puertas de una gran bóveda de pie frente a ti. Sin embargo, antes de que pueda ingresar, [wikid_companion.GetFirstName] te detiene y dice '[Root.PrimaryTitle.GetFOA], debo hablar contigo si te parece bien';;;;;;;;;x
EVTOPTBwikid.118;Please go ahead;Allez-y s'il vous plaît;;;Por favor adelante;;;;;;;;;x
TOOLTIPwikidCOMPANIONTALK;You and [wikid_companion.GetFirstName] talk;Vous parlez avec [wikid_companion.GetFirstName];;;Usted y [wikid_companion.GetFirstName] hablan;;;;;;;;;x
EVTOPTAwikid.118;No, I do not trust you!;Non, je ne vous fais pas confiance !;;;!No, no confío en ti!;;;;;;;;;x
TOOLTIPwikidCOMPANIONDUEL;You try to kill [wikid_companion.GetFirstName]!;Vous essayez de tuer [wikid_companion.GetFirstName] !;;;!Intentar matar a [wikid_companion.GetFirstName]!;;;;;;;;;x
EVTTITLEwikid.119;The Vault;La Voûte;;;La bóveda;;;;;;;;;x
EVTDESCwikid.119;[wikid_companion.GetFirstName] has been defeated, [wikid_companion.GetHerHis] bid to betray you and take the treasure for [wikid_companion.GetHerHim]self foiled.\n\nYou proceed into the vault alone, moving aside the heavy door made of fused black stone. Inside you see a wonderous sight. Vast piles of gold, silver and other treasures lie before you, and mounted above it all is a magnificent set of valyrian steel armour! It is scale armor made smoky black steel, edged in red-gold, and covered in Valyrian runes and glyphs. Such armour would be worth a kingdoms fortune! It is now time to head home with this new [Root.GetOnlyDynastyName] heirloom.;[wikid_companion.GetFirstName] a été battu, [wikid_companion.GetFirstName] a essayé de vous trahir et de s'accaparer le trésor.\n\nVous vous engagerez sous la voûte, seul, en ouvrant la lourde porte faite de pierre de lave noire. A l'intérieur, une vue merveilleuse s'offre à vous. Des tas d'or, d'argent et d'autres trésors s'étalent devant vous et au dessus se trouve une magnifique armure en acier valyrien ! C'est une armure faite d'acier noir fumé bordé l'or rouge et couverte de runes et glyphes valyriennes. Une telle armure vaut la fortune d'un royaume entier ! Il est maintenant temps de retourner chez vous avec le nouvel héritage des [Root.GetOnlyDynastyName].;;;[wikid_companion.GetFirstName] ha sido derrotado.[wikid_companion.GetHerHis] intentó traicionarte y agarrar el tesoro.\n\nUsted entra solo en la bóveda, moviendo a un lado la pesada puerta negra hecha de piedra. En su interior se ve una vista maravillosa. Vastos montones de oro, plata y otros tesoros yacen frente a ti, y encima de ellos está montada un magnífico conjunto de armadura de acero valyrio. Es una armadura de escamas hecha de acero negro ahumado, bordada en rojo dorado, y cubierto de runas y glifos valirios. ¡Tal armadura valdría la fortuna de un reino! Ahora es el momento de ir a casa con el nuevo legado de [Root.GetOnlyDynastyName].;;;;;;;;;x
EVTOPTAwikid.119;Yes, my quest is complete!;Oui, je finis ma quête !;;;!Por fin Termino mi búsqueda!;;;;;;;;;x
You are a cheating scumbag.;No cheating :);Et sans tricher :);;;Sin trampa :);;;;;;;;;x
EVTDESCwikid.120;[wikid_companion.GetFirstName] kneels before you and swears [wikid_companion.GetHerHis] eternal loyalty to you and House [Root.GetOnlyDynastyName]. You then bid [wikid_companion.GetHerHim] rise, so you can enter the vault together.;[wikid_companion.GetFirstName] s'agenouille devant vous et jure sa loyauté éternelle envers vous et la maison [Root.GetOnlyDynastyName]. Vous lui demandez de se relever et vous entrez ensemble sous la voûte.;;;[wikid_companion.GetFirstName] se arrodilla ante ti y te jura lealtad eterna hacia ti y tu Casa [Root.GetOnlyDynastyName]. Le pides que se levante y seguís juntos bajo el arco.;;;[wikid_companion.GetFirstName] se arrodilla ante ti y te jura eterna lealtad hacia ti y tu Casa [Root.GetOnlyDynastyName]. Le pides que se levante y seguís juntos bajo el arco.;;;;;;x
EVTOPTAwikid.120;Come my friend, lets take this treasure!;Viens mon ami, allons nous emparer de ce trésor !;;;!Ven amigo mío, vamos a tomar este tesoro !;;;;;;;;;x
EVTTITLEwikid.121;The Vault;La Voûte;;;La bóveda;;;;;;;;;x
EVTDESCwikid.121;You and [wikid_companion.GetFirstName] proceed into the vault, moving aside the heavy door made of fused black stone. Inside you see a wonderous sight. Vast piles of gold, silver and other treasures lie before you, and mounted above it all is a magnificent set of valyrian steel armour! It is scale armor made smoky black steel, edged in red-gold, and covered in Valyrian runes and glyphs. Such armour would be worth a kingdoms fortune! It is now time to head home with this new [Root.GetOnlyDynastyName] heirloom.;Avec [wikid_companion.GetFirstName], vous vous engagerez sous la voûte, en ouvrant la lourde porte faite de pierre de lave noire. A l'intérieur,  une vue merveilleuse s'offre à vous. Des tas d'or, d'argent et d'autres trésors s'étalent devant vous et au dessus se trouve une magnifique armure en acier valyrien ! C'est une armure faite d'acier noir fumé bordé l'or rouge et couverte de runes et glyphes valyriennes. Une telle armure vaut la fortune d'un royaume entier ! Il est maintenant temps de retourner chez vous avec le nouvel héritage des [Root.GetOnlyDynastyName].;;;Usted y [wikid_companion.GetFirstName] entran en la bóveda y apartan la pesada puerta de piedra negra fundida. En su interior se ve una vista maravillosa. Vastos montones de oro, plata y otros tesoros yacen frente a ti, y encima de ellos está montado un magnífico conjunto de armadura de acero valyrio. Es una armadura de escamas hecha de acero negro ahumado, bordado en rojo dorado, y cubierto de runas y glifos valirios. ¡Tal armadura valdría la fortuna de un reino! Ahora es el momento de ir a casa con el nuevo legado de [Root.GetOnlyDynastyName].;;;;;;;;;x
EVTOPTAwikid.121;Our quest has been fruitful!;Notre quête a été fructueuse !;;;¡Nuestra búsqueda ha sido fructífera!;;;;;;;;;x
go_on_quest;Go on a Tour;Partir pour un voyage à l'étranger;;;Ir a un viaje al extranjero;;;;;;;;;x
go_on_quest_desc;Go on a tour of either foreign lands or, if a king, a progress of your own realm so that you may learn and become a better [From.GetManWoman].;Partir pour un voyage dans les terres étrangères afin de s'instruire et de devenir meilleur.;;;Realice un recorrido por tierras extranjeras para que pueda aprender y convertirse en un mejor [From.GetManWoman].;;;;;;;;;x
royal_progress_destination;Visit on Tour;A visiter durant le voyage;;;Hacer viaje;;;;;;;;;x
royal_progress_destination_desc;Make [Root.Capital.GetName] the next destination on your tour;Ajouter cet endroit à la liste des destinations de votre voyage à l'étranger.;;;Agregue esta ubicación a su lista de destinos en su viaje por el extranjero.;;;;;;;;;x
TOOLTIPwikid.295;You will decide where you wish to travel to.;Vous décidez de l'endroit où vous avez envie de voyager.;;;Usted decidirá hacia dónde desea viajar;;;;;;;;;x
EVTDESCwikid.295;Where do you wish to go on your tour?;Où voulez-vous voyager ?;;;¿A dónde quieres viajar?;;;;;;;;;x
EVTOPTAwikid.295;Show me more locations;Montre-moi d'autres endroits;;;Muéstrame otros lugares;;;;;;;;;x
EVTOPTBwikid.295;I shall tour the feudal lands of Westeros;Je visiterai les terres de Westeros;;;Voy a visitar las tierras de Poniente;;;;;;;;;x
EVTOPTCwikid.295;The trade of the Free Cities entices me the most;Le commerce avec les Cités Libres m'intéresse au plus haut point;;;El comercio de las Ciudades Libres me atrae más;;;;;;;;;x
EVTOPTDwikid.295;There are most wonderous constructions in the great slave cities of Ghiscar;Ce sont les constructions les plus merveilleuses dans les grandes cités ghiscaris.;;;Hay construcciones maravillosas en las grandes ciudades esclavas de Ghiscar;;;;;;;;;x
EVTOPTEwikid.295;There are many different cultures of the Jade Sea, they should be very interesting;Il y a différentes cultures dans la Mer de Jade, elles doivent être très intéressantes;;;Hay diferentes culturas en el Mar de Jade, que deben ser muy interesantes;;;;;;;;;x
EVTOPTFwikid.295;The fertile lands of the Summer Sea would be a sight to see;Les terres fertiles de la Mer d'Eté doivent être belles à voir;;;Las fértiles tierras del Mar de Verano serían un espectáculo digno de ver;;;;;;;;;x
EVTOPTGwikid.295;I shall plan my own tour;Je planifierai moi-même mon voyage;;;Planearé mi viaje yo mismo;;;;;;;;;x
TOOLTIPwikid_manual_tour;You have 10 days to choose a location to be the start of your adventure. To choose it as your destination you must right click on the title flag of the location and select the option to 'Visit on Tour'.;Vous avez 10 jours pour choisir l'endroit pour démarrer votre aventure. Pour choisir vos destinations, vous devez faire un clic droite sur le drapeau de la destination et sélectionner l'option 'A visiter durant le voyage';;;"Tienes 10 días para elegir una ubicación para comenzar tu aventura. Para elegirla como su destino, debe hacer clic con el botón derecho en la bandera del título de la ubicación y seleccionar la opción ""Hacer viaje"".";;;;;;;;;x
EVTDESCwikid.296;How long do you wish your tour to be?;Quelle durée souhaitez-vous pour votre voyage ?;;;¿Cuánto tiempo quieres para tu viaje?;;;;;;;;;x
EVTOPTAwikid.296;A short visit of a few places will do;Un petit voyage avec quelques étapes est suffisant;;;Una visita breve de algunos lugares servirá;;;;;;;;;x
TOOLTIPwikid_westeros_sa;You shall visit King's Landing, Highgarden and The Eyrie.\n;Vous visiterez Port-Réal, Hautjardin et Les Eyrié.\n;;;Deberia visitar Desembarco del Rey, Altojardín y el Nido de Águilas.\n;;;;;;;;;x
TOOLTIPwikid_westeros_sb;You shall visit Dragonstone, Highgarden and The Eyrie.\n;Vous visiterez Peyredragon, Hautjardin et Les Eyrié.\n;;;Deberia visitar Rocadragón, Altojardín y el Nido de Águilas.\n;;;;;;;;;x
TOOLTIPwikid_free_cities_s;You shall visit Volantis, Pentos and Braavos.\n;Vous visiterez Volantis, Pentos et Braavos.\n;;;Deberia visitar Volantis, Pentos y Braavos.\n;;;;;;;;;x
TOOLTIPwikid_ghiscar_s;You shall visit New Ghis, Astapor and Elyria.\n;Vous visiterez la Nouvelle-Ghis, Astapor et Elyria.\n;;;Deberia visitar Nuevo Ghis, Astapor y Elyria.\n;;;;;;;;;x
TOOLTIPwikid_jade_sea_s;You shall visit Qarth, Yin and Asshai.\n;Vous visiterez Quarth, Yin et Asshai.\n;;;Deberia visitar Qarth, Yin y Asshai.\n;;;;;;;;;x
TOOLTIPwikid_summer_sea_s;You shall visit Lotus Point, Naath and the Isle of Flies.\n;Vous visiterez Pointe-Lotus, Naath et l'Ile des Taons.\n;;;;Deberia visitar Puerto del Loto, Naath y la Isla de las Moscas.\n;;;;;;;;x
TOOLTIPwikid_manual_tour_s;You shall choose three provinces you wish to visit.\n;Vous devez choisir les trois provinces que vous voulez visiter.\n;;;Deberás elegir las tres provincias que deseas visitar.\n;;;;;;;;;x
EVTOPTBwikid.296;The tour should be decent in length;Le voyage doit durer un long moment;;;El viaje debe ser largo que dure mucho tiempo que vamos muchas ciudades;;;;;;;;;x
TOOLTIPwikid_westeros_ma;You shall visit King's Landing, Storm's End, Highgarden, Casterly Rock, Riverrun and The Eyrie.\n;Vous visiterez Port-Réal, Accalmie, Hautjardin, Castral Roc, Vivesaigues et Les Eyrié.\n;;;Deberia visitar Desembarco del Rey, Bastión de Tormentas, Altojardín, Roca Casterly, Aguasdulces y Nido de Águilas.\n;;;;;;;;;x
TOOLTIPwikid_westeros_mb;You shall visit Dragonstone, Storm's End, Highgarden, Casterly Rock, Riverrun and The Eyrie.\n;Vous visiterez Peyredragon, Accalmie, Hautjardin, Castral Roc, Vivesaigues et Les Eyrié.\n;;;Deberia visitar Rocadragón, Bastión de Tormentas, Altojardín, Roca Casterly, Aguasdulces y Nido de Águilas.\n;;;;;;;;;x
TOOLTIPwikid_free_cities_m;You shall visit Volantis, Tyrosh, Myr, Pentos, Braavos and Norvos.\n;Vous visiterez Volantis, Tyrosh, Myr, Pentos, Braavos et Norvos.\n;;;Deberia visitar Volantis, Tyrosh, Myr, Pentos, Braavos y Norvos.\n;;;;;;;;;x
TOOLTIPwikid_ghiscar_m;You shall visit New Ghis, Astapor, Yunkai, Meereen, Elyria and Mantarys.\n;Vous visiterez la Nouvelle-Ghis, Astapor, Yunkai, Meereen, Elyria et Mantarys. \n;;;Deberia visitar Nuevo Ghis, Astapor, Elyria, Yunkai, Meereen y  Mantarys.\n;;;;;;;;;x
TOOLTIPwikid_jade_sea_m;You shall visit Qarth, Faros, Yin, Leng, Asshai and the Bone Mountains.\n;Vous visiterez Quarth, Faros, Yin, Leng, Asshai et les Montagnes des Os.\n;;;Deberia visitar Qarth, Yin y Asshai, Faros, Leng y las Montañas de los Huesos.\n;;;;;;;;;x
TOOLTIPwikid_summer_sea_m;You shall visit Lotus Point, Heartvale, Goldenheart, Naath, the Isle of Flies and Ax Isle.\n;Vous visiterez Pointe-Lotus, Valcoeur, Cœur-Dorée, Naath, l'Ile des Taons et l'Ile de la Hache.\n;;;Deberia visitar Puerto del Loto, Naath, Aurocorazón, Heartvale, la Isla de las Moscas y la Isla Hacha.\n;;;;;;;;;x
TOOLTIPwikid_manual_tour_m;You shall choose six provinces you wish to visit.\n;Vous devez choisir les six provinces que vous voulez visiter.\n;;;Deberás elegir las seis provincias que deseas visitar.\n;;;;;;;;;x
EVTOPTCwikid.296;I wish to see all the world has to offer!;Je veux voir tout ce que le monde peut offrir !;;;¡Deseo ver todo lo que el mundo tiene para ofrecer!;;;;;;;;;x
TOOLTIPwikid_westeros_la;You shall visit King's Landing, Storm's End, Sunspear, Highgarden, Casterly Rock, Pyke, Riverrun, The Eyrie and Winterfell.\n;Vous visiterez Port-Réal, Accalmie, Lancehélion, Hautjardin, Castral Roc, Pyke, Vivesaigues, Les Eyrié et Winterfell.\n;;;Deberia visitar Desembarco del Rey, Altojardín, Lanza del Sol, Pyke, Aguasdulces, el Nido de Águilas y Invernalia.\n;;;;;;;;;x
TOOLTIPwikid_westeros_lb;You shall visit Dragonstone, Storm's End, Sunspear, Highgarden, Casterly Rock, Pyke, Riverrun, The Eyrie and Winterfell.\n;Vous visiterez Peyredragon, Accalmie, Lancehélion, Hautjardin, Castral Roc, Pyke, Vivesaigues, Les Eyrié et Winterfell.\n;;;Deberia visitar Rocadragón, Altojardín, Lanza del Sol, Pyke, Aguasdulces, el Nido de Águilas y Invernalia.\n;;;;;;;;;x
TOOLTIPwikid_free_cities_l;You shall visit Volantis, Lys, Tyrosh, Myr, Pentos, Braavos, Lorath, Norvos and Qohor.\n;Vous visiterez Volantis, Lys, Tyrosh, Myr, Pentos, Braavos Lorath, Norvos et Qohor.\n;;;Deberia visitar Volantis, Lys, Tyrosh, Myr, Pentos, Braavos, Lorath, Norvos y Qarth.\n;;;;;;;;;x
TOOLTIPwikid_ghiscar_l;You shall visit New Ghis, Astapor, Yunkai, Meereen, Elyria, Mantarys, the Dothraki, Lhazosh and Vaes Dothrak.\n;Vous visiterez la Nouvelle-Ghis, Astapor, Yunkai, Meereen,  Elyria, Mantarys, les Dothraki, Lhazosh et Vaes Dothrak. \n;;;Deberia visitar Nuevo Ghis, Astapor, Yunkai, Meereen, Elyria, Mantarys, los Dothraki y Vaes Dothrak.\n;;;;;;;;;x
TOOLTIPwikid_jade_sea_l;You shall visit Qarth, Faros, Yin, Leng, Asshai, the Five Forts, the Jogos Nhai, the Bone Mountains and Vaes Dothrak.\n;Vous visiterez Quarth, Faros, Yin, Leng, Asshai, les Cinq Forts, les Jogos Nhai, les Montagnes des Os et Vaes Dothrak.\n;;;Deberia visitar Qarth, Faros, Yin, Leng, Asshai, Cinco Fuertes, los Jogos Nhai, Montañas de los Huesos y Vaes Dothrak.\n;;;;;;;;;x
TOOLTIPwikid_summer_sea_l;You shall visit Lotus Point, Heartvale, Moluu, Red Flower Bay, Goldenheart, Naath, the Isle of Flies, Ax Isle and Talon.\n;Vous visiterez Pointe-Lotus, Valcoeur, Moluu, Val-aux-Pivoines, Cœur-Dorée, Naath, l'Ile des Taons l'Ile de la Hache et la Serre.\n;;;Deberia visitar Puerto del Loto, Moluu, Naath, Aurocorazón, el Valle de la Flor Roja, Heartvale, la Isla de las Moscas, Isla Hacha y la Isla Garra.\n;;;;;;;;;x
TOOLTIPwikid_manual_tour_l;You shall choose nine provinces you wish to visit.\n;Vous devez choisir les neuf provinces que vous voulez visiter.\n;;;Deberás elegir las nueve provincias que deseas visitar.\n;;;;;;;;;x
EVTDESCwikid.297;You have failed to pick a destination for your tour.;Vous n'avez pas réussi à sélectionner une destination pour votre voyage.;;;No ha elegido un destino para su recorrido..;;;;;;;;;x
EVTOPTAwikid.297;Whoops... guess I'll stay at home then...;Oups … je pense que je vais rester à la maison, alors…;;;!Wo!...supongo que me quedaré en casa....;;;;;;;;;x
EVTDESCwikid.298;And off we go to explore the world!;Et nous partons explorer le monde !;;;¡Y vamos a explorar el mundo!.;;;;;;;;;x
EVTDESCwikid.298B;It is time to depart [Root.Capital.GetName] and start the [Root.GetProgressName] of my domain.;;;;;;;;;;;;;x
EVTOPTAwikid.298;I shall return a better [Root.GetManWoman];Je reviendrai un homme meilleur/une femme meilleure;;;Regresaré mejor [Root.GetManWoman].;;;;;;;;;x
EVTDESCwikid.299;During your journey across the seas your ship was hit by a terrible storm! The ships is violently rocking back and forth, and you try to cling on to anything to keep steady whilst your men tend to keeping the ship on course, and more importantly in one piece...;Durant votre voyage sur les mers, votre navire a été frappé par une terrible tempête ! Le bateau est violemment ballotté d'avant en arrière et alors que vous essayez de vous maintenir debout et vous agrippant à tout ce qui passe à votre portée, les hommes tentent de garder le bateau dans sa trajectoire et le plus important en un seul morceau...;;;Durante su viaje a través de los mares, ¡su nave fue azotada por una terrible tormenta! Las naves se balancean violentamente hacia adelante y hacia atrás, e intentas aferrarte a cualquier cosa para mantenerte firme mientras tus hombres tienden a mantener el rumbo de la nave, y lo más importante de una sola pieza....;;;;;;;;;x
EVTOPTAwikid.299;Oh [Root.Religion.GetRandomGodName] no!;Oh [Root.Religion.GetRandomGodName] non !;;;Oh [Root.Religion.GetRandomGodName] ¡no!;;;;;;;;;x
TOOLTIPwikid.299_survive;Your men get the ship under control and you safely pass through the storm.;Vos hommes parviennent à garder le contrôle du bateau et vous arrivez à sortir indemne de la tempête.;;;Tus hombres manejan la nave y atraviesas la tormenta con seguridad.;;;;;;;;;x
TOOLTIPwikid.299_wounded;You are hit by some debris from above and are injured but the ship manages to make it through the storm.;Vous être frappé par des débris et vous êtes blessé alors que le bateau arrive à sortir de la tempête.;;;Te golpean algunos restos desde arriba y te lesionas, pero el barco logra pasar la tormenta.;;;;;;;;;x
EVTDESCAwikid.300;Your men have managed to get the ship under control and you are safe to continue on your way.;Vos hommes parviennent à garder le contrôle du bateau et vous pouvez continuer votre route.;;;Sus hombres han logrado manejar la nave y están seguros de continuar su camino.;;; A medida que sus hombres logran controlar el barco lentamente, escuchas un fuerte crujido desde arriba y un trozo del mástil se precipita hacia usted golpeando su brazo. A medida que te recuperas lentamente y te levantas, ves que se ha clavado una astilla en tu brazo. El cirujano a bordo viene para ayudarlo, ya que la tripulación han logrado manejar la nave y están seguros de continuar el camino.;;;;;;x
EVTDESCBwikid.300;As your men slowly manage to get the ship back under control you hear a loud crack from above and a piece of the mast comes hurtling towards you hitting your arm. As you slowly recover and stand up you see that it has impaled itself in your arm. The surgeon on board comes to help you as the crew have got the ship under control and proceed to your destination.;Alors que vos hommes parviennent lentement à reprendre le contrôle du  navire, vous entendez un craquement au-dessus de vous et un morceau de mât vient se précipiter vers vous et frappe votre bras, comme vous vous remettez lentement et vous vous levez, vous voyez qu'un morceau de bois s'est empalé dans votre bras. Le mestre à bord vient vous aider car l'équipage a maintenant le bateau sous contrôle et vous pouvez continuer vers votre destination.;;;A medida que sus hombres logran controlar el barco lentamente, escuchas un fuerte crujido desde arriba y un trozo del mástil se precipita hacia usted golpeando su brazo. A medida que te recuperas lentamente y te levantas, ves que se ha clavado una astilla en tu brazo. El cirujano a bordo viene para ayudarlo, ya que la tripulación han logrado manejar la nave y están seguros de continuar el camino.;;;;;;;;;x
EVTOPTAwikid.300;Well that's a relief;Eh bien,  c'est un soulagement;;;Bueno, eso es un alivio;;;;;;;;;x
EVTOPTBwikid.300;This better not get infected;Il vaut mieux ne pas être infecté;;;Es mejor no estar infectado;;;;;;;;;x
EVTDESCwikid.301;'PIRATES!' is the shout you hear all around the deck as a vessel bearing the flag of pirates is spotted on the horizon sailing towards your ship. It approaches and crashes into the side of the ship, its crew of pirates jumping on board. You must prepare to fight...;PIRATES !! Est le cri que vous entendez tout autour de vous alors qu'un navire au large portant un pavillon noir fait voile vers votre navire. Ils s'écrasent sur le côté du navire et les pirates sautent à bord, vous devez vous préparer à combattre…;;;'¡PIRATAS!' es el grito que escuchas por toda la cubierta cuando un barco con la bandera de piratas se ve en el horizonte navegando hacia tu barco. Se acerca y choca contra el costado del barco, su tripulación salta a bordo. Debes prepararte para luchar...;;;;;;;;;x
EVTDESCwikid.301B;You and your [Root.GetProgressEntourageSize] entourage were travelling the roads near [tour_destination.GetName] when a group of bandits suddenly attacked! Your bodyguard closes around you, as the assailants attack from all sides. You must prepare to fight...;;;;;;;;;;;;;x
EVTOPTAwikid.301;Defend the ship!;Défendez le bateau !;;;¡Defiende el barco!;;;;;;;;;x
EVTOPTAwikid.301B;We will repel these brigands!;;;;;;;;;;;;;x
TOOLTIPwikid.301_survive;You repel the attack and are unharmed.;Vous repoussez l'attaque et vous êtes indemne.;;;Rechazas el ataque y estás ileso.;;;;;;;;;x
TOOLTIPwikid.301_wounded;You repel the attack but take a wound.;Vous repoussez l'attaque mais vous êtes blessé.;;;Rechazas el ataque y sales herido.;;;;;;;;;x
EVTDESCAwikid.302;You manage to repel the attacking pirates with great ease. They did not expect you to be so well defended and must have thought you to be some petty trade ship.;Vous repoussez l'attaque des pirates facilement, ils ne devaient pas s'attendre à une telle défense, ils devaient penser qu'il devait s'agir d'un bateau marchand.;;;Te las arreglas para repeler a los piratas atacantes con gran facilidad. No esperaban que estuvieras tan bien defendido y deben haber pensado que eres un pequeño barco comercial.;;;;;;;;;x
EVTDESCBwikid.302;You manage to repel the attacking pirates but in the fight you take a wound. In the end you are still the victor as your wound may hea,l but they are not going to be coming back to life any time soon.;Vous repoussez l'attaque des pirates mais dans la bagarre vous recevez une blessure. Au final vous être quand même victorieux et la blessure va guérir et eux n'y reviendront pas de sitôt.;;;Te las arreglas para repeler a los piratas atacantes pero en la lucha te llevas una herida. Al final, sigues siendo el vencedor ya que tu herida puede curarse, pero ellos no van a volver a ver un nuevo día.;;;;;;;;;x
EVTDESCCwikid.302;After a brief skirmish, you managed to fend off the bandits. They quickly retreated and melted away after your men bore their steel and butchered half their number.;;;;;;;;;;;;;x
EVTDESCDwikid.302;You manage to force the bandits to retreat, but in the fight you take a wound.;;;;;;;;;;;;;x
EVTOPTAwikid.302;They learned their lesson the hard way;Ils ont appris durement la leçon;;;Aprendieron una dura lección;;;;;;;;;x
EVTOPTBwikid.302;The bastards got me;Ces bâtards m'ont eu;;;Los bastardos me atraparon;;;;;;;;;x
EVTDESCwikid.303;After many days at sea on your [Root.GetShipName], you have finally arrived at [tour_destination.GetName]. You are very excited and cannot wait to explore these new lands and the [tour_destination.Culture.GetName] culture!;Après bien des jours en mer, vous êtes finalement arrivés à [tour_destination.GetName]. Vous êtes très excité et vous ne pouvez pas attendre pour explorer ces nouvelles terres et la culture [tour_destination.Culture.GetName]  !;;;Después de muchos días en el mar en su [Root.GetShipName], finalmente ha llegado al [tour_destination.GetName]. ¡Estás muy emocionado y no puedes esperar para explorar estas nuevas tierras y la cultura [tour_destination.Culture.GetName]!;;;;;;;;;x
EVTDESCwikid.303B;After many days at sea on your [Root.GetShipName], you have finally arrived at the ruins of [tour_destination.GetName]. You are very excited and intrigued at what may be present here!;Après bien des jours en mer, vous êtes finalement arrivés à [tour_destination.GetName]. Vous êtes très excité et vous ne pouvez pas attendre pour explorer ces nouvelles terres et la culture [tour_destination.Culture.GetName]  !;;;Después de muchos días en el mar en su [Root.GetShipName], finalmente ha llegado a las ruinas de [tour_destination.GetName]. ¡Estás muy emocionado e intrigado por lo que puede haber aquí!;;;;;;;;;x
EVTDESCwikid.303C;After days of travel you and your [Root.GetProgressEntourageSizeDesc] are nearing [tour_destination.GetName]. You start by making yourself known to the common [Root.GetPeasantNamePlural] of the area, dispensing justice and resolving minor disputes. Word has spread through the area, and the [Root.GetPeasantNamePlural], and [tour_destination.Holder.GetTitledFirstNameWithDynasty], are most pleased with your efforts.;;;;;;;;;;;;;x
EVTDESCwikid.303D;After a long journey, you and your [Root.GetProgressEntourageSizeDesc] are approaching [tour_destination.GetName]. You march through the area with your [Root.GetProgressEntourageSize] bodyguard and oversee the execution of criminals, making sure the [Root.GetPeasantNamePlural] know their [Root.GetTitle]. They are wary, but the [Root.GetPeasantNamePlural] welcome you.;;;;;;;;;;;;;x
EVTDESCwikid.303E;You and your [Root.GetProgressEntourageSizeDesc] are finally nearing [tour_destination.GetName]. You start by addressing the [Root.GetPeasantNamePlural] flanked by a [Root.GetProgressEntourageSize] bodyguard. Your haughty words are not received well, and the justice you dispense is looked upon as arbitrary. The [Root.GetPeasantNamePlural] have been unsettled by your arrival.;;;;;;;;;;;;;x
EVTOPTAwikid.303;[tour_destination.Holder.GetTitledFirstName] [tour_destination.Holder.GetOnlyDynastyName] shall be informed of your impending arrival;[tour_destination.Holder.GetTitledFirstName] [tour_destination.Holder.GetOnlyDynastyName] sera informé de votre arrivée;;;[tour_destination.Holder.GetTitledFirstName] [tour_destination.Holder.GetOnlyDynastyName] será informado de tu llegada;;;;;;;;;x
EVTOPTAwikid.303B;It is time to enter the ruins...;;;Es hora de entrar a las ruinas...;;;;;;;;;;x
EVTOPTAwikid.303C;Now on to see [tour_destination.Holder.GetTitledFirstNameNoRegnal] [tour_destination.Holder.GetOnlyDynastyName]!;;;;;;;;;;;;;x
EVTDESCwikid.304;[From.GetTitledFirstNameWithDynasty] has arrived at the port;[From.GetTitledFirstNameWithDynasty] est arrivé au port;;;[From.GetTitledFirstNameWithDynasty] ha llegado al puerto;;;;;;;;;x
EVTDESCwikid.304B;[From.GetTitledFirstNameWithDynasty] and [From.GetHerHis] [From.GetProgressEntourageSizeDesc] have arrived in [tour_destination.GetName] as part of [From.GetHerHis] [From.GetProgressName]! [From.GetSheHeCap] starts by making [From.GetHerHim]self known to the common [Root.GetPeasantNamePlural] of the area, dispensing justice and resolving minor disputes. Word has spread through the area of [From.GetHerHisCap] [From.GetHonorific]'s presence, and the [Root.GetPeasantNamePlural] are most pleased with [From.GetHerHis] efforts.;;;;;;;;;;;;;x
EVTDESCwikid.304C;[From.GetTitledFirstNameWithDynasty] and [From.GetHerHis] [From.GetProgressEntourageSizeDesc] have arrived in [tour_destination.GetName] as part of [From.GetHerHis] [From.GetProgressName]! [From.GetSheHeCap] marches through the area with [From.GetHerHis] [From.GetProgressEntourageSize] bodyguard and oversees the execution of known criminals, making sure the [Root.GetPeasantNamePlural] know who their [From.GetTitle] is. They are wary, but the [Root.GetPeasantNamePlural] welcome [From.GetHerHis] arrival.;;;;;;;;;;;;;x
EVTDESCwikid.304D;[From.GetTitledFirstNameWithDynasty] and [From.GetHerHis] [From.GetProgressEntourageSizeDesc] have arrived in [tour_destination.GetName] as part of [From.GetHerHis] [From.GetProgressName]! [From.GetSheHeCap] starts by addressing the [Root.GetPeasantNamePlural] flanked by a [From.GetProgressEntourageSize] bodyguard. [From.GetHerHisCap] haughty words are not received well, and the justice [From.GetSheHe] dispenses is looked upon as arbitrary. The [Root.GetPeasantNamePlural] have been unsettled by [From.GetHerHis] arrival.;;;;;;;;;;;;;x
EVTOPTAwikid.304;[From.PrimaryTitle.GetFOA], welcome to [Root.Capital.GetName];Puissiez-vous profiter de votre voyage;;;Que disfrutes tu viaje;;;;;;;;;x
EVTOPTBwikid.306;I am in need of a wife, a [tour_destination.Culture.GetName] woman would be most wonderful;J'ai besoin d'une épouse, une femme [tour_destination.Culture.GetName] serait parfaite;;;Necesito una esposa, una mujer de [tour_destination.Culture.GetName] seríaa maravillosa;;;;;;;;;x
EVTOPTCwikid.306;I am in need of a husband, a [tour_destination.Culture.GetName] man would be most wonderful;J'ai besoin d'un mari, un homme [tour_destination.Culture.GetName] serait parfait;;;Necesito un marido, un hombre de [tour_destination.Culture.GetName] sería maravilloso;;;;;;;;;x
EVTDESCAwikid.306;The smell of salt water fills your nose and the waters of the sea spill around the deck of your [Root.GetShipName] as you finally pull into the harbor at [tour_destination.GetName]. The docks are busy as ships from all over the world congregate here. Traders and fishermen are all in a hurry as they pass through the River Gate, one of seven entrances to the city that stand on all majors roads of the realm. You pass through it and decide to take a small detour to the street of steel and past Visenya's Hill and over to the main plaza. You take a good look at the Sept of Baelor and can’t help but be impressed at the enormous size and scope of the capital city of House Targaryen. You take one distant look at the dragonpit before turning down towards the Red Keep, after all it wouldn’t do to miss a meeting with [tour_destination_owner.GetTitledFirstNameNoRegnal]!;L'odeur de l'eau salée remplit votre nez et les eaux de la mer déversent autour du pont de votre bateau que vous commencez enfin à entrer dans le port à [tour_destination.GetName]. Les docks sont occupés par des navires de partout dans le monde qui se rassemblent ici. Les commerçants et les pêcheurs en toute hâte passent par la Porte de la rivière, une des sept entrées de la ville qui se trouvent sur toutes les grandes routes du royaume. Vous traversez et décidez de prendre un petit détour vers la rue d'acier et vous passez par la colline de Visenya et ensuite par la place principale. Vous jetez un coup d'oeil au Septuaire de Baelor et vous ne pouvez vous empêcher d'être impressionné par l'énorme taille et l'étendue de la capitale de la maison Targaryen. Vous voyez au loin Fossedragon avant de tourner vers le Donjon Rouge, après tout ça ne se fait pas de manquer une réunion avec le Seigneur des Sept Royaumes !;;;El olor a agua salada llena tu nariz y las aguas del mar se derraman alrededor de la cubierta de tu barco cuando finalmente comienzas a entrar al puerto de [tour_destination.GetName]. Los muelles están ocupados ya que los barcos de todo el mundo se congregan aquí. Los comerciantes y pescadores tienen prisa cuando pasan por la Puerta del Río, una de las siete entradas a la ciudad que se encuentran en todas las carreteras principales del reino. Lo atraviesas y decides tomar un pequeño desvío a la calle de Acero y pasar por la colina de Visenya y llegar a la plaza principal. Echas un vistazo al Gran Septo de Baelor y no puedes dejar de sentirte impresionado por el enorme tamaño y el alcance de la capital de la Casa Targaryen. Echas una mirada distante al Pozo Dragón antes de bajar hacia la Fortaleza Roja, después de todo, !No es posible perderse una reunión con [tour_destination_owner.GetTitledFirstNameNoRegnal]!;;;;;;;;;x
EVTDESCBwikid.306;You have sailed your [Root.GetShipName] across the Narrow Sea to [tour_destination.GetName], the black and awe-inspring castle. It is unique, with nothing quite like it in Westeros or Essos. The ancient seat of House Targaryen shows its lineage with a number of stone dragons and other beasts decorating the castle. You heard some of the sailors tell of it being haunted and that it was stuff of nightmares. You think to yourself it's amazing that at one point this small rock was the frontier of the Valyrian Freehold. As you approach the gate you see the sigil of house [tour_destination_owner.GetOnlyDynastyName] flying from the Stone Drum, and when you enter the Great Hall through the Dragons Mouth and [tour_destination_owner.GetTitledFirstNameNoRegnal] welcomes you. [tour_destination_owner.GetSheHeCap] tells you of the castles history and shows you the Painted Table where Aegon the Conqueror planned his invasion of Westeros. Soon you feel at ease in the isle of stone dragons.;Vous êtes jeté à travers le navire, la mer est une maîtresse cruelle et [Root.Religion.GetHighGodName] ne vous favorise pas. Pourtant, vous parvenez à survivre à traverser le Détroit. Le château est un monstre noir et impressionnant. Il est unique et vous n'avez jamais vu quelque chose comme ça à Westeros ou Essos. L'ancien siège de la maison Targaryen montre ses remparts avec nombre de dragons de pierre et d'autres gargouilles aux traits de basilics ou de vouivres. Vous avez entendu certains marins dirent qu'il était hanté et que c'était un truc à vous donner des cauchemars. Vous pensez vous-même que c'est étonnant qu'à un moment donné ce petit rocher près de la Néra était l'extrémité ouest de l'empire de Valyria. Les dernières traces de l'empire et de ses seigneurs dragon ont survécu ici avec leurs dragons. Vous voyez le symbole de la maison [tour_destination_owner.GetOnlyDynastyName] au sommet du donjon. Vous entrez dans la Grande Salle et [tour_destination_owner.GetTitledFirstNameNoRegnal] vous souhaite la bienvenue. [Tour_destination_owner.GetSheHeCap] vous raconte l'histoire des châteaux et vous montre la table peinte où Aegon le Conquérant a planifié son invasion de Westeros. Bientôt vous vous sentez à l'aise dans l'île des dragons de pierre.;;;Has navegado tu [Root.GetShipName] por el estrecho mar hasta [tour_destination.GetName], el castillo negro y maravilloso. Es único, nada parecido en Poniente o Essos. La antigua sede de la Casa Targaryen muestra su linaje con una serie de dragones de piedra y otras bestias que decoran el castillo. Escuchaste a algunos de los marineros contar que estaba embrujado. Piensas para ti mismo que es sorprendente que esta pequeña roca fuera la frontera del Feudo Valyrio. Cuando te acercas a la puerta ves el Lema de la casa [tour_destination_owner.GetOnlyDynastyName] escrito en la Torre del Tambor de Piedra, y cuando entras al Gran Salón a través de la Boca de dragones [tour_destination_owner.GetTitledFirstNameNoRegnal] te da la bienvenida. [tour_destination_owner.GetSheHeCap] te cuenta sobre la historia de los castillos y te muestra la Tabla Pintada donde Aegon el Conquistador planeó su invasión de Poniente. Pronto te sientes a gusto en la isla de dragones de piedra.;;;;;;;;;x
EVTDESCCwikid.306;As you ride on, a cool breeze rolls over the green ridges and down to the farms. It makes you shiver, but not of deep cold but of pleased anticipation of the coming winds. The Stormlands have been beautiful so far. Though not spoken of for its beauty like The Reach, it has its own unique charm. As you near [tour_destination.GetName], the atmosphere seems to get more solemn and dark clouds shroud the area . One of your men gasps as the legendary castle of Durran Godsgrief comes into view. It's said that all the storms and rages of the gods couldn’t bring this castle down, and now looking at its huge walls and enormous drum tower it's easy to see why. As you get closer the sun shines from behind the clouds illuminating it so that it appears as a giant glowing fist. As you ride through the gate [tour_destination_owner.GetTitledFirstNameNoRegnal] [tour_destination_owner.GetOnlyDynastyName] greets you, and you notice a hustle from the stables and the kitchens, it looks like you have just arrived in time for a feast. What luck!;Une brise agréable descend des crêtes vertes et rocheuses en direction des fermes que vous venez juste de passer. Le vent tourbillonne autour de vous et vous frissonnez, mais pas un frisson de froid mais plutôt un plaisir d'anticipation des vents qui viennent par devers vous. Les Terres de l'Orage étaient assez belles jusqu'à présent, on ne vous en a pas parlé comme d'une beauté pareille au Bief mais elles ont leur propre charme unique. L'atmosphère de la région semble plus solennelle et des nuages sombres portent une ombre sur la région alors que vous passez près de [tour_destination.GetName]. Un de vos hommes attire brusquement votre attention et vous tournez la tête pour le regarder. Le château légendaire de Durran Dieux-deuil. On dit que toutes les tempêtes et rages des dieux ne pouvaient pas abattre ce château, et maintenant, en regardant ses murs d'une centaine de pieds de haut et près de quatre-vingts pieds d'épaisseur, avec son énorme tour semblable à un tambour, il est assez facile de comprendre pourquoi. Comme vous vous rapprochez et plus près du château le soleil brille faiblement derrière les nuages l'illuminant de sorte qu'il apparaît comme un poing géant incandescent. Alors que vous chevauchez à travers la porte en direction de la tour où [tour_destination_owner.GetTitledFirstNameNoRegnal] [tour_destination_owner.GetOnlyDynastyName] vous attend, vous remarquez une grande activité vers les écuries les des cuisines, il semble que vous être arrivé juste à temps pour une fête. Quelle chance !;;;A medida que avanzas, una brisa fresca viene de las crestas verdes y baja a las granjas. Te produce escalofríos, pero no de un frío profundo, sino de una anticipación  de los vientos que vendrán. Las Tormentas han sido hermosas hasta ahora. Aunque no se habla de su belleza como en el Dominio, tienen su propio encanto único. A medida que te acercas a [tour_destination.GetName], la atmósfera se vuelve más solemne y las nubes oscuras cubren el área. Uno de tus hombres se queda sin aliento cuando aparece el legendario castillo de Durran Bastión de Tormentas. Se dice que todas las tormentas y furias de los dioses no pudieron derribar este castillo, y ahora, al mirar sus enormes muros y su enorme torre, es fácil ver por qué. A medida que te acercas, el sol brilla desde detrás de las nubes iluminándolo para que parezca un puño gigante y brillante. A medida que entras por la puerta de [tour_destination_owner.GetTitledFirstNameNoRegnal] [tour_destination_owner.GetOnlyDynastyName] os saluda, y se observa un ajetreo en los establos y las cocinas, parece que acaban de llegar a tiempo para una fiesta. ¡Que suerte!;;;;;;;;;x
EVTDESCDwikid.306;The hot dornish sun beats down upon you as you make your way around the ancient capital of Dorne. Your [Root.GetShipName] just pulled into the harbor of the shadow city an hour or so earlier and you have now made your way past the threefold gates. Visible from here are both the Sun Tower and the Spear Tower which together make for an impressive sight, one that contrasts greatly with the ugly, sandy, color of the Sandship jutting out from the middle of [tour_destination.GetName]. As you walk up the steps of an old brick path you approach the old palace where [tour_destination_owner.GetTitledFirstNameNoRegnal] [tour_destination_owner.GetOnlyDynastyName] waits to greet you.;La chaleur du soleil dornien s'abat sur vous alors que vous faites chemin vers de l'ancienne capitale de Dorne. Votre navire a jeté l'ancre dans le port de la ville d'ombreuse il y a environ une heure et vous passez maintenant par les trois portes. Vous voyez à la fois la tour du Soleil et la tour Lance, la vue est impressionnante, celle-ci contraste fortement avec la couleur laide et sableuse autour de [tour_destination.GetName]. Vous remontez un vieux chemin de briques et vous approchez du vieux palais où [tour_destination_owner.GetTitledFirstNameNoRegnal] [tour_destination_owner.GetOnlyDynastyName] attend pour vous accueillir.;;;El ardiente sol Dorniense te golpea mientras recorres la antigua capital de Dorne. Su [Root.GetShipName] acaba de llegar al puerto de la ciudad sombría aproximadamente una hora antes y ahora has pasado por las tres puertas. Visibles desde aquí son tanto la Torre del Sol como la Torre de la Lanza, que juntas crean una vista impresionante, una que contrasta grandemente con el color feo y arenoso del Barco de Arena que sobresale del centro de [tour_destination.GetName]. Al subir los escalones de un viejo camino de ladrillos, te acercas al antiguo palacio donde [tour_destination_owner.GetTitledFirstNameNoRegnal] [tour_destination_owner.GetOnlyDynastyName] espera para saludarte.;;;;;;;;;x
EVTDESCEwikid.306;As you ride through the fields and on to [tour_destination.GetName], your carriage bumps on the road. You breathe deep the scent of flowers, fruit and other greenery. The air is light with water, and the lushness even right near the castle is breathtaking. You see from outside that vines grasp every wall, and great groves of fruit are visible stretching out from the streets and above the buildings. Inside the outer wall a great green labyrinth is visible. When you pass under the gate and ride into the castle you find even more greenery stretching to every corner with fountains and gardens on nearly every surface. You stop the carriage to grab some fruit, warm peaches just ripe and the juice pours over your lips as you finally enter the main hall.;Alors que vous vous traversez les champs et que vous atteignez [tour_destination.GetName], votre attelage cahote sur la route. Vous respirez profondément le parfum des fleurs, des fruits et autres pâtures. L'air est léger et la luxuriance des champs à proximité du château est à couper le souffle. Des vignes extérieures grimpent le long de chaque mur et de grandes plantations de fruits sont visibles et s'étendent hors des rues et au-dessus des bâtiments. A l'intérieur de la première muraille, un grand labyrinthe vert est visible. Lorsque vous passez sous la porte et pénétrez dans le château, vous trouverez encore plus de verdure s'étendant dans tous les coins avec encore plus de fontaines et des jardins sur presque toutes les surfaces. Vous arrêtez la voiture pour attraper des fruits, des pêches chaudes juste mûres et le jus coule sur vos lèvres lorsque vous entrez enfin dans le hall principal.;;;A medida que recorres los campos y avanzas hacia [tour_destination.GetName], tu carro choca en la carretera. Usted respira profundamente el aroma de flores, frutas y otras plantas. El aire es liviano con agua, y la exuberancia incluso cerca del castillo es impresionante. Se ve desde afuera que las enredaderas se agarran a cada pared, y se ven grandes arboledas de fruta que se extienden desde las calles y sobre los edificios. Dentro de la pared exterior se ve un gran laberinto verde. Cuando pasas por debajo de la puerta y entras al castillo, encuentras aún más vegetación que se extiende a cada rincón con fuentes y jardines en casi todas las superficies. Detienes al carruaje para que agarrar algo de fruta, melocotones templados recién maduros y el jugo se vierte sobre tus labios cuando finalmente entras al salón principal.;;;;;;;;;x
EVTDESCFwikid.306;As your [Root.GetShipName] draws closer into the docks at [tour_destination.GetName] the truly monumental nature of the fortress starts to sink in. Standing more than two thousand feet into the sky it is roughly three times the size of The Wall. The top has a large system of fortifications carved into it with a small castle built right onto the tip. A couple of guards arrive at your ship to escort you to your destination inside of the massive castle. As you walk towards Casterly Rock you hear the bustling sounds of a large and prosperous city filled with traders from Oldtown to Volantis. Men, women, and children all with golden hair fill every corner. You’re quite tempted to go and buy something from one of the many shops, but you resist the temptation as you finally near The Rock. As you finally enter you pass two giant stone lions and can only wonder what further displays of wealth and power [tour_destination_owner.GetTitledFirstNameNoRegnal] [tour_destination_owner.GetOnlyDynastyName] will have in store for you.;Alors que votre navire se rapproche des quais à [tour_destination.GetName], vous vous rendez compte de la nature véritablement monumentale de Castral-Roc. Culminant à plus de deux mille pieds, la forteresse est à peu près trois fois la taille du Mur. Le sommet a un grand système de fortifications creusé dans la roche avec un petit château construit sur la pointe. Quelques gardes arrivent vers votre navire pour vous escorter à votre destination à l'intérieur du château massif. En marchant vers Castral-Roc, vous entendez les bruits d'une ville grande et prospère remplie de commerçants de Villevieille ou Volantis. Hommes, femmes et enfants, tous avec des cheveux dorés sont à chaque coin de rue, où que vous passiez. Vous êtes assez tenté, à un moment donné, d'aller acheter quelque chose dans l'un des nombreux magasins mais vous résistez à la tentation comme vous arrivez finalement près de l'entrée au rocher. Alors que vous entrez, vous passez deux lions de pierre géants et vous ne pouvez que vous demandez quels autres signes de richesse et de puissance [tour_destination_owner.GetTitledFirstNameNoRegnal] [tour_destination_owner.GetOnlyDynastyName] aura en réserve pour vous.;;;A medida que su [Root.GetShipName] se acerca a los muelles en [tour_destination.GetName] la monumental fortaleza comienza a verse. Parada a más de dos mil pies en el cielo es aproximadamente tres veces el tamaño de el Muro. La parte superior tiene un gran sistema de fortificaciones talladas con un pequeño castillo construido en la punta. Un par de guardias llegan a su nave para acompañarlo a su destino dentro del enorme castillo. Mientras caminas hacia Roca Casterly, escuchas los bulliciosos sonidos de una ciudad grande y próspera llena de comerciantes desde Antigua hasta Volantis. Hombres, mujeres y niños con cabello dorado llenan cada esquina. Te sientes muy tentado de ir a comprar algo de una de las muchas tiendas, pero te resistes a la tentación cuando finalmente te acerques a La Roca. Cuando finalmente entras, pasas por dos leones de piedra gigantes y solo te puedes preguntar qué demostraciones adicionales de riqueza y poder de [tour_destination_owner.GetTitledFirstNameNoRegnal] [tour_destination_owner.GetOnlyDynastyName] te esperan.;;;;;;;;;x
EVTDESCGwikid.306;You pass through the gatehouse you can’t help but shiver as a cold and brutal air passes through over you from the sea. The smell of the sea hangs thick over this castle and it has an awfully grim feel to it. Most of the stronghold is made from a dark grey stone covered in green lichen. Some parts of [tour_destination.GetName] seem to be just barely cling to the small stacks of rock they reside on. You can’t help but wonder if those might collapse to before deciding it’d be best not to think of it. You hurriedly cross the rope bridge and arrive at the great keep. There's not much for banners but a great oily seat shaped like a kraken serves as enough of a mark to clearly demonstrate whose hall this is. You greet [tour_destination_owner.GetTitledFirstNameNoRegnal] [tour_destination_owner.GetOnlyDynastyName] and prepare to enjoy a bit of hospitality to warm you up in these cold harsh isles.;Vous passez par la porte et vous ne pouvez vous empêcher de frissonner comme un air froid venu de la mer vous transperce. L'odeur de la mer s'accroche sur ce château et vous avez une sombre sensation. La plupart de la forteresse est faite d'une pierre gris foncé, elle est recouverte de lichen vert aussi. Certaines parties de [tour_destination.GetName] semblent tenir à peine sur les petites roches sur lesquelles elles résident. Vous ne pouvez pas m'empêcher de vous demander si celles-ci pourraient s'effondrer avant de décider qu'il serait préférable de ne pas y penser. Vous traversez précipitamment le grand pont et arrivez au grand donjon. Il n'y a pas beaucoup de bannières, mais un grand siège huileux en forme d'une seiche est une marque assez claire pour indiquer qui règne sur la salle. Vous saluez [tour_destination_owner.GetTitledFirstNameNoRegnal] [tour_destination_owner.GetOnlyDynastyName] et vous vous préparez à profiter d'un peu d'hospitalité pour vous réchauffer dans ces îles froides et dures.;;;Cuando pasas por la puerta de entrada no puedes evitar tiritar cuando un aire frío y brutal te atraviesa desde el mar. El olor del mar se cierne sobre este castillo y tiene un aspecto terriblemente sombrío. La mayor parte de la fortaleza está hecha de una piedra gris oscura cubierta de líquenes verdes. Algunas partes de [tour_destination.GetName] parecen aferrarse apenas a las pequeñas pilas de roca en las que residen. No puedes evitar preguntate si es posible que se derrumben antes de decidir que sería mejor no pensar en ello. Cruzas apresuradamente el puente de cuerda y llegas al gran torreón. No hay muchos estandartes, pero un gran asiento aceitoso con forma de kraken sirve como marca suficiente para demostrar claramente de quién es esta sala. Saludas a [tour_destination_owner.GetTitledFirstNameNoRegnal] [tour_destination_owner.GetOnlyDynastyName] y prepárate para disfrutar de un poco de hospitalidad para calentarte en estas frías islas.;;;;;;;;;x
EVTDESCHwikid.306;Standing on the bank next to a boat whilst men load it with your supplies, you look upon the castle of [tour_destination.GetName]. It isn’t the largest castle in Westeros, but its three walls that stand right out of the water make for an impressive sight. Any army attacking this place would have a difficult time, archers on the walls and deep water standing between its inhabitants and any besiegers. Finally your boat is ready, and your oarsmen starts rowing to the entrance of the castle, the half submerged river gate. A man near the front of the boat signals to those manning the river gate and it raises letting you inside. Your boat comes to a rest near the water stairs and you get off carefully and walk up them. A servant is waiting for you at the top. 'Ahh it's about time you got here, [tour_destination_owner.GetTitledFirstNameNoRegnal] [tour_destination_owner.GetOnlyDynastyName] has been expecting you for a couple hours now.' He motions you to follow him and you both enter the great hall together.;Debout sur la rive, à côté des hommes qui chargent vos provisions sur le bateau, vous regardez le château de [tour_destination.GetName]. Ce n'est pas le plus grand château de Westeros, mais ses trois murs qui se dressent juste à l'extérieur de l'eau en donnent une vue impressionnante. Toute armée attaquant cet endroit aurait des difficultés, les archers sur les murs et l'eau profonde entre ses murs et les attaquants. Enfin votre bateau est prêt et vous montez. Vos rameurs commencent à ramer vers l'entrée du château, la porte de la rivière semi-submergée. Un homme près de l'avant du bateau fait signe à ceux qui contrôlent la porte de rivière. Elle se soulève, vous laissant entrer à l'intérieur. Votre bateau vient à quai vous montez avec précaution les marches. Un homme, un serviteur vous attend au sommet. 'Ah, il est temps que vous soyez ici, [tour_destination_owner.GetTitledFirstNameNoRegnal] [tour_destination_owner.GetOnlyDynastyName] vous attend depuis quelques heures.' Il vous demande de le suivre et vous entrerez ensemble dans la grande salle.;;;Parado en la orilla al lado de un bote mientras los hombres cargan sus suministros, usted mira el castillo de [tour_destination.GetName]. No es el castillo más grande de Poniente, pero sus tres paredes se encuentran justo fuera del agua crean una vista impresionante. Cualquier ejército que ataque este lugar tendría dificultades, arqueros en las paredes y aguas profundas entre sus habitantes y los sitiadores. Finalmente su bote está listo, y sus remeros comienzan a remar hasta la entrada del castillo, la puerta del río esta medio sumergida. Un hombre cerca de la parte delantera del bote les hace señas a los que manejan la puerta del río y suben y les deja entrar. Su bote se detiene cerca de la escalera de agua y se baja cuidadosamente y sube por ellas. Un sirviente te está esperando en la cima. 'Ahh es hora de que lleguaras, [tour_destination_owner.GetTitledFirstNameNoRegnal] [tour_destination_owner.GetOnlyDynastyName] te ha estado esperando durante un par de horas.' Te hace un gesto para que lo sigas y ambos entran al gran salón juntos.;;;;;;;;;x
EVTDESCIwikid.306;The cold air of the high mountains digs into your skin despite the thick cloak you are wearing. You can’t help but shiver as you approach the Gates of the Moon, the last stop on your journey to [tour_destination.GetName]. You look up and can’t help but get excited as you see it, a great white castle with seven tall towers perched at the highest point in the world. You wonder at the time and effort it must have taken to construct a place like this so far up in the mountains. A rattling breeze shakes you from your thoughts as you ride with redoubled speed, you pass through the Gates of the Moon quickly and rapidly approach the treacherous and narrow path up the Giant's Lance. After what feels like hours you finally get to the Crescent Chamber and are welcomed by servants who take your belongings and escort you to a warm place by the fire where they tell you to wait for [tour_destination_owner.GetTitledFirstNameNoRegnal] [tour_destination_owner.GetOnlyDynastyName] to come and greet you.;L'air froid des hautes montagnes pénètre dans votre peau même avec l'épais manteau que vous portez. Vous ne pouvez pas vous empêcher de frissonner lorsque vous commencez à approcher des Portes de la Lune, la dernière étape de votre voyage vers [tour_destination.GetName]. Vous regardez en haut et ne pouvez vous empêcher d'être excité quand vous le voyez, un grand château blanc avec sept tours perché au plus haut point du monde. Vous vous demandez quels ont été les efforts nécessaires pour construire un endroit comme celui-ci, ici dans les montagnes. Une brise fraiche vous sort de vos pensées et vous accélérez le pas, vous passez par la Porte de la Lune rapidement et vous vous engagez sur chemin traître et étroit jusqu'à la Lance du Géant. Après ce qui se passe comme des heures, vous arrivez enfin à la Chambre au Croissant et vous êtes accueillis par un groupe de domestiques qui prennent vos affaires et vous escortent dans un endroit chaleureux près du feu où ils vous disent d'attendre [tour_destination_owner.GetTitledFirstNameNoRegnal] [tour_destination_owner.GetOnlyDynastyName] qui va venir et vous saluer.;;;El aire frío de las altas montañas se clava en tu piel a pesar de la gruesa capa que llevas puesta. No puedes evitar tiritar al acercarte a las Puertas de la Luna, la última parada en tu viaje a [tour_destination.GetName]. Miras hacia arriba y no puedes evitar emocionarte como lo ves, un gran castillo blanco con siete torres altas encaramadas en el punto más alto del mundo. Te preguntas sobre el tiempo y el esfuerzo que debe haber llevado construir un lugar como este tan arriba en las montañas. Una brisa agitada te sacude de tus pensamientos mientras conduces con velocidad redoblada, atraviesas las Puertas de la Luna rápidamente  te acercas al traicionero y angosto sendero que sube por la Lanza del Gigante. Después de lo que parecen horas, finalmente llega a la Cámara de la Media Luna y son recibidos por los criados que toman sus pertenencias y lo llevan a un lugar cálido junto al fuego donde le dicen que espere a [tour_destination_owner.GetTitledFirstNameNoRegnal] [tour_destination_owner.GetOnlyDynastyName] para que venga. y te salude.;;;;;;;;;x
EVTDESCJwikid.306;Coming up the Kingsroad is difficult way up here in The North. There are inns, you stopped in a few of them on the way here, but they tend to be few in number. A layer of snow covers everything and the frost bites harsh even in summer. Coming up ahead of your carriage is the Winter Town, and its castle, ancient [tour_destination.GetName]. The town is fairly large, larger than most you’ve seen traveling the North and the market has a decent amount of selections. As you ride towards the gate you notice how even here everything is covered in snow. Now you pass under the main gate towards the great hall, you spot a many icicles hanging from the buildings. Coming to the doors you dismount your carriage and pass through into the Hall. It's much warmer inside here and the difference is welcoming. [tour_destination_owner.GetTitledFirstNameNoRegnal] [tour_destination_owner.GetOnlyDynastyName] sits at a table with [tour_destination_owner.GetHerHis] family and beckons you over to the table to join a hearty meal. Now this is northern hospitality!;La Route Royale est beaucoup plus difficile ici dans le Nord. Il y a encore des auberges ou ce qui y ressemble, vous vous êtes arrêté dans quelques-unes sur le chemin pour parvenir jusqu'ici mais elles ont tendance à être éloignées l'une de l'autre. Une couche de neige couvre à peu près tout et le vent est mordantmême en été. Devant vous et votre voiture, se trouve  la ville d'hiver, et son château, [tour_destination.GetName]. La ville est en fait assez grande, plus grande que la plupart de celles que vous avez vu durant votre voyage dans le nord jusqu'à présent et le marché est bien achalandé. Pendant que vous roulez vers la porte vous remarquez que même ici tout est couvert de neige. Du sommet des toits jusqu'à la route ver le château [tour_destination.GetName] chaque surface est légèrement gelée ou est recouverte d'une épaisse couverture de neige. Maintenant que vous passez sous la porte principale vers la grande salle, vous apercevez mille glaçons suspendus aux murs et aux bâtiments. En arrivant aux portes, vous descendez de votre voiture et passez dans la salle à manger. Il fait beaucoup plus chaud ici et la différence est bienvenue. [Tour_destination_owner.GetTitledFirstNameNoRegnal] [tour_destination_owner.GetOnlyDynastyName] est assis à une table avec sa famille et il vous invite à rejoindre un repas copieux. Ça, c'est l'hospitalité du Nord !;;;El camino real es mucho más difícil aquí en el norte. Todavía hay hostales, pero tienden a estar muy separados. Una capa de nieve cubre casi todo y el viento muerde incluso en verano. En frente de usted y su automóvil, está la ciudad de Invernalia, y su castillo, [tour_destination.GetName]. La ciudad es bastante grande, más grande que la mayoría de las que has visto durante tu viaje al norte y el mercado está bien abastecido. Al ir hacia la puerta, notas que incluso aquí todo está cubierto de nieve. Desde la parte superior de los tejados hasta las torres cada superficie esta ligeramente congelada o cubierta con una gruesa capa de nieve. Pasas por debajo de la puerta principal del Gran Comedor, ves mil cubos de hielo colgando en las paredes y los edificios. Al llegar a las puertas, sales de tu auto y vas al comedor. Aquí es mucho más cálido y la diferencia es agradecida. [Tour_destination_owner.GetTitledFirstNameNoRegnal] [tour_destination_owner.GetOnlyDynastyName] está sentado en una mesa con su familia y él te invita a unirse a una abundante comida. ¡Esa es la hospitalidad del Norte!;;;;;;;;;x
EVTOPTAwikid.306;How marvelous!;C'est merveilleux !;;;¡Qué maravilloso!;;;;;;;;;x
EVTDESCAwikid.307;The captain calls out 'Volantis’ in sight’. You marvel at the sheer size of the Volantene harbor as your [Root.GetShipName] berths at one of the wharves. While your captain ties off the ship, you pay for a palanquin and make your way to Fishmonger’s Square. You see the Merchant’s House, and though you want to rest you have an invitation from [tour_destination_owner.GetTitledFirstNameNoRegnal] [tour_destination_owner.GetOnlyDynastyName]. So you hurry across the Long Bridge, past the incredible temple of the Lord of Light and approach the Black Wall. A guard stops you, barking in a foreign tongue. Unsure of what he said, you present him your invitation. He looks it over then calls out and the gate opens.;Le capitaine appelle 'Volantis en vue', ce qui attire votre attention sur la ville. Vous vous émerveillez de la taille du port volantain vers lequel votre navire fait voile. Pendant que votre capitaine amarre le navire, vous payez pour un palanquin et faites votre chemin sur les docks. Vous voyez le Comptoir des Marchands, et bien que vous vouliez vous reposer de votre voyage, vous avez une invitation de [tour_destination_owner.GetTitledFirstNameNoRegnal] [tour_destination_owner.GetOnlyDynastyName], alors vous demander au conducteur de se dépêcher à travers le Long Pont, où vous voyez le temple incroyable du Maître de la Lumière. Vous vous approchez du mur noir massif, montant haut vers le ciel. Un garde vous arrête quand vous arrivez à la porte, et aboie dans sa langue étrangère. Incertain de ce qu'il a dit, vous lui présentez votre invitation. Il la regarde et ensuite la porte s'ouvre.;;;El capitán grita 'Volantis' a la vista '. Te maravillas del tamaño del puerto de Volantis cuando tu [Root.GetShipName] atraca en uno de los muelles. Mientras tu capitán ata el barco, pagas por un palanquín y te diriges a la Plaza de los Pescadores. Ves la Casa del comerciante, y aunque quieres descansar, tienes una invitación de [propietario_destino_de_gira.GetTitledFirstNameNoRegnal] [tour_destination_owner.GetOnlyDynastyName]. Así que te apresúras a cruzar el Puente Largo, pasar el increíble templo del Señor de la Luz y te acercas al Muro Negro. Un guardia te detiene, hablando en una lengua extranjera. Inseguro de lo que dijo, le presentaste tu invitación. Él lo mira y luego grita y se abre la puerta.;;;;;;;;;x
EVTDESCBwikid.307;You catch a hint of sweetness in the air as your [Root.GetShipName] sails up to the dock of [tour_destination.GetName]. The captain calls as you pass the into the city. You walk past the Pillow Houses, where you are beckoned by the beautiful men and women there, their purple and blue eyes popping against the accenting makeup, and their silver-gold hair styled uniquely to meet the tastes of any visitor. You have an engagement with [tour_destination_owner.GetTitledFirstNameNoRegnal] [tour_destination_owner.GetOnlyDynastyName], and so tear towards the Magisters Conclave. Along the way you pass the worship houses of all the Gods of the world, a few you’ve heard of, before you finally reach the Conclave’s gate.;Vous percevez un soupçon de douceur parfumée dans l'air pendant que votre bateau navigue jusqu'au quai de [tour_destination.GetName]. 'Nous serons prêts quand vous le voudrez'. Le capitaine vous appelle quand vous débarquez et passez les hauts murs dans la ville. Vous passez devant les maisons de plaisir, où vous êtes constamment invité à l'intérieur par les beaux hommes et les belles femmes autour de vous, leurs lèvres rougies, leurs yeux violets et bleus accentués par le maquillage et leurs cheveux d'or argenté. Ils vous proposent milles façons de satisfaire et de dépasser les goûts de tout visiteur. Vous commencez à sentir que vous succombez à la tentation mais vous avez un engagement avec [tour_destination_owner.GetTitledFirstNameNoRegnal] [tour_destination_owner.GetOnlyDynastyName], donc vous quittez la zone de plaisir vers le Conclave des Magistrats. Au long du chemin, vous traversez la rue du Temple, remplie des maisons de culte de tous les Dieux du monde (dont vous n'avez entendu parler seulement de quelques-uns), avant d'arriver enfin à la porte du Conclave et vous vous présenter.;;;Sientes un poco de dulzura en el aire cuando su [Root.GetShipName] navega hasta el muelle de [tour_destination.GetName]. El capitán llama al pasar por la ciudad. Pasas por las Almohadas, donde te llaman los hermosos hombres y mujeres, sus ojos púrpuras y azules reventando contra el maquillaje acentuado, y su cabello plateado con un estilo único para satisfacer los gustos de cualquier visitante. Usted tiene un compromiso con [tour_destination_owner.GetTitledFirstNameNoRegnal] [tour_destination_owner.GetOnlyDynastyName], así que caminas hacia el Cónclave de Magíster. En el camino pasas por las casas de adoración de todos los dioses del mundo, algunos de los que has oído hablar, antes de que finalmente llegues a la puerta del Cónclave.;;;;;;;;;x
EVTDESCCwikid.307;Your captain manages to get your [Root.GetShipName] to the walls of [tour_destination.GetName]. 'Friendly!' You hear someone yell from the Bleeding Tower as the captain docks. You head into the city and pass by a myriad of temples to one god or another. Finding the familiar insignia of [Root.Religion.GetRandomGodName], you enter and say a pray of thanks, then leave an offering before continuing toward the council house for your meeting with [tour_destination_owner.GetTitledFirstNameNoRegnal] [tour_destination_owner.GetOnlyDynastyName]. You see the masterwork crafts of the armorsmiths. ‘No time,’ so you pass by the Fountain of the Drunken God to the black Dragonstone Walls, and wait to be announced.;Votre capitaine réussit à faire passer votre navire en toute sécurité devant les hordes de pirates dans les degrés de pierres et maintenant les murs hauts de [tour_destination.GetName] sont en vue. Vous entendez quelqu'un crier 'Bienvenue !' de la tour alors que le capitaine manoeuvre dans le port et les quais. Vous débarquez et vous vous dirigez vers la ville, vous passez par une myriade de temples et de maisons de culte à des dieux dont vous ignoriez l'existence. En trouvant le symbole familier de [Root.Religion.GetRandomGodName], vous entrez et dites une prière de remerciement pour avoir échappé aux pirates, puis laissez une offrande avant de continuer vers la maison du conseil pour votre réunion avec [tour_destination_owner.GetTitledFirstNameNoRegnal] [tour_destination_owner .GetOnlyDynastyName]. Sur le chemin, vous voyez l'artisanat de maîtres forgerons. 'Si j'ai le temps, je peux acheter quelque chose', vous pensez alors en passant devant la fontaine du Dieu ivre et que vous approchez de la porte intérieure. Vous attendez, maintenant, avant d'être annoncé.;;;Tu capitán logra atracar tu [Root.GetShipName] en el puerto de [tour_destination.GetName]. '¡Amigos!' Oyes a alguien gritar desde la Torre Sangrante cuando el capitán atraca. Te diriges a la ciudad y pasas por una miríada de templos de un dios u otro. Al encontrar la insignia familiar de [Root.Religion.GetRandomGodName], entras y dices una oración de agradecimiento, luego dejas una ofrenda antes de continuar hacia la casa del consejo para su reunión con [tour_destination_owner.GetTitledFirstNameNoRegnal] [tour_destination_owner.GetOnlyDynastyName]. Ves la artesanía de los herreros. 'No hay tiempo', así que pasas por la Fuente del Dios Borracho y esperas para anunciarte.;;;;;;;;;x
EVTDESCDwikid.307;Your captain sails into [tour_destination.GetName] and docks the [Root.GetShipName]. As you enter, you hear one of the Myrmen singing, 'I loved a maid as fair as summer...' You remember the tune but can’t quite remember the lyrics, still you begin humming it as you enter the city walls. You find yourself on a blackstone road surrounded by numerous artisan shops, some hawking carpets, some lens, and others fine textiles. All the shops have beautifully crafted glass windows. Next you come to grand constructs housing scholars and artists. Your curiosity calls but you fight it and head to the council house to meet with [tour_destination_owner.GetTitledFirstNameNoRegnal] [tour_destination_owner.GetOnlyDynastyName].;Votre capitaine navigue dans le port de [tour_destination.GetName] et s'amarre au quai. Lorsque vous débarquez et entrez dans les docks, vous entendez l'un des myriens chanter dans la langue commune. 'J'aimais une femme aussi belle que l'été avec le soleil dans ses cheveux. J'ai adoré une femme... Vous vous souvenez de la mélodie mais vous ne vous souvenez pas des paroles, vous commencez à la fredonner quand vous entrez dans l'enceinte de la ville. Vous vous trouvez sur une route de pierre noire entourée de nombreux magasins d'artisanat, de tapis et d'autres beaux textiles, tous les magasins ont de magnifiques fenêtres en verre. Vous n'avez pas le temps d'acheter quoi que ce soit, alors vous continuez. Vous arrivez à de grandes constructions artisanales abritant d'innombrables lettrés et artistes. Vous êtes curieux et vous aimeriez jeter un coup d'oeil mais vous vous résignez et vous vous dirigez vers la maison du conseil pour votre réunion avec [tour_destination_owner.GetTitledFirstNameNoRegnal] [tour_destination_owner.GetOnlyDynastyName];;;"Tu capitán navega hacia [tour_destination.GetName] y atraca el [Root.GetShipName]. Cuando entras, escuchas a uno de los Myrmen cantando: ""Me encantaba una doncella tan hermosa como el verano ..."" Recuerdas la canción pero no puedes recordar la letra, aún asi comienzas a tararearla cuando entras en las murallas de la ciudad. Te encuentras en una carretera de piedras negras rodeada de numerosas tiendas de artesanías, algunas alfombras de venta ambulante, algunas lentes y otros textiles finos. Todas las tiendas tienen ventanas de vidrio bellamente diseñadas. Luego ves a grandes constructores que albergan estudiosos y artistas. Tu curiosidad te llama pero te diriges a la casa del consejo para reunirte con [tour_destination_owner.GetTitledFirstNameNoRegnal] [tour_destination_owner.GetOnlyDynastyName].";;;;;;;;;x
EVTDESCEwikid.307;The [Root.GetShipName] sails into [tour_destination.GetName], bathed in the wall’s shadow. Where you notice that the walls and towers are poorly manned. Inside, you see a crowd of people surrounding a temple as a cloaked figure spouts off something. You try to make it out but all you get is something about a drought and a Light. As you make your way down the road a palanquin carried by six men, their beards elegantly twisted into twin braids, pushes past. One of the guards shouts something at you in Common Valyrian and shoves you. You dust yourself off and hurry on towards the Prince’s Palace to join [tour_destination_owner.GetTitledFirstNameNoRegnal] [tour_destination_owner.GetOnlyDynastyName]’s feast.;Le bateau navigue dans le port de [tour_destination.GetName], à l'ombre des murs en pierre massive. Comme vous entrez, vous remarquez que les murs et les tours, sont impressionnants mais mal équipés. À l'intérieur des murs, vous voyez une foule de personnes entourant un temple rouge lorsqu'une une silhouette dans un manteau rouge chuchote quelque chose dans une langue inconnue. Vous essayez de comprendre quelque chose, mais tout ce que vous captez parle d'une lumière, alors vous continuez. Comme vous faites chemin le long de la route principale, vous passez devant de  nombreuses boutiques et un palanquin porté par six hommes, leurs barbes élégamment tressées en deux tresses, passe devant vous. L'un des gardes vous crie quelque chose en valyrien courant et vous pousse dans la boue sur le côté de la rue. Vous vous dépoussiérez et vous vous dépêchez vers le Palais du Prince pour rejoindre le banquet de [tour_destination_owner.GetTitledFirstNameNoRegnal] [tour_destination_owner.GetOnlyDynastyName].;;;El barco navega en el puerto de [tour_destination.GetName], a la sombra de enormes muros de piedra. Al entrar, observas que las paredes y las torres son impresionantes pero están mal equipadas. Dentro de las paredes, ves a una multitud de personas rodeando un templo rojo cuando una figura con un manto rojo susurra algo en un idioma desconocido. Intentas entender algo, pero todo lo que oyes es hablar de la luz, así que sigues adelante. A medida que caminas a lo largo de la carretera principal, pasas muchas tiendas y un palanquín llevado por seis hombres, de barba elegantemente trenzado en dos coletas, va por delante. Uno de los guardias te grita algo en un Valyrio raro y te empuja al barro al costado de la calle. Te limpias y se da prisa al palacio del Príncipe para unirse al banquete de [tour_destination_owner.GetTitledFirstNameNoRegnal] [tour_destination_owner.GetOnlyDynastyName].;;;;;;;;;x
EVTDESCFwikid.307;As your [Root.GetShipName] approaches the Titan standing astride the entrance of the harbor, it lets out a roaring blast that startles you, causing you to stumble backwards. The captain chuckles before steering the ship into the Canal of Heroes, and settling the ship in Chequy Port. You start to crisscross the canals. In one direction you find the Arsenal, ‘Not here’, so you cross another. There you find a fish market and begin to grow frustrated. You turn back around and cross another ending up in front of a building with Black and White doors. After crossing several more canals, you find the Sealord’s Palace to greet [tour_destination_owner.GetTitledFirstNameNoRegnal] [tour_destination_owner.GetOnlyDynastyName].;Le capitaine fait tourner le bateau vers l'entrée du port. Au moment où votre navire s'approche, le Titan barre l'entrée du port laisse échapper un rugissement qui vous étonne, vous faisant tomber en arrière. Le capitaine rigole avant de diriger le navire dans le Canal des Héro. Incertain de votre direction, vous commencez à traverser les différents canaux. Vous partez dans  une direction et vous trouvez l'Arsenal, mais personne n'est trop intéressé à vous aider, alors vous suivez un autre chenal. Là vous trouvez un marché de poisson et vous commencez à être frustré. Vous revenez en arrière et traversez un autre pont pour vous vous retrouvez devant un bâtiment avec des portes en noir et blanc. Étonnamment, il n'y a personne autour, ce qui aggrave votre irritation. Après avoir traversé plusieurs autres canaux, des verts et des noirs, vous contenez votre rage qui bouillonne et vous trouvez enfin le palais du Seigneur de la Mer pour saluer [tour_destination_owner.GetTitledFirstNameNoRegnal] [tour_destination_owner.GetOnlyDynastyName].;;;A medida que [Root.GetShipName] se acerca al Titán de Braavos sobre la entrada del puerto, deja escapar un estallido rugiente que lo sobresalta y le hace tropezar hacia atrás. El capitán se ríe entre dientes antes de dirigir el barco hacia el Canal de los Héroes.Incierto de su dirección, comienza a cruzar los diferentes canales. Vas en una dirección y encuentras el Arsenal, pero nadie está demasiado interesado en ayudarte, así que sigues otro canal. Allí encuentras un mercado de pescado y empiezas a frustrarte. Regresas y cruzas otro puente para encontrarte frente a un edificio con puertas blancas y negras. Sorprendentemente, no hay nadie a su alrededor, lo que agrava su irritación. Después de pasar por otros canales, verdes y negros  finalmente encuentras el palacio del Señor del Mar para saludar a [tour_destination_owner.GetTitledFirstNameNoRegnal] [tour_destination_owner.GetOnlyDynastyName].;;;;;;;;;x
EVTDESCGwikid.307;‘Hold on to something!' The captain shouts out over the storm. The churning waters violently heave the boat left and right, stealing your footing and nearly dumping you overboard. You wrap your hand in the netting, saving yourself at the cost of pain as the [Root.GetShipName] fights into the port of [tour_destination.GetName]. You head into the city, but the rain has the merchants closing their shops.  Along your way you find an open velvet shop. 'A Person will keep away from the velvet!' the shopkeeper shouts. The rain soaks you as you pass the remains of the Labyrinths and enter the Council house to meet [tour_destination_owner.GetTitledFirstNameNoRegnal] [tour_destination_owner.GetOnlyDynastyName].;'Tenez-vous !' Le capitaine crie par-dessus la tempête. Les eaux turbulentes heurtent violemment le bateau à gauche et à droite, vous faisant perdre l'équilibre et vous jetant presque par-dessus bord. Vous enveloppez votre main dans le filet, vous êtes sauvé au prix de la douleur. Enfin le navire arrive dans le port de [tour_destination.GetName]. Vous commencez à parcourir la ville, mais la pluie battante fait fuir  les baleiniers et les magasins ferment. 'J'espérais pouvoir faire des achats avant de partir.' Vous pensez, puis vous tirez votre capuchon et vous continuez à travers l'averse. En chemin, vous trouvez un magasin de velours encore ouvert et vous plongez à l'intérieur pour échapper à la pluie. 'Un homme gardera la pluie loin du velours ! ', crie le commerçant en vous poussant dehors. Vous commencez à discuter, mais décidez de continuer alors que la pluie vous trempe. Vous passez les vestiges du célèbre labyrinthe et vous entrez dans la maison du Conseil pour rencontrer [tour_destination_owner.GetTitledFirstNameNoRegnal] [tour_destination_owner.GetOnlyDynastyName].;;;"¡Espera!' El capitán grita sobre la tormenta. Las agitadas aguas empujan violentamente el barco hacia la izquierda y hacia la derecha, te quitan equilibrio y casi te tiras por la borda. Envuelves tu mano en la red, aguantandote a costa del dolor, ya que [Root.GetShipName] atraca en el puerto de [tour_destination.GetName]. Te diriges a la ciudad, pero la lluvia hace que los comerciantes cierren sus tiendas. En el camino, encuentras una tienda de terciopelo abierta. ""¡Me vas a mojar todo el terciopelo!"" grita el tendero y te hecha. La lluvia te empapa al pasar los restos de los Laberintos y entrar a la casa del Consejo para reunirte con [tour_destination_owner.GetTitledFirstNameNoRegnal] [tour_destination_owner.GetOnlyDynastyName].";;;;;;;;;x
EVTDESCHwikid.307;A beset journey brings you to the drawbridge of [tour_destination.GetName]. Inside is the marketplace and all around you are caravans from lands far and near. As you hop from cart to cart a large bell chimes across the city, sending Norvosi men, their mustaches oiled and kempt, and bald Norvosi women scurrying off in pairs. Unsure of what just happened, and with the peddlers packing up, you head for the great Temple of the Bearded Priests. You make your way up the Sinner’s Steps for your meeting with [tour_destination_owner.GetTitledFirstNameNoRegnal] [tour_destination_owner.GetOnlyDynastyName], yearning for a taste of the local specialty, Nasha, at one of the drink houses afterwards.;Un voyage vous conduit aux portes de la ville dans les collines de [tour_destination.GetName] et vous traversez le pont-levis. Vous vous trouvez dans un marché inondé, tout autour de vous, des caravanes de Pentos, Myr, Braavos et Lorath, chacun vendant des marchandises de leur patrie ou de la mer Dothrak. Comme vous passez de charrette à charrette, en regardant les différents produits, une grande cloche sonne à travers la ville, appelant des hommes Norvoshis, leurs visages rasés, sauf pour les moustaches, et les femmes Norvoshis chauves. Incertain de ce qui vient de se passer, et avec les colporteurs qui ferment leur étale, vous vous dirigez vers le pour le grand temple des prêtres à barbe. Vous faites votre chemin vers les marches de la Pécheresse et vers la forteresse-temple pour votre rencontre avec [tour_destination_owner.GetTitledFirstNameNoRegnal] [tour_destination_owner.GetOnlyDynastyName], il sera temps de goûter la spécialité locale, le Nasha, dans l'une des maisons de boissons plus tard.;;;El viaje te lleva al puente levadizo de [tour_destination.GetName]. Dentro está el mercado y a su alrededor hay caravanas de tierras lejanas y cercanas. Al saltar de la carreta al carro, una gran campana suena en toda la ciudad, enviando hombres Norvos de rostros afeitados, a excepción de los bigotes y mujeres Norvoshis calvas.Inseguro de lo que acaba de suceder, y con los vendedores ambulantes empacando, te diriges al gran Templo de los Sacerdotes Barbudos. Subes por los Pasos del Pecador para su reunión con [tour_destination_owner.GetTitledFirstNameNoRegnal] [tour_destination_owner.GetOnlyDynastyName],será el momento de probar la especialidad local, Nasha, en una de las casas de bebidas más tarde.;;;;;;;;;x
EVTDESCIwikid.307;You dismiss the captain at [tour_destination.GetName] and rent a palanquin. You see soldiers outfitted in exquisite armor and long spear along the walls. Inside you find a great many stalls and hawkers. Beyond them are the merchant shops, some offering fine cuts of timber, others linens and fabrics and more, are the woodworkers offering expert woodcrafts. Further in the city you find the armorsmiths, their forges churning out the mastercrafts of armor the city is famous for. And though you yearn for a set of the finest craft you know you have other matters and urge your driver on to [tour_destination_owner.GetTitledFirstNameNoRegnal] [tour_destination_owner.GetOnlyDynastyName]’s feast.;Vous renvoyez le capitaine avec le navire sur les quais du nord de [tour_destination.GetName], louez un palanquin, et parcourez la route à l'intérieur des terres. Vous voyez d'abord les murs massifs, tout le long d'eux se trouvent des soldats équipés d'armure exquise et armés d'une longue lance. Ensuite vous entrez par les portes de la ville et trouvez la route bordée d'un grand nombre de commerçants et vendeurs ambulants, vendant des marchandises de leurs wagons, au-delà se trouvent les magasins marchands, certains offrent de belles pièces de menuiserie, d'autres du lin et ou des tissus. Des boutiques proposent des amulettes et des jouets fabriqués à partir des meilleures coupes de bois local. Plus loin dans la ville, vous trouvez les forgerons, leurs forges produisent les meilleures armures, la ville est célèbre pour ça. Et bien que vous ayez envie de voir l'artisanat le plus fin, vous savez que vous avez d'autres choses à faire et vous pressez votre pilote de vous conduire au banquet de [tour_destination_owner.GetTitledFirstNameNoRegnal] [tour_destination_owner.GetOnlyDynastyName].;;;Despides al capitán de [tour_destination.GetName] y alquilas un palanquin. Ves soldados equipados con exquisitas armadura y largas lanzas a lo largo de las paredes. En su interior hay muchos puestos y vendedores ambulantes. Más allá están las tiendas de comerciantes, algunas que ofrecen finos cortes de madera, lino y telas, son carpinteros que ofrecen madera de expertos. Además, en la ciudad se encuentran los herreros, cuyas fraguas producen las mejores armaduras de la famosa ciudad. Y a pesar de que anhelo un conjunto  sabes que tienes otros asuntos y te diriges  al banquete de [tour_destination_owner.GetTitledFirstNameNoRegnal] [tour_destination_owner.GetOnlyDynastyName].;;;;;;;;;x
EVTDESCAwikid.308;Just as the sun begins to fade, the captain steers your [Root.GetShipName] to port in [tour_destination.GetName]. Your small party heads through the arching gateway, a small golden Harpy adorning its towers. On either side you see small pyramids housing the Ghiscari of the city. The torches above their doors, fresh and newly lit, cast their glow outwards, lighting the dark road. The city itself offers little in the way of architecture and art, until you find the drillyards. More soldiers than you’ve ever seen all stand in formation. You stand watching the drills but soon break away for your meeting with [tour_destination_owner.GetTitledFirstNameNoRegnal] [tour_destination_owner.GetOnlyDynastyName].;Le capitaine dirige votre navire par le détroit et arrive au port de [tour_destination.GetName] juste avant que le soleil commence à se coucher. Vous débarquez et rejoignez les autres arrivants. Vous traversez la passerelle, une petite Harpie d'or orne les tours de briques couleur de boue. Vous suivez la rue sinueuse de briques brunes à travers la ville. De chaque côté, vous voyez de petites pyramides, abritant les marchands ghiscaris et les familles nobles de la ville. Les torches au-dessus de leurs portes viennent d'être allumées, elles jettent leur lueur vers l'extérieur, éclairant la route sombre. La ville elle-même offre peu de diversité d'architecture et d'art. Alors que vous voyagez dans les rues, vous ne trouvez rien de notable, jusqu'à ce que vous trouviez les cours d'entrainement. Il y a plus de soldats que vous n'en avez jamais vus, vous vous tenez debout, observant les exercices mais bientôt vous partez pour votre rencontre avec [tour_destination_owner.GetTitledFirstNameNoRegnal] [tour_destination_owner.GetOnlyDynastyName].;;;Justo cuando el sol comienza a desvanecerse, el capitán dirige su [Root.GetShipName] al puerto en [tour_destination.GetName]. Su pequeño grupo se dirige a través de la entrada arqueada, una pequeña Harpía dorada adornando sus torres. A cada lado se ven pequeñas pirámides que albergan a los Ghiscari de la ciudad. Las antorchas encima de sus puertas, recién iluminadas, proyectan su brillo hacia afuera, iluminando el oscuro camino. La ciudad misma ofrece poco en cuanto a arquitectura y arte, hasta que encuentras los drillyards. Los soldados que has visto se quedan en formación. Permaneces mirando las formaciones pero pronto te separas para la reunión con [tour_destination_owner.GetTitledFirstNameNoRegnal] [tour_destination_owner.GetOnlyDynastyName].;;;;;;;;;x
EVTDESCBwikid.308;As your [Root.GetShipName] sails into the dock at [tour_destination.GetName], you see the great red pyramids. A shimmer of golden light shines off of the Harpies atop them. A massive gold Harpy with its wings spreads spans the whole of the entrance as you enter the Plaza of Pride. You maneuver through the crowds and come to the fighting pits. In the pit closest to you, a dozen fighters clash with sword and shield to the deafening roars of the crowd. You can’t help but join in the spectacle and begin cheering for a small scrappy fighter. As the fighters are cut down you remember your meeting with [tour_destination_owner.GetTitledFirstNameNoRegnal] [tour_destination_owner.GetOnlyDynastyName].;Alors que votre navire entre dans le dock à [tour_destination.GetName], vous voyez les grandes pyramides rouges s'élever en dominant l'horizon. Un rayon de lumière dorée brille au-dessus des harpies qui se trouvent au sommet de chacune d'elles. Comme vous passez sous la porte, une harpie avec ses ailes d'or massif s'étend sur toute l'entrée, vous entrez dans la plaza d'Orgueil. Tout autour de vous, les commerçants et les clients bruissent, ils marchandent, criant les uns sur les autres. Vous manoeuvrez à travers la foule et venez aux fosses de combat. Dans la fosse la plus proche de vous, une douzaine de combattants se battent à l'épée et au bouclier, sous les rugissements assourdissants de la foule. Vous ne pouvez pas vous empêcher de suivre le spectacle et de commencer à applaudir un petit combattant, même si vous n'avez aucune idée réelle de qui il est. Après que plusieurs des combattants soient abattus, vous vous souvenez de votre rencontre avec [tour_destination_owner.GetTitledFirstNameNoRegnal] [tour_destination_owner.GetOnlyDynastyName] et vous faites le chemin à travers les rues rouges de poussière.;;;A medida que [Root.GetShipName] navega hacia el muelle en [tour_destination.GetName], ves las grandes pirámides rojas. Un destello de luz dorada brilla sobre las Arpías encima de ellas. Una Harpía de oro entera con sus alas extendidas abarca toda la entrada al entrar en la Plaza del Orgullo. Vas hacia la multitud que viene de los fosos de combate. En el pozo más cercano a ti, una docena de luchadores chocan con la espada y el escudo a los ensordecedores rugidos de la multitud. No puedes evitar unirte al espectáculo y comenzar a animar a un luchador pequeño y travieso. A medida que se encrudece el combate, recuerdas tu reunión con [tour_destination_owner.GetTitledFirstNameNoRegnal] [tour_destination_owner.GetOnlyDynastyName].;;;;;;;;;x
EVTDESCCwikid.308;The [Root.GetShipName] pulls into the harbor at [tour_destination.GetName], docking at one of the open wharves. You disembark and make your way into the city, passing under a great golden Harpy. Inside the city, the streets are lined with yellow pyramid shops, some specializing in bronzework figures. As you traverse the markets, you see the Great Yellow Pyramids in the distance and begin making your way towards. When you get out of the markets, you enter the tavern district and the famed bedfellows of the city try and tempt you inside. Your steps slow as you consider it, but refuse them so you can meet with [tour_destination_owner.GetTitledFirstNameNoRegnal] [tour_destination_owner.GetOnlyDynastyName].;Le navire arrive dans le port à [tour_destination.GetName], et est amarré à l'un des quais livres. Vous débarquez et, en vous joignant à un grand nombre d'autres nouveaux arrivants, vous vous rendez dans la ville en passant sous les ailes d'une grande Harpie d'or. À l'intérieur de la ville, les rues sont bordées d'échoppes. Chacune offre une variété de produits exotiques provenant d'artisans locaux, dont certains se spécialisent dans les statuettes en bronze et les statues. Au fur et à mesure que vous traversez les marchés, vous voyez au loin les grandes pyramides jaunes, abritant les maisons nobles de la ville et surmontées d'une harpie d'or, et commencez votre chemin vers elles. Lorsque vous sortez des marchés, vous entrez dans le quartier des tavernes et les bordels, on essaye de de vous tenter à rentrer à l'intérieur. Vous hésitez mais à la fin vous refusez afin que vous puissiez rencontrer [tour_destination_owner.GetTitledFirstNameNoRegnal] [tour_destination_owner.GetOnlyDynastyName].;;;El [Root.GetShipName] entra al puerto en [tour_destination.GetName], atracando en uno de los muelles abiertos. Desembarcas y te diriges a la ciudad, pasando bajo una gran Harpia dorada. Dentro de la ciudad, las calles están llenas de tiendas , algunas especializadas en figuras de bronce. A medida que atraviesas los mercados, ves las Grandes pirámides amarillas a lo lejos y comienzas a caminar hacia ellas. Cuando sales de los mercados, entras en el distrito de con una taberna y los famosos gerreros de la ciudad intentan tentarlo. Sus pasos se ralentizan a medida que lo considera, pero los rechaza para poder reunirse con [tour_destination_owner.GetTitledFirstNameNoRegnal] [tour_destination_owner.GetOnlyDynastyName].;;;;;;;;;x
EVTDESCDwikid.308;The captain of your [Root.GetShipName] sails into the mouth of the Skahazadhan and the harbor at [tour_destination.GetName], tying off the ship at one of the docks as you disembark. You see the Great Pyramid, its multicolored stones rising far above the horizon. You get caught up in the hustle and run along with the crowd, ending up in the fighting pits. You watch on as a half dozen skilled fighters square off against twice their number of beasts, unknown to your eyes. As much as you want to join the crowd, you have matters to attend with [tour_destination_owner.GetTitledFirstNameNoRegnal] [tour_destination_owner.GetOnlyDynastyName] and continue on to the Great Pyramid, passing the Temple of Graces.;Le capitaine navigue dans l'embouchure du Skahazadhan et arrive au port de [tour_destination.GetName], il attache le navire à l'un des quais et vous procédez à votre débarquement. Vous voyez la Grande Pyramide, ses pierres multicolores s'élevant bien au-dessus de l'horizon, lorsque vous passez la porte de la tête de la harpie et que vous entrez dans la ville. Les rues à l'intérieur de la ville sont pleines de marchands, de clients et de voyageurs se précipitant autour en essayant d'arriver à leurs destinations. Vous êtes pris dans l'agitation et vous courez avec la foule. Vous vous retrouvez vers les fosses de combat. Vous regardez une demi-douzaine de combattants bataillant contre deux fois leur nombre de bêtes, que vous ne reconnaissez pas. Alors que vous aimeriez rejoindre la foule et regarder l'habileté des combattants, vous avez des choses plus importantes à faire et vous devez rejoindre [tour_destination_owner.GetTitledFirstNameNoRegnal] [tour_destination_owner.GetOnlyDynastyName] et vous continuez vers la Grande Pyramide, en passant le Temple des Grâces.;;;El capitán de tu [Root.GetShipName] navega hacia la boca del río Skahazadhan y el puerto en [tour_destination.GetName], amarrando el barco en uno de los muelles mientras desembarcas. Ves la Gran Pirámide, sus piedras multicolores elevándose muy por encima del horizonte. Quedas atrapado en el bullicio y corres junto con la multitud, acabando en los reñideros. Observas cómo media docena de hábiles luchadores se enfrentan al doble de su cantidad de bestias, desconocidas para tus ojos. Por mucho que quieras unirte a la multitud, tienes que asistir con [tour_destination_owner.GetTitledFirstNameNoRegnal] [tour_destination_owner.GetOnlyDynastyName] y continuar hacia la Gran Pirámide, pasando por el Templo de las Gracias.;;;;;;;;;x
EVTDESCEwikid.308;The captain sails the [Root.GetShipName] along the outer edge of the Sea of Sighs, as your ship sails into [tour_destination.GetName]. You eagerly step off the deck as the ship coasts to a stop. 'The last intact remains of Old Valyria.' You think as you look to the city. You enter and find yourself amidst Ghiscari merchants along the ancient road. As you walk, you happen upon a Jewelry. The jeweler smiles, his auburn hair oiled and styled, and directs your attention. As you look over the stones you remember you have a meeting with [tour_destination_owner.GetTitledFirstNameNoRegnal] [tour_destination_owner.GetOnlyDynastyName], so you exit. As you enter the ancient keep, you can't help but admire it.;Le capitaine navigue le long du bord extérieur de la mer des soupirs, en évitant les terres ravagées de Valyria et la mer fumeuse lorsque votre bateau vogue vers [tour_destination.GetName]. Vous quittez avec empressement le pont lorsque le navire s'arrête. 'Les derniers vestiges intacts de l'ancienne Valyra', vous pensez alors que vous avez passé le chantier naval pour entrer dans la ville elle-même. Vous passez entre les murs de pierre noire vous vous retrouvez au milieu des dizaines de marchands ghiscaris. Vous faites votre chemin le long de la route en pierre noire, en passant devant des colporteurs. Comme vous marchez, vous arrivez devant un marchand de bijoux et vous entrez à l'intérieur. Le joaillier sourit, ses cheveux auburn huilés et dénommés, et il attire votre attention sur le présentoir. Lorsque vous regardez les pierres taillées, vous vous rappelez que vous avez une réunion avec [tour_destination_owner.GetTitledFirstNameNoRegnal] [tour_destination_owner.GetOnlyDynastyName], alors vous remerciez le marchand en promettant de revenir. Passé le mur intérieur se trouve le donjon, vous ne pouvez pas vous empêcher d'admirer. Bien que ce ne soit pas le plus grand, il a été construit en briques de pierre noire et vous pouvez imaginer la puissance qu'il faudrait pour le vaincre.;;;El capitán navega el [Root.GetShipName] a lo largo del borde exterior del Mar de los Suspiros, mientras tu nave navega hacia [tour_destination.GetName]. Con entusiasmo te bajas de la cubierta cuando el barco se detiene. 'Los últimos restos intactos de la Vieja Valyria'. Piensas mientras miras a la ciudad. Entras y te encuentras en medio de comerciantes Ghiscaris a lo largo del antiguo camino. Mientras caminas, te encuentras con una Joya. El joyero sonríe, su cabello castaño rojizo y con estilo,  capta tu atención. Al mirar por encima de las piedras, recuerdas que tienes una reunión con [tour_destination_owner.GetTitledFirstNameNoRegnal] [tour_destination_owner.GetOnlyDynastyName], por lo que sales. Al entrar al antiguo torreón, no puedes dejar de admirarlo.;;;;;;;;;x
EVTDESCFwikid.308;The captain argues with you, 'No, no, no. By [Root.Religion.GetRandomGodName] no. I won’t go, that’s a city of monsters, I won’t do it.' Your frustration grows and you bark at the captain, 'That’s just rumors, so dock the ship already. I have an engagement in [tour_destination.GetName].' The captain smolders but sails into the corroded docks. The blackstone streets are wrapped in a thin smoke. Each breath is heavy and hard as you make your way towards a burning light. The few people you do meet are stunted, twisted, and malformed, and you try your best not to sneer as you head to sup with [tour_destination_owner.GetTitledFirstNameNoRegnal] [tour_destination_owner.GetOnlyDynastyName].;Le capitaine n'est pas d'acccord avec vous: 'Non, non, non. Par [Root.Religion.GetRandomGodName] Non. Je n'irai pas, c'est une ville de monstres, je ne le ferai pas.' Votre frustration grandit et vous aboyer au capitaine, 'C'est juste des rumeurs, alors accoster le navire mainteanant. J'ai un dendez-vous dans [tour_destination.GetName].' Le capitaine maugré mais finalement accepte et entre dans les vieux docks. Alors que vous débarquez, il détache le navire, 'Je serai de retour après ma réunion, je vous rappelerez' Les rues de pierre noire sont enveloppées par une fine fumée, qui provient de l'intérieur des murs en ruines brûlantes de Valyria. Chaque souffle que vous prenez est lourd et difficile alors que vous faites votre chemin à travers les rues vides vers une lumière brûlante que vous supposez être le donjon. Les quelques personnes que vous rencontrez sont rabougries, tordues et mal formées, et vous faites de votre mieux pour ne pas ricaner ou les regarder avec dégoût comme vous vous dirigez vers [tour_destination_owner.GetTitledFirstNameNoRegnal] [tour_destination_owner.GetOnlyDynastyName].;;;El capitán discute contigo, 'No, no, no. Por [Root.Religion.GetRandomGodName] no. No iré, esa es una ciudad de monstruos, no lo haré. Tu frustración crece y le gritas al capitán, 'Eso son solo rumores, así atraque ya. Tengo un compromiso en [tour_destination.GetName]. ' El capitán frunce el ceño pero navega hacia los muelles corroídos. Las calles de piedra negra están envueltas en un humo delgado. Cada respiración es pesada y dura a medida que avanzas hacia una luz ardiente. Las pocas personas que conoces están atrofiadas, torcidas y malformadas, y haces tu mejor esfuerzo para no burlarte mientras te diriges hacia prisa con [tour_destination_owner.GetTitledFirstNameNoRegnal] [tour_destination_owner.GetOnlyDynastyName].;;;;;;;;;x
EVTDESCGwikid.308;You dismiss the [Root.GetShipName] on the Skahazadhan and pass into the Dothraki Sea. It’s not long before you come across [tour_destination_owner.GetTitledFirstNameNoRegnal] and [tour_destination_owner.GetHerHis] Khalasar, and after some strained attempts at conversing,  the [tour_destination_owner.GetTitle] motions and a horse is brought out for you to ride. Over the next few weeks you roam the Great Grass Sea with the Dothraki, observing their culture and joining their festivities. Each night after the ride, you join the [tour_destination_owner.GetTitle] in drinking mare’s milk while the Khalasar busy themselves with singing and dancing. You even accept a fight once and duel with one of the [tour_destination_owner.GetTitle]’s Bloodriders.;Vous renvoyez le navire sur les bords du Skahazadhan et passez des terres civilisées vers la mer Dothrak. Il ne fallut pas longtemps avant que vous rencontriez [tour_destination_owner.GetTitledFirstNameNoRegnal] et son khalasar, et après quelques tentatives tendues pour lier la conversation et une petite quantité de cadeaux, vous sentez que vous les avez convaincus de ne pas vous tuer ou vous asservir. Des gestes de [tour_destination_owner.GetTitle] et un cheval est mis à votre disposition pendant que le khalasar continue son voyage. Au cours des prochaines semaines, vous parcourez les plaines herbeuses avec les Dothrakis, en observant leur culture et en rejoignant leurs festivités. Chaque jour vous prenez des repas avec eux, viande de cheval, saucisse de sang et ragoûts. Chaque nuit après le trajet, vous rejoignez le [tour_destination_owner.GetTitle] en buvant abondamment du lait de jument tandis que le khalasar s'occupe à chanter et à danser. Vous acceptez même une bagarre une fois, à une occasion où vous avez bu un peu trop de lait fermenté de jument vous vous battez en duel avec un Sang-Coureur de [tour_destination_owner.GetTitle].;;;Diriges el [Root.GetShipName] por el río Skahazadhan y pasas al mar Dothraki. No pasa mucho tiempo antes de que te encuentres con [tour_destination_owner.GetTitledFirstNameNoRegnal] y [tour_destination_owner.GetHerHis] su Khalasar, y después de algunos intentos forzados de conversar, los movimientos de [tour_destination_owner.GetTitle] te traen un caballo para que lo montes. Durante las próximas semanas recorres el Gran Mar de Hierba con los Dothraki, observando su cultura y uniéndose a sus festividades. Cada noche después del viaje, te unes a [tour_destination_owner.GetTitle] bebiendo leche de yegua, mientras que los Khalasar se ocupan de cantar y bailar. Incluso aceptas una pelea una vez y te enfrentas a uno de los Jinetes de Sangre [propietario_destino de la gira.GetTitle].;;;;;;;;;x
EVTDESCHwikid.308;You cross over the Skahazadhan and enter the city of [tour_destination.GetName], home of the Lhazareen and their Sheep God. You find it rather unassuming, filled hovels, pens, and a plain hall. As you head into the city, you find the townsfolk rushing off. Several of the huts are burning, lingering effects of a recent Dothraki raid. You follow and join the Lhazareen in throwing water to fight the flames and, while not overly successful, the combined efforts manage to stymie and contain the fires. Your aid garners you favor and [tour_destination_owner.GetTitledFirstNameNoRegnal] [tour_destination_owner.GetOnlyDynastyName] invites you to dine in the hall with the people, which you accept.;Vous traversez le Skahazadhan et entrez dans la ville de [tour_destination.GetName], la maison des Lhazaréens et leur Pâtre Suprême. Vous trouvez la ville plutôt modeste, remplis de bâtiments en bois, d'innombrables enclos avec les troupeaux de moutons, et d'une simple salle au centre de la ville. En vous dirigeant vers la ville, vous trouvez les citadins qui se précipitent, l'air est  empli de cris et les bêlements paniqués de moutons, plusieurs des huttes brûlent, les effets d'un raid récent de Dothrakis. Vous continuez, marchant devant les marchands qui viennent des plaines, et vous rejoignez les Lhazaréens en jetant de l'eau pour combattre les flammes. Les efforts combinés réussissent à contenir les feux. Votre aide vous attire les faveurs de [tour_destination_owner.GetTitledFirstNameNoRegnal] [tour_destination_owner.GetOnlyDynastyName] et il vous invite à dîner dans la salle avec les gens, ce que vous acceptez.;;;Cruzas el rió Skahazadhan y entras a la ciudad de [tour_destination.GetName], hogar de los Lhazareen y su Dios el Gran Pastor. Lo encuentras bastante modesto, lleno de casuchas, corrales y un salón sencillo. Cuando te diriges a la ciudad, encuentras a la gente del pueblo corriendo. Varias de las cabañas están ardiendo, persistentes efectos de una reciente incursión Dothraki. Usted sigue y se une al los Lhazareen en arrojar agua para luchar contra las llamas y, aunque no es demasiado exitoso, los esfuerzos combinados logran bloquear y contener los incendios. Tu ayuda te sirve para que [tour_destination_owner.GetTitledFirstNameNoRegnal] [tour_destination_owner.GetOnlyDynastyName] te invita a cenar en la sala.;;;;;;;;;x
EVTDESCIwikid.308;After weeks of riding the Great Grass Sea, you come to the two Bronze Horses of [tour_destination.GetName]. The Khal riding with you removes his sword and looks at you. You disarm as instructed, turning them over to the dosh khaleen. The Khalasar disperses as you continue up the Godsway, towards the Mother of Mountains, and enter the Western market. You come to a gathering of the Dothraki on the south bank of the Womb. In the open pit, you watch as a woman slowly devours a horse heart to the rhythmic chants of the crowd. You join in the cheering as she finishes, then continue into the market and look over the eastern goods, chief among them, the strange stripped beasts of the Jogos Nhai.;Après des semaines de chevauchée au sein de la Mer Dothrak, vous arrivez aux deux chevaux de bronze de [tour_destination.GetName]. Le Khal qui chevauche avec vous décroche son épée, vous regarde et dit entre ses dents ‘pas d’épée dans la ville, alors enlevez vos lames’. Une fois désarmé(e) comme on vous l’a demandé, vous vous dirigez vers le dosh khaleen. Le Khalasar se disperse dans la ville pendant que vous continuez sur la voie des dieux, la Mère des Montagnes dominant l’horizon. Vous entrez dans le marché et passez entre les stands construits à la hâte, regardant les biens amenés depuis les Cités libres. En vous dirigeant vers l’est, vous arrivez à un rassemblement de Dothrakis sur la berge sud du Nombril. Dans la fosse, vous observez une femme qui dévore lentement un coeur de cheval alors que la foule autour d’elle chante. Vous vous joignez aux choeurs alors qu’elle finit puis revenez au marché où vous passez le reste de la journée à regarder les marchandises de l’est, notamment les étranges bêtes à rayures de Jogos Nhai.;;;Después de semanas de viajar por el Gran Mar de Hierba, ves dos caballos de bronce de [tour_destination.GetName]. El Khal que viaja contigo se quita su espada y te mira. Te desarmas según las instrucciones, entregándoselos al dosh khaleen. El Khalasar se dispersa a medida que avanzas por camino de los dioses, hacia Madre de las Montañas, y entras al mercado occidental. Vas a una reunión de los Dothrakis. En el cielo abierto, ves como una mujer devora lentamente un corazón de caballo a los cantos rítmicos de la multitud. Te unes a las ovaciones, y luego cuando termina continúas en el mercado y miras los productos orientales, el principal de ellos, las extrañas bestias que mataron los Jogos Nhai.;;;;;;;;;x
EVTDESCAwikid.309;The captain sails the [Root.GetShipName] through the Jade Gates into [tour_destination.GetName] and docking at one of the covered wharves. A rotund man approaches you, 'Welcome to [tour_destination.GetName], the Greatest City that ever was. I’m a representative of [tour_destination_owner.GetTitledFirstNameNoRegnal] [tour_destination_owner.GetOnlyDynastyName].' You manage to pawn him off on the captain and slip away towards the city. You come to the Temple of Memory and and at the suggestion of the priest, offer a sacrifice. As you come to the grey ruins of the House of the Undying, the representative finds you, 'You do not want to go in there,' He smiles, 'But if you'll follow me, we'll see to the ceremonies for your meeting with the [tour_destination_owner.GetTitle].';Le capitaine navigue à travers les Portes de Jade amenant le vaisseau à [tour_destination.GetName] et accostant sur un quai couvert, la lumière du soleil éclairant un toit qui pourraît être de couleur rouge ou bronze. Vous rejoignez le capitaine alors que ce dernier attache son embarcation et vous débarquez. Alors que vous regardez le grand port, un homme s’approche de vous, vous prend la main et vous la serre. 'Bienvenue à [tour_destination.GetName], la plus Grand Cité jamais bâtie. Je suis un représentant de [tour_destination_owner.GetTitledFirstNameNoRegnal] [tour_destination_owner.GetOnlyDynastyName]. Je peux vous faire assister à la cérémonie qui a lieu dans le Hall des mille trônes si vous le désirez ?' Vous retirez votre main et essayez poliment de refuser l’offre mais il insiste. Vous arrivez à lui fausser compagnie et vous enfoncez dans la ville. Vous passez au milieu de lieux étranges, allant le plus loin possible, avant de passer une magnifique porte  incrustée dasn la première des trois murailles. Alors que vous marchez dans la ville, vous arrivez au Temple de la mémoire, y entrez et, suivant la suggestion d’un prêtre, faites un sacrifice. Vous continuez votre chemin et arrivez aux ruines grises de la Maison des Nonmourants où le représentant vous retrouve, 'N’allez pas là,' sourit-il, 'Mais si vous voulez bien me suivre, nous allons voir les cérémonies pour votre rencontre avec le [tour_destination_owner.GetTitle].';;;El capitán navega el [Root.GetShipName] a través del Mar de Jade hacia [tour_destination.GetName] y atraca en uno de los muelles. Un hombre corpulento se acerca a ti, 'Bienvenido a [tour_destination.GetName], la Ciudad más grandiosa que haya existido jamás. Soy un representante de [tour_destination_owner.GetTitledFirstNameNoRegnal] [tour_destination_owner.GetOnlyDynastyName]. ' Te despides del capitán y te escabulles hacia la ciudad. Llegas al Templo de la Memoria y, a sugerencia del sacerdote, ofreces un sacrificio. Cuando llegas a las ruinas grises de la Casa de los Eternos, el representante te dice, 'No quieres entrar allí', sonríe, 'pero si me sigues, veremos las ceremonias de su reunión con [tour_destination_owner.GetTitle].;;;;;;;;;x
EVTDESCBwikid.309;The captain steers your [Root.GetShipName] through the channel into a small harbor in the mouth of a river. 'Must be [tour_destination.GetName].' The captain calls to you. You nod politely then pass through the empty dirt paths. What must be the entire population of Faros have gathered around a giant stone Cow and chant in unison, the sound reminds you of an Auroch's mating call. You stare on from the fringes, bewitched by the rite, until the Cow moos and smoke billows forth from its mouth and the followers return to their day to day activities. Bewildered, you head into the Faros Hall to greet [tour_destination_owner.GetTitledFirstNameNoRegnal] [tour_destination_owner.GetOnlyDynastyName].;Le capitaine fait entrer votre bateau dans le canal et accoste dans un petit port d’une cité primitive à l’embouchure d’une rivière. 'Cela doit être [tour_destination.GetName].' Le capitaine vous fait appeler, 'Je navigue sur les côtes d’Essos donc ne suis jamais venu ici auparavant.' Vous acquiescez poliment et empruntez les chemins poussiéreux et vides, encadrés par des murs et des bâtiments construits en pierres non taillées mises les unes sur les autres. Vous essayez d’entrer dans plusieurs maisons, aucune porte n’est verrouillée mais personne ne répond à votre appel. Vous continuez donc. C’est en arrivant au centre de la ville que vous croisez enfin quelqu’un. Ce qui doit être toute la population de Faros s’est réunie autour d’une statue géante en pierre représetant une vache et chante à l’unisson, un son rappelant celui de l’aurochs en rut. Vous observez, étonné par le rite, jusqu’à ce que la vache mugisse et que de la fumée sorte de sa gueule. Les gens se séparent alors et retournent vaquer à leurs occupations. Surpris, vous retournez dans le Hall de Faros pour saluer [tour_destination_owner.GetTitledFirstNameNoRegnal] [tour_destination_owner.GetOnlyDynastyName].;;;"El capitán atraca el barco en un pequeño puerto de una ciudad primitiva en la desembocadura de un río. 'Debe ser [tour_destination.GetName].' El capitán te llama: ""Navego en las costas de Essos, así que nunca he estado aquí antes"". Asientes cortésmente y tomas los senderos polvorientos y vacíos, enmarcados por muros y edificios construidos con piedras sin cortar colocadas una encima de la otra. Estás intentando llamar a varias casas, pero nadie responde su llamada. Entonces continúas. Cuando llegas al centro de la ciudad, finalmente te encuentras con alguien. Lo que debe ser toda la población de Faros reunida alrededor de una estatua de piedra gigante que representa una vaca y cantan al unísono, un sonido que recuerda al de los uros en celo. Usted mira, asombrado por el rito, la vaca está rugiendo y sale humo de su boca. La gente luego se separa y vuelve a sus cosas. Sorprendido, te vas a la Sala de Faros para saludar a [tour_destination_owner.GetTitledFirstNameNoRegnal] [tour_destination_owner.GetOnlyDynastyName].";;;;;;;;;x
EVTDESCCwikid.309;The [Root.GetShipName] sails from the Jade Sea into the [tour_destination.GetName] Harbor. You leave the deck to vibrant azure banners, flags, and streamers lining the dockyard. You pass through a massive crowd of the locals packing the street full. Though you stand near a head taller, your movement flows with the locals. You find yourself unable to break from the pack to visit the markets and see the local productions, especially the saffron. Eventually the crowd passes the ancient golden Palace, its gold clad roof held up by age-old sun baked mud bricks, and you make it inside for a welcoming feast with [tour_destination_owner.GetTitledFirstNameNoRegnal] [tour_destination_owner.GetOnlyDynastyName].;Le bateau arrive depuis la Mer de Jade en direction du port de [tour_destination.GetName] où il accoste. Vous quittez le pont et êtes accueilli par une explosion de bannières et drapeaux bleu azur sur les docks. Alors que vous suivez cette ligne bleue vers l’intérieur de la ville, vous traversez la foule des habitants massés dans des rues si étroites et vous vous sentez mal à l’aise. Vous dépassez de près d’une tête l’habitant moyen de Yi-Ti donc vous vous repérez facilement même si votre mouvement doit épouser celui de la foule. Vous êtes contraint à rester dans cette foule et visiter le marché pour voir les productions locales, notamment le safran dont le parfum embaume l’air de la ville. Finalement, la foule passe près de l’ancien Palais doré, son toit doré maintenau par des briques cuites au soleil depuis des temps immémoriaux et vous arrivez à pénétrer à l’intérieur pour partager un festin avec [tour_destination_owner.GetTitledFirstNameNoRegnal] [tour_destination_owner.GetOnlyDynastyName].;;;El [Root.GetShipName] navega desde el Mar de Jade hacia el puerto de [tour_destination.GetName]. Dejas el barco y ves vibrantes banderas azules, banderas y serpentinas alineadas en el astillero. Atraviesas una multitud masiva de lugareños llenando la calle. Aunque estás cerca de una cabeza más alta, tu movimiento fluye con los lugareños. Te vas a visitar los mercados y ver las producciones locales, especialmente el azafrán. Finalmente, la multitud pasa por el antiguo Palacio dorado, con su techo de oro revestido por antiguos ladrillos de barro al sol, y entras adentro para una fiesta de bienvenida con [tour_destination_owner.GetTitledFirstNameNoRegnal] [tour_destination_owner.GetOnlyDynastyName].;;;;;;;;;x
EVTDESCDwikid.309;The [Root.GetShipName] sails into the docks of [tour_destination.GetName]. 'I've heard tales of this place, not too happy with foreigners,' the captain blurts, 'I think I'll stay with the ship.' As you pass through the wood walls, you find them and their defenses to be formidable. You head into a shop and the shopkeeper smiles and approaches. He draws your attention to the goods but the only thing that jumps out is a crudely carved grey figure of an old man. As you reach for it, you’re stopped, 'That's not for outsiders. If there's nothing, please leave.' You nod and head to meet with [tour_destination_owner.GetTitledFirstNameNoRegnal] [tour_destination_owner.GetOnlyDynastyName].;Le bateau navigue dans les docks de [tour_destination.GetName] et vous notez l'inconfort sur le visage du capitaine. 'J'ai entendu des histoires sur cet endroit, ils n'aiment pas trop les étrangers' dit-il. 'Je vais rester avec le bateau'. Vous faites fi de cette remarque et approchez les portes de la forteresse de bois? Alors que vous passez à travers les murailles, vous ne pouvez vous empêcher de les trouver formidables, malgré le fait qu'elles soient en bois. Elles pourraient rivaliser avec n'importe quel château en pierres récent. Dans les rues étroites, les échoppes des marchands sont elles aussi faites en bois avec le même soin que les murailles. Vous entrez dans la boutique la plus élégante et le tenancier vous sourit et se rapproche. Il attire votre attention sur des marchandises, surtout sur les figurines et amulettes en bois, mais la seule chose qui vous frappe, c'est la figure creusée d'un vieil homme gris. Alors que vous allez pour la saisir, le propriétaire vous arrête 'Ce n'est pas pour les étrangers' dit-il en vous regardant sévèrement. 'Si vous ne voulez rien, alors sortez s'il vous plait.' Vous acquiescez, mis mal à l'aise par ce brusque changement de ton et vous vous dirigez à l'endroit où vous allez rencontrer[tour_destination_owner.GetTitledFirstNameNoRegnal] [tour_destination_owner.GetOnlyDynastyName].;;;"El [Root.GetShipName] navega hacia los muelles de [tour_destination.GetName]. ""He escuchado historias de este lugar, no son muy buenos con los extranjeros"", el capitán dice, ""Creo que me quedaré en el barco"". A medida que atraviesas las paredes de madera, las defensas son formidables. Te diriges a una tienda y el tendero sonríe y se acerca. Te llama la atención sobre los productos, pero lo único que salta a la vista es una figura gris toscamente tallada de un anciano. Al alcanzarla, te detiene, 'Eso no es para extraños. Si no quieres nada mas, por favor, vete. Asientes con la cabeza y te encuentras con [tour_destination_owner.GetTitledFirstNameNoRegnal] [tour_destination_owner.GetOnlyDynastyName].";;;;;;;;;x
EVTDESCEwikid.309;Despite a bright morning sun, [tour_destination.GetName] remains partly cloaked as the captain maneuvers into the Ash. As you disembark, the light seems to disappear into the veil and stones of the city itself. You don’t see fish vendors, and many shops are hawking imports. Some vendors, you notice, are fellows from [Root.Capital.GetName]. The few local merchants display fine works of jewelry;Malgré le soleil matinal dépassant les montagnes, [tour_destination.GetName] reste en partie caché alors que le capitaine manoeuvre dans la Cendre et amarre le bateau. Vous débarquez mais la lumière autour de vous reste bien pâle. Vous passez du quai à la ville et malgré le fait que vous soyez dans un port, vous ne trouvez aucun vendeur de poisson mais plutôt des boutiques d'importations de nourriture et de ressources. Certains vendeurs sont originaires de [Root.Capital.GetName]. La petite élite des marchands d'Asshai ont des magasins dans des immeubles indépendants de pierre noire au bord de la rivière et ont sur leurs étals les bijoux les plus fins : verredragon, rubis de sang, diamants noirs, ambre, et de l'artisanat en verredragon allant des flèches aux lames jusqu'aux lustres ou autres luminaires. Vous passez près des échoppes vers l'intérieur de la ville, rencontrant certains habitants masqués. Vous atteignez finalement le Manoir de [tour_destination_owner.GetTitledFirstNameNoRegnal] [tour_destination_owner.GetOnlyDynastyName] où votre arrivée est saluée par un grand nombre de personnes masquées et portant une capuche noir, vous invitant à l'intérieur pour le festin.;;;Hay un brillante sol de mañana, [tour_destination.GetName] permaneces atracado parcialmente mientras el capitán maniobra en el puerto. Al desembarcar, la luz parece desaparecer en el velo en las piedras de la ciudad. No ves a los vendedores de pescado, y muchas tiendas están vendiendo importaciones. Algunos proveedores, como puedes ver, son compañeros de [Root.Capital.GetName]. Los pocos comerciantes locales exhiben obras de joyería fina.;;;;;;;;;x
EVTDESCFwikid.309;After a few weeks travel through the YiTish lands, you see high peaks of the Morns come over the horizon then the massive blackstone walls of the Five Forts. The train breaks up into five smaller groups, as you watch the soldiers training and drilling, you think about what a waste of supplies and manpower it is since you can’t imagine anything foolish enough to take on the forts. While you stare on, [tour_destination_owner.GetTitledFirstNameNoRegnal] [tour_destination_owner.GetOnlyDynastyName] says to you, 'Now’s your best chance to to see the top of the fort.' You eyes brighten at the offer and you eagerly accept. Your stomach flutters as you look out on the great Grey Wastes below.;Vous achetez votre voyage au sein d'une caravane en provenance de Yi-Ti, dirigée par une force de l'Empereur et se dirigeant vers le nord-est. Après quelques semaines de voyage, vous voyez les sommets des Morns émergeant de l'horizon, suivis par les murailles massives noires des Cinq Forts. Il vous reste encore une demi-journée de voyage avant d'atteindre les portes. La caravane se divise en cinq petits groupes et chacun se dirige vers un fort. Quand vous observez les soldats faisant des manoeuvres vous pensez que c'est un gâchis de ressources et d'hommes car il est inimaginable que quiconque soit assez insensé pour tenter de s'emparer d'une structure aussi imposante. Alors que vous regardez,[tour_destination_owner.GetTitledFirstNameNoRegnal] [tour_destination_owner.GetOnlyDynastyName] s'approche de vous. 'C'est bientôt la relève de la garde et c'est notre meilleure chance de voir le haut du fort.' Vos yeux brillent et vous acceptez l'offre avec empressement. Vous accompagnez une centaine de soldats dans l'ascenseur qui s'élève à mille pieds de haut. Votre estomac se noue alors que vous regardez le désert gris s'étendant sous vos yeux à perte de vue.;;;Después de unas semanas de viaje a través de las tierras de Yi Ti, se ven altos picos en los montes del horizonte y luego ves las paredes masivas de piedra negra de los Cinco Fuertes. La caravana se divide en cinco grupos más pequeños, mientras observas a los soldados entrenando, piensas en que es un desperdicio de suministros y mano de obra, ya que no puedes imaginar algien lo suficientemente estúpido como para tomar los fuertes. Mientras miras fijamente, [tour_destination_owner.GetTitledFirstNameNoRegnal] [tour_destination_owner.GetOnlyDynastyName] te dice: 'Ahora es tu mejor oportunidad de ver la parte superior del fuerte'. Tus ojos brillan ante la oferta y aceptas con entusiasmo. Tu estómago revolotea.;;;;;;;;;x
EVTDESCGwikid.309;You run across an old man with a tall and pointed head. After a bribe, he allows you to ride with him. Your group rides through Jogos Plains before coming to your guide’s home village. As you ride into the center of the Jogos yurts many of the Jogos sneer at you. 'My people aren’t very good with outsiders, but they know you are with me, just don’t start anything.' As you travel with them the sneers begin to fade and some of the younger warriors even bring you on a foray to steal from one of the other clans. As a farewell, [tour_destination_owner.GetTitledFirstNameNoRegnal] [tour_destination_owner.GetOnlyDynastyName] invites you to dine with [tour_destination_owner.GetHerHim].;Vous tombez sur un vieillard avec une tête haute et pointue. C'est un Jogos Nhai qui se dirige vers le nord avec ses zéquions chargés de marchandises. Après l'avoir copieusement indemnisé, il vous autorise à venir avec lui sur un des zéquions libres. Vous chevauchez pendant une semaine à travers les espaces secs des plaines Jogos avant d'arriver au village natal de votre guide. Alors que vous chevauchez en direction du centre des yourtes Jogos, les têtes pointues des villageois se tournent vers vous, la plupart vous reniflant, les autres manifestant de la colère dans leurs yeux. 'Mon peuple n'est pas très doué avec les étrangers mais ils savent que vous êtes avec moi. Ne faites surtout pas de mouvement brusque.' dit-il avant de vous laisser. Vous marchez donc parmi les yourtes et rejoignez les nomades qui vont s'arrêter pour boire au puits. Petit à petit, l'atmosphère se fait moins lourde et un des jeunes guerriers vous amène pour faire un raid contre un autre clan. Avant de partir, [tour_destination_owner.GetTitledFirstNameNoRegnal] [tour_destination_owner.GetOnlyDynastyName] vous invite à diner avec [tour_destination_owner.GetHerHim].;;;"Te encuentras con un anciano con una cabeza alta y puntiaguda. Después de un soborno, te permite viajar con él. Su grupo cabalga por Llanura deJogos antes de llegar al pueblo de origen de su guía. Mientras conduces hacia el centro de los Jogos, muchos de los Jogos se burlan de ti. ""Mi gente no es muy buena con los de fuera, pero saben que estás conmigo, pero te aviso no empieces nada"". Mientras viajas con ellos, las burlas comienzan a desvanecerse y algunos de los guerreros más jóvenes incluso te llevan a una incursión para robarle a uno de los otros clanes. Como despedida, [tour_destination_owner.GetTitledFirstNameNoRegnal] [tour_destination_owner.GetOnlyDynastyName] te invita a cenar con [tour_destination_owner.GetHerHim].";;;;;;;;;x
EVTDESCHwikid.309;After passing out of the Jogos Plains several warriors wearing fur ride up and bring you to [tour_destination.GetName] before returning to the road. As you enter you see women patrolling the wall, rubies adorning their faces, which are turned down on you, watching. You find yourself in the town square as you journey, where the Hyrkooni people have gathered around a hundred young men. One of the boys, fair faced and toned, is removed from the line and you watch in utter horror, as the others are disrobed and their male parts cut free. A great feast follows the terrifying spectacle where you meet [tour_destination_owner.GetTitledFirstNameNoRegnal] [tour_destination_owner.GetOnlyDynastyName].;Après un long voyage dans les Plaines Jogos, vous arrivez au nord des Montagnes osseuses et au début d'une route. Des guerriers vêtus de fourrure s'approchent de vous et vous escortent jusqu'aux portes des noires murailles de [tour_destination.GetName] avant de retourner sur la route. Alors que vous entrez, vous voyez des femmes patrouillant sur le mur, avec des rubis sur le visage. Elles vous observent alors que vous passez et vous notez que leurs mains sont sur leur arc. Des centaines d'hommes replets passent dans les rues à l'intérieur des murailles alors que des femmes élancées maintiennent l'ordre. Vous passez les rues encombrées regardant les différents étals mais sans rien voir d'intéressant. Finalement, vous vous retrouvez sur une place où les gens d'Hyrkoon sont rassemblés autour de cent jeunes hommes. Un des garçons sort des rangs et vous voyez avec horreur que les autres l'émasculent soudain avec un couteau, sous les cris du malheureux. Une grande fête suit ce terrible spectacle et vous rencontrez [tour_destination_owner.GetTitledFirstNameNoRegnal] [tour_destination_owner.GetOnlyDynastyName].;;;Después de salir de las Llanuras de Jogos, varios guerreros con pieles se acercan y te llevan a [tour_destination.GetName] antes de regresar a la carretera. Cuando entras, ves mujeres patrullando la pared, rubíes adornando sus rostros. Te encuentras en la plaza del pueblo mientras viajas, donde la gente de Hyrkoon se ha reunido alrededor de un centenar de hombres jóvenes. Uno de los chicos, con cara bonita y tonificada, es retirado de la fila y lo miras con absoluto horror, mientras los demás se desnudan y sus partes masculinas se muestran. Una gran fiesta sigue al terrorífico espectáculo en el que te encuentras [tour_destination_owner.GetTitledFirstNameNoRegnal] [tour_destination_owner.GetOnlyDynastyName].;;;;;;;;;x
EVTDESCIwikid.309;You buy your way onto a merchant caravan heading west. The caravan, finally, comes to [tour_destination.GetName], behind the Mother of Mountains. The caravan leader presents the Dosh Khaleen with salt, silver, and seed, then several of the Dosh Khaleen collect the various blades of your group. As you gradually make your way to the Western market, you come to a pit on the south bank of the Womb. Some men have built a pyre and placed a Dothraki rider on top. 'A Khal died in the city,' one of your caravan tells you. 'They think bad luck follows those that touch the dead, so their slaves do the work.' You sit on the outside and watch the funeral before continuing onto the Western market.;Vous venez de comprendre qu'il est plus sûr de voyager sur la Mer dothrak en tant que marchand, donc vous payez votre billet au sein d'une caravane allant vers l'ouest. Il faut des semaines sur des routes de poussières pour que la caravane arrive enfin auprès de [tour_destination.GetName], située dans l'ombre de la Mère des Montagnes. En entrant le marché de l'est, le chef de la caravane offre du sel, de l'argent et du grain au Dosh Khaleen. Ensuite, les Dothrakis collectent les lames de tous les membres de votre groupe. Vous partez seul pour observer les étals. Alors que vous allez vers le marché de l'ouest, vous tombez sur une fosse sur la rive sud du Nombril. Des hommes, et pas des Dothrakis à ce qu'il semble, ont fait un bûcher et placé un cavalier dothraki à son sommet. 'Un Khal est mort en ville' dit un de vos compagnons de voyage.'Ils pensent que la malchance suit ceux qui touchent les morts donc des esclaves font le travail'. Vous vous asseyez à l'extérieur et observez les funérailles avant de continuer vers le marché de l'ouest pour jeter un oeil sur les marchandises des Cités libres.;;;"Compras un viaje en una caravana de mercantes en dirección oeste. La caravana finalmente llega a [tour_destination.GetName], detrás de Madre de las montañas. El líder de la caravana presenta el Dosh Khaleen con sal, plata y semillas, y luego varias de las Dosh Khaleen recogen las diversas hojas de tu grupo. A medida que se dirige gradualmente al mercado occidental, llega a un pozo en la orilla sur del Vientre. Algunos hombres han construido una pira y colocado un jinete Dothraki en la parte superior. ""Un Khal murió en la ciudad"", te dice uno de tu caravana. ""Piensan que la mala suerte sigue a los que tocan a los muertos, por lo que sus esclavos hacen el trabajo"". Te sientas en el exterior y ves el funeral antes de continuar hacia el mercado occidental.";;;;;;;;;x
EVTDESCAwikid.310;The [Root.GetShipName] finally sails into [tour_destination.GetName]. You may snap if the captain recites ‘99 Lyseni whores for me, none for you’ again. So you eagerly disembark and head into the city where a guard greets you. You have a hard time understanding his words but his smile coupled with the bright feathers in his gear assures you it’s friendly in nature, so you nod and he takes you in. The guard escorts you through the merchant quarter, the air filled with the smell of spices and noises of exotic animals as you are hastily drag through. The guard pulls you along and you arrive at the gate of [tour_destination_owner.GetTitledFirstNameNoRegnal] [tour_destination_owner.GetOnlyDynastyName]’s keep.;Le bateau arrive finalement à [tour_destination.GetName] terminant son long voyage. Vous en avez assez d'entendre le capitaine réciter '99 putes de Lys pour moi et aucune pour vous' comme il l'a fait pendant tout le trajet sur la mer d'Eté. Vous débarquez avec joie et entrez dans la cité. Vous notez que les palissades sont bâties de manière experte et portent des noms locaux. Un garde emplumé vous salue et essaie de vous expliquer ce qui est écrit. Vous avez du mal à comprendre ses paroles mais son sourire et ses plumes brillantes vous font penser qu'il est amical par nature, aussi vous souriez et il vous prend par le bras. Il vous escorte jusqu'au quartier marchand, l'air y est empli d'odeurs d'épices et de bruits d'animaux exotiques. Le garde vous amène un peu plus loin et vous arrivez à la porte du donjon de [tour_destination_owner.GetTitledFirstNameNoRegnal] [tour_destination_owner.GetOnlyDynastyName].;;;El barco finalmente llega a [tour_destination.GetName] terminando su largo viaje. Estás cansado de escuchar al capitán recitar '99 putas de lirios para mí y ninguna para ti 'como hizo todo el camino hasta el Mar de Verano. Aterrizas de alegría y entras a la ciudad. Tenga en cuenta que las empalizadas están construidas por expertos y tienen nombres locales. Un guardia con plumas te saluda e intenta explicar lo que está escrito. No puedes entender sus palabras, pero su sonrisa y sus brillantes plumas te hacen pensar que él es amigable por naturaleza, así que sonríes y le toma el brazo. Él te acompaña al distrito comercial, el aire está lleno de olores de especias y sonidos de animales exóticos. El guardia te lleva un poco más lejos y llegas a la puerta de [tower_destination_owner.GetTitledFirstNameNoRegnal] [tower_destination_owner.GetOnlyDynastyName].;;;;;;;;;x
EVTDESCBwikid.310;The captain brings the [Root.GetShipName] into [tour_destination.GetName] harbor and docks alongside a Swan ship being loaded. You enter the merchant quarter and breath in the scent of a hundred hundred spices mingling together into a beautiful chord. You eventually reach the house a pepper merchant. You get a few peppercorns and pop them into your mouth. After an initial pleasant burn the heat overwhelms your throat, causing you to cough, despite that you enjoy the freshness and flavor and plan to buy a crate on your return. 'Come again,' You leave, turning your attention towards the palace of [tour_destination_owner.GetTitledFirstNameNoRegnal] [tour_destination_owner.GetOnlyDynastyName].;De magnifiques murs d'ébène nichés entre deux montagnes surgissent alors que le capitaine amène son bateau dans le port de [tour_destination.GetName] et accoste près d'un bateau-cygne empli de tonneaux d'épices et de barriques de vin de palme. Vous passez les murs d'ébène et traversez le marché au poisson. L'odeur familière du poisson agresse vos narines jusqu'à ce que vous entrez en les murs. Dans le quartier marchand, des centaines d'épices se mélangent dans un ensemble harmonieux. Vous marchez entre les petits étals et les grandes maisons de marchands, admirant les noix, les feuilles, les graines. Vous arrivez finalement à la maison d'un marchand de poivre. Vous obtenez quelques échantillons et vous les mettez en bouche. Après une plaisante brûlure initiale, la chaleur emplit votre gorge, vous faisant tousser. Vous appréciez tellement cette fraîcheur et ce goût que vous prévoyez d'acheter un tonneau pour votre retour. 'A bientôt' dit le marchand alors que vous partez, et que votre attention se porte sur le palais de [tour_destination_owner.GetTitledFirstNameNoRegnal] [tour_destination_owner.GetOnlyDynastyName].;;;El capitán trae el [Root.GetShipName] al puerto de [tour_destination.GetName] y atracas junto con un barco Cisne que se está cargando. Entras al mercado y respiras el aroma de cientos de especias que se mezclan en un hermoso aroma. Finalmente llega a la casa un comerciante de pimienta. Obtienes algunos granos de pimienta y los metes en tu boca. Después de una probada inicial agradable, el calor abruma tu garganta y hace que tosas, a pesar de eso disfrutas de la frescura y el sabor y planeas comprar una caja a tu regreso. 'Ven,' Te vas, volviendo tu atención hacia el palacio de [tour_destination_owner.GetTitledFirstNameNoRegnal] [tour_destination_owner.GetOnlyDynastyName].;;;;;;;;;x
EVTDESCCwikid.310;A call rings out from a group of Swan ships as you enter the waters of [tour_destination.GetName], the captain brings your [Root.GetShipName] alongside one of them where brightly clad marines stand, gold bows in hand. The marines look through your holds and ask the captain several questions but soon escort your ship into port. You are greeted by a great many beautiful pale flowers lining the outer wall of the city as you pass from the harbor, the black plants pop the bright white petals. You look over the local merchandise and decide on a piece of exotic fruit enjoying it as you make your way to meet with [tour_destination_owner.GetTitledFirstNameNoRegnal] [tour_destination_owner.GetOnlyDynastyName].;La sirène émerge d'un groupe de bateaux-cygne alors que vous entrez dans les eaux de [tour_destination.GetName]. Le capitaine approche son navire des autres et des marins arrivent à votre bord tandis que d'autres restent aux aguets, arcs en main, le soleil faisant briller le bois de leurs arcs en un doré étincelant. Les marins regardent vos possessions et posent des questions au capitaine puis escortent votre bateau dans le port. Vous êtes salués par une immensité de belles fleurs pâles s'épanouissant sur le mur extérieur de la ville, formant un contraste avec les plantes noires ou marron foncé qui éclatent en pétales blancs. Les parfums se mélangent et donne à l'air une douceur qui vous procure un énorme sourire. Regardant les marchandises locales, vous décidez d'acheter un fruit exotique, une sorte de citron : vous le mangez lentement, profitant de son parfum acide et plein de jus, avant de vous rendre chez [tour_destination_owner.GetTitledFirstNameNoRegnal] [tour_destination_owner.GetOnlyDynastyName].;;;Cuando ingresas a las aguas de [tour_destination.GetName] suena una llamada, el capitán lleva tu [Root.GetShipName] junto a un barco, donde hay marines ataviados con brillantes, arcos dorados en la mano. Los marines miran a través de tus bodegas y le hacen varias preguntas al capitán, pero pronto escoltan a su barco al puerto. Usted es recibido por una gran cantidad de bellas flores pálidas que recubren la pared exterior de la ciudad al pasar del puerto, las plantas negras denotan los pétalos blancos brillantes. Miras la mercadería local y decides comprar una fruta exótica disfrutando de ella mientras hace su camino para reunirse con [tour_destination_owner.GetTitledFirstNameNoRegnal] [tour_destination_owner.GetOnlyDynastyName].;;;;;;;;;x
EVTDESCDwikid.310;The captain raises the sails of the [Root.GetShipName] as the ship drifts into the [tour_destination.GetName] docks and makes berth at one of the piers. You cross over a drawbridge as you pass through the elegant stone walls into the city, below you is a deep moat filled with newly flowered Tiger lillies. As the sunlight hits them you stop and watch, the waters takes on a red hue reminding you of blood. Your rest ends quickly as new travellers push past you, so you follow suit and enter the merchant quarter. Skimming over the local products, nothing catches your eye so you move on through towards [tour_destination_owner.GetTitledFirstNameNoRegnal] [tour_destination_owner.GetOnlyDynastyName]’s palace.;Le capitaine lève les voiles alors que le bateau avance dans les docks de [tour_destination.GetName] et accoste sur le quai. Vous marchez sur un pont de bois et passez les élégants murs de pierre de la ville. Sous vos pieds, se trouve une douve emplie de lys tigrés en fleur. Alors que la lumière du soleil couchant vous frappe, l'eau prend une teinte rouge sang. Vous ne pouvez pas vous arrêter bien longtemps car des voyageurs vous poussent. Vous les suivez et entrez dans le quartier marchand. Rien ne vous attire quand vous regardez les étals, aussi vous dirigez-vous vers le palais de [tour_destination_owner.GetTitledFirstNameNoRegnal] [tour_destination_owner.GetOnlyDynastyName]. Vous entrez le district des compagnons et vous êtes entouré de maisons aux cloches et fleurs de lotus, ainsi que de splendides hommes et femmes à la peau d'ébène. A chaque fois que vous déclinez une proposition d'une maison, la suivante redouble d'efforts pour vous convaincre. Vous restez inflexible et arrivez finalement à destination.;;;El capitán recoge las velas de [Root.GetShipName] mientras el barco se desplaza hacia los muelles [tour_destination.GetName] y atraca en uno de los muelles. Cruzas un puente levadizo al atravesar las elegantes paredes de piedra hacia la ciudad, debajo de ti hay un profundo foso lleno de lirios Tigres recién florecidos. Cuando la luz del sol los golpea, te paras a mirar, las aguas que adquieren un tono rojo que te recuerda a la sangre. Tu descanso termina rápidamente a medida que los nuevos viajeros pasan de largo, por lo que debe seguir su ejemplo y entrar al mercado. Pasando por alto los productos locales, nada llama tu atención, así que avanzas hacia el palacio de [tour_destination_owner.GetTitledFirstNameNoRegnal] [tour_destination_owner.GetOnlyDynastyName].;;;;;;;;;x
EVTDESCEwikid.310;Your [Root.GetShipName] enters [tour_destination.GetName] harbor, maneuvered by the captain into one of the open slips. You approach the gate of the ages old Goldenheart walls. In the midst of the bustling market, sits a blackstone statue. You become enamoured by the statue, so different from any of the Gods, having eight sets of teats, with a wine chalice in one hand, the other stretching upwards. 'Amazing isn’t it?' 'Tonight you can observe the moon ceremony, when the statue appears to be holding the moon and the town gathers in reverence, for now you have an appointment with [tour_destination_owner.GetTitledFirstNameNoRegnal] [tour_destination_owner.GetOnlyDynastyName].' You nod and follow the guard.;Votre bateau entre dans le port de [tour_destination.GetName]. Vous êtes tellement impatient de visiter la ville que vous n’attendez même pas l’arrêt complet du navire pour sauter sur le quai. Alors que vous approchez de la porte de la ville, vous notez que les murs en bois d’orcoeur font deux fois votre taille. La lumière du soleil fait briller ces murs. A l’intérieur de la ville, un chemin pavé serpente à travers d’élégantes demeures de bois et de pierres jusqu’à au marché du centre-ville. Au milieu de l’agitation marchande, une statue de pierre noire émerge au-dessus de la foule. Vous tombez amoureux/se de cette statue, si différente des autres Dieux avec ses huit paires de seins, et portant dans une main un calice de vin, tandis que l’autre main est pointée vers le haut. ‘Etonnant, non ?’ Le garde emplumé a un accent dans la langue commune. ‘Ce soir, vous pourrez observer la cérémonie de la lune, quand on dirait que la statue porte la lune et que la ville se regroupe pour rendre hommage à ce moment, mais pour l’instant, vous avez un rendez-vous avec [tour_destination_owner.GetTitledFirstNameNoRegnal] [tour_destination_owner.GetOnlyDynastyName].' Vous acquiescez et suivez le garde.;;;Tu [Root.GetShipName] entra al puerto de [tour_destination.GetName], maniobrado por el capitán. Te acercas a la puerta de antiguas paredes de Aurocorazón. En medio del bullicioso mercado, se encuentra una estatua de piedra negra. Te enamoras de la estatua, tan diferente de cualquiera de los dioses.Con ocho juegos de tetinas, con un cáliz de vino en una mano y la otra extendiéndose hacia arriba. 'Asombroso ¿no?' 'Esta noche puedes observar la ceremonia de la luna, cuando la estatua parece sostener la luna y la ciudad se llena de reverencias, por ahora tienes una cita con [tour_destination_owner.GetTitledFirstNameNoRegnal] [tour_destination_owner.GetOnlyDynastyName].' Asientes y sigues al guardia'.;;;;;;;;;x
EVTDESCFwikid.310;You pace the deck waiting for the captain to approach [tour_destination.GetName], instead you hear 'You don’t go inland during the day, the island’ll kill you if you do.' The sun finally sets and You stumble through the growth. You fall upon a group of Naathi and follow them to a village. As you walk through the streets, you sense their tension and they are giving you a wide road. You make your way around the village, looking over exotic insects and fine silks, until one of the villagers finally approaches you and motions. You smile and agree, following to a large hut and are introduced to [tour_destination_owner.GetTitledFirstNameNoRegnal] [tour_destination_owner.GetOnlyDynastyName].;Vous êtes sur le pont du bateau tandis que le capitaine approche de [tour_destination.GetName] mais ce dernier jette l’ancre près de la côte en disant ‘On ne va pas sur l’île en plein jour, sinon l’île vous tue.’  Vous acquiescez mais restez d’humeur chafouine. Quand le soleil se couche enfin, vous débarquez du bateau. Vous marchez à travers les bois pendant un long moment avant de trouver un groupe de Naathi. Ils se mettent à crier dans leur langue natale et s’évanouissent dans les collines. Vous les suivez et arrivez à un village. En marchant dans les rues, vous sentez leur tension. Vous observez les insectes exotiques et les soies fines, même si vous avez du mal à distinguer les teintures à la lumière des torches. Un villageois s’approche et fait des gestes évoquant un repas. Vous souriez et acceptez, le suivant vers une grande hutte où vous êtes présenté au [tour_destination_owner.GetTitledFirstNameNoRegnal] [tour_destination_owner.GetOnlyDynastyName].;;;"Se encuentra en la cubierta del barco y el capitán se acerca a [tour_destination.GetName], oyes decir al capitán""No vas a durar mucho tierra adentro durante el día, la isla te matará"". El sol finalmente se pone y desembarcas en un bote. Ves un grupo de Naathi y los sigues a un pueblo. Mientras caminas por las calles, sientes la tensión y te dejan un poco atrás. Caminas por la aldea, mirando insectos exóticos y sedas finas, hasta que uno de los aldeanos finalmente se acerca a ti y te hace señas. Usted sonríe y estás de acuerdo, siguiéndolo a una cabaña grande y se le presenta a [tour_destination_owner.GetTitledFirstNameNoRegnal] [tour_destination_owner.GetOnlyDynastyName].";;;;;;;;;x
EVTDESCGwikid.310;A stench carries on the wind out over the water as the captain sails the [Root.GetShipName] towards [tour_destination.GetName]. The captain lays anchor and lowers the skiff, 'Good luck in there.'. As soon as your feet touch the sand you are swamped by flies. The air grows heavy and you find your boots sinking deep into the rank mud. Your skin begins to itch and burn wherever the muck touches. You finally free yourself from the sludge and find an old stone keep in a clearing. A shade passes the edge of your sight and grabs you, forcing you to jump. The figure raises the mask, 'I’m [tour_destination_owner.GetTitledFirstNameNoRegnal] [tour_destination_owner.GetOnlyDynastyName]’;Le vent charrie une mauvaise odeur alors que le capitaine approche le bateau de [tour_destination.GetName]. Vous subissez cette puanteur tandis que le navire arrive à proximité de l’île. Une fois l’ancre mise, le capitaine vous met dans une chaloupe et dit ‘Bonne chance ici’. Vous ramez en direction d’une plage grise. Au moment où vos pieds touchent le sol, des milliers de mouches se collent à vous. Vous tentez en vain de les chasser tout en progressant vers l’intérieur de l’île. L’air se fait de plus en plus lourd et vous passez dans un bourbier où vos bottes s’enfoncent dans de la boue. Votre peau commence à vous démanger mais vous arrivez à sortir de l’ornière et à trouver au milieu d’une clairière, un petite fortification de pierre dont émerge de la fumée. Une ombre passe dans votre champ de vision. ‘C’est peut-être une bête’ pensez-vous alors qu’une figure masquée vous agrippe, vous forçant à sauter. Le masque est relevé et une personne vous dit ‘Je suis [tour_destination_owner.GetTitledFirstNameNoRegnal] [tour_destination_owner.GetOnlyDynastyName], bienvenue sur mon île. Puis-je vous offrir à manger ?’;;;"Un hedor arrastra el viento sobre el agua mientras el capitán navega por [Root.GetShipName] hacia [tour_destination.GetName]. El capitán echa el ancla y baja el esquife, 'Buena suerte allí'. Tan pronto como tus pies toquen la arena te inundarán las moscas. El aire se vuelve pesado y tus botas se hunden profundamente en el barro rancio. Tu piel comienza a picar y arder dondequiera que toque el barro. Finalmente se libera del lodo y encuentras un viejo torreón de piedra en un claro. Una cosa pasa por el borde de tu vista y te agarra, obligándote a saltar. La figura levanta la máscara, ""Soy [propietario_destino_de_excursión.GetTitledFirstNameNoRegnal] [tour_destination_owner.GetOnlyDynastyName].";;;;;;;;;x
EVTDESCHwikid.310;‘I’ve no idea why you’d want to visit this place, pirates run the island,' the captain says, 'Safer to put you on shore, the ship’ll be ready come sun up.' The captain disappears before the bow meets [tour_destination.GetName]. You stumble along the path, the torch light catching on small exposures of cut stone long ago abandoned to the growth. As you begin to approach a fort, several men surround you, '[tour_destination_owner.GetTitledFirstNameNoRegnal] [tour_destination_owner.GetOnlyDynastyName] likes to see all newcomers to the island.' You start to back-step but the men grab their swords, 'No exceptions,' then drag you by the arm to meet with the [tour_destination_owner.GetTitle].;‘Je ne comprends pas pourquoi vous voulez visiter cet endroit, l’île est infestée de pirates’ dit le capitaine donnant l’ordre de débarquer une chaloupe. ‘C’est plus sûr pour vous d’aller sur la côte de cette manière. Le bateau partira à l’aube.’ Le navire disparait à l’horizon pendant vous ramez jusqu’à la plage de [tour_destination.GetName]. Vous remontez l’embarcation sur la plage et allumez une torche avant d’entrer sur un sentier s’enfonçant dans les denses forêts de l’île. Le long du chemin, la lumière de la torche vous montre des restes de pierres taillées il y a fort longtemps, avant que la végétation ne reprenne le dessus. Plus loin, vous trouvez la façade de pierre noir d’un fort éclairé par des torches. Alors que vous commencez votre approche, des hommes vous encerclent '[tour_destination_owner.GetTitledFirstNameNoRegnal] [tour_destination_owner.GetOnlyDynastyName] n’aiment pas les nouveaux venus sur l’île.' Vous commencez à reculer mais les hommes prennent leurs épées, ‘Aucune exception,' Ils vous prennent par le bras et vous emmènent pour rencontrer [tour_destination_owner.GetTitle].;;;"'No tengo idea de por qué querrías visitar este lugar, los piratas manejan la isla', dice el capitán, 'Es mas seguro llevarte a la orilla, el barco estará listo para el amanecer'. El capitán desaparece antes de que el barco se encuentre en [tour_destination.GetName]. Tropezas a lo largo del camino, la luz de la antorcha se refleja en pequeñas exposiciones de piedra cortada hace mucho tiempo abandonadas al crecimiento. Cuando comienzas a acercarte a un fuerte, varios hombres te rodean, '[tour_destination_owner.GetTitledFirstNameNoRegnal] [tour_destination_owner.GetOnlyDynastyName] le gusta ver a todos los recién llegados a la isla.' Comienzas a retroceder, pero los hombres agarran tus espadas, ""Sin excepciones"", luego te arrastran por el brazo para reunirte con [tour_destination_owner.GetTitle].";;;;;;;;;x
EVTDESCIwikid.310;‘I donna know why you’ve such an urge to visit these forsaken shores.' The captain bemoans as the [Root.GetShipName] pulls into [tour_destination.GetName].  As you make land, the numerous hawkers peddle wares taken from ships coming out of ports the world over. You look over the various goods, but don’t find anything interesting, so continue on into the slave market. You watch on as the pirates parade out gold eye captives from Naath and Olive skinned slaves from Ghis, raising more than a thousand dragons before a pirate calls to you, 'Good day milord, I take it you are here to meet [tour_destination_owner.GetTitledFirstNameNoRegnal] [tour_destination_owner.GetOnlyDynastyName]. I’ll show you to ‘em.'.;‘Je ne comprends pas l’urgence de visiter ces côtes maudites’ gromelle le capitaine alors qu’il met se navire en panne à [tour_destination.GetName] à côté de navires sans pavillon. ‘Vous êtes un imbécile si vous faites confiance à ces pirates’ vous crie le capitaine. Vous acquiescez et montez sur la chaloupe en direction des plages. Une fois arrivé, vous remontez l’embarcation sur la côte et vous rejoignez le flot d’autres équipages. Vous atteignez un marché fait d’étals rapidement bâtis où on peut trouver des marchandises venant de tous les endroits du monde : bois exotiques de Qohor, fins velours de Pentosh et même diamants noir et verredragon d’Asshai. Rien ne vous intéresse vraiment et vous vous rendez au marché aux esclaves pour suivre une enchère en cours. Des pirates font parader des captifs de Naath aux yeux dorés, et des esclaves de Ghis à la peau olivâtre obtenant plus de mille dragons d’enchères. Un pirate vous aperçoit ‘Bonjour, mon seigneur. Si vous êtes ici pour rencontrer [tour_destination_owner.GetTitledFirstNameNoRegnal] [tour_destination_owner.GetOnlyDynastyName], veuillez me suivre.’ Vous acquiescez et lui emboitez le pas.;;;No sé por qué tienes tantas ganas de visitar estas olvidadas orillas. El capitán se lamenta cuando [Root.GetShipName] ingresa en [tour_destination.GetName]. Mientras bajas a tierra, los numerosos vendedores ambulantes venden mercaderías de barcos que salen de puertos de todo el mundo. Miras los diversos productos, pero no encuentras nada interesante, así que continúa hacia el mercado de esclavos. Miras mientras los piratas desfilan con ojos de oro de Naath y esclavos de piel de oliva de Ghis, comprados a más de mil dragones antes de que un pirata te llame, 'Buen día milord, supongo que estás aquí para encontrarte con [tour_destination_owner.GetTitledFirstNameNoRegnal ] [tour_destination_owner.GetOnlyDynastyName].‘Te llevare‘.;;;;;;;;;x
EVTDESCAwikid.311;[Root.GetWikid311Para1]\n[Root.GetWikid311Para2]\n[Root.GetWikid311Para3];Voyage en mode manuel, destination 1;;;Viaje en modo manual, destino 1;;;;;;;;;x
EVTDESCBwikid.311;Manual Tour Destination Loc 2;Voyage en mode manuel, destination 2;;;Viaje en modo manual, destino 2;;;;;;;;;x
EVTDESCCwikid.311;Manual Tour Destination Loc 3;Voyage en mode manuel, destination 3;;;Viaje en modo manual, destino 3;;;;;;;;;x
EVTDESCDwikid.311;Manual Tour Destination Loc 4;Voyage en mode manuel, destination 4;;;Viaje en modo manual, destino 4;;;;;;;;;x
EVTDESCEwikid.311;Manual Tour Destination Loc 5;Voyage en mode manuel, destination 5;;;Viaje en modo manual, destino 5;;;;;;;;;x
EVTDESCFwikid.311;Manual Tour Destination Loc 6;Voyage en mode manuel, destination 6;;;Viaje en modo manual, destino 6;;;;;;;;;x
EVTDESCGwikid.311;Manual Tour Destination Loc 7;Voyage en mode manuel, destination 7;;;Viaje en modo manual, destino 7;;;;;;;;;x
EVTDESCHwikid.311;Manual Tour Destination Loc 8;Voyage en mode manuel, destination 8;;;Viaje en modo manual, destino 8;;;;;;;;;x
EVTDESCIwikid.311;Manual Tour Destination Loc 9;Voyage en mode manuel, destination 9;;;Viaje en modo manual, destino 9;;;;;;;;;x
TOOLTIPwikid.330;You shall seek out a [tour_destination.Culture.GetName] noble to marry.;Vous cherchez un(e) noble [tour_destination.Culture.GetName] à marier;;;Buscando un noble de [tour_destination.Culture.GetName] para casarse.;;;;;;;;;x
TOOLTIPwikid.312;You shall depart for your next destination in a week.;Vous devez partir vers la prochaine destination dans une semaine.;;;Deberás partir hacia tu próximo destino en una semana.;;;;;;;;;x
EVTDESCAwikid.312;It is time for you to leave your current location and move on to your next destination, time is short and there is oh so much to see in this world.;Il est temps pour vous de quitter votre emplacement actuel et de passer à votre prochaine destination, le temps est court et il y a tellement à voir dans ce monde.;;;Es hora de que abandones tu ubicación actual y pases a tu próximo destino, el tiempo es corto y hay tanto que ver en este mundo.;;;;;;;;;x
EVTDESCBwikid.312;It is time for you to leave your current location and return home, as much as you would like to keep up the tour you have responsibilities back home you must attend to.;Il est temps pour vous de quitter votre emplacement actuel et retourner à la maison, bien que vous souhaitiez poursuivre votre voyage, vous avez des responsabilités chez vous auxquelles vous devez faire face.;;;Es hora de que salga de su ubicación actual y regrese a su hogar; por mucho que le guste mantener el recorrido, tiene responsabilidades en el país al que debe asistir.;;;;;;;;x
EVTDESCCwikid.312;After many days of feasting of talking, It is time for you to leave your host and move on to your next destination on your [Root.GetProgressName].;Il est temps pour vous de quitter votre emplacement actuel et de passer à votre prochaine destination, le temps est court et il y a tellement à voir dans ce monde.;;;Es hora de que abandones tu ubicación actual y pases a tu próximo destino, el tiempo es corto y hay tanto que ver en este mundo.;;;;;;;;;x
EVTDESCDwikid.312;After many days of feasting of talking, It is time for you to leave your host and finish your [Root.GetProgressName]. The journey back to [Root.Capital.GetName] will begin upon the morrow.;Il est temps pour vous de quitter votre emplacement actuel et retourner à la maison, bien que vous souhaitiez poursuivre votre voyage, vous avez des responsabilités chez vous auxquelles vous devez faire face.;;;Es hora de que salga de su ubicación actual y regrese a su hogar; por mucho que le guste mantener el recorrido, tiene responsabilidades en el país al que debe asistir.;;;;;;;;x
EVTOPTAwikid.312;Onwards to [tour_destination.GetName]!;En route pour [tour_destination.GetName] !;;;!Adelante a [tour_destination.GetName]!;;;;;;;;;x
EVTOPTAwikid.312B;We travel onwards!;;;;;;;;;;;;;x
EVTOPTBwikid.312;I have started missing home;Vous commencez à manquer à ceux que vous avez laissé derrière vous;;;Estás empezando a extrañar tu hogar;;;;;;;;;x
EVTDESCwikid.313;After visiting many exotic places and meeting many interesting people you have finally returned home as your tour comes to an end.;Après avoir visité de nombreux endroits exotiques et rencontré beaucoup de gens intéressants, vous êtes enfin rentré à la maison comme votre voyage arrive à sa fin.;;;Después de visitar muchos lugares exóticos y conocer a muchas personas interesantes, finalmente has regresado a casa, tu viaje llega a su fin.;;;;;;;;;x
EVTDESCwikid.313B;Your [Root.GetProgressName] has come to an end. After visiting many of your vassals and having made the [Root.GetPeasantNamePlural] of your realm know your rule, you have finally returned to [Root.Capital.GetName].;;;;;;;;;;;;;x
EVTOPTAwikid.313;What an amazing journey!;Quel voyage incroyable !;;;¡Qué viaje más increíble!;;;;;;;;;x
EVTDESCwikid.314;As you are quietly having a drink in a local tavern some of the other men there make repeated japes about how you look and the clothes you wear. Clearly in their drunken stupor they do not understand you are a foreigner in their land, as opposed to being someone they believe to be slightly deformed. As the japes get more and more vulgar they start to threaten you to get out of there tavern before they beat you to a pulp.;Alors que vous êtes silencieusement en train de prendre un verre dans une taverne locale, certains des autres clients présents font des blagues sur votre apparence et les vêtements que vous portez. Comme ils sont ivres, ils ne comprennent pas que vous êtes un étranger et ils croient que vous êtes légèrement attardé. Alors que les blagues deviennent de plus en plus vulgaires, ils commencent à vous menacer et ils vous disent de sortir de sortir de la taverne avant qu'ils ne vous battent comme plâtre.;;;Mientras tomas tranquilamente una bebida en una taberna local, algunos de los otros hombres hacen bromas repetidas sobre tu apariencia y la ropa que usas. Claramente en su estupor de borrachos no entienden que eres un extranjero en su tierra, en su lugar creen  que estás ligeramente deformado. A medida que las bromas se vuelven cada vez más vulgares, empiezan a amenazarte para que salgas de la taberna antes de que te peguen una paliza.;;;;;;;;;x
EVTOPTAwikid.314;A fight it is then!;Alors, on va se battre !;;;;;;;;;;;;x
TOOLTIPwikid.314_win;You beat back the agressors.;Vous avez battu les agresseurs.;;;Derrotas a los agresores;;;;;;;;;x
TOOLTIPwikid.314_wound;You defeat the agressors but are wounded.;Vous avez battu les agresseurs mais vous êtes blessé.;;;Derrotas a los agresores pero sales herido;;;;;;;;;x
EVTOPTBwikid.314;I shall poison their drinks before this escalates...;Je devrais empoissonner leur verre avant que ça ne dégénère…;;;Voy a envenenar sus bebidas antes de que esto se intensifique..;;;;;;;;;x
EVTOPTCwikid.314;Just some harmless fun ey lads!;C'est juste pour rigoler, les gars !;;;¡Solo son algunos muchachos inofensivos y divertidos!;;;;;;;;;x
EVTDESCAwikid.315;You engage in a quick fight with the three men and manage to rapidly beat them to the ground with relative ease, turns out they were all talk and no show!;Vous engagez le combat rapidement avec les trois hommes and vous les mettez vite à terre et assez facilement. Il semble qu'ils étaient des beaux parleurs mais lorsqu'il s'agit de passer à l'acte…;;;Emprendes la lucha rápidamente con los tres hombres y los pones rápidamente en el suelo y con bastante facilidad. Parece que fueron buenos oradores, pero cuando se trata de luchar.....;;;;;;;;;x
EVTDESCBwikid.315;You engage in a quick fight with the three men and manage to rapidly beat them to the ground after a brief struggle. As you sit back down you notice a gash that was inflicted on you by one of them, guess they weren't as weak as you thought.;Vous engagez le combat rapidement avec les trois hommes and vous les mettez vite à terre et assez facilement. Alors que vous allez vous assoir à nouveau, vous remarquez une coupure qu'ils vous ont infligée, il semble qu'ils n'étaient pas si inoffensifs que ça.;;;Entras en una pelea rápida con los tres hombres y logras derrotarlos rápidamente arrojandolos al  suelo después de una breve lucha. Cuando vuelves a sentarte, notas una herida que uno de ellos te infligió, supongo que no fueron tan débiles como creías.;;;;;;;;;x
EVTDESCCwikid.315;You walk over to the three lads and say you will buy them a round much to their delight! As you grab three drinks from the bar you deftly add a few drops of poison which should make quick work of them. They thank you for their drinks and wander out into the street off to enjoy the night... for a time at least.;Vous vous approchez des trois compères et vous leur proposez de leur payer une tournée ! Alors que vous prenez les trois verres sur le bar, vous ajoutez subrepticement quelques gouttes de poison qui devraient faire rapidement leur effet. Ils vous remercient pour le verre et ensuite ils sortent pour profiter de la soirée...pour le temps qui leur reste.;;;Caminas hacia los tres muchachos y les dices que les comprarás una ronda para su deleite! Cuando tomas las tres bebidas de la barra, agregas unas pocas gotas de veneno que deben hacer su trabajo rápido. Te agradecen por las bebidas y salen a la calle para disfrutar de la noche...por un tiempo al menos.;;;;;;;;;x
EVTDESCDwikid.315;You walk over to the three lads and say you will buy them a round much to their delight! As you sit down with them and start conversing you all realise you have more in common than originally thought and enjoy a few drinks together before they leave for the evening.;Vous vous approchez des trois compères et vous leur proposez de leur payer une tournée ! Alors que vous vous asseyez avec eux et que vous engagez la conversation, vous découvrez tous que vous avez plus en commun que pensé au départ. Vous buvez encore quelques verres ensemble avant de vous quitter dans la soirée.;;;¡Caminas hacia los tres muchachos y les dices que les comprarás una ronda para su deleite! Al sentarse con ellos y comienzan a conversar, todos se dan cuenta de que tienen más en común de lo que se pensaban originalmente y disfrutan de unos tragos juntos antes de irse.;;;;;;;;;x
EVTOPTAwikid.315;And now I can finish my drink;Maintenant, je peux finir mon verre;;;Y ahora puedo terminar mi bebida;;;;;;;;;x
EVTDESCwikid.316;Whilst I was walking down one of the streets of [tour_destination.GetName] I took a wrong turn and stumbled into a local brothel... the numerous [tour_destination.Culture.GetName] beauties that reside here do look quite enticing...;Alors que vous déambulez dans les rues de [tour_destination.GetName], au détour d'une ruelle, vous arrivez à ce qui ressemble un bordel local … les beautés [tour_destination.Culture.GetName] qui y résident se montrent vite entreprenantes…;;;Mientras caminaba por una de las calles de [tour_destination.GetName] me di la vuelta equivocado y tropecé con un burdel local...las numerosas bellezas de [tour_destination.Culture.GetName] que residen aquí se ven bastante seductoras...;;;;;;;;;x
EVTOPTAwikid.316;Well I am here now, may as well have my fun!;Comme je suis là, autant en profiter !;;;¡Bien, ya que estoy aquí, podría divertirme!;;;;;;;;;x
EVTOPTBwikid.316;I will not lower myself to that level;Je ne vais pas m'abaisser à ça !;;;No me rebajaré a ese nivel;;;;;;;;;x
EVTDESCwikid.317;I have been approached by a woman of [brothel_mother.Culture.GetName] who claims to be a whore that I slept with during my foreign tour... she also claims to have birthed our child, she presents our lovechild to me and asks that I raise and care for it...;Vous avez été approché par une femme de [brothel_mother.Culture.GetName] qui déclare être une prostituée avec laquelle j'ai couché lors de mon voyage à l'étranger … elle déclare aussi avoir donné naissance à notre enfant, elle me présente notre 'enfant de l'amour' et me demande de l'élever et de prendre soin de lui...;;;Me ha contactado una mujer de [brothel_mother.Culture.GetName] que dice ser una puta con la que me acosté durante mi viaje por el extranjero...ella también dice haber dado a luz a nuestro hijo, nos presenta a nuestro hijo  y te pide que lo críes y lo cuides.;;;;;;;;;x
EVTOPTAwikid.317;I will take the child as my own;Je vais reconnaître l'enfant;;;Reconoceré al niño;;;;;;;;;x
EVTOPTBwikid.317;Go back to where you thought up this lie whore;Vous pensez que cette putain ment;;;Esta puta es una memtirosa vuelve por donde as venido;;;;;;;;;x
EVTDECwikid.318;The local [tour_destination_owner.GetNobleName]s are having a feast and have invited me to join them, it may be a good opportunity for me to engage in some diplomacy and to learn more about the ways or the world.;Les nobles locaux ont organisé un banquet et m'ont invité à participer : ça peut être une bonne opportunité pour moi de débuter des relations diplomatiques et d'apprendre plus  sur leurs coutumes et leur monde.;;;Los nobles locales están celebrando un festín y me han invitado a unirme a ellos. Puede ser una buena oportunidad para dedicarme a la diplomacia extranjera y aprender más sobre las formas del mundo.;;;;;;;;;x
EVTOPTAwikid.318;I will try my hand at some of this diplomacy;Je vais m'essayer à la diplomatie avec l'étranger;;;Voy a intentar algo de en la diplomacia extranjera;;;;;;;;;x
TOOLTIPwikid.319_good;You impress the [tour_destination_owner.GetNobleName]s.;Vous impressionnez les nobles.;;;Impresionas a los nobles.;;;;;;;;;x
TOOLTIPwikid.319_bad;You accidentally insult the [tour_destination_owner.GetNobleName]s.;Vous avez accidentellement insulté les nobles.;;;Accidentalmente insultas a los nobles;;;;;;;;;x
EVTOPTBwikid.318;What do I care of these people;Qu'est-ce que j'ai à faire de ces étrangers;;;¿Qué tengo que ver con estos extraños?;;;;;;;;;x
EVTDECAwikid.319;Everything is going very well, you have quickly learnt about the local [tour_destination.Culture.GetName] customs and etiquette and manage to navigate your way through conversation about the mundane and politcally sensitive with great ease!;Tout va très bien, vous avez rapidement appris sur les coutumes locales et l'étiquette [tour_destination.Culture.GetName] et vous arrivez à vous joindre aux mondanités  et à tenir une conversation sur des domaines politiques sensibles avec une grande facilité !;;;!Todo va muy bien, has aprendido rápidamente sobre las costumbres y las vestimenta local de [tour_destination.Culture.GetName] y te las arreglas para hablar a través de conversaciones sobre lo mundano y lo políticamente sensible con gran facilidad!;;;;;;;;;x
EVTDECBwikid.319;Everything is going so well up until you say something that somehow insults the [tour_destination_owner.GetNobleName]s, your lack of knowledge about their lands and customs has meant you have offended them greatly and now a shouting match occurs between you and them before you are hastily kicked out of the feast.;Tout se passait bien jusqu'à ce que vous disiez quelque chose qui a été pris comme une insulte par les nobles. Votre manque de connaissance de leur pays et de leurs coutumes a eu pour effet que vous les offensiez grandement. Maintenant on vous crie dessus avant de vous expulser sans ménagement du banquet.;;;Todo iba bien hasta que dijiste algo que los nobles tomaron como un insulto. Tu falta de conocimiento de su país y sus costumbres ha tenido el efecto de ofenderlos enormemente. Ahora te gritan y te expulsan sin ceremonia del banquete.;;;;;;;;;x
EVTOPTAwikid.319;I truly have a way with words;J'ai une grande facilité avec les mots;;;Tengo gran facilidad con las palabras;;;;;;;;;x
EVTOPTBwikid.319;Well that was a total failure;Eh bien, c'était un échec total;;;Bueno, eso fue un fracaso total;;;;;;;;;x
EVTDECAwikid.320;During your travels through [tour_destination.GetName] you notice a local smith who offers to make you a sword or a set of armour, for a price of course.;Lors de vos voyages à travers [tour_destination.GetName], vous rencontrez un forgeron local qui vous propose une épée ou une armure, moyennant finance bien sûr.;;;Durante tus viajes a través de [tour_destination.GetName], notas a un herrero local que te ofrece una espada o un conjunto de armadura, por un precio, por supuesto.;;;;;;;;;x
EVTDECBwikid.320;During your travels through [tour_destination.GetName] you notice a local smith who offers to make you a sword or a set of armour from a material which he reveals to be the rare Valyrian Steel. There are so few people in the world who know how to manipulate the even rarer raw material, it will be costly but very worth while.;Lors de vos voyages à travers [tour_destination.GetName], vous rencontrez un forgeron local qui vous propose de fabriquer une épée ou une armure dans un métal qui se révèle être de l'acier valyrien. Il y a peu de gens de par le monde qui savent comment manipuler ce métal très rare, ça sera couteux mais ça en vaut la peine.;;;Durante tus viajes a través de [tour_destination.GetName], notas a un herrero local que te ofrece una espada o una armadura de un material que, según revela, es el Acero Valyriol. Hay muy pocas personas en el mundo que saben cómo manipular la rara materia prima, será costoso pero valdrá la pena.;;;;;;;;;x
EVTOPTAwikid.320;A [tour_destination.Culture.GetName] made sword would be amazing;Une épée fabriquée par un [tour_destination.Culture.GetName] sera fabuleuse;;;Una espada hecha de [tour_destination.Culture.GetName] sería increíble;;;;;;;;;x
EVTOPTBwikid.320;I wish for a set of strong armour to protect me;J'aimerais une armure solide pour me protéger;;;Deseo una armadura fuerte para protegerme;;;;;;;;;x
EVTOPTCwikid.320;A valyrian steel sword sword would be an amazing thing to own;Une épée en acier valyrien doit être un objet fabuleux à posséder;;;Una espada de acero valyrio sería algo increíble de poseer;;;;;;;;;x
EVTOPTDwikid.320;I wish for a set of strong Valyrian Steel armour, light weight and extremely durable;J'aimerais une armure en acier valyrien, légère à porter mais extrêmement solide;;;Deseo una armadura fuerte de acero Valyrio, ligera y extremadamente duradera;;;;;;;;;x
EVTDECAwikid.321;The smith has returned to you a couple of days later with a sword for you. It is strong steel and engraved with your House's sigil on the pommel.;Le forgeron revient quelques jours plus tard avec une épée pour vous. Elle est faite d'acier solide et le symbole de votre maison est gravé sur le pommeau.;;;El herrero regresa unos días después con una espada para ti. Está hecho de acero sólido y el símbolo de tu casa está grabado en el pomo.;;;;;;;;;x
EVTDECBwikid.321;The smith has returned to you a couple of days later with a set of armour for you. It is strong steel and engraved with your House's sigil on the breast plate.;Le forgeron revient quelques jours plus tard avec une armure pour vous. Elle est faite d'acier solide et le symbole de votre maison est gravé sur la plaque de torse.;;;El herrero ha regresado a ti un par de días después con una armadura para ti. Es acero fuerte y está grabada con el lema de tu Casa en el peto.;;;;;;;;;x
EVTDECCwikid.321;The smith has returned to you a couple of days later with a sword for you. It is strong Valyrian Steel and engraved with your House's sigil on the pommel.;Le forgeron revient quelques jours plus tard avec une épée pour vous. Elle est faite d'acier valyrien et le symbole de votre maison est gravé sur le pommeau.;;;El herrero ha regresado a ti un par de días más tarde con una espada para ti. Es de acero Valyrio fuerte y está grabada con el lema de tu casa en el pomo.;;;;;;;;;x
EVTDECDwikid.321;The smith has returned to you a couple of days later with a set of armour for you. It is strong Valyrian Steel and engraved with your House's sigil on the breast plate.;Le forgeron revient quelques jours plus tard avec une armure pour vous. Elle est faite d'acier valyrien et le symbole de votre maison est gravé sur la plaque de torse.;;;El herrero ha regresado a ti un par de días más tarde con una armadura para ti. Es de acero Valyrio fuerte y está grabado con el lema de tu casa en el peto.;;;;;;;;;x
EVTOPTAwikid.321;A fine sword!;Une belle épée !;;;!Una buena espada!;;;;;;;;;x
EVTOPTBwikid.321;A fine set of armour!;Une belle armure !;;;!Una buena armadura!;;;;;;;;;x
EVTDECAwikid.322;As you walk through the streets, you come across a group of [Root.GetPeasantNamePlural];A besoin de loc Paysans dans les rues;;;Mientras caminas por las calles, te encuentras con un grupo de campesinos.;;;;;;;;;x
EVTDECBwikid.322;You pass along the walkway and happen upon a slave master beating one of his slaves for some minor error.;A besoin de loc Esclaves sur les rues;;;Pasas por la pasarela y te encuentras con un Maestro de esclavos golpeando a uno de sus esclavos por un pequeño error.;;;;;;;;;x
EVTOPTAwikid.322;I shall give them some gold;Je leur donnerai de l'or;;;Les daré un poco de oro;;;;;;;;;x
TOOLTIPwikid.323;Your host is annoyed at you for giving them gold.;Votre hôte est furieux que vous leur donniez de l'or.;;;Tu anfitrión está furioso de que les des oro.;;;;;;;;;x
EVTOPTBwikid.322;I shall buy a new slave!;J'achèterai un nouvel esclave !;;;¡Compraré un nuevo esclavo!;;;;;;;;;x
EVTOPTCwikid.322;I care not for these people;Je ne me soucie pas de ces gens;;;No me importa esta gente;;;;;;;;;x
EVTDESCwikid.323;[tour_destination.Holder.GetTitledFirstName] is annoyed at your for giving gold to the commoners you met on the streets the other day as it sets a bad example for them.;[tour_destination.Holder.GetTitledFirstName] est ennuyé que vous donniez de l'or aux gens du commun que vous croisez dans la rue, ça donne un mauvais exemple.;;;[tour_destination.Holder.GetTitledFirstName] está molesto con usted por dar oro a los plebeyos que conoció en las calles el otro día, ya que les da un mal ejemplo.;;;;;;;;;x
EVTOPTAwikid.323;Wow, here I thought I did a nice thing...;Ah, je pensais que je faisais quelque chose de bien…;;;Ah, pensé que estaba haciendo algo bueno...;;;;;;;;;x
EVTDESCwikid.324;As I wandered through the streets I overheard some local traders talking with each other about setting up a trade route to [Root.Capital.GetName]. It would be most beneficial to me if I could aid them in starting the trade route and take a cut of the profits!;Alors que je me promenais dans les rues, j'ai entendu des marchands locaux parler entre eux de créer une route commerciale vers mon pays. Ce serait tout bénéfice pour moi si je peux les aider à ouvrir la route et toucher une part des profits !;;;Mientras deambulaba por las calles escuché a algunos comerciantes locales hablar entre ellos acerca de establecer una ruta comercial a mi tierra natal. ¡Sería muy beneficioso para mí si pudiera ayudarlos a comenzar la ruta comercial y tomar una parte de las ganancias!.;;;;;;;;;x
EVTOPTAwikid.324;Hmmm I may be able to negotiate some good trade deals;Humm je suis capable de négocier de bons accords commerciaux;;;Hmmm, puedo negociar algunos buenos acuerdos comerciales;;;;;;;;;x
EVTOPTAwikid.324;My knowledge of trade will allow me to easily secure this deal;Humm je suis capable de négocier de bons accords commerciaux;;;Mi conocimiento del comercio me permitirá asegurar fácilmente este trato;;;;;;;;;x
EVTDESCAwikid.325;You shake the merchant's hand, concluding a deal for goods to be traded between [tour_destination.GetName] and [Root.Capital.GetName], and pocket a nice profit for yourself.;A besoin de loc Succès accord commercial;;;Le sacude la mano al comerciante, concluye un trato para que las mercancias se negocien entre [destino_turismo.GetName] y [Root.PrimaryTitle.GetName], y obtengas un buen beneficio para usted mismo.;;;;;;;;;x
EVTDESCBwikid.325;The merchant gets frustrated and mutters something in [tour_destination.GetSpokenLanguage], and while you don't catch the phrase used you are sure it wasn't flattering. Needless to say, the deal failed.;A besoin de loc Echec accord commercial;;;El comerciante se frustra y, aunque no comprendes la frase extranjera utilizada, estás seguro de que no fue halagador. Ni que decir que el acuerdo fracasó.;;;;;;;;;x
TOOLTIPwikid.325_good;You succeed in securing a good trade deal.;Vous avez réussi à conclure un bon accord commercial;;;Logras asegurar una buena oferta comercial;;;;;;;;;x
TOOLTIPwikid.325_fail;You fail in securing a good trade deal;Vous avez échoué à conclure un bon accord commercial;;;Fallas en asegurar un buen trato comercial;;;;;;;;;x
EVTOPTAwikid.325;This is most prosperous!;C'est le plus prospère !;;;¡Esto es más próspero!;;;;;;;;;x
EVTOPTBwikid.325;They wouldn't know a good offer if it hit them in the face!;Ils ne refuseront pas une bonne offre si on leur met sous le nez !;;;!No rechazarán una buena oferta si les pego en la cara!;;;;;;;;;x
EVTDESCwikid.326;Whilst in [tour_destination.GetName] some [tour_destination_owner.GetReligionWarriorPlural] approached you. Their leader asked if they could join you on your travels, as they noticed that you were not of this land and thought that you would be their best chance to explore the world.;Alors que vous faites halte à [tour_destination.GetName], des guerriers vous approchent et leur chef vous demande s'ils peuvent vous accompagner dans vos voyages, ils ont remarqué que vous n'êtes pas de ce pays et que vous êtes leur meilleure chance d'explorer le monde.;;;Mientras te detuvieron en [tour_destination.GetName], algunos luchadores se acercaron a ti y su líder preguntó si podían acompañarte en tus viajes. Notaron que no eras de esta tierra y pensaron que serías la mejor oportunidad para explorar el mundo.;;;;;;;;;x
EVTOPTAwikid.326;More fighters are always welcome;Des guerriers de plus sont toujours les bienvenus;;;Más guerreros son siempre bienvenidos;;;;;;;;;x
EVTOPTBwikid.326;We have enough people in my party;Il y a assez de monde dans ma suite;;;Tenemos suficiente gente;;;;;;;;;x
EVTDESCwiki.327;The [tour_destination_owner.GetReligionWarriorPlural] you recently allowed to join you have not been getting along well with your other men. Recently a small brawl broke out, and some of your men are demanding you get rid of these foreigners.;Les nouveaux combattants que vous avez récemment autorisés à vous rejoindre ne s'entendent pas bien avec vos autres hommes, récemment une petite bagarre a éclaté entre eux et certains de vos hommes vous demandent de vous débarrasser de ces étrangers.;;;Los nuevos luchadores a los que recientemente les permitiste unirte no se han llevado bien con tus otros hombres. Recientemente, estalló una pequeña pelea entre ellos y algunos de tus hombres están exigiendo que se deshaga de estos extranjeros.;;;;;;;;;x
EVTOPTAwikid.327;Oh will you all just get along!;Oh, vous n'avez qu'à vous entendre entre vous !;;;¡Oh, todos ustedes se llevarán bien!;;;;;;;;;x
EVTOPTBwikid.327;The new ones must go;Les nouveaux doivent partir;;;Los nuevos tienen que irse;;;;;;;;;x
EVTDESCwikid.328;Whilst in [tour_destination.GetName] I met a lovely [foreign_lover.GetManWoman] called [foreign_lover.GetTitledFirstName], a courtier of [tour_destination.Holder.GetTitledFirstName]. We both got along very well over a night of drinking, and there is a clear mutual attraction in the air. Do I dare pursue [foreign_lover.GetHerHim] and ask that [foreign_lover.GetSheHe] return home with me?;Alors que je me trouvais à  [tour_destination.GetName], j'ai rencontré une belle femme (un bel homme) appelé(e) [foreign_lover.GetTitledFirstName], courtisan(ne) de [tour_destination.Holder.GetTitledFirstName]. Nous avons passé la nuit à boire ensemble et il y avait clairement une attraction entre nous, est-ce que j'ose lui demander de m'accompagner lorsque je renterai chez moi.;;;Mientras que en [tour_destination.GetName] conocí a una encantadora [foreign_lover.GetManWoman] llamada [foreign_lover.GetTitledFirstName], una cortesana de [tour_destination.Holder.GetTitledFirstName]. Los dos pasamos mucho tiempo bebiendo, y hay una clara atracción mutua en el aire. ¿Me atrevo a perseguir a [foreign_lover.GetHerHim] y le pido que a [foreign_lover.GetSheHe] regrese a casa conmigo?;;;;;;;;;x
EVTOPTAwikid.328;I shall ask to meet [foreign_lover.GetHerHim] in my [Root.GetChamber];Je lui demanderai de venir dans ma chambre;;;Le pediré a [foreign_lover.GetHerHim] que venga a mi habitación;;;;;;;;;x
EVTOPTBwikid.328;I think not;Je ne pense pas;;;No creo;;;;;;;;;x
EVTDESCwikid.329;You have been informed that [From.GetTitledFirstName] and [foreign_lover.GetTitledFirstName] have been seen together often, they are lovers and [foreign_lover.GetFirstName] has decided to return home with [From.GetFirstName] once [From.GetSheHe] departs.;Vous avez été informé que [From.GetTitledFirstName] et [foreign_lover.GetTitledFirstName] ont souvent été vu ensemble, ils sont amants et [foreign_lover.GetTitledFirstName] a décidé de suivre sur le chemin du retour.;;;Se le ha informado que [From.GetTitledFirstName] y [foreign_lover.GetTitledFirstName] se han visto juntos a menudo, son amantes y [foreign_lover.GetFirstName] ha decidido regresar a casa con [From.GetFirstName] una vez que vino.;;;;;;;;;x
EVTOPTAwikid.329;Good for [From.GetHerHim];Tant mieux pour [From.GetHerHim];;;Bueno para el;;;;;;;;;x
EVTDESCAwikid.330;You have found a woman that could make a potential match for you, her name is [foreign_marriage_daughter.GetTitledFirstNameWithDynasty], a [foreign_marriage_daughter.Culture.GetName] kinswoman of [foreign_marriage_parent.GetTitledFirstNameWithDynastyAndTitleNoRegnal].;Vous avez trouvé une femme qui serait une potentielle épouse pour vous, son nom est [foreign_marriage_daughter.GetTitledFirstName] [foreign_marriage_daughter.GetOnlyDynastyName] fille de [foreign_marriage_parent.GetTitledFirstName] [foreign_marriage_parent.GetOnlyDynastyName] un [foreign_marriage_parent.GetTitle] [foreign_marriage_parent.Culture.GetName].;;;Has encontrado a una mujer que podría hacer una pareja potencial para ti, su nombre es [foreign_marriage_daughter.GetTitledFirstNameWithDynasty], [foreign_marriage_daughter.Culture.GetName] kinswoman de [foreign_marriage_parent.GetTitledFirstNameWithDynastyAndTitleNoRegnal].;;;;;;;;;x
EVTDESCBwikid.330;There is no noble woman available here for you to marry at this time.;Ici et en ce moment, Il n'y a pas de noble dame disponible pour se marier avec vous ;;;No hay ninguna mujer noble disponible aquí para que te cases en este momento.;;;;;;;;;x
EVTOPTAwikid.330;I shall propose a marriage;Je vais faire une demande en mariage;;;Propondré un matrimonio;;;;;;;;;x
EVTOPTBwikid.330;She is not right for me;Elle n'est pas pour moi;;;Ella no es adecuada para mí;;;;;;;;;x
EVTOPTCwikid.330;Alas, maybe another time;Dommage, peut-être une prochaine fois;;;Lástima, tal vez la próxima vez;;;;;;;;;x
EVTDESCwikid.331;[From.GetTitledFirstNameWithDynasty] has proposed a marriage between himself and your daughter [foreign_marriage_daughter.GetTitledFirstName], do you consent to this matching?;[From.GetTitledFirstNameWithDynasty] a proposé un mariage entre lui et votre fille [foreign_marriage_daughter.GetTitledFirstName], consentez-vous à cette union ?;;;[From.GetTitledFirstNameWithDynasty] ha propuesto un matrimonio entre él y su hija [foreign_marriage_daughter.GetTitledFirstName], ¿consientes a este emparejamiento?;;;;;;;;;x
EVTOPTAwikid.331;Yes, let us bind our families together;Oui, unissons nos deux familles;;;Sí, unamos a nuestras familias;;;;;;;;;x
EVTOPTBwikid.331;She will not marry some [From.Culture.GetName] foreigner!;Elle n'épousera pas ce [From.Culture.GetName], cet étranger !;;;!Ella no se casará con un extranjero de [From.Culture.GetName]!;;;;;;;;;x
EVTDESCwikid.332;[foreign_marriage_parent.GetTitledFirstName] [foreign_marriage_parent.GetOnlyDynastyName] has agreed to your proposal of a wedding between yourself and [foreign_marriage_daughter.GetTitledFirstName] [foreign_marriage_daughter.GetOnlyDynastyName]. You and your [foreign_marriage_daughter.Culture.GetName] bride shall marry today!;[foreign_marriage_parent.GetTitledFirstName] [foreign_marriage_parent.GetOnlyDynastyName] accepter votre proposition de mariage entre vous et [foreign_marriage_daughter.GetTitledFirstName] [foreign_marriage_daughter.GetOnlyDynastyName]. Vous et votre fiancée [foreign_marriage_daughter.Culture.GetName] allez vous marier aujourd'hui !;;;[foreign_marriage_parent.GetTitledFirstName] [foreign_marriage_parent.GetOnlyDynastyName] ha aceptado su propuesta de una boda entre usted y [foreign_marriage_daughter.GetTitledFirstName] [foreign_marriage_daughter.GetOnlyDynastyName]. ¡Usted y su novia [foreign_marriage_daughter.Culture.GetName] se casarán hoy!;;;;;;;;;x
EVTOPTAwikid.332;A wonderful day!;Un jour merveilleux !;;;¡Un maravilloso dia!;;;;;;;;;x
EVTDESCwikid.333;[foreign_marriage_parent.GetTitledFirstName] [foreign_marriage_parent.GetOnlyDynastyName] has rejected your proposal of a wedding between yourself and [foreign_marriage_daughter.GetTitledFirstName] [foreign_marriage_daughter.GetOnlyDynastyName]. [foreign_marriage_parent.GetSheHe] claims that [foreign_marriage_parent.GetHerHis] daughter will not wed some [Root.Culture.GetName] man!;[foreign_marriage_parent.GetTitledFirstName] [foreign_marriage_parent.GetOnlyDynastyName]a rejeté votre proposition de mariage entre vous et [foreign_marriage_daughter.GetTitledFirstName] [foreign_marriage_daughter.GetOnlyDynastyName]. Sa fille ne se mariera pas avec un homme [Root.Culture.GetName] !;;;[foreign_marriage_parent.GetTitledFirstName] [foreign_marriage_parent.GetOnlyDynastyName] ha rechazado tu propuesta de una boda entre tu y [foreign_marriage_daughter.GetTitledFirstName] [foreign_marriage_daughter.GetOnlyDynastyName]. ![foreign_marriage_parent.GetSheHe] afirma que la hija [foreign_marriage_parent.GetHerHis] no se casará con un hombre de [Root.Culture.GetName]!;;;;;;;;;x
EVTOPTAwikid.333;Bah she was ugly anyway!;Bah, elle était moche de toute façon !;;;Bah ella era fea de todos modos!;;;;;;;;;x
EVTDESCwikid.334;Shall I take my [Root.GetShipName] on this tour? She would surely improve our journey.;Est-ce que je prendrai mon navire amiral '[Root.GetTitledFirstName]' durant ce voyage ? Il va sûrement nous aider.;;;¿Debo llevar el [Root.GetShipName] en esta viaje? El seguramente mejoraría nuestro viaje.;;;;;;;;;x
EVTOPTEwikid.320;No thanks;Non merci;;;No, gracias;;;;;;;;;x
EVTDESCwikid.283;Whilst touring the lands of [From.TopLiege.PrimaryTitle.GetName], you have received an invitation from [From.GetTitledFirstNameWithDynasty] to attend a feast in [From.Capital.GetName] as a guest of honour.;Alors que vous visitez les terres de [From.TopLiege.PrimaryTitle.GetName], vous avez reçu une invitation de [From.GetTitledFirstNameWithDynasty] qui vous invite à une fête à [From.Capital.GetName] où vous serez l’invité d’honneur.;;;Mientras recorre las tierras de [From.TopLiege.PrimaryTitle.GetName], ha recibido una invitación de [From.GetTitledFirstNameWithDynasty] para asistir a una fiesta en [From.Capital.GetName] como invitado de honor.;;;;;;;;;x
EVTOPTAwikid.283;I will of course attend!;Bien entendu que j’y serai !;;;¡Por supuesto asistiré!;;;;;;;;;x
EVTOPTBwikid.283;No, I do not wish to consort with [From.Culture.GetGroupName] people;Non, je n’ai pas envie de fréquenter des gens [From.Culture.GetGroupName];;;No, no deseo relacionarme con personas de [From.Culture.GetGroupName];;;;;;;;;x
EVTDESCwikid.286;You have just arrived in [From.Capital.GetName] to take a break from your journey, and it just so happens there is a wedding about to take place. Upon hearing of your arrival,  [From.GetTitledFirstNameWithDynasty] has sent you an invitation to attend the wedding of [FromFrom.Spouse.GetTitledFirstName] [FromFrom.Spouse.GetOnlyDynastyName] and [FromFrom.GetTitledFirstNameWithDynasty].;Vous venez d’arriver à [From.Capital.GetName] pour faire une pause dans votre voyage, et il se trouve qu’un mariage est sur le point d’avoir lieu. Ayant appris votre venue, [From.GetTitledFirstNameWithDynasty] vous a envoyé une invitation pour assister au mariage de [FromFrom.Spouse.GetTitledFirstName] [FromFrom.Spouse.GetOnlyDynastyName] et [FromFrom.GetTitledFirstNameWithDynasty].;;;Acabas de llegar a [From.Capital.GetName] para tomar un descanso de tu viaje, y sucede que hay una boda por celebrarse. Al enterarse de su llegada, [From.GetTitledFirstNameWithDynasty] le envió una invitación para asistir a la boda de [FromFrom.Spouse.GetTitledFirstName] [FromFrom.Spouse.GetOnlyDynastyName] y [FromFrom.GetTitledFirstNameWithDynasty];;;;;;;;;x
EVTOPTAwikid.286;I will go, a [From.Culture.GetGroupName] will be fascinating;Je m’y rendrais, les [From.Culture.GetGroupName] me fascinent;;;Iré allí, [From.Culture.GetGroupName] me fascina;;;;;;;;;x
EVTOPTBwikid.286;Apologies, I must be leaving soon;Désolé mais je dois bientôt partir;;;Disculpas, debo irme pronto;;;;;;;;;x
TOOLTIPwikid.287;You attend the wedding;Vous assistez au mariage;;;Usted asiste a la boda;;;;;;;;;x
TOOLTIPwikid.283;You attend the feast;Vous assister à la fête;;;Usted asiste a la fiesta;;;;;;;;;x
EVTTITLEwikid.306;[tour_destination.GetName];[tour_destination.GetName];;;;;;;;;;;;x
TOOLTIPwikid.325_stewardship;You use your knowledge of trade and coin to make the deal;;;;Usas tus conocimientos de comercio y monedas para hacer el trato;;;;;;;;;x
TOOLTIPwikid.313;You begin the journey home;;;;Comienzas el viaje a casa;;;;;;;;;x
EVTOPTCwikid.312;I must cut this short and return home immediately;;;;Debo acortar esto y volver a casa inmediatamente;;;;;;;;;x
EVTDESCwikid.52;[From.GetTitledFirstNameWithDynasty] recently departed on a perilous journey into the heart of the ruined Valyrian peninsula. No one has heard from [From.GetHerHis] host since, and it can only be assumed that [From.GetSheHe] perished in this quest.;;;;[From.GetTitledFirstNameWithDynasty] recientemente partió en un viaje peligroso al corazón de la arruinada península Valyria. Nadie ha escuchado nada de el desde entonces, y solo se puede suponer que falleció en esta misión.;;;;;;;;;x
EVTOPTAwikid.52;What a fool;;;;Qué tonto;;;;;;;;;x
EVTDESCwikid.53;[From.GetTitledFirstNameWithDynasty] recently departed on a perilous journey into the heart of the ruined Valyrian peninsula. Despite the dangers, [From.GetSheHe] has apparently arrived home safely bearing much wealth found amongst the ruins!;;;;[From.GetTitledFirstNameWithDynasty] recientemente partió en un viaje peligroso al corazón de la arruinada península Valyria. ¡A pesar de los peligros, aparentemente ha llegado a casa con seguridad, llevando consigo mucha riqueza encontrada entre las ruinas!.;;;;;;;;;x
EVTOPTAwikid.53;A remarkable feat to be sure;;;Una hazaña notable eso seguro;;;;;;;;;;x
TOOLTIPwikidswordlost;Your valyrian steel sword is lost;;;;Tu espada de acero valyrian está perdida;;;;;;;;;x
EVTTITLEwikid.125;The Temple;;;;El templo;;;;;;;;;x
EVTDESCwikid.125;Whilst walking through the ruined city in search of the palace, [wikid_companion.GetFirstName] stops and points out the ruins of what have been a temple of the valyrian stormsingers. It is partially intact and so you venture inside.\n\nThe temple contains many chambers and artifacts of a sorcerous nature, and valyrian glyphs cover the walls and high arches of the building. At the end of the temple is the largest chamber. It is constructed of smooth, fused black dragonstone, and within you find numerous dragon skulls. In the centre you also find a high altar, upon which is a magnificent dragon horn!;;;;Mientras caminas a través de la ciudad en ruinas en busca del palacio, [wikid_companion.GetFirstName] se detiene y señala las ruinas de lo que ha sido un templo de los tempestuosos valyrianos. Está parcialmente intacto te aventuras adentro.\n\nEl templo contiene muchas cámaras y artefactos de naturaleza hechicera, y los glifos valyrianos cubren las paredes y los arcos altos del edificio. Al final del templo está la cámara más grande. Está construida con piedra negra lisa fundida, en fuego de dragón, y dentro de ella encuentras numerosos cráneos de dragón. !En el centro también se encuentra un altar mayor, sobre el cual hay un magnífico cuerno de dragón!;;;;;;;;;x
EVTOPTAwikid.125;With this I can control dragons!;;;;¡Con esto puedo controlar dragones!;;;;;;;;;x
EVTDESCwikid.2899;Your [From.GetRootRelation] [From.GetTitledFirstName] is finally back from [From.GetHerHis] voyage, and [From.GetSheHe] has quite the tale to tell. After setting sail from [foreign_realm.Capital.GetName], [From.GetSheHe] claims [From.GetSheHe] ventured into the Smoking Sea and landed upon the smoking ruins of Valyria itself. Many doubt if this is true, for no man should come alive from such a place. However, [From.GetSheHe] has brought back many treasures and a rare dragon horn, which would give credence to this claim.;;;;Su [From.GetRootRelation] [From.GetTitledFirstName] finalmente ha regresado de su viaje, y tiene bastante que contar. Después de zarpar de [foreign_realm.Capital.GetName], afirma que se aventuró en el Mar Humeante y aterrizó sobre las humeantes ruinas de Valyria. Muchos dudan si esto es cierto, ya que ningún hombre a vuelto vivo de ese lugar. Sin embargo, ha traído muchos tesoros y un extraño cuerno de dragón, lo que daría crédito a esta afirmación.;;;;;;;;;x
EVTOPTAwikid.2899;Remarkable;;;;Notable;;;;;;;;;x
EVTDESCwikid.2898;We have word that [FromFrom.GetTitledFirstNameWithDynasty] has come back from a long voyage, and [From.GetSheHe] has quite the tale to tell. After setting sail from [foreign_realm.Capital.GetName], [FromFrom.GetSheHe] claims [FromFrom.GetSheHe] ventured into the Smoking Sea and landed upon the smoking ruins of Valyria itself. Many doubt if this is true, for no man should come alive from such a place. However, [FromFrom.GetSheHe] has brought back many treasures and a rare dragon horn, which would give credence to this claim.;Nous avons entendu dire que [FromFrom.GetTitledFirstNameWithDynasty] est revenu de son voyage, et ce fut un voyage épique. Après avoir quitté [foreign_realm.Capital.GetName], [FromFrom.GetSheHe] a traversé la mer Grelotte jusqu'à Ibben, puis a poussé jusqu'aux Mille-îles. Finalement [FromFrom.GetSheHe] est allé jusqu'à Nefer, l'ancienne capitale du royaume de N'Ghai. En chemin [FromFrom.GetFirstName] a amassé de nombreux trésors orientaux.;;;Tenemos noticias de que [FromFrom.GetTitledFirstNameWithDynasty] ha regresado de un largo viaje, y tiene bastante que contar. Después de zarpar de [foreign_realm.Capital.GetName], afirma que se aventuró en el mar Humeante y aterrizó sobre las humeantes ruinas de Valyria. Muchos dudan si esto es cierto, ya que ningún hombre a vuelto vivo de ese lugar. Sin embargo, ha traído muchos tesoros y un raro cuerno de dragón, lo que daría crédito a este viaje.;;;;;;;;;x
EVTOPTAwikid.2898;Remarkable;;;;Notable;;;;;;;;;x
EVTOPTHwikid.295;I want to see the Wonders Made by Man;;;;Quiero ver las maravillas hechas por el hombre;;;;;;;;;x
TOOLTIPwikid.296A;You start a tour of §YWesteros§!\nYou will be able to choose a §Yshort§!, §Yregular§! or §Ylong§! tour;;;;¡Empieza un recorrido por §YPoniente§!\nPodrá elegir un §YCorto§!, §YRegular§! o §YLargo§! Viaje!;;;;;;;;;x
TOOLTIPwikid.296B;You start a tour of §YThe Free Cities§!\nYou will be able to choose a §Yshort§!, §Yregular§! or §Ylong§! tour;;;;¡Empieza un recorrido por §YLas ciudades libres§!\nPodrá elegir un §YCorto§!, §YRegular§! o §YLargo§! Viaje!;;;;;;;;;x
TOOLTIPwikid.296C;You start a tour of §YSlaver's Bay and Ghiscar§!\nYou will be able to choose a §Yshort§!, §Yregular§! or §Ylong§! tour;;;;!Empieza un recorrido por §YBahía de los Esclavos y Ghiscari§!\nPodrá elegir un §YCorto§!, §YRegular§! o §YLargo§! Viaje!;;;;;;;;;x
TOOLTIPwikid.296D;You start a tour of §YThe Jade Sea§!\nYou will be able to choose a §Yshort§!, §Yregular§! or §Ylong§! tour;;;;!Empieza un recorrido por §YMar de Jade§!\nPodrá elegir un §YCorto§!, §YRegular§! o §YLargo§! Viaje!;;;;;;;;;x
TOOLTIPwikid.296E;You start a tour of §YThe Summer Sea§!\nYou will be able to choose a §Yshort§!, §Yregular§! or §Ylong§! tour;;;;!Empieza un recorrido por §YMar del Verano§!\nPodrá elegir un §YCorto§!, §YRegular§! o §YLargo§! Viaje!;;;;;;;;;x
TOOLTIPwikid.296F;You start a tour of §YThe Wonders Made by Man§!, as nominated by the famous traveller Lomas Longstrider\nThis will be a §Rlong§! tour;;;;¡Empieza un recorrido por §YMaravillas creadas por el hombre§!\nPodrá elegir un §YCorto§!, §YRegular§! o §YLargo§! Viaje!;;;;;;;;;x
EVTDESCwikid.306OLDTOWN;You stop scribbling in your scroll when the coachman calls out, “Ay!”. You look up to see him pointing off into the distance where a grand flame lights the night. Dawn rises as you finally see the full facade of the structure, the flame just the pinnacle of the monument. From the isle in the mouth of the river that divides [tour_destination.GetName] a massive base rises, intricately constructed of black stone. The base gives way to a second tier, slimmer by near half the base, which comprises the bulk of the structure. This tier gradually melds into a tall, thin obelisk, giving the structure its immense height, and is topped with a burning brazier. You hastily sketch it into your scroll and make your way to the ferry.;;;;"Dejas de garabatear en tu pergamino cuando el cochero grita: ""¡Ay!"". Levantas la vista y lo ves señalando hacia la distancia donde una gran llama ilumina la noche. La llama se levanta cuando finalmente ves la fachada completa de la estructura, la llama es solo el pináculo del monumento. Desde la isla en la desembocadura del río que divide [tour_destination.GetName] se levanta una masiva base, intrincadamente construida de piedra negra. La base da paso a un segundo nivel, más delgado cerca de la mitad de la base, que comprende la mayor parte de la estructura. Este nivel se funde gradualmente en un obelisco alto y delgado, dando a la estructura su inmensa altura, y se remata con un brasero ardiente. Lo dibujas apresuradamente en tu pergamino.";;;;;;;;;x
EVTDESCwikid.306WALL;You wake as the cart jostles, hitting a pothole in the northern road. As you wipe the sleep from your eyes, you see sunlight dancing on an icy edifice, filling the horizon with shimmering light. You scramble for your charcoal and scroll, completing a rough sketch of the Wall as your cart reaches its base. “Thanks,” You call to the driver as you disembark, barely a nod in return. You enter [tour_destination.Capital.GetName] and convince [tour_destination_owner.GetTitledFirstNameWithDynastyNoRegnal] to escort you to the to top. The lift creaks and shifts as you are pulled the 700 feet up and stops with one last violent shift. You step out onto the frozen walk to the sight of pure white in all directions. A frigid wind pours in and you pull your furs tight.;;;;"Te despiertas cuando el carro es golpeando por un bache en la carretera del norte. Mientras te quitas el sueño de los ojos, ves la luz del sol bailando en un edificio helado, llenando el horizonte de luz brillante. Coges el carbón y haces un boceto del Muro. Cuando su carro llega le dices. ""Gracias"",  al conductor mientras subes,a un asentimiento. Entras a [tour_destination.Capital.GetName] y convences a [tour_destination_owner.GetTitledFirstNameWithDynastyNoRegnal] para que te lleve al Muro. El ascensor cruje y se desplaza a medida que avanzas a 700 pies de altura y se detiene con un último violento cambio. Saliste a una helada vista en puro blanco en todas las direcciones. Un viento gélido se derrama y tiras de tus pieles...";;;;;;;;;x
EVTDESCwikid.306TITAN;A great blast spreads through the cabin of [Root.GetShipName], causing you to leap from your slumber. You race out to the deck and see the sun just beginning its rise in the east. Not long after, a glint flickers on the horizon and soon betrays a broken blade, reaching far into heavens. The rest of the Titan’s figure reveals itself, the outstretched arm links with a tall broad torso, clad in bronze. Its left hand digs into the mountainside nearby. The legs of the colossus straddle the waterway, dug from the mountains on either side. As your ship approaches, the Titan releases another roar as if to declare its protection of the harbor you are entering. As the ship kisses the docks, you add the finishing touches to your sketch.;;;;Una gran explosión se propaga a través de la cabina de [Root.GetShipName], causando que saltes de tu letargo. Corres hacia la cubierta y ves el sol que comienza su ascenso en el este. Poco después, un destello parpadea en el horizonte y pronto ves una cuchilla rota, llegando lejos en el cielo. El resto de la figura del Titán se revela, el brazo extendido se une con un torso alto y ancho, revestido de bronce. Su mano izquierda excava en la ladera de la montaña cercana. Las patas del coloso se colocan a horcajadas en la vía acuática, excavadas en las montañas a ambos lados. A medida que su nave se acerca, el Titán emite otro rugido como declarando su protección al puerto al que estás entrando. A medida que el barco atraca en los muelles, agregas los toques finales a tu boceto.;;;;;;;;;x
EVTDESCwikid.306LONGBRIDGE;You cover the yawn escaping your mouth as the sun lights the end of your overland journey. The cartman urges the pullers onward into Volantis proper. He curses at the locals, who choke the city’s streets as they go about their routines. After many threats and curses, you finally reach the western end of the Long Bridge. The cartman shouts as you stand up in the cart to see better. As you fail to see across, you heed his warnings and take your seat. He drives onto the bridge past storefronts, heads of thieves, and intricate pillars. You do your best to copy it all to your papers as you cross. Finally under the east Arch, he urges the beasts onto a blackstone road, its blocks fused into one.;;;;Sale un bostezo de tu boca mientras el sol se ilumina al final de tu viaje por tierra. El carretero empuja el carruaje hacia Volantis. Él maldice a los lugareños, quienes asfixian las calles de la ciudad mientras hacen sus rutinas. Después de muchas amenazas y maldiciones, finalmente llegas al extremo occidental del puente largo. El carretero grita mientras te levantas en el carro para ver mejor. Como no puedes ver al otro lado, escuchas las advertencias del carretero y tomas tu asiento. Conduce hacia el puente, frente a escaparates, cabezas de ladrones y pilares intrincados. Hazes tu mejor esfuerzo para copiarlo todo en tus documentos mientras cruzas.;;;;;;;;;x
EVTDESCwikid.306CHROYANE;The cart returns to the arrow-straight road as the driver’s new customer settled in beside you. You nod at the elderly woman then close your eyes as the cart is pulled along the smooth road, nary a bump to upset your rest. Near asleep, you hear the woman muttering, a hint of distress on her tongue. You stir to see her eyes locked on a dark fog in the distance.”What is it?” you ask. “The Sorrows.” the driver says. You note grand stone towers barely breaking from the fog and attempt to urge the driver towards it. But the woman takes his arm and shakes her head. “She’s right. The place’s cursed, filled with Stone men, greyscale. I’ll not go.” You agree and sketch the fog-cloaked ruins in your notes.;;;;"El carro vuelve a la carretera recta como una flecha cuando el nuevo cliente del conductor se instala a tu lado. Asientes con la cabeza a la anciana y luego cierras los ojos mientras la carreta se desliza por el llano camino, no es una protuberancia que te trastorne. Casi dormida, escuchas a la mujer murmurar, un indicio de angustia en su lengua. Te mueves para ver sus ojos fijos en una niebla oscura en la distancia. ""¿Qué es eso?"" Preguntas. ""Los Pesares"", dice el conductor. Notas las grandes torres de piedra que apenas se separan de la niebla e incitan al conductor a ir hacia ellas. Pero la mujer lo toma del brazo y niega con la cabeza. ""Ella está en lo correcto. El lugar está maldito, lleno de hombres de piedra, con Psoriagrís, noo iré. ""Usted acepta y dibuja las ruinas envueltas en la niebla en tus notas"".";;;;;;;;;x
EVTDESCwikid.306NORVOS;The cart rocks as it leaves the smooth blackstone and enters Norvos. “Bugger me with a spear!” The cartman shouts as the wheels dig into the muddy path and stick. You hop off and continue on into the city, leaving him to curse at every god of the East. As you walk through the lower city, copying images and details into your notes, three bells begin to toll. You stand, drawn in by their melody, soon realizing that they each have their own distinct tone. As you listen to their ring you start to hear them speak. When they finally stop their chat you feel lessened, empty, and so race for the upper city to find them. As you reach the stairs a guard checks you firmly, nearly sending you to the ground.;;;;"El carro se balancea al salir de la lisa piedra negra y entras en Norvos. ""¡Maldito sea!"" El carretero grita mientras las ruedas se hunden en el  fangoso camino. Saltas y continúas hacia la ciudad, dejándolo maldiciendo a cada dios del este. Mientras caminas por la ciudad inferior, copiando imágenes y detalles en tus notas, tres campanas comienzan a sonar. Usted se para, atraído por su melodía, pronto dándose cuenta de que cada una tiene su propio tono distintivo. Mientras escuchas su anillo, empiezas escuchar hablar, cuando finalmente detienen su conversación, te sientes disminuido, vacío, y entonces corres por la ciudad para encontrarlos es, cuando llegas a las escaleras, que un guardia te embiste con firmeza y casi te envía al suelo.";;;;;;;;;x
EVTDESCwikid.306PALACE;The caravan enters the city of Sarnath and on to its grand plaza. A large pond sits at the market’s center, it’s crystal blue waters sparkling in the sunlight. You reach for your notes only to catch a glint of sunlight in the distance. Rising above the market square is an exquisite palace. You make your way towards it, pulling paper and charcoal from your pack. As you grow near you find a giant structure with hundreds of stacked arches. Its walls are gold and the grounds surrounded by statues of men and women. The walls you can see are covered in depictions of innumerable animals, formed in metals and gems. You sit yourself in the green parks surrounding the structure, and sketch out the likeness of the palace and carvings.;;;;La caravana entra en la ciudad de Sarnath y continúas hacia su gran plaza. Un gran estanque se encuentra en el centro del mercado, sus cristalinas aguas azules a la luz del sol. Alcanzas tus notas solo para captar un destello de luz solar en la distancia. Elevándose por encima de la plaza del mercado es un palacio exquisito. Avanzas hacia él, sacando papel y carbón de tu paquete. A medida que te acercas, encuentras una estructura gigante con cientos de arcos apilados. Sus paredes son doradas y los jardines están rodeados de estatuas de hombres y mujeres. Las paredes que puedes ver están cubiertas de representaciones de innumerables animales, formadas en metales y gemas. Te sientas en el parque verde que rodean la estructura y esbozas la imagen del palacio y las tallas.;;;;;;;;;x
EVTDESCwikid.306PALACE_RUIN;As the caravan makes it way through the Great Grass Sea, you see several large stone pillars in the distance. “I didn’t know the Dothraki built anything” you declare as you point in their direction. “‘Course the bastards don’t. That’s the Sarnathi ruins.” You shout for the wagon to stop and take a horse to see the ruins. You ride up to a giant pond, it’s waters murky green and surrounded by the only trees you’ve seen on the plains. You notice chiseled stones lining the water and realize it’s not natural. Then you make your way to the pillars that first drew you. You find hundreds of them evenly spaced to your eye. You start to form a picture in your mind of what once stood and pull out your scroll.;;;;"Cuando la caravana se abre paso a través del Gran mar de hierba, se ven varios pilares de piedra a lo lejos. ""No sabía que los Dothrakis construyeron algo"", declaras mientras señalas en su dirección. ""Por supuesto que esos bastardos no lo hicieron. Esas son las ruinas de Sarnathi. ""Gritas por el carro para que pare y tomes un caballo para ver las ruinas. Montas hasta un estanque gigante, sus aguas son de un verde turbio y están rodeadas por los únicos árboles que has visto en las llanuras. Observas piedras cinceladas que recubren el agua y te das cuenta de que no es natural. Luego te diriges a los pilares que primero. Encuentras cientos de ellos uniformemente espaciados a un ojo. Empiezas a formar una imagen en tu mente de lo que alguna vez estuvo parado y sacas tu pergamino.";;;;;;;;;x
EVTDESCwikid.306TRIPLEWALLS;“Red waste indeed. Damnable sand, too coarse and rough. It’s irritating!” You shout at your guide, she just stares ahead and continues onward. She leads you fair distance more, then you come to the fabled walls of Qarth. Divided into three tiers, the nearest and shortest is red. The second, peeking a bit above the first, is gray. The rear, taller than the rest, is deep black. As you pass the copper gate, you see numerable depictions of strange beasts, as well as the wolves that plagued your journey. As you approach the iron gate of the middle wall, you see scenes of battle and death. Lastly, the inner wall is covered in scenes of love and sex. As you enter the gold gate, you inscribe them in your notes.;;;;"Maldita arena, demasiado tosca y áspera. ¡Es irritante! ""Usted le grita a su guía, ella solo continúa hacia adelante. Ella te lleva más lejos, luego llegas a las legendarias paredes de Qarth. Dividido en tres niveles, el más cercano y más corto es rojo. El segundo, mirando un poco por encima del primero, es gris. La parte trasera, más alta que el resto, es de color negro oscuro. Al pasar por la puerta de cobre, ves representaciones enumeradas de varias bestias extrañas, así como los lobos que plagaron tu viaje. Cuando te acercas a la puerta de hierro de la pared central, ves escenas de batalla y muerte. Por último, la pared interior está cubierta de escenas de amor y sexo. Al entrar a la puerta dorada, lo inscribes en tus notas.";;;;;;;;;x
EVTDESCwikid.306OLDGHIS;Your ship meets the docks on the Ghiscari mainland. “Are you sure this is the site?” you ask of the captain, who nods at you and points off into the distance. With a sigh, you make your way inland. After a time, you come to a field littered with a great many red marble and sandstone blocks. You approach the nearest sandstone and stretch your arms wide against it, finding it wider by half. You make a rough estimate of the number and size of blocks, copying the information into your scrolls. Then your mind wanders back and you picture the ancient pyramid, its thirty-three levels of yellow stones climbing over eight hundred feet into the sky. As you come back, you look around at the vast, barren plains surrounding you.;;;;"Tu barco se encuentra con los muelles del continente Ghiscari. ""¿Estás seguro de que este es el sitio?"", Le preguntas al capitán, que te hace un gesto con la cabeza y señala a lo lejos. Con un suspiro, te diriges hacia el interior. Después de un tiempo, llegas a un campo lleno de muchos bloques de mármol rojo y arenisca. Te acercas a la piedra de arenisca más cercana y estiras los brazos contra ella, encontrándola más ancha que la mitad. Haces una estimación aproximada del número y tamaño de bloques, copiando la información en tus pergaminos. Entonces tu mente vagabunda y te imaginas la antigua pirámide, sus treinta y tres niveles de piedras amarillas que se elevan más de ochocientos pies en el cielo. Cuando vuelves, miras a tu alrededor para ver las vastas y estériles llanuras que te rodean.";;;;;;;;;x
EVTOPTAwikid.306B;Fascinating;;;;Fascinante;;;;;;;;;x
EVTOPTAwikid.306C;What an interesting place;;;;Qué lugar tan interesante;;;;;;;;;x
EVTOPTAwikid.306D;I care not for these [tour_destination.Culture.GetName] people;;;;No me importa esta [tour_destination.Culture.GetName] gente;;;;;;;;;x
EVTOPTAwikid.306E;What a pleasure to meet with [tour_destination.Culture.GetName] people;;;;Qué placer conocer a las personas de [tour_destination.Culture.GetName];;;;;;;;;x
EVTOPTAwikid.306F;These savages show no regard for [Root.Religion.GetHighGodName];;;;Estos salvajes no muestran respeto por [Root.Religion.GetHighGodName];;;;;;;;;x
EVTOPTAwikid.306G;This place scares me;;;;Este lugar me asusta;;;;;;;;;x
EVTOPTAwikid.306H;We must leave quicky before anyone sees us!;;;;¡Debemos irnos rápido antes de que nadie nos vea!;;;;;;;;;x
EVTOPTEwikid.4;The handsome lad;;;;;;;;;;;;;x
EVTDESCwikid.350;My upcoming quest may be a good opportunity to learn and advance my knowledge. Perhaps I should dedicate my time to a particular field of knowledge?;;;;;;;;;;;;;x
EVTOPTAwikid.350;I will learn foreign languages;;;;;;;;;;;;;x
EVTOPTBwikid.350;I will draw maps;;;;;;;;;;;;;x
EVTOPTCwikid.350;I will speak with people of different cultures;;;;;;;;;;;;;x
TOOLTIPwikid.350A;You learn foreign languages in order to gain the §Ylinguist§! trait;;;;;;;;;;;;;x
TOOLTIPwikid.350B;You study foreign geography and draw maps in order to gain the §Ycartographer§! trait;;;;;;;;;;;;;x
TOOLTIPwikid.350C;You learn about foreign cultures and religions in order to gain the §Ytraveller§! trait;;;;;;;;;;;;;x
EVTOPTDwikid.350;I will not have the time for that;;;;;;;;;;;;;x
EVTDESCwikid.351;Whilst away travelling through foreign lands you have been able to speak with many people of different tongues, and with practice have gained fluency in numerous languages.;;;;;;;;;;;;;x
EVTOPTAwikid.351;I am a linguist;;;;;;;;;;;;;x
EVTDESCwikid.352;The journey through foreign lands was most illuminating. You have been able to draw detailed maps of your routes and have surveyed many lands, cities and rivers that were previously poorly documented.;;;;;;;;;;;;;x
EVTOPTAwikid.352;I have enjoyed this!;;;;;;;;;;;;;x
EVTDESCwikid.353;During your quest, you have had the opportunity to talk with many people and learn about their cultures and beliefs. Truly meeting and interacting with all these peoples is most enjoyable.;;;;;;;;;;;;;x
EVTOPTAwikid.353;I must do this again;;;;;;;;;;;;;x
made_progress;Made a Progress of the Realm;;;;;;;;;;;;;x
opinion_visited_on_progress;Visited me on a Progress;;;;;;;;;;;;;x
TOOLTIProyal_progress_destination;You start the journey to [Root.Capital.GetName];;;;;;;;;;;;;x
GetProgressName_Royal;Royal Progress;;;;;;;;;;;;;x
GetProgressName_Standard;Progress;;;;;;;;;;;;;x
EVTOPTIwikid.295;I will make a [Root.GetProgressName] of my realm;;;;;;;;;;;;;x
TOOLTIPwikid.296I;You start a [Root.GetProgressName] of §Y[Root.PrimaryTitle.GetName]§!\nYou will be able to choose a §Yshort§!, §Yregular§! or §Ylong§! Progress;;;;;;;;;;;;;x
TOOLTIPwikid_royal_progress_s;You will visit three of your vassal [Root.GetNobleName]s;Vous devez choisir les trois provinces que vous voulez visiter.\n;;;Deberás elegir las tres provincias que deseas visitar.\n;;;;;;;;;x
TOOLTIPwikid_royal_progress_m;You will visit six of your vassal [Root.GetNobleName]s;Vous devez choisir les trois provinces que vous voulez visiter.\n;;;Deberás elegir las tres provincias que deseas visitar.\n;;;;;;;;;x
TOOLTIPwikid_royal_progress_l;You will visit nine of your vassal [Root.GetNobleName]s;Vous devez choisir les trois provinces que vous voulez visiter.\n;;;Deberás elegir las tres provincias que deseas visitar.\n;;;;;;;;;x
TOOLTIPwikid_touring_royal_progress_PROGRESS;§YINSTRUCTION:§! You must select your next destination by interacting with one of your vassals and selecting the §YVisit on Tour§! option (right-click on chosen character portrait).;;;;;;;;;;;;;x
GetProgressEntourageSize_Huge;huge;;;;;;;;;;;;;x
GetProgressEntourageSize_Large;sizable;;;;;;;;;;;;;x
GetProgressEntourageSize_Small;small;;;;;;;;;;;;;x
GetProgressEntourageSizeDesc_Huge;enormous entourage of [This.GetNobleName]s, [This.GetReligionWarriorPlural] and camp followers;;;;;;;;;;;;;x
GetProgressEntourageSizeDesc_Large;sizable following of important [This.GetNobleName]s and courtiers;;;;;;;;;;;;;x
GetProgressEntourageSizeDesc_Small;modest retainer of bodyguards;;;;;;;;;;;;;x
received_progress_visit_GREAT;Delighted With Progress Visit;;;;;;;;;;;;;x
received_progress_visit_OK;Happy With Progress Visit;;;;;;;;;;;;;x
received_progress_visit_BAD;Angered by Progress Visit;;;;;;;;;;;;;x
EVTDESCwikid.380;[Root.PrimaryTitle.GetFOA], your entourage is awaiting your instruction as to our next destination on the [Root.GetProgressName];;;;;;;;;;;;;x
EVTOPTAwikid.380;And how do I do that?;;;;;;;;;;;;;x
EVTDESCwikid.381;What size of entourage would you like to take on your [Root.GetProgressName]? A larger choice will be more burdensome on your vassals, but will be more impressive to the common [Root.GetPeasantNamePlural].;;;;;;;;;;;;;x
EVTOPTAwikid.381;I want a huge entourage of [This.GetNobleName]s and [This.GetReligionWarriorPlural]!;;;;;;;;;;;;;x
progress_entourage_huge;Huge Progress Entourage;;;;;;;;;;;;;x
EVTOPTBwikid.381;I wish an entourage of courtiers befitting my rank;;;;;;;;;;;;;x
progress_entourage_large;Sizable Progress Entourage;;;;;;;;;;;;;x
EVTOPTCwikid.381;Just myself and some retainers will suffice;;;;;;;;;;;;;x
EVTDESCwikid.385;Whilst being hosted and feasted in [tour_destination.GetName], I have come to build a solid rapport with one particular [foreign_friend.GetManWoman]. It seems I have much in common with [foreign_friend.GetTitledFirstNameWithDynasty], and despite me having to leave shortly [foreign_friend.GetSheHe] has resolved to stay in correspondence.;;;;;;;;;;;;;x
EVTOPTAwikid.385;I count you as friend;;;;;;;;;;;;;x
EVTOPTBwikid.385;I'd rather not;;;;;;;;;;;;;x
EVTDESCwikid.386;Whilst [From.GetTitledFirstNameWithDynasty] was being hosted and feasted in [tour_destination.GetName] on [From.GetHerHis] [From.GetProgressName], I have come to build a solid rapport with [From.GetHerHim]. It seems we have much in common, and despite [From.GetHerHim] having to leave shortly we have resolved to stay in correspondence.;;;;;;;;;;;;;x
EVTOPTAwikid.386;Farewell friend;;;;;;;;;;;;;x
EVTDESCwikid.390;Before you arrived on your [Root.GetProgressName], [faction_member.GetTitledFirstNameWithDynastyNoRegnal] was in opposition to your rule, being a member of a hostile faction of [Root.GetNobleName]s. But now you've had the opportunity to talk face to face to your [faction_member.GetRootRelation], you have convinced [From.GetHerHim] to cease [From.GetHerHis] opposition and pledge loyalty to your house.;;;;;;;;;;;;;x
EVTOPTAwikid.390;Excellent;;;;;;;;;;;;;x
EVTTOOLTIPwikid.391;[This.GetTitledFirstName] will leave all factions;;;;;;;;;;;;;x
EVTDESCwikid.391;Before [From.GetSheHe] arrived on [From.GetHerHis] [From.GetProgressName], you were in opposition to [From.GetHerHis] rule, being a member of a hostile faction of [Root.GetNobleName]s. But now you've had the opportunity to talk face to face to your [From.GetRootRelation], you have been convinced  to cease your opposition and pledge loyalty to [From.GetHerHis] house.;;;;;;;;;;;;;x
EVTOPTAwikid.391;I will stand beside you [From.PrimaryTitle.GetFOA];;;;;;;;;;;;;x
EVTDESCwikid.395;You were being feasted in [faction_member.GetTitledFirstNameNoRegnal]'s [faction_member.GetHouse] and everyone was getting along well. The same could not be said for your men outside in the [faction_member.GetCapitalHolding] however. Reports have been coming in that they have been drunkenly rampaging through the area with your [ringleader.GetRootRelation] [ringleader.GetTitledFirstNameNoRegnal], harassing the local [faction_member.GetPeasantNamePlural] and causing extensive damage. [faction_member.GetTitledFirstNameNoRegnal] is furious.;;;;;;;;;;;;;x
EVTOPTAwikid.395;Well this is embarassing;;;;;;;;;;;;;x
EVTOPTBwikid.395;I will offer recompense for the damage caused;;;;;;;;;;;;;x
EVTTOOLTIPwikid.397;[faction_member.GetTitledFirstNameNoRegnal] is satisfied with your offer;;;;;;;;;;;;;x
EVTOPTCwikid.395;[faction_member.PrimaryTitle.GetFOA], I will deal with these 'men';;;;;;;;;;;;;x
EVTTOOLTIPwikid.398;You have the offending men quietly 'dealt' with, and the ringleader [ringleader.GetTitledFirstNameNoRegnal] reprimanded;;;;;;;;;;;;;x
EVTDESCwikid.396;You were feasting in your [Root.GetHouse] with your guest [From.GetTitledFirstNameNoRegnal] when an alarming report came in. Some of [From.GetTitledFirstNameNoRegnal]'s men have been drunkenly rampaging through [Root.Capital.GetName] with [ringleader.GetTitledFirstNameWithDynastyNoRegnal] as a ringleader, harassing the local [Root.GetPeasantNamePlural] and causing extensive damage. [Root.GetTitledFirstNameNoRegnal] has no explanation for this, and an argument quickly breaks out between you.;;;;;;;;;;;;;x
EVTOPTAwikid.396;This is unacceptable!;;;;;;;;;;;;;x
EVTDESCwikid.397;You were feasting in your [Root.GetHouse] with your guest [From.GetTitledFirstNameNoRegnal] when an alarming report came in. Some of [From.GetTitledFirstNameNoRegnal]'s men have been drunkenly rampaging through [Root.Capital.GetName] with [ringleader.GetTitledFirstNameWithDynastyNoRegnal] as a ringleader, harassing the local [Root.GetPeasantNamePlural] and causing extensive damage. [Root.GetTitledFirstNameNoRegnal] does not hesitate in offering compensation for the damage caused.;;;;;;;;;;;;;x
EVTOPTAwikid.397;I am satisfied with this;;;;;;;;;;;;;x
EVTDESCwikid.398;You were feasting in your [Root.GetHouse] with your guest [From.GetTitledFirstNameNoRegnal] when an alarming report came in. Some of [From.GetTitledFirstNameNoRegnal]'s men have been drunkenly rampaging through [Root.Capital.GetName] with [ringleader.GetTitledFirstNameWithDynastyNoRegnal] as a ringleader, harassing the local [Root.GetPeasantNamePlural] and causing extensive damage. In repsonse [Root.GetTitledFirstNameNoRegnal] turns over many of the men for punishment, and promises to reprimand [ringleader.GetTitledFirstNameWithDynastyNoRegnal];;;;;;;;;;;;;x
EVTOPTAwikid.398;This seems a fair resolution;;;;;;;;;;;;;x
EVTDESC_wikid.400;Despite being a threat to me, I have given [From.GetTitledFirstNameNoRegnal] and [From.GetHerHis] entourage bread, water and [Root.GetAlcoholicDrink] as guest right, so [From.GetSheHe] thinks [From.GetSheHe] is protected from harm. Now could be the perfect time to seize and capture [From.GetHerHim], whilst [From.GetHerHis] guard is down!;;;;;;;;;;;;;x
EVTOPTA_wikid.400;Yes, proceed with the plan!;;;;;;;;;;;;;x
EVTTOOLTIP_wikid.401;You attempt to kidnap [From.GetTitledFirstNameNoRegnal], in contravention of guest right;;;;;;;;;;;;;x
EVTOPTB_wikid.400;I will not dishonour myself like that;;;;;;;;;;;;;x
EVTDESCwikid.401;It was a risky move to travel to [From.Capital.GetName] to visit [From.GetTitledFirstNameNoRegnal], for it is known [From.GetSheHe] sees me as a threat. I was reassured when the feasting began, comfortable that guest right had been given. That was until me and my entourage were ambushed mid feast! Armed [From.GetReligionWarriorPlural] sprang out of nowhere to butcher many of my protectors, and to take us all away in chains!;;;;;;;;;;;;;x
EVTOPTwikid.401;This is outrageous! What of my guest right!;;;;;;;;;;;;;x
EVTDESC_wikid.402;Success! During a late night feast [From.GetTitledFirstNameNoRegnal] and [From.GetHerHis] [From.GetProgressEntourageSize] entourage were lulled into false sense of security, mainly aided by copious amounts of [Root.GetAlcoholicDrink]. When the opportune moment struck, my sober band of [Root.GetReligionWarriorPlural] sprang an ambush, butchered many of their bodyguard and took them away in chains.;;;;;;;;;;;;;x
EVTDESC_wikid.403;The right opportunity did not arise for an ambush. [From.GetTitledFirstNameNoRegnal] and [From.GetHerHis] protective [From.GetReligionWarriorPlural] were wary despite the guest right I feigned to offer. They remained sober, and could not be attacked safely.;;;;;;;;;;;;;x
EVTOPTA_wikid.403;Maybe next time;;;;;;;;;;;;;x
EVTDESC_wikid.404;Shocking news from [From.Capital.GetName]. Whilst being entertained at a feast by [From.GetTitledFirstNameWithDynastyNoRegnal] as part of a tour, [FromFrom.GetTitledFirstNameNoRegnal] and [FromFrom.GetHerHis] entourage were ambushed and taken away in chains as prisoners. All throughout the realm people are shocked at this contravention of guest right.;;;;;;;;;;;;;x
EVTOPTA_wikid.404;This is indeed shocking;;;;;;;;;;;;;x
EVTDESCwikid.411;Whilst accompanying you on tour in [tour_destination.GetName], your [entourage_lover_maker.GetRootRelation] [entourage_lover_maker.GetTitledFirstNameNoRegnal] seems to have made a very good friend. [entourage_lover_maker.GetSheHeCap] seems to get on very well with a certain [foreign_lover.GetTitledFirstNameWithDynastyNoRegnal], and now we are nearing departure they seem nigh on unseperable.;;;;;;;;;;;;;x
EVTOPTAwikid.411;How touching;;;;;;;;;;;;;x
EVTDESCwikid.416;Whilst in [tour_destination.GetName] a grave incident has occured. Your [entourage_conflict_maker.GetRootRelation] [entourage_conflict_maker.GetTitledFirstNameNoRegnal] seems to have taken a disliking to [conflict_target.GetTitledFirstNameWithDynastyNoRegnal], and during a feast hosted by [tour_destination_owner.GetTitledFirstNameWithDynastyNoRegnal] they have come to blows. This has caused damage and embarrassment to our host.;;;;;;;;;;;;;x
EVTOPTAwikid.416;I shall issue [entourage_conflict_maker.GetTitledFirstNameNoRegnal] a reprimand;;;;;;;;;;;;;x
EVTOPTBwikid.416;I don't see why I should be involved;;;;;;;;;;;;;x
EVTOPTCwikid.416;Come now everyone, let us discuss this calmly;;;;;;;;;;;;;x
EVTOPTDwikid.416;I have evidence this is [conflict_target.GetTitledFirstNameWithDynastyNoRegnal]'s fault;;;;;;;;;;;;;x
EVTDESCwikid.420;[Root.PrimaryTitle.GetFOA], [From.GetHerHisCap] [From.GetHonorific] [From.GetTitledFirstNameWithDynasty] has decided to begin a [From.GetProgressName] of the realm. [From.GetSheHeCap] and [From.GetHerHis] [From.GetProgressEntourageSizeDesc] will soon depart [From.Capital.GetName] to visit several important [From.GetNobleName]s throughout the [From.PrimaryTitle.GetFullName]. [From.GetHerHisCap] first destination will be [tour_destination.GetName], where [From.GetHerHisCap] [From.GetHonorific] shall be hosted by [tour_destination_owner.GetTitledFirstNameWithDynasty].;;;;;;;;;;;;;x
EVTOPTAwikid.420;A noble endeavor;;;;;;;;;;;;;x
EVTDESCwikid.421;After leaving the hospitality of [tour_destination_owner.GetTitledFirstNameWithDynasty] in [tour_destination.GetName], [From.GetTitledFirstNameWithDynasty]'s [From.GetProgressName] of the realm is over.;;;;;;;;;;;;;x
GetWikid311Para1_A;Under [tour_destination_owner.GetWeatherAdjective] conditions, the [Root.GetShipName] makes its way into the harbour of [tour_destination.GetName]. Your crew docks at a pier and throws the lines to men awaiting on shore. You step off the ship and into the [tour_destination_owner.GetTemperature] air of the harbour.;;;;;;;;;;;;;x
GetWikid311Para1_B;After many days on the [tour_destination_owner.GetWeatherAdjective] seas, the [Root.GetShipName] has finally made it to [tour_destination.GetName]. An honour guard of [tour_destination_owner.GetReligionWarriorPlural] and [tour_destination_owner.GetNobleName]s awaits you on the harbourside, and when you alight the [tour_destination_owner.GetMyCastellanName] greets you.;;;;;;;;;;;;;x
GetWikid311Para1_C;The captain raises the sails of the [Root.GetShipName] as the ship drifts into the [tour_destination.GetName] docks and makes berth at one of the piers. The [tour_destination_owner.GetTemperature] harbourside is busy with [tour_destination_owner.GetPeasantNamePlural] and merchants going about their business, and you can't help but notice armed [tour_destination_owner.GetReligionWarriorPlural] roam amongst them.;;;;;;;;;;;;;x
GetWikid311Para1_D;After many days travelling [tour_destination.GetThroughOver] [tour_destination_owner.GetTemperature] [tour_destination.GetTerrain], you and your entourage have made it to [tour_destination.GetName]. The [tour_destination_owner.GetReligionWarriorPlural] guarding the gates hail your coming, and allow you entry.;;;;;;;;;;;;;x
GetWikid311Para1_E;The conditions are [tour_destination_owner.GetWeatherAdjective] as [tour_destination.GetName] finally comes into view along the road. An honour guard of [tour_destination_owner.GetReligionWarriorPlural] and [tour_destination_owner.GetNobleName]s awaits you before the gates, along with the [tour_destination_owner.GetMyCastellanName] who personally greets you.;;;;;;;;;;;;;x
GetWikid311Para1_F;You and entourage pass a group of [tour_destination_owner.GetTreeRockFence]s, and [tour_destination.GetName] is sighted [tour_destination.GetInOn] the [tour_destination.GetTerrain]. You make your way through the gate and into the [tour_destination_owner.GetCapitalHolding].;;;;;;;;;;;;;x
GetWikid311Para1_G;You and your entourage have journeyed long [tour_destinationGetInOn] the [tour_destination_owner.GetTemperature] [tour_destination.GetTerrain] of [tour_destination.GetName] in search of the [tour_destination_owner.Culture.GetName] camp. Some scouts finally spot you and guide you to your destination.;;;;;;;;;;;;;x
GetWikid311Para1_H;After many days of hiking [tour_destination.GetThroughOver] [tour_destination_owner.GetTemperature] [tour_destination.GetTerrain] of [tour_destination.GetName], you and your entourage have found the [tour_destination_owner.Culture.GetName] encampment. [tour_destination_owner.GetReligionWarriorPlural] await you at the edge of the camp.;;;;;;;;;;;;;x
GetWikid311Para1_I;You fly ahead of your entourage through the [tour_destination_owner.GetWeatherAdjective] skies on [my_dragon.GetTitledFirstNameWithNick], and spot the [tour_destination_owner.GetCapitalHolding] of [tour_destination.GetName] on the [tour_destination.GetTerrain] below. You make your way down and land in the middle of the [tour_destination_owner.GetCapitalHolding].;;;;;;;;;;;;;x
GetWikid311Para1_J;[my_dragon.GetTitledFirstNameWithNick] lets out a great roar to announce your arrival as you fly over [tour_destination.GetName]. Down below you see [tour_destination_owner.GetPeasantNamePlural] and [tour_destination_owner.GetReligionWarriorPlural] alike staring in amazement as you land in the middle of the [tour_destination_owner.GetCapitalHolding].;;;;;;;;;;;;;x
GetWikid311Para2_A;The seat of [tour_destination_owner.GetTitledFirstNameWithDynastyNoRegnal], [tour_destination.Capital.GetName], appears a modest [tour_destination.Capital.GetHolding] which commands a small holding of lands around the [tour_destination_owner.GetTemperature] [tour_destination.GetProvinceFeature]. You observe that House [tour_destination_owner.GetOnlyDynastyName]'s [tour_destination_owner.GetPeasantNamePlural] consists of only a village of a dozen families in huts of piled stone.;;;;;;;;;;;;;x
GetWikid311Para2_B;You proceed to walk through [tour_destination.Capital.GetName]'s marketplace, and past a few houses and small [tour_destination.GetHouseOfWorship] into the village centre. Here there is a modest inn three stories tall with turrets and chimneys made of grey stone. Set [tour_destination.GetInOn] a [tour_destination.GetProvinceFeature], the village holdfast has thick stone walls twelve feet high, behind which the people of [tour_destination.Capital.GetName] retreat at the sign of trouble.;;;;;;;;;;;;;x
GetWikid311Para2_C;You proceed into the town, and travel along its cobbled streets to the market square. From here the [tour_destination_owner.GetCapitalHolding] of House [tour_destination_owner.GetOnlyDynastyName] that overlooks the town can be seen [tour_destination.GetInOn] a [tour_destination.GetProvinceFeature], the strong walls of which guardsmen wielding [tour_destination.GetRandomWeapon]s are patrolling. You pass the the largest inn in [tour_destination.GetName], in the vicinity of which you see numerous blacksmiths, guilds and [tour_destination.GetHouseOfWorship]s.;;;;;;;;;;;;;x
GetWikid311Para2_D;The [tour_destination.Capital.GetHolding] has high, stone walls with moss climbing up them and huge, square towers flanking the gate and walls, giving a commanding view of the surrounding [tour_destination.GetProvinceFeature]. Inside the walls you encounter a [tour_destination_owner.GetTemperature] outer ward, a keep, and a [tour_destination.GetHouseOfWorship].;;;;;;;;;;;;;x
GetWikid311Para2_E;The [tour_destination_owner.GetCapitalHolding] of the [tour_destination_owner.GetTitle] overlooks much of the surrounding [tour_destination.GetProvinceFeature]. It has impressive towers and a curtain wall that surrounds the [tour_destination_owner.GetCapitalHolding]. The walls have robust gates and portcullises. Behind the walls you find vaulted halls, covered bridges, barracks, dungeons, granaries, kennels, and stables.;;;;;;;;;;;;;x
GetWikid311Para2_F;You proceed into the city itself, which you find to be bustling with both [tour_destination_owner.GetPeasantNamePlural] and richer men. It is well-ordered, with wide cobbled streets that make it easy to walk around. Many houses are built of  stone, but you also encounter poorer, more ramshackle areas amongst a [tour_destination_owner.GetTemperature] [tour_destination.GetProvinceFeature]. You visit a market which has countless wares from [tour_destination.Kingdom.GetName] on offer, and finally head to the [tour_destination_owner.GetCapitalHolding] of House [tour_destination_owner.GetOnlyDynastyName].;;;;;;;;;;;;;x
GetWikid311Para2_G;You walk on into the city, and become almost lost in its size and grandeur. They city is ideally placed amongst a [tour_destination_owner.GetTemperature] [tour_destination.GetProvinceFeature], and seems to spread endlessly in each direction. In one district find grand [tour_destination.GetHouseOfWorship]s and the fine residences of rich [tour_destination.Culture.GetName], and in others the slums of the [tour_destination_owner.GetPeasantNamePlural]. You walk in amazement for hours before you reach the [tour_destination.Capital.GetHolding] of [tour_destination.Capital.GetName] where the [tour_destination_owner.GetTitle] resides.;;;;;;;;;;;;;x
GetWikid311Para2_H;You are allowed to travel with the [tour_destination_owner.PrimaryTitle.GetTier] with an escort of [tour_destination_owner.GetReligionWarriorPlural]. For hours the [tour_destination_owner.Culture.GetName], many hundreds strong, ride across the [tour_destination_owner.GetWeatherAdjective] [tour_destination.GetTerrain] before making camp and dusk. All this while you have been observing their customs, and have been invited to feast the night with the [tour_destination_owner.GetTitle] in  [tour_destination_owner.GetHerHis] tent.;;;;;;;;;;;;;x
GetWikid311Para2_I;You are warily invited into the encampment, on the condition of an escort of [tour_destination_owner.GetReligionWarriorPlural]. These [tour_destination_owner.Culture.GetName] live simply, with no permanent dwellings to speak of. The camp is set next to [tour_destination_owner.GetTemperature] [tour_destination.GetProvinceFeature], and is made of rough tents made of animal hide. After a time mixing with the clan, you come to learn some of its peculiarities and customs.;;;;;;;;;;;;;x
GetWikid311Para2_J;The stink in the [tour_destination_owner.GetTemperature] air as you enter the [tour_destination_owner.GetCapitalHolding] is unmistakable- death. Disease is ravaging [tour_destination.GetName], with [tour_destination_owner.GetPeasantNamePlural] barely clinging to life seen wherever you go. Bodies are already being buried in mass graves or are being burnt. Reports are that even the [tour_destination_owner.GetNobleName]s are not escaping the sickness. You rush hurridly through this all to the [tour_destination.Capital.GetHolding] of the [tour_destination_owner.GetTitle].;;;;;;;;;;;;;x
GetWikid311Para2_K;Revolt is the [tour_destination_owner.GetTemperature] air as you enter the [tour_destination_owner.GetCapitalHolding]. Angry [tour_destination_owner.GetPeasantNamePlural] are seen to be congregating next to speakers preaching about the tyranny of their rulers, and rogue [tour_destination_owner.GetReligionWarriorPlural] are prowling and harassing passers by with impunity. You quickly move to join the [tour_destination_owner.GetNobleName]s in the safety of their [tour_destination_owner.GetHouse]s.;;;;;;;;;;;;;x
GetWikid311Para2_L;Capital of the [tour_destination_owner.PrimaryTitle.GetFullName], [tour_destination.GetName] truly is a resplendent place set amongst the [tour_destination.GetProvinceFeature]. The banners of House [tour_destination_owner.GetOnlyDynastyName] flutter in the [tour_destination_owner.GetTemperature] wind all along the walls, and [tour_destination_owner.GetPeasantNamePlural] and peoples from all the realm teem in the streets. Now you will enter [tour_destination_owner.GetCapitalHolding] and meet with the [tour_destination_owner.GetTitle] [tour_destination_owner.GetHerHer]self.;;;;;;;;;;;;;x
GetWikid311Para2_M;The [tour_destination.Capital.GetHolding] seems to be thriving under the rulership of House [tour_destination_owner.GetOnlyDynastyName]. Merchants, traders, farmers and [tour_destination_owner.GetPeasantNamePlural] come in high numbers from the surrounding [tour_destination.GetProvinceFeature] to [tour_destination.GetName] to trade their wares. The inns and [tour_destination.GetHouseOfWorship]s seem full to bursting with patrons and silver.;;;;;;;;;;;;;x
GetWikid311Para2_N;The [tour_destination.Capital.GetHolding] seems to be struggling. Set in [tour_destination_owner.GetWeatherAdjective] [tour_destination.GetTerrain], you see famished and desperate [tour_destination_owner.GetPeasantNamePlural] as you walk through [tour_destination.GetName] The markets and inns are sparsely frequented, and crime and banditry seem rife. House [tour_destination_owner.GetOnlyDynastyName] do not seem to be governing well here.;;;;;;;;;;;;;x
GetWikid311Para2_O;Located amongst a [tour_destination_owner.GetTemperature] [tour_destination.GetProvinceFeature], [tour_destination.GetName] truly is a magnificent example of valyrian architecture. Made with arcane arts, many buildings are built with reshaped stone liquefied with dragonflame, which the dragonlords then used with their magic to shape the [tour_destination.Capital.GetHolding]. Dragon architecture can be found throughout [tour_destination.GetName], and you marvel at the topless towers with their decorative sphinxes.;;;;;;;;;;;;;x
GetWikid311Para2_P;Walking amongst the [tour_destination_owner.GetTemperature] [tour_destination.GetProvinceFeature] of [tour_destination.GetName], you see the land is dotted with mines from which pour gold in astonishing quantities. There are gold mines at many locations in the hinterland, which pour into the [tour_destination.Capital.GetHolding] itself. Here you observe a prospering market and populace, fed by the wealth of the mines.;;;;;;;;;;;;;x
GetWikid311Para2_Q;Walking amongst the [tour_destination_owner.GetTemperature] [tour_destination.GetProvinceFeature] of [tour_destination.GetName], you see the land is dotted with mines from which pour silver in astonishing quantities. There are silver mines at many locations in the hinterland, which pour into the [tour_destination.Capital.GetHolding] itself. Here you observe a prospering market and populace, fed by the wealth of the mines.;;;;;;;;;;;;;x
GetWikid311Para2_R;As you enter the [tour_destination.Capital.GetHolding] you can't help but notice the large volcano looming over the [tour_destination_owner.GetWeatherAdjective] [tour_destination.GetProvinceFeature]. It appears to be actively spouting red hot rock and gas which leads to a dark haze settling over [tour_destination.GetName]. The [tour_destination_owner.GetPeasantNamePlural] seem used to this however, and appear to be going about their business without paying much concern to it. Perhaps beneath the volcano are rich deposits of dragonglass?;;;;;;;;;;;;;x
GetWikid311Para2_S;As you progress through the [tour_destination.Capital.GetHolding] you see [tour_destination.GetName] is host to numerous rich guilds, merchants, inns and [tour_destination.GetHouseOfWorship]s. The most notable structure is the impressive fortified bank building in the centre of the [tour_destination.Capital.GetHolding]. Here is housed a rich and powerful bank, which employs many sons of powerful merchants and [tour_destination_owner.GetNobleName]s. You are given a tour by an envoy, and are impressed by its ornate decor and robust vaults.;;;;;;;;;;;;;x
GetWikid311Para3_A;You finally arrive to your friend [tour_destination_owner.GetTitledFirstNameNoRegnal], and after a formal introduction, [tour_destination_owner.GetSheHe] invites you into [tour_destination_owner.GetHerHis] [tour_destination_owner.GetChamber]. Once through the [tour_destination_owner.GetChamberOpening] you give eachother a warm embrace, and like old times finally settle down with some [tour_destination_owner.GetAlcoholicDrink] to discuss [tour_destination_owner.GetRootMatchingPersonalityStreak].;;;;;;;;;;;;;x
GetWikid311Para3_B;When you arrive at [tour_destination_owner.GetHerHis] [tour_destination_owner.GetCapitalHolding], [tour_destination_owner.GetTitledFirstNameNoRegnal] gives you a formal greeting, but [tour_destination_owner.GetHerHis] [tour_destination_owner.GetFaceDescription] face can barely hide the contempt. You give an equally demeaning stare back, and with little word you are escorted by [tour_destination_owner.GetReligionWarriorPlural] to your quarters.;;;;;;;;;;;;;x
GetWikid311Para3_C;You have been dying to reach the [tour_destination_owner.GetCapitalHolding] where your love resides. [tour_destination_owner.GetTitledFirstNameNoRegnal] greets you, and you warmly discuss [tour_destination_owner.GetRootMatchingPersonalityStreak]. But when you are finally left alone in [tour_destination_owner.GetHerHis] [tour_destination_owner.GetChamber] you quickly fall into eachothers arms in a passionate embrace...;;;;;;;;;;;;;x
GetWikid311Para3_D;When you reach the [tour_destination_owner.GetCapitalHolding] you are greeted by your [tour_destination_owner.GetHusbandWife] and a befitting party of [tour_destination_owner.GetReligionWarriorPlural] and [tour_destination_owner.GetNobleName]s. You and [tour_destination_owner.GetTitledFirstNameNoRegnal] embrace, and move to [tour_destination_owner.GetHerHis] [tour_destination_owner.GetChamber] where you discuss [tour_destination_owner.GetRootMatchingPersonalityStreak].;;;;;;;;;;;;;x
GetWikid311Para3_E;When you reach the [tour_destination_owner.GetCapitalHolding] you are greeted by your [tour_destination_owner.GetRootRelation] and a party of [tour_destination_owner.GetOnlyDynastyName] [tour_destination_owner.GetReligionWarriorPlural]. [tour_destination_owner.GetTitledFirstNameNoRegnal] asks after my [Root.GetMatterOfImportance] and I enquire about [tour_destination_owner.GetHerHis] [tour_destination_owner.GetMatterOfImportance], and [tour_destination_owner.GetSheHe] then invites me in to show me to my quarters.;;;;;;;;;;;;;x
GetWikid311Para3_F;You arrive at the [tour_destination_owner.GetCapitalHolding] and are given a befitting welcome by [tour_destination_owner.GetTitledFirstNameWithDynastyNoRegnal] and large party of [tour_destination_owner.GetReligionWarriorPlural] and [tour_destination_owner.GetNobleName]s. [tour_destination_owner.GetTitledFirstNameNoRegnal] enthusiastically shakes your hand, asks after your [Root.GetMatterOfImportance] and offers you [tour_destination_owner.GetAlcoholicDrink], after which [tour_destination_owner.GetSheHe] invites you to a large feast in your honour.;;;;;;;;;;;;;x
GetWikid311Para3_G;When you reach the [tour_destination_owner.GetCapitalHolding] you are met by [tour_destination_owner.GetTitledFirstNameNoRegnal], who gives you a formal greeting. You are invited inside as a guest of House [tour_destination_owner.GetOnlyDynastyName], and whilst being given a tour you and the [tour_destination_owner.GetAgeAdjective] [tour_destination_owner.GetTitle] politely discuss [tour_destination_owner.GetRootMatchingPersonalityStreak].;;;;;;;;;;;;;x
GetWikid311Para3_H;You finally enter [tour_destination_owner.GetTitledFirstNameWithDynastyNoRegnal]'s [tour_destination_owner.GetCapitalHolding], and are welcomed by the [tour_destination_owner.GetMyCastellanName] and a party of [tour_destination_owner.GetReligionWarriorPlural]. You are escorted to [tour_destination_owner.GetTitledFirstNameNoRegnal], who courteously grants you bread, water and shelter. You in turn thank [tour_destination_owner.GetHerHis] [tour_destination_owner.GetHonorific], and ask after [tour_destination_owner.GetHerHis] [tour_destination_owner.GetMatterOfImportance].;;;;;;;;;;;;;x
GetWikid311Para3_I;You are made to wait to enter the [tour_destination_owner.GetCapitalHolding], and when you finally gain entry only a small party of [tour_destination_owner.GetReligionWarriorPlural] awaits you. You are led to [tour_destination_owner.GetTitledFirstNameWithDynastyNoRegnal] who give you a stiff welcome and grudingly offers guest right. You give a cursory thanks, and then the [tour_destination_owner.GetFaceDescription] [tour_destination_owner.GetGirlWomanBoyMan] dismisses you from [tour_destination_owner.GetHerHis] presence.;;;;;;;;;;;;;x
GetWikid311Para3_J;You gain entry into [tour_destination_owner.GetTitledFirstNameWithDynastyNoRegnal]'s [tour_destination_owner.GetCapitalHolding], and come to find a party of [tour_destination_owner.Culture.GetName] [tour_destination_owner.GetReligionWarriorPlural] in queer garments awaiting you. You are introduced to [tour_destination_owner.GetTitledFirstNameNoRegnal], and you try to enquiry about [tour_destination_owner.GetHerHis] [tour_destination_owner.GetMatterOfImportance]. But [tour_destination_owner.GetSheHe] only speaks [tour_destination_owner.GetSpokenLanguage], and so merely smiles, nods and gestures a sign of welcome.;;;;;;;;;;;;;x
GetWikid311Para3_K;A guard of honour welcomes you as you enter the [tour_destination_owner.GetCapitalHolding]. [tour_destination_owner.GetReligionWarriorPlural] and [tour_destination_owner.GetNobleName]s in their finest attire stand in line to salute you, and countless [Root.GetOnlyDynastyName] banners adorn the [tour_destination_owner.GetCapitalHolding], with the words '[Root.GetHouseWords]' also emblazened on large banners. [tour_destination_owner.GetTitledFirstNameWithDynastyNoRegnal] heartily welcomes you, and you warmly discuss [tour_destination_owner.GetRootMatchingPersonalityStreak] as you enter.;;;;;;;;;;;;;x
EVTOPTJwikid.295;I will investigate the strange black stone;;;;;;;;;;;;;x
TOOLTIPwikid.296G;You start a tour of §YStrange Black Stone§!, found all over the known world\nThis will be a §Rlong§! tour;;;;;;;;;;;;;x
EVTDESCwikid.306BATTLEISLE;The great square fortress which serves as the foundation for the famous Hightower is known to predate the upper levels by thousands of years. Made of a strange fused black stone, what is not known is who built it and why. Dating back to the Dawn Age, the mysterious stone fortress on Battle Isle is an enigma to historians and scholars. There are those who believe it was built by ancient Valyrian Dragonlords who traveled to Westeros for unkown reasons long before the rise of the Freehold. However others note the similarity between this and other strange black stone objects found aound the world and suggest there may be more to the story.;;;;;;;;;;;;;x
EVTDESCwikid.306SEASTONECHAIR;The Seastone Chair, the throne of House Greyjoy is an ancient and it's true origins are unkown.  Carved into the shape of a kraken and made of a strange oily black stone, legends claim that the first men to arrive on the Iron Islands found it there before them.  There are others among the Ironborn who believe that their race is in fact descended from the half human offspring of a strange race of undersea creatures known as the Deep Ones from where the legends of merlings and selkies arise. ;;;;;;;;;;;;;x
EVTDESCwikid.306MAZEMAKERS;Bleak and stony, in ancient days the Lorathi isles where home to a mysterious race of men known as the Mazemakers.  Not much is known about this vanished people, all that is left behind are their large stone mazes found all over the Lorathi isles and one known on mainland Essos.  Their bones tell us they were larger than average men but not so large giants but who they were and why they built their great mazes remains lost to time.  The legends claim they were destroyed by enemies from the sea, merlings in some versions, selkies and walrus-men in others.;;;;;;;;;;;;;x
EVTDESCwikid.306TOADISLE;In the Basilisk Isles on the Isle of Toads stands the mysterious Toad Stone. An ancient idol some forty feet high of unkown origins, carved out of a single block of oily black stone into the likeness of a giant toad of malignant aspect. No one knows the true origin of this enigmatic idol, however some claim the natives of the island are descended from the ancient race that carved it for they have an unpleasant fish like appearance and many of them have webbed hands and feet.;;;;;;;;;;;;;x
EVTDESCwikid.306YEEN;On the mysterious continent of Sothoryos lies the ancient cyclopean ruins of Yeen. Ancient beyond knowing and made out massive blocks of oily black stone each so large they would take dozens of elephants to move. Scholars have long debated the origins of this mysterious city which though it has been a desolation for thousands of years, remains untouched by the encroaching jungle that surrounds it. Throughout history many attempts have been made to repair or colonize the ruins, yet each attempt has met with failure and horror.;;;;;;;;;;;;;x
EVTDESCwikid.306ASSHAI;Easternmost and southernmost of the great cities of the world, Asshai by the Shadow stands at the edge of our knowledge.  Even the Asshai'i themselves do not claim to know the origins of their city, saying only that a city has stood there since the world began and will stand there until it ends.  The entire city is built out of a strange black stone said to have a greasy and unpleasant feel to it and to drink in the light causing even the brightest summer days to appear grey and gloomy in Asshai.  A grim and silent city where animals perish, there are no children to be found and all manner of black magic is practised, the secrets of Asshai and the Shadow it would seem are destined to be forever beyond our reach.;;;;;;;;;;;;;x
EVTDESCwikid.306THOUSAND;Northermost and easternmost of the known world lies the Thousand Isles. A sea-girth scatter of bleak and windswept rocks that legends claim are the remains of a drowned kingdom whose towns and towers were submerged beneath the waves thousands of years ago. The natives of these islands are a strange hairless people with green tinged skin who file their teeth into razor sharp points. As the tides receed the statues of their strange fish headed gods appear to rise out of the oceans. Although surrounded by the sea, these strange people fear it so much that they will not set foot in the water even under threat of death.;;;;;;;;;;;;;x
